Copyright 1986-2022 Xilinx, Inc. All Rights Reserved. Copyright 2022-2025 Advanced Micro Devices, Inc. All Rights Reserved.
-----------------------------------------------------------------------------------------------------------------------------------------------------------------------------------------------------------------------
| Tool Version : Vivado v.2025.2 (win64) Build 6299465 Fri Nov 14 19:35:11 GMT 2025
| Date         : Sat Oct  3 16:32:39 2026
| Host         : loverlike running 64-bit major release  (build 9200)
| Command      : report_timing -max_paths 20 -nworst 1 -path_type full_clock_expanded -input_pins -file E:/Codex_project/AMD-SonoField-FPGA/v2/evidence/pre_pcb_board_ready/timing/strategy3/placed/critical_paths.rpt
| Design       : sono_axi_system
| Device       : 7z020-clg400
| Speed File   : -1  PRODUCTION 1.12 2019-11-22
| Design State : Fully Placed
-----------------------------------------------------------------------------------------------------------------------------------------------------------------------------------------------------------------------

Timing Report

Slack (VIOLATED) :        -0.106ns  (required time - arrival time)
  Source:                 native_system/digital/cfg_reg[9][12]/C
                            (rising edge-triggered cell FDCE clocked by core132  {rise@0.000ns fall@3.788ns period=7.576ns})
  Destination:            native_system/digital/scheduler/issued_reg[2]/CE
                            (rising edge-triggered cell FDCE clocked by core132  {rise@0.000ns fall@3.788ns period=7.576ns})
  Path Group:             core132
  Path Type:              Setup (Max at Slow Process Corner)
  Requirement:            7.576ns  (core132 rise@7.576ns - core132 rise@0.000ns)
  Data Path Delay:        7.393ns  (logic 2.561ns (34.641%)  route 4.832ns (65.359%))
  Logic Levels:           10  (CARRY4=3 LUT2=1 LUT3=1 LUT4=2 LUT6=3)
  Clock Path Skew:        -0.049ns (DCD - SCD + CPR)
    Destination Clock Delay (DCD):    0.924ns = ( 8.500 - 7.576 ) 
    Source Clock Delay      (SCD):    0.973ns
    Clock Pessimism Removal (CPR):    0.000ns
  Clock Uncertainty:      0.035ns  ((TSJ^2 + TIJ^2)^1/2 + DJ) / 2 + PE
    Total System Jitter     (TSJ):    0.071ns
    Total Input Jitter      (TIJ):    0.000ns
    Discrete Jitter          (DJ):    0.000ns
    Phase Error              (PE):    0.000ns

    Location             Delay type                Incr(ns)  Path(ns)    Netlist Resource(s)
  -------------------------------------------------------------------    -------------------
                         (clock core132 rise edge)    0.000     0.000 r  
                                                      0.000     0.000 r  clk (IN)
                         net (fo=17925, unset)        0.973     0.973    native_system/digital/clk
    SLICE_X42Y91         FDCE                                         r  native_system/digital/cfg_reg[9][12]/C
  -------------------------------------------------------------------    -------------------
    SLICE_X42Y91         FDCE (Prop_fdce_C_Q)         0.518     1.491 r  native_system/digital/cfg_reg[9][12]/Q
                         net (fo=5, estimated)        0.851     2.342    native_system/digital/scheduler/total_reg[31]_0[12]
    SLICE_X42Y92                                                      r  native_system/digital/scheduler/total[15]_i_4/I0
    SLICE_X42Y92         LUT3 (Prop_lut3_I0_O)        0.124     2.466 r  native_system/digital/scheduler/total[15]_i_4/O
                         net (fo=2, estimated)        0.470     2.936    native_system/digital/scheduler/total[15]_i_4_n_0
    SLICE_X44Y92                                                      r  native_system/digital/scheduler/total[15]_i_8/I3
    SLICE_X44Y92         LUT4 (Prop_lut4_I3_O)        0.124     3.060 r  native_system/digital/scheduler/total[15]_i_8/O
                         net (fo=1, routed)           0.000     3.060    native_system/digital/scheduler/total[15]_i_8_n_0
    SLICE_X44Y92                                                      r  native_system/digital/scheduler/total_reg[15]_i_1/S[1]
    SLICE_X44Y92         CARRY4 (Prop_carry4_S[1]_CO[3])
                                                      0.550     3.610 r  native_system/digital/scheduler/total_reg[15]_i_1/CO[3]
                         net (fo=1, estimated)        0.000     3.610    native_system/digital/scheduler/total_reg[15]_i_1_n_0
    SLICE_X44Y93                                                      r  native_system/digital/scheduler/total_reg[19]_i_1/CI
    SLICE_X44Y93         CARRY4 (Prop_carry4_CI_CO[3])
                                                      0.114     3.724 r  native_system/digital/scheduler/total_reg[19]_i_1/CO[3]
                         net (fo=1, estimated)        0.000     3.724    native_system/digital/scheduler/total_reg[19]_i_1_n_0
    SLICE_X44Y94                                                      r  native_system/digital/scheduler/total_reg[23]_i_1/CI
    SLICE_X44Y94         CARRY4 (Prop_carry4_CI_O[3])
                                                      0.329     4.053 f  native_system/digital/scheduler/total_reg[23]_i_1/O[3]
                         net (fo=2, estimated)        1.039     5.092    native_system/digital/scheduler/total_reg[23]_i_1_n_4
    SLICE_X44Y88                                                      f  native_system/digital/scheduler/capture_sequence[7]_i_18/I3
    SLICE_X44Y88         LUT4 (Prop_lut4_I3_O)        0.306     5.398 f  native_system/digital/scheduler/capture_sequence[7]_i_18/O
                         net (fo=1, estimated)        0.413     5.811    native_system/digital/scheduler/capture_sequence[7]_i_18_n_0
    SLICE_X45Y87                                                      f  native_system/digital/scheduler/capture_sequence[7]_i_8/I1
    SLICE_X45Y87         LUT6 (Prop_lut6_I1_O)        0.124     5.935 f  native_system/digital/scheduler/capture_sequence[7]_i_8/O
                         net (fo=1, estimated)        0.396     6.331    native_system/digital/adc/spi/selected_tx_reg[0]
    SLICE_X47Y88                                                      f  native_system/digital/adc/spi/capture_sequence[7]_i_5/I1
    SLICE_X47Y88         LUT6 (Prop_lut6_I1_O)        0.124     6.455 f  native_system/digital/adc/spi/capture_sequence[7]_i_5/O
                         net (fo=6, estimated)        0.325     6.780    native_system/digital/scheduler/state1
    SLICE_X47Y88                                                      f  native_system/digital/scheduler/capture_sequence[7]_i_1/I4
    SLICE_X47Y88         LUT6 (Prop_lut6_I4_O)        0.124     6.904 r  native_system/digital/scheduler/capture_sequence[7]_i_1/O
                         net (fo=17, estimated)       0.790     7.694    native_system/digital/scheduler/capture_sequence[7]_i_1_n_0
    SLICE_X47Y89                                                      r  native_system/digital/scheduler/issued[31]_i_1/I0
    SLICE_X47Y89         LUT2 (Prop_lut2_I0_O)        0.124     7.818 r  native_system/digital/scheduler/issued[31]_i_1/O
                         net (fo=32, estimated)       0.548     8.366    native_system/digital/scheduler/issued[0]
    SLICE_X43Y88         FDCE                                         r  native_system/digital/scheduler/issued_reg[2]/CE
  -------------------------------------------------------------------    -------------------

                         (clock core132 rise edge)    7.576     7.576 r  
                                                      0.000     7.576 r  clk (IN)
                         net (fo=17925, unset)        0.924     8.500    native_system/digital/scheduler/clk
    SLICE_X43Y88         FDCE                                         r  native_system/digital/scheduler/issued_reg[2]/C
                         clock pessimism              0.000     8.500    
                         clock uncertainty           -0.035     8.465    
    SLICE_X43Y88         FDCE (Setup_fdce_C_CE)      -0.205     8.260    native_system/digital/scheduler/issued_reg[2]
  -------------------------------------------------------------------
                         required time                          8.260    
                         arrival time                          -8.366    
  -------------------------------------------------------------------
                         slack                                 -0.106    

Slack (VIOLATED) :        -0.106ns  (required time - arrival time)
  Source:                 native_system/digital/cfg_reg[9][12]/C
                            (rising edge-triggered cell FDCE clocked by core132  {rise@0.000ns fall@3.788ns period=7.576ns})
  Destination:            native_system/digital/scheduler/issued_reg[3]/CE
                            (rising edge-triggered cell FDCE clocked by core132  {rise@0.000ns fall@3.788ns period=7.576ns})
  Path Group:             core132
  Path Type:              Setup (Max at Slow Process Corner)
  Requirement:            7.576ns  (core132 rise@7.576ns - core132 rise@0.000ns)
  Data Path Delay:        7.393ns  (logic 2.561ns (34.641%)  route 4.832ns (65.359%))
  Logic Levels:           10  (CARRY4=3 LUT2=1 LUT3=1 LUT4=2 LUT6=3)
  Clock Path Skew:        -0.049ns (DCD - SCD + CPR)
    Destination Clock Delay (DCD):    0.924ns = ( 8.500 - 7.576 ) 
    Source Clock Delay      (SCD):    0.973ns
    Clock Pessimism Removal (CPR):    0.000ns
  Clock Uncertainty:      0.035ns  ((TSJ^2 + TIJ^2)^1/2 + DJ) / 2 + PE
    Total System Jitter     (TSJ):    0.071ns
    Total Input Jitter      (TIJ):    0.000ns
    Discrete Jitter          (DJ):    0.000ns
    Phase Error              (PE):    0.000ns

    Location             Delay type                Incr(ns)  Path(ns)    Netlist Resource(s)
  -------------------------------------------------------------------    -------------------
                         (clock core132 rise edge)    0.000     0.000 r  
                                                      0.000     0.000 r  clk (IN)
                         net (fo=17925, unset)        0.973     0.973    native_system/digital/clk
    SLICE_X42Y91         FDCE                                         r  native_system/digital/cfg_reg[9][12]/C
  -------------------------------------------------------------------    -------------------
    SLICE_X42Y91         FDCE (Prop_fdce_C_Q)         0.518     1.491 r  native_system/digital/cfg_reg[9][12]/Q
                         net (fo=5, estimated)        0.851     2.342    native_system/digital/scheduler/total_reg[31]_0[12]
    SLICE_X42Y92                                                      r  native_system/digital/scheduler/total[15]_i_4/I0
    SLICE_X42Y92         LUT3 (Prop_lut3_I0_O)        0.124     2.466 r  native_system/digital/scheduler/total[15]_i_4/O
                         net (fo=2, estimated)        0.470     2.936    native_system/digital/scheduler/total[15]_i_4_n_0
    SLICE_X44Y92                                                      r  native_system/digital/scheduler/total[15]_i_8/I3
    SLICE_X44Y92         LUT4 (Prop_lut4_I3_O)        0.124     3.060 r  native_system/digital/scheduler/total[15]_i_8/O
                         net (fo=1, routed)           0.000     3.060    native_system/digital/scheduler/total[15]_i_8_n_0
    SLICE_X44Y92                                                      r  native_system/digital/scheduler/total_reg[15]_i_1/S[1]
    SLICE_X44Y92         CARRY4 (Prop_carry4_S[1]_CO[3])
                                                      0.550     3.610 r  native_system/digital/scheduler/total_reg[15]_i_1/CO[3]
                         net (fo=1, estimated)        0.000     3.610    native_system/digital/scheduler/total_reg[15]_i_1_n_0
    SLICE_X44Y93                                                      r  native_system/digital/scheduler/total_reg[19]_i_1/CI
    SLICE_X44Y93         CARRY4 (Prop_carry4_CI_CO[3])
                                                      0.114     3.724 r  native_system/digital/scheduler/total_reg[19]_i_1/CO[3]
                         net (fo=1, estimated)        0.000     3.724    native_system/digital/scheduler/total_reg[19]_i_1_n_0
    SLICE_X44Y94                                                      r  native_system/digital/scheduler/total_reg[23]_i_1/CI
    SLICE_X44Y94         CARRY4 (Prop_carry4_CI_O[3])
                                                      0.329     4.053 f  native_system/digital/scheduler/total_reg[23]_i_1/O[3]
                         net (fo=2, estimated)        1.039     5.092    native_system/digital/scheduler/total_reg[23]_i_1_n_4
    SLICE_X44Y88                                                      f  native_system/digital/scheduler/capture_sequence[7]_i_18/I3
    SLICE_X44Y88         LUT4 (Prop_lut4_I3_O)        0.306     5.398 f  native_system/digital/scheduler/capture_sequence[7]_i_18/O
                         net (fo=1, estimated)        0.413     5.811    native_system/digital/scheduler/capture_sequence[7]_i_18_n_0
    SLICE_X45Y87                                                      f  native_system/digital/scheduler/capture_sequence[7]_i_8/I1
    SLICE_X45Y87         LUT6 (Prop_lut6_I1_O)        0.124     5.935 f  native_system/digital/scheduler/capture_sequence[7]_i_8/O
                         net (fo=1, estimated)        0.396     6.331    native_system/digital/adc/spi/selected_tx_reg[0]
    SLICE_X47Y88                                                      f  native_system/digital/adc/spi/capture_sequence[7]_i_5/I1
    SLICE_X47Y88         LUT6 (Prop_lut6_I1_O)        0.124     6.455 f  native_system/digital/adc/spi/capture_sequence[7]_i_5/O
                         net (fo=6, estimated)        0.325     6.780    native_system/digital/scheduler/state1
    SLICE_X47Y88                                                      f  native_system/digital/scheduler/capture_sequence[7]_i_1/I4
    SLICE_X47Y88         LUT6 (Prop_lut6_I4_O)        0.124     6.904 r  native_system/digital/scheduler/capture_sequence[7]_i_1/O
                         net (fo=17, estimated)       0.790     7.694    native_system/digital/scheduler/capture_sequence[7]_i_1_n_0
    SLICE_X47Y89                                                      r  native_system/digital/scheduler/issued[31]_i_1/I0
    SLICE_X47Y89         LUT2 (Prop_lut2_I0_O)        0.124     7.818 r  native_system/digital/scheduler/issued[31]_i_1/O
                         net (fo=32, estimated)       0.548     8.366    native_system/digital/scheduler/issued[0]
    SLICE_X43Y88         FDCE                                         r  native_system/digital/scheduler/issued_reg[3]/CE
  -------------------------------------------------------------------    -------------------

                         (clock core132 rise edge)    7.576     7.576 r  
                                                      0.000     7.576 r  clk (IN)
                         net (fo=17925, unset)        0.924     8.500    native_system/digital/scheduler/clk
    SLICE_X43Y88         FDCE                                         r  native_system/digital/scheduler/issued_reg[3]/C
                         clock pessimism              0.000     8.500    
                         clock uncertainty           -0.035     8.465    
    SLICE_X43Y88         FDCE (Setup_fdce_C_CE)      -0.205     8.260    native_system/digital/scheduler/issued_reg[3]
  -------------------------------------------------------------------
                         required time                          8.260    
                         arrival time                          -8.366    
  -------------------------------------------------------------------
                         slack                                 -0.106    

Slack (VIOLATED) :        -0.104ns  (required time - arrival time)
  Source:                 native_system/digital/cfg_reg[9][12]/C
                            (rising edge-triggered cell FDCE clocked by core132  {rise@0.000ns fall@3.788ns period=7.576ns})
  Destination:            native_system/digital/scheduler/issued_reg[18]/CE
                            (rising edge-triggered cell FDCE clocked by core132  {rise@0.000ns fall@3.788ns period=7.576ns})
  Path Group:             core132
  Path Type:              Setup (Max at Slow Process Corner)
  Requirement:            7.576ns  (core132 rise@7.576ns - core132 rise@0.000ns)
  Data Path Delay:        7.391ns  (logic 2.561ns (34.650%)  route 4.830ns (65.350%))
  Logic Levels:           10  (CARRY4=3 LUT2=1 LUT3=1 LUT4=2 LUT6=3)
  Clock Path Skew:        -0.049ns (DCD - SCD + CPR)
    Destination Clock Delay (DCD):    0.924ns = ( 8.500 - 7.576 ) 
    Source Clock Delay      (SCD):    0.973ns
    Clock Pessimism Removal (CPR):    0.000ns
  Clock Uncertainty:      0.035ns  ((TSJ^2 + TIJ^2)^1/2 + DJ) / 2 + PE
    Total System Jitter     (TSJ):    0.071ns
    Total Input Jitter      (TIJ):    0.000ns
    Discrete Jitter          (DJ):    0.000ns
    Phase Error              (PE):    0.000ns

    Location             Delay type                Incr(ns)  Path(ns)    Netlist Resource(s)
  -------------------------------------------------------------------    -------------------
                         (clock core132 rise edge)    0.000     0.000 r  
                                                      0.000     0.000 r  clk (IN)
                         net (fo=17925, unset)        0.973     0.973    native_system/digital/clk
    SLICE_X42Y91         FDCE                                         r  native_system/digital/cfg_reg[9][12]/C
  -------------------------------------------------------------------    -------------------
    SLICE_X42Y91         FDCE (Prop_fdce_C_Q)         0.518     1.491 r  native_system/digital/cfg_reg[9][12]/Q
                         net (fo=5, estimated)        0.851     2.342    native_system/digital/scheduler/total_reg[31]_0[12]
    SLICE_X42Y92                                                      r  native_system/digital/scheduler/total[15]_i_4/I0
    SLICE_X42Y92         LUT3 (Prop_lut3_I0_O)        0.124     2.466 r  native_system/digital/scheduler/total[15]_i_4/O
                         net (fo=2, estimated)        0.470     2.936    native_system/digital/scheduler/total[15]_i_4_n_0
    SLICE_X44Y92                                                      r  native_system/digital/scheduler/total[15]_i_8/I3
    SLICE_X44Y92         LUT4 (Prop_lut4_I3_O)        0.124     3.060 r  native_system/digital/scheduler/total[15]_i_8/O
                         net (fo=1, routed)           0.000     3.060    native_system/digital/scheduler/total[15]_i_8_n_0
    SLICE_X44Y92                                                      r  native_system/digital/scheduler/total_reg[15]_i_1/S[1]
    SLICE_X44Y92         CARRY4 (Prop_carry4_S[1]_CO[3])
                                                      0.550     3.610 r  native_system/digital/scheduler/total_reg[15]_i_1/CO[3]
                         net (fo=1, estimated)        0.000     3.610    native_system/digital/scheduler/total_reg[15]_i_1_n_0
    SLICE_X44Y93                                                      r  native_system/digital/scheduler/total_reg[19]_i_1/CI
    SLICE_X44Y93         CARRY4 (Prop_carry4_CI_CO[3])
                                                      0.114     3.724 r  native_system/digital/scheduler/total_reg[19]_i_1/CO[3]
                         net (fo=1, estimated)        0.000     3.724    native_system/digital/scheduler/total_reg[19]_i_1_n_0
    SLICE_X44Y94                                                      r  native_system/digital/scheduler/total_reg[23]_i_1/CI
    SLICE_X44Y94         CARRY4 (Prop_carry4_CI_O[3])
                                                      0.329     4.053 f  native_system/digital/scheduler/total_reg[23]_i_1/O[3]
                         net (fo=2, estimated)        1.039     5.092    native_system/digital/scheduler/total_reg[23]_i_1_n_4
    SLICE_X44Y88                                                      f  native_system/digital/scheduler/capture_sequence[7]_i_18/I3
    SLICE_X44Y88         LUT4 (Prop_lut4_I3_O)        0.306     5.398 f  native_system/digital/scheduler/capture_sequence[7]_i_18/O
                         net (fo=1, estimated)        0.413     5.811    native_system/digital/scheduler/capture_sequence[7]_i_18_n_0
    SLICE_X45Y87                                                      f  native_system/digital/scheduler/capture_sequence[7]_i_8/I1
    SLICE_X45Y87         LUT6 (Prop_lut6_I1_O)        0.124     5.935 f  native_system/digital/scheduler/capture_sequence[7]_i_8/O
                         net (fo=1, estimated)        0.396     6.331    native_system/digital/adc/spi/selected_tx_reg[0]
    SLICE_X47Y88                                                      f  native_system/digital/adc/spi/capture_sequence[7]_i_5/I1
    SLICE_X47Y88         LUT6 (Prop_lut6_I1_O)        0.124     6.455 f  native_system/digital/adc/spi/capture_sequence[7]_i_5/O
                         net (fo=6, estimated)        0.325     6.780    native_system/digital/scheduler/state1
    SLICE_X47Y88                                                      f  native_system/digital/scheduler/capture_sequence[7]_i_1/I4
    SLICE_X47Y88         LUT6 (Prop_lut6_I4_O)        0.124     6.904 r  native_system/digital/scheduler/capture_sequence[7]_i_1/O
                         net (fo=17, estimated)       0.790     7.694    native_system/digital/scheduler/capture_sequence[7]_i_1_n_0
    SLICE_X47Y89                                                      r  native_system/digital/scheduler/issued[31]_i_1/I0
    SLICE_X47Y89         LUT2 (Prop_lut2_I0_O)        0.124     7.818 r  native_system/digital/scheduler/issued[31]_i_1/O
                         net (fo=32, estimated)       0.546     8.364    native_system/digital/scheduler/issued[0]
    SLICE_X47Y90         FDCE                                         r  native_system/digital/scheduler/issued_reg[18]/CE
  -------------------------------------------------------------------    -------------------

                         (clock core132 rise edge)    7.576     7.576 r  
                                                      0.000     7.576 r  clk (IN)
                         net (fo=17925, unset)        0.924     8.500    native_system/digital/scheduler/clk
    SLICE_X47Y90         FDCE                                         r  native_system/digital/scheduler/issued_reg[18]/C
                         clock pessimism              0.000     8.500    
                         clock uncertainty           -0.035     8.465    
    SLICE_X47Y90         FDCE (Setup_fdce_C_CE)      -0.205     8.260    native_system/digital/scheduler/issued_reg[18]
  -------------------------------------------------------------------
                         required time                          8.260    
                         arrival time                          -8.364    
  -------------------------------------------------------------------
                         slack                                 -0.104    

Slack (VIOLATED) :        -0.104ns  (required time - arrival time)
  Source:                 native_system/digital/cfg_reg[9][12]/C
                            (rising edge-triggered cell FDCE clocked by core132  {rise@0.000ns fall@3.788ns period=7.576ns})
  Destination:            native_system/digital/scheduler/issued_reg[19]/CE
                            (rising edge-triggered cell FDCE clocked by core132  {rise@0.000ns fall@3.788ns period=7.576ns})
  Path Group:             core132
  Path Type:              Setup (Max at Slow Process Corner)
  Requirement:            7.576ns  (core132 rise@7.576ns - core132 rise@0.000ns)
  Data Path Delay:        7.391ns  (logic 2.561ns (34.650%)  route 4.830ns (65.350%))
  Logic Levels:           10  (CARRY4=3 LUT2=1 LUT3=1 LUT4=2 LUT6=3)
  Clock Path Skew:        -0.049ns (DCD - SCD + CPR)
    Destination Clock Delay (DCD):    0.924ns = ( 8.500 - 7.576 ) 
    Source Clock Delay      (SCD):    0.973ns
    Clock Pessimism Removal (CPR):    0.000ns
  Clock Uncertainty:      0.035ns  ((TSJ^2 + TIJ^2)^1/2 + DJ) / 2 + PE
    Total System Jitter     (TSJ):    0.071ns
    Total Input Jitter      (TIJ):    0.000ns
    Discrete Jitter          (DJ):    0.000ns
    Phase Error              (PE):    0.000ns

    Location             Delay type                Incr(ns)  Path(ns)    Netlist Resource(s)
  -------------------------------------------------------------------    -------------------
                         (clock core132 rise edge)    0.000     0.000 r  
                                                      0.000     0.000 r  clk (IN)
                         net (fo=17925, unset)        0.973     0.973    native_system/digital/clk
    SLICE_X42Y91         FDCE                                         r  native_system/digital/cfg_reg[9][12]/C
  -------------------------------------------------------------------    -------------------
    SLICE_X42Y91         FDCE (Prop_fdce_C_Q)         0.518     1.491 r  native_system/digital/cfg_reg[9][12]/Q
                         net (fo=5, estimated)        0.851     2.342    native_system/digital/scheduler/total_reg[31]_0[12]
    SLICE_X42Y92                                                      r  native_system/digital/scheduler/total[15]_i_4/I0
    SLICE_X42Y92         LUT3 (Prop_lut3_I0_O)        0.124     2.466 r  native_system/digital/scheduler/total[15]_i_4/O
                         net (fo=2, estimated)        0.470     2.936    native_system/digital/scheduler/total[15]_i_4_n_0
    SLICE_X44Y92                                                      r  native_system/digital/scheduler/total[15]_i_8/I3
    SLICE_X44Y92         LUT4 (Prop_lut4_I3_O)        0.124     3.060 r  native_system/digital/scheduler/total[15]_i_8/O
                         net (fo=1, routed)           0.000     3.060    native_system/digital/scheduler/total[15]_i_8_n_0
    SLICE_X44Y92                                                      r  native_system/digital/scheduler/total_reg[15]_i_1/S[1]
    SLICE_X44Y92         CARRY4 (Prop_carry4_S[1]_CO[3])
                                                      0.550     3.610 r  native_system/digital/scheduler/total_reg[15]_i_1/CO[3]
                         net (fo=1, estimated)        0.000     3.610    native_system/digital/scheduler/total_reg[15]_i_1_n_0
    SLICE_X44Y93                                                      r  native_system/digital/scheduler/total_reg[19]_i_1/CI
    SLICE_X44Y93         CARRY4 (Prop_carry4_CI_CO[3])
                                                      0.114     3.724 r  native_system/digital/scheduler/total_reg[19]_i_1/CO[3]
                         net (fo=1, estimated)        0.000     3.724    native_system/digital/scheduler/total_reg[19]_i_1_n_0
    SLICE_X44Y94                                                      r  native_system/digital/scheduler/total_reg[23]_i_1/CI
    SLICE_X44Y94         CARRY4 (Prop_carry4_CI_O[3])
                                                      0.329     4.053 f  native_system/digital/scheduler/total_reg[23]_i_1/O[3]
                         net (fo=2, estimated)        1.039     5.092    native_system/digital/scheduler/total_reg[23]_i_1_n_4
    SLICE_X44Y88                                                      f  native_system/digital/scheduler/capture_sequence[7]_i_18/I3
    SLICE_X44Y88         LUT4 (Prop_lut4_I3_O)        0.306     5.398 f  native_system/digital/scheduler/capture_sequence[7]_i_18/O
                         net (fo=1, estimated)        0.413     5.811    native_system/digital/scheduler/capture_sequence[7]_i_18_n_0
    SLICE_X45Y87                                                      f  native_system/digital/scheduler/capture_sequence[7]_i_8/I1
    SLICE_X45Y87         LUT6 (Prop_lut6_I1_O)        0.124     5.935 f  native_system/digital/scheduler/capture_sequence[7]_i_8/O
                         net (fo=1, estimated)        0.396     6.331    native_system/digital/adc/spi/selected_tx_reg[0]
    SLICE_X47Y88                                                      f  native_system/digital/adc/spi/capture_sequence[7]_i_5/I1
    SLICE_X47Y88         LUT6 (Prop_lut6_I1_O)        0.124     6.455 f  native_system/digital/adc/spi/capture_sequence[7]_i_5/O
                         net (fo=6, estimated)        0.325     6.780    native_system/digital/scheduler/state1
    SLICE_X47Y88                                                      f  native_system/digital/scheduler/capture_sequence[7]_i_1/I4
    SLICE_X47Y88         LUT6 (Prop_lut6_I4_O)        0.124     6.904 r  native_system/digital/scheduler/capture_sequence[7]_i_1/O
                         net (fo=17, estimated)       0.790     7.694    native_system/digital/scheduler/capture_sequence[7]_i_1_n_0
    SLICE_X47Y89                                                      r  native_system/digital/scheduler/issued[31]_i_1/I0
    SLICE_X47Y89         LUT2 (Prop_lut2_I0_O)        0.124     7.818 r  native_system/digital/scheduler/issued[31]_i_1/O
                         net (fo=32, estimated)       0.546     8.364    native_system/digital/scheduler/issued[0]
    SLICE_X47Y90         FDCE                                         r  native_system/digital/scheduler/issued_reg[19]/CE
  -------------------------------------------------------------------    -------------------

                         (clock core132 rise edge)    7.576     7.576 r  
                                                      0.000     7.576 r  clk (IN)
                         net (fo=17925, unset)        0.924     8.500    native_system/digital/scheduler/clk
    SLICE_X47Y90         FDCE                                         r  native_system/digital/scheduler/issued_reg[19]/C
                         clock pessimism              0.000     8.500    
                         clock uncertainty           -0.035     8.465    
    SLICE_X47Y90         FDCE (Setup_fdce_C_CE)      -0.205     8.260    native_system/digital/scheduler/issued_reg[19]
  -------------------------------------------------------------------
                         required time                          8.260    
                         arrival time                          -8.364    
  -------------------------------------------------------------------
                         slack                                 -0.104    

Slack (VIOLATED) :        -0.104ns  (required time - arrival time)
  Source:                 native_system/digital/cfg_reg[9][12]/C
                            (rising edge-triggered cell FDCE clocked by core132  {rise@0.000ns fall@3.788ns period=7.576ns})
  Destination:            native_system/digital/scheduler/issued_reg[8]/CE
                            (rising edge-triggered cell FDCE clocked by core132  {rise@0.000ns fall@3.788ns period=7.576ns})
  Path Group:             core132
  Path Type:              Setup (Max at Slow Process Corner)
  Requirement:            7.576ns  (core132 rise@7.576ns - core132 rise@0.000ns)
  Data Path Delay:        7.391ns  (logic 2.561ns (34.650%)  route 4.830ns (65.350%))
  Logic Levels:           10  (CARRY4=3 LUT2=1 LUT3=1 LUT4=2 LUT6=3)
  Clock Path Skew:        -0.049ns (DCD - SCD + CPR)
    Destination Clock Delay (DCD):    0.924ns = ( 8.500 - 7.576 ) 
    Source Clock Delay      (SCD):    0.973ns
    Clock Pessimism Removal (CPR):    0.000ns
  Clock Uncertainty:      0.035ns  ((TSJ^2 + TIJ^2)^1/2 + DJ) / 2 + PE
    Total System Jitter     (TSJ):    0.071ns
    Total Input Jitter      (TIJ):    0.000ns
    Discrete Jitter          (DJ):    0.000ns
    Phase Error              (PE):    0.000ns

    Location             Delay type                Incr(ns)  Path(ns)    Netlist Resource(s)
  -------------------------------------------------------------------    -------------------
                         (clock core132 rise edge)    0.000     0.000 r  
                                                      0.000     0.000 r  clk (IN)
                         net (fo=17925, unset)        0.973     0.973    native_system/digital/clk
    SLICE_X42Y91         FDCE                                         r  native_system/digital/cfg_reg[9][12]/C
  -------------------------------------------------------------------    -------------------
    SLICE_X42Y91         FDCE (Prop_fdce_C_Q)         0.518     1.491 r  native_system/digital/cfg_reg[9][12]/Q
                         net (fo=5, estimated)        0.851     2.342    native_system/digital/scheduler/total_reg[31]_0[12]
    SLICE_X42Y92                                                      r  native_system/digital/scheduler/total[15]_i_4/I0
    SLICE_X42Y92         LUT3 (Prop_lut3_I0_O)        0.124     2.466 r  native_system/digital/scheduler/total[15]_i_4/O
                         net (fo=2, estimated)        0.470     2.936    native_system/digital/scheduler/total[15]_i_4_n_0
    SLICE_X44Y92                                                      r  native_system/digital/scheduler/total[15]_i_8/I3
    SLICE_X44Y92         LUT4 (Prop_lut4_I3_O)        0.124     3.060 r  native_system/digital/scheduler/total[15]_i_8/O
                         net (fo=1, routed)           0.000     3.060    native_system/digital/scheduler/total[15]_i_8_n_0
    SLICE_X44Y92                                                      r  native_system/digital/scheduler/total_reg[15]_i_1/S[1]
    SLICE_X44Y92         CARRY4 (Prop_carry4_S[1]_CO[3])
                                                      0.550     3.610 r  native_system/digital/scheduler/total_reg[15]_i_1/CO[3]
                         net (fo=1, estimated)        0.000     3.610    native_system/digital/scheduler/total_reg[15]_i_1_n_0
    SLICE_X44Y93                                                      r  native_system/digital/scheduler/total_reg[19]_i_1/CI
    SLICE_X44Y93         CARRY4 (Prop_carry4_CI_CO[3])
                                                      0.114     3.724 r  native_system/digital/scheduler/total_reg[19]_i_1/CO[3]
                         net (fo=1, estimated)        0.000     3.724    native_system/digital/scheduler/total_reg[19]_i_1_n_0
    SLICE_X44Y94                                                      r  native_system/digital/scheduler/total_reg[23]_i_1/CI
    SLICE_X44Y94         CARRY4 (Prop_carry4_CI_O[3])
                                                      0.329     4.053 f  native_system/digital/scheduler/total_reg[23]_i_1/O[3]
                         net (fo=2, estimated)        1.039     5.092    native_system/digital/scheduler/total_reg[23]_i_1_n_4
    SLICE_X44Y88                                                      f  native_system/digital/scheduler/capture_sequence[7]_i_18/I3
    SLICE_X44Y88         LUT4 (Prop_lut4_I3_O)        0.306     5.398 f  native_system/digital/scheduler/capture_sequence[7]_i_18/O
                         net (fo=1, estimated)        0.413     5.811    native_system/digital/scheduler/capture_sequence[7]_i_18_n_0
    SLICE_X45Y87                                                      f  native_system/digital/scheduler/capture_sequence[7]_i_8/I1
    SLICE_X45Y87         LUT6 (Prop_lut6_I1_O)        0.124     5.935 f  native_system/digital/scheduler/capture_sequence[7]_i_8/O
                         net (fo=1, estimated)        0.396     6.331    native_system/digital/adc/spi/selected_tx_reg[0]
    SLICE_X47Y88                                                      f  native_system/digital/adc/spi/capture_sequence[7]_i_5/I1
    SLICE_X47Y88         LUT6 (Prop_lut6_I1_O)        0.124     6.455 f  native_system/digital/adc/spi/capture_sequence[7]_i_5/O
                         net (fo=6, estimated)        0.325     6.780    native_system/digital/scheduler/state1
    SLICE_X47Y88                                                      f  native_system/digital/scheduler/capture_sequence[7]_i_1/I4
    SLICE_X47Y88         LUT6 (Prop_lut6_I4_O)        0.124     6.904 r  native_system/digital/scheduler/capture_sequence[7]_i_1/O
                         net (fo=17, estimated)       0.790     7.694    native_system/digital/scheduler/capture_sequence[7]_i_1_n_0
    SLICE_X47Y89                                                      r  native_system/digital/scheduler/issued[31]_i_1/I0
    SLICE_X47Y89         LUT2 (Prop_lut2_I0_O)        0.124     7.818 r  native_system/digital/scheduler/issued[31]_i_1/O
                         net (fo=32, estimated)       0.546     8.364    native_system/digital/scheduler/issued[0]
    SLICE_X47Y90         FDCE                                         r  native_system/digital/scheduler/issued_reg[8]/CE
  -------------------------------------------------------------------    -------------------

                         (clock core132 rise edge)    7.576     7.576 r  
                                                      0.000     7.576 r  clk (IN)
                         net (fo=17925, unset)        0.924     8.500    native_system/digital/scheduler/clk
    SLICE_X47Y90         FDCE                                         r  native_system/digital/scheduler/issued_reg[8]/C
                         clock pessimism              0.000     8.500    
                         clock uncertainty           -0.035     8.465    
    SLICE_X47Y90         FDCE (Setup_fdce_C_CE)      -0.205     8.260    native_system/digital/scheduler/issued_reg[8]
  -------------------------------------------------------------------
                         required time                          8.260    
                         arrival time                          -8.364    
  -------------------------------------------------------------------
                         slack                                 -0.104    

Slack (VIOLATED) :        -0.104ns  (required time - arrival time)
  Source:                 native_system/digital/cfg_reg[9][12]/C
                            (rising edge-triggered cell FDCE clocked by core132  {rise@0.000ns fall@3.788ns period=7.576ns})
  Destination:            native_system/digital/scheduler/issued_reg[9]/CE
                            (rising edge-triggered cell FDCE clocked by core132  {rise@0.000ns fall@3.788ns period=7.576ns})
  Path Group:             core132
  Path Type:              Setup (Max at Slow Process Corner)
  Requirement:            7.576ns  (core132 rise@7.576ns - core132 rise@0.000ns)
  Data Path Delay:        7.391ns  (logic 2.561ns (34.650%)  route 4.830ns (65.350%))
  Logic Levels:           10  (CARRY4=3 LUT2=1 LUT3=1 LUT4=2 LUT6=3)
  Clock Path Skew:        -0.049ns (DCD - SCD + CPR)
    Destination Clock Delay (DCD):    0.924ns = ( 8.500 - 7.576 ) 
    Source Clock Delay      (SCD):    0.973ns
    Clock Pessimism Removal (CPR):    0.000ns
  Clock Uncertainty:      0.035ns  ((TSJ^2 + TIJ^2)^1/2 + DJ) / 2 + PE
    Total System Jitter     (TSJ):    0.071ns
    Total Input Jitter      (TIJ):    0.000ns
    Discrete Jitter          (DJ):    0.000ns
    Phase Error              (PE):    0.000ns

    Location             Delay type                Incr(ns)  Path(ns)    Netlist Resource(s)
  -------------------------------------------------------------------    -------------------
                         (clock core132 rise edge)    0.000     0.000 r  
                                                      0.000     0.000 r  clk (IN)
                         net (fo=17925, unset)        0.973     0.973    native_system/digital/clk
    SLICE_X42Y91         FDCE                                         r  native_system/digital/cfg_reg[9][12]/C
  -------------------------------------------------------------------    -------------------
    SLICE_X42Y91         FDCE (Prop_fdce_C_Q)         0.518     1.491 r  native_system/digital/cfg_reg[9][12]/Q
                         net (fo=5, estimated)        0.851     2.342    native_system/digital/scheduler/total_reg[31]_0[12]
    SLICE_X42Y92                                                      r  native_system/digital/scheduler/total[15]_i_4/I0
    SLICE_X42Y92         LUT3 (Prop_lut3_I0_O)        0.124     2.466 r  native_system/digital/scheduler/total[15]_i_4/O
                         net (fo=2, estimated)        0.470     2.936    native_system/digital/scheduler/total[15]_i_4_n_0
    SLICE_X44Y92                                                      r  native_system/digital/scheduler/total[15]_i_8/I3
    SLICE_X44Y92         LUT4 (Prop_lut4_I3_O)        0.124     3.060 r  native_system/digital/scheduler/total[15]_i_8/O
                         net (fo=1, routed)           0.000     3.060    native_system/digital/scheduler/total[15]_i_8_n_0
    SLICE_X44Y92                                                      r  native_system/digital/scheduler/total_reg[15]_i_1/S[1]
    SLICE_X44Y92         CARRY4 (Prop_carry4_S[1]_CO[3])
                                                      0.550     3.610 r  native_system/digital/scheduler/total_reg[15]_i_1/CO[3]
                         net (fo=1, estimated)        0.000     3.610    native_system/digital/scheduler/total_reg[15]_i_1_n_0
    SLICE_X44Y93                                                      r  native_system/digital/scheduler/total_reg[19]_i_1/CI
    SLICE_X44Y93         CARRY4 (Prop_carry4_CI_CO[3])
                                                      0.114     3.724 r  native_system/digital/scheduler/total_reg[19]_i_1/CO[3]
                         net (fo=1, estimated)        0.000     3.724    native_system/digital/scheduler/total_reg[19]_i_1_n_0
    SLICE_X44Y94                                                      r  native_system/digital/scheduler/total_reg[23]_i_1/CI
    SLICE_X44Y94         CARRY4 (Prop_carry4_CI_O[3])
                                                      0.329     4.053 f  native_system/digital/scheduler/total_reg[23]_i_1/O[3]
                         net (fo=2, estimated)        1.039     5.092    native_system/digital/scheduler/total_reg[23]_i_1_n_4
    SLICE_X44Y88                                                      f  native_system/digital/scheduler/capture_sequence[7]_i_18/I3
    SLICE_X44Y88         LUT4 (Prop_lut4_I3_O)        0.306     5.398 f  native_system/digital/scheduler/capture_sequence[7]_i_18/O
                         net (fo=1, estimated)        0.413     5.811    native_system/digital/scheduler/capture_sequence[7]_i_18_n_0
    SLICE_X45Y87                                                      f  native_system/digital/scheduler/capture_sequence[7]_i_8/I1
    SLICE_X45Y87         LUT6 (Prop_lut6_I1_O)        0.124     5.935 f  native_system/digital/scheduler/capture_sequence[7]_i_8/O
                         net (fo=1, estimated)        0.396     6.331    native_system/digital/adc/spi/selected_tx_reg[0]
    SLICE_X47Y88                                                      f  native_system/digital/adc/spi/capture_sequence[7]_i_5/I1
    SLICE_X47Y88         LUT6 (Prop_lut6_I1_O)        0.124     6.455 f  native_system/digital/adc/spi/capture_sequence[7]_i_5/O
                         net (fo=6, estimated)        0.325     6.780    native_system/digital/scheduler/state1
    SLICE_X47Y88                                                      f  native_system/digital/scheduler/capture_sequence[7]_i_1/I4
    SLICE_X47Y88         LUT6 (Prop_lut6_I4_O)        0.124     6.904 r  native_system/digital/scheduler/capture_sequence[7]_i_1/O
                         net (fo=17, estimated)       0.790     7.694    native_system/digital/scheduler/capture_sequence[7]_i_1_n_0
    SLICE_X47Y89                                                      r  native_system/digital/scheduler/issued[31]_i_1/I0
    SLICE_X47Y89         LUT2 (Prop_lut2_I0_O)        0.124     7.818 r  native_system/digital/scheduler/issued[31]_i_1/O
                         net (fo=32, estimated)       0.546     8.364    native_system/digital/scheduler/issued[0]
    SLICE_X47Y90         FDCE                                         r  native_system/digital/scheduler/issued_reg[9]/CE
  -------------------------------------------------------------------    -------------------

                         (clock core132 rise edge)    7.576     7.576 r  
                                                      0.000     7.576 r  clk (IN)
                         net (fo=17925, unset)        0.924     8.500    native_system/digital/scheduler/clk
    SLICE_X47Y90         FDCE                                         r  native_system/digital/scheduler/issued_reg[9]/C
                         clock pessimism              0.000     8.500    
                         clock uncertainty           -0.035     8.465    
    SLICE_X47Y90         FDCE (Setup_fdce_C_CE)      -0.205     8.260    native_system/digital/scheduler/issued_reg[9]
  -------------------------------------------------------------------
                         required time                          8.260    
                         arrival time                          -8.364    
  -------------------------------------------------------------------
                         slack                                 -0.104    

Slack (VIOLATED) :        -0.102ns  (required time - arrival time)
  Source:                 native_system/digital/cfg_reg[9][12]/C
                            (rising edge-triggered cell FDCE clocked by core132  {rise@0.000ns fall@3.788ns period=7.576ns})
  Destination:            native_system/digital/scheduler/issued_reg[0]/CE
                            (rising edge-triggered cell FDCE clocked by core132  {rise@0.000ns fall@3.788ns period=7.576ns})
  Path Group:             core132
  Path Type:              Setup (Max at Slow Process Corner)
  Requirement:            7.576ns  (core132 rise@7.576ns - core132 rise@0.000ns)
  Data Path Delay:        7.389ns  (logic 2.561ns (34.660%)  route 4.828ns (65.340%))
  Logic Levels:           10  (CARRY4=3 LUT2=1 LUT3=1 LUT4=2 LUT6=3)
  Clock Path Skew:        -0.049ns (DCD - SCD + CPR)
    Destination Clock Delay (DCD):    0.924ns = ( 8.500 - 7.576 ) 
    Source Clock Delay      (SCD):    0.973ns
    Clock Pessimism Removal (CPR):    0.000ns
  Clock Uncertainty:      0.035ns  ((TSJ^2 + TIJ^2)^1/2 + DJ) / 2 + PE
    Total System Jitter     (TSJ):    0.071ns
    Total Input Jitter      (TIJ):    0.000ns
    Discrete Jitter          (DJ):    0.000ns
    Phase Error              (PE):    0.000ns

    Location             Delay type                Incr(ns)  Path(ns)    Netlist Resource(s)
  -------------------------------------------------------------------    -------------------
                         (clock core132 rise edge)    0.000     0.000 r  
                                                      0.000     0.000 r  clk (IN)
                         net (fo=17925, unset)        0.973     0.973    native_system/digital/clk
    SLICE_X42Y91         FDCE                                         r  native_system/digital/cfg_reg[9][12]/C
  -------------------------------------------------------------------    -------------------
    SLICE_X42Y91         FDCE (Prop_fdce_C_Q)         0.518     1.491 r  native_system/digital/cfg_reg[9][12]/Q
                         net (fo=5, estimated)        0.851     2.342    native_system/digital/scheduler/total_reg[31]_0[12]
    SLICE_X42Y92                                                      r  native_system/digital/scheduler/total[15]_i_4/I0
    SLICE_X42Y92         LUT3 (Prop_lut3_I0_O)        0.124     2.466 r  native_system/digital/scheduler/total[15]_i_4/O
                         net (fo=2, estimated)        0.470     2.936    native_system/digital/scheduler/total[15]_i_4_n_0
    SLICE_X44Y92                                                      r  native_system/digital/scheduler/total[15]_i_8/I3
    SLICE_X44Y92         LUT4 (Prop_lut4_I3_O)        0.124     3.060 r  native_system/digital/scheduler/total[15]_i_8/O
                         net (fo=1, routed)           0.000     3.060    native_system/digital/scheduler/total[15]_i_8_n_0
    SLICE_X44Y92                                                      r  native_system/digital/scheduler/total_reg[15]_i_1/S[1]
    SLICE_X44Y92         CARRY4 (Prop_carry4_S[1]_CO[3])
                                                      0.550     3.610 r  native_system/digital/scheduler/total_reg[15]_i_1/CO[3]
                         net (fo=1, estimated)        0.000     3.610    native_system/digital/scheduler/total_reg[15]_i_1_n_0
    SLICE_X44Y93                                                      r  native_system/digital/scheduler/total_reg[19]_i_1/CI
    SLICE_X44Y93         CARRY4 (Prop_carry4_CI_CO[3])
                                                      0.114     3.724 r  native_system/digital/scheduler/total_reg[19]_i_1/CO[3]
                         net (fo=1, estimated)        0.000     3.724    native_system/digital/scheduler/total_reg[19]_i_1_n_0
    SLICE_X44Y94                                                      r  native_system/digital/scheduler/total_reg[23]_i_1/CI
    SLICE_X44Y94         CARRY4 (Prop_carry4_CI_O[3])
                                                      0.329     4.053 f  native_system/digital/scheduler/total_reg[23]_i_1/O[3]
                         net (fo=2, estimated)        1.039     5.092    native_system/digital/scheduler/total_reg[23]_i_1_n_4
    SLICE_X44Y88                                                      f  native_system/digital/scheduler/capture_sequence[7]_i_18/I3
    SLICE_X44Y88         LUT4 (Prop_lut4_I3_O)        0.306     5.398 f  native_system/digital/scheduler/capture_sequence[7]_i_18/O
                         net (fo=1, estimated)        0.413     5.811    native_system/digital/scheduler/capture_sequence[7]_i_18_n_0
    SLICE_X45Y87                                                      f  native_system/digital/scheduler/capture_sequence[7]_i_8/I1
    SLICE_X45Y87         LUT6 (Prop_lut6_I1_O)        0.124     5.935 f  native_system/digital/scheduler/capture_sequence[7]_i_8/O
                         net (fo=1, estimated)        0.396     6.331    native_system/digital/adc/spi/selected_tx_reg[0]
    SLICE_X47Y88                                                      f  native_system/digital/adc/spi/capture_sequence[7]_i_5/I1
    SLICE_X47Y88         LUT6 (Prop_lut6_I1_O)        0.124     6.455 f  native_system/digital/adc/spi/capture_sequence[7]_i_5/O
                         net (fo=6, estimated)        0.325     6.780    native_system/digital/scheduler/state1
    SLICE_X47Y88                                                      f  native_system/digital/scheduler/capture_sequence[7]_i_1/I4
    SLICE_X47Y88         LUT6 (Prop_lut6_I4_O)        0.124     6.904 r  native_system/digital/scheduler/capture_sequence[7]_i_1/O
                         net (fo=17, estimated)       0.790     7.694    native_system/digital/scheduler/capture_sequence[7]_i_1_n_0
    SLICE_X47Y89                                                      r  native_system/digital/scheduler/issued[31]_i_1/I0
    SLICE_X47Y89         LUT2 (Prop_lut2_I0_O)        0.124     7.818 r  native_system/digital/scheduler/issued[31]_i_1/O
                         net (fo=32, estimated)       0.544     8.362    native_system/digital/scheduler/issued[0]
    SLICE_X47Y92         FDCE                                         r  native_system/digital/scheduler/issued_reg[0]/CE
  -------------------------------------------------------------------    -------------------

                         (clock core132 rise edge)    7.576     7.576 r  
                                                      0.000     7.576 r  clk (IN)
                         net (fo=17925, unset)        0.924     8.500    native_system/digital/scheduler/clk
    SLICE_X47Y92         FDCE                                         r  native_system/digital/scheduler/issued_reg[0]/C
                         clock pessimism              0.000     8.500    
                         clock uncertainty           -0.035     8.465    
    SLICE_X47Y92         FDCE (Setup_fdce_C_CE)      -0.205     8.260    native_system/digital/scheduler/issued_reg[0]
  -------------------------------------------------------------------
                         required time                          8.260    
                         arrival time                          -8.362    
  -------------------------------------------------------------------
                         slack                                 -0.102    

Slack (VIOLATED) :        -0.102ns  (required time - arrival time)
  Source:                 native_system/digital/cfg_reg[9][12]/C
                            (rising edge-triggered cell FDCE clocked by core132  {rise@0.000ns fall@3.788ns period=7.576ns})
  Destination:            native_system/digital/scheduler/issued_reg[10]/CE
                            (rising edge-triggered cell FDCE clocked by core132  {rise@0.000ns fall@3.788ns period=7.576ns})
  Path Group:             core132
  Path Type:              Setup (Max at Slow Process Corner)
  Requirement:            7.576ns  (core132 rise@7.576ns - core132 rise@0.000ns)
  Data Path Delay:        7.389ns  (logic 2.561ns (34.660%)  route 4.828ns (65.340%))
  Logic Levels:           10  (CARRY4=3 LUT2=1 LUT3=1 LUT4=2 LUT6=3)
  Clock Path Skew:        -0.049ns (DCD - SCD + CPR)
    Destination Clock Delay (DCD):    0.924ns = ( 8.500 - 7.576 ) 
    Source Clock Delay      (SCD):    0.973ns
    Clock Pessimism Removal (CPR):    0.000ns
  Clock Uncertainty:      0.035ns  ((TSJ^2 + TIJ^2)^1/2 + DJ) / 2 + PE
    Total System Jitter     (TSJ):    0.071ns
    Total Input Jitter      (TIJ):    0.000ns
    Discrete Jitter          (DJ):    0.000ns
    Phase Error              (PE):    0.000ns

    Location             Delay type                Incr(ns)  Path(ns)    Netlist Resource(s)
  -------------------------------------------------------------------    -------------------
                         (clock core132 rise edge)    0.000     0.000 r  
                                                      0.000     0.000 r  clk (IN)
                         net (fo=17925, unset)        0.973     0.973    native_system/digital/clk
    SLICE_X42Y91         FDCE                                         r  native_system/digital/cfg_reg[9][12]/C
  -------------------------------------------------------------------    -------------------
    SLICE_X42Y91         FDCE (Prop_fdce_C_Q)         0.518     1.491 r  native_system/digital/cfg_reg[9][12]/Q
                         net (fo=5, estimated)        0.851     2.342    native_system/digital/scheduler/total_reg[31]_0[12]
    SLICE_X42Y92                                                      r  native_system/digital/scheduler/total[15]_i_4/I0
    SLICE_X42Y92         LUT3 (Prop_lut3_I0_O)        0.124     2.466 r  native_system/digital/scheduler/total[15]_i_4/O
                         net (fo=2, estimated)        0.470     2.936    native_system/digital/scheduler/total[15]_i_4_n_0
    SLICE_X44Y92                                                      r  native_system/digital/scheduler/total[15]_i_8/I3
    SLICE_X44Y92         LUT4 (Prop_lut4_I3_O)        0.124     3.060 r  native_system/digital/scheduler/total[15]_i_8/O
                         net (fo=1, routed)           0.000     3.060    native_system/digital/scheduler/total[15]_i_8_n_0
    SLICE_X44Y92                                                      r  native_system/digital/scheduler/total_reg[15]_i_1/S[1]
    SLICE_X44Y92         CARRY4 (Prop_carry4_S[1]_CO[3])
                                                      0.550     3.610 r  native_system/digital/scheduler/total_reg[15]_i_1/CO[3]
                         net (fo=1, estimated)        0.000     3.610    native_system/digital/scheduler/total_reg[15]_i_1_n_0
    SLICE_X44Y93                                                      r  native_system/digital/scheduler/total_reg[19]_i_1/CI
    SLICE_X44Y93         CARRY4 (Prop_carry4_CI_CO[3])
                                                      0.114     3.724 r  native_system/digital/scheduler/total_reg[19]_i_1/CO[3]
                         net (fo=1, estimated)        0.000     3.724    native_system/digital/scheduler/total_reg[19]_i_1_n_0
    SLICE_X44Y94                                                      r  native_system/digital/scheduler/total_reg[23]_i_1/CI
    SLICE_X44Y94         CARRY4 (Prop_carry4_CI_O[3])
                                                      0.329     4.053 f  native_system/digital/scheduler/total_reg[23]_i_1/O[3]
                         net (fo=2, estimated)        1.039     5.092    native_system/digital/scheduler/total_reg[23]_i_1_n_4
    SLICE_X44Y88                                                      f  native_system/digital/scheduler/capture_sequence[7]_i_18/I3
    SLICE_X44Y88         LUT4 (Prop_lut4_I3_O)        0.306     5.398 f  native_system/digital/scheduler/capture_sequence[7]_i_18/O
                         net (fo=1, estimated)        0.413     5.811    native_system/digital/scheduler/capture_sequence[7]_i_18_n_0
    SLICE_X45Y87                                                      f  native_system/digital/scheduler/capture_sequence[7]_i_8/I1
    SLICE_X45Y87         LUT6 (Prop_lut6_I1_O)        0.124     5.935 f  native_system/digital/scheduler/capture_sequence[7]_i_8/O
                         net (fo=1, estimated)        0.396     6.331    native_system/digital/adc/spi/selected_tx_reg[0]
    SLICE_X47Y88                                                      f  native_system/digital/adc/spi/capture_sequence[7]_i_5/I1
    SLICE_X47Y88         LUT6 (Prop_lut6_I1_O)        0.124     6.455 f  native_system/digital/adc/spi/capture_sequence[7]_i_5/O
                         net (fo=6, estimated)        0.325     6.780    native_system/digital/scheduler/state1
    SLICE_X47Y88                                                      f  native_system/digital/scheduler/capture_sequence[7]_i_1/I4
    SLICE_X47Y88         LUT6 (Prop_lut6_I4_O)        0.124     6.904 r  native_system/digital/scheduler/capture_sequence[7]_i_1/O
                         net (fo=17, estimated)       0.790     7.694    native_system/digital/scheduler/capture_sequence[7]_i_1_n_0
    SLICE_X47Y89                                                      r  native_system/digital/scheduler/issued[31]_i_1/I0
    SLICE_X47Y89         LUT2 (Prop_lut2_I0_O)        0.124     7.818 r  native_system/digital/scheduler/issued[31]_i_1/O
                         net (fo=32, estimated)       0.544     8.362    native_system/digital/scheduler/issued[0]
    SLICE_X47Y91         FDCE                                         r  native_system/digital/scheduler/issued_reg[10]/CE
  -------------------------------------------------------------------    -------------------

                         (clock core132 rise edge)    7.576     7.576 r  
                                                      0.000     7.576 r  clk (IN)
                         net (fo=17925, unset)        0.924     8.500    native_system/digital/scheduler/clk
    SLICE_X47Y91         FDCE                                         r  native_system/digital/scheduler/issued_reg[10]/C
                         clock pessimism              0.000     8.500    
                         clock uncertainty           -0.035     8.465    
    SLICE_X47Y91         FDCE (Setup_fdce_C_CE)      -0.205     8.260    native_system/digital/scheduler/issued_reg[10]
  -------------------------------------------------------------------
                         required time                          8.260    
                         arrival time                          -8.362    
  -------------------------------------------------------------------
                         slack                                 -0.102    

Slack (VIOLATED) :        -0.102ns  (required time - arrival time)
  Source:                 native_system/digital/cfg_reg[9][12]/C
                            (rising edge-triggered cell FDCE clocked by core132  {rise@0.000ns fall@3.788ns period=7.576ns})
  Destination:            native_system/digital/scheduler/issued_reg[11]/CE
                            (rising edge-triggered cell FDCE clocked by core132  {rise@0.000ns fall@3.788ns period=7.576ns})
  Path Group:             core132
  Path Type:              Setup (Max at Slow Process Corner)
  Requirement:            7.576ns  (core132 rise@7.576ns - core132 rise@0.000ns)
  Data Path Delay:        7.389ns  (logic 2.561ns (34.660%)  route 4.828ns (65.340%))
  Logic Levels:           10  (CARRY4=3 LUT2=1 LUT3=1 LUT4=2 LUT6=3)
  Clock Path Skew:        -0.049ns (DCD - SCD + CPR)
    Destination Clock Delay (DCD):    0.924ns = ( 8.500 - 7.576 ) 
    Source Clock Delay      (SCD):    0.973ns
    Clock Pessimism Removal (CPR):    0.000ns
  Clock Uncertainty:      0.035ns  ((TSJ^2 + TIJ^2)^1/2 + DJ) / 2 + PE
    Total System Jitter     (TSJ):    0.071ns
    Total Input Jitter      (TIJ):    0.000ns
    Discrete Jitter          (DJ):    0.000ns
    Phase Error              (PE):    0.000ns

    Location             Delay type                Incr(ns)  Path(ns)    Netlist Resource(s)
  -------------------------------------------------------------------    -------------------
                         (clock core132 rise edge)    0.000     0.000 r  
                                                      0.000     0.000 r  clk (IN)
                         net (fo=17925, unset)        0.973     0.973    native_system/digital/clk
    SLICE_X42Y91         FDCE                                         r  native_system/digital/cfg_reg[9][12]/C
  -------------------------------------------------------------------    -------------------
    SLICE_X42Y91         FDCE (Prop_fdce_C_Q)         0.518     1.491 r  native_system/digital/cfg_reg[9][12]/Q
                         net (fo=5, estimated)        0.851     2.342    native_system/digital/scheduler/total_reg[31]_0[12]
    SLICE_X42Y92                                                      r  native_system/digital/scheduler/total[15]_i_4/I0
    SLICE_X42Y92         LUT3 (Prop_lut3_I0_O)        0.124     2.466 r  native_system/digital/scheduler/total[15]_i_4/O
                         net (fo=2, estimated)        0.470     2.936    native_system/digital/scheduler/total[15]_i_4_n_0
    SLICE_X44Y92                                                      r  native_system/digital/scheduler/total[15]_i_8/I3
    SLICE_X44Y92         LUT4 (Prop_lut4_I3_O)        0.124     3.060 r  native_system/digital/scheduler/total[15]_i_8/O
                         net (fo=1, routed)           0.000     3.060    native_system/digital/scheduler/total[15]_i_8_n_0
    SLICE_X44Y92                                                      r  native_system/digital/scheduler/total_reg[15]_i_1/S[1]
    SLICE_X44Y92         CARRY4 (Prop_carry4_S[1]_CO[3])
                                                      0.550     3.610 r  native_system/digital/scheduler/total_reg[15]_i_1/CO[3]
                         net (fo=1, estimated)        0.000     3.610    native_system/digital/scheduler/total_reg[15]_i_1_n_0
    SLICE_X44Y93                                                      r  native_system/digital/scheduler/total_reg[19]_i_1/CI
    SLICE_X44Y93         CARRY4 (Prop_carry4_CI_CO[3])
                                                      0.114     3.724 r  native_system/digital/scheduler/total_reg[19]_i_1/CO[3]
                         net (fo=1, estimated)        0.000     3.724    native_system/digital/scheduler/total_reg[19]_i_1_n_0
    SLICE_X44Y94                                                      r  native_system/digital/scheduler/total_reg[23]_i_1/CI
    SLICE_X44Y94         CARRY4 (Prop_carry4_CI_O[3])
                                                      0.329     4.053 f  native_system/digital/scheduler/total_reg[23]_i_1/O[3]
                         net (fo=2, estimated)        1.039     5.092    native_system/digital/scheduler/total_reg[23]_i_1_n_4
    SLICE_X44Y88                                                      f  native_system/digital/scheduler/capture_sequence[7]_i_18/I3
    SLICE_X44Y88         LUT4 (Prop_lut4_I3_O)        0.306     5.398 f  native_system/digital/scheduler/capture_sequence[7]_i_18/O
                         net (fo=1, estimated)        0.413     5.811    native_system/digital/scheduler/capture_sequence[7]_i_18_n_0
    SLICE_X45Y87                                                      f  native_system/digital/scheduler/capture_sequence[7]_i_8/I1
    SLICE_X45Y87         LUT6 (Prop_lut6_I1_O)        0.124     5.935 f  native_system/digital/scheduler/capture_sequence[7]_i_8/O
                         net (fo=1, estimated)        0.396     6.331    native_system/digital/adc/spi/selected_tx_reg[0]
    SLICE_X47Y88                                                      f  native_system/digital/adc/spi/capture_sequence[7]_i_5/I1
    SLICE_X47Y88         LUT6 (Prop_lut6_I1_O)        0.124     6.455 f  native_system/digital/adc/spi/capture_sequence[7]_i_5/O
                         net (fo=6, estimated)        0.325     6.780    native_system/digital/scheduler/state1
    SLICE_X47Y88                                                      f  native_system/digital/scheduler/capture_sequence[7]_i_1/I4
    SLICE_X47Y88         LUT6 (Prop_lut6_I4_O)        0.124     6.904 r  native_system/digital/scheduler/capture_sequence[7]_i_1/O
                         net (fo=17, estimated)       0.790     7.694    native_system/digital/scheduler/capture_sequence[7]_i_1_n_0
    SLICE_X47Y89                                                      r  native_system/digital/scheduler/issued[31]_i_1/I0
    SLICE_X47Y89         LUT2 (Prop_lut2_I0_O)        0.124     7.818 r  native_system/digital/scheduler/issued[31]_i_1/O
                         net (fo=32, estimated)       0.544     8.362    native_system/digital/scheduler/issued[0]
    SLICE_X47Y91         FDCE                                         r  native_system/digital/scheduler/issued_reg[11]/CE
  -------------------------------------------------------------------    -------------------

                         (clock core132 rise edge)    7.576     7.576 r  
                                                      0.000     7.576 r  clk (IN)
                         net (fo=17925, unset)        0.924     8.500    native_system/digital/scheduler/clk
    SLICE_X47Y91         FDCE                                         r  native_system/digital/scheduler/issued_reg[11]/C
                         clock pessimism              0.000     8.500    
                         clock uncertainty           -0.035     8.465    
    SLICE_X47Y91         FDCE (Setup_fdce_C_CE)      -0.205     8.260    native_system/digital/scheduler/issued_reg[11]
  -------------------------------------------------------------------
                         required time                          8.260    
                         arrival time                          -8.362    
  -------------------------------------------------------------------
                         slack                                 -0.102    

Slack (VIOLATED) :        -0.102ns  (required time - arrival time)
  Source:                 native_system/digital/cfg_reg[9][12]/C
                            (rising edge-triggered cell FDCE clocked by core132  {rise@0.000ns fall@3.788ns period=7.576ns})
  Destination:            native_system/digital/scheduler/issued_reg[12]/CE
                            (rising edge-triggered cell FDCE clocked by core132  {rise@0.000ns fall@3.788ns period=7.576ns})
  Path Group:             core132
  Path Type:              Setup (Max at Slow Process Corner)
  Requirement:            7.576ns  (core132 rise@7.576ns - core132 rise@0.000ns)
  Data Path Delay:        7.389ns  (logic 2.561ns (34.660%)  route 4.828ns (65.340%))
  Logic Levels:           10  (CARRY4=3 LUT2=1 LUT3=1 LUT4=2 LUT6=3)
  Clock Path Skew:        -0.049ns (DCD - SCD + CPR)
    Destination Clock Delay (DCD):    0.924ns = ( 8.500 - 7.576 ) 
    Source Clock Delay      (SCD):    0.973ns
    Clock Pessimism Removal (CPR):    0.000ns
  Clock Uncertainty:      0.035ns  ((TSJ^2 + TIJ^2)^1/2 + DJ) / 2 + PE
    Total System Jitter     (TSJ):    0.071ns
    Total Input Jitter      (TIJ):    0.000ns
    Discrete Jitter          (DJ):    0.000ns
    Phase Error              (PE):    0.000ns

    Location             Delay type                Incr(ns)  Path(ns)    Netlist Resource(s)
  -------------------------------------------------------------------    -------------------
                         (clock core132 rise edge)    0.000     0.000 r  
                                                      0.000     0.000 r  clk (IN)
                         net (fo=17925, unset)        0.973     0.973    native_system/digital/clk
    SLICE_X42Y91         FDCE                                         r  native_system/digital/cfg_reg[9][12]/C
  -------------------------------------------------------------------    -------------------
    SLICE_X42Y91         FDCE (Prop_fdce_C_Q)         0.518     1.491 r  native_system/digital/cfg_reg[9][12]/Q
                         net (fo=5, estimated)        0.851     2.342    native_system/digital/scheduler/total_reg[31]_0[12]
    SLICE_X42Y92                                                      r  native_system/digital/scheduler/total[15]_i_4/I0
    SLICE_X42Y92         LUT3 (Prop_lut3_I0_O)        0.124     2.466 r  native_system/digital/scheduler/total[15]_i_4/O
                         net (fo=2, estimated)        0.470     2.936    native_system/digital/scheduler/total[15]_i_4_n_0
    SLICE_X44Y92                                                      r  native_system/digital/scheduler/total[15]_i_8/I3
    SLICE_X44Y92         LUT4 (Prop_lut4_I3_O)        0.124     3.060 r  native_system/digital/scheduler/total[15]_i_8/O
                         net (fo=1, routed)           0.000     3.060    native_system/digital/scheduler/total[15]_i_8_n_0
    SLICE_X44Y92                                                      r  native_system/digital/scheduler/total_reg[15]_i_1/S[1]
    SLICE_X44Y92         CARRY4 (Prop_carry4_S[1]_CO[3])
                                                      0.550     3.610 r  native_system/digital/scheduler/total_reg[15]_i_1/CO[3]
                         net (fo=1, estimated)        0.000     3.610    native_system/digital/scheduler/total_reg[15]_i_1_n_0
    SLICE_X44Y93                                                      r  native_system/digital/scheduler/total_reg[19]_i_1/CI
    SLICE_X44Y93         CARRY4 (Prop_carry4_CI_CO[3])
                                                      0.114     3.724 r  native_system/digital/scheduler/total_reg[19]_i_1/CO[3]
                         net (fo=1, estimated)        0.000     3.724    native_system/digital/scheduler/total_reg[19]_i_1_n_0
    SLICE_X44Y94                                                      r  native_system/digital/scheduler/total_reg[23]_i_1/CI
    SLICE_X44Y94         CARRY4 (Prop_carry4_CI_O[3])
                                                      0.329     4.053 f  native_system/digital/scheduler/total_reg[23]_i_1/O[3]
                         net (fo=2, estimated)        1.039     5.092    native_system/digital/scheduler/total_reg[23]_i_1_n_4
    SLICE_X44Y88                                                      f  native_system/digital/scheduler/capture_sequence[7]_i_18/I3
    SLICE_X44Y88         LUT4 (Prop_lut4_I3_O)        0.306     5.398 f  native_system/digital/scheduler/capture_sequence[7]_i_18/O
                         net (fo=1, estimated)        0.413     5.811    native_system/digital/scheduler/capture_sequence[7]_i_18_n_0
    SLICE_X45Y87                                                      f  native_system/digital/scheduler/capture_sequence[7]_i_8/I1
    SLICE_X45Y87         LUT6 (Prop_lut6_I1_O)        0.124     5.935 f  native_system/digital/scheduler/capture_sequence[7]_i_8/O
                         net (fo=1, estimated)        0.396     6.331    native_system/digital/adc/spi/selected_tx_reg[0]
    SLICE_X47Y88                                                      f  native_system/digital/adc/spi/capture_sequence[7]_i_5/I1
    SLICE_X47Y88         LUT6 (Prop_lut6_I1_O)        0.124     6.455 f  native_system/digital/adc/spi/capture_sequence[7]_i_5/O
                         net (fo=6, estimated)        0.325     6.780    native_system/digital/scheduler/state1
    SLICE_X47Y88                                                      f  native_system/digital/scheduler/capture_sequence[7]_i_1/I4
    SLICE_X47Y88         LUT6 (Prop_lut6_I4_O)        0.124     6.904 r  native_system/digital/scheduler/capture_sequence[7]_i_1/O
                         net (fo=17, estimated)       0.790     7.694    native_system/digital/scheduler/capture_sequence[7]_i_1_n_0
    SLICE_X47Y89                                                      r  native_system/digital/scheduler/issued[31]_i_1/I0
    SLICE_X47Y89         LUT2 (Prop_lut2_I0_O)        0.124     7.818 r  native_system/digital/scheduler/issued[31]_i_1/O
                         net (fo=32, estimated)       0.544     8.362    native_system/digital/scheduler/issued[0]
    SLICE_X47Y91         FDCE                                         r  native_system/digital/scheduler/issued_reg[12]/CE
  -------------------------------------------------------------------    -------------------

                         (clock core132 rise edge)    7.576     7.576 r  
                                                      0.000     7.576 r  clk (IN)
                         net (fo=17925, unset)        0.924     8.500    native_system/digital/scheduler/clk
    SLICE_X47Y91         FDCE                                         r  native_system/digital/scheduler/issued_reg[12]/C
                         clock pessimism              0.000     8.500    
                         clock uncertainty           -0.035     8.465    
    SLICE_X47Y91         FDCE (Setup_fdce_C_CE)      -0.205     8.260    native_system/digital/scheduler/issued_reg[12]
  -------------------------------------------------------------------
                         required time                          8.260    
                         arrival time                          -8.362    
  -------------------------------------------------------------------
                         slack                                 -0.102    

Slack (VIOLATED) :        -0.102ns  (required time - arrival time)
  Source:                 native_system/digital/cfg_reg[9][12]/C
                            (rising edge-triggered cell FDCE clocked by core132  {rise@0.000ns fall@3.788ns period=7.576ns})
  Destination:            native_system/digital/scheduler/issued_reg[13]/CE
                            (rising edge-triggered cell FDCE clocked by core132  {rise@0.000ns fall@3.788ns period=7.576ns})
  Path Group:             core132
  Path Type:              Setup (Max at Slow Process Corner)
  Requirement:            7.576ns  (core132 rise@7.576ns - core132 rise@0.000ns)
  Data Path Delay:        7.389ns  (logic 2.561ns (34.660%)  route 4.828ns (65.340%))
  Logic Levels:           10  (CARRY4=3 LUT2=1 LUT3=1 LUT4=2 LUT6=3)
  Clock Path Skew:        -0.049ns (DCD - SCD + CPR)
    Destination Clock Delay (DCD):    0.924ns = ( 8.500 - 7.576 ) 
    Source Clock Delay      (SCD):    0.973ns
    Clock Pessimism Removal (CPR):    0.000ns
  Clock Uncertainty:      0.035ns  ((TSJ^2 + TIJ^2)^1/2 + DJ) / 2 + PE
    Total System Jitter     (TSJ):    0.071ns
    Total Input Jitter      (TIJ):    0.000ns
    Discrete Jitter          (DJ):    0.000ns
    Phase Error              (PE):    0.000ns

    Location             Delay type                Incr(ns)  Path(ns)    Netlist Resource(s)
  -------------------------------------------------------------------    -------------------
                         (clock core132 rise edge)    0.000     0.000 r  
                                                      0.000     0.000 r  clk (IN)
                         net (fo=17925, unset)        0.973     0.973    native_system/digital/clk
    SLICE_X42Y91         FDCE                                         r  native_system/digital/cfg_reg[9][12]/C
  -------------------------------------------------------------------    -------------------
    SLICE_X42Y91         FDCE (Prop_fdce_C_Q)         0.518     1.491 r  native_system/digital/cfg_reg[9][12]/Q
                         net (fo=5, estimated)        0.851     2.342    native_system/digital/scheduler/total_reg[31]_0[12]
    SLICE_X42Y92                                                      r  native_system/digital/scheduler/total[15]_i_4/I0
    SLICE_X42Y92         LUT3 (Prop_lut3_I0_O)        0.124     2.466 r  native_system/digital/scheduler/total[15]_i_4/O
                         net (fo=2, estimated)        0.470     2.936    native_system/digital/scheduler/total[15]_i_4_n_0
    SLICE_X44Y92                                                      r  native_system/digital/scheduler/total[15]_i_8/I3
    SLICE_X44Y92         LUT4 (Prop_lut4_I3_O)        0.124     3.060 r  native_system/digital/scheduler/total[15]_i_8/O
                         net (fo=1, routed)           0.000     3.060    native_system/digital/scheduler/total[15]_i_8_n_0
    SLICE_X44Y92                                                      r  native_system/digital/scheduler/total_reg[15]_i_1/S[1]
    SLICE_X44Y92         CARRY4 (Prop_carry4_S[1]_CO[3])
                                                      0.550     3.610 r  native_system/digital/scheduler/total_reg[15]_i_1/CO[3]
                         net (fo=1, estimated)        0.000     3.610    native_system/digital/scheduler/total_reg[15]_i_1_n_0
    SLICE_X44Y93                                                      r  native_system/digital/scheduler/total_reg[19]_i_1/CI
    SLICE_X44Y93         CARRY4 (Prop_carry4_CI_CO[3])
                                                      0.114     3.724 r  native_system/digital/scheduler/total_reg[19]_i_1/CO[3]
                         net (fo=1, estimated)        0.000     3.724    native_system/digital/scheduler/total_reg[19]_i_1_n_0
    SLICE_X44Y94                                                      r  native_system/digital/scheduler/total_reg[23]_i_1/CI
    SLICE_X44Y94         CARRY4 (Prop_carry4_CI_O[3])
                                                      0.329     4.053 f  native_system/digital/scheduler/total_reg[23]_i_1/O[3]
                         net (fo=2, estimated)        1.039     5.092    native_system/digital/scheduler/total_reg[23]_i_1_n_4
    SLICE_X44Y88                                                      f  native_system/digital/scheduler/capture_sequence[7]_i_18/I3
    SLICE_X44Y88         LUT4 (Prop_lut4_I3_O)        0.306     5.398 f  native_system/digital/scheduler/capture_sequence[7]_i_18/O
                         net (fo=1, estimated)        0.413     5.811    native_system/digital/scheduler/capture_sequence[7]_i_18_n_0
    SLICE_X45Y87                                                      f  native_system/digital/scheduler/capture_sequence[7]_i_8/I1
    SLICE_X45Y87         LUT6 (Prop_lut6_I1_O)        0.124     5.935 f  native_system/digital/scheduler/capture_sequence[7]_i_8/O
                         net (fo=1, estimated)        0.396     6.331    native_system/digital/adc/spi/selected_tx_reg[0]
    SLICE_X47Y88                                                      f  native_system/digital/adc/spi/capture_sequence[7]_i_5/I1
    SLICE_X47Y88         LUT6 (Prop_lut6_I1_O)        0.124     6.455 f  native_system/digital/adc/spi/capture_sequence[7]_i_5/O
                         net (fo=6, estimated)        0.325     6.780    native_system/digital/scheduler/state1
    SLICE_X47Y88                                                      f  native_system/digital/scheduler/capture_sequence[7]_i_1/I4
    SLICE_X47Y88         LUT6 (Prop_lut6_I4_O)        0.124     6.904 r  native_system/digital/scheduler/capture_sequence[7]_i_1/O
                         net (fo=17, estimated)       0.790     7.694    native_system/digital/scheduler/capture_sequence[7]_i_1_n_0
    SLICE_X47Y89                                                      r  native_system/digital/scheduler/issued[31]_i_1/I0
    SLICE_X47Y89         LUT2 (Prop_lut2_I0_O)        0.124     7.818 r  native_system/digital/scheduler/issued[31]_i_1/O
                         net (fo=32, estimated)       0.544     8.362    native_system/digital/scheduler/issued[0]
    SLICE_X47Y91         FDCE                                         r  native_system/digital/scheduler/issued_reg[13]/CE
  -------------------------------------------------------------------    -------------------

                         (clock core132 rise edge)    7.576     7.576 r  
                                                      0.000     7.576 r  clk (IN)
                         net (fo=17925, unset)        0.924     8.500    native_system/digital/scheduler/clk
    SLICE_X47Y91         FDCE                                         r  native_system/digital/scheduler/issued_reg[13]/C
                         clock pessimism              0.000     8.500    
                         clock uncertainty           -0.035     8.465    
    SLICE_X47Y91         FDCE (Setup_fdce_C_CE)      -0.205     8.260    native_system/digital/scheduler/issued_reg[13]
  -------------------------------------------------------------------
                         required time                          8.260    
                         arrival time                          -8.362    
  -------------------------------------------------------------------
                         slack                                 -0.102    

Slack (VIOLATED) :        -0.102ns  (required time - arrival time)
  Source:                 native_system/digital/cfg_reg[9][12]/C
                            (rising edge-triggered cell FDCE clocked by core132  {rise@0.000ns fall@3.788ns period=7.576ns})
  Destination:            native_system/digital/scheduler/issued_reg[1]/CE
                            (rising edge-triggered cell FDCE clocked by core132  {rise@0.000ns fall@3.788ns period=7.576ns})
  Path Group:             core132
  Path Type:              Setup (Max at Slow Process Corner)
  Requirement:            7.576ns  (core132 rise@7.576ns - core132 rise@0.000ns)
  Data Path Delay:        7.389ns  (logic 2.561ns (34.660%)  route 4.828ns (65.340%))
  Logic Levels:           10  (CARRY4=3 LUT2=1 LUT3=1 LUT4=2 LUT6=3)
  Clock Path Skew:        -0.049ns (DCD - SCD + CPR)
    Destination Clock Delay (DCD):    0.924ns = ( 8.500 - 7.576 ) 
    Source Clock Delay      (SCD):    0.973ns
    Clock Pessimism Removal (CPR):    0.000ns
  Clock Uncertainty:      0.035ns  ((TSJ^2 + TIJ^2)^1/2 + DJ) / 2 + PE
    Total System Jitter     (TSJ):    0.071ns
    Total Input Jitter      (TIJ):    0.000ns
    Discrete Jitter          (DJ):    0.000ns
    Phase Error              (PE):    0.000ns

    Location             Delay type                Incr(ns)  Path(ns)    Netlist Resource(s)
  -------------------------------------------------------------------    -------------------
                         (clock core132 rise edge)    0.000     0.000 r  
                                                      0.000     0.000 r  clk (IN)
                         net (fo=17925, unset)        0.973     0.973    native_system/digital/clk
    SLICE_X42Y91         FDCE                                         r  native_system/digital/cfg_reg[9][12]/C
  -------------------------------------------------------------------    -------------------
    SLICE_X42Y91         FDCE (Prop_fdce_C_Q)         0.518     1.491 r  native_system/digital/cfg_reg[9][12]/Q
                         net (fo=5, estimated)        0.851     2.342    native_system/digital/scheduler/total_reg[31]_0[12]
    SLICE_X42Y92                                                      r  native_system/digital/scheduler/total[15]_i_4/I0
    SLICE_X42Y92         LUT3 (Prop_lut3_I0_O)        0.124     2.466 r  native_system/digital/scheduler/total[15]_i_4/O
                         net (fo=2, estimated)        0.470     2.936    native_system/digital/scheduler/total[15]_i_4_n_0
    SLICE_X44Y92                                                      r  native_system/digital/scheduler/total[15]_i_8/I3
    SLICE_X44Y92         LUT4 (Prop_lut4_I3_O)        0.124     3.060 r  native_system/digital/scheduler/total[15]_i_8/O
                         net (fo=1, routed)           0.000     3.060    native_system/digital/scheduler/total[15]_i_8_n_0
    SLICE_X44Y92                                                      r  native_system/digital/scheduler/total_reg[15]_i_1/S[1]
    SLICE_X44Y92         CARRY4 (Prop_carry4_S[1]_CO[3])
                                                      0.550     3.610 r  native_system/digital/scheduler/total_reg[15]_i_1/CO[3]
                         net (fo=1, estimated)        0.000     3.610    native_system/digital/scheduler/total_reg[15]_i_1_n_0
    SLICE_X44Y93                                                      r  native_system/digital/scheduler/total_reg[19]_i_1/CI
    SLICE_X44Y93         CARRY4 (Prop_carry4_CI_CO[3])
                                                      0.114     3.724 r  native_system/digital/scheduler/total_reg[19]_i_1/CO[3]
                         net (fo=1, estimated)        0.000     3.724    native_system/digital/scheduler/total_reg[19]_i_1_n_0
    SLICE_X44Y94                                                      r  native_system/digital/scheduler/total_reg[23]_i_1/CI
    SLICE_X44Y94         CARRY4 (Prop_carry4_CI_O[3])
                                                      0.329     4.053 f  native_system/digital/scheduler/total_reg[23]_i_1/O[3]
                         net (fo=2, estimated)        1.039     5.092    native_system/digital/scheduler/total_reg[23]_i_1_n_4
    SLICE_X44Y88                                                      f  native_system/digital/scheduler/capture_sequence[7]_i_18/I3
    SLICE_X44Y88         LUT4 (Prop_lut4_I3_O)        0.306     5.398 f  native_system/digital/scheduler/capture_sequence[7]_i_18/O
                         net (fo=1, estimated)        0.413     5.811    native_system/digital/scheduler/capture_sequence[7]_i_18_n_0
    SLICE_X45Y87                                                      f  native_system/digital/scheduler/capture_sequence[7]_i_8/I1
    SLICE_X45Y87         LUT6 (Prop_lut6_I1_O)        0.124     5.935 f  native_system/digital/scheduler/capture_sequence[7]_i_8/O
                         net (fo=1, estimated)        0.396     6.331    native_system/digital/adc/spi/selected_tx_reg[0]
    SLICE_X47Y88                                                      f  native_system/digital/adc/spi/capture_sequence[7]_i_5/I1
    SLICE_X47Y88         LUT6 (Prop_lut6_I1_O)        0.124     6.455 f  native_system/digital/adc/spi/capture_sequence[7]_i_5/O
                         net (fo=6, estimated)        0.325     6.780    native_system/digital/scheduler/state1
    SLICE_X47Y88                                                      f  native_system/digital/scheduler/capture_sequence[7]_i_1/I4
    SLICE_X47Y88         LUT6 (Prop_lut6_I4_O)        0.124     6.904 r  native_system/digital/scheduler/capture_sequence[7]_i_1/O
                         net (fo=17, estimated)       0.790     7.694    native_system/digital/scheduler/capture_sequence[7]_i_1_n_0
    SLICE_X47Y89                                                      r  native_system/digital/scheduler/issued[31]_i_1/I0
    SLICE_X47Y89         LUT2 (Prop_lut2_I0_O)        0.124     7.818 r  native_system/digital/scheduler/issued[31]_i_1/O
                         net (fo=32, estimated)       0.544     8.362    native_system/digital/scheduler/issued[0]
    SLICE_X47Y92         FDCE                                         r  native_system/digital/scheduler/issued_reg[1]/CE
  -------------------------------------------------------------------    -------------------

                         (clock core132 rise edge)    7.576     7.576 r  
                                                      0.000     7.576 r  clk (IN)
                         net (fo=17925, unset)        0.924     8.500    native_system/digital/scheduler/clk
    SLICE_X47Y92         FDCE                                         r  native_system/digital/scheduler/issued_reg[1]/C
                         clock pessimism              0.000     8.500    
                         clock uncertainty           -0.035     8.465    
    SLICE_X47Y92         FDCE (Setup_fdce_C_CE)      -0.205     8.260    native_system/digital/scheduler/issued_reg[1]
  -------------------------------------------------------------------
                         required time                          8.260    
                         arrival time                          -8.362    
  -------------------------------------------------------------------
                         slack                                 -0.102    

Slack (VIOLATED) :        -0.102ns  (required time - arrival time)
  Source:                 native_system/digital/cfg_reg[9][12]/C
                            (rising edge-triggered cell FDCE clocked by core132  {rise@0.000ns fall@3.788ns period=7.576ns})
  Destination:            native_system/digital/scheduler/issued_reg[22]/CE
                            (rising edge-triggered cell FDCE clocked by core132  {rise@0.000ns fall@3.788ns period=7.576ns})
  Path Group:             core132
  Path Type:              Setup (Max at Slow Process Corner)
  Requirement:            7.576ns  (core132 rise@7.576ns - core132 rise@0.000ns)
  Data Path Delay:        7.389ns  (logic 2.561ns (34.660%)  route 4.828ns (65.340%))
  Logic Levels:           10  (CARRY4=3 LUT2=1 LUT3=1 LUT4=2 LUT6=3)
  Clock Path Skew:        -0.049ns (DCD - SCD + CPR)
    Destination Clock Delay (DCD):    0.924ns = ( 8.500 - 7.576 ) 
    Source Clock Delay      (SCD):    0.973ns
    Clock Pessimism Removal (CPR):    0.000ns
  Clock Uncertainty:      0.035ns  ((TSJ^2 + TIJ^2)^1/2 + DJ) / 2 + PE
    Total System Jitter     (TSJ):    0.071ns
    Total Input Jitter      (TIJ):    0.000ns
    Discrete Jitter          (DJ):    0.000ns
    Phase Error              (PE):    0.000ns

    Location             Delay type                Incr(ns)  Path(ns)    Netlist Resource(s)
  -------------------------------------------------------------------    -------------------
                         (clock core132 rise edge)    0.000     0.000 r  
                                                      0.000     0.000 r  clk (IN)
                         net (fo=17925, unset)        0.973     0.973    native_system/digital/clk
    SLICE_X42Y91         FDCE                                         r  native_system/digital/cfg_reg[9][12]/C
  -------------------------------------------------------------------    -------------------
    SLICE_X42Y91         FDCE (Prop_fdce_C_Q)         0.518     1.491 r  native_system/digital/cfg_reg[9][12]/Q
                         net (fo=5, estimated)        0.851     2.342    native_system/digital/scheduler/total_reg[31]_0[12]
    SLICE_X42Y92                                                      r  native_system/digital/scheduler/total[15]_i_4/I0
    SLICE_X42Y92         LUT3 (Prop_lut3_I0_O)        0.124     2.466 r  native_system/digital/scheduler/total[15]_i_4/O
                         net (fo=2, estimated)        0.470     2.936    native_system/digital/scheduler/total[15]_i_4_n_0
    SLICE_X44Y92                                                      r  native_system/digital/scheduler/total[15]_i_8/I3
    SLICE_X44Y92         LUT4 (Prop_lut4_I3_O)        0.124     3.060 r  native_system/digital/scheduler/total[15]_i_8/O
                         net (fo=1, routed)           0.000     3.060    native_system/digital/scheduler/total[15]_i_8_n_0
    SLICE_X44Y92                                                      r  native_system/digital/scheduler/total_reg[15]_i_1/S[1]
    SLICE_X44Y92         CARRY4 (Prop_carry4_S[1]_CO[3])
                                                      0.550     3.610 r  native_system/digital/scheduler/total_reg[15]_i_1/CO[3]
                         net (fo=1, estimated)        0.000     3.610    native_system/digital/scheduler/total_reg[15]_i_1_n_0
    SLICE_X44Y93                                                      r  native_system/digital/scheduler/total_reg[19]_i_1/CI
    SLICE_X44Y93         CARRY4 (Prop_carry4_CI_CO[3])
                                                      0.114     3.724 r  native_system/digital/scheduler/total_reg[19]_i_1/CO[3]
                         net (fo=1, estimated)        0.000     3.724    native_system/digital/scheduler/total_reg[19]_i_1_n_0
    SLICE_X44Y94                                                      r  native_system/digital/scheduler/total_reg[23]_i_1/CI
    SLICE_X44Y94         CARRY4 (Prop_carry4_CI_O[3])
                                                      0.329     4.053 f  native_system/digital/scheduler/total_reg[23]_i_1/O[3]
                         net (fo=2, estimated)        1.039     5.092    native_system/digital/scheduler/total_reg[23]_i_1_n_4
    SLICE_X44Y88                                                      f  native_system/digital/scheduler/capture_sequence[7]_i_18/I3
    SLICE_X44Y88         LUT4 (Prop_lut4_I3_O)        0.306     5.398 f  native_system/digital/scheduler/capture_sequence[7]_i_18/O
                         net (fo=1, estimated)        0.413     5.811    native_system/digital/scheduler/capture_sequence[7]_i_18_n_0
    SLICE_X45Y87                                                      f  native_system/digital/scheduler/capture_sequence[7]_i_8/I1
    SLICE_X45Y87         LUT6 (Prop_lut6_I1_O)        0.124     5.935 f  native_system/digital/scheduler/capture_sequence[7]_i_8/O
                         net (fo=1, estimated)        0.396     6.331    native_system/digital/adc/spi/selected_tx_reg[0]
    SLICE_X47Y88                                                      f  native_system/digital/adc/spi/capture_sequence[7]_i_5/I1
    SLICE_X47Y88         LUT6 (Prop_lut6_I1_O)        0.124     6.455 f  native_system/digital/adc/spi/capture_sequence[7]_i_5/O
                         net (fo=6, estimated)        0.325     6.780    native_system/digital/scheduler/state1
    SLICE_X47Y88                                                      f  native_system/digital/scheduler/capture_sequence[7]_i_1/I4
    SLICE_X47Y88         LUT6 (Prop_lut6_I4_O)        0.124     6.904 r  native_system/digital/scheduler/capture_sequence[7]_i_1/O
                         net (fo=17, estimated)       0.790     7.694    native_system/digital/scheduler/capture_sequence[7]_i_1_n_0
    SLICE_X47Y89                                                      r  native_system/digital/scheduler/issued[31]_i_1/I0
    SLICE_X47Y89         LUT2 (Prop_lut2_I0_O)        0.124     7.818 r  native_system/digital/scheduler/issued[31]_i_1/O
                         net (fo=32, estimated)       0.544     8.362    native_system/digital/scheduler/issued[0]
    SLICE_X47Y92         FDCE                                         r  native_system/digital/scheduler/issued_reg[22]/CE
  -------------------------------------------------------------------    -------------------

                         (clock core132 rise edge)    7.576     7.576 r  
                                                      0.000     7.576 r  clk (IN)
                         net (fo=17925, unset)        0.924     8.500    native_system/digital/scheduler/clk
    SLICE_X47Y92         FDCE                                         r  native_system/digital/scheduler/issued_reg[22]/C
                         clock pessimism              0.000     8.500    
                         clock uncertainty           -0.035     8.465    
    SLICE_X47Y92         FDCE (Setup_fdce_C_CE)      -0.205     8.260    native_system/digital/scheduler/issued_reg[22]
  -------------------------------------------------------------------
                         required time                          8.260    
                         arrival time                          -8.362    
  -------------------------------------------------------------------
                         slack                                 -0.102    

Slack (VIOLATED) :        -0.102ns  (required time - arrival time)
  Source:                 native_system/digital/cfg_reg[9][12]/C
                            (rising edge-triggered cell FDCE clocked by core132  {rise@0.000ns fall@3.788ns period=7.576ns})
  Destination:            native_system/digital/scheduler/issued_reg[23]/CE
                            (rising edge-triggered cell FDCE clocked by core132  {rise@0.000ns fall@3.788ns period=7.576ns})
  Path Group:             core132
  Path Type:              Setup (Max at Slow Process Corner)
  Requirement:            7.576ns  (core132 rise@7.576ns - core132 rise@0.000ns)
  Data Path Delay:        7.389ns  (logic 2.561ns (34.660%)  route 4.828ns (65.340%))
  Logic Levels:           10  (CARRY4=3 LUT2=1 LUT3=1 LUT4=2 LUT6=3)
  Clock Path Skew:        -0.049ns (DCD - SCD + CPR)
    Destination Clock Delay (DCD):    0.924ns = ( 8.500 - 7.576 ) 
    Source Clock Delay      (SCD):    0.973ns
    Clock Pessimism Removal (CPR):    0.000ns
  Clock Uncertainty:      0.035ns  ((TSJ^2 + TIJ^2)^1/2 + DJ) / 2 + PE
    Total System Jitter     (TSJ):    0.071ns
    Total Input Jitter      (TIJ):    0.000ns
    Discrete Jitter          (DJ):    0.000ns
    Phase Error              (PE):    0.000ns

    Location             Delay type                Incr(ns)  Path(ns)    Netlist Resource(s)
  -------------------------------------------------------------------    -------------------
                         (clock core132 rise edge)    0.000     0.000 r  
                                                      0.000     0.000 r  clk (IN)
                         net (fo=17925, unset)        0.973     0.973    native_system/digital/clk
    SLICE_X42Y91         FDCE                                         r  native_system/digital/cfg_reg[9][12]/C
  -------------------------------------------------------------------    -------------------
    SLICE_X42Y91         FDCE (Prop_fdce_C_Q)         0.518     1.491 r  native_system/digital/cfg_reg[9][12]/Q
                         net (fo=5, estimated)        0.851     2.342    native_system/digital/scheduler/total_reg[31]_0[12]
    SLICE_X42Y92                                                      r  native_system/digital/scheduler/total[15]_i_4/I0
    SLICE_X42Y92         LUT3 (Prop_lut3_I0_O)        0.124     2.466 r  native_system/digital/scheduler/total[15]_i_4/O
                         net (fo=2, estimated)        0.470     2.936    native_system/digital/scheduler/total[15]_i_4_n_0
    SLICE_X44Y92                                                      r  native_system/digital/scheduler/total[15]_i_8/I3
    SLICE_X44Y92         LUT4 (Prop_lut4_I3_O)        0.124     3.060 r  native_system/digital/scheduler/total[15]_i_8/O
                         net (fo=1, routed)           0.000     3.060    native_system/digital/scheduler/total[15]_i_8_n_0
    SLICE_X44Y92                                                      r  native_system/digital/scheduler/total_reg[15]_i_1/S[1]
    SLICE_X44Y92         CARRY4 (Prop_carry4_S[1]_CO[3])
                                                      0.550     3.610 r  native_system/digital/scheduler/total_reg[15]_i_1/CO[3]
                         net (fo=1, estimated)        0.000     3.610    native_system/digital/scheduler/total_reg[15]_i_1_n_0
    SLICE_X44Y93                                                      r  native_system/digital/scheduler/total_reg[19]_i_1/CI
    SLICE_X44Y93         CARRY4 (Prop_carry4_CI_CO[3])
                                                      0.114     3.724 r  native_system/digital/scheduler/total_reg[19]_i_1/CO[3]
                         net (fo=1, estimated)        0.000     3.724    native_system/digital/scheduler/total_reg[19]_i_1_n_0
    SLICE_X44Y94                                                      r  native_system/digital/scheduler/total_reg[23]_i_1/CI
    SLICE_X44Y94         CARRY4 (Prop_carry4_CI_O[3])
                                                      0.329     4.053 f  native_system/digital/scheduler/total_reg[23]_i_1/O[3]
                         net (fo=2, estimated)        1.039     5.092    native_system/digital/scheduler/total_reg[23]_i_1_n_4
    SLICE_X44Y88                                                      f  native_system/digital/scheduler/capture_sequence[7]_i_18/I3
    SLICE_X44Y88         LUT4 (Prop_lut4_I3_O)        0.306     5.398 f  native_system/digital/scheduler/capture_sequence[7]_i_18/O
                         net (fo=1, estimated)        0.413     5.811    native_system/digital/scheduler/capture_sequence[7]_i_18_n_0
    SLICE_X45Y87                                                      f  native_system/digital/scheduler/capture_sequence[7]_i_8/I1
    SLICE_X45Y87         LUT6 (Prop_lut6_I1_O)        0.124     5.935 f  native_system/digital/scheduler/capture_sequence[7]_i_8/O
                         net (fo=1, estimated)        0.396     6.331    native_system/digital/adc/spi/selected_tx_reg[0]
    SLICE_X47Y88                                                      f  native_system/digital/adc/spi/capture_sequence[7]_i_5/I1
    SLICE_X47Y88         LUT6 (Prop_lut6_I1_O)        0.124     6.455 f  native_system/digital/adc/spi/capture_sequence[7]_i_5/O
                         net (fo=6, estimated)        0.325     6.780    native_system/digital/scheduler/state1
    SLICE_X47Y88                                                      f  native_system/digital/scheduler/capture_sequence[7]_i_1/I4
    SLICE_X47Y88         LUT6 (Prop_lut6_I4_O)        0.124     6.904 r  native_system/digital/scheduler/capture_sequence[7]_i_1/O
                         net (fo=17, estimated)       0.790     7.694    native_system/digital/scheduler/capture_sequence[7]_i_1_n_0
    SLICE_X47Y89                                                      r  native_system/digital/scheduler/issued[31]_i_1/I0
    SLICE_X47Y89         LUT2 (Prop_lut2_I0_O)        0.124     7.818 r  native_system/digital/scheduler/issued[31]_i_1/O
                         net (fo=32, estimated)       0.544     8.362    native_system/digital/scheduler/issued[0]
    SLICE_X47Y92         FDCE                                         r  native_system/digital/scheduler/issued_reg[23]/CE
  -------------------------------------------------------------------    -------------------

                         (clock core132 rise edge)    7.576     7.576 r  
                                                      0.000     7.576 r  clk (IN)
                         net (fo=17925, unset)        0.924     8.500    native_system/digital/scheduler/clk
    SLICE_X47Y92         FDCE                                         r  native_system/digital/scheduler/issued_reg[23]/C
                         clock pessimism              0.000     8.500    
                         clock uncertainty           -0.035     8.465    
    SLICE_X47Y92         FDCE (Setup_fdce_C_CE)      -0.205     8.260    native_system/digital/scheduler/issued_reg[23]
  -------------------------------------------------------------------
                         required time                          8.260    
                         arrival time                          -8.362    
  -------------------------------------------------------------------
                         slack                                 -0.102    

Slack (VIOLATED) :        -0.102ns  (required time - arrival time)
  Source:                 native_system/digital/cfg_reg[9][12]/C
                            (rising edge-triggered cell FDCE clocked by core132  {rise@0.000ns fall@3.788ns period=7.576ns})
  Destination:            native_system/digital/scheduler/issued_reg[28]/CE
                            (rising edge-triggered cell FDCE clocked by core132  {rise@0.000ns fall@3.788ns period=7.576ns})
  Path Group:             core132
  Path Type:              Setup (Max at Slow Process Corner)
  Requirement:            7.576ns  (core132 rise@7.576ns - core132 rise@0.000ns)
  Data Path Delay:        7.389ns  (logic 2.561ns (34.660%)  route 4.828ns (65.340%))
  Logic Levels:           10  (CARRY4=3 LUT2=1 LUT3=1 LUT4=2 LUT6=3)
  Clock Path Skew:        -0.049ns (DCD - SCD + CPR)
    Destination Clock Delay (DCD):    0.924ns = ( 8.500 - 7.576 ) 
    Source Clock Delay      (SCD):    0.973ns
    Clock Pessimism Removal (CPR):    0.000ns
  Clock Uncertainty:      0.035ns  ((TSJ^2 + TIJ^2)^1/2 + DJ) / 2 + PE
    Total System Jitter     (TSJ):    0.071ns
    Total Input Jitter      (TIJ):    0.000ns
    Discrete Jitter          (DJ):    0.000ns
    Phase Error              (PE):    0.000ns

    Location             Delay type                Incr(ns)  Path(ns)    Netlist Resource(s)
  -------------------------------------------------------------------    -------------------
                         (clock core132 rise edge)    0.000     0.000 r  
                                                      0.000     0.000 r  clk (IN)
                         net (fo=17925, unset)        0.973     0.973    native_system/digital/clk
    SLICE_X42Y91         FDCE                                         r  native_system/digital/cfg_reg[9][12]/C
  -------------------------------------------------------------------    -------------------
    SLICE_X42Y91         FDCE (Prop_fdce_C_Q)         0.518     1.491 r  native_system/digital/cfg_reg[9][12]/Q
                         net (fo=5, estimated)        0.851     2.342    native_system/digital/scheduler/total_reg[31]_0[12]
    SLICE_X42Y92                                                      r  native_system/digital/scheduler/total[15]_i_4/I0
    SLICE_X42Y92         LUT3 (Prop_lut3_I0_O)        0.124     2.466 r  native_system/digital/scheduler/total[15]_i_4/O
                         net (fo=2, estimated)        0.470     2.936    native_system/digital/scheduler/total[15]_i_4_n_0
    SLICE_X44Y92                                                      r  native_system/digital/scheduler/total[15]_i_8/I3
    SLICE_X44Y92         LUT4 (Prop_lut4_I3_O)        0.124     3.060 r  native_system/digital/scheduler/total[15]_i_8/O
                         net (fo=1, routed)           0.000     3.060    native_system/digital/scheduler/total[15]_i_8_n_0
    SLICE_X44Y92                                                      r  native_system/digital/scheduler/total_reg[15]_i_1/S[1]
    SLICE_X44Y92         CARRY4 (Prop_carry4_S[1]_CO[3])
                                                      0.550     3.610 r  native_system/digital/scheduler/total_reg[15]_i_1/CO[3]
                         net (fo=1, estimated)        0.000     3.610    native_system/digital/scheduler/total_reg[15]_i_1_n_0
    SLICE_X44Y93                                                      r  native_system/digital/scheduler/total_reg[19]_i_1/CI
    SLICE_X44Y93         CARRY4 (Prop_carry4_CI_CO[3])
                                                      0.114     3.724 r  native_system/digital/scheduler/total_reg[19]_i_1/CO[3]
                         net (fo=1, estimated)        0.000     3.724    native_system/digital/scheduler/total_reg[19]_i_1_n_0
    SLICE_X44Y94                                                      r  native_system/digital/scheduler/total_reg[23]_i_1/CI
    SLICE_X44Y94         CARRY4 (Prop_carry4_CI_O[3])
                                                      0.329     4.053 f  native_system/digital/scheduler/total_reg[23]_i_1/O[3]
                         net (fo=2, estimated)        1.039     5.092    native_system/digital/scheduler/total_reg[23]_i_1_n_4
    SLICE_X44Y88                                                      f  native_system/digital/scheduler/capture_sequence[7]_i_18/I3
    SLICE_X44Y88         LUT4 (Prop_lut4_I3_O)        0.306     5.398 f  native_system/digital/scheduler/capture_sequence[7]_i_18/O
                         net (fo=1, estimated)        0.413     5.811    native_system/digital/scheduler/capture_sequence[7]_i_18_n_0
    SLICE_X45Y87                                                      f  native_system/digital/scheduler/capture_sequence[7]_i_8/I1
    SLICE_X45Y87         LUT6 (Prop_lut6_I1_O)        0.124     5.935 f  native_system/digital/scheduler/capture_sequence[7]_i_8/O
                         net (fo=1, estimated)        0.396     6.331    native_system/digital/adc/spi/selected_tx_reg[0]
    SLICE_X47Y88                                                      f  native_system/digital/adc/spi/capture_sequence[7]_i_5/I1
    SLICE_X47Y88         LUT6 (Prop_lut6_I1_O)        0.124     6.455 f  native_system/digital/adc/spi/capture_sequence[7]_i_5/O
                         net (fo=6, estimated)        0.325     6.780    native_system/digital/scheduler/state1
    SLICE_X47Y88                                                      f  native_system/digital/scheduler/capture_sequence[7]_i_1/I4
    SLICE_X47Y88         LUT6 (Prop_lut6_I4_O)        0.124     6.904 r  native_system/digital/scheduler/capture_sequence[7]_i_1/O
                         net (fo=17, estimated)       0.790     7.694    native_system/digital/scheduler/capture_sequence[7]_i_1_n_0
    SLICE_X47Y89                                                      r  native_system/digital/scheduler/issued[31]_i_1/I0
    SLICE_X47Y89         LUT2 (Prop_lut2_I0_O)        0.124     7.818 r  native_system/digital/scheduler/issued[31]_i_1/O
                         net (fo=32, estimated)       0.544     8.362    native_system/digital/scheduler/issued[0]
    SLICE_X47Y91         FDCE                                         r  native_system/digital/scheduler/issued_reg[28]/CE
  -------------------------------------------------------------------    -------------------

                         (clock core132 rise edge)    7.576     7.576 r  
                                                      0.000     7.576 r  clk (IN)
                         net (fo=17925, unset)        0.924     8.500    native_system/digital/scheduler/clk
    SLICE_X47Y91         FDCE                                         r  native_system/digital/scheduler/issued_reg[28]/C
                         clock pessimism              0.000     8.500    
                         clock uncertainty           -0.035     8.465    
    SLICE_X47Y91         FDCE (Setup_fdce_C_CE)      -0.205     8.260    native_system/digital/scheduler/issued_reg[28]
  -------------------------------------------------------------------
                         required time                          8.260    
                         arrival time                          -8.362    
  -------------------------------------------------------------------
                         slack                                 -0.102    

Slack (VIOLATED) :        -0.102ns  (required time - arrival time)
  Source:                 native_system/digital/cfg_reg[9][12]/C
                            (rising edge-triggered cell FDCE clocked by core132  {rise@0.000ns fall@3.788ns period=7.576ns})
  Destination:            native_system/digital/scheduler/issued_reg[29]/CE
                            (rising edge-triggered cell FDCE clocked by core132  {rise@0.000ns fall@3.788ns period=7.576ns})
  Path Group:             core132
  Path Type:              Setup (Max at Slow Process Corner)
  Requirement:            7.576ns  (core132 rise@7.576ns - core132 rise@0.000ns)
  Data Path Delay:        7.389ns  (logic 2.561ns (34.660%)  route 4.828ns (65.340%))
  Logic Levels:           10  (CARRY4=3 LUT2=1 LUT3=1 LUT4=2 LUT6=3)
  Clock Path Skew:        -0.049ns (DCD - SCD + CPR)
    Destination Clock Delay (DCD):    0.924ns = ( 8.500 - 7.576 ) 
    Source Clock Delay      (SCD):    0.973ns
    Clock Pessimism Removal (CPR):    0.000ns
  Clock Uncertainty:      0.035ns  ((TSJ^2 + TIJ^2)^1/2 + DJ) / 2 + PE
    Total System Jitter     (TSJ):    0.071ns
    Total Input Jitter      (TIJ):    0.000ns
    Discrete Jitter          (DJ):    0.000ns
    Phase Error              (PE):    0.000ns

    Location             Delay type                Incr(ns)  Path(ns)    Netlist Resource(s)
  -------------------------------------------------------------------    -------------------
                         (clock core132 rise edge)    0.000     0.000 r  
                                                      0.000     0.000 r  clk (IN)
                         net (fo=17925, unset)        0.973     0.973    native_system/digital/clk
    SLICE_X42Y91         FDCE                                         r  native_system/digital/cfg_reg[9][12]/C
  -------------------------------------------------------------------    -------------------
    SLICE_X42Y91         FDCE (Prop_fdce_C_Q)         0.518     1.491 r  native_system/digital/cfg_reg[9][12]/Q
                         net (fo=5, estimated)        0.851     2.342    native_system/digital/scheduler/total_reg[31]_0[12]
    SLICE_X42Y92                                                      r  native_system/digital/scheduler/total[15]_i_4/I0
    SLICE_X42Y92         LUT3 (Prop_lut3_I0_O)        0.124     2.466 r  native_system/digital/scheduler/total[15]_i_4/O
                         net (fo=2, estimated)        0.470     2.936    native_system/digital/scheduler/total[15]_i_4_n_0
    SLICE_X44Y92                                                      r  native_system/digital/scheduler/total[15]_i_8/I3
    SLICE_X44Y92         LUT4 (Prop_lut4_I3_O)        0.124     3.060 r  native_system/digital/scheduler/total[15]_i_8/O
                         net (fo=1, routed)           0.000     3.060    native_system/digital/scheduler/total[15]_i_8_n_0
    SLICE_X44Y92                                                      r  native_system/digital/scheduler/total_reg[15]_i_1/S[1]
    SLICE_X44Y92         CARRY4 (Prop_carry4_S[1]_CO[3])
                                                      0.550     3.610 r  native_system/digital/scheduler/total_reg[15]_i_1/CO[3]
                         net (fo=1, estimated)        0.000     3.610    native_system/digital/scheduler/total_reg[15]_i_1_n_0
    SLICE_X44Y93                                                      r  native_system/digital/scheduler/total_reg[19]_i_1/CI
    SLICE_X44Y93         CARRY4 (Prop_carry4_CI_CO[3])
                                                      0.114     3.724 r  native_system/digital/scheduler/total_reg[19]_i_1/CO[3]
                         net (fo=1, estimated)        0.000     3.724    native_system/digital/scheduler/total_reg[19]_i_1_n_0
    SLICE_X44Y94                                                      r  native_system/digital/scheduler/total_reg[23]_i_1/CI
    SLICE_X44Y94         CARRY4 (Prop_carry4_CI_O[3])
                                                      0.329     4.053 f  native_system/digital/scheduler/total_reg[23]_i_1/O[3]
                         net (fo=2, estimated)        1.039     5.092    native_system/digital/scheduler/total_reg[23]_i_1_n_4
    SLICE_X44Y88                                                      f  native_system/digital/scheduler/capture_sequence[7]_i_18/I3
    SLICE_X44Y88         LUT4 (Prop_lut4_I3_O)        0.306     5.398 f  native_system/digital/scheduler/capture_sequence[7]_i_18/O
                         net (fo=1, estimated)        0.413     5.811    native_system/digital/scheduler/capture_sequence[7]_i_18_n_0
    SLICE_X45Y87                                                      f  native_system/digital/scheduler/capture_sequence[7]_i_8/I1
    SLICE_X45Y87         LUT6 (Prop_lut6_I1_O)        0.124     5.935 f  native_system/digital/scheduler/capture_sequence[7]_i_8/O
                         net (fo=1, estimated)        0.396     6.331    native_system/digital/adc/spi/selected_tx_reg[0]
    SLICE_X47Y88                                                      f  native_system/digital/adc/spi/capture_sequence[7]_i_5/I1
    SLICE_X47Y88         LUT6 (Prop_lut6_I1_O)        0.124     6.455 f  native_system/digital/adc/spi/capture_sequence[7]_i_5/O
                         net (fo=6, estimated)        0.325     6.780    native_system/digital/scheduler/state1
    SLICE_X47Y88                                                      f  native_system/digital/scheduler/capture_sequence[7]_i_1/I4
    SLICE_X47Y88         LUT6 (Prop_lut6_I4_O)        0.124     6.904 r  native_system/digital/scheduler/capture_sequence[7]_i_1/O
                         net (fo=17, estimated)       0.790     7.694    native_system/digital/scheduler/capture_sequence[7]_i_1_n_0
    SLICE_X47Y89                                                      r  native_system/digital/scheduler/issued[31]_i_1/I0
    SLICE_X47Y89         LUT2 (Prop_lut2_I0_O)        0.124     7.818 r  native_system/digital/scheduler/issued[31]_i_1/O
                         net (fo=32, estimated)       0.544     8.362    native_system/digital/scheduler/issued[0]
    SLICE_X47Y91         FDCE                                         r  native_system/digital/scheduler/issued_reg[29]/CE
  -------------------------------------------------------------------    -------------------

                         (clock core132 rise edge)    7.576     7.576 r  
                                                      0.000     7.576 r  clk (IN)
                         net (fo=17925, unset)        0.924     8.500    native_system/digital/scheduler/clk
    SLICE_X47Y91         FDCE                                         r  native_system/digital/scheduler/issued_reg[29]/C
                         clock pessimism              0.000     8.500    
                         clock uncertainty           -0.035     8.465    
    SLICE_X47Y91         FDCE (Setup_fdce_C_CE)      -0.205     8.260    native_system/digital/scheduler/issued_reg[29]
  -------------------------------------------------------------------
                         required time                          8.260    
                         arrival time                          -8.362    
  -------------------------------------------------------------------
                         slack                                 -0.102    

Slack (VIOLATED) :        -0.102ns  (required time - arrival time)
  Source:                 native_system/digital/cfg_reg[9][12]/C
                            (rising edge-triggered cell FDCE clocked by core132  {rise@0.000ns fall@3.788ns period=7.576ns})
  Destination:            native_system/digital/scheduler/issued_reg[4]/CE
                            (rising edge-triggered cell FDCE clocked by core132  {rise@0.000ns fall@3.788ns period=7.576ns})
  Path Group:             core132
  Path Type:              Setup (Max at Slow Process Corner)
  Requirement:            7.576ns  (core132 rise@7.576ns - core132 rise@0.000ns)
  Data Path Delay:        7.389ns  (logic 2.561ns (34.660%)  route 4.828ns (65.340%))
  Logic Levels:           10  (CARRY4=3 LUT2=1 LUT3=1 LUT4=2 LUT6=3)
  Clock Path Skew:        -0.049ns (DCD - SCD + CPR)
    Destination Clock Delay (DCD):    0.924ns = ( 8.500 - 7.576 ) 
    Source Clock Delay      (SCD):    0.973ns
    Clock Pessimism Removal (CPR):    0.000ns
  Clock Uncertainty:      0.035ns  ((TSJ^2 + TIJ^2)^1/2 + DJ) / 2 + PE
    Total System Jitter     (TSJ):    0.071ns
    Total Input Jitter      (TIJ):    0.000ns
    Discrete Jitter          (DJ):    0.000ns
    Phase Error              (PE):    0.000ns

    Location             Delay type                Incr(ns)  Path(ns)    Netlist Resource(s)
  -------------------------------------------------------------------    -------------------
                         (clock core132 rise edge)    0.000     0.000 r  
                                                      0.000     0.000 r  clk (IN)
                         net (fo=17925, unset)        0.973     0.973    native_system/digital/clk
    SLICE_X42Y91         FDCE                                         r  native_system/digital/cfg_reg[9][12]/C
  -------------------------------------------------------------------    -------------------
    SLICE_X42Y91         FDCE (Prop_fdce_C_Q)         0.518     1.491 r  native_system/digital/cfg_reg[9][12]/Q
                         net (fo=5, estimated)        0.851     2.342    native_system/digital/scheduler/total_reg[31]_0[12]
    SLICE_X42Y92                                                      r  native_system/digital/scheduler/total[15]_i_4/I0
    SLICE_X42Y92         LUT3 (Prop_lut3_I0_O)        0.124     2.466 r  native_system/digital/scheduler/total[15]_i_4/O
                         net (fo=2, estimated)        0.470     2.936    native_system/digital/scheduler/total[15]_i_4_n_0
    SLICE_X44Y92                                                      r  native_system/digital/scheduler/total[15]_i_8/I3
    SLICE_X44Y92         LUT4 (Prop_lut4_I3_O)        0.124     3.060 r  native_system/digital/scheduler/total[15]_i_8/O
                         net (fo=1, routed)           0.000     3.060    native_system/digital/scheduler/total[15]_i_8_n_0
    SLICE_X44Y92                                                      r  native_system/digital/scheduler/total_reg[15]_i_1/S[1]
    SLICE_X44Y92         CARRY4 (Prop_carry4_S[1]_CO[3])
                                                      0.550     3.610 r  native_system/digital/scheduler/total_reg[15]_i_1/CO[3]
                         net (fo=1, estimated)        0.000     3.610    native_system/digital/scheduler/total_reg[15]_i_1_n_0
    SLICE_X44Y93                                                      r  native_system/digital/scheduler/total_reg[19]_i_1/CI
    SLICE_X44Y93         CARRY4 (Prop_carry4_CI_CO[3])
                                                      0.114     3.724 r  native_system/digital/scheduler/total_reg[19]_i_1/CO[3]
                         net (fo=1, estimated)        0.000     3.724    native_system/digital/scheduler/total_reg[19]_i_1_n_0
    SLICE_X44Y94                                                      r  native_system/digital/scheduler/total_reg[23]_i_1/CI
    SLICE_X44Y94         CARRY4 (Prop_carry4_CI_O[3])
                                                      0.329     4.053 f  native_system/digital/scheduler/total_reg[23]_i_1/O[3]
                         net (fo=2, estimated)        1.039     5.092    native_system/digital/scheduler/total_reg[23]_i_1_n_4
    SLICE_X44Y88                                                      f  native_system/digital/scheduler/capture_sequence[7]_i_18/I3
    SLICE_X44Y88         LUT4 (Prop_lut4_I3_O)        0.306     5.398 f  native_system/digital/scheduler/capture_sequence[7]_i_18/O
                         net (fo=1, estimated)        0.413     5.811    native_system/digital/scheduler/capture_sequence[7]_i_18_n_0
    SLICE_X45Y87                                                      f  native_system/digital/scheduler/capture_sequence[7]_i_8/I1
    SLICE_X45Y87         LUT6 (Prop_lut6_I1_O)        0.124     5.935 f  native_system/digital/scheduler/capture_sequence[7]_i_8/O
                         net (fo=1, estimated)        0.396     6.331    native_system/digital/adc/spi/selected_tx_reg[0]
    SLICE_X47Y88                                                      f  native_system/digital/adc/spi/capture_sequence[7]_i_5/I1
    SLICE_X47Y88         LUT6 (Prop_lut6_I1_O)        0.124     6.455 f  native_system/digital/adc/spi/capture_sequence[7]_i_5/O
                         net (fo=6, estimated)        0.325     6.780    native_system/digital/scheduler/state1
    SLICE_X47Y88                                                      f  native_system/digital/scheduler/capture_sequence[7]_i_1/I4
    SLICE_X47Y88         LUT6 (Prop_lut6_I4_O)        0.124     6.904 r  native_system/digital/scheduler/capture_sequence[7]_i_1/O
                         net (fo=17, estimated)       0.790     7.694    native_system/digital/scheduler/capture_sequence[7]_i_1_n_0
    SLICE_X47Y89                                                      r  native_system/digital/scheduler/issued[31]_i_1/I0
    SLICE_X47Y89         LUT2 (Prop_lut2_I0_O)        0.124     7.818 r  native_system/digital/scheduler/issued[31]_i_1/O
                         net (fo=32, estimated)       0.544     8.362    native_system/digital/scheduler/issued[0]
    SLICE_X47Y92         FDCE                                         r  native_system/digital/scheduler/issued_reg[4]/CE
  -------------------------------------------------------------------    -------------------

                         (clock core132 rise edge)    7.576     7.576 r  
                                                      0.000     7.576 r  clk (IN)
                         net (fo=17925, unset)        0.924     8.500    native_system/digital/scheduler/clk
    SLICE_X47Y92         FDCE                                         r  native_system/digital/scheduler/issued_reg[4]/C
                         clock pessimism              0.000     8.500    
                         clock uncertainty           -0.035     8.465    
    SLICE_X47Y92         FDCE (Setup_fdce_C_CE)      -0.205     8.260    native_system/digital/scheduler/issued_reg[4]
  -------------------------------------------------------------------
                         required time                          8.260    
                         arrival time                          -8.362    
  -------------------------------------------------------------------
                         slack                                 -0.102    

Slack (VIOLATED) :        -0.102ns  (required time - arrival time)
  Source:                 native_system/digital/cfg_reg[9][12]/C
                            (rising edge-triggered cell FDCE clocked by core132  {rise@0.000ns fall@3.788ns period=7.576ns})
  Destination:            native_system/digital/scheduler/issued_reg[5]/CE
                            (rising edge-triggered cell FDCE clocked by core132  {rise@0.000ns fall@3.788ns period=7.576ns})
  Path Group:             core132
  Path Type:              Setup (Max at Slow Process Corner)
  Requirement:            7.576ns  (core132 rise@7.576ns - core132 rise@0.000ns)
  Data Path Delay:        7.389ns  (logic 2.561ns (34.660%)  route 4.828ns (65.340%))
  Logic Levels:           10  (CARRY4=3 LUT2=1 LUT3=1 LUT4=2 LUT6=3)
  Clock Path Skew:        -0.049ns (DCD - SCD + CPR)
    Destination Clock Delay (DCD):    0.924ns = ( 8.500 - 7.576 ) 
    Source Clock Delay      (SCD):    0.973ns
    Clock Pessimism Removal (CPR):    0.000ns
  Clock Uncertainty:      0.035ns  ((TSJ^2 + TIJ^2)^1/2 + DJ) / 2 + PE
    Total System Jitter     (TSJ):    0.071ns
    Total Input Jitter      (TIJ):    0.000ns
    Discrete Jitter          (DJ):    0.000ns
    Phase Error              (PE):    0.000ns

    Location             Delay type                Incr(ns)  Path(ns)    Netlist Resource(s)
  -------------------------------------------------------------------    -------------------
                         (clock core132 rise edge)    0.000     0.000 r  
                                                      0.000     0.000 r  clk (IN)
                         net (fo=17925, unset)        0.973     0.973    native_system/digital/clk
    SLICE_X42Y91         FDCE                                         r  native_system/digital/cfg_reg[9][12]/C
  -------------------------------------------------------------------    -------------------
    SLICE_X42Y91         FDCE (Prop_fdce_C_Q)         0.518     1.491 r  native_system/digital/cfg_reg[9][12]/Q
                         net (fo=5, estimated)        0.851     2.342    native_system/digital/scheduler/total_reg[31]_0[12]
    SLICE_X42Y92                                                      r  native_system/digital/scheduler/total[15]_i_4/I0
    SLICE_X42Y92         LUT3 (Prop_lut3_I0_O)        0.124     2.466 r  native_system/digital/scheduler/total[15]_i_4/O
                         net (fo=2, estimated)        0.470     2.936    native_system/digital/scheduler/total[15]_i_4_n_0
    SLICE_X44Y92                                                      r  native_system/digital/scheduler/total[15]_i_8/I3
    SLICE_X44Y92         LUT4 (Prop_lut4_I3_O)        0.124     3.060 r  native_system/digital/scheduler/total[15]_i_8/O
                         net (fo=1, routed)           0.000     3.060    native_system/digital/scheduler/total[15]_i_8_n_0
    SLICE_X44Y92                                                      r  native_system/digital/scheduler/total_reg[15]_i_1/S[1]
    SLICE_X44Y92         CARRY4 (Prop_carry4_S[1]_CO[3])
                                                      0.550     3.610 r  native_system/digital/scheduler/total_reg[15]_i_1/CO[3]
                         net (fo=1, estimated)        0.000     3.610    native_system/digital/scheduler/total_reg[15]_i_1_n_0
    SLICE_X44Y93                                                      r  native_system/digital/scheduler/total_reg[19]_i_1/CI
    SLICE_X44Y93         CARRY4 (Prop_carry4_CI_CO[3])
                                                      0.114     3.724 r  native_system/digital/scheduler/total_reg[19]_i_1/CO[3]
                         net (fo=1, estimated)        0.000     3.724    native_system/digital/scheduler/total_reg[19]_i_1_n_0
    SLICE_X44Y94                                                      r  native_system/digital/scheduler/total_reg[23]_i_1/CI
    SLICE_X44Y94         CARRY4 (Prop_carry4_CI_O[3])
                                                      0.329     4.053 f  native_system/digital/scheduler/total_reg[23]_i_1/O[3]
                         net (fo=2, estimated)        1.039     5.092    native_system/digital/scheduler/total_reg[23]_i_1_n_4
    SLICE_X44Y88                                                      f  native_system/digital/scheduler/capture_sequence[7]_i_18/I3
    SLICE_X44Y88         LUT4 (Prop_lut4_I3_O)        0.306     5.398 f  native_system/digital/scheduler/capture_sequence[7]_i_18/O
                         net (fo=1, estimated)        0.413     5.811    native_system/digital/scheduler/capture_sequence[7]_i_18_n_0
    SLICE_X45Y87                                                      f  native_system/digital/scheduler/capture_sequence[7]_i_8/I1
    SLICE_X45Y87         LUT6 (Prop_lut6_I1_O)        0.124     5.935 f  native_system/digital/scheduler/capture_sequence[7]_i_8/O
                         net (fo=1, estimated)        0.396     6.331    native_system/digital/adc/spi/selected_tx_reg[0]
    SLICE_X47Y88                                                      f  native_system/digital/adc/spi/capture_sequence[7]_i_5/I1
    SLICE_X47Y88         LUT6 (Prop_lut6_I1_O)        0.124     6.455 f  native_system/digital/adc/spi/capture_sequence[7]_i_5/O
                         net (fo=6, estimated)        0.325     6.780    native_system/digital/scheduler/state1
    SLICE_X47Y88                                                      f  native_system/digital/scheduler/capture_sequence[7]_i_1/I4
    SLICE_X47Y88         LUT6 (Prop_lut6_I4_O)        0.124     6.904 r  native_system/digital/scheduler/capture_sequence[7]_i_1/O
                         net (fo=17, estimated)       0.790     7.694    native_system/digital/scheduler/capture_sequence[7]_i_1_n_0
    SLICE_X47Y89                                                      r  native_system/digital/scheduler/issued[31]_i_1/I0
    SLICE_X47Y89         LUT2 (Prop_lut2_I0_O)        0.124     7.818 r  native_system/digital/scheduler/issued[31]_i_1/O
                         net (fo=32, estimated)       0.544     8.362    native_system/digital/scheduler/issued[0]
    SLICE_X47Y92         FDCE                                         r  native_system/digital/scheduler/issued_reg[5]/CE
  -------------------------------------------------------------------    -------------------

                         (clock core132 rise edge)    7.576     7.576 r  
                                                      0.000     7.576 r  clk (IN)
                         net (fo=17925, unset)        0.924     8.500    native_system/digital/scheduler/clk
    SLICE_X47Y92         FDCE                                         r  native_system/digital/scheduler/issued_reg[5]/C
                         clock pessimism              0.000     8.500    
                         clock uncertainty           -0.035     8.465    
    SLICE_X47Y92         FDCE (Setup_fdce_C_CE)      -0.205     8.260    native_system/digital/scheduler/issued_reg[5]
  -------------------------------------------------------------------
                         required time                          8.260    
                         arrival time                          -8.362    
  -------------------------------------------------------------------
                         slack                                 -0.102    

Slack (VIOLATED) :        -0.102ns  (required time - arrival time)
  Source:                 native_system/digital/cfg_reg[9][12]/C
                            (rising edge-triggered cell FDCE clocked by core132  {rise@0.000ns fall@3.788ns period=7.576ns})
  Destination:            native_system/digital/scheduler/issued_reg[6]/CE
                            (rising edge-triggered cell FDCE clocked by core132  {rise@0.000ns fall@3.788ns period=7.576ns})
  Path Group:             core132
  Path Type:              Setup (Max at Slow Process Corner)
  Requirement:            7.576ns  (core132 rise@7.576ns - core132 rise@0.000ns)
  Data Path Delay:        7.389ns  (logic 2.561ns (34.660%)  route 4.828ns (65.340%))
  Logic Levels:           10  (CARRY4=3 LUT2=1 LUT3=1 LUT4=2 LUT6=3)
  Clock Path Skew:        -0.049ns (DCD - SCD + CPR)
    Destination Clock Delay (DCD):    0.924ns = ( 8.500 - 7.576 ) 
    Source Clock Delay      (SCD):    0.973ns
    Clock Pessimism Removal (CPR):    0.000ns
  Clock Uncertainty:      0.035ns  ((TSJ^2 + TIJ^2)^1/2 + DJ) / 2 + PE
    Total System Jitter     (TSJ):    0.071ns
    Total Input Jitter      (TIJ):    0.000ns
    Discrete Jitter          (DJ):    0.000ns
    Phase Error              (PE):    0.000ns

    Location             Delay type                Incr(ns)  Path(ns)    Netlist Resource(s)
  -------------------------------------------------------------------    -------------------
                         (clock core132 rise edge)    0.000     0.000 r  
                                                      0.000     0.000 r  clk (IN)
                         net (fo=17925, unset)        0.973     0.973    native_system/digital/clk
    SLICE_X42Y91         FDCE                                         r  native_system/digital/cfg_reg[9][12]/C
  -------------------------------------------------------------------    -------------------
    SLICE_X42Y91         FDCE (Prop_fdce_C_Q)         0.518     1.491 r  native_system/digital/cfg_reg[9][12]/Q
                         net (fo=5, estimated)        0.851     2.342    native_system/digital/scheduler/total_reg[31]_0[12]
    SLICE_X42Y92                                                      r  native_system/digital/scheduler/total[15]_i_4/I0
    SLICE_X42Y92         LUT3 (Prop_lut3_I0_O)        0.124     2.466 r  native_system/digital/scheduler/total[15]_i_4/O
                         net (fo=2, estimated)        0.470     2.936    native_system/digital/scheduler/total[15]_i_4_n_0
    SLICE_X44Y92                                                      r  native_system/digital/scheduler/total[15]_i_8/I3
    SLICE_X44Y92         LUT4 (Prop_lut4_I3_O)        0.124     3.060 r  native_system/digital/scheduler/total[15]_i_8/O
                         net (fo=1, routed)           0.000     3.060    native_system/digital/scheduler/total[15]_i_8_n_0
    SLICE_X44Y92                                                      r  native_system/digital/scheduler/total_reg[15]_i_1/S[1]
    SLICE_X44Y92         CARRY4 (Prop_carry4_S[1]_CO[3])
                                                      0.550     3.610 r  native_system/digital/scheduler/total_reg[15]_i_1/CO[3]
                         net (fo=1, estimated)        0.000     3.610    native_system/digital/scheduler/total_reg[15]_i_1_n_0
    SLICE_X44Y93                                                      r  native_system/digital/scheduler/total_reg[19]_i_1/CI
    SLICE_X44Y93         CARRY4 (Prop_carry4_CI_CO[3])
                                                      0.114     3.724 r  native_system/digital/scheduler/total_reg[19]_i_1/CO[3]
                         net (fo=1, estimated)        0.000     3.724    native_system/digital/scheduler/total_reg[19]_i_1_n_0
    SLICE_X44Y94                                                      r  native_system/digital/scheduler/total_reg[23]_i_1/CI
    SLICE_X44Y94         CARRY4 (Prop_carry4_CI_O[3])
                                                      0.329     4.053 f  native_system/digital/scheduler/total_reg[23]_i_1/O[3]
                         net (fo=2, estimated)        1.039     5.092    native_system/digital/scheduler/total_reg[23]_i_1_n_4
    SLICE_X44Y88                                                      f  native_system/digital/scheduler/capture_sequence[7]_i_18/I3
    SLICE_X44Y88         LUT4 (Prop_lut4_I3_O)        0.306     5.398 f  native_system/digital/scheduler/capture_sequence[7]_i_18/O
                         net (fo=1, estimated)        0.413     5.811    native_system/digital/scheduler/capture_sequence[7]_i_18_n_0
    SLICE_X45Y87                                                      f  native_system/digital/scheduler/capture_sequence[7]_i_8/I1
    SLICE_X45Y87         LUT6 (Prop_lut6_I1_O)        0.124     5.935 f  native_system/digital/scheduler/capture_sequence[7]_i_8/O
                         net (fo=1, estimated)        0.396     6.331    native_system/digital/adc/spi/selected_tx_reg[0]
    SLICE_X47Y88                                                      f  native_system/digital/adc/spi/capture_sequence[7]_i_5/I1
    SLICE_X47Y88         LUT6 (Prop_lut6_I1_O)        0.124     6.455 f  native_system/digital/adc/spi/capture_sequence[7]_i_5/O
                         net (fo=6, estimated)        0.325     6.780    native_system/digital/scheduler/state1
    SLICE_X47Y88                                                      f  native_system/digital/scheduler/capture_sequence[7]_i_1/I4
    SLICE_X47Y88         LUT6 (Prop_lut6_I4_O)        0.124     6.904 r  native_system/digital/scheduler/capture_sequence[7]_i_1/O
                         net (fo=17, estimated)       0.790     7.694    native_system/digital/scheduler/capture_sequence[7]_i_1_n_0
    SLICE_X47Y89                                                      r  native_system/digital/scheduler/issued[31]_i_1/I0
    SLICE_X47Y89         LUT2 (Prop_lut2_I0_O)        0.124     7.818 r  native_system/digital/scheduler/issued[31]_i_1/O
                         net (fo=32, estimated)       0.544     8.362    native_system/digital/scheduler/issued[0]
    SLICE_X47Y92         FDCE                                         r  native_system/digital/scheduler/issued_reg[6]/CE
  -------------------------------------------------------------------    -------------------

                         (clock core132 rise edge)    7.576     7.576 r  
                                                      0.000     7.576 r  clk (IN)
                         net (fo=17925, unset)        0.924     8.500    native_system/digital/scheduler/clk
    SLICE_X47Y92         FDCE                                         r  native_system/digital/scheduler/issued_reg[6]/C
                         clock pessimism              0.000     8.500    
                         clock uncertainty           -0.035     8.465    
    SLICE_X47Y92         FDCE (Setup_fdce_C_CE)      -0.205     8.260    native_system/digital/scheduler/issued_reg[6]
  -------------------------------------------------------------------
                         required time                          8.260    
                         arrival time                          -8.362    
  -------------------------------------------------------------------
                         slack                                 -0.102    

Slack (VIOLATED) :        -0.102ns  (required time - arrival time)
  Source:                 native_system/digital/cfg_reg[9][12]/C
                            (rising edge-triggered cell FDCE clocked by core132  {rise@0.000ns fall@3.788ns period=7.576ns})
  Destination:            native_system/digital/scheduler/issued_reg[7]/CE
                            (rising edge-triggered cell FDCE clocked by core132  {rise@0.000ns fall@3.788ns period=7.576ns})
  Path Group:             core132
  Path Type:              Setup (Max at Slow Process Corner)
  Requirement:            7.576ns  (core132 rise@7.576ns - core132 rise@0.000ns)
  Data Path Delay:        7.389ns  (logic 2.561ns (34.660%)  route 4.828ns (65.340%))
  Logic Levels:           10  (CARRY4=3 LUT2=1 LUT3=1 LUT4=2 LUT6=3)
  Clock Path Skew:        -0.049ns (DCD - SCD + CPR)
    Destination Clock Delay (DCD):    0.924ns = ( 8.500 - 7.576 ) 
    Source Clock Delay      (SCD):    0.973ns
    Clock Pessimism Removal (CPR):    0.000ns
  Clock Uncertainty:      0.035ns  ((TSJ^2 + TIJ^2)^1/2 + DJ) / 2 + PE
    Total System Jitter     (TSJ):    0.071ns
    Total Input Jitter      (TIJ):    0.000ns
    Discrete Jitter          (DJ):    0.000ns
    Phase Error              (PE):    0.000ns

    Location             Delay type                Incr(ns)  Path(ns)    Netlist Resource(s)
  -------------------------------------------------------------------    -------------------
                         (clock core132 rise edge)    0.000     0.000 r  
                                                      0.000     0.000 r  clk (IN)
                         net (fo=17925, unset)        0.973     0.973    native_system/digital/clk
    SLICE_X42Y91         FDCE                                         r  native_system/digital/cfg_reg[9][12]/C
  -------------------------------------------------------------------    -------------------
    SLICE_X42Y91         FDCE (Prop_fdce_C_Q)         0.518     1.491 r  native_system/digital/cfg_reg[9][12]/Q
                         net (fo=5, estimated)        0.851     2.342    native_system/digital/scheduler/total_reg[31]_0[12]
    SLICE_X42Y92                                                      r  native_system/digital/scheduler/total[15]_i_4/I0
    SLICE_X42Y92         LUT3 (Prop_lut3_I0_O)        0.124     2.466 r  native_system/digital/scheduler/total[15]_i_4/O
                         net (fo=2, estimated)        0.470     2.936    native_system/digital/scheduler/total[15]_i_4_n_0
    SLICE_X44Y92                                                      r  native_system/digital/scheduler/total[15]_i_8/I3
    SLICE_X44Y92         LUT4 (Prop_lut4_I3_O)        0.124     3.060 r  native_system/digital/scheduler/total[15]_i_8/O
                         net (fo=1, routed)           0.000     3.060    native_system/digital/scheduler/total[15]_i_8_n_0
    SLICE_X44Y92                                                      r  native_system/digital/scheduler/total_reg[15]_i_1/S[1]
    SLICE_X44Y92         CARRY4 (Prop_carry4_S[1]_CO[3])
                                                      0.550     3.610 r  native_system/digital/scheduler/total_reg[15]_i_1/CO[3]
                         net (fo=1, estimated)        0.000     3.610    native_system/digital/scheduler/total_reg[15]_i_1_n_0
    SLICE_X44Y93                                                      r  native_system/digital/scheduler/total_reg[19]_i_1/CI
    SLICE_X44Y93         CARRY4 (Prop_carry4_CI_CO[3])
                                                      0.114     3.724 r  native_system/digital/scheduler/total_reg[19]_i_1/CO[3]
                         net (fo=1, estimated)        0.000     3.724    native_system/digital/scheduler/total_reg[19]_i_1_n_0
    SLICE_X44Y94                                                      r  native_system/digital/scheduler/total_reg[23]_i_1/CI
    SLICE_X44Y94         CARRY4 (Prop_carry4_CI_O[3])
                                                      0.329     4.053 f  native_system/digital/scheduler/total_reg[23]_i_1/O[3]
                         net (fo=2, estimated)        1.039     5.092    native_system/digital/scheduler/total_reg[23]_i_1_n_4
    SLICE_X44Y88                                                      f  native_system/digital/scheduler/capture_sequence[7]_i_18/I3
    SLICE_X44Y88         LUT4 (Prop_lut4_I3_O)        0.306     5.398 f  native_system/digital/scheduler/capture_sequence[7]_i_18/O
                         net (fo=1, estimated)        0.413     5.811    native_system/digital/scheduler/capture_sequence[7]_i_18_n_0
    SLICE_X45Y87                                                      f  native_system/digital/scheduler/capture_sequence[7]_i_8/I1
    SLICE_X45Y87         LUT6 (Prop_lut6_I1_O)        0.124     5.935 f  native_system/digital/scheduler/capture_sequence[7]_i_8/O
                         net (fo=1, estimated)        0.396     6.331    native_system/digital/adc/spi/selected_tx_reg[0]
    SLICE_X47Y88                                                      f  native_system/digital/adc/spi/capture_sequence[7]_i_5/I1
    SLICE_X47Y88         LUT6 (Prop_lut6_I1_O)        0.124     6.455 f  native_system/digital/adc/spi/capture_sequence[7]_i_5/O
                         net (fo=6, estimated)        0.325     6.780    native_system/digital/scheduler/state1
    SLICE_X47Y88                                                      f  native_system/digital/scheduler/capture_sequence[7]_i_1/I4
    SLICE_X47Y88         LUT6 (Prop_lut6_I4_O)        0.124     6.904 r  native_system/digital/scheduler/capture_sequence[7]_i_1/O
                         net (fo=17, estimated)       0.790     7.694    native_system/digital/scheduler/capture_sequence[7]_i_1_n_0
    SLICE_X47Y89                                                      r  native_system/digital/scheduler/issued[31]_i_1/I0
    SLICE_X47Y89         LUT2 (Prop_lut2_I0_O)        0.124     7.818 r  native_system/digital/scheduler/issued[31]_i_1/O
                         net (fo=32, estimated)       0.544     8.362    native_system/digital/scheduler/issued[0]
    SLICE_X47Y92         FDCE                                         r  native_system/digital/scheduler/issued_reg[7]/CE
  -------------------------------------------------------------------    -------------------

                         (clock core132 rise edge)    7.576     7.576 r  
                                                      0.000     7.576 r  clk (IN)
                         net (fo=17925, unset)        0.924     8.500    native_system/digital/scheduler/clk
    SLICE_X47Y92         FDCE                                         r  native_system/digital/scheduler/issued_reg[7]/C
                         clock pessimism              0.000     8.500    
                         clock uncertainty           -0.035     8.465    
    SLICE_X47Y92         FDCE (Setup_fdce_C_CE)      -0.205     8.260    native_system/digital/scheduler/issued_reg[7]
  -------------------------------------------------------------------
                         required time                          8.260    
                         arrival time                          -8.362    
  -------------------------------------------------------------------
                         slack                                 -0.102    




