Copyright 1986-2022 Xilinx, Inc. All Rights Reserved. Copyright 2022-2025 Advanced Micro Devices, Inc. All Rights Reserved.
---------------------------------------------------------------------------------------------------------------------------------------------
| Tool Version : Vivado v.2025.2 (win64) Build 6299465 Fri Nov 14 19:35:11 GMT 2025
| Date         : Sat Oct 10 02:07:02 2026
| Host         : [REDACTED_WINDOWS_HOST] running 64-bit major release  (build 9200)
| Command      : report_drc -file E:/Codex_project/AMD_Sonofield/v5/evidence/next_stage/20261010/expanded_current2/drc_reopened.rpt
| Design       : nextstage_pl
| Device       : xc7z020clg400-2
| Speed File   : -2
| Design State : Fully Routed
---------------------------------------------------------------------------------------------------------------------------------------------

Report DRC

Table of Contents
-----------------
1. REPORT SUMMARY
2. REPORT DETAILS

1. REPORT SUMMARY
-----------------
            Netlist: netlist
          Floorplan: checkpoint_nextstage_pl_routed
      Design limits: <entire design considered>
           Ruledeck: default
             Max checks: <unlimited>
             Checks found: 347
+-----------+----------+----------------------------+--------+
| Rule      | Severity | Description                | Checks |
+-----------+----------+----------------------------+--------+
| REQP-1839 | Warning  | RAMB36 async control check | 346    |
| ZPS7-1    | Warning  | PS7 block required         | 1      |
+-----------+----------+----------------------------+--------+

2. REPORT DETAILS
-----------------
REQP-1839#1 Warning
RAMB36 async control check  
The RAMB36E1 implementation/core/native_system/digital/scheduler/memory_reg_0 has an input control pin implementation/core/native_system/digital/scheduler/memory_reg_0/ADDRARDADDR[10] (net: implementation/core/native_system/digital/scheduler/frame_count[5]) which is driven by a register (implementation/core/native_system/digital/scheduler/frame_count_reg[5]) that has an active asychronous set or reset. This may cause corruption of the memory contents and/or read values when the set/reset is asserted and is not analyzed by the default static timing analysis. It is suggested to eliminate the use of a set/reset to registers driving this RAMB pin or else use a synchronous reset in which the assertion of the reset is timed by default.
Related violations: <none>

REQP-1839#2 Warning
RAMB36 async control check  
The RAMB36E1 implementation/core/native_system/digital/scheduler/memory_reg_0 has an input control pin implementation/core/native_system/digital/scheduler/memory_reg_0/ADDRARDADDR[11] (net: implementation/core/native_system/digital/scheduler/frame_count[6]) which is driven by a register (implementation/core/native_system/digital/scheduler/frame_count_reg[6]) that has an active asychronous set or reset. This may cause corruption of the memory contents and/or read values when the set/reset is asserted and is not analyzed by the default static timing analysis. It is suggested to eliminate the use of a set/reset to registers driving this RAMB pin or else use a synchronous reset in which the assertion of the reset is timed by default.
Related violations: <none>

REQP-1839#3 Warning
RAMB36 async control check  
The RAMB36E1 implementation/core/native_system/digital/scheduler/memory_reg_0 has an input control pin implementation/core/native_system/digital/scheduler/memory_reg_0/ADDRARDADDR[12] (net: implementation/core/native_system/digital/scheduler/frame_count[7]) which is driven by a register (implementation/core/native_system/digital/scheduler/frame_count_reg[7]) that has an active asychronous set or reset. This may cause corruption of the memory contents and/or read values when the set/reset is asserted and is not analyzed by the default static timing analysis. It is suggested to eliminate the use of a set/reset to registers driving this RAMB pin or else use a synchronous reset in which the assertion of the reset is timed by default.
Related violations: <none>

REQP-1839#4 Warning
RAMB36 async control check  
The RAMB36E1 implementation/core/native_system/digital/scheduler/memory_reg_0 has an input control pin implementation/core/native_system/digital/scheduler/memory_reg_0/ADDRARDADDR[13] (net: implementation/core/native_system/digital/scheduler/frame_count[8]) which is driven by a register (implementation/core/native_system/digital/scheduler/frame_count_reg[8]) that has an active asychronous set or reset. This may cause corruption of the memory contents and/or read values when the set/reset is asserted and is not analyzed by the default static timing analysis. It is suggested to eliminate the use of a set/reset to registers driving this RAMB pin or else use a synchronous reset in which the assertion of the reset is timed by default.
Related violations: <none>

REQP-1839#5 Warning
RAMB36 async control check  
The RAMB36E1 implementation/core/native_system/digital/scheduler/memory_reg_0 has an input control pin implementation/core/native_system/digital/scheduler/memory_reg_0/ADDRARDADDR[14] (net: implementation/core/native_system/digital/scheduler/frame_count_reg[10]_0[0]) which is driven by a register (implementation/core/native_system/digital/scheduler/frame_count_reg[9]) that has an active asychronous set or reset. This may cause corruption of the memory contents and/or read values when the set/reset is asserted and is not analyzed by the default static timing analysis. It is suggested to eliminate the use of a set/reset to registers driving this RAMB pin or else use a synchronous reset in which the assertion of the reset is timed by default.
Related violations: <none>

REQP-1839#6 Warning
RAMB36 async control check  
The RAMB36E1 implementation/core/native_system/digital/scheduler/memory_reg_0 has an input control pin implementation/core/native_system/digital/scheduler/memory_reg_0/ADDRARDADDR[5] (net: implementation/core/native_system/digital/scheduler/frame_count[0]) which is driven by a register (implementation/core/native_system/digital/scheduler/frame_count_reg[0]) that has an active asychronous set or reset. This may cause corruption of the memory contents and/or read values when the set/reset is asserted and is not analyzed by the default static timing analysis. It is suggested to eliminate the use of a set/reset to registers driving this RAMB pin or else use a synchronous reset in which the assertion of the reset is timed by default.
Related violations: <none>

REQP-1839#7 Warning
RAMB36 async control check  
The RAMB36E1 implementation/core/native_system/digital/scheduler/memory_reg_0 has an input control pin implementation/core/native_system/digital/scheduler/memory_reg_0/ADDRARDADDR[6] (net: implementation/core/native_system/digital/scheduler/frame_count[1]) which is driven by a register (implementation/core/native_system/digital/scheduler/frame_count_reg[1]) that has an active asychronous set or reset. This may cause corruption of the memory contents and/or read values when the set/reset is asserted and is not analyzed by the default static timing analysis. It is suggested to eliminate the use of a set/reset to registers driving this RAMB pin or else use a synchronous reset in which the assertion of the reset is timed by default.
Related violations: <none>

REQP-1839#8 Warning
RAMB36 async control check  
The RAMB36E1 implementation/core/native_system/digital/scheduler/memory_reg_0 has an input control pin implementation/core/native_system/digital/scheduler/memory_reg_0/ADDRARDADDR[7] (net: implementation/core/native_system/digital/scheduler/frame_count[2]) which is driven by a register (implementation/core/native_system/digital/scheduler/frame_count_reg[2]) that has an active asychronous set or reset. This may cause corruption of the memory contents and/or read values when the set/reset is asserted and is not analyzed by the default static timing analysis. It is suggested to eliminate the use of a set/reset to registers driving this RAMB pin or else use a synchronous reset in which the assertion of the reset is timed by default.
Related violations: <none>

REQP-1839#9 Warning
RAMB36 async control check  
The RAMB36E1 implementation/core/native_system/digital/scheduler/memory_reg_0 has an input control pin implementation/core/native_system/digital/scheduler/memory_reg_0/ADDRARDADDR[8] (net: implementation/core/native_system/digital/scheduler/frame_count[3]) which is driven by a register (implementation/core/native_system/digital/scheduler/frame_count_reg[3]) that has an active asychronous set or reset. This may cause corruption of the memory contents and/or read values when the set/reset is asserted and is not analyzed by the default static timing analysis. It is suggested to eliminate the use of a set/reset to registers driving this RAMB pin or else use a synchronous reset in which the assertion of the reset is timed by default.
Related violations: <none>

REQP-1839#10 Warning
RAMB36 async control check  
The RAMB36E1 implementation/core/native_system/digital/scheduler/memory_reg_0 has an input control pin implementation/core/native_system/digital/scheduler/memory_reg_0/ADDRARDADDR[9] (net: implementation/core/native_system/digital/scheduler/frame_count[4]) which is driven by a register (implementation/core/native_system/digital/scheduler/frame_count_reg[4]) that has an active asychronous set or reset. This may cause corruption of the memory contents and/or read values when the set/reset is asserted and is not analyzed by the default static timing analysis. It is suggested to eliminate the use of a set/reset to registers driving this RAMB pin or else use a synchronous reset in which the assertion of the reset is timed by default.
Related violations: <none>

REQP-1839#11 Warning
RAMB36 async control check  
The RAMB36E1 implementation/core/native_system/digital/scheduler/memory_reg_0 has an input control pin implementation/core/native_system/digital/scheduler/memory_reg_0/ADDRBWRADDR[10] (net: implementation/core/native_system/digital/scheduler/memory_reg_0_0[7]) which is driven by a register (implementation/core/native_system/digital/cfg_reg[14][7]) that has an active asychronous set or reset. This may cause corruption of the memory contents and/or read values when the set/reset is asserted and is not analyzed by the default static timing analysis. It is suggested to eliminate the use of a set/reset to registers driving this RAMB pin or else use a synchronous reset in which the assertion of the reset is timed by default.
Related violations: <none>

REQP-1839#12 Warning
RAMB36 async control check  
The RAMB36E1 implementation/core/native_system/digital/scheduler/memory_reg_0 has an input control pin implementation/core/native_system/digital/scheduler/memory_reg_0/ADDRBWRADDR[11] (net: implementation/core/native_system/digital/scheduler/memory_reg_0_0[8]) which is driven by a register (implementation/core/native_system/digital/cfg_reg[14][8]) that has an active asychronous set or reset. This may cause corruption of the memory contents and/or read values when the set/reset is asserted and is not analyzed by the default static timing analysis. It is suggested to eliminate the use of a set/reset to registers driving this RAMB pin or else use a synchronous reset in which the assertion of the reset is timed by default.
Related violations: <none>

REQP-1839#13 Warning
RAMB36 async control check  
The RAMB36E1 implementation/core/native_system/digital/scheduler/memory_reg_0 has an input control pin implementation/core/native_system/digital/scheduler/memory_reg_0/ADDRBWRADDR[12] (net: implementation/core/native_system/digital/scheduler/memory_reg_0_0[9]) which is driven by a register (implementation/core/native_system/digital/cfg_reg[14][9]) that has an active asychronous set or reset. This may cause corruption of the memory contents and/or read values when the set/reset is asserted and is not analyzed by the default static timing analysis. It is suggested to eliminate the use of a set/reset to registers driving this RAMB pin or else use a synchronous reset in which the assertion of the reset is timed by default.
Related violations: <none>

REQP-1839#14 Warning
RAMB36 async control check  
The RAMB36E1 implementation/core/native_system/digital/scheduler/memory_reg_0 has an input control pin implementation/core/native_system/digital/scheduler/memory_reg_0/ADDRBWRADDR[13] (net: implementation/core/native_system/digital/scheduler/memory_reg_0_0[10]) which is driven by a register (implementation/core/native_system/digital/cfg_reg[14][10]) that has an active asychronous set or reset. This may cause corruption of the memory contents and/or read values when the set/reset is asserted and is not analyzed by the default static timing analysis. It is suggested to eliminate the use of a set/reset to registers driving this RAMB pin or else use a synchronous reset in which the assertion of the reset is timed by default.
Related violations: <none>

REQP-1839#15 Warning
RAMB36 async control check  
The RAMB36E1 implementation/core/native_system/digital/scheduler/memory_reg_0 has an input control pin implementation/core/native_system/digital/scheduler/memory_reg_0/ADDRBWRADDR[14] (net: implementation/core/native_system/digital/scheduler/memory_reg_0_0[11]) which is driven by a register (implementation/core/native_system/digital/cfg_reg[14][11]) that has an active asychronous set or reset. This may cause corruption of the memory contents and/or read values when the set/reset is asserted and is not analyzed by the default static timing analysis. It is suggested to eliminate the use of a set/reset to registers driving this RAMB pin or else use a synchronous reset in which the assertion of the reset is timed by default.
Related violations: <none>

REQP-1839#16 Warning
RAMB36 async control check  
The RAMB36E1 implementation/core/native_system/digital/scheduler/memory_reg_0 has an input control pin implementation/core/native_system/digital/scheduler/memory_reg_0/ADDRBWRADDR[5] (net: implementation/core/native_system/digital/scheduler/memory_reg_0_0[2]) which is driven by a register (implementation/core/native_system/digital/cfg_reg[14][2]) that has an active asychronous set or reset. This may cause corruption of the memory contents and/or read values when the set/reset is asserted and is not analyzed by the default static timing analysis. It is suggested to eliminate the use of a set/reset to registers driving this RAMB pin or else use a synchronous reset in which the assertion of the reset is timed by default.
Related violations: <none>

REQP-1839#17 Warning
RAMB36 async control check  
The RAMB36E1 implementation/core/native_system/digital/scheduler/memory_reg_0 has an input control pin implementation/core/native_system/digital/scheduler/memory_reg_0/ADDRBWRADDR[6] (net: implementation/core/native_system/digital/scheduler/memory_reg_0_0[3]) which is driven by a register (implementation/core/native_system/digital/cfg_reg[14][3]) that has an active asychronous set or reset. This may cause corruption of the memory contents and/or read values when the set/reset is asserted and is not analyzed by the default static timing analysis. It is suggested to eliminate the use of a set/reset to registers driving this RAMB pin or else use a synchronous reset in which the assertion of the reset is timed by default.
Related violations: <none>

REQP-1839#18 Warning
RAMB36 async control check  
The RAMB36E1 implementation/core/native_system/digital/scheduler/memory_reg_0 has an input control pin implementation/core/native_system/digital/scheduler/memory_reg_0/ADDRBWRADDR[7] (net: implementation/core/native_system/digital/scheduler/memory_reg_0_0[4]) which is driven by a register (implementation/core/native_system/digital/cfg_reg[14][4]) that has an active asychronous set or reset. This may cause corruption of the memory contents and/or read values when the set/reset is asserted and is not analyzed by the default static timing analysis. It is suggested to eliminate the use of a set/reset to registers driving this RAMB pin or else use a synchronous reset in which the assertion of the reset is timed by default.
Related violations: <none>

REQP-1839#19 Warning
RAMB36 async control check  
The RAMB36E1 implementation/core/native_system/digital/scheduler/memory_reg_0 has an input control pin implementation/core/native_system/digital/scheduler/memory_reg_0/ADDRBWRADDR[8] (net: implementation/core/native_system/digital/scheduler/memory_reg_0_0[5]) which is driven by a register (implementation/core/native_system/digital/cfg_reg[14][5]) that has an active asychronous set or reset. This may cause corruption of the memory contents and/or read values when the set/reset is asserted and is not analyzed by the default static timing analysis. It is suggested to eliminate the use of a set/reset to registers driving this RAMB pin or else use a synchronous reset in which the assertion of the reset is timed by default.
Related violations: <none>

REQP-1839#20 Warning
RAMB36 async control check  
The RAMB36E1 implementation/core/native_system/digital/scheduler/memory_reg_0 has an input control pin implementation/core/native_system/digital/scheduler/memory_reg_0/ADDRBWRADDR[9] (net: implementation/core/native_system/digital/scheduler/memory_reg_0_0[6]) which is driven by a register (implementation/core/native_system/digital/cfg_reg[14][6]) that has an active asychronous set or reset. This may cause corruption of the memory contents and/or read values when the set/reset is asserted and is not analyzed by the default static timing analysis. It is suggested to eliminate the use of a set/reset to registers driving this RAMB pin or else use a synchronous reset in which the assertion of the reset is timed by default.
Related violations: <none>

REQP-1839#21 Warning
RAMB36 async control check  
The RAMB36E1 implementation/core/native_system/digital/scheduler/memory_reg_0 has an input control pin implementation/core/native_system/digital/scheduler/memory_reg_0/ENARDEN (net: implementation/core/native_system/digital/scheduler/frame_count_reg[10]_0[1]) which is driven by a register (implementation/core/native_system/digital/scheduler/frame_count_reg[10]) that has an active asychronous set or reset. This may cause corruption of the memory contents and/or read values when the set/reset is asserted and is not analyzed by the default static timing analysis. It is suggested to eliminate the use of a set/reset to registers driving this RAMB pin or else use a synchronous reset in which the assertion of the reset is timed by default.
Related violations: <none>

REQP-1839#22 Warning
RAMB36 async control check  
The RAMB36E1 implementation/core/native_system/digital/scheduler/memory_reg_0 has an input control pin implementation/core/native_system/digital/scheduler/memory_reg_0/ENBWREN (net: implementation/core/native_system/digital/scheduler/memory_reg_0_0[1]) which is driven by a register (implementation/core/native_system/digital/cfg_reg[14][1]) that has an active asychronous set or reset. This may cause corruption of the memory contents and/or read values when the set/reset is asserted and is not analyzed by the default static timing analysis. It is suggested to eliminate the use of a set/reset to registers driving this RAMB pin or else use a synchronous reset in which the assertion of the reset is timed by default.
Related violations: <none>

REQP-1839#23 Warning
RAMB36 async control check  
The RAMB36E1 implementation/core/native_system/digital/scheduler/memory_reg_0 has an input control pin implementation/core/native_system/digital/scheduler/memory_reg_0/WEA[0] (net: implementation/core/native_system/digital/scheduler/WEA[0]) which is driven by a register (implementation/core/native_system/digital/abort_reg) that has an active asychronous set or reset. This may cause corruption of the memory contents and/or read values when the set/reset is asserted and is not analyzed by the default static timing analysis. It is suggested to eliminate the use of a set/reset to registers driving this RAMB pin or else use a synchronous reset in which the assertion of the reset is timed by default.
Related violations: <none>

REQP-1839#24 Warning
RAMB36 async control check  
The RAMB36E1 implementation/core/native_system/digital/scheduler/memory_reg_0 has an input control pin implementation/core/native_system/digital/scheduler/memory_reg_0/WEA[0] (net: implementation/core/native_system/digital/scheduler/WEA[0]) which is driven by a register (implementation/core/native_system/digital/bank/command_error_reg) that has an active asychronous set or reset. This may cause corruption of the memory contents and/or read values when the set/reset is asserted and is not analyzed by the default static timing analysis. It is suggested to eliminate the use of a set/reset to registers driving this RAMB pin or else use a synchronous reset in which the assertion of the reset is timed by default.
Related violations: <none>

REQP-1839#25 Warning
RAMB36 async control check  
The RAMB36E1 implementation/core/native_system/digital/scheduler/memory_reg_0 has an input control pin implementation/core/native_system/digital/scheduler/memory_reg_0/WEA[0] (net: implementation/core/native_system/digital/scheduler/WEA[0]) which is driven by a register (implementation/core/native_system/digital/bus_error_reg) that has an active asychronous set or reset. This may cause corruption of the memory contents and/or read values when the set/reset is asserted and is not analyzed by the default static timing analysis. It is suggested to eliminate the use of a set/reset to registers driving this RAMB pin or else use a synchronous reset in which the assertion of the reset is timed by default.
Related violations: <none>

REQP-1839#26 Warning
RAMB36 async control check  
The RAMB36E1 implementation/core/native_system/digital/scheduler/memory_reg_0 has an input control pin implementation/core/native_system/digital/scheduler/memory_reg_0/WEA[0] (net: implementation/core/native_system/digital/scheduler/WEA[0]) which is driven by a register (implementation/core/native_system/digital/c16.adc/error_reg) that has an active asychronous set or reset. This may cause corruption of the memory contents and/or read values when the set/reset is asserted and is not analyzed by the default static timing analysis. It is suggested to eliminate the use of a set/reset to registers driving this RAMB pin or else use a synchronous reset in which the assertion of the reset is timed by default.
Related violations: <none>

REQP-1839#27 Warning
RAMB36 async control check  
The RAMB36E1 implementation/core/native_system/digital/scheduler/memory_reg_0 has an input control pin implementation/core/native_system/digital/scheduler/memory_reg_0/WEA[0] (net: implementation/core/native_system/digital/scheduler/WEA[0]) which is driven by a register (implementation/core/native_system/digital/c16.adc/frame_valid_reg) that has an active asychronous set or reset. This may cause corruption of the memory contents and/or read values when the set/reset is asserted and is not analyzed by the default static timing analysis. It is suggested to eliminate the use of a set/reset to registers driving this RAMB pin or else use a synchronous reset in which the assertion of the reset is timed by default.
Related violations: <none>

REQP-1839#28 Warning
RAMB36 async control check  
The RAMB36E1 implementation/core/native_system/digital/scheduler/memory_reg_0 has an input control pin implementation/core/native_system/digital/scheduler/memory_reg_0/WEA[0] (net: implementation/core/native_system/digital/scheduler/WEA[0]) which is driven by a register (implementation/core/native_system/digital/enable_sync_reg[1]) that has an active asychronous set or reset. This may cause corruption of the memory contents and/or read values when the set/reset is asserted and is not analyzed by the default static timing analysis. It is suggested to eliminate the use of a set/reset to registers driving this RAMB pin or else use a synchronous reset in which the assertion of the reset is timed by default.
Related violations: <none>

REQP-1839#29 Warning
RAMB36 async control check  
The RAMB36E1 implementation/core/native_system/digital/scheduler/memory_reg_0 has an input control pin implementation/core/native_system/digital/scheduler/memory_reg_0/WEA[0] (net: implementation/core/native_system/digital/scheduler/WEA[0]) which is driven by a register (implementation/core/native_system/digital/map_fault_latched_reg) that has an active asychronous set or reset. This may cause corruption of the memory contents and/or read values when the set/reset is asserted and is not analyzed by the default static timing analysis. It is suggested to eliminate the use of a set/reset to registers driving this RAMB pin or else use a synchronous reset in which the assertion of the reset is timed by default.
Related violations: <none>

REQP-1839#30 Warning
RAMB36 async control check  
The RAMB36E1 implementation/core/native_system/digital/scheduler/memory_reg_0 has an input control pin implementation/core/native_system/digital/scheduler/memory_reg_0/WEA[0] (net: implementation/core/native_system/digital/scheduler/WEA[0]) which is driven by a register (implementation/core/native_system/digital/mode_reg[0]) that has an active asychronous set or reset. This may cause corruption of the memory contents and/or read values when the set/reset is asserted and is not analyzed by the default static timing analysis. It is suggested to eliminate the use of a set/reset to registers driving this RAMB pin or else use a synchronous reset in which the assertion of the reset is timed by default.
Related violations: <none>

REQP-1839#31 Warning
RAMB36 async control check  
The RAMB36E1 implementation/core/native_system/digital/scheduler/memory_reg_0 has an input control pin implementation/core/native_system/digital/scheduler/memory_reg_0/WEA[0] (net: implementation/core/native_system/digital/scheduler/WEA[0]) which is driven by a register (implementation/core/native_system/digital/mode_reg[1]) that has an active asychronous set or reset. This may cause corruption of the memory contents and/or read values when the set/reset is asserted and is not analyzed by the default static timing analysis. It is suggested to eliminate the use of a set/reset to registers driving this RAMB pin or else use a synchronous reset in which the assertion of the reset is timed by default.
Related violations: <none>

REQP-1839#32 Warning
RAMB36 async control check  
The RAMB36E1 implementation/core/native_system/digital/scheduler/memory_reg_0 has an input control pin implementation/core/native_system/digital/scheduler/memory_reg_0/WEA[0] (net: implementation/core/native_system/digital/scheduler/WEA[0]) which is driven by a register (implementation/core/native_system/digital/mode_reg[2]) that has an active asychronous set or reset. This may cause corruption of the memory contents and/or read values when the set/reset is asserted and is not analyzed by the default static timing analysis. It is suggested to eliminate the use of a set/reset to registers driving this RAMB pin or else use a synchronous reset in which the assertion of the reset is timed by default.
Related violations: <none>

REQP-1839#33 Warning
RAMB36 async control check  
The RAMB36E1 implementation/core/native_system/digital/scheduler/memory_reg_0 has an input control pin implementation/core/native_system/digital/scheduler/memory_reg_0/WEA[0] (net: implementation/core/native_system/digital/scheduler/WEA[0]) which is driven by a register (implementation/core/native_system/digital/reset_sync_reg[1]) that has an active asychronous set or reset. This may cause corruption of the memory contents and/or read values when the set/reset is asserted and is not analyzed by the default static timing analysis. It is suggested to eliminate the use of a set/reset to registers driving this RAMB pin or else use a synchronous reset in which the assertion of the reset is timed by default.
Related violations: <none>

REQP-1839#34 Warning
RAMB36 async control check  
The RAMB36E1 implementation/core/native_system/digital/scheduler/memory_reg_0 has an input control pin implementation/core/native_system/digital/scheduler/memory_reg_0/WEA[0] (net: implementation/core/native_system/digital/scheduler/WEA[0]) which is driven by a register (implementation/core/native_system/digital/scheduler/error_reg) that has an active asychronous set or reset. This may cause corruption of the memory contents and/or read values when the set/reset is asserted and is not analyzed by the default static timing analysis. It is suggested to eliminate the use of a set/reset to registers driving this RAMB pin or else use a synchronous reset in which the assertion of the reset is timed by default.
Related violations: <none>

REQP-1839#35 Warning
RAMB36 async control check  
The RAMB36E1 implementation/core/native_system/digital/scheduler/memory_reg_0 has an input control pin implementation/core/native_system/digital/scheduler/memory_reg_0/WEA[0] (net: implementation/core/native_system/digital/scheduler/WEA[0]) which is driven by a register (implementation/core/native_system/digital/scheduler/state_reg[1]) that has an active asychronous set or reset. This may cause corruption of the memory contents and/or read values when the set/reset is asserted and is not analyzed by the default static timing analysis. It is suggested to eliminate the use of a set/reset to registers driving this RAMB pin or else use a synchronous reset in which the assertion of the reset is timed by default.
Related violations: <none>

REQP-1839#36 Warning
RAMB36 async control check  
The RAMB36E1 implementation/core/native_system/digital/scheduler/memory_reg_0 has an input control pin implementation/core/native_system/digital/scheduler/memory_reg_0/WEA[0] (net: implementation/core/native_system/digital/scheduler/WEA[0]) which is driven by a register (implementation/core/native_system/digital/scheduler/state_reg[2]) that has an active asychronous set or reset. This may cause corruption of the memory contents and/or read values when the set/reset is asserted and is not analyzed by the default static timing analysis. It is suggested to eliminate the use of a set/reset to registers driving this RAMB pin or else use a synchronous reset in which the assertion of the reset is timed by default.
Related violations: <none>

REQP-1839#37 Warning
RAMB36 async control check  
The RAMB36E1 implementation/core/native_system/digital/scheduler/memory_reg_0 has an input control pin implementation/core/native_system/digital/scheduler/memory_reg_0/WEA[0] (net: implementation/core/native_system/digital/scheduler/WEA[0]) which is driven by a register (implementation/core/native_system/digital/serial/overrun_reg) that has an active asychronous set or reset. This may cause corruption of the memory contents and/or read values when the set/reset is asserted and is not analyzed by the default static timing analysis. It is suggested to eliminate the use of a set/reset to registers driving this RAMB pin or else use a synchronous reset in which the assertion of the reset is timed by default.
Related violations: <none>

REQP-1839#38 Warning
RAMB36 async control check  
The RAMB36E1 implementation/core/native_system/digital/scheduler/memory_reg_0 has an input control pin implementation/core/native_system/digital/scheduler/memory_reg_0/WEA[0] (net: implementation/core/native_system/digital/scheduler/WEA[0]) which is driven by a register (implementation/core/native_system/digital/software_enable_reg) that has an active asychronous set or reset. This may cause corruption of the memory contents and/or read values when the set/reset is asserted and is not analyzed by the default static timing analysis. It is suggested to eliminate the use of a set/reset to registers driving this RAMB pin or else use a synchronous reset in which the assertion of the reset is timed by default.
Related violations: <none>

REQP-1839#39 Warning
RAMB36 async control check  
The RAMB36E1 implementation/core/native_system/digital/scheduler/memory_reg_0 has an input control pin implementation/core/native_system/digital/scheduler/memory_reg_0/WEA[1] (net: implementation/core/native_system/digital/scheduler/WEA[0]) which is driven by a register (implementation/core/native_system/digital/abort_reg) that has an active asychronous set or reset. This may cause corruption of the memory contents and/or read values when the set/reset is asserted and is not analyzed by the default static timing analysis. It is suggested to eliminate the use of a set/reset to registers driving this RAMB pin or else use a synchronous reset in which the assertion of the reset is timed by default.
Related violations: <none>

REQP-1839#40 Warning
RAMB36 async control check  
The RAMB36E1 implementation/core/native_system/digital/scheduler/memory_reg_0 has an input control pin implementation/core/native_system/digital/scheduler/memory_reg_0/WEA[1] (net: implementation/core/native_system/digital/scheduler/WEA[0]) which is driven by a register (implementation/core/native_system/digital/bank/command_error_reg) that has an active asychronous set or reset. This may cause corruption of the memory contents and/or read values when the set/reset is asserted and is not analyzed by the default static timing analysis. It is suggested to eliminate the use of a set/reset to registers driving this RAMB pin or else use a synchronous reset in which the assertion of the reset is timed by default.
Related violations: <none>

REQP-1839#41 Warning
RAMB36 async control check  
The RAMB36E1 implementation/core/native_system/digital/scheduler/memory_reg_0 has an input control pin implementation/core/native_system/digital/scheduler/memory_reg_0/WEA[1] (net: implementation/core/native_system/digital/scheduler/WEA[0]) which is driven by a register (implementation/core/native_system/digital/bus_error_reg) that has an active asychronous set or reset. This may cause corruption of the memory contents and/or read values when the set/reset is asserted and is not analyzed by the default static timing analysis. It is suggested to eliminate the use of a set/reset to registers driving this RAMB pin or else use a synchronous reset in which the assertion of the reset is timed by default.
Related violations: <none>

REQP-1839#42 Warning
RAMB36 async control check  
The RAMB36E1 implementation/core/native_system/digital/scheduler/memory_reg_0 has an input control pin implementation/core/native_system/digital/scheduler/memory_reg_0/WEA[1] (net: implementation/core/native_system/digital/scheduler/WEA[0]) which is driven by a register (implementation/core/native_system/digital/c16.adc/error_reg) that has an active asychronous set or reset. This may cause corruption of the memory contents and/or read values when the set/reset is asserted and is not analyzed by the default static timing analysis. It is suggested to eliminate the use of a set/reset to registers driving this RAMB pin or else use a synchronous reset in which the assertion of the reset is timed by default.
Related violations: <none>

REQP-1839#43 Warning
RAMB36 async control check  
The RAMB36E1 implementation/core/native_system/digital/scheduler/memory_reg_0 has an input control pin implementation/core/native_system/digital/scheduler/memory_reg_0/WEA[1] (net: implementation/core/native_system/digital/scheduler/WEA[0]) which is driven by a register (implementation/core/native_system/digital/c16.adc/frame_valid_reg) that has an active asychronous set or reset. This may cause corruption of the memory contents and/or read values when the set/reset is asserted and is not analyzed by the default static timing analysis. It is suggested to eliminate the use of a set/reset to registers driving this RAMB pin or else use a synchronous reset in which the assertion of the reset is timed by default.
Related violations: <none>

REQP-1839#44 Warning
RAMB36 async control check  
The RAMB36E1 implementation/core/native_system/digital/scheduler/memory_reg_0 has an input control pin implementation/core/native_system/digital/scheduler/memory_reg_0/WEA[1] (net: implementation/core/native_system/digital/scheduler/WEA[0]) which is driven by a register (implementation/core/native_system/digital/enable_sync_reg[1]) that has an active asychronous set or reset. This may cause corruption of the memory contents and/or read values when the set/reset is asserted and is not analyzed by the default static timing analysis. It is suggested to eliminate the use of a set/reset to registers driving this RAMB pin or else use a synchronous reset in which the assertion of the reset is timed by default.
Related violations: <none>

REQP-1839#45 Warning
RAMB36 async control check  
The RAMB36E1 implementation/core/native_system/digital/scheduler/memory_reg_0 has an input control pin implementation/core/native_system/digital/scheduler/memory_reg_0/WEA[1] (net: implementation/core/native_system/digital/scheduler/WEA[0]) which is driven by a register (implementation/core/native_system/digital/map_fault_latched_reg) that has an active asychronous set or reset. This may cause corruption of the memory contents and/or read values when the set/reset is asserted and is not analyzed by the default static timing analysis. It is suggested to eliminate the use of a set/reset to registers driving this RAMB pin or else use a synchronous reset in which the assertion of the reset is timed by default.
Related violations: <none>

REQP-1839#46 Warning
RAMB36 async control check  
The RAMB36E1 implementation/core/native_system/digital/scheduler/memory_reg_0 has an input control pin implementation/core/native_system/digital/scheduler/memory_reg_0/WEA[1] (net: implementation/core/native_system/digital/scheduler/WEA[0]) which is driven by a register (implementation/core/native_system/digital/mode_reg[0]) that has an active asychronous set or reset. This may cause corruption of the memory contents and/or read values when the set/reset is asserted and is not analyzed by the default static timing analysis. It is suggested to eliminate the use of a set/reset to registers driving this RAMB pin or else use a synchronous reset in which the assertion of the reset is timed by default.
Related violations: <none>

REQP-1839#47 Warning
RAMB36 async control check  
The RAMB36E1 implementation/core/native_system/digital/scheduler/memory_reg_0 has an input control pin implementation/core/native_system/digital/scheduler/memory_reg_0/WEA[1] (net: implementation/core/native_system/digital/scheduler/WEA[0]) which is driven by a register (implementation/core/native_system/digital/mode_reg[1]) that has an active asychronous set or reset. This may cause corruption of the memory contents and/or read values when the set/reset is asserted and is not analyzed by the default static timing analysis. It is suggested to eliminate the use of a set/reset to registers driving this RAMB pin or else use a synchronous reset in which the assertion of the reset is timed by default.
Related violations: <none>

REQP-1839#48 Warning
RAMB36 async control check  
The RAMB36E1 implementation/core/native_system/digital/scheduler/memory_reg_0 has an input control pin implementation/core/native_system/digital/scheduler/memory_reg_0/WEA[1] (net: implementation/core/native_system/digital/scheduler/WEA[0]) which is driven by a register (implementation/core/native_system/digital/mode_reg[2]) that has an active asychronous set or reset. This may cause corruption of the memory contents and/or read values when the set/reset is asserted and is not analyzed by the default static timing analysis. It is suggested to eliminate the use of a set/reset to registers driving this RAMB pin or else use a synchronous reset in which the assertion of the reset is timed by default.
Related violations: <none>

REQP-1839#49 Warning
RAMB36 async control check  
The RAMB36E1 implementation/core/native_system/digital/scheduler/memory_reg_0 has an input control pin implementation/core/native_system/digital/scheduler/memory_reg_0/WEA[1] (net: implementation/core/native_system/digital/scheduler/WEA[0]) which is driven by a register (implementation/core/native_system/digital/reset_sync_reg[1]) that has an active asychronous set or reset. This may cause corruption of the memory contents and/or read values when the set/reset is asserted and is not analyzed by the default static timing analysis. It is suggested to eliminate the use of a set/reset to registers driving this RAMB pin or else use a synchronous reset in which the assertion of the reset is timed by default.
Related violations: <none>

REQP-1839#50 Warning
RAMB36 async control check  
The RAMB36E1 implementation/core/native_system/digital/scheduler/memory_reg_0 has an input control pin implementation/core/native_system/digital/scheduler/memory_reg_0/WEA[1] (net: implementation/core/native_system/digital/scheduler/WEA[0]) which is driven by a register (implementation/core/native_system/digital/scheduler/error_reg) that has an active asychronous set or reset. This may cause corruption of the memory contents and/or read values when the set/reset is asserted and is not analyzed by the default static timing analysis. It is suggested to eliminate the use of a set/reset to registers driving this RAMB pin or else use a synchronous reset in which the assertion of the reset is timed by default.
Related violations: <none>

REQP-1839#51 Warning
RAMB36 async control check  
The RAMB36E1 implementation/core/native_system/digital/scheduler/memory_reg_0 has an input control pin implementation/core/native_system/digital/scheduler/memory_reg_0/WEA[1] (net: implementation/core/native_system/digital/scheduler/WEA[0]) which is driven by a register (implementation/core/native_system/digital/scheduler/state_reg[1]) that has an active asychronous set or reset. This may cause corruption of the memory contents and/or read values when the set/reset is asserted and is not analyzed by the default static timing analysis. It is suggested to eliminate the use of a set/reset to registers driving this RAMB pin or else use a synchronous reset in which the assertion of the reset is timed by default.
Related violations: <none>

REQP-1839#52 Warning
RAMB36 async control check  
The RAMB36E1 implementation/core/native_system/digital/scheduler/memory_reg_0 has an input control pin implementation/core/native_system/digital/scheduler/memory_reg_0/WEA[1] (net: implementation/core/native_system/digital/scheduler/WEA[0]) which is driven by a register (implementation/core/native_system/digital/scheduler/state_reg[2]) that has an active asychronous set or reset. This may cause corruption of the memory contents and/or read values when the set/reset is asserted and is not analyzed by the default static timing analysis. It is suggested to eliminate the use of a set/reset to registers driving this RAMB pin or else use a synchronous reset in which the assertion of the reset is timed by default.
Related violations: <none>

REQP-1839#53 Warning
RAMB36 async control check  
The RAMB36E1 implementation/core/native_system/digital/scheduler/memory_reg_0 has an input control pin implementation/core/native_system/digital/scheduler/memory_reg_0/WEA[1] (net: implementation/core/native_system/digital/scheduler/WEA[0]) which is driven by a register (implementation/core/native_system/digital/serial/overrun_reg) that has an active asychronous set or reset. This may cause corruption of the memory contents and/or read values when the set/reset is asserted and is not analyzed by the default static timing analysis. It is suggested to eliminate the use of a set/reset to registers driving this RAMB pin or else use a synchronous reset in which the assertion of the reset is timed by default.
Related violations: <none>

REQP-1839#54 Warning
RAMB36 async control check  
The RAMB36E1 implementation/core/native_system/digital/scheduler/memory_reg_0 has an input control pin implementation/core/native_system/digital/scheduler/memory_reg_0/WEA[1] (net: implementation/core/native_system/digital/scheduler/WEA[0]) which is driven by a register (implementation/core/native_system/digital/software_enable_reg) that has an active asychronous set or reset. This may cause corruption of the memory contents and/or read values when the set/reset is asserted and is not analyzed by the default static timing analysis. It is suggested to eliminate the use of a set/reset to registers driving this RAMB pin or else use a synchronous reset in which the assertion of the reset is timed by default.
Related violations: <none>

REQP-1839#55 Warning
RAMB36 async control check  
The RAMB36E1 implementation/core/native_system/digital/scheduler/memory_reg_0 has an input control pin implementation/core/native_system/digital/scheduler/memory_reg_0/WEA[2] (net: implementation/core/native_system/digital/scheduler/WEA[0]) which is driven by a register (implementation/core/native_system/digital/abort_reg) that has an active asychronous set or reset. This may cause corruption of the memory contents and/or read values when the set/reset is asserted and is not analyzed by the default static timing analysis. It is suggested to eliminate the use of a set/reset to registers driving this RAMB pin or else use a synchronous reset in which the assertion of the reset is timed by default.
Related violations: <none>

REQP-1839#56 Warning
RAMB36 async control check  
The RAMB36E1 implementation/core/native_system/digital/scheduler/memory_reg_0 has an input control pin implementation/core/native_system/digital/scheduler/memory_reg_0/WEA[2] (net: implementation/core/native_system/digital/scheduler/WEA[0]) which is driven by a register (implementation/core/native_system/digital/bank/command_error_reg) that has an active asychronous set or reset. This may cause corruption of the memory contents and/or read values when the set/reset is asserted and is not analyzed by the default static timing analysis. It is suggested to eliminate the use of a set/reset to registers driving this RAMB pin or else use a synchronous reset in which the assertion of the reset is timed by default.
Related violations: <none>

REQP-1839#57 Warning
RAMB36 async control check  
The RAMB36E1 implementation/core/native_system/digital/scheduler/memory_reg_0 has an input control pin implementation/core/native_system/digital/scheduler/memory_reg_0/WEA[2] (net: implementation/core/native_system/digital/scheduler/WEA[0]) which is driven by a register (implementation/core/native_system/digital/bus_error_reg) that has an active asychronous set or reset. This may cause corruption of the memory contents and/or read values when the set/reset is asserted and is not analyzed by the default static timing analysis. It is suggested to eliminate the use of a set/reset to registers driving this RAMB pin or else use a synchronous reset in which the assertion of the reset is timed by default.
Related violations: <none>

REQP-1839#58 Warning
RAMB36 async control check  
The RAMB36E1 implementation/core/native_system/digital/scheduler/memory_reg_0 has an input control pin implementation/core/native_system/digital/scheduler/memory_reg_0/WEA[2] (net: implementation/core/native_system/digital/scheduler/WEA[0]) which is driven by a register (implementation/core/native_system/digital/c16.adc/error_reg) that has an active asychronous set or reset. This may cause corruption of the memory contents and/or read values when the set/reset is asserted and is not analyzed by the default static timing analysis. It is suggested to eliminate the use of a set/reset to registers driving this RAMB pin or else use a synchronous reset in which the assertion of the reset is timed by default.
Related violations: <none>

REQP-1839#59 Warning
RAMB36 async control check  
The RAMB36E1 implementation/core/native_system/digital/scheduler/memory_reg_0 has an input control pin implementation/core/native_system/digital/scheduler/memory_reg_0/WEA[2] (net: implementation/core/native_system/digital/scheduler/WEA[0]) which is driven by a register (implementation/core/native_system/digital/c16.adc/frame_valid_reg) that has an active asychronous set or reset. This may cause corruption of the memory contents and/or read values when the set/reset is asserted and is not analyzed by the default static timing analysis. It is suggested to eliminate the use of a set/reset to registers driving this RAMB pin or else use a synchronous reset in which the assertion of the reset is timed by default.
Related violations: <none>

REQP-1839#60 Warning
RAMB36 async control check  
The RAMB36E1 implementation/core/native_system/digital/scheduler/memory_reg_0 has an input control pin implementation/core/native_system/digital/scheduler/memory_reg_0/WEA[2] (net: implementation/core/native_system/digital/scheduler/WEA[0]) which is driven by a register (implementation/core/native_system/digital/enable_sync_reg[1]) that has an active asychronous set or reset. This may cause corruption of the memory contents and/or read values when the set/reset is asserted and is not analyzed by the default static timing analysis. It is suggested to eliminate the use of a set/reset to registers driving this RAMB pin or else use a synchronous reset in which the assertion of the reset is timed by default.
Related violations: <none>

REQP-1839#61 Warning
RAMB36 async control check  
The RAMB36E1 implementation/core/native_system/digital/scheduler/memory_reg_0 has an input control pin implementation/core/native_system/digital/scheduler/memory_reg_0/WEA[2] (net: implementation/core/native_system/digital/scheduler/WEA[0]) which is driven by a register (implementation/core/native_system/digital/map_fault_latched_reg) that has an active asychronous set or reset. This may cause corruption of the memory contents and/or read values when the set/reset is asserted and is not analyzed by the default static timing analysis. It is suggested to eliminate the use of a set/reset to registers driving this RAMB pin or else use a synchronous reset in which the assertion of the reset is timed by default.
Related violations: <none>

REQP-1839#62 Warning
RAMB36 async control check  
The RAMB36E1 implementation/core/native_system/digital/scheduler/memory_reg_0 has an input control pin implementation/core/native_system/digital/scheduler/memory_reg_0/WEA[2] (net: implementation/core/native_system/digital/scheduler/WEA[0]) which is driven by a register (implementation/core/native_system/digital/mode_reg[0]) that has an active asychronous set or reset. This may cause corruption of the memory contents and/or read values when the set/reset is asserted and is not analyzed by the default static timing analysis. It is suggested to eliminate the use of a set/reset to registers driving this RAMB pin or else use a synchronous reset in which the assertion of the reset is timed by default.
Related violations: <none>

REQP-1839#63 Warning
RAMB36 async control check  
The RAMB36E1 implementation/core/native_system/digital/scheduler/memory_reg_0 has an input control pin implementation/core/native_system/digital/scheduler/memory_reg_0/WEA[2] (net: implementation/core/native_system/digital/scheduler/WEA[0]) which is driven by a register (implementation/core/native_system/digital/mode_reg[1]) that has an active asychronous set or reset. This may cause corruption of the memory contents and/or read values when the set/reset is asserted and is not analyzed by the default static timing analysis. It is suggested to eliminate the use of a set/reset to registers driving this RAMB pin or else use a synchronous reset in which the assertion of the reset is timed by default.
Related violations: <none>

REQP-1839#64 Warning
RAMB36 async control check  
The RAMB36E1 implementation/core/native_system/digital/scheduler/memory_reg_0 has an input control pin implementation/core/native_system/digital/scheduler/memory_reg_0/WEA[2] (net: implementation/core/native_system/digital/scheduler/WEA[0]) which is driven by a register (implementation/core/native_system/digital/mode_reg[2]) that has an active asychronous set or reset. This may cause corruption of the memory contents and/or read values when the set/reset is asserted and is not analyzed by the default static timing analysis. It is suggested to eliminate the use of a set/reset to registers driving this RAMB pin or else use a synchronous reset in which the assertion of the reset is timed by default.
Related violations: <none>

REQP-1839#65 Warning
RAMB36 async control check  
The RAMB36E1 implementation/core/native_system/digital/scheduler/memory_reg_0 has an input control pin implementation/core/native_system/digital/scheduler/memory_reg_0/WEA[2] (net: implementation/core/native_system/digital/scheduler/WEA[0]) which is driven by a register (implementation/core/native_system/digital/reset_sync_reg[1]) that has an active asychronous set or reset. This may cause corruption of the memory contents and/or read values when the set/reset is asserted and is not analyzed by the default static timing analysis. It is suggested to eliminate the use of a set/reset to registers driving this RAMB pin or else use a synchronous reset in which the assertion of the reset is timed by default.
Related violations: <none>

REQP-1839#66 Warning
RAMB36 async control check  
The RAMB36E1 implementation/core/native_system/digital/scheduler/memory_reg_0 has an input control pin implementation/core/native_system/digital/scheduler/memory_reg_0/WEA[2] (net: implementation/core/native_system/digital/scheduler/WEA[0]) which is driven by a register (implementation/core/native_system/digital/scheduler/error_reg) that has an active asychronous set or reset. This may cause corruption of the memory contents and/or read values when the set/reset is asserted and is not analyzed by the default static timing analysis. It is suggested to eliminate the use of a set/reset to registers driving this RAMB pin or else use a synchronous reset in which the assertion of the reset is timed by default.
Related violations: <none>

REQP-1839#67 Warning
RAMB36 async control check  
The RAMB36E1 implementation/core/native_system/digital/scheduler/memory_reg_0 has an input control pin implementation/core/native_system/digital/scheduler/memory_reg_0/WEA[2] (net: implementation/core/native_system/digital/scheduler/WEA[0]) which is driven by a register (implementation/core/native_system/digital/scheduler/state_reg[1]) that has an active asychronous set or reset. This may cause corruption of the memory contents and/or read values when the set/reset is asserted and is not analyzed by the default static timing analysis. It is suggested to eliminate the use of a set/reset to registers driving this RAMB pin or else use a synchronous reset in which the assertion of the reset is timed by default.
Related violations: <none>

REQP-1839#68 Warning
RAMB36 async control check  
The RAMB36E1 implementation/core/native_system/digital/scheduler/memory_reg_0 has an input control pin implementation/core/native_system/digital/scheduler/memory_reg_0/WEA[2] (net: implementation/core/native_system/digital/scheduler/WEA[0]) which is driven by a register (implementation/core/native_system/digital/scheduler/state_reg[2]) that has an active asychronous set or reset. This may cause corruption of the memory contents and/or read values when the set/reset is asserted and is not analyzed by the default static timing analysis. It is suggested to eliminate the use of a set/reset to registers driving this RAMB pin or else use a synchronous reset in which the assertion of the reset is timed by default.
Related violations: <none>

REQP-1839#69 Warning
RAMB36 async control check  
The RAMB36E1 implementation/core/native_system/digital/scheduler/memory_reg_0 has an input control pin implementation/core/native_system/digital/scheduler/memory_reg_0/WEA[2] (net: implementation/core/native_system/digital/scheduler/WEA[0]) which is driven by a register (implementation/core/native_system/digital/serial/overrun_reg) that has an active asychronous set or reset. This may cause corruption of the memory contents and/or read values when the set/reset is asserted and is not analyzed by the default static timing analysis. It is suggested to eliminate the use of a set/reset to registers driving this RAMB pin or else use a synchronous reset in which the assertion of the reset is timed by default.
Related violations: <none>

REQP-1839#70 Warning
RAMB36 async control check  
The RAMB36E1 implementation/core/native_system/digital/scheduler/memory_reg_0 has an input control pin implementation/core/native_system/digital/scheduler/memory_reg_0/WEA[2] (net: implementation/core/native_system/digital/scheduler/WEA[0]) which is driven by a register (implementation/core/native_system/digital/software_enable_reg) that has an active asychronous set or reset. This may cause corruption of the memory contents and/or read values when the set/reset is asserted and is not analyzed by the default static timing analysis. It is suggested to eliminate the use of a set/reset to registers driving this RAMB pin or else use a synchronous reset in which the assertion of the reset is timed by default.
Related violations: <none>

REQP-1839#71 Warning
RAMB36 async control check  
The RAMB36E1 implementation/core/native_system/digital/scheduler/memory_reg_0 has an input control pin implementation/core/native_system/digital/scheduler/memory_reg_0/WEA[3] (net: implementation/core/native_system/digital/scheduler/WEA[0]) which is driven by a register (implementation/core/native_system/digital/abort_reg) that has an active asychronous set or reset. This may cause corruption of the memory contents and/or read values when the set/reset is asserted and is not analyzed by the default static timing analysis. It is suggested to eliminate the use of a set/reset to registers driving this RAMB pin or else use a synchronous reset in which the assertion of the reset is timed by default.
Related violations: <none>

REQP-1839#72 Warning
RAMB36 async control check  
The RAMB36E1 implementation/core/native_system/digital/scheduler/memory_reg_0 has an input control pin implementation/core/native_system/digital/scheduler/memory_reg_0/WEA[3] (net: implementation/core/native_system/digital/scheduler/WEA[0]) which is driven by a register (implementation/core/native_system/digital/bank/command_error_reg) that has an active asychronous set or reset. This may cause corruption of the memory contents and/or read values when the set/reset is asserted and is not analyzed by the default static timing analysis. It is suggested to eliminate the use of a set/reset to registers driving this RAMB pin or else use a synchronous reset in which the assertion of the reset is timed by default.
Related violations: <none>

REQP-1839#73 Warning
RAMB36 async control check  
The RAMB36E1 implementation/core/native_system/digital/scheduler/memory_reg_0 has an input control pin implementation/core/native_system/digital/scheduler/memory_reg_0/WEA[3] (net: implementation/core/native_system/digital/scheduler/WEA[0]) which is driven by a register (implementation/core/native_system/digital/bus_error_reg) that has an active asychronous set or reset. This may cause corruption of the memory contents and/or read values when the set/reset is asserted and is not analyzed by the default static timing analysis. It is suggested to eliminate the use of a set/reset to registers driving this RAMB pin or else use a synchronous reset in which the assertion of the reset is timed by default.
Related violations: <none>

REQP-1839#74 Warning
RAMB36 async control check  
The RAMB36E1 implementation/core/native_system/digital/scheduler/memory_reg_0 has an input control pin implementation/core/native_system/digital/scheduler/memory_reg_0/WEA[3] (net: implementation/core/native_system/digital/scheduler/WEA[0]) which is driven by a register (implementation/core/native_system/digital/c16.adc/error_reg) that has an active asychronous set or reset. This may cause corruption of the memory contents and/or read values when the set/reset is asserted and is not analyzed by the default static timing analysis. It is suggested to eliminate the use of a set/reset to registers driving this RAMB pin or else use a synchronous reset in which the assertion of the reset is timed by default.
Related violations: <none>

REQP-1839#75 Warning
RAMB36 async control check  
The RAMB36E1 implementation/core/native_system/digital/scheduler/memory_reg_0 has an input control pin implementation/core/native_system/digital/scheduler/memory_reg_0/WEA[3] (net: implementation/core/native_system/digital/scheduler/WEA[0]) which is driven by a register (implementation/core/native_system/digital/c16.adc/frame_valid_reg) that has an active asychronous set or reset. This may cause corruption of the memory contents and/or read values when the set/reset is asserted and is not analyzed by the default static timing analysis. It is suggested to eliminate the use of a set/reset to registers driving this RAMB pin or else use a synchronous reset in which the assertion of the reset is timed by default.
Related violations: <none>

REQP-1839#76 Warning
RAMB36 async control check  
The RAMB36E1 implementation/core/native_system/digital/scheduler/memory_reg_0 has an input control pin implementation/core/native_system/digital/scheduler/memory_reg_0/WEA[3] (net: implementation/core/native_system/digital/scheduler/WEA[0]) which is driven by a register (implementation/core/native_system/digital/enable_sync_reg[1]) that has an active asychronous set or reset. This may cause corruption of the memory contents and/or read values when the set/reset is asserted and is not analyzed by the default static timing analysis. It is suggested to eliminate the use of a set/reset to registers driving this RAMB pin or else use a synchronous reset in which the assertion of the reset is timed by default.
Related violations: <none>

REQP-1839#77 Warning
RAMB36 async control check  
The RAMB36E1 implementation/core/native_system/digital/scheduler/memory_reg_0 has an input control pin implementation/core/native_system/digital/scheduler/memory_reg_0/WEA[3] (net: implementation/core/native_system/digital/scheduler/WEA[0]) which is driven by a register (implementation/core/native_system/digital/map_fault_latched_reg) that has an active asychronous set or reset. This may cause corruption of the memory contents and/or read values when the set/reset is asserted and is not analyzed by the default static timing analysis. It is suggested to eliminate the use of a set/reset to registers driving this RAMB pin or else use a synchronous reset in which the assertion of the reset is timed by default.
Related violations: <none>

REQP-1839#78 Warning
RAMB36 async control check  
The RAMB36E1 implementation/core/native_system/digital/scheduler/memory_reg_0 has an input control pin implementation/core/native_system/digital/scheduler/memory_reg_0/WEA[3] (net: implementation/core/native_system/digital/scheduler/WEA[0]) which is driven by a register (implementation/core/native_system/digital/mode_reg[0]) that has an active asychronous set or reset. This may cause corruption of the memory contents and/or read values when the set/reset is asserted and is not analyzed by the default static timing analysis. It is suggested to eliminate the use of a set/reset to registers driving this RAMB pin or else use a synchronous reset in which the assertion of the reset is timed by default.
Related violations: <none>

REQP-1839#79 Warning
RAMB36 async control check  
The RAMB36E1 implementation/core/native_system/digital/scheduler/memory_reg_0 has an input control pin implementation/core/native_system/digital/scheduler/memory_reg_0/WEA[3] (net: implementation/core/native_system/digital/scheduler/WEA[0]) which is driven by a register (implementation/core/native_system/digital/mode_reg[1]) that has an active asychronous set or reset. This may cause corruption of the memory contents and/or read values when the set/reset is asserted and is not analyzed by the default static timing analysis. It is suggested to eliminate the use of a set/reset to registers driving this RAMB pin or else use a synchronous reset in which the assertion of the reset is timed by default.
Related violations: <none>

REQP-1839#80 Warning
RAMB36 async control check  
The RAMB36E1 implementation/core/native_system/digital/scheduler/memory_reg_0 has an input control pin implementation/core/native_system/digital/scheduler/memory_reg_0/WEA[3] (net: implementation/core/native_system/digital/scheduler/WEA[0]) which is driven by a register (implementation/core/native_system/digital/mode_reg[2]) that has an active asychronous set or reset. This may cause corruption of the memory contents and/or read values when the set/reset is asserted and is not analyzed by the default static timing analysis. It is suggested to eliminate the use of a set/reset to registers driving this RAMB pin or else use a synchronous reset in which the assertion of the reset is timed by default.
Related violations: <none>

REQP-1839#81 Warning
RAMB36 async control check  
The RAMB36E1 implementation/core/native_system/digital/scheduler/memory_reg_0 has an input control pin implementation/core/native_system/digital/scheduler/memory_reg_0/WEA[3] (net: implementation/core/native_system/digital/scheduler/WEA[0]) which is driven by a register (implementation/core/native_system/digital/reset_sync_reg[1]) that has an active asychronous set or reset. This may cause corruption of the memory contents and/or read values when the set/reset is asserted and is not analyzed by the default static timing analysis. It is suggested to eliminate the use of a set/reset to registers driving this RAMB pin or else use a synchronous reset in which the assertion of the reset is timed by default.
Related violations: <none>

REQP-1839#82 Warning
RAMB36 async control check  
The RAMB36E1 implementation/core/native_system/digital/scheduler/memory_reg_0 has an input control pin implementation/core/native_system/digital/scheduler/memory_reg_0/WEA[3] (net: implementation/core/native_system/digital/scheduler/WEA[0]) which is driven by a register (implementation/core/native_system/digital/scheduler/error_reg) that has an active asychronous set or reset. This may cause corruption of the memory contents and/or read values when the set/reset is asserted and is not analyzed by the default static timing analysis. It is suggested to eliminate the use of a set/reset to registers driving this RAMB pin or else use a synchronous reset in which the assertion of the reset is timed by default.
Related violations: <none>

REQP-1839#83 Warning
RAMB36 async control check  
The RAMB36E1 implementation/core/native_system/digital/scheduler/memory_reg_0 has an input control pin implementation/core/native_system/digital/scheduler/memory_reg_0/WEA[3] (net: implementation/core/native_system/digital/scheduler/WEA[0]) which is driven by a register (implementation/core/native_system/digital/scheduler/state_reg[1]) that has an active asychronous set or reset. This may cause corruption of the memory contents and/or read values when the set/reset is asserted and is not analyzed by the default static timing analysis. It is suggested to eliminate the use of a set/reset to registers driving this RAMB pin or else use a synchronous reset in which the assertion of the reset is timed by default.
Related violations: <none>

REQP-1839#84 Warning
RAMB36 async control check  
The RAMB36E1 implementation/core/native_system/digital/scheduler/memory_reg_0 has an input control pin implementation/core/native_system/digital/scheduler/memory_reg_0/WEA[3] (net: implementation/core/native_system/digital/scheduler/WEA[0]) which is driven by a register (implementation/core/native_system/digital/scheduler/state_reg[2]) that has an active asychronous set or reset. This may cause corruption of the memory contents and/or read values when the set/reset is asserted and is not analyzed by the default static timing analysis. It is suggested to eliminate the use of a set/reset to registers driving this RAMB pin or else use a synchronous reset in which the assertion of the reset is timed by default.
Related violations: <none>

REQP-1839#85 Warning
RAMB36 async control check  
The RAMB36E1 implementation/core/native_system/digital/scheduler/memory_reg_0 has an input control pin implementation/core/native_system/digital/scheduler/memory_reg_0/WEA[3] (net: implementation/core/native_system/digital/scheduler/WEA[0]) which is driven by a register (implementation/core/native_system/digital/serial/overrun_reg) that has an active asychronous set or reset. This may cause corruption of the memory contents and/or read values when the set/reset is asserted and is not analyzed by the default static timing analysis. It is suggested to eliminate the use of a set/reset to registers driving this RAMB pin or else use a synchronous reset in which the assertion of the reset is timed by default.
Related violations: <none>

REQP-1839#86 Warning
RAMB36 async control check  
The RAMB36E1 implementation/core/native_system/digital/scheduler/memory_reg_0 has an input control pin implementation/core/native_system/digital/scheduler/memory_reg_0/WEA[3] (net: implementation/core/native_system/digital/scheduler/WEA[0]) which is driven by a register (implementation/core/native_system/digital/software_enable_reg) that has an active asychronous set or reset. This may cause corruption of the memory contents and/or read values when the set/reset is asserted and is not analyzed by the default static timing analysis. It is suggested to eliminate the use of a set/reset to registers driving this RAMB pin or else use a synchronous reset in which the assertion of the reset is timed by default.
Related violations: <none>

REQP-1839#87 Warning
RAMB36 async control check  
The RAMB36E1 implementation/core/native_system/digital/scheduler/memory_reg_1 has an input control pin implementation/core/native_system/digital/scheduler/memory_reg_1/ADDRARDADDR[10] (net: implementation/core/native_system/digital/scheduler/frame_count[5]) which is driven by a register (implementation/core/native_system/digital/scheduler/frame_count_reg[5]) that has an active asychronous set or reset. This may cause corruption of the memory contents and/or read values when the set/reset is asserted and is not analyzed by the default static timing analysis. It is suggested to eliminate the use of a set/reset to registers driving this RAMB pin or else use a synchronous reset in which the assertion of the reset is timed by default.
Related violations: <none>

REQP-1839#88 Warning
RAMB36 async control check  
The RAMB36E1 implementation/core/native_system/digital/scheduler/memory_reg_1 has an input control pin implementation/core/native_system/digital/scheduler/memory_reg_1/ADDRARDADDR[11] (net: implementation/core/native_system/digital/scheduler/frame_count[6]) which is driven by a register (implementation/core/native_system/digital/scheduler/frame_count_reg[6]) that has an active asychronous set or reset. This may cause corruption of the memory contents and/or read values when the set/reset is asserted and is not analyzed by the default static timing analysis. It is suggested to eliminate the use of a set/reset to registers driving this RAMB pin or else use a synchronous reset in which the assertion of the reset is timed by default.
Related violations: <none>

REQP-1839#89 Warning
RAMB36 async control check  
The RAMB36E1 implementation/core/native_system/digital/scheduler/memory_reg_1 has an input control pin implementation/core/native_system/digital/scheduler/memory_reg_1/ADDRARDADDR[12] (net: implementation/core/native_system/digital/scheduler/frame_count[7]) which is driven by a register (implementation/core/native_system/digital/scheduler/frame_count_reg[7]) that has an active asychronous set or reset. This may cause corruption of the memory contents and/or read values when the set/reset is asserted and is not analyzed by the default static timing analysis. It is suggested to eliminate the use of a set/reset to registers driving this RAMB pin or else use a synchronous reset in which the assertion of the reset is timed by default.
Related violations: <none>

REQP-1839#90 Warning
RAMB36 async control check  
The RAMB36E1 implementation/core/native_system/digital/scheduler/memory_reg_1 has an input control pin implementation/core/native_system/digital/scheduler/memory_reg_1/ADDRARDADDR[13] (net: implementation/core/native_system/digital/scheduler/frame_count[8]) which is driven by a register (implementation/core/native_system/digital/scheduler/frame_count_reg[8]) that has an active asychronous set or reset. This may cause corruption of the memory contents and/or read values when the set/reset is asserted and is not analyzed by the default static timing analysis. It is suggested to eliminate the use of a set/reset to registers driving this RAMB pin or else use a synchronous reset in which the assertion of the reset is timed by default.
Related violations: <none>

REQP-1839#91 Warning
RAMB36 async control check  
The RAMB36E1 implementation/core/native_system/digital/scheduler/memory_reg_1 has an input control pin implementation/core/native_system/digital/scheduler/memory_reg_1/ADDRARDADDR[14] (net: implementation/core/native_system/digital/scheduler/frame_count_reg[10]_0[0]) which is driven by a register (implementation/core/native_system/digital/scheduler/frame_count_reg[9]) that has an active asychronous set or reset. This may cause corruption of the memory contents and/or read values when the set/reset is asserted and is not analyzed by the default static timing analysis. It is suggested to eliminate the use of a set/reset to registers driving this RAMB pin or else use a synchronous reset in which the assertion of the reset is timed by default.
Related violations: <none>

REQP-1839#92 Warning
RAMB36 async control check  
The RAMB36E1 implementation/core/native_system/digital/scheduler/memory_reg_1 has an input control pin implementation/core/native_system/digital/scheduler/memory_reg_1/ADDRARDADDR[5] (net: implementation/core/native_system/digital/scheduler/frame_count[0]) which is driven by a register (implementation/core/native_system/digital/scheduler/frame_count_reg[0]) that has an active asychronous set or reset. This may cause corruption of the memory contents and/or read values when the set/reset is asserted and is not analyzed by the default static timing analysis. It is suggested to eliminate the use of a set/reset to registers driving this RAMB pin or else use a synchronous reset in which the assertion of the reset is timed by default.
Related violations: <none>

REQP-1839#93 Warning
RAMB36 async control check  
The RAMB36E1 implementation/core/native_system/digital/scheduler/memory_reg_1 has an input control pin implementation/core/native_system/digital/scheduler/memory_reg_1/ADDRARDADDR[6] (net: implementation/core/native_system/digital/scheduler/frame_count[1]) which is driven by a register (implementation/core/native_system/digital/scheduler/frame_count_reg[1]) that has an active asychronous set or reset. This may cause corruption of the memory contents and/or read values when the set/reset is asserted and is not analyzed by the default static timing analysis. It is suggested to eliminate the use of a set/reset to registers driving this RAMB pin or else use a synchronous reset in which the assertion of the reset is timed by default.
Related violations: <none>

REQP-1839#94 Warning
RAMB36 async control check  
The RAMB36E1 implementation/core/native_system/digital/scheduler/memory_reg_1 has an input control pin implementation/core/native_system/digital/scheduler/memory_reg_1/ADDRARDADDR[7] (net: implementation/core/native_system/digital/scheduler/frame_count[2]) which is driven by a register (implementation/core/native_system/digital/scheduler/frame_count_reg[2]) that has an active asychronous set or reset. This may cause corruption of the memory contents and/or read values when the set/reset is asserted and is not analyzed by the default static timing analysis. It is suggested to eliminate the use of a set/reset to registers driving this RAMB pin or else use a synchronous reset in which the assertion of the reset is timed by default.
Related violations: <none>

REQP-1839#95 Warning
RAMB36 async control check  
The RAMB36E1 implementation/core/native_system/digital/scheduler/memory_reg_1 has an input control pin implementation/core/native_system/digital/scheduler/memory_reg_1/ADDRARDADDR[8] (net: implementation/core/native_system/digital/scheduler/frame_count[3]) which is driven by a register (implementation/core/native_system/digital/scheduler/frame_count_reg[3]) that has an active asychronous set or reset. This may cause corruption of the memory contents and/or read values when the set/reset is asserted and is not analyzed by the default static timing analysis. It is suggested to eliminate the use of a set/reset to registers driving this RAMB pin or else use a synchronous reset in which the assertion of the reset is timed by default.
Related violations: <none>

REQP-1839#96 Warning
RAMB36 async control check  
The RAMB36E1 implementation/core/native_system/digital/scheduler/memory_reg_1 has an input control pin implementation/core/native_system/digital/scheduler/memory_reg_1/ADDRARDADDR[9] (net: implementation/core/native_system/digital/scheduler/frame_count[4]) which is driven by a register (implementation/core/native_system/digital/scheduler/frame_count_reg[4]) that has an active asychronous set or reset. This may cause corruption of the memory contents and/or read values when the set/reset is asserted and is not analyzed by the default static timing analysis. It is suggested to eliminate the use of a set/reset to registers driving this RAMB pin or else use a synchronous reset in which the assertion of the reset is timed by default.
Related violations: <none>

REQP-1839#97 Warning
RAMB36 async control check  
The RAMB36E1 implementation/core/native_system/digital/scheduler/memory_reg_1 has an input control pin implementation/core/native_system/digital/scheduler/memory_reg_1/ADDRBWRADDR[10] (net: implementation/core/native_system/digital/scheduler/memory_reg_0_0[7]) which is driven by a register (implementation/core/native_system/digital/cfg_reg[14][7]) that has an active asychronous set or reset. This may cause corruption of the memory contents and/or read values when the set/reset is asserted and is not analyzed by the default static timing analysis. It is suggested to eliminate the use of a set/reset to registers driving this RAMB pin or else use a synchronous reset in which the assertion of the reset is timed by default.
Related violations: <none>

REQP-1839#98 Warning
RAMB36 async control check  
The RAMB36E1 implementation/core/native_system/digital/scheduler/memory_reg_1 has an input control pin implementation/core/native_system/digital/scheduler/memory_reg_1/ADDRBWRADDR[11] (net: implementation/core/native_system/digital/scheduler/memory_reg_0_0[8]) which is driven by a register (implementation/core/native_system/digital/cfg_reg[14][8]) that has an active asychronous set or reset. This may cause corruption of the memory contents and/or read values when the set/reset is asserted and is not analyzed by the default static timing analysis. It is suggested to eliminate the use of a set/reset to registers driving this RAMB pin or else use a synchronous reset in which the assertion of the reset is timed by default.
Related violations: <none>

REQP-1839#99 Warning
RAMB36 async control check  
The RAMB36E1 implementation/core/native_system/digital/scheduler/memory_reg_1 has an input control pin implementation/core/native_system/digital/scheduler/memory_reg_1/ADDRBWRADDR[12] (net: implementation/core/native_system/digital/scheduler/memory_reg_0_0[9]) which is driven by a register (implementation/core/native_system/digital/cfg_reg[14][9]) that has an active asychronous set or reset. This may cause corruption of the memory contents and/or read values when the set/reset is asserted and is not analyzed by the default static timing analysis. It is suggested to eliminate the use of a set/reset to registers driving this RAMB pin or else use a synchronous reset in which the assertion of the reset is timed by default.
Related violations: <none>

REQP-1839#100 Warning
RAMB36 async control check  
The RAMB36E1 implementation/core/native_system/digital/scheduler/memory_reg_1 has an input control pin implementation/core/native_system/digital/scheduler/memory_reg_1/ADDRBWRADDR[13] (net: implementation/core/native_system/digital/scheduler/memory_reg_0_0[10]) which is driven by a register (implementation/core/native_system/digital/cfg_reg[14][10]) that has an active asychronous set or reset. This may cause corruption of the memory contents and/or read values when the set/reset is asserted and is not analyzed by the default static timing analysis. It is suggested to eliminate the use of a set/reset to registers driving this RAMB pin or else use a synchronous reset in which the assertion of the reset is timed by default.
Related violations: <none>

REQP-1839#101 Warning
RAMB36 async control check  
The RAMB36E1 implementation/core/native_system/digital/scheduler/memory_reg_1 has an input control pin implementation/core/native_system/digital/scheduler/memory_reg_1/ADDRBWRADDR[14] (net: implementation/core/native_system/digital/scheduler/memory_reg_0_0[11]) which is driven by a register (implementation/core/native_system/digital/cfg_reg[14][11]) that has an active asychronous set or reset. This may cause corruption of the memory contents and/or read values when the set/reset is asserted and is not analyzed by the default static timing analysis. It is suggested to eliminate the use of a set/reset to registers driving this RAMB pin or else use a synchronous reset in which the assertion of the reset is timed by default.
Related violations: <none>

REQP-1839#102 Warning
RAMB36 async control check  
The RAMB36E1 implementation/core/native_system/digital/scheduler/memory_reg_1 has an input control pin implementation/core/native_system/digital/scheduler/memory_reg_1/ADDRBWRADDR[5] (net: implementation/core/native_system/digital/scheduler/memory_reg_0_0[2]) which is driven by a register (implementation/core/native_system/digital/cfg_reg[14][2]) that has an active asychronous set or reset. This may cause corruption of the memory contents and/or read values when the set/reset is asserted and is not analyzed by the default static timing analysis. It is suggested to eliminate the use of a set/reset to registers driving this RAMB pin or else use a synchronous reset in which the assertion of the reset is timed by default.
Related violations: <none>

REQP-1839#103 Warning
RAMB36 async control check  
The RAMB36E1 implementation/core/native_system/digital/scheduler/memory_reg_1 has an input control pin implementation/core/native_system/digital/scheduler/memory_reg_1/ADDRBWRADDR[6] (net: implementation/core/native_system/digital/scheduler/memory_reg_0_0[3]) which is driven by a register (implementation/core/native_system/digital/cfg_reg[14][3]) that has an active asychronous set or reset. This may cause corruption of the memory contents and/or read values when the set/reset is asserted and is not analyzed by the default static timing analysis. It is suggested to eliminate the use of a set/reset to registers driving this RAMB pin or else use a synchronous reset in which the assertion of the reset is timed by default.
Related violations: <none>

REQP-1839#104 Warning
RAMB36 async control check  
The RAMB36E1 implementation/core/native_system/digital/scheduler/memory_reg_1 has an input control pin implementation/core/native_system/digital/scheduler/memory_reg_1/ADDRBWRADDR[7] (net: implementation/core/native_system/digital/scheduler/memory_reg_0_0[4]) which is driven by a register (implementation/core/native_system/digital/cfg_reg[14][4]) that has an active asychronous set or reset. This may cause corruption of the memory contents and/or read values when the set/reset is asserted and is not analyzed by the default static timing analysis. It is suggested to eliminate the use of a set/reset to registers driving this RAMB pin or else use a synchronous reset in which the assertion of the reset is timed by default.
Related violations: <none>

REQP-1839#105 Warning
RAMB36 async control check  
The RAMB36E1 implementation/core/native_system/digital/scheduler/memory_reg_1 has an input control pin implementation/core/native_system/digital/scheduler/memory_reg_1/ADDRBWRADDR[8] (net: implementation/core/native_system/digital/scheduler/memory_reg_0_0[5]) which is driven by a register (implementation/core/native_system/digital/cfg_reg[14][5]) that has an active asychronous set or reset. This may cause corruption of the memory contents and/or read values when the set/reset is asserted and is not analyzed by the default static timing analysis. It is suggested to eliminate the use of a set/reset to registers driving this RAMB pin or else use a synchronous reset in which the assertion of the reset is timed by default.
Related violations: <none>

REQP-1839#106 Warning
RAMB36 async control check  
The RAMB36E1 implementation/core/native_system/digital/scheduler/memory_reg_1 has an input control pin implementation/core/native_system/digital/scheduler/memory_reg_1/ADDRBWRADDR[9] (net: implementation/core/native_system/digital/scheduler/memory_reg_0_0[6]) which is driven by a register (implementation/core/native_system/digital/cfg_reg[14][6]) that has an active asychronous set or reset. This may cause corruption of the memory contents and/or read values when the set/reset is asserted and is not analyzed by the default static timing analysis. It is suggested to eliminate the use of a set/reset to registers driving this RAMB pin or else use a synchronous reset in which the assertion of the reset is timed by default.
Related violations: <none>

REQP-1839#107 Warning
RAMB36 async control check  
The RAMB36E1 implementation/core/native_system/digital/scheduler/memory_reg_1 has an input control pin implementation/core/native_system/digital/scheduler/memory_reg_1/ENARDEN (net: implementation/core/native_system/digital/scheduler/frame_count_reg[10]_0[1]) which is driven by a register (implementation/core/native_system/digital/scheduler/frame_count_reg[10]) that has an active asychronous set or reset. This may cause corruption of the memory contents and/or read values when the set/reset is asserted and is not analyzed by the default static timing analysis. It is suggested to eliminate the use of a set/reset to registers driving this RAMB pin or else use a synchronous reset in which the assertion of the reset is timed by default.
Related violations: <none>

REQP-1839#108 Warning
RAMB36 async control check  
The RAMB36E1 implementation/core/native_system/digital/scheduler/memory_reg_1 has an input control pin implementation/core/native_system/digital/scheduler/memory_reg_1/ENBWREN (net: implementation/core/native_system/digital/scheduler/memory_reg_1_ENBWREN_cooolgate_en_sig_3) which is driven by a register (implementation/core/native_system/digital/cfg_reg[14][0]) that has an active asychronous set or reset. This may cause corruption of the memory contents and/or read values when the set/reset is asserted and is not analyzed by the default static timing analysis. It is suggested to eliminate the use of a set/reset to registers driving this RAMB pin or else use a synchronous reset in which the assertion of the reset is timed by default.
Related violations: <none>

REQP-1839#109 Warning
RAMB36 async control check  
The RAMB36E1 implementation/core/native_system/digital/scheduler/memory_reg_1 has an input control pin implementation/core/native_system/digital/scheduler/memory_reg_1/ENBWREN (net: implementation/core/native_system/digital/scheduler/memory_reg_1_ENBWREN_cooolgate_en_sig_3) which is driven by a register (implementation/core/native_system/digital/cfg_reg[14][1]) that has an active asychronous set or reset. This may cause corruption of the memory contents and/or read values when the set/reset is asserted and is not analyzed by the default static timing analysis. It is suggested to eliminate the use of a set/reset to registers driving this RAMB pin or else use a synchronous reset in which the assertion of the reset is timed by default.
Related violations: <none>

REQP-1839#110 Warning
RAMB36 async control check  
The RAMB36E1 implementation/core/native_system/digital/scheduler/memory_reg_1 has an input control pin implementation/core/native_system/digital/scheduler/memory_reg_1/WEA[0] (net: implementation/core/native_system/digital/scheduler/WEA[0]) which is driven by a register (implementation/core/native_system/digital/abort_reg) that has an active asychronous set or reset. This may cause corruption of the memory contents and/or read values when the set/reset is asserted and is not analyzed by the default static timing analysis. It is suggested to eliminate the use of a set/reset to registers driving this RAMB pin or else use a synchronous reset in which the assertion of the reset is timed by default.
Related violations: <none>

REQP-1839#111 Warning
RAMB36 async control check  
The RAMB36E1 implementation/core/native_system/digital/scheduler/memory_reg_1 has an input control pin implementation/core/native_system/digital/scheduler/memory_reg_1/WEA[0] (net: implementation/core/native_system/digital/scheduler/WEA[0]) which is driven by a register (implementation/core/native_system/digital/bank/command_error_reg) that has an active asychronous set or reset. This may cause corruption of the memory contents and/or read values when the set/reset is asserted and is not analyzed by the default static timing analysis. It is suggested to eliminate the use of a set/reset to registers driving this RAMB pin or else use a synchronous reset in which the assertion of the reset is timed by default.
Related violations: <none>

REQP-1839#112 Warning
RAMB36 async control check  
The RAMB36E1 implementation/core/native_system/digital/scheduler/memory_reg_1 has an input control pin implementation/core/native_system/digital/scheduler/memory_reg_1/WEA[0] (net: implementation/core/native_system/digital/scheduler/WEA[0]) which is driven by a register (implementation/core/native_system/digital/bus_error_reg) that has an active asychronous set or reset. This may cause corruption of the memory contents and/or read values when the set/reset is asserted and is not analyzed by the default static timing analysis. It is suggested to eliminate the use of a set/reset to registers driving this RAMB pin or else use a synchronous reset in which the assertion of the reset is timed by default.
Related violations: <none>

REQP-1839#113 Warning
RAMB36 async control check  
The RAMB36E1 implementation/core/native_system/digital/scheduler/memory_reg_1 has an input control pin implementation/core/native_system/digital/scheduler/memory_reg_1/WEA[0] (net: implementation/core/native_system/digital/scheduler/WEA[0]) which is driven by a register (implementation/core/native_system/digital/c16.adc/error_reg) that has an active asychronous set or reset. This may cause corruption of the memory contents and/or read values when the set/reset is asserted and is not analyzed by the default static timing analysis. It is suggested to eliminate the use of a set/reset to registers driving this RAMB pin or else use a synchronous reset in which the assertion of the reset is timed by default.
Related violations: <none>

REQP-1839#114 Warning
RAMB36 async control check  
The RAMB36E1 implementation/core/native_system/digital/scheduler/memory_reg_1 has an input control pin implementation/core/native_system/digital/scheduler/memory_reg_1/WEA[0] (net: implementation/core/native_system/digital/scheduler/WEA[0]) which is driven by a register (implementation/core/native_system/digital/c16.adc/frame_valid_reg) that has an active asychronous set or reset. This may cause corruption of the memory contents and/or read values when the set/reset is asserted and is not analyzed by the default static timing analysis. It is suggested to eliminate the use of a set/reset to registers driving this RAMB pin or else use a synchronous reset in which the assertion of the reset is timed by default.
Related violations: <none>

REQP-1839#115 Warning
RAMB36 async control check  
The RAMB36E1 implementation/core/native_system/digital/scheduler/memory_reg_1 has an input control pin implementation/core/native_system/digital/scheduler/memory_reg_1/WEA[0] (net: implementation/core/native_system/digital/scheduler/WEA[0]) which is driven by a register (implementation/core/native_system/digital/enable_sync_reg[1]) that has an active asychronous set or reset. This may cause corruption of the memory contents and/or read values when the set/reset is asserted and is not analyzed by the default static timing analysis. It is suggested to eliminate the use of a set/reset to registers driving this RAMB pin or else use a synchronous reset in which the assertion of the reset is timed by default.
Related violations: <none>

REQP-1839#116 Warning
RAMB36 async control check  
The RAMB36E1 implementation/core/native_system/digital/scheduler/memory_reg_1 has an input control pin implementation/core/native_system/digital/scheduler/memory_reg_1/WEA[0] (net: implementation/core/native_system/digital/scheduler/WEA[0]) which is driven by a register (implementation/core/native_system/digital/map_fault_latched_reg) that has an active asychronous set or reset. This may cause corruption of the memory contents and/or read values when the set/reset is asserted and is not analyzed by the default static timing analysis. It is suggested to eliminate the use of a set/reset to registers driving this RAMB pin or else use a synchronous reset in which the assertion of the reset is timed by default.
Related violations: <none>

REQP-1839#117 Warning
RAMB36 async control check  
The RAMB36E1 implementation/core/native_system/digital/scheduler/memory_reg_1 has an input control pin implementation/core/native_system/digital/scheduler/memory_reg_1/WEA[0] (net: implementation/core/native_system/digital/scheduler/WEA[0]) which is driven by a register (implementation/core/native_system/digital/mode_reg[0]) that has an active asychronous set or reset. This may cause corruption of the memory contents and/or read values when the set/reset is asserted and is not analyzed by the default static timing analysis. It is suggested to eliminate the use of a set/reset to registers driving this RAMB pin or else use a synchronous reset in which the assertion of the reset is timed by default.
Related violations: <none>

REQP-1839#118 Warning
RAMB36 async control check  
The RAMB36E1 implementation/core/native_system/digital/scheduler/memory_reg_1 has an input control pin implementation/core/native_system/digital/scheduler/memory_reg_1/WEA[0] (net: implementation/core/native_system/digital/scheduler/WEA[0]) which is driven by a register (implementation/core/native_system/digital/mode_reg[1]) that has an active asychronous set or reset. This may cause corruption of the memory contents and/or read values when the set/reset is asserted and is not analyzed by the default static timing analysis. It is suggested to eliminate the use of a set/reset to registers driving this RAMB pin or else use a synchronous reset in which the assertion of the reset is timed by default.
Related violations: <none>

REQP-1839#119 Warning
RAMB36 async control check  
The RAMB36E1 implementation/core/native_system/digital/scheduler/memory_reg_1 has an input control pin implementation/core/native_system/digital/scheduler/memory_reg_1/WEA[0] (net: implementation/core/native_system/digital/scheduler/WEA[0]) which is driven by a register (implementation/core/native_system/digital/mode_reg[2]) that has an active asychronous set or reset. This may cause corruption of the memory contents and/or read values when the set/reset is asserted and is not analyzed by the default static timing analysis. It is suggested to eliminate the use of a set/reset to registers driving this RAMB pin or else use a synchronous reset in which the assertion of the reset is timed by default.
Related violations: <none>

REQP-1839#120 Warning
RAMB36 async control check  
The RAMB36E1 implementation/core/native_system/digital/scheduler/memory_reg_1 has an input control pin implementation/core/native_system/digital/scheduler/memory_reg_1/WEA[0] (net: implementation/core/native_system/digital/scheduler/WEA[0]) which is driven by a register (implementation/core/native_system/digital/reset_sync_reg[1]) that has an active asychronous set or reset. This may cause corruption of the memory contents and/or read values when the set/reset is asserted and is not analyzed by the default static timing analysis. It is suggested to eliminate the use of a set/reset to registers driving this RAMB pin or else use a synchronous reset in which the assertion of the reset is timed by default.
Related violations: <none>

REQP-1839#121 Warning
RAMB36 async control check  
The RAMB36E1 implementation/core/native_system/digital/scheduler/memory_reg_1 has an input control pin implementation/core/native_system/digital/scheduler/memory_reg_1/WEA[0] (net: implementation/core/native_system/digital/scheduler/WEA[0]) which is driven by a register (implementation/core/native_system/digital/scheduler/error_reg) that has an active asychronous set or reset. This may cause corruption of the memory contents and/or read values when the set/reset is asserted and is not analyzed by the default static timing analysis. It is suggested to eliminate the use of a set/reset to registers driving this RAMB pin or else use a synchronous reset in which the assertion of the reset is timed by default.
Related violations: <none>

REQP-1839#122 Warning
RAMB36 async control check  
The RAMB36E1 implementation/core/native_system/digital/scheduler/memory_reg_1 has an input control pin implementation/core/native_system/digital/scheduler/memory_reg_1/WEA[0] (net: implementation/core/native_system/digital/scheduler/WEA[0]) which is driven by a register (implementation/core/native_system/digital/scheduler/state_reg[1]) that has an active asychronous set or reset. This may cause corruption of the memory contents and/or read values when the set/reset is asserted and is not analyzed by the default static timing analysis. It is suggested to eliminate the use of a set/reset to registers driving this RAMB pin or else use a synchronous reset in which the assertion of the reset is timed by default.
Related violations: <none>

REQP-1839#123 Warning
RAMB36 async control check  
The RAMB36E1 implementation/core/native_system/digital/scheduler/memory_reg_1 has an input control pin implementation/core/native_system/digital/scheduler/memory_reg_1/WEA[0] (net: implementation/core/native_system/digital/scheduler/WEA[0]) which is driven by a register (implementation/core/native_system/digital/scheduler/state_reg[2]) that has an active asychronous set or reset. This may cause corruption of the memory contents and/or read values when the set/reset is asserted and is not analyzed by the default static timing analysis. It is suggested to eliminate the use of a set/reset to registers driving this RAMB pin or else use a synchronous reset in which the assertion of the reset is timed by default.
Related violations: <none>

REQP-1839#124 Warning
RAMB36 async control check  
The RAMB36E1 implementation/core/native_system/digital/scheduler/memory_reg_1 has an input control pin implementation/core/native_system/digital/scheduler/memory_reg_1/WEA[0] (net: implementation/core/native_system/digital/scheduler/WEA[0]) which is driven by a register (implementation/core/native_system/digital/serial/overrun_reg) that has an active asychronous set or reset. This may cause corruption of the memory contents and/or read values when the set/reset is asserted and is not analyzed by the default static timing analysis. It is suggested to eliminate the use of a set/reset to registers driving this RAMB pin or else use a synchronous reset in which the assertion of the reset is timed by default.
Related violations: <none>

REQP-1839#125 Warning
RAMB36 async control check  
The RAMB36E1 implementation/core/native_system/digital/scheduler/memory_reg_1 has an input control pin implementation/core/native_system/digital/scheduler/memory_reg_1/WEA[0] (net: implementation/core/native_system/digital/scheduler/WEA[0]) which is driven by a register (implementation/core/native_system/digital/software_enable_reg) that has an active asychronous set or reset. This may cause corruption of the memory contents and/or read values when the set/reset is asserted and is not analyzed by the default static timing analysis. It is suggested to eliminate the use of a set/reset to registers driving this RAMB pin or else use a synchronous reset in which the assertion of the reset is timed by default.
Related violations: <none>

REQP-1839#126 Warning
RAMB36 async control check  
The RAMB36E1 implementation/core/native_system/digital/scheduler/memory_reg_1 has an input control pin implementation/core/native_system/digital/scheduler/memory_reg_1/WEA[1] (net: implementation/core/native_system/digital/scheduler/WEA[0]) which is driven by a register (implementation/core/native_system/digital/abort_reg) that has an active asychronous set or reset. This may cause corruption of the memory contents and/or read values when the set/reset is asserted and is not analyzed by the default static timing analysis. It is suggested to eliminate the use of a set/reset to registers driving this RAMB pin or else use a synchronous reset in which the assertion of the reset is timed by default.
Related violations: <none>

REQP-1839#127 Warning
RAMB36 async control check  
The RAMB36E1 implementation/core/native_system/digital/scheduler/memory_reg_1 has an input control pin implementation/core/native_system/digital/scheduler/memory_reg_1/WEA[1] (net: implementation/core/native_system/digital/scheduler/WEA[0]) which is driven by a register (implementation/core/native_system/digital/bank/command_error_reg) that has an active asychronous set or reset. This may cause corruption of the memory contents and/or read values when the set/reset is asserted and is not analyzed by the default static timing analysis. It is suggested to eliminate the use of a set/reset to registers driving this RAMB pin or else use a synchronous reset in which the assertion of the reset is timed by default.
Related violations: <none>

REQP-1839#128 Warning
RAMB36 async control check  
The RAMB36E1 implementation/core/native_system/digital/scheduler/memory_reg_1 has an input control pin implementation/core/native_system/digital/scheduler/memory_reg_1/WEA[1] (net: implementation/core/native_system/digital/scheduler/WEA[0]) which is driven by a register (implementation/core/native_system/digital/bus_error_reg) that has an active asychronous set or reset. This may cause corruption of the memory contents and/or read values when the set/reset is asserted and is not analyzed by the default static timing analysis. It is suggested to eliminate the use of a set/reset to registers driving this RAMB pin or else use a synchronous reset in which the assertion of the reset is timed by default.
Related violations: <none>

REQP-1839#129 Warning
RAMB36 async control check  
The RAMB36E1 implementation/core/native_system/digital/scheduler/memory_reg_1 has an input control pin implementation/core/native_system/digital/scheduler/memory_reg_1/WEA[1] (net: implementation/core/native_system/digital/scheduler/WEA[0]) which is driven by a register (implementation/core/native_system/digital/c16.adc/error_reg) that has an active asychronous set or reset. This may cause corruption of the memory contents and/or read values when the set/reset is asserted and is not analyzed by the default static timing analysis. It is suggested to eliminate the use of a set/reset to registers driving this RAMB pin or else use a synchronous reset in which the assertion of the reset is timed by default.
Related violations: <none>

REQP-1839#130 Warning
RAMB36 async control check  
The RAMB36E1 implementation/core/native_system/digital/scheduler/memory_reg_1 has an input control pin implementation/core/native_system/digital/scheduler/memory_reg_1/WEA[1] (net: implementation/core/native_system/digital/scheduler/WEA[0]) which is driven by a register (implementation/core/native_system/digital/c16.adc/frame_valid_reg) that has an active asychronous set or reset. This may cause corruption of the memory contents and/or read values when the set/reset is asserted and is not analyzed by the default static timing analysis. It is suggested to eliminate the use of a set/reset to registers driving this RAMB pin or else use a synchronous reset in which the assertion of the reset is timed by default.
Related violations: <none>

REQP-1839#131 Warning
RAMB36 async control check  
The RAMB36E1 implementation/core/native_system/digital/scheduler/memory_reg_1 has an input control pin implementation/core/native_system/digital/scheduler/memory_reg_1/WEA[1] (net: implementation/core/native_system/digital/scheduler/WEA[0]) which is driven by a register (implementation/core/native_system/digital/enable_sync_reg[1]) that has an active asychronous set or reset. This may cause corruption of the memory contents and/or read values when the set/reset is asserted and is not analyzed by the default static timing analysis. It is suggested to eliminate the use of a set/reset to registers driving this RAMB pin or else use a synchronous reset in which the assertion of the reset is timed by default.
Related violations: <none>

REQP-1839#132 Warning
RAMB36 async control check  
The RAMB36E1 implementation/core/native_system/digital/scheduler/memory_reg_1 has an input control pin implementation/core/native_system/digital/scheduler/memory_reg_1/WEA[1] (net: implementation/core/native_system/digital/scheduler/WEA[0]) which is driven by a register (implementation/core/native_system/digital/map_fault_latched_reg) that has an active asychronous set or reset. This may cause corruption of the memory contents and/or read values when the set/reset is asserted and is not analyzed by the default static timing analysis. It is suggested to eliminate the use of a set/reset to registers driving this RAMB pin or else use a synchronous reset in which the assertion of the reset is timed by default.
Related violations: <none>

REQP-1839#133 Warning
RAMB36 async control check  
The RAMB36E1 implementation/core/native_system/digital/scheduler/memory_reg_1 has an input control pin implementation/core/native_system/digital/scheduler/memory_reg_1/WEA[1] (net: implementation/core/native_system/digital/scheduler/WEA[0]) which is driven by a register (implementation/core/native_system/digital/mode_reg[0]) that has an active asychronous set or reset. This may cause corruption of the memory contents and/or read values when the set/reset is asserted and is not analyzed by the default static timing analysis. It is suggested to eliminate the use of a set/reset to registers driving this RAMB pin or else use a synchronous reset in which the assertion of the reset is timed by default.
Related violations: <none>

REQP-1839#134 Warning
RAMB36 async control check  
The RAMB36E1 implementation/core/native_system/digital/scheduler/memory_reg_1 has an input control pin implementation/core/native_system/digital/scheduler/memory_reg_1/WEA[1] (net: implementation/core/native_system/digital/scheduler/WEA[0]) which is driven by a register (implementation/core/native_system/digital/mode_reg[1]) that has an active asychronous set or reset. This may cause corruption of the memory contents and/or read values when the set/reset is asserted and is not analyzed by the default static timing analysis. It is suggested to eliminate the use of a set/reset to registers driving this RAMB pin or else use a synchronous reset in which the assertion of the reset is timed by default.
Related violations: <none>

REQP-1839#135 Warning
RAMB36 async control check  
The RAMB36E1 implementation/core/native_system/digital/scheduler/memory_reg_1 has an input control pin implementation/core/native_system/digital/scheduler/memory_reg_1/WEA[1] (net: implementation/core/native_system/digital/scheduler/WEA[0]) which is driven by a register (implementation/core/native_system/digital/mode_reg[2]) that has an active asychronous set or reset. This may cause corruption of the memory contents and/or read values when the set/reset is asserted and is not analyzed by the default static timing analysis. It is suggested to eliminate the use of a set/reset to registers driving this RAMB pin or else use a synchronous reset in which the assertion of the reset is timed by default.
Related violations: <none>

REQP-1839#136 Warning
RAMB36 async control check  
The RAMB36E1 implementation/core/native_system/digital/scheduler/memory_reg_1 has an input control pin implementation/core/native_system/digital/scheduler/memory_reg_1/WEA[1] (net: implementation/core/native_system/digital/scheduler/WEA[0]) which is driven by a register (implementation/core/native_system/digital/reset_sync_reg[1]) that has an active asychronous set or reset. This may cause corruption of the memory contents and/or read values when the set/reset is asserted and is not analyzed by the default static timing analysis. It is suggested to eliminate the use of a set/reset to registers driving this RAMB pin or else use a synchronous reset in which the assertion of the reset is timed by default.
Related violations: <none>

REQP-1839#137 Warning
RAMB36 async control check  
The RAMB36E1 implementation/core/native_system/digital/scheduler/memory_reg_1 has an input control pin implementation/core/native_system/digital/scheduler/memory_reg_1/WEA[1] (net: implementation/core/native_system/digital/scheduler/WEA[0]) which is driven by a register (implementation/core/native_system/digital/scheduler/error_reg) that has an active asychronous set or reset. This may cause corruption of the memory contents and/or read values when the set/reset is asserted and is not analyzed by the default static timing analysis. It is suggested to eliminate the use of a set/reset to registers driving this RAMB pin or else use a synchronous reset in which the assertion of the reset is timed by default.
Related violations: <none>

REQP-1839#138 Warning
RAMB36 async control check  
The RAMB36E1 implementation/core/native_system/digital/scheduler/memory_reg_1 has an input control pin implementation/core/native_system/digital/scheduler/memory_reg_1/WEA[1] (net: implementation/core/native_system/digital/scheduler/WEA[0]) which is driven by a register (implementation/core/native_system/digital/scheduler/state_reg[1]) that has an active asychronous set or reset. This may cause corruption of the memory contents and/or read values when the set/reset is asserted and is not analyzed by the default static timing analysis. It is suggested to eliminate the use of a set/reset to registers driving this RAMB pin or else use a synchronous reset in which the assertion of the reset is timed by default.
Related violations: <none>

REQP-1839#139 Warning
RAMB36 async control check  
The RAMB36E1 implementation/core/native_system/digital/scheduler/memory_reg_1 has an input control pin implementation/core/native_system/digital/scheduler/memory_reg_1/WEA[1] (net: implementation/core/native_system/digital/scheduler/WEA[0]) which is driven by a register (implementation/core/native_system/digital/scheduler/state_reg[2]) that has an active asychronous set or reset. This may cause corruption of the memory contents and/or read values when the set/reset is asserted and is not analyzed by the default static timing analysis. It is suggested to eliminate the use of a set/reset to registers driving this RAMB pin or else use a synchronous reset in which the assertion of the reset is timed by default.
Related violations: <none>

REQP-1839#140 Warning
RAMB36 async control check  
The RAMB36E1 implementation/core/native_system/digital/scheduler/memory_reg_1 has an input control pin implementation/core/native_system/digital/scheduler/memory_reg_1/WEA[1] (net: implementation/core/native_system/digital/scheduler/WEA[0]) which is driven by a register (implementation/core/native_system/digital/serial/overrun_reg) that has an active asychronous set or reset. This may cause corruption of the memory contents and/or read values when the set/reset is asserted and is not analyzed by the default static timing analysis. It is suggested to eliminate the use of a set/reset to registers driving this RAMB pin or else use a synchronous reset in which the assertion of the reset is timed by default.
Related violations: <none>

REQP-1839#141 Warning
RAMB36 async control check  
The RAMB36E1 implementation/core/native_system/digital/scheduler/memory_reg_1 has an input control pin implementation/core/native_system/digital/scheduler/memory_reg_1/WEA[1] (net: implementation/core/native_system/digital/scheduler/WEA[0]) which is driven by a register (implementation/core/native_system/digital/software_enable_reg) that has an active asychronous set or reset. This may cause corruption of the memory contents and/or read values when the set/reset is asserted and is not analyzed by the default static timing analysis. It is suggested to eliminate the use of a set/reset to registers driving this RAMB pin or else use a synchronous reset in which the assertion of the reset is timed by default.
Related violations: <none>

REQP-1839#142 Warning
RAMB36 async control check  
The RAMB36E1 implementation/core/native_system/digital/scheduler/memory_reg_1 has an input control pin implementation/core/native_system/digital/scheduler/memory_reg_1/WEA[2] (net: implementation/core/native_system/digital/scheduler/WEA[0]) which is driven by a register (implementation/core/native_system/digital/abort_reg) that has an active asychronous set or reset. This may cause corruption of the memory contents and/or read values when the set/reset is asserted and is not analyzed by the default static timing analysis. It is suggested to eliminate the use of a set/reset to registers driving this RAMB pin or else use a synchronous reset in which the assertion of the reset is timed by default.
Related violations: <none>

REQP-1839#143 Warning
RAMB36 async control check  
The RAMB36E1 implementation/core/native_system/digital/scheduler/memory_reg_1 has an input control pin implementation/core/native_system/digital/scheduler/memory_reg_1/WEA[2] (net: implementation/core/native_system/digital/scheduler/WEA[0]) which is driven by a register (implementation/core/native_system/digital/bank/command_error_reg) that has an active asychronous set or reset. This may cause corruption of the memory contents and/or read values when the set/reset is asserted and is not analyzed by the default static timing analysis. It is suggested to eliminate the use of a set/reset to registers driving this RAMB pin or else use a synchronous reset in which the assertion of the reset is timed by default.
Related violations: <none>

REQP-1839#144 Warning
RAMB36 async control check  
The RAMB36E1 implementation/core/native_system/digital/scheduler/memory_reg_1 has an input control pin implementation/core/native_system/digital/scheduler/memory_reg_1/WEA[2] (net: implementation/core/native_system/digital/scheduler/WEA[0]) which is driven by a register (implementation/core/native_system/digital/bus_error_reg) that has an active asychronous set or reset. This may cause corruption of the memory contents and/or read values when the set/reset is asserted and is not analyzed by the default static timing analysis. It is suggested to eliminate the use of a set/reset to registers driving this RAMB pin or else use a synchronous reset in which the assertion of the reset is timed by default.
Related violations: <none>

REQP-1839#145 Warning
RAMB36 async control check  
The RAMB36E1 implementation/core/native_system/digital/scheduler/memory_reg_1 has an input control pin implementation/core/native_system/digital/scheduler/memory_reg_1/WEA[2] (net: implementation/core/native_system/digital/scheduler/WEA[0]) which is driven by a register (implementation/core/native_system/digital/c16.adc/error_reg) that has an active asychronous set or reset. This may cause corruption of the memory contents and/or read values when the set/reset is asserted and is not analyzed by the default static timing analysis. It is suggested to eliminate the use of a set/reset to registers driving this RAMB pin or else use a synchronous reset in which the assertion of the reset is timed by default.
Related violations: <none>

REQP-1839#146 Warning
RAMB36 async control check  
The RAMB36E1 implementation/core/native_system/digital/scheduler/memory_reg_1 has an input control pin implementation/core/native_system/digital/scheduler/memory_reg_1/WEA[2] (net: implementation/core/native_system/digital/scheduler/WEA[0]) which is driven by a register (implementation/core/native_system/digital/c16.adc/frame_valid_reg) that has an active asychronous set or reset. This may cause corruption of the memory contents and/or read values when the set/reset is asserted and is not analyzed by the default static timing analysis. It is suggested to eliminate the use of a set/reset to registers driving this RAMB pin or else use a synchronous reset in which the assertion of the reset is timed by default.
Related violations: <none>

REQP-1839#147 Warning
RAMB36 async control check  
The RAMB36E1 implementation/core/native_system/digital/scheduler/memory_reg_1 has an input control pin implementation/core/native_system/digital/scheduler/memory_reg_1/WEA[2] (net: implementation/core/native_system/digital/scheduler/WEA[0]) which is driven by a register (implementation/core/native_system/digital/enable_sync_reg[1]) that has an active asychronous set or reset. This may cause corruption of the memory contents and/or read values when the set/reset is asserted and is not analyzed by the default static timing analysis. It is suggested to eliminate the use of a set/reset to registers driving this RAMB pin or else use a synchronous reset in which the assertion of the reset is timed by default.
Related violations: <none>

REQP-1839#148 Warning
RAMB36 async control check  
The RAMB36E1 implementation/core/native_system/digital/scheduler/memory_reg_1 has an input control pin implementation/core/native_system/digital/scheduler/memory_reg_1/WEA[2] (net: implementation/core/native_system/digital/scheduler/WEA[0]) which is driven by a register (implementation/core/native_system/digital/map_fault_latched_reg) that has an active asychronous set or reset. This may cause corruption of the memory contents and/or read values when the set/reset is asserted and is not analyzed by the default static timing analysis. It is suggested to eliminate the use of a set/reset to registers driving this RAMB pin or else use a synchronous reset in which the assertion of the reset is timed by default.
Related violations: <none>

REQP-1839#149 Warning
RAMB36 async control check  
The RAMB36E1 implementation/core/native_system/digital/scheduler/memory_reg_1 has an input control pin implementation/core/native_system/digital/scheduler/memory_reg_1/WEA[2] (net: implementation/core/native_system/digital/scheduler/WEA[0]) which is driven by a register (implementation/core/native_system/digital/mode_reg[0]) that has an active asychronous set or reset. This may cause corruption of the memory contents and/or read values when the set/reset is asserted and is not analyzed by the default static timing analysis. It is suggested to eliminate the use of a set/reset to registers driving this RAMB pin or else use a synchronous reset in which the assertion of the reset is timed by default.
Related violations: <none>

REQP-1839#150 Warning
RAMB36 async control check  
The RAMB36E1 implementation/core/native_system/digital/scheduler/memory_reg_1 has an input control pin implementation/core/native_system/digital/scheduler/memory_reg_1/WEA[2] (net: implementation/core/native_system/digital/scheduler/WEA[0]) which is driven by a register (implementation/core/native_system/digital/mode_reg[1]) that has an active asychronous set or reset. This may cause corruption of the memory contents and/or read values when the set/reset is asserted and is not analyzed by the default static timing analysis. It is suggested to eliminate the use of a set/reset to registers driving this RAMB pin or else use a synchronous reset in which the assertion of the reset is timed by default.
Related violations: <none>

REQP-1839#151 Warning
RAMB36 async control check  
The RAMB36E1 implementation/core/native_system/digital/scheduler/memory_reg_1 has an input control pin implementation/core/native_system/digital/scheduler/memory_reg_1/WEA[2] (net: implementation/core/native_system/digital/scheduler/WEA[0]) which is driven by a register (implementation/core/native_system/digital/mode_reg[2]) that has an active asychronous set or reset. This may cause corruption of the memory contents and/or read values when the set/reset is asserted and is not analyzed by the default static timing analysis. It is suggested to eliminate the use of a set/reset to registers driving this RAMB pin or else use a synchronous reset in which the assertion of the reset is timed by default.
Related violations: <none>

REQP-1839#152 Warning
RAMB36 async control check  
The RAMB36E1 implementation/core/native_system/digital/scheduler/memory_reg_1 has an input control pin implementation/core/native_system/digital/scheduler/memory_reg_1/WEA[2] (net: implementation/core/native_system/digital/scheduler/WEA[0]) which is driven by a register (implementation/core/native_system/digital/reset_sync_reg[1]) that has an active asychronous set or reset. This may cause corruption of the memory contents and/or read values when the set/reset is asserted and is not analyzed by the default static timing analysis. It is suggested to eliminate the use of a set/reset to registers driving this RAMB pin or else use a synchronous reset in which the assertion of the reset is timed by default.
Related violations: <none>

REQP-1839#153 Warning
RAMB36 async control check  
The RAMB36E1 implementation/core/native_system/digital/scheduler/memory_reg_1 has an input control pin implementation/core/native_system/digital/scheduler/memory_reg_1/WEA[2] (net: implementation/core/native_system/digital/scheduler/WEA[0]) which is driven by a register (implementation/core/native_system/digital/scheduler/error_reg) that has an active asychronous set or reset. This may cause corruption of the memory contents and/or read values when the set/reset is asserted and is not analyzed by the default static timing analysis. It is suggested to eliminate the use of a set/reset to registers driving this RAMB pin or else use a synchronous reset in which the assertion of the reset is timed by default.
Related violations: <none>

REQP-1839#154 Warning
RAMB36 async control check  
The RAMB36E1 implementation/core/native_system/digital/scheduler/memory_reg_1 has an input control pin implementation/core/native_system/digital/scheduler/memory_reg_1/WEA[2] (net: implementation/core/native_system/digital/scheduler/WEA[0]) which is driven by a register (implementation/core/native_system/digital/scheduler/state_reg[1]) that has an active asychronous set or reset. This may cause corruption of the memory contents and/or read values when the set/reset is asserted and is not analyzed by the default static timing analysis. It is suggested to eliminate the use of a set/reset to registers driving this RAMB pin or else use a synchronous reset in which the assertion of the reset is timed by default.
Related violations: <none>

REQP-1839#155 Warning
RAMB36 async control check  
The RAMB36E1 implementation/core/native_system/digital/scheduler/memory_reg_1 has an input control pin implementation/core/native_system/digital/scheduler/memory_reg_1/WEA[2] (net: implementation/core/native_system/digital/scheduler/WEA[0]) which is driven by a register (implementation/core/native_system/digital/scheduler/state_reg[2]) that has an active asychronous set or reset. This may cause corruption of the memory contents and/or read values when the set/reset is asserted and is not analyzed by the default static timing analysis. It is suggested to eliminate the use of a set/reset to registers driving this RAMB pin or else use a synchronous reset in which the assertion of the reset is timed by default.
Related violations: <none>

REQP-1839#156 Warning
RAMB36 async control check  
The RAMB36E1 implementation/core/native_system/digital/scheduler/memory_reg_1 has an input control pin implementation/core/native_system/digital/scheduler/memory_reg_1/WEA[2] (net: implementation/core/native_system/digital/scheduler/WEA[0]) which is driven by a register (implementation/core/native_system/digital/serial/overrun_reg) that has an active asychronous set or reset. This may cause corruption of the memory contents and/or read values when the set/reset is asserted and is not analyzed by the default static timing analysis. It is suggested to eliminate the use of a set/reset to registers driving this RAMB pin or else use a synchronous reset in which the assertion of the reset is timed by default.
Related violations: <none>

REQP-1839#157 Warning
RAMB36 async control check  
The RAMB36E1 implementation/core/native_system/digital/scheduler/memory_reg_1 has an input control pin implementation/core/native_system/digital/scheduler/memory_reg_1/WEA[2] (net: implementation/core/native_system/digital/scheduler/WEA[0]) which is driven by a register (implementation/core/native_system/digital/software_enable_reg) that has an active asychronous set or reset. This may cause corruption of the memory contents and/or read values when the set/reset is asserted and is not analyzed by the default static timing analysis. It is suggested to eliminate the use of a set/reset to registers driving this RAMB pin or else use a synchronous reset in which the assertion of the reset is timed by default.
Related violations: <none>

REQP-1839#158 Warning
RAMB36 async control check  
The RAMB36E1 implementation/core/native_system/digital/scheduler/memory_reg_1 has an input control pin implementation/core/native_system/digital/scheduler/memory_reg_1/WEA[3] (net: implementation/core/native_system/digital/scheduler/WEA[0]) which is driven by a register (implementation/core/native_system/digital/abort_reg) that has an active asychronous set or reset. This may cause corruption of the memory contents and/or read values when the set/reset is asserted and is not analyzed by the default static timing analysis. It is suggested to eliminate the use of a set/reset to registers driving this RAMB pin or else use a synchronous reset in which the assertion of the reset is timed by default.
Related violations: <none>

REQP-1839#159 Warning
RAMB36 async control check  
The RAMB36E1 implementation/core/native_system/digital/scheduler/memory_reg_1 has an input control pin implementation/core/native_system/digital/scheduler/memory_reg_1/WEA[3] (net: implementation/core/native_system/digital/scheduler/WEA[0]) which is driven by a register (implementation/core/native_system/digital/bank/command_error_reg) that has an active asychronous set or reset. This may cause corruption of the memory contents and/or read values when the set/reset is asserted and is not analyzed by the default static timing analysis. It is suggested to eliminate the use of a set/reset to registers driving this RAMB pin or else use a synchronous reset in which the assertion of the reset is timed by default.
Related violations: <none>

REQP-1839#160 Warning
RAMB36 async control check  
The RAMB36E1 implementation/core/native_system/digital/scheduler/memory_reg_1 has an input control pin implementation/core/native_system/digital/scheduler/memory_reg_1/WEA[3] (net: implementation/core/native_system/digital/scheduler/WEA[0]) which is driven by a register (implementation/core/native_system/digital/bus_error_reg) that has an active asychronous set or reset. This may cause corruption of the memory contents and/or read values when the set/reset is asserted and is not analyzed by the default static timing analysis. It is suggested to eliminate the use of a set/reset to registers driving this RAMB pin or else use a synchronous reset in which the assertion of the reset is timed by default.
Related violations: <none>

REQP-1839#161 Warning
RAMB36 async control check  
The RAMB36E1 implementation/core/native_system/digital/scheduler/memory_reg_1 has an input control pin implementation/core/native_system/digital/scheduler/memory_reg_1/WEA[3] (net: implementation/core/native_system/digital/scheduler/WEA[0]) which is driven by a register (implementation/core/native_system/digital/c16.adc/error_reg) that has an active asychronous set or reset. This may cause corruption of the memory contents and/or read values when the set/reset is asserted and is not analyzed by the default static timing analysis. It is suggested to eliminate the use of a set/reset to registers driving this RAMB pin or else use a synchronous reset in which the assertion of the reset is timed by default.
Related violations: <none>

REQP-1839#162 Warning
RAMB36 async control check  
The RAMB36E1 implementation/core/native_system/digital/scheduler/memory_reg_1 has an input control pin implementation/core/native_system/digital/scheduler/memory_reg_1/WEA[3] (net: implementation/core/native_system/digital/scheduler/WEA[0]) which is driven by a register (implementation/core/native_system/digital/c16.adc/frame_valid_reg) that has an active asychronous set or reset. This may cause corruption of the memory contents and/or read values when the set/reset is asserted and is not analyzed by the default static timing analysis. It is suggested to eliminate the use of a set/reset to registers driving this RAMB pin or else use a synchronous reset in which the assertion of the reset is timed by default.
Related violations: <none>

REQP-1839#163 Warning
RAMB36 async control check  
The RAMB36E1 implementation/core/native_system/digital/scheduler/memory_reg_1 has an input control pin implementation/core/native_system/digital/scheduler/memory_reg_1/WEA[3] (net: implementation/core/native_system/digital/scheduler/WEA[0]) which is driven by a register (implementation/core/native_system/digital/enable_sync_reg[1]) that has an active asychronous set or reset. This may cause corruption of the memory contents and/or read values when the set/reset is asserted and is not analyzed by the default static timing analysis. It is suggested to eliminate the use of a set/reset to registers driving this RAMB pin or else use a synchronous reset in which the assertion of the reset is timed by default.
Related violations: <none>

REQP-1839#164 Warning
RAMB36 async control check  
The RAMB36E1 implementation/core/native_system/digital/scheduler/memory_reg_1 has an input control pin implementation/core/native_system/digital/scheduler/memory_reg_1/WEA[3] (net: implementation/core/native_system/digital/scheduler/WEA[0]) which is driven by a register (implementation/core/native_system/digital/map_fault_latched_reg) that has an active asychronous set or reset. This may cause corruption of the memory contents and/or read values when the set/reset is asserted and is not analyzed by the default static timing analysis. It is suggested to eliminate the use of a set/reset to registers driving this RAMB pin or else use a synchronous reset in which the assertion of the reset is timed by default.
Related violations: <none>

REQP-1839#165 Warning
RAMB36 async control check  
The RAMB36E1 implementation/core/native_system/digital/scheduler/memory_reg_1 has an input control pin implementation/core/native_system/digital/scheduler/memory_reg_1/WEA[3] (net: implementation/core/native_system/digital/scheduler/WEA[0]) which is driven by a register (implementation/core/native_system/digital/mode_reg[0]) that has an active asychronous set or reset. This may cause corruption of the memory contents and/or read values when the set/reset is asserted and is not analyzed by the default static timing analysis. It is suggested to eliminate the use of a set/reset to registers driving this RAMB pin or else use a synchronous reset in which the assertion of the reset is timed by default.
Related violations: <none>

REQP-1839#166 Warning
RAMB36 async control check  
The RAMB36E1 implementation/core/native_system/digital/scheduler/memory_reg_1 has an input control pin implementation/core/native_system/digital/scheduler/memory_reg_1/WEA[3] (net: implementation/core/native_system/digital/scheduler/WEA[0]) which is driven by a register (implementation/core/native_system/digital/mode_reg[1]) that has an active asychronous set or reset. This may cause corruption of the memory contents and/or read values when the set/reset is asserted and is not analyzed by the default static timing analysis. It is suggested to eliminate the use of a set/reset to registers driving this RAMB pin or else use a synchronous reset in which the assertion of the reset is timed by default.
Related violations: <none>

REQP-1839#167 Warning
RAMB36 async control check  
The RAMB36E1 implementation/core/native_system/digital/scheduler/memory_reg_1 has an input control pin implementation/core/native_system/digital/scheduler/memory_reg_1/WEA[3] (net: implementation/core/native_system/digital/scheduler/WEA[0]) which is driven by a register (implementation/core/native_system/digital/mode_reg[2]) that has an active asychronous set or reset. This may cause corruption of the memory contents and/or read values when the set/reset is asserted and is not analyzed by the default static timing analysis. It is suggested to eliminate the use of a set/reset to registers driving this RAMB pin or else use a synchronous reset in which the assertion of the reset is timed by default.
Related violations: <none>

REQP-1839#168 Warning
RAMB36 async control check  
The RAMB36E1 implementation/core/native_system/digital/scheduler/memory_reg_1 has an input control pin implementation/core/native_system/digital/scheduler/memory_reg_1/WEA[3] (net: implementation/core/native_system/digital/scheduler/WEA[0]) which is driven by a register (implementation/core/native_system/digital/reset_sync_reg[1]) that has an active asychronous set or reset. This may cause corruption of the memory contents and/or read values when the set/reset is asserted and is not analyzed by the default static timing analysis. It is suggested to eliminate the use of a set/reset to registers driving this RAMB pin or else use a synchronous reset in which the assertion of the reset is timed by default.
Related violations: <none>

REQP-1839#169 Warning
RAMB36 async control check  
The RAMB36E1 implementation/core/native_system/digital/scheduler/memory_reg_1 has an input control pin implementation/core/native_system/digital/scheduler/memory_reg_1/WEA[3] (net: implementation/core/native_system/digital/scheduler/WEA[0]) which is driven by a register (implementation/core/native_system/digital/scheduler/error_reg) that has an active asychronous set or reset. This may cause corruption of the memory contents and/or read values when the set/reset is asserted and is not analyzed by the default static timing analysis. It is suggested to eliminate the use of a set/reset to registers driving this RAMB pin or else use a synchronous reset in which the assertion of the reset is timed by default.
Related violations: <none>

REQP-1839#170 Warning
RAMB36 async control check  
The RAMB36E1 implementation/core/native_system/digital/scheduler/memory_reg_1 has an input control pin implementation/core/native_system/digital/scheduler/memory_reg_1/WEA[3] (net: implementation/core/native_system/digital/scheduler/WEA[0]) which is driven by a register (implementation/core/native_system/digital/scheduler/state_reg[1]) that has an active asychronous set or reset. This may cause corruption of the memory contents and/or read values when the set/reset is asserted and is not analyzed by the default static timing analysis. It is suggested to eliminate the use of a set/reset to registers driving this RAMB pin or else use a synchronous reset in which the assertion of the reset is timed by default.
Related violations: <none>

REQP-1839#171 Warning
RAMB36 async control check  
The RAMB36E1 implementation/core/native_system/digital/scheduler/memory_reg_1 has an input control pin implementation/core/native_system/digital/scheduler/memory_reg_1/WEA[3] (net: implementation/core/native_system/digital/scheduler/WEA[0]) which is driven by a register (implementation/core/native_system/digital/scheduler/state_reg[2]) that has an active asychronous set or reset. This may cause corruption of the memory contents and/or read values when the set/reset is asserted and is not analyzed by the default static timing analysis. It is suggested to eliminate the use of a set/reset to registers driving this RAMB pin or else use a synchronous reset in which the assertion of the reset is timed by default.
Related violations: <none>

REQP-1839#172 Warning
RAMB36 async control check  
The RAMB36E1 implementation/core/native_system/digital/scheduler/memory_reg_1 has an input control pin implementation/core/native_system/digital/scheduler/memory_reg_1/WEA[3] (net: implementation/core/native_system/digital/scheduler/WEA[0]) which is driven by a register (implementation/core/native_system/digital/serial/overrun_reg) that has an active asychronous set or reset. This may cause corruption of the memory contents and/or read values when the set/reset is asserted and is not analyzed by the default static timing analysis. It is suggested to eliminate the use of a set/reset to registers driving this RAMB pin or else use a synchronous reset in which the assertion of the reset is timed by default.
Related violations: <none>

REQP-1839#173 Warning
RAMB36 async control check  
The RAMB36E1 implementation/core/native_system/digital/scheduler/memory_reg_1 has an input control pin implementation/core/native_system/digital/scheduler/memory_reg_1/WEA[3] (net: implementation/core/native_system/digital/scheduler/WEA[0]) which is driven by a register (implementation/core/native_system/digital/software_enable_reg) that has an active asychronous set or reset. This may cause corruption of the memory contents and/or read values when the set/reset is asserted and is not analyzed by the default static timing analysis. It is suggested to eliminate the use of a set/reset to registers driving this RAMB pin or else use a synchronous reset in which the assertion of the reset is timed by default.
Related violations: <none>

REQP-1839#174 Warning
RAMB36 async control check  
The RAMB36E1 implementation/core/native_system/digital/scheduler/memory_reg_2 has an input control pin implementation/core/native_system/digital/scheduler/memory_reg_2/ADDRARDADDR[10] (net: implementation/core/native_system/digital/scheduler/frame_count[5]) which is driven by a register (implementation/core/native_system/digital/scheduler/frame_count_reg[5]) that has an active asychronous set or reset. This may cause corruption of the memory contents and/or read values when the set/reset is asserted and is not analyzed by the default static timing analysis. It is suggested to eliminate the use of a set/reset to registers driving this RAMB pin or else use a synchronous reset in which the assertion of the reset is timed by default.
Related violations: <none>

REQP-1839#175 Warning
RAMB36 async control check  
The RAMB36E1 implementation/core/native_system/digital/scheduler/memory_reg_2 has an input control pin implementation/core/native_system/digital/scheduler/memory_reg_2/ADDRARDADDR[11] (net: implementation/core/native_system/digital/scheduler/frame_count[6]) which is driven by a register (implementation/core/native_system/digital/scheduler/frame_count_reg[6]) that has an active asychronous set or reset. This may cause corruption of the memory contents and/or read values when the set/reset is asserted and is not analyzed by the default static timing analysis. It is suggested to eliminate the use of a set/reset to registers driving this RAMB pin or else use a synchronous reset in which the assertion of the reset is timed by default.
Related violations: <none>

REQP-1839#176 Warning
RAMB36 async control check  
The RAMB36E1 implementation/core/native_system/digital/scheduler/memory_reg_2 has an input control pin implementation/core/native_system/digital/scheduler/memory_reg_2/ADDRARDADDR[12] (net: implementation/core/native_system/digital/scheduler/frame_count[7]) which is driven by a register (implementation/core/native_system/digital/scheduler/frame_count_reg[7]) that has an active asychronous set or reset. This may cause corruption of the memory contents and/or read values when the set/reset is asserted and is not analyzed by the default static timing analysis. It is suggested to eliminate the use of a set/reset to registers driving this RAMB pin or else use a synchronous reset in which the assertion of the reset is timed by default.
Related violations: <none>

REQP-1839#177 Warning
RAMB36 async control check  
The RAMB36E1 implementation/core/native_system/digital/scheduler/memory_reg_2 has an input control pin implementation/core/native_system/digital/scheduler/memory_reg_2/ADDRARDADDR[13] (net: implementation/core/native_system/digital/scheduler/frame_count[8]) which is driven by a register (implementation/core/native_system/digital/scheduler/frame_count_reg[8]) that has an active asychronous set or reset. This may cause corruption of the memory contents and/or read values when the set/reset is asserted and is not analyzed by the default static timing analysis. It is suggested to eliminate the use of a set/reset to registers driving this RAMB pin or else use a synchronous reset in which the assertion of the reset is timed by default.
Related violations: <none>

REQP-1839#178 Warning
RAMB36 async control check  
The RAMB36E1 implementation/core/native_system/digital/scheduler/memory_reg_2 has an input control pin implementation/core/native_system/digital/scheduler/memory_reg_2/ADDRARDADDR[14] (net: implementation/core/native_system/digital/scheduler/frame_count_reg[10]_0[0]) which is driven by a register (implementation/core/native_system/digital/scheduler/frame_count_reg[9]) that has an active asychronous set or reset. This may cause corruption of the memory contents and/or read values when the set/reset is asserted and is not analyzed by the default static timing analysis. It is suggested to eliminate the use of a set/reset to registers driving this RAMB pin or else use a synchronous reset in which the assertion of the reset is timed by default.
Related violations: <none>

REQP-1839#179 Warning
RAMB36 async control check  
The RAMB36E1 implementation/core/native_system/digital/scheduler/memory_reg_2 has an input control pin implementation/core/native_system/digital/scheduler/memory_reg_2/ADDRARDADDR[5] (net: implementation/core/native_system/digital/scheduler/frame_count[0]) which is driven by a register (implementation/core/native_system/digital/scheduler/frame_count_reg[0]) that has an active asychronous set or reset. This may cause corruption of the memory contents and/or read values when the set/reset is asserted and is not analyzed by the default static timing analysis. It is suggested to eliminate the use of a set/reset to registers driving this RAMB pin or else use a synchronous reset in which the assertion of the reset is timed by default.
Related violations: <none>

REQP-1839#180 Warning
RAMB36 async control check  
The RAMB36E1 implementation/core/native_system/digital/scheduler/memory_reg_2 has an input control pin implementation/core/native_system/digital/scheduler/memory_reg_2/ADDRARDADDR[6] (net: implementation/core/native_system/digital/scheduler/frame_count[1]) which is driven by a register (implementation/core/native_system/digital/scheduler/frame_count_reg[1]) that has an active asychronous set or reset. This may cause corruption of the memory contents and/or read values when the set/reset is asserted and is not analyzed by the default static timing analysis. It is suggested to eliminate the use of a set/reset to registers driving this RAMB pin or else use a synchronous reset in which the assertion of the reset is timed by default.
Related violations: <none>

REQP-1839#181 Warning
RAMB36 async control check  
The RAMB36E1 implementation/core/native_system/digital/scheduler/memory_reg_2 has an input control pin implementation/core/native_system/digital/scheduler/memory_reg_2/ADDRARDADDR[7] (net: implementation/core/native_system/digital/scheduler/frame_count[2]) which is driven by a register (implementation/core/native_system/digital/scheduler/frame_count_reg[2]) that has an active asychronous set or reset. This may cause corruption of the memory contents and/or read values when the set/reset is asserted and is not analyzed by the default static timing analysis. It is suggested to eliminate the use of a set/reset to registers driving this RAMB pin or else use a synchronous reset in which the assertion of the reset is timed by default.
Related violations: <none>

REQP-1839#182 Warning
RAMB36 async control check  
The RAMB36E1 implementation/core/native_system/digital/scheduler/memory_reg_2 has an input control pin implementation/core/native_system/digital/scheduler/memory_reg_2/ADDRARDADDR[8] (net: implementation/core/native_system/digital/scheduler/frame_count[3]) which is driven by a register (implementation/core/native_system/digital/scheduler/frame_count_reg[3]) that has an active asychronous set or reset. This may cause corruption of the memory contents and/or read values when the set/reset is asserted and is not analyzed by the default static timing analysis. It is suggested to eliminate the use of a set/reset to registers driving this RAMB pin or else use a synchronous reset in which the assertion of the reset is timed by default.
Related violations: <none>

REQP-1839#183 Warning
RAMB36 async control check  
The RAMB36E1 implementation/core/native_system/digital/scheduler/memory_reg_2 has an input control pin implementation/core/native_system/digital/scheduler/memory_reg_2/ADDRARDADDR[9] (net: implementation/core/native_system/digital/scheduler/frame_count[4]) which is driven by a register (implementation/core/native_system/digital/scheduler/frame_count_reg[4]) that has an active asychronous set or reset. This may cause corruption of the memory contents and/or read values when the set/reset is asserted and is not analyzed by the default static timing analysis. It is suggested to eliminate the use of a set/reset to registers driving this RAMB pin or else use a synchronous reset in which the assertion of the reset is timed by default.
Related violations: <none>

REQP-1839#184 Warning
RAMB36 async control check  
The RAMB36E1 implementation/core/native_system/digital/scheduler/memory_reg_2 has an input control pin implementation/core/native_system/digital/scheduler/memory_reg_2/ADDRBWRADDR[10] (net: implementation/core/native_system/digital/scheduler/memory_reg_0_0[7]) which is driven by a register (implementation/core/native_system/digital/cfg_reg[14][7]) that has an active asychronous set or reset. This may cause corruption of the memory contents and/or read values when the set/reset is asserted and is not analyzed by the default static timing analysis. It is suggested to eliminate the use of a set/reset to registers driving this RAMB pin or else use a synchronous reset in which the assertion of the reset is timed by default.
Related violations: <none>

REQP-1839#185 Warning
RAMB36 async control check  
The RAMB36E1 implementation/core/native_system/digital/scheduler/memory_reg_2 has an input control pin implementation/core/native_system/digital/scheduler/memory_reg_2/ADDRBWRADDR[11] (net: implementation/core/native_system/digital/scheduler/memory_reg_0_0[8]) which is driven by a register (implementation/core/native_system/digital/cfg_reg[14][8]) that has an active asychronous set or reset. This may cause corruption of the memory contents and/or read values when the set/reset is asserted and is not analyzed by the default static timing analysis. It is suggested to eliminate the use of a set/reset to registers driving this RAMB pin or else use a synchronous reset in which the assertion of the reset is timed by default.
Related violations: <none>

REQP-1839#186 Warning
RAMB36 async control check  
The RAMB36E1 implementation/core/native_system/digital/scheduler/memory_reg_2 has an input control pin implementation/core/native_system/digital/scheduler/memory_reg_2/ADDRBWRADDR[12] (net: implementation/core/native_system/digital/scheduler/memory_reg_0_0[9]) which is driven by a register (implementation/core/native_system/digital/cfg_reg[14][9]) that has an active asychronous set or reset. This may cause corruption of the memory contents and/or read values when the set/reset is asserted and is not analyzed by the default static timing analysis. It is suggested to eliminate the use of a set/reset to registers driving this RAMB pin or else use a synchronous reset in which the assertion of the reset is timed by default.
Related violations: <none>

REQP-1839#187 Warning
RAMB36 async control check  
The RAMB36E1 implementation/core/native_system/digital/scheduler/memory_reg_2 has an input control pin implementation/core/native_system/digital/scheduler/memory_reg_2/ADDRBWRADDR[13] (net: implementation/core/native_system/digital/scheduler/memory_reg_0_0[10]) which is driven by a register (implementation/core/native_system/digital/cfg_reg[14][10]) that has an active asychronous set or reset. This may cause corruption of the memory contents and/or read values when the set/reset is asserted and is not analyzed by the default static timing analysis. It is suggested to eliminate the use of a set/reset to registers driving this RAMB pin or else use a synchronous reset in which the assertion of the reset is timed by default.
Related violations: <none>

REQP-1839#188 Warning
RAMB36 async control check  
The RAMB36E1 implementation/core/native_system/digital/scheduler/memory_reg_2 has an input control pin implementation/core/native_system/digital/scheduler/memory_reg_2/ADDRBWRADDR[14] (net: implementation/core/native_system/digital/scheduler/memory_reg_0_0[11]) which is driven by a register (implementation/core/native_system/digital/cfg_reg[14][11]) that has an active asychronous set or reset. This may cause corruption of the memory contents and/or read values when the set/reset is asserted and is not analyzed by the default static timing analysis. It is suggested to eliminate the use of a set/reset to registers driving this RAMB pin or else use a synchronous reset in which the assertion of the reset is timed by default.
Related violations: <none>

REQP-1839#189 Warning
RAMB36 async control check  
The RAMB36E1 implementation/core/native_system/digital/scheduler/memory_reg_2 has an input control pin implementation/core/native_system/digital/scheduler/memory_reg_2/ADDRBWRADDR[5] (net: implementation/core/native_system/digital/scheduler/memory_reg_0_0[2]) which is driven by a register (implementation/core/native_system/digital/cfg_reg[14][2]) that has an active asychronous set or reset. This may cause corruption of the memory contents and/or read values when the set/reset is asserted and is not analyzed by the default static timing analysis. It is suggested to eliminate the use of a set/reset to registers driving this RAMB pin or else use a synchronous reset in which the assertion of the reset is timed by default.
Related violations: <none>

REQP-1839#190 Warning
RAMB36 async control check  
The RAMB36E1 implementation/core/native_system/digital/scheduler/memory_reg_2 has an input control pin implementation/core/native_system/digital/scheduler/memory_reg_2/ADDRBWRADDR[6] (net: implementation/core/native_system/digital/scheduler/memory_reg_0_0[3]) which is driven by a register (implementation/core/native_system/digital/cfg_reg[14][3]) that has an active asychronous set or reset. This may cause corruption of the memory contents and/or read values when the set/reset is asserted and is not analyzed by the default static timing analysis. It is suggested to eliminate the use of a set/reset to registers driving this RAMB pin or else use a synchronous reset in which the assertion of the reset is timed by default.
Related violations: <none>

REQP-1839#191 Warning
RAMB36 async control check  
The RAMB36E1 implementation/core/native_system/digital/scheduler/memory_reg_2 has an input control pin implementation/core/native_system/digital/scheduler/memory_reg_2/ADDRBWRADDR[7] (net: implementation/core/native_system/digital/scheduler/memory_reg_0_0[4]) which is driven by a register (implementation/core/native_system/digital/cfg_reg[14][4]) that has an active asychronous set or reset. This may cause corruption of the memory contents and/or read values when the set/reset is asserted and is not analyzed by the default static timing analysis. It is suggested to eliminate the use of a set/reset to registers driving this RAMB pin or else use a synchronous reset in which the assertion of the reset is timed by default.
Related violations: <none>

REQP-1839#192 Warning
RAMB36 async control check  
The RAMB36E1 implementation/core/native_system/digital/scheduler/memory_reg_2 has an input control pin implementation/core/native_system/digital/scheduler/memory_reg_2/ADDRBWRADDR[8] (net: implementation/core/native_system/digital/scheduler/memory_reg_0_0[5]) which is driven by a register (implementation/core/native_system/digital/cfg_reg[14][5]) that has an active asychronous set or reset. This may cause corruption of the memory contents and/or read values when the set/reset is asserted and is not analyzed by the default static timing analysis. It is suggested to eliminate the use of a set/reset to registers driving this RAMB pin or else use a synchronous reset in which the assertion of the reset is timed by default.
Related violations: <none>

REQP-1839#193 Warning
RAMB36 async control check  
The RAMB36E1 implementation/core/native_system/digital/scheduler/memory_reg_2 has an input control pin implementation/core/native_system/digital/scheduler/memory_reg_2/ADDRBWRADDR[9] (net: implementation/core/native_system/digital/scheduler/memory_reg_0_0[6]) which is driven by a register (implementation/core/native_system/digital/cfg_reg[14][6]) that has an active asychronous set or reset. This may cause corruption of the memory contents and/or read values when the set/reset is asserted and is not analyzed by the default static timing analysis. It is suggested to eliminate the use of a set/reset to registers driving this RAMB pin or else use a synchronous reset in which the assertion of the reset is timed by default.
Related violations: <none>

REQP-1839#194 Warning
RAMB36 async control check  
The RAMB36E1 implementation/core/native_system/digital/scheduler/memory_reg_2 has an input control pin implementation/core/native_system/digital/scheduler/memory_reg_2/ENARDEN (net: implementation/core/native_system/digital/scheduler/frame_count_reg[10]_0[1]) which is driven by a register (implementation/core/native_system/digital/scheduler/frame_count_reg[10]) that has an active asychronous set or reset. This may cause corruption of the memory contents and/or read values when the set/reset is asserted and is not analyzed by the default static timing analysis. It is suggested to eliminate the use of a set/reset to registers driving this RAMB pin or else use a synchronous reset in which the assertion of the reset is timed by default.
Related violations: <none>

REQP-1839#195 Warning
RAMB36 async control check  
The RAMB36E1 implementation/core/native_system/digital/scheduler/memory_reg_2 has an input control pin implementation/core/native_system/digital/scheduler/memory_reg_2/ENBWREN (net: implementation/core/native_system/digital/scheduler/memory_reg_0_0[1]) which is driven by a register (implementation/core/native_system/digital/cfg_reg[14][1]) that has an active asychronous set or reset. This may cause corruption of the memory contents and/or read values when the set/reset is asserted and is not analyzed by the default static timing analysis. It is suggested to eliminate the use of a set/reset to registers driving this RAMB pin or else use a synchronous reset in which the assertion of the reset is timed by default.
Related violations: <none>

REQP-1839#196 Warning
RAMB36 async control check  
The RAMB36E1 implementation/core/native_system/digital/scheduler/memory_reg_2 has an input control pin implementation/core/native_system/digital/scheduler/memory_reg_2/WEA[0] (net: implementation/core/native_system/digital/scheduler/WEA[0]) which is driven by a register (implementation/core/native_system/digital/abort_reg) that has an active asychronous set or reset. This may cause corruption of the memory contents and/or read values when the set/reset is asserted and is not analyzed by the default static timing analysis. It is suggested to eliminate the use of a set/reset to registers driving this RAMB pin or else use a synchronous reset in which the assertion of the reset is timed by default.
Related violations: <none>

REQP-1839#197 Warning
RAMB36 async control check  
The RAMB36E1 implementation/core/native_system/digital/scheduler/memory_reg_2 has an input control pin implementation/core/native_system/digital/scheduler/memory_reg_2/WEA[0] (net: implementation/core/native_system/digital/scheduler/WEA[0]) which is driven by a register (implementation/core/native_system/digital/bank/command_error_reg) that has an active asychronous set or reset. This may cause corruption of the memory contents and/or read values when the set/reset is asserted and is not analyzed by the default static timing analysis. It is suggested to eliminate the use of a set/reset to registers driving this RAMB pin or else use a synchronous reset in which the assertion of the reset is timed by default.
Related violations: <none>

REQP-1839#198 Warning
RAMB36 async control check  
The RAMB36E1 implementation/core/native_system/digital/scheduler/memory_reg_2 has an input control pin implementation/core/native_system/digital/scheduler/memory_reg_2/WEA[0] (net: implementation/core/native_system/digital/scheduler/WEA[0]) which is driven by a register (implementation/core/native_system/digital/bus_error_reg) that has an active asychronous set or reset. This may cause corruption of the memory contents and/or read values when the set/reset is asserted and is not analyzed by the default static timing analysis. It is suggested to eliminate the use of a set/reset to registers driving this RAMB pin or else use a synchronous reset in which the assertion of the reset is timed by default.
Related violations: <none>

REQP-1839#199 Warning
RAMB36 async control check  
The RAMB36E1 implementation/core/native_system/digital/scheduler/memory_reg_2 has an input control pin implementation/core/native_system/digital/scheduler/memory_reg_2/WEA[0] (net: implementation/core/native_system/digital/scheduler/WEA[0]) which is driven by a register (implementation/core/native_system/digital/c16.adc/error_reg) that has an active asychronous set or reset. This may cause corruption of the memory contents and/or read values when the set/reset is asserted and is not analyzed by the default static timing analysis. It is suggested to eliminate the use of a set/reset to registers driving this RAMB pin or else use a synchronous reset in which the assertion of the reset is timed by default.
Related violations: <none>

REQP-1839#200 Warning
RAMB36 async control check  
The RAMB36E1 implementation/core/native_system/digital/scheduler/memory_reg_2 has an input control pin implementation/core/native_system/digital/scheduler/memory_reg_2/WEA[0] (net: implementation/core/native_system/digital/scheduler/WEA[0]) which is driven by a register (implementation/core/native_system/digital/c16.adc/frame_valid_reg) that has an active asychronous set or reset. This may cause corruption of the memory contents and/or read values when the set/reset is asserted and is not analyzed by the default static timing analysis. It is suggested to eliminate the use of a set/reset to registers driving this RAMB pin or else use a synchronous reset in which the assertion of the reset is timed by default.
Related violations: <none>

REQP-1839#201 Warning
RAMB36 async control check  
The RAMB36E1 implementation/core/native_system/digital/scheduler/memory_reg_2 has an input control pin implementation/core/native_system/digital/scheduler/memory_reg_2/WEA[0] (net: implementation/core/native_system/digital/scheduler/WEA[0]) which is driven by a register (implementation/core/native_system/digital/enable_sync_reg[1]) that has an active asychronous set or reset. This may cause corruption of the memory contents and/or read values when the set/reset is asserted and is not analyzed by the default static timing analysis. It is suggested to eliminate the use of a set/reset to registers driving this RAMB pin or else use a synchronous reset in which the assertion of the reset is timed by default.
Related violations: <none>

REQP-1839#202 Warning
RAMB36 async control check  
The RAMB36E1 implementation/core/native_system/digital/scheduler/memory_reg_2 has an input control pin implementation/core/native_system/digital/scheduler/memory_reg_2/WEA[0] (net: implementation/core/native_system/digital/scheduler/WEA[0]) which is driven by a register (implementation/core/native_system/digital/map_fault_latched_reg) that has an active asychronous set or reset. This may cause corruption of the memory contents and/or read values when the set/reset is asserted and is not analyzed by the default static timing analysis. It is suggested to eliminate the use of a set/reset to registers driving this RAMB pin or else use a synchronous reset in which the assertion of the reset is timed by default.
Related violations: <none>

REQP-1839#203 Warning
RAMB36 async control check  
The RAMB36E1 implementation/core/native_system/digital/scheduler/memory_reg_2 has an input control pin implementation/core/native_system/digital/scheduler/memory_reg_2/WEA[0] (net: implementation/core/native_system/digital/scheduler/WEA[0]) which is driven by a register (implementation/core/native_system/digital/mode_reg[0]) that has an active asychronous set or reset. This may cause corruption of the memory contents and/or read values when the set/reset is asserted and is not analyzed by the default static timing analysis. It is suggested to eliminate the use of a set/reset to registers driving this RAMB pin or else use a synchronous reset in which the assertion of the reset is timed by default.
Related violations: <none>

REQP-1839#204 Warning
RAMB36 async control check  
The RAMB36E1 implementation/core/native_system/digital/scheduler/memory_reg_2 has an input control pin implementation/core/native_system/digital/scheduler/memory_reg_2/WEA[0] (net: implementation/core/native_system/digital/scheduler/WEA[0]) which is driven by a register (implementation/core/native_system/digital/mode_reg[1]) that has an active asychronous set or reset. This may cause corruption of the memory contents and/or read values when the set/reset is asserted and is not analyzed by the default static timing analysis. It is suggested to eliminate the use of a set/reset to registers driving this RAMB pin or else use a synchronous reset in which the assertion of the reset is timed by default.
Related violations: <none>

REQP-1839#205 Warning
RAMB36 async control check  
The RAMB36E1 implementation/core/native_system/digital/scheduler/memory_reg_2 has an input control pin implementation/core/native_system/digital/scheduler/memory_reg_2/WEA[0] (net: implementation/core/native_system/digital/scheduler/WEA[0]) which is driven by a register (implementation/core/native_system/digital/mode_reg[2]) that has an active asychronous set or reset. This may cause corruption of the memory contents and/or read values when the set/reset is asserted and is not analyzed by the default static timing analysis. It is suggested to eliminate the use of a set/reset to registers driving this RAMB pin or else use a synchronous reset in which the assertion of the reset is timed by default.
Related violations: <none>

REQP-1839#206 Warning
RAMB36 async control check  
The RAMB36E1 implementation/core/native_system/digital/scheduler/memory_reg_2 has an input control pin implementation/core/native_system/digital/scheduler/memory_reg_2/WEA[0] (net: implementation/core/native_system/digital/scheduler/WEA[0]) which is driven by a register (implementation/core/native_system/digital/reset_sync_reg[1]) that has an active asychronous set or reset. This may cause corruption of the memory contents and/or read values when the set/reset is asserted and is not analyzed by the default static timing analysis. It is suggested to eliminate the use of a set/reset to registers driving this RAMB pin or else use a synchronous reset in which the assertion of the reset is timed by default.
Related violations: <none>

REQP-1839#207 Warning
RAMB36 async control check  
The RAMB36E1 implementation/core/native_system/digital/scheduler/memory_reg_2 has an input control pin implementation/core/native_system/digital/scheduler/memory_reg_2/WEA[0] (net: implementation/core/native_system/digital/scheduler/WEA[0]) which is driven by a register (implementation/core/native_system/digital/scheduler/error_reg) that has an active asychronous set or reset. This may cause corruption of the memory contents and/or read values when the set/reset is asserted and is not analyzed by the default static timing analysis. It is suggested to eliminate the use of a set/reset to registers driving this RAMB pin or else use a synchronous reset in which the assertion of the reset is timed by default.
Related violations: <none>

REQP-1839#208 Warning
RAMB36 async control check  
The RAMB36E1 implementation/core/native_system/digital/scheduler/memory_reg_2 has an input control pin implementation/core/native_system/digital/scheduler/memory_reg_2/WEA[0] (net: implementation/core/native_system/digital/scheduler/WEA[0]) which is driven by a register (implementation/core/native_system/digital/scheduler/state_reg[1]) that has an active asychronous set or reset. This may cause corruption of the memory contents and/or read values when the set/reset is asserted and is not analyzed by the default static timing analysis. It is suggested to eliminate the use of a set/reset to registers driving this RAMB pin or else use a synchronous reset in which the assertion of the reset is timed by default.
Related violations: <none>

REQP-1839#209 Warning
RAMB36 async control check  
The RAMB36E1 implementation/core/native_system/digital/scheduler/memory_reg_2 has an input control pin implementation/core/native_system/digital/scheduler/memory_reg_2/WEA[0] (net: implementation/core/native_system/digital/scheduler/WEA[0]) which is driven by a register (implementation/core/native_system/digital/scheduler/state_reg[2]) that has an active asychronous set or reset. This may cause corruption of the memory contents and/or read values when the set/reset is asserted and is not analyzed by the default static timing analysis. It is suggested to eliminate the use of a set/reset to registers driving this RAMB pin or else use a synchronous reset in which the assertion of the reset is timed by default.
Related violations: <none>

REQP-1839#210 Warning
RAMB36 async control check  
The RAMB36E1 implementation/core/native_system/digital/scheduler/memory_reg_2 has an input control pin implementation/core/native_system/digital/scheduler/memory_reg_2/WEA[0] (net: implementation/core/native_system/digital/scheduler/WEA[0]) which is driven by a register (implementation/core/native_system/digital/serial/overrun_reg) that has an active asychronous set or reset. This may cause corruption of the memory contents and/or read values when the set/reset is asserted and is not analyzed by the default static timing analysis. It is suggested to eliminate the use of a set/reset to registers driving this RAMB pin or else use a synchronous reset in which the assertion of the reset is timed by default.
Related violations: <none>

REQP-1839#211 Warning
RAMB36 async control check  
The RAMB36E1 implementation/core/native_system/digital/scheduler/memory_reg_2 has an input control pin implementation/core/native_system/digital/scheduler/memory_reg_2/WEA[0] (net: implementation/core/native_system/digital/scheduler/WEA[0]) which is driven by a register (implementation/core/native_system/digital/software_enable_reg) that has an active asychronous set or reset. This may cause corruption of the memory contents and/or read values when the set/reset is asserted and is not analyzed by the default static timing analysis. It is suggested to eliminate the use of a set/reset to registers driving this RAMB pin or else use a synchronous reset in which the assertion of the reset is timed by default.
Related violations: <none>

REQP-1839#212 Warning
RAMB36 async control check  
The RAMB36E1 implementation/core/native_system/digital/scheduler/memory_reg_2 has an input control pin implementation/core/native_system/digital/scheduler/memory_reg_2/WEA[1] (net: implementation/core/native_system/digital/scheduler/WEA[0]) which is driven by a register (implementation/core/native_system/digital/abort_reg) that has an active asychronous set or reset. This may cause corruption of the memory contents and/or read values when the set/reset is asserted and is not analyzed by the default static timing analysis. It is suggested to eliminate the use of a set/reset to registers driving this RAMB pin or else use a synchronous reset in which the assertion of the reset is timed by default.
Related violations: <none>

REQP-1839#213 Warning
RAMB36 async control check  
The RAMB36E1 implementation/core/native_system/digital/scheduler/memory_reg_2 has an input control pin implementation/core/native_system/digital/scheduler/memory_reg_2/WEA[1] (net: implementation/core/native_system/digital/scheduler/WEA[0]) which is driven by a register (implementation/core/native_system/digital/bank/command_error_reg) that has an active asychronous set or reset. This may cause corruption of the memory contents and/or read values when the set/reset is asserted and is not analyzed by the default static timing analysis. It is suggested to eliminate the use of a set/reset to registers driving this RAMB pin or else use a synchronous reset in which the assertion of the reset is timed by default.
Related violations: <none>

REQP-1839#214 Warning
RAMB36 async control check  
The RAMB36E1 implementation/core/native_system/digital/scheduler/memory_reg_2 has an input control pin implementation/core/native_system/digital/scheduler/memory_reg_2/WEA[1] (net: implementation/core/native_system/digital/scheduler/WEA[0]) which is driven by a register (implementation/core/native_system/digital/bus_error_reg) that has an active asychronous set or reset. This may cause corruption of the memory contents and/or read values when the set/reset is asserted and is not analyzed by the default static timing analysis. It is suggested to eliminate the use of a set/reset to registers driving this RAMB pin or else use a synchronous reset in which the assertion of the reset is timed by default.
Related violations: <none>

REQP-1839#215 Warning
RAMB36 async control check  
The RAMB36E1 implementation/core/native_system/digital/scheduler/memory_reg_2 has an input control pin implementation/core/native_system/digital/scheduler/memory_reg_2/WEA[1] (net: implementation/core/native_system/digital/scheduler/WEA[0]) which is driven by a register (implementation/core/native_system/digital/c16.adc/error_reg) that has an active asychronous set or reset. This may cause corruption of the memory contents and/or read values when the set/reset is asserted and is not analyzed by the default static timing analysis. It is suggested to eliminate the use of a set/reset to registers driving this RAMB pin or else use a synchronous reset in which the assertion of the reset is timed by default.
Related violations: <none>

REQP-1839#216 Warning
RAMB36 async control check  
The RAMB36E1 implementation/core/native_system/digital/scheduler/memory_reg_2 has an input control pin implementation/core/native_system/digital/scheduler/memory_reg_2/WEA[1] (net: implementation/core/native_system/digital/scheduler/WEA[0]) which is driven by a register (implementation/core/native_system/digital/c16.adc/frame_valid_reg) that has an active asychronous set or reset. This may cause corruption of the memory contents and/or read values when the set/reset is asserted and is not analyzed by the default static timing analysis. It is suggested to eliminate the use of a set/reset to registers driving this RAMB pin or else use a synchronous reset in which the assertion of the reset is timed by default.
Related violations: <none>

REQP-1839#217 Warning
RAMB36 async control check  
The RAMB36E1 implementation/core/native_system/digital/scheduler/memory_reg_2 has an input control pin implementation/core/native_system/digital/scheduler/memory_reg_2/WEA[1] (net: implementation/core/native_system/digital/scheduler/WEA[0]) which is driven by a register (implementation/core/native_system/digital/enable_sync_reg[1]) that has an active asychronous set or reset. This may cause corruption of the memory contents and/or read values when the set/reset is asserted and is not analyzed by the default static timing analysis. It is suggested to eliminate the use of a set/reset to registers driving this RAMB pin or else use a synchronous reset in which the assertion of the reset is timed by default.
Related violations: <none>

REQP-1839#218 Warning
RAMB36 async control check  
The RAMB36E1 implementation/core/native_system/digital/scheduler/memory_reg_2 has an input control pin implementation/core/native_system/digital/scheduler/memory_reg_2/WEA[1] (net: implementation/core/native_system/digital/scheduler/WEA[0]) which is driven by a register (implementation/core/native_system/digital/map_fault_latched_reg) that has an active asychronous set or reset. This may cause corruption of the memory contents and/or read values when the set/reset is asserted and is not analyzed by the default static timing analysis. It is suggested to eliminate the use of a set/reset to registers driving this RAMB pin or else use a synchronous reset in which the assertion of the reset is timed by default.
Related violations: <none>

REQP-1839#219 Warning
RAMB36 async control check  
The RAMB36E1 implementation/core/native_system/digital/scheduler/memory_reg_2 has an input control pin implementation/core/native_system/digital/scheduler/memory_reg_2/WEA[1] (net: implementation/core/native_system/digital/scheduler/WEA[0]) which is driven by a register (implementation/core/native_system/digital/mode_reg[0]) that has an active asychronous set or reset. This may cause corruption of the memory contents and/or read values when the set/reset is asserted and is not analyzed by the default static timing analysis. It is suggested to eliminate the use of a set/reset to registers driving this RAMB pin or else use a synchronous reset in which the assertion of the reset is timed by default.
Related violations: <none>

REQP-1839#220 Warning
RAMB36 async control check  
The RAMB36E1 implementation/core/native_system/digital/scheduler/memory_reg_2 has an input control pin implementation/core/native_system/digital/scheduler/memory_reg_2/WEA[1] (net: implementation/core/native_system/digital/scheduler/WEA[0]) which is driven by a register (implementation/core/native_system/digital/mode_reg[1]) that has an active asychronous set or reset. This may cause corruption of the memory contents and/or read values when the set/reset is asserted and is not analyzed by the default static timing analysis. It is suggested to eliminate the use of a set/reset to registers driving this RAMB pin or else use a synchronous reset in which the assertion of the reset is timed by default.
Related violations: <none>

REQP-1839#221 Warning
RAMB36 async control check  
The RAMB36E1 implementation/core/native_system/digital/scheduler/memory_reg_2 has an input control pin implementation/core/native_system/digital/scheduler/memory_reg_2/WEA[1] (net: implementation/core/native_system/digital/scheduler/WEA[0]) which is driven by a register (implementation/core/native_system/digital/mode_reg[2]) that has an active asychronous set or reset. This may cause corruption of the memory contents and/or read values when the set/reset is asserted and is not analyzed by the default static timing analysis. It is suggested to eliminate the use of a set/reset to registers driving this RAMB pin or else use a synchronous reset in which the assertion of the reset is timed by default.
Related violations: <none>

REQP-1839#222 Warning
RAMB36 async control check  
The RAMB36E1 implementation/core/native_system/digital/scheduler/memory_reg_2 has an input control pin implementation/core/native_system/digital/scheduler/memory_reg_2/WEA[1] (net: implementation/core/native_system/digital/scheduler/WEA[0]) which is driven by a register (implementation/core/native_system/digital/reset_sync_reg[1]) that has an active asychronous set or reset. This may cause corruption of the memory contents and/or read values when the set/reset is asserted and is not analyzed by the default static timing analysis. It is suggested to eliminate the use of a set/reset to registers driving this RAMB pin or else use a synchronous reset in which the assertion of the reset is timed by default.
Related violations: <none>

REQP-1839#223 Warning
RAMB36 async control check  
The RAMB36E1 implementation/core/native_system/digital/scheduler/memory_reg_2 has an input control pin implementation/core/native_system/digital/scheduler/memory_reg_2/WEA[1] (net: implementation/core/native_system/digital/scheduler/WEA[0]) which is driven by a register (implementation/core/native_system/digital/scheduler/error_reg) that has an active asychronous set or reset. This may cause corruption of the memory contents and/or read values when the set/reset is asserted and is not analyzed by the default static timing analysis. It is suggested to eliminate the use of a set/reset to registers driving this RAMB pin or else use a synchronous reset in which the assertion of the reset is timed by default.
Related violations: <none>

REQP-1839#224 Warning
RAMB36 async control check  
The RAMB36E1 implementation/core/native_system/digital/scheduler/memory_reg_2 has an input control pin implementation/core/native_system/digital/scheduler/memory_reg_2/WEA[1] (net: implementation/core/native_system/digital/scheduler/WEA[0]) which is driven by a register (implementation/core/native_system/digital/scheduler/state_reg[1]) that has an active asychronous set or reset. This may cause corruption of the memory contents and/or read values when the set/reset is asserted and is not analyzed by the default static timing analysis. It is suggested to eliminate the use of a set/reset to registers driving this RAMB pin or else use a synchronous reset in which the assertion of the reset is timed by default.
Related violations: <none>

REQP-1839#225 Warning
RAMB36 async control check  
The RAMB36E1 implementation/core/native_system/digital/scheduler/memory_reg_2 has an input control pin implementation/core/native_system/digital/scheduler/memory_reg_2/WEA[1] (net: implementation/core/native_system/digital/scheduler/WEA[0]) which is driven by a register (implementation/core/native_system/digital/scheduler/state_reg[2]) that has an active asychronous set or reset. This may cause corruption of the memory contents and/or read values when the set/reset is asserted and is not analyzed by the default static timing analysis. It is suggested to eliminate the use of a set/reset to registers driving this RAMB pin or else use a synchronous reset in which the assertion of the reset is timed by default.
Related violations: <none>

REQP-1839#226 Warning
RAMB36 async control check  
The RAMB36E1 implementation/core/native_system/digital/scheduler/memory_reg_2 has an input control pin implementation/core/native_system/digital/scheduler/memory_reg_2/WEA[1] (net: implementation/core/native_system/digital/scheduler/WEA[0]) which is driven by a register (implementation/core/native_system/digital/serial/overrun_reg) that has an active asychronous set or reset. This may cause corruption of the memory contents and/or read values when the set/reset is asserted and is not analyzed by the default static timing analysis. It is suggested to eliminate the use of a set/reset to registers driving this RAMB pin or else use a synchronous reset in which the assertion of the reset is timed by default.
Related violations: <none>

REQP-1839#227 Warning
RAMB36 async control check  
The RAMB36E1 implementation/core/native_system/digital/scheduler/memory_reg_2 has an input control pin implementation/core/native_system/digital/scheduler/memory_reg_2/WEA[1] (net: implementation/core/native_system/digital/scheduler/WEA[0]) which is driven by a register (implementation/core/native_system/digital/software_enable_reg) that has an active asychronous set or reset. This may cause corruption of the memory contents and/or read values when the set/reset is asserted and is not analyzed by the default static timing analysis. It is suggested to eliminate the use of a set/reset to registers driving this RAMB pin or else use a synchronous reset in which the assertion of the reset is timed by default.
Related violations: <none>

REQP-1839#228 Warning
RAMB36 async control check  
The RAMB36E1 implementation/core/native_system/digital/scheduler/memory_reg_2 has an input control pin implementation/core/native_system/digital/scheduler/memory_reg_2/WEA[2] (net: implementation/core/native_system/digital/scheduler/WEA[0]) which is driven by a register (implementation/core/native_system/digital/abort_reg) that has an active asychronous set or reset. This may cause corruption of the memory contents and/or read values when the set/reset is asserted and is not analyzed by the default static timing analysis. It is suggested to eliminate the use of a set/reset to registers driving this RAMB pin or else use a synchronous reset in which the assertion of the reset is timed by default.
Related violations: <none>

REQP-1839#229 Warning
RAMB36 async control check  
The RAMB36E1 implementation/core/native_system/digital/scheduler/memory_reg_2 has an input control pin implementation/core/native_system/digital/scheduler/memory_reg_2/WEA[2] (net: implementation/core/native_system/digital/scheduler/WEA[0]) which is driven by a register (implementation/core/native_system/digital/bank/command_error_reg) that has an active asychronous set or reset. This may cause corruption of the memory contents and/or read values when the set/reset is asserted and is not analyzed by the default static timing analysis. It is suggested to eliminate the use of a set/reset to registers driving this RAMB pin or else use a synchronous reset in which the assertion of the reset is timed by default.
Related violations: <none>

REQP-1839#230 Warning
RAMB36 async control check  
The RAMB36E1 implementation/core/native_system/digital/scheduler/memory_reg_2 has an input control pin implementation/core/native_system/digital/scheduler/memory_reg_2/WEA[2] (net: implementation/core/native_system/digital/scheduler/WEA[0]) which is driven by a register (implementation/core/native_system/digital/bus_error_reg) that has an active asychronous set or reset. This may cause corruption of the memory contents and/or read values when the set/reset is asserted and is not analyzed by the default static timing analysis. It is suggested to eliminate the use of a set/reset to registers driving this RAMB pin or else use a synchronous reset in which the assertion of the reset is timed by default.
Related violations: <none>

REQP-1839#231 Warning
RAMB36 async control check  
The RAMB36E1 implementation/core/native_system/digital/scheduler/memory_reg_2 has an input control pin implementation/core/native_system/digital/scheduler/memory_reg_2/WEA[2] (net: implementation/core/native_system/digital/scheduler/WEA[0]) which is driven by a register (implementation/core/native_system/digital/c16.adc/error_reg) that has an active asychronous set or reset. This may cause corruption of the memory contents and/or read values when the set/reset is asserted and is not analyzed by the default static timing analysis. It is suggested to eliminate the use of a set/reset to registers driving this RAMB pin or else use a synchronous reset in which the assertion of the reset is timed by default.
Related violations: <none>

REQP-1839#232 Warning
RAMB36 async control check  
The RAMB36E1 implementation/core/native_system/digital/scheduler/memory_reg_2 has an input control pin implementation/core/native_system/digital/scheduler/memory_reg_2/WEA[2] (net: implementation/core/native_system/digital/scheduler/WEA[0]) which is driven by a register (implementation/core/native_system/digital/c16.adc/frame_valid_reg) that has an active asychronous set or reset. This may cause corruption of the memory contents and/or read values when the set/reset is asserted and is not analyzed by the default static timing analysis. It is suggested to eliminate the use of a set/reset to registers driving this RAMB pin or else use a synchronous reset in which the assertion of the reset is timed by default.
Related violations: <none>

REQP-1839#233 Warning
RAMB36 async control check  
The RAMB36E1 implementation/core/native_system/digital/scheduler/memory_reg_2 has an input control pin implementation/core/native_system/digital/scheduler/memory_reg_2/WEA[2] (net: implementation/core/native_system/digital/scheduler/WEA[0]) which is driven by a register (implementation/core/native_system/digital/enable_sync_reg[1]) that has an active asychronous set or reset. This may cause corruption of the memory contents and/or read values when the set/reset is asserted and is not analyzed by the default static timing analysis. It is suggested to eliminate the use of a set/reset to registers driving this RAMB pin or else use a synchronous reset in which the assertion of the reset is timed by default.
Related violations: <none>

REQP-1839#234 Warning
RAMB36 async control check  
The RAMB36E1 implementation/core/native_system/digital/scheduler/memory_reg_2 has an input control pin implementation/core/native_system/digital/scheduler/memory_reg_2/WEA[2] (net: implementation/core/native_system/digital/scheduler/WEA[0]) which is driven by a register (implementation/core/native_system/digital/map_fault_latched_reg) that has an active asychronous set or reset. This may cause corruption of the memory contents and/or read values when the set/reset is asserted and is not analyzed by the default static timing analysis. It is suggested to eliminate the use of a set/reset to registers driving this RAMB pin or else use a synchronous reset in which the assertion of the reset is timed by default.
Related violations: <none>

REQP-1839#235 Warning
RAMB36 async control check  
The RAMB36E1 implementation/core/native_system/digital/scheduler/memory_reg_2 has an input control pin implementation/core/native_system/digital/scheduler/memory_reg_2/WEA[2] (net: implementation/core/native_system/digital/scheduler/WEA[0]) which is driven by a register (implementation/core/native_system/digital/mode_reg[0]) that has an active asychronous set or reset. This may cause corruption of the memory contents and/or read values when the set/reset is asserted and is not analyzed by the default static timing analysis. It is suggested to eliminate the use of a set/reset to registers driving this RAMB pin or else use a synchronous reset in which the assertion of the reset is timed by default.
Related violations: <none>

REQP-1839#236 Warning
RAMB36 async control check  
The RAMB36E1 implementation/core/native_system/digital/scheduler/memory_reg_2 has an input control pin implementation/core/native_system/digital/scheduler/memory_reg_2/WEA[2] (net: implementation/core/native_system/digital/scheduler/WEA[0]) which is driven by a register (implementation/core/native_system/digital/mode_reg[1]) that has an active asychronous set or reset. This may cause corruption of the memory contents and/or read values when the set/reset is asserted and is not analyzed by the default static timing analysis. It is suggested to eliminate the use of a set/reset to registers driving this RAMB pin or else use a synchronous reset in which the assertion of the reset is timed by default.
Related violations: <none>

REQP-1839#237 Warning
RAMB36 async control check  
The RAMB36E1 implementation/core/native_system/digital/scheduler/memory_reg_2 has an input control pin implementation/core/native_system/digital/scheduler/memory_reg_2/WEA[2] (net: implementation/core/native_system/digital/scheduler/WEA[0]) which is driven by a register (implementation/core/native_system/digital/mode_reg[2]) that has an active asychronous set or reset. This may cause corruption of the memory contents and/or read values when the set/reset is asserted and is not analyzed by the default static timing analysis. It is suggested to eliminate the use of a set/reset to registers driving this RAMB pin or else use a synchronous reset in which the assertion of the reset is timed by default.
Related violations: <none>

REQP-1839#238 Warning
RAMB36 async control check  
The RAMB36E1 implementation/core/native_system/digital/scheduler/memory_reg_2 has an input control pin implementation/core/native_system/digital/scheduler/memory_reg_2/WEA[2] (net: implementation/core/native_system/digital/scheduler/WEA[0]) which is driven by a register (implementation/core/native_system/digital/reset_sync_reg[1]) that has an active asychronous set or reset. This may cause corruption of the memory contents and/or read values when the set/reset is asserted and is not analyzed by the default static timing analysis. It is suggested to eliminate the use of a set/reset to registers driving this RAMB pin or else use a synchronous reset in which the assertion of the reset is timed by default.
Related violations: <none>

REQP-1839#239 Warning
RAMB36 async control check  
The RAMB36E1 implementation/core/native_system/digital/scheduler/memory_reg_2 has an input control pin implementation/core/native_system/digital/scheduler/memory_reg_2/WEA[2] (net: implementation/core/native_system/digital/scheduler/WEA[0]) which is driven by a register (implementation/core/native_system/digital/scheduler/error_reg) that has an active asychronous set or reset. This may cause corruption of the memory contents and/or read values when the set/reset is asserted and is not analyzed by the default static timing analysis. It is suggested to eliminate the use of a set/reset to registers driving this RAMB pin or else use a synchronous reset in which the assertion of the reset is timed by default.
Related violations: <none>

REQP-1839#240 Warning
RAMB36 async control check  
The RAMB36E1 implementation/core/native_system/digital/scheduler/memory_reg_2 has an input control pin implementation/core/native_system/digital/scheduler/memory_reg_2/WEA[2] (net: implementation/core/native_system/digital/scheduler/WEA[0]) which is driven by a register (implementation/core/native_system/digital/scheduler/state_reg[1]) that has an active asychronous set or reset. This may cause corruption of the memory contents and/or read values when the set/reset is asserted and is not analyzed by the default static timing analysis. It is suggested to eliminate the use of a set/reset to registers driving this RAMB pin or else use a synchronous reset in which the assertion of the reset is timed by default.
Related violations: <none>

REQP-1839#241 Warning
RAMB36 async control check  
The RAMB36E1 implementation/core/native_system/digital/scheduler/memory_reg_2 has an input control pin implementation/core/native_system/digital/scheduler/memory_reg_2/WEA[2] (net: implementation/core/native_system/digital/scheduler/WEA[0]) which is driven by a register (implementation/core/native_system/digital/scheduler/state_reg[2]) that has an active asychronous set or reset. This may cause corruption of the memory contents and/or read values when the set/reset is asserted and is not analyzed by the default static timing analysis. It is suggested to eliminate the use of a set/reset to registers driving this RAMB pin or else use a synchronous reset in which the assertion of the reset is timed by default.
Related violations: <none>

REQP-1839#242 Warning
RAMB36 async control check  
The RAMB36E1 implementation/core/native_system/digital/scheduler/memory_reg_2 has an input control pin implementation/core/native_system/digital/scheduler/memory_reg_2/WEA[2] (net: implementation/core/native_system/digital/scheduler/WEA[0]) which is driven by a register (implementation/core/native_system/digital/serial/overrun_reg) that has an active asychronous set or reset. This may cause corruption of the memory contents and/or read values when the set/reset is asserted and is not analyzed by the default static timing analysis. It is suggested to eliminate the use of a set/reset to registers driving this RAMB pin or else use a synchronous reset in which the assertion of the reset is timed by default.
Related violations: <none>

REQP-1839#243 Warning
RAMB36 async control check  
The RAMB36E1 implementation/core/native_system/digital/scheduler/memory_reg_2 has an input control pin implementation/core/native_system/digital/scheduler/memory_reg_2/WEA[2] (net: implementation/core/native_system/digital/scheduler/WEA[0]) which is driven by a register (implementation/core/native_system/digital/software_enable_reg) that has an active asychronous set or reset. This may cause corruption of the memory contents and/or read values when the set/reset is asserted and is not analyzed by the default static timing analysis. It is suggested to eliminate the use of a set/reset to registers driving this RAMB pin or else use a synchronous reset in which the assertion of the reset is timed by default.
Related violations: <none>

REQP-1839#244 Warning
RAMB36 async control check  
The RAMB36E1 implementation/core/native_system/digital/scheduler/memory_reg_2 has an input control pin implementation/core/native_system/digital/scheduler/memory_reg_2/WEA[3] (net: implementation/core/native_system/digital/scheduler/WEA[0]) which is driven by a register (implementation/core/native_system/digital/abort_reg) that has an active asychronous set or reset. This may cause corruption of the memory contents and/or read values when the set/reset is asserted and is not analyzed by the default static timing analysis. It is suggested to eliminate the use of a set/reset to registers driving this RAMB pin or else use a synchronous reset in which the assertion of the reset is timed by default.
Related violations: <none>

REQP-1839#245 Warning
RAMB36 async control check  
The RAMB36E1 implementation/core/native_system/digital/scheduler/memory_reg_2 has an input control pin implementation/core/native_system/digital/scheduler/memory_reg_2/WEA[3] (net: implementation/core/native_system/digital/scheduler/WEA[0]) which is driven by a register (implementation/core/native_system/digital/bank/command_error_reg) that has an active asychronous set or reset. This may cause corruption of the memory contents and/or read values when the set/reset is asserted and is not analyzed by the default static timing analysis. It is suggested to eliminate the use of a set/reset to registers driving this RAMB pin or else use a synchronous reset in which the assertion of the reset is timed by default.
Related violations: <none>

REQP-1839#246 Warning
RAMB36 async control check  
The RAMB36E1 implementation/core/native_system/digital/scheduler/memory_reg_2 has an input control pin implementation/core/native_system/digital/scheduler/memory_reg_2/WEA[3] (net: implementation/core/native_system/digital/scheduler/WEA[0]) which is driven by a register (implementation/core/native_system/digital/bus_error_reg) that has an active asychronous set or reset. This may cause corruption of the memory contents and/or read values when the set/reset is asserted and is not analyzed by the default static timing analysis. It is suggested to eliminate the use of a set/reset to registers driving this RAMB pin or else use a synchronous reset in which the assertion of the reset is timed by default.
Related violations: <none>

REQP-1839#247 Warning
RAMB36 async control check  
The RAMB36E1 implementation/core/native_system/digital/scheduler/memory_reg_2 has an input control pin implementation/core/native_system/digital/scheduler/memory_reg_2/WEA[3] (net: implementation/core/native_system/digital/scheduler/WEA[0]) which is driven by a register (implementation/core/native_system/digital/c16.adc/error_reg) that has an active asychronous set or reset. This may cause corruption of the memory contents and/or read values when the set/reset is asserted and is not analyzed by the default static timing analysis. It is suggested to eliminate the use of a set/reset to registers driving this RAMB pin or else use a synchronous reset in which the assertion of the reset is timed by default.
Related violations: <none>

REQP-1839#248 Warning
RAMB36 async control check  
The RAMB36E1 implementation/core/native_system/digital/scheduler/memory_reg_2 has an input control pin implementation/core/native_system/digital/scheduler/memory_reg_2/WEA[3] (net: implementation/core/native_system/digital/scheduler/WEA[0]) which is driven by a register (implementation/core/native_system/digital/c16.adc/frame_valid_reg) that has an active asychronous set or reset. This may cause corruption of the memory contents and/or read values when the set/reset is asserted and is not analyzed by the default static timing analysis. It is suggested to eliminate the use of a set/reset to registers driving this RAMB pin or else use a synchronous reset in which the assertion of the reset is timed by default.
Related violations: <none>

REQP-1839#249 Warning
RAMB36 async control check  
The RAMB36E1 implementation/core/native_system/digital/scheduler/memory_reg_2 has an input control pin implementation/core/native_system/digital/scheduler/memory_reg_2/WEA[3] (net: implementation/core/native_system/digital/scheduler/WEA[0]) which is driven by a register (implementation/core/native_system/digital/enable_sync_reg[1]) that has an active asychronous set or reset. This may cause corruption of the memory contents and/or read values when the set/reset is asserted and is not analyzed by the default static timing analysis. It is suggested to eliminate the use of a set/reset to registers driving this RAMB pin or else use a synchronous reset in which the assertion of the reset is timed by default.
Related violations: <none>

REQP-1839#250 Warning
RAMB36 async control check  
The RAMB36E1 implementation/core/native_system/digital/scheduler/memory_reg_2 has an input control pin implementation/core/native_system/digital/scheduler/memory_reg_2/WEA[3] (net: implementation/core/native_system/digital/scheduler/WEA[0]) which is driven by a register (implementation/core/native_system/digital/map_fault_latched_reg) that has an active asychronous set or reset. This may cause corruption of the memory contents and/or read values when the set/reset is asserted and is not analyzed by the default static timing analysis. It is suggested to eliminate the use of a set/reset to registers driving this RAMB pin or else use a synchronous reset in which the assertion of the reset is timed by default.
Related violations: <none>

REQP-1839#251 Warning
RAMB36 async control check  
The RAMB36E1 implementation/core/native_system/digital/scheduler/memory_reg_2 has an input control pin implementation/core/native_system/digital/scheduler/memory_reg_2/WEA[3] (net: implementation/core/native_system/digital/scheduler/WEA[0]) which is driven by a register (implementation/core/native_system/digital/mode_reg[0]) that has an active asychronous set or reset. This may cause corruption of the memory contents and/or read values when the set/reset is asserted and is not analyzed by the default static timing analysis. It is suggested to eliminate the use of a set/reset to registers driving this RAMB pin or else use a synchronous reset in which the assertion of the reset is timed by default.
Related violations: <none>

REQP-1839#252 Warning
RAMB36 async control check  
The RAMB36E1 implementation/core/native_system/digital/scheduler/memory_reg_2 has an input control pin implementation/core/native_system/digital/scheduler/memory_reg_2/WEA[3] (net: implementation/core/native_system/digital/scheduler/WEA[0]) which is driven by a register (implementation/core/native_system/digital/mode_reg[1]) that has an active asychronous set or reset. This may cause corruption of the memory contents and/or read values when the set/reset is asserted and is not analyzed by the default static timing analysis. It is suggested to eliminate the use of a set/reset to registers driving this RAMB pin or else use a synchronous reset in which the assertion of the reset is timed by default.
Related violations: <none>

REQP-1839#253 Warning
RAMB36 async control check  
The RAMB36E1 implementation/core/native_system/digital/scheduler/memory_reg_2 has an input control pin implementation/core/native_system/digital/scheduler/memory_reg_2/WEA[3] (net: implementation/core/native_system/digital/scheduler/WEA[0]) which is driven by a register (implementation/core/native_system/digital/mode_reg[2]) that has an active asychronous set or reset. This may cause corruption of the memory contents and/or read values when the set/reset is asserted and is not analyzed by the default static timing analysis. It is suggested to eliminate the use of a set/reset to registers driving this RAMB pin or else use a synchronous reset in which the assertion of the reset is timed by default.
Related violations: <none>

REQP-1839#254 Warning
RAMB36 async control check  
The RAMB36E1 implementation/core/native_system/digital/scheduler/memory_reg_2 has an input control pin implementation/core/native_system/digital/scheduler/memory_reg_2/WEA[3] (net: implementation/core/native_system/digital/scheduler/WEA[0]) which is driven by a register (implementation/core/native_system/digital/reset_sync_reg[1]) that has an active asychronous set or reset. This may cause corruption of the memory contents and/or read values when the set/reset is asserted and is not analyzed by the default static timing analysis. It is suggested to eliminate the use of a set/reset to registers driving this RAMB pin or else use a synchronous reset in which the assertion of the reset is timed by default.
Related violations: <none>

REQP-1839#255 Warning
RAMB36 async control check  
The RAMB36E1 implementation/core/native_system/digital/scheduler/memory_reg_2 has an input control pin implementation/core/native_system/digital/scheduler/memory_reg_2/WEA[3] (net: implementation/core/native_system/digital/scheduler/WEA[0]) which is driven by a register (implementation/core/native_system/digital/scheduler/error_reg) that has an active asychronous set or reset. This may cause corruption of the memory contents and/or read values when the set/reset is asserted and is not analyzed by the default static timing analysis. It is suggested to eliminate the use of a set/reset to registers driving this RAMB pin or else use a synchronous reset in which the assertion of the reset is timed by default.
Related violations: <none>

REQP-1839#256 Warning
RAMB36 async control check  
The RAMB36E1 implementation/core/native_system/digital/scheduler/memory_reg_2 has an input control pin implementation/core/native_system/digital/scheduler/memory_reg_2/WEA[3] (net: implementation/core/native_system/digital/scheduler/WEA[0]) which is driven by a register (implementation/core/native_system/digital/scheduler/state_reg[1]) that has an active asychronous set or reset. This may cause corruption of the memory contents and/or read values when the set/reset is asserted and is not analyzed by the default static timing analysis. It is suggested to eliminate the use of a set/reset to registers driving this RAMB pin or else use a synchronous reset in which the assertion of the reset is timed by default.
Related violations: <none>

REQP-1839#257 Warning
RAMB36 async control check  
The RAMB36E1 implementation/core/native_system/digital/scheduler/memory_reg_2 has an input control pin implementation/core/native_system/digital/scheduler/memory_reg_2/WEA[3] (net: implementation/core/native_system/digital/scheduler/WEA[0]) which is driven by a register (implementation/core/native_system/digital/scheduler/state_reg[2]) that has an active asychronous set or reset. This may cause corruption of the memory contents and/or read values when the set/reset is asserted and is not analyzed by the default static timing analysis. It is suggested to eliminate the use of a set/reset to registers driving this RAMB pin or else use a synchronous reset in which the assertion of the reset is timed by default.
Related violations: <none>

REQP-1839#258 Warning
RAMB36 async control check  
The RAMB36E1 implementation/core/native_system/digital/scheduler/memory_reg_2 has an input control pin implementation/core/native_system/digital/scheduler/memory_reg_2/WEA[3] (net: implementation/core/native_system/digital/scheduler/WEA[0]) which is driven by a register (implementation/core/native_system/digital/serial/overrun_reg) that has an active asychronous set or reset. This may cause corruption of the memory contents and/or read values when the set/reset is asserted and is not analyzed by the default static timing analysis. It is suggested to eliminate the use of a set/reset to registers driving this RAMB pin or else use a synchronous reset in which the assertion of the reset is timed by default.
Related violations: <none>

REQP-1839#259 Warning
RAMB36 async control check  
The RAMB36E1 implementation/core/native_system/digital/scheduler/memory_reg_2 has an input control pin implementation/core/native_system/digital/scheduler/memory_reg_2/WEA[3] (net: implementation/core/native_system/digital/scheduler/WEA[0]) which is driven by a register (implementation/core/native_system/digital/software_enable_reg) that has an active asychronous set or reset. This may cause corruption of the memory contents and/or read values when the set/reset is asserted and is not analyzed by the default static timing analysis. It is suggested to eliminate the use of a set/reset to registers driving this RAMB pin or else use a synchronous reset in which the assertion of the reset is timed by default.
Related violations: <none>

REQP-1839#260 Warning
RAMB36 async control check  
The RAMB36E1 implementation/core/native_system/digital/scheduler/memory_reg_3 has an input control pin implementation/core/native_system/digital/scheduler/memory_reg_3/ADDRARDADDR[10] (net: implementation/core/native_system/digital/scheduler/frame_count[5]) which is driven by a register (implementation/core/native_system/digital/scheduler/frame_count_reg[5]) that has an active asychronous set or reset. This may cause corruption of the memory contents and/or read values when the set/reset is asserted and is not analyzed by the default static timing analysis. It is suggested to eliminate the use of a set/reset to registers driving this RAMB pin or else use a synchronous reset in which the assertion of the reset is timed by default.
Related violations: <none>

REQP-1839#261 Warning
RAMB36 async control check  
The RAMB36E1 implementation/core/native_system/digital/scheduler/memory_reg_3 has an input control pin implementation/core/native_system/digital/scheduler/memory_reg_3/ADDRARDADDR[11] (net: implementation/core/native_system/digital/scheduler/frame_count[6]) which is driven by a register (implementation/core/native_system/digital/scheduler/frame_count_reg[6]) that has an active asychronous set or reset. This may cause corruption of the memory contents and/or read values when the set/reset is asserted and is not analyzed by the default static timing analysis. It is suggested to eliminate the use of a set/reset to registers driving this RAMB pin or else use a synchronous reset in which the assertion of the reset is timed by default.
Related violations: <none>

REQP-1839#262 Warning
RAMB36 async control check  
The RAMB36E1 implementation/core/native_system/digital/scheduler/memory_reg_3 has an input control pin implementation/core/native_system/digital/scheduler/memory_reg_3/ADDRARDADDR[12] (net: implementation/core/native_system/digital/scheduler/frame_count[7]) which is driven by a register (implementation/core/native_system/digital/scheduler/frame_count_reg[7]) that has an active asychronous set or reset. This may cause corruption of the memory contents and/or read values when the set/reset is asserted and is not analyzed by the default static timing analysis. It is suggested to eliminate the use of a set/reset to registers driving this RAMB pin or else use a synchronous reset in which the assertion of the reset is timed by default.
Related violations: <none>

REQP-1839#263 Warning
RAMB36 async control check  
The RAMB36E1 implementation/core/native_system/digital/scheduler/memory_reg_3 has an input control pin implementation/core/native_system/digital/scheduler/memory_reg_3/ADDRARDADDR[13] (net: implementation/core/native_system/digital/scheduler/frame_count[8]) which is driven by a register (implementation/core/native_system/digital/scheduler/frame_count_reg[8]) that has an active asychronous set or reset. This may cause corruption of the memory contents and/or read values when the set/reset is asserted and is not analyzed by the default static timing analysis. It is suggested to eliminate the use of a set/reset to registers driving this RAMB pin or else use a synchronous reset in which the assertion of the reset is timed by default.
Related violations: <none>

REQP-1839#264 Warning
RAMB36 async control check  
The RAMB36E1 implementation/core/native_system/digital/scheduler/memory_reg_3 has an input control pin implementation/core/native_system/digital/scheduler/memory_reg_3/ADDRARDADDR[14] (net: implementation/core/native_system/digital/scheduler/frame_count_reg[10]_0[0]) which is driven by a register (implementation/core/native_system/digital/scheduler/frame_count_reg[9]) that has an active asychronous set or reset. This may cause corruption of the memory contents and/or read values when the set/reset is asserted and is not analyzed by the default static timing analysis. It is suggested to eliminate the use of a set/reset to registers driving this RAMB pin or else use a synchronous reset in which the assertion of the reset is timed by default.
Related violations: <none>

REQP-1839#265 Warning
RAMB36 async control check  
The RAMB36E1 implementation/core/native_system/digital/scheduler/memory_reg_3 has an input control pin implementation/core/native_system/digital/scheduler/memory_reg_3/ADDRARDADDR[5] (net: implementation/core/native_system/digital/scheduler/frame_count[0]) which is driven by a register (implementation/core/native_system/digital/scheduler/frame_count_reg[0]) that has an active asychronous set or reset. This may cause corruption of the memory contents and/or read values when the set/reset is asserted and is not analyzed by the default static timing analysis. It is suggested to eliminate the use of a set/reset to registers driving this RAMB pin or else use a synchronous reset in which the assertion of the reset is timed by default.
Related violations: <none>

REQP-1839#266 Warning
RAMB36 async control check  
The RAMB36E1 implementation/core/native_system/digital/scheduler/memory_reg_3 has an input control pin implementation/core/native_system/digital/scheduler/memory_reg_3/ADDRARDADDR[6] (net: implementation/core/native_system/digital/scheduler/frame_count[1]) which is driven by a register (implementation/core/native_system/digital/scheduler/frame_count_reg[1]) that has an active asychronous set or reset. This may cause corruption of the memory contents and/or read values when the set/reset is asserted and is not analyzed by the default static timing analysis. It is suggested to eliminate the use of a set/reset to registers driving this RAMB pin or else use a synchronous reset in which the assertion of the reset is timed by default.
Related violations: <none>

REQP-1839#267 Warning
RAMB36 async control check  
The RAMB36E1 implementation/core/native_system/digital/scheduler/memory_reg_3 has an input control pin implementation/core/native_system/digital/scheduler/memory_reg_3/ADDRARDADDR[7] (net: implementation/core/native_system/digital/scheduler/frame_count[2]) which is driven by a register (implementation/core/native_system/digital/scheduler/frame_count_reg[2]) that has an active asychronous set or reset. This may cause corruption of the memory contents and/or read values when the set/reset is asserted and is not analyzed by the default static timing analysis. It is suggested to eliminate the use of a set/reset to registers driving this RAMB pin or else use a synchronous reset in which the assertion of the reset is timed by default.
Related violations: <none>

REQP-1839#268 Warning
RAMB36 async control check  
The RAMB36E1 implementation/core/native_system/digital/scheduler/memory_reg_3 has an input control pin implementation/core/native_system/digital/scheduler/memory_reg_3/ADDRARDADDR[8] (net: implementation/core/native_system/digital/scheduler/frame_count[3]) which is driven by a register (implementation/core/native_system/digital/scheduler/frame_count_reg[3]) that has an active asychronous set or reset. This may cause corruption of the memory contents and/or read values when the set/reset is asserted and is not analyzed by the default static timing analysis. It is suggested to eliminate the use of a set/reset to registers driving this RAMB pin or else use a synchronous reset in which the assertion of the reset is timed by default.
Related violations: <none>

REQP-1839#269 Warning
RAMB36 async control check  
The RAMB36E1 implementation/core/native_system/digital/scheduler/memory_reg_3 has an input control pin implementation/core/native_system/digital/scheduler/memory_reg_3/ADDRARDADDR[9] (net: implementation/core/native_system/digital/scheduler/frame_count[4]) which is driven by a register (implementation/core/native_system/digital/scheduler/frame_count_reg[4]) that has an active asychronous set or reset. This may cause corruption of the memory contents and/or read values when the set/reset is asserted and is not analyzed by the default static timing analysis. It is suggested to eliminate the use of a set/reset to registers driving this RAMB pin or else use a synchronous reset in which the assertion of the reset is timed by default.
Related violations: <none>

REQP-1839#270 Warning
RAMB36 async control check  
The RAMB36E1 implementation/core/native_system/digital/scheduler/memory_reg_3 has an input control pin implementation/core/native_system/digital/scheduler/memory_reg_3/ADDRBWRADDR[10] (net: implementation/core/native_system/digital/scheduler/memory_reg_0_0[7]) which is driven by a register (implementation/core/native_system/digital/cfg_reg[14][7]) that has an active asychronous set or reset. This may cause corruption of the memory contents and/or read values when the set/reset is asserted and is not analyzed by the default static timing analysis. It is suggested to eliminate the use of a set/reset to registers driving this RAMB pin or else use a synchronous reset in which the assertion of the reset is timed by default.
Related violations: <none>

REQP-1839#271 Warning
RAMB36 async control check  
The RAMB36E1 implementation/core/native_system/digital/scheduler/memory_reg_3 has an input control pin implementation/core/native_system/digital/scheduler/memory_reg_3/ADDRBWRADDR[11] (net: implementation/core/native_system/digital/scheduler/memory_reg_0_0[8]) which is driven by a register (implementation/core/native_system/digital/cfg_reg[14][8]) that has an active asychronous set or reset. This may cause corruption of the memory contents and/or read values when the set/reset is asserted and is not analyzed by the default static timing analysis. It is suggested to eliminate the use of a set/reset to registers driving this RAMB pin or else use a synchronous reset in which the assertion of the reset is timed by default.
Related violations: <none>

REQP-1839#272 Warning
RAMB36 async control check  
The RAMB36E1 implementation/core/native_system/digital/scheduler/memory_reg_3 has an input control pin implementation/core/native_system/digital/scheduler/memory_reg_3/ADDRBWRADDR[12] (net: implementation/core/native_system/digital/scheduler/memory_reg_0_0[9]) which is driven by a register (implementation/core/native_system/digital/cfg_reg[14][9]) that has an active asychronous set or reset. This may cause corruption of the memory contents and/or read values when the set/reset is asserted and is not analyzed by the default static timing analysis. It is suggested to eliminate the use of a set/reset to registers driving this RAMB pin or else use a synchronous reset in which the assertion of the reset is timed by default.
Related violations: <none>

REQP-1839#273 Warning
RAMB36 async control check  
The RAMB36E1 implementation/core/native_system/digital/scheduler/memory_reg_3 has an input control pin implementation/core/native_system/digital/scheduler/memory_reg_3/ADDRBWRADDR[13] (net: implementation/core/native_system/digital/scheduler/memory_reg_0_0[10]) which is driven by a register (implementation/core/native_system/digital/cfg_reg[14][10]) that has an active asychronous set or reset. This may cause corruption of the memory contents and/or read values when the set/reset is asserted and is not analyzed by the default static timing analysis. It is suggested to eliminate the use of a set/reset to registers driving this RAMB pin or else use a synchronous reset in which the assertion of the reset is timed by default.
Related violations: <none>

REQP-1839#274 Warning
RAMB36 async control check  
The RAMB36E1 implementation/core/native_system/digital/scheduler/memory_reg_3 has an input control pin implementation/core/native_system/digital/scheduler/memory_reg_3/ADDRBWRADDR[14] (net: implementation/core/native_system/digital/scheduler/memory_reg_0_0[11]) which is driven by a register (implementation/core/native_system/digital/cfg_reg[14][11]) that has an active asychronous set or reset. This may cause corruption of the memory contents and/or read values when the set/reset is asserted and is not analyzed by the default static timing analysis. It is suggested to eliminate the use of a set/reset to registers driving this RAMB pin or else use a synchronous reset in which the assertion of the reset is timed by default.
Related violations: <none>

REQP-1839#275 Warning
RAMB36 async control check  
The RAMB36E1 implementation/core/native_system/digital/scheduler/memory_reg_3 has an input control pin implementation/core/native_system/digital/scheduler/memory_reg_3/ADDRBWRADDR[5] (net: implementation/core/native_system/digital/scheduler/memory_reg_0_0[2]) which is driven by a register (implementation/core/native_system/digital/cfg_reg[14][2]) that has an active asychronous set or reset. This may cause corruption of the memory contents and/or read values when the set/reset is asserted and is not analyzed by the default static timing analysis. It is suggested to eliminate the use of a set/reset to registers driving this RAMB pin or else use a synchronous reset in which the assertion of the reset is timed by default.
Related violations: <none>

REQP-1839#276 Warning
RAMB36 async control check  
The RAMB36E1 implementation/core/native_system/digital/scheduler/memory_reg_3 has an input control pin implementation/core/native_system/digital/scheduler/memory_reg_3/ADDRBWRADDR[6] (net: implementation/core/native_system/digital/scheduler/memory_reg_0_0[3]) which is driven by a register (implementation/core/native_system/digital/cfg_reg[14][3]) that has an active asychronous set or reset. This may cause corruption of the memory contents and/or read values when the set/reset is asserted and is not analyzed by the default static timing analysis. It is suggested to eliminate the use of a set/reset to registers driving this RAMB pin or else use a synchronous reset in which the assertion of the reset is timed by default.
Related violations: <none>

REQP-1839#277 Warning
RAMB36 async control check  
The RAMB36E1 implementation/core/native_system/digital/scheduler/memory_reg_3 has an input control pin implementation/core/native_system/digital/scheduler/memory_reg_3/ADDRBWRADDR[7] (net: implementation/core/native_system/digital/scheduler/memory_reg_0_0[4]) which is driven by a register (implementation/core/native_system/digital/cfg_reg[14][4]) that has an active asychronous set or reset. This may cause corruption of the memory contents and/or read values when the set/reset is asserted and is not analyzed by the default static timing analysis. It is suggested to eliminate the use of a set/reset to registers driving this RAMB pin or else use a synchronous reset in which the assertion of the reset is timed by default.
Related violations: <none>

REQP-1839#278 Warning
RAMB36 async control check  
The RAMB36E1 implementation/core/native_system/digital/scheduler/memory_reg_3 has an input control pin implementation/core/native_system/digital/scheduler/memory_reg_3/ADDRBWRADDR[8] (net: implementation/core/native_system/digital/scheduler/memory_reg_0_0[5]) which is driven by a register (implementation/core/native_system/digital/cfg_reg[14][5]) that has an active asychronous set or reset. This may cause corruption of the memory contents and/or read values when the set/reset is asserted and is not analyzed by the default static timing analysis. It is suggested to eliminate the use of a set/reset to registers driving this RAMB pin or else use a synchronous reset in which the assertion of the reset is timed by default.
Related violations: <none>

REQP-1839#279 Warning
RAMB36 async control check  
The RAMB36E1 implementation/core/native_system/digital/scheduler/memory_reg_3 has an input control pin implementation/core/native_system/digital/scheduler/memory_reg_3/ADDRBWRADDR[9] (net: implementation/core/native_system/digital/scheduler/memory_reg_0_0[6]) which is driven by a register (implementation/core/native_system/digital/cfg_reg[14][6]) that has an active asychronous set or reset. This may cause corruption of the memory contents and/or read values when the set/reset is asserted and is not analyzed by the default static timing analysis. It is suggested to eliminate the use of a set/reset to registers driving this RAMB pin or else use a synchronous reset in which the assertion of the reset is timed by default.
Related violations: <none>

REQP-1839#280 Warning
RAMB36 async control check  
The RAMB36E1 implementation/core/native_system/digital/scheduler/memory_reg_3 has an input control pin implementation/core/native_system/digital/scheduler/memory_reg_3/ENARDEN (net: implementation/core/native_system/digital/scheduler/frame_count_reg[10]_0[1]) which is driven by a register (implementation/core/native_system/digital/scheduler/frame_count_reg[10]) that has an active asychronous set or reset. This may cause corruption of the memory contents and/or read values when the set/reset is asserted and is not analyzed by the default static timing analysis. It is suggested to eliminate the use of a set/reset to registers driving this RAMB pin or else use a synchronous reset in which the assertion of the reset is timed by default.
Related violations: <none>

REQP-1839#281 Warning
RAMB36 async control check  
The RAMB36E1 implementation/core/native_system/digital/scheduler/memory_reg_3 has an input control pin implementation/core/native_system/digital/scheduler/memory_reg_3/ENBWREN (net: implementation/core/native_system/digital/scheduler/memory_reg_3_ENBWREN_cooolgate_en_sig_1) which is driven by a register (implementation/core/native_system/digital/cfg_reg[14][0]) that has an active asychronous set or reset. This may cause corruption of the memory contents and/or read values when the set/reset is asserted and is not analyzed by the default static timing analysis. It is suggested to eliminate the use of a set/reset to registers driving this RAMB pin or else use a synchronous reset in which the assertion of the reset is timed by default.
Related violations: <none>

REQP-1839#282 Warning
RAMB36 async control check  
The RAMB36E1 implementation/core/native_system/digital/scheduler/memory_reg_3 has an input control pin implementation/core/native_system/digital/scheduler/memory_reg_3/ENBWREN (net: implementation/core/native_system/digital/scheduler/memory_reg_3_ENBWREN_cooolgate_en_sig_1) which is driven by a register (implementation/core/native_system/digital/cfg_reg[14][1]) that has an active asychronous set or reset. This may cause corruption of the memory contents and/or read values when the set/reset is asserted and is not analyzed by the default static timing analysis. It is suggested to eliminate the use of a set/reset to registers driving this RAMB pin or else use a synchronous reset in which the assertion of the reset is timed by default.
Related violations: <none>

REQP-1839#283 Warning
RAMB36 async control check  
The RAMB36E1 implementation/core/native_system/digital/scheduler/memory_reg_3 has an input control pin implementation/core/native_system/digital/scheduler/memory_reg_3/WEA[0] (net: implementation/core/native_system/digital/scheduler/WEA[0]) which is driven by a register (implementation/core/native_system/digital/abort_reg) that has an active asychronous set or reset. This may cause corruption of the memory contents and/or read values when the set/reset is asserted and is not analyzed by the default static timing analysis. It is suggested to eliminate the use of a set/reset to registers driving this RAMB pin or else use a synchronous reset in which the assertion of the reset is timed by default.
Related violations: <none>

REQP-1839#284 Warning
RAMB36 async control check  
The RAMB36E1 implementation/core/native_system/digital/scheduler/memory_reg_3 has an input control pin implementation/core/native_system/digital/scheduler/memory_reg_3/WEA[0] (net: implementation/core/native_system/digital/scheduler/WEA[0]) which is driven by a register (implementation/core/native_system/digital/bank/command_error_reg) that has an active asychronous set or reset. This may cause corruption of the memory contents and/or read values when the set/reset is asserted and is not analyzed by the default static timing analysis. It is suggested to eliminate the use of a set/reset to registers driving this RAMB pin or else use a synchronous reset in which the assertion of the reset is timed by default.
Related violations: <none>

REQP-1839#285 Warning
RAMB36 async control check  
The RAMB36E1 implementation/core/native_system/digital/scheduler/memory_reg_3 has an input control pin implementation/core/native_system/digital/scheduler/memory_reg_3/WEA[0] (net: implementation/core/native_system/digital/scheduler/WEA[0]) which is driven by a register (implementation/core/native_system/digital/bus_error_reg) that has an active asychronous set or reset. This may cause corruption of the memory contents and/or read values when the set/reset is asserted and is not analyzed by the default static timing analysis. It is suggested to eliminate the use of a set/reset to registers driving this RAMB pin or else use a synchronous reset in which the assertion of the reset is timed by default.
Related violations: <none>

REQP-1839#286 Warning
RAMB36 async control check  
The RAMB36E1 implementation/core/native_system/digital/scheduler/memory_reg_3 has an input control pin implementation/core/native_system/digital/scheduler/memory_reg_3/WEA[0] (net: implementation/core/native_system/digital/scheduler/WEA[0]) which is driven by a register (implementation/core/native_system/digital/c16.adc/error_reg) that has an active asychronous set or reset. This may cause corruption of the memory contents and/or read values when the set/reset is asserted and is not analyzed by the default static timing analysis. It is suggested to eliminate the use of a set/reset to registers driving this RAMB pin or else use a synchronous reset in which the assertion of the reset is timed by default.
Related violations: <none>

REQP-1839#287 Warning
RAMB36 async control check  
The RAMB36E1 implementation/core/native_system/digital/scheduler/memory_reg_3 has an input control pin implementation/core/native_system/digital/scheduler/memory_reg_3/WEA[0] (net: implementation/core/native_system/digital/scheduler/WEA[0]) which is driven by a register (implementation/core/native_system/digital/c16.adc/frame_valid_reg) that has an active asychronous set or reset. This may cause corruption of the memory contents and/or read values when the set/reset is asserted and is not analyzed by the default static timing analysis. It is suggested to eliminate the use of a set/reset to registers driving this RAMB pin or else use a synchronous reset in which the assertion of the reset is timed by default.
Related violations: <none>

REQP-1839#288 Warning
RAMB36 async control check  
The RAMB36E1 implementation/core/native_system/digital/scheduler/memory_reg_3 has an input control pin implementation/core/native_system/digital/scheduler/memory_reg_3/WEA[0] (net: implementation/core/native_system/digital/scheduler/WEA[0]) which is driven by a register (implementation/core/native_system/digital/enable_sync_reg[1]) that has an active asychronous set or reset. This may cause corruption of the memory contents and/or read values when the set/reset is asserted and is not analyzed by the default static timing analysis. It is suggested to eliminate the use of a set/reset to registers driving this RAMB pin or else use a synchronous reset in which the assertion of the reset is timed by default.
Related violations: <none>

REQP-1839#289 Warning
RAMB36 async control check  
The RAMB36E1 implementation/core/native_system/digital/scheduler/memory_reg_3 has an input control pin implementation/core/native_system/digital/scheduler/memory_reg_3/WEA[0] (net: implementation/core/native_system/digital/scheduler/WEA[0]) which is driven by a register (implementation/core/native_system/digital/map_fault_latched_reg) that has an active asychronous set or reset. This may cause corruption of the memory contents and/or read values when the set/reset is asserted and is not analyzed by the default static timing analysis. It is suggested to eliminate the use of a set/reset to registers driving this RAMB pin or else use a synchronous reset in which the assertion of the reset is timed by default.
Related violations: <none>

REQP-1839#290 Warning
RAMB36 async control check  
The RAMB36E1 implementation/core/native_system/digital/scheduler/memory_reg_3 has an input control pin implementation/core/native_system/digital/scheduler/memory_reg_3/WEA[0] (net: implementation/core/native_system/digital/scheduler/WEA[0]) which is driven by a register (implementation/core/native_system/digital/mode_reg[0]) that has an active asychronous set or reset. This may cause corruption of the memory contents and/or read values when the set/reset is asserted and is not analyzed by the default static timing analysis. It is suggested to eliminate the use of a set/reset to registers driving this RAMB pin or else use a synchronous reset in which the assertion of the reset is timed by default.
Related violations: <none>

REQP-1839#291 Warning
RAMB36 async control check  
The RAMB36E1 implementation/core/native_system/digital/scheduler/memory_reg_3 has an input control pin implementation/core/native_system/digital/scheduler/memory_reg_3/WEA[0] (net: implementation/core/native_system/digital/scheduler/WEA[0]) which is driven by a register (implementation/core/native_system/digital/mode_reg[1]) that has an active asychronous set or reset. This may cause corruption of the memory contents and/or read values when the set/reset is asserted and is not analyzed by the default static timing analysis. It is suggested to eliminate the use of a set/reset to registers driving this RAMB pin or else use a synchronous reset in which the assertion of the reset is timed by default.
Related violations: <none>

REQP-1839#292 Warning
RAMB36 async control check  
The RAMB36E1 implementation/core/native_system/digital/scheduler/memory_reg_3 has an input control pin implementation/core/native_system/digital/scheduler/memory_reg_3/WEA[0] (net: implementation/core/native_system/digital/scheduler/WEA[0]) which is driven by a register (implementation/core/native_system/digital/mode_reg[2]) that has an active asychronous set or reset. This may cause corruption of the memory contents and/or read values when the set/reset is asserted and is not analyzed by the default static timing analysis. It is suggested to eliminate the use of a set/reset to registers driving this RAMB pin or else use a synchronous reset in which the assertion of the reset is timed by default.
Related violations: <none>

REQP-1839#293 Warning
RAMB36 async control check  
The RAMB36E1 implementation/core/native_system/digital/scheduler/memory_reg_3 has an input control pin implementation/core/native_system/digital/scheduler/memory_reg_3/WEA[0] (net: implementation/core/native_system/digital/scheduler/WEA[0]) which is driven by a register (implementation/core/native_system/digital/reset_sync_reg[1]) that has an active asychronous set or reset. This may cause corruption of the memory contents and/or read values when the set/reset is asserted and is not analyzed by the default static timing analysis. It is suggested to eliminate the use of a set/reset to registers driving this RAMB pin or else use a synchronous reset in which the assertion of the reset is timed by default.
Related violations: <none>

REQP-1839#294 Warning
RAMB36 async control check  
The RAMB36E1 implementation/core/native_system/digital/scheduler/memory_reg_3 has an input control pin implementation/core/native_system/digital/scheduler/memory_reg_3/WEA[0] (net: implementation/core/native_system/digital/scheduler/WEA[0]) which is driven by a register (implementation/core/native_system/digital/scheduler/error_reg) that has an active asychronous set or reset. This may cause corruption of the memory contents and/or read values when the set/reset is asserted and is not analyzed by the default static timing analysis. It is suggested to eliminate the use of a set/reset to registers driving this RAMB pin or else use a synchronous reset in which the assertion of the reset is timed by default.
Related violations: <none>

REQP-1839#295 Warning
RAMB36 async control check  
The RAMB36E1 implementation/core/native_system/digital/scheduler/memory_reg_3 has an input control pin implementation/core/native_system/digital/scheduler/memory_reg_3/WEA[0] (net: implementation/core/native_system/digital/scheduler/WEA[0]) which is driven by a register (implementation/core/native_system/digital/scheduler/state_reg[1]) that has an active asychronous set or reset. This may cause corruption of the memory contents and/or read values when the set/reset is asserted and is not analyzed by the default static timing analysis. It is suggested to eliminate the use of a set/reset to registers driving this RAMB pin or else use a synchronous reset in which the assertion of the reset is timed by default.
Related violations: <none>

REQP-1839#296 Warning
RAMB36 async control check  
The RAMB36E1 implementation/core/native_system/digital/scheduler/memory_reg_3 has an input control pin implementation/core/native_system/digital/scheduler/memory_reg_3/WEA[0] (net: implementation/core/native_system/digital/scheduler/WEA[0]) which is driven by a register (implementation/core/native_system/digital/scheduler/state_reg[2]) that has an active asychronous set or reset. This may cause corruption of the memory contents and/or read values when the set/reset is asserted and is not analyzed by the default static timing analysis. It is suggested to eliminate the use of a set/reset to registers driving this RAMB pin or else use a synchronous reset in which the assertion of the reset is timed by default.
Related violations: <none>

REQP-1839#297 Warning
RAMB36 async control check  
The RAMB36E1 implementation/core/native_system/digital/scheduler/memory_reg_3 has an input control pin implementation/core/native_system/digital/scheduler/memory_reg_3/WEA[0] (net: implementation/core/native_system/digital/scheduler/WEA[0]) which is driven by a register (implementation/core/native_system/digital/serial/overrun_reg) that has an active asychronous set or reset. This may cause corruption of the memory contents and/or read values when the set/reset is asserted and is not analyzed by the default static timing analysis. It is suggested to eliminate the use of a set/reset to registers driving this RAMB pin or else use a synchronous reset in which the assertion of the reset is timed by default.
Related violations: <none>

REQP-1839#298 Warning
RAMB36 async control check  
The RAMB36E1 implementation/core/native_system/digital/scheduler/memory_reg_3 has an input control pin implementation/core/native_system/digital/scheduler/memory_reg_3/WEA[0] (net: implementation/core/native_system/digital/scheduler/WEA[0]) which is driven by a register (implementation/core/native_system/digital/software_enable_reg) that has an active asychronous set or reset. This may cause corruption of the memory contents and/or read values when the set/reset is asserted and is not analyzed by the default static timing analysis. It is suggested to eliminate the use of a set/reset to registers driving this RAMB pin or else use a synchronous reset in which the assertion of the reset is timed by default.
Related violations: <none>

REQP-1839#299 Warning
RAMB36 async control check  
The RAMB36E1 implementation/core/native_system/digital/scheduler/memory_reg_3 has an input control pin implementation/core/native_system/digital/scheduler/memory_reg_3/WEA[1] (net: implementation/core/native_system/digital/scheduler/WEA[0]) which is driven by a register (implementation/core/native_system/digital/abort_reg) that has an active asychronous set or reset. This may cause corruption of the memory contents and/or read values when the set/reset is asserted and is not analyzed by the default static timing analysis. It is suggested to eliminate the use of a set/reset to registers driving this RAMB pin or else use a synchronous reset in which the assertion of the reset is timed by default.
Related violations: <none>

REQP-1839#300 Warning
RAMB36 async control check  
The RAMB36E1 implementation/core/native_system/digital/scheduler/memory_reg_3 has an input control pin implementation/core/native_system/digital/scheduler/memory_reg_3/WEA[1] (net: implementation/core/native_system/digital/scheduler/WEA[0]) which is driven by a register (implementation/core/native_system/digital/bank/command_error_reg) that has an active asychronous set or reset. This may cause corruption of the memory contents and/or read values when the set/reset is asserted and is not analyzed by the default static timing analysis. It is suggested to eliminate the use of a set/reset to registers driving this RAMB pin or else use a synchronous reset in which the assertion of the reset is timed by default.
Related violations: <none>

REQP-1839#301 Warning
RAMB36 async control check  
The RAMB36E1 implementation/core/native_system/digital/scheduler/memory_reg_3 has an input control pin implementation/core/native_system/digital/scheduler/memory_reg_3/WEA[1] (net: implementation/core/native_system/digital/scheduler/WEA[0]) which is driven by a register (implementation/core/native_system/digital/bus_error_reg) that has an active asychronous set or reset. This may cause corruption of the memory contents and/or read values when the set/reset is asserted and is not analyzed by the default static timing analysis. It is suggested to eliminate the use of a set/reset to registers driving this RAMB pin or else use a synchronous reset in which the assertion of the reset is timed by default.
Related violations: <none>

REQP-1839#302 Warning
RAMB36 async control check  
The RAMB36E1 implementation/core/native_system/digital/scheduler/memory_reg_3 has an input control pin implementation/core/native_system/digital/scheduler/memory_reg_3/WEA[1] (net: implementation/core/native_system/digital/scheduler/WEA[0]) which is driven by a register (implementation/core/native_system/digital/c16.adc/error_reg) that has an active asychronous set or reset. This may cause corruption of the memory contents and/or read values when the set/reset is asserted and is not analyzed by the default static timing analysis. It is suggested to eliminate the use of a set/reset to registers driving this RAMB pin or else use a synchronous reset in which the assertion of the reset is timed by default.
Related violations: <none>

REQP-1839#303 Warning
RAMB36 async control check  
The RAMB36E1 implementation/core/native_system/digital/scheduler/memory_reg_3 has an input control pin implementation/core/native_system/digital/scheduler/memory_reg_3/WEA[1] (net: implementation/core/native_system/digital/scheduler/WEA[0]) which is driven by a register (implementation/core/native_system/digital/c16.adc/frame_valid_reg) that has an active asychronous set or reset. This may cause corruption of the memory contents and/or read values when the set/reset is asserted and is not analyzed by the default static timing analysis. It is suggested to eliminate the use of a set/reset to registers driving this RAMB pin or else use a synchronous reset in which the assertion of the reset is timed by default.
Related violations: <none>

REQP-1839#304 Warning
RAMB36 async control check  
The RAMB36E1 implementation/core/native_system/digital/scheduler/memory_reg_3 has an input control pin implementation/core/native_system/digital/scheduler/memory_reg_3/WEA[1] (net: implementation/core/native_system/digital/scheduler/WEA[0]) which is driven by a register (implementation/core/native_system/digital/enable_sync_reg[1]) that has an active asychronous set or reset. This may cause corruption of the memory contents and/or read values when the set/reset is asserted and is not analyzed by the default static timing analysis. It is suggested to eliminate the use of a set/reset to registers driving this RAMB pin or else use a synchronous reset in which the assertion of the reset is timed by default.
Related violations: <none>

REQP-1839#305 Warning
RAMB36 async control check  
The RAMB36E1 implementation/core/native_system/digital/scheduler/memory_reg_3 has an input control pin implementation/core/native_system/digital/scheduler/memory_reg_3/WEA[1] (net: implementation/core/native_system/digital/scheduler/WEA[0]) which is driven by a register (implementation/core/native_system/digital/map_fault_latched_reg) that has an active asychronous set or reset. This may cause corruption of the memory contents and/or read values when the set/reset is asserted and is not analyzed by the default static timing analysis. It is suggested to eliminate the use of a set/reset to registers driving this RAMB pin or else use a synchronous reset in which the assertion of the reset is timed by default.
Related violations: <none>

REQP-1839#306 Warning
RAMB36 async control check  
The RAMB36E1 implementation/core/native_system/digital/scheduler/memory_reg_3 has an input control pin implementation/core/native_system/digital/scheduler/memory_reg_3/WEA[1] (net: implementation/core/native_system/digital/scheduler/WEA[0]) which is driven by a register (implementation/core/native_system/digital/mode_reg[0]) that has an active asychronous set or reset. This may cause corruption of the memory contents and/or read values when the set/reset is asserted and is not analyzed by the default static timing analysis. It is suggested to eliminate the use of a set/reset to registers driving this RAMB pin or else use a synchronous reset in which the assertion of the reset is timed by default.
Related violations: <none>

REQP-1839#307 Warning
RAMB36 async control check  
The RAMB36E1 implementation/core/native_system/digital/scheduler/memory_reg_3 has an input control pin implementation/core/native_system/digital/scheduler/memory_reg_3/WEA[1] (net: implementation/core/native_system/digital/scheduler/WEA[0]) which is driven by a register (implementation/core/native_system/digital/mode_reg[1]) that has an active asychronous set or reset. This may cause corruption of the memory contents and/or read values when the set/reset is asserted and is not analyzed by the default static timing analysis. It is suggested to eliminate the use of a set/reset to registers driving this RAMB pin or else use a synchronous reset in which the assertion of the reset is timed by default.
Related violations: <none>

REQP-1839#308 Warning
RAMB36 async control check  
The RAMB36E1 implementation/core/native_system/digital/scheduler/memory_reg_3 has an input control pin implementation/core/native_system/digital/scheduler/memory_reg_3/WEA[1] (net: implementation/core/native_system/digital/scheduler/WEA[0]) which is driven by a register (implementation/core/native_system/digital/mode_reg[2]) that has an active asychronous set or reset. This may cause corruption of the memory contents and/or read values when the set/reset is asserted and is not analyzed by the default static timing analysis. It is suggested to eliminate the use of a set/reset to registers driving this RAMB pin or else use a synchronous reset in which the assertion of the reset is timed by default.
Related violations: <none>

REQP-1839#309 Warning
RAMB36 async control check  
The RAMB36E1 implementation/core/native_system/digital/scheduler/memory_reg_3 has an input control pin implementation/core/native_system/digital/scheduler/memory_reg_3/WEA[1] (net: implementation/core/native_system/digital/scheduler/WEA[0]) which is driven by a register (implementation/core/native_system/digital/reset_sync_reg[1]) that has an active asychronous set or reset. This may cause corruption of the memory contents and/or read values when the set/reset is asserted and is not analyzed by the default static timing analysis. It is suggested to eliminate the use of a set/reset to registers driving this RAMB pin or else use a synchronous reset in which the assertion of the reset is timed by default.
Related violations: <none>

REQP-1839#310 Warning
RAMB36 async control check  
The RAMB36E1 implementation/core/native_system/digital/scheduler/memory_reg_3 has an input control pin implementation/core/native_system/digital/scheduler/memory_reg_3/WEA[1] (net: implementation/core/native_system/digital/scheduler/WEA[0]) which is driven by a register (implementation/core/native_system/digital/scheduler/error_reg) that has an active asychronous set or reset. This may cause corruption of the memory contents and/or read values when the set/reset is asserted and is not analyzed by the default static timing analysis. It is suggested to eliminate the use of a set/reset to registers driving this RAMB pin or else use a synchronous reset in which the assertion of the reset is timed by default.
Related violations: <none>

REQP-1839#311 Warning
RAMB36 async control check  
The RAMB36E1 implementation/core/native_system/digital/scheduler/memory_reg_3 has an input control pin implementation/core/native_system/digital/scheduler/memory_reg_3/WEA[1] (net: implementation/core/native_system/digital/scheduler/WEA[0]) which is driven by a register (implementation/core/native_system/digital/scheduler/state_reg[1]) that has an active asychronous set or reset. This may cause corruption of the memory contents and/or read values when the set/reset is asserted and is not analyzed by the default static timing analysis. It is suggested to eliminate the use of a set/reset to registers driving this RAMB pin or else use a synchronous reset in which the assertion of the reset is timed by default.
Related violations: <none>

REQP-1839#312 Warning
RAMB36 async control check  
The RAMB36E1 implementation/core/native_system/digital/scheduler/memory_reg_3 has an input control pin implementation/core/native_system/digital/scheduler/memory_reg_3/WEA[1] (net: implementation/core/native_system/digital/scheduler/WEA[0]) which is driven by a register (implementation/core/native_system/digital/scheduler/state_reg[2]) that has an active asychronous set or reset. This may cause corruption of the memory contents and/or read values when the set/reset is asserted and is not analyzed by the default static timing analysis. It is suggested to eliminate the use of a set/reset to registers driving this RAMB pin or else use a synchronous reset in which the assertion of the reset is timed by default.
Related violations: <none>

REQP-1839#313 Warning
RAMB36 async control check  
The RAMB36E1 implementation/core/native_system/digital/scheduler/memory_reg_3 has an input control pin implementation/core/native_system/digital/scheduler/memory_reg_3/WEA[1] (net: implementation/core/native_system/digital/scheduler/WEA[0]) which is driven by a register (implementation/core/native_system/digital/serial/overrun_reg) that has an active asychronous set or reset. This may cause corruption of the memory contents and/or read values when the set/reset is asserted and is not analyzed by the default static timing analysis. It is suggested to eliminate the use of a set/reset to registers driving this RAMB pin or else use a synchronous reset in which the assertion of the reset is timed by default.
Related violations: <none>

REQP-1839#314 Warning
RAMB36 async control check  
The RAMB36E1 implementation/core/native_system/digital/scheduler/memory_reg_3 has an input control pin implementation/core/native_system/digital/scheduler/memory_reg_3/WEA[1] (net: implementation/core/native_system/digital/scheduler/WEA[0]) which is driven by a register (implementation/core/native_system/digital/software_enable_reg) that has an active asychronous set or reset. This may cause corruption of the memory contents and/or read values when the set/reset is asserted and is not analyzed by the default static timing analysis. It is suggested to eliminate the use of a set/reset to registers driving this RAMB pin or else use a synchronous reset in which the assertion of the reset is timed by default.
Related violations: <none>

REQP-1839#315 Warning
RAMB36 async control check  
The RAMB36E1 implementation/core/native_system/digital/scheduler/memory_reg_3 has an input control pin implementation/core/native_system/digital/scheduler/memory_reg_3/WEA[2] (net: implementation/core/native_system/digital/scheduler/WEA[0]) which is driven by a register (implementation/core/native_system/digital/abort_reg) that has an active asychronous set or reset. This may cause corruption of the memory contents and/or read values when the set/reset is asserted and is not analyzed by the default static timing analysis. It is suggested to eliminate the use of a set/reset to registers driving this RAMB pin or else use a synchronous reset in which the assertion of the reset is timed by default.
Related violations: <none>

REQP-1839#316 Warning
RAMB36 async control check  
The RAMB36E1 implementation/core/native_system/digital/scheduler/memory_reg_3 has an input control pin implementation/core/native_system/digital/scheduler/memory_reg_3/WEA[2] (net: implementation/core/native_system/digital/scheduler/WEA[0]) which is driven by a register (implementation/core/native_system/digital/bank/command_error_reg) that has an active asychronous set or reset. This may cause corruption of the memory contents and/or read values when the set/reset is asserted and is not analyzed by the default static timing analysis. It is suggested to eliminate the use of a set/reset to registers driving this RAMB pin or else use a synchronous reset in which the assertion of the reset is timed by default.
Related violations: <none>

REQP-1839#317 Warning
RAMB36 async control check  
The RAMB36E1 implementation/core/native_system/digital/scheduler/memory_reg_3 has an input control pin implementation/core/native_system/digital/scheduler/memory_reg_3/WEA[2] (net: implementation/core/native_system/digital/scheduler/WEA[0]) which is driven by a register (implementation/core/native_system/digital/bus_error_reg) that has an active asychronous set or reset. This may cause corruption of the memory contents and/or read values when the set/reset is asserted and is not analyzed by the default static timing analysis. It is suggested to eliminate the use of a set/reset to registers driving this RAMB pin or else use a synchronous reset in which the assertion of the reset is timed by default.
Related violations: <none>

REQP-1839#318 Warning
RAMB36 async control check  
The RAMB36E1 implementation/core/native_system/digital/scheduler/memory_reg_3 has an input control pin implementation/core/native_system/digital/scheduler/memory_reg_3/WEA[2] (net: implementation/core/native_system/digital/scheduler/WEA[0]) which is driven by a register (implementation/core/native_system/digital/c16.adc/error_reg) that has an active asychronous set or reset. This may cause corruption of the memory contents and/or read values when the set/reset is asserted and is not analyzed by the default static timing analysis. It is suggested to eliminate the use of a set/reset to registers driving this RAMB pin or else use a synchronous reset in which the assertion of the reset is timed by default.
Related violations: <none>

REQP-1839#319 Warning
RAMB36 async control check  
The RAMB36E1 implementation/core/native_system/digital/scheduler/memory_reg_3 has an input control pin implementation/core/native_system/digital/scheduler/memory_reg_3/WEA[2] (net: implementation/core/native_system/digital/scheduler/WEA[0]) which is driven by a register (implementation/core/native_system/digital/c16.adc/frame_valid_reg) that has an active asychronous set or reset. This may cause corruption of the memory contents and/or read values when the set/reset is asserted and is not analyzed by the default static timing analysis. It is suggested to eliminate the use of a set/reset to registers driving this RAMB pin or else use a synchronous reset in which the assertion of the reset is timed by default.
Related violations: <none>

REQP-1839#320 Warning
RAMB36 async control check  
The RAMB36E1 implementation/core/native_system/digital/scheduler/memory_reg_3 has an input control pin implementation/core/native_system/digital/scheduler/memory_reg_3/WEA[2] (net: implementation/core/native_system/digital/scheduler/WEA[0]) which is driven by a register (implementation/core/native_system/digital/enable_sync_reg[1]) that has an active asychronous set or reset. This may cause corruption of the memory contents and/or read values when the set/reset is asserted and is not analyzed by the default static timing analysis. It is suggested to eliminate the use of a set/reset to registers driving this RAMB pin or else use a synchronous reset in which the assertion of the reset is timed by default.
Related violations: <none>

REQP-1839#321 Warning
RAMB36 async control check  
The RAMB36E1 implementation/core/native_system/digital/scheduler/memory_reg_3 has an input control pin implementation/core/native_system/digital/scheduler/memory_reg_3/WEA[2] (net: implementation/core/native_system/digital/scheduler/WEA[0]) which is driven by a register (implementation/core/native_system/digital/map_fault_latched_reg) that has an active asychronous set or reset. This may cause corruption of the memory contents and/or read values when the set/reset is asserted and is not analyzed by the default static timing analysis. It is suggested to eliminate the use of a set/reset to registers driving this RAMB pin or else use a synchronous reset in which the assertion of the reset is timed by default.
Related violations: <none>

REQP-1839#322 Warning
RAMB36 async control check  
The RAMB36E1 implementation/core/native_system/digital/scheduler/memory_reg_3 has an input control pin implementation/core/native_system/digital/scheduler/memory_reg_3/WEA[2] (net: implementation/core/native_system/digital/scheduler/WEA[0]) which is driven by a register (implementation/core/native_system/digital/mode_reg[0]) that has an active asychronous set or reset. This may cause corruption of the memory contents and/or read values when the set/reset is asserted and is not analyzed by the default static timing analysis. It is suggested to eliminate the use of a set/reset to registers driving this RAMB pin or else use a synchronous reset in which the assertion of the reset is timed by default.
Related violations: <none>

REQP-1839#323 Warning
RAMB36 async control check  
The RAMB36E1 implementation/core/native_system/digital/scheduler/memory_reg_3 has an input control pin implementation/core/native_system/digital/scheduler/memory_reg_3/WEA[2] (net: implementation/core/native_system/digital/scheduler/WEA[0]) which is driven by a register (implementation/core/native_system/digital/mode_reg[1]) that has an active asychronous set or reset. This may cause corruption of the memory contents and/or read values when the set/reset is asserted and is not analyzed by the default static timing analysis. It is suggested to eliminate the use of a set/reset to registers driving this RAMB pin or else use a synchronous reset in which the assertion of the reset is timed by default.
Related violations: <none>

REQP-1839#324 Warning
RAMB36 async control check  
The RAMB36E1 implementation/core/native_system/digital/scheduler/memory_reg_3 has an input control pin implementation/core/native_system/digital/scheduler/memory_reg_3/WEA[2] (net: implementation/core/native_system/digital/scheduler/WEA[0]) which is driven by a register (implementation/core/native_system/digital/mode_reg[2]) that has an active asychronous set or reset. This may cause corruption of the memory contents and/or read values when the set/reset is asserted and is not analyzed by the default static timing analysis. It is suggested to eliminate the use of a set/reset to registers driving this RAMB pin or else use a synchronous reset in which the assertion of the reset is timed by default.
Related violations: <none>

REQP-1839#325 Warning
RAMB36 async control check  
The RAMB36E1 implementation/core/native_system/digital/scheduler/memory_reg_3 has an input control pin implementation/core/native_system/digital/scheduler/memory_reg_3/WEA[2] (net: implementation/core/native_system/digital/scheduler/WEA[0]) which is driven by a register (implementation/core/native_system/digital/reset_sync_reg[1]) that has an active asychronous set or reset. This may cause corruption of the memory contents and/or read values when the set/reset is asserted and is not analyzed by the default static timing analysis. It is suggested to eliminate the use of a set/reset to registers driving this RAMB pin or else use a synchronous reset in which the assertion of the reset is timed by default.
Related violations: <none>

REQP-1839#326 Warning
RAMB36 async control check  
The RAMB36E1 implementation/core/native_system/digital/scheduler/memory_reg_3 has an input control pin implementation/core/native_system/digital/scheduler/memory_reg_3/WEA[2] (net: implementation/core/native_system/digital/scheduler/WEA[0]) which is driven by a register (implementation/core/native_system/digital/scheduler/error_reg) that has an active asychronous set or reset. This may cause corruption of the memory contents and/or read values when the set/reset is asserted and is not analyzed by the default static timing analysis. It is suggested to eliminate the use of a set/reset to registers driving this RAMB pin or else use a synchronous reset in which the assertion of the reset is timed by default.
Related violations: <none>

REQP-1839#327 Warning
RAMB36 async control check  
The RAMB36E1 implementation/core/native_system/digital/scheduler/memory_reg_3 has an input control pin implementation/core/native_system/digital/scheduler/memory_reg_3/WEA[2] (net: implementation/core/native_system/digital/scheduler/WEA[0]) which is driven by a register (implementation/core/native_system/digital/scheduler/state_reg[1]) that has an active asychronous set or reset. This may cause corruption of the memory contents and/or read values when the set/reset is asserted and is not analyzed by the default static timing analysis. It is suggested to eliminate the use of a set/reset to registers driving this RAMB pin or else use a synchronous reset in which the assertion of the reset is timed by default.
Related violations: <none>

REQP-1839#328 Warning
RAMB36 async control check  
The RAMB36E1 implementation/core/native_system/digital/scheduler/memory_reg_3 has an input control pin implementation/core/native_system/digital/scheduler/memory_reg_3/WEA[2] (net: implementation/core/native_system/digital/scheduler/WEA[0]) which is driven by a register (implementation/core/native_system/digital/scheduler/state_reg[2]) that has an active asychronous set or reset. This may cause corruption of the memory contents and/or read values when the set/reset is asserted and is not analyzed by the default static timing analysis. It is suggested to eliminate the use of a set/reset to registers driving this RAMB pin or else use a synchronous reset in which the assertion of the reset is timed by default.
Related violations: <none>

REQP-1839#329 Warning
RAMB36 async control check  
The RAMB36E1 implementation/core/native_system/digital/scheduler/memory_reg_3 has an input control pin implementation/core/native_system/digital/scheduler/memory_reg_3/WEA[2] (net: implementation/core/native_system/digital/scheduler/WEA[0]) which is driven by a register (implementation/core/native_system/digital/serial/overrun_reg) that has an active asychronous set or reset. This may cause corruption of the memory contents and/or read values when the set/reset is asserted and is not analyzed by the default static timing analysis. It is suggested to eliminate the use of a set/reset to registers driving this RAMB pin or else use a synchronous reset in which the assertion of the reset is timed by default.
Related violations: <none>

REQP-1839#330 Warning
RAMB36 async control check  
The RAMB36E1 implementation/core/native_system/digital/scheduler/memory_reg_3 has an input control pin implementation/core/native_system/digital/scheduler/memory_reg_3/WEA[2] (net: implementation/core/native_system/digital/scheduler/WEA[0]) which is driven by a register (implementation/core/native_system/digital/software_enable_reg) that has an active asychronous set or reset. This may cause corruption of the memory contents and/or read values when the set/reset is asserted and is not analyzed by the default static timing analysis. It is suggested to eliminate the use of a set/reset to registers driving this RAMB pin or else use a synchronous reset in which the assertion of the reset is timed by default.
Related violations: <none>

REQP-1839#331 Warning
RAMB36 async control check  
The RAMB36E1 implementation/core/native_system/digital/scheduler/memory_reg_3 has an input control pin implementation/core/native_system/digital/scheduler/memory_reg_3/WEA[3] (net: implementation/core/native_system/digital/scheduler/WEA[0]) which is driven by a register (implementation/core/native_system/digital/abort_reg) that has an active asychronous set or reset. This may cause corruption of the memory contents and/or read values when the set/reset is asserted and is not analyzed by the default static timing analysis. It is suggested to eliminate the use of a set/reset to registers driving this RAMB pin or else use a synchronous reset in which the assertion of the reset is timed by default.
Related violations: <none>

REQP-1839#332 Warning
RAMB36 async control check  
The RAMB36E1 implementation/core/native_system/digital/scheduler/memory_reg_3 has an input control pin implementation/core/native_system/digital/scheduler/memory_reg_3/WEA[3] (net: implementation/core/native_system/digital/scheduler/WEA[0]) which is driven by a register (implementation/core/native_system/digital/bank/command_error_reg) that has an active asychronous set or reset. This may cause corruption of the memory contents and/or read values when the set/reset is asserted and is not analyzed by the default static timing analysis. It is suggested to eliminate the use of a set/reset to registers driving this RAMB pin or else use a synchronous reset in which the assertion of the reset is timed by default.
Related violations: <none>

REQP-1839#333 Warning
RAMB36 async control check  
The RAMB36E1 implementation/core/native_system/digital/scheduler/memory_reg_3 has an input control pin implementation/core/native_system/digital/scheduler/memory_reg_3/WEA[3] (net: implementation/core/native_system/digital/scheduler/WEA[0]) which is driven by a register (implementation/core/native_system/digital/bus_error_reg) that has an active asychronous set or reset. This may cause corruption of the memory contents and/or read values when the set/reset is asserted and is not analyzed by the default static timing analysis. It is suggested to eliminate the use of a set/reset to registers driving this RAMB pin or else use a synchronous reset in which the assertion of the reset is timed by default.
Related violations: <none>

REQP-1839#334 Warning
RAMB36 async control check  
The RAMB36E1 implementation/core/native_system/digital/scheduler/memory_reg_3 has an input control pin implementation/core/native_system/digital/scheduler/memory_reg_3/WEA[3] (net: implementation/core/native_system/digital/scheduler/WEA[0]) which is driven by a register (implementation/core/native_system/digital/c16.adc/error_reg) that has an active asychronous set or reset. This may cause corruption of the memory contents and/or read values when the set/reset is asserted and is not analyzed by the default static timing analysis. It is suggested to eliminate the use of a set/reset to registers driving this RAMB pin or else use a synchronous reset in which the assertion of the reset is timed by default.
Related violations: <none>

REQP-1839#335 Warning
RAMB36 async control check  
The RAMB36E1 implementation/core/native_system/digital/scheduler/memory_reg_3 has an input control pin implementation/core/native_system/digital/scheduler/memory_reg_3/WEA[3] (net: implementation/core/native_system/digital/scheduler/WEA[0]) which is driven by a register (implementation/core/native_system/digital/c16.adc/frame_valid_reg) that has an active asychronous set or reset. This may cause corruption of the memory contents and/or read values when the set/reset is asserted and is not analyzed by the default static timing analysis. It is suggested to eliminate the use of a set/reset to registers driving this RAMB pin or else use a synchronous reset in which the assertion of the reset is timed by default.
Related violations: <none>

REQP-1839#336 Warning
RAMB36 async control check  
The RAMB36E1 implementation/core/native_system/digital/scheduler/memory_reg_3 has an input control pin implementation/core/native_system/digital/scheduler/memory_reg_3/WEA[3] (net: implementation/core/native_system/digital/scheduler/WEA[0]) which is driven by a register (implementation/core/native_system/digital/enable_sync_reg[1]) that has an active asychronous set or reset. This may cause corruption of the memory contents and/or read values when the set/reset is asserted and is not analyzed by the default static timing analysis. It is suggested to eliminate the use of a set/reset to registers driving this RAMB pin or else use a synchronous reset in which the assertion of the reset is timed by default.
Related violations: <none>

REQP-1839#337 Warning
RAMB36 async control check  
The RAMB36E1 implementation/core/native_system/digital/scheduler/memory_reg_3 has an input control pin implementation/core/native_system/digital/scheduler/memory_reg_3/WEA[3] (net: implementation/core/native_system/digital/scheduler/WEA[0]) which is driven by a register (implementation/core/native_system/digital/map_fault_latched_reg) that has an active asychronous set or reset. This may cause corruption of the memory contents and/or read values when the set/reset is asserted and is not analyzed by the default static timing analysis. It is suggested to eliminate the use of a set/reset to registers driving this RAMB pin or else use a synchronous reset in which the assertion of the reset is timed by default.
Related violations: <none>

REQP-1839#338 Warning
RAMB36 async control check  
The RAMB36E1 implementation/core/native_system/digital/scheduler/memory_reg_3 has an input control pin implementation/core/native_system/digital/scheduler/memory_reg_3/WEA[3] (net: implementation/core/native_system/digital/scheduler/WEA[0]) which is driven by a register (implementation/core/native_system/digital/mode_reg[0]) that has an active asychronous set or reset. This may cause corruption of the memory contents and/or read values when the set/reset is asserted and is not analyzed by the default static timing analysis. It is suggested to eliminate the use of a set/reset to registers driving this RAMB pin or else use a synchronous reset in which the assertion of the reset is timed by default.
Related violations: <none>

REQP-1839#339 Warning
RAMB36 async control check  
The RAMB36E1 implementation/core/native_system/digital/scheduler/memory_reg_3 has an input control pin implementation/core/native_system/digital/scheduler/memory_reg_3/WEA[3] (net: implementation/core/native_system/digital/scheduler/WEA[0]) which is driven by a register (implementation/core/native_system/digital/mode_reg[1]) that has an active asychronous set or reset. This may cause corruption of the memory contents and/or read values when the set/reset is asserted and is not analyzed by the default static timing analysis. It is suggested to eliminate the use of a set/reset to registers driving this RAMB pin or else use a synchronous reset in which the assertion of the reset is timed by default.
Related violations: <none>

REQP-1839#340 Warning
RAMB36 async control check  
The RAMB36E1 implementation/core/native_system/digital/scheduler/memory_reg_3 has an input control pin implementation/core/native_system/digital/scheduler/memory_reg_3/WEA[3] (net: implementation/core/native_system/digital/scheduler/WEA[0]) which is driven by a register (implementation/core/native_system/digital/mode_reg[2]) that has an active asychronous set or reset. This may cause corruption of the memory contents and/or read values when the set/reset is asserted and is not analyzed by the default static timing analysis. It is suggested to eliminate the use of a set/reset to registers driving this RAMB pin or else use a synchronous reset in which the assertion of the reset is timed by default.
Related violations: <none>

REQP-1839#341 Warning
RAMB36 async control check  
The RAMB36E1 implementation/core/native_system/digital/scheduler/memory_reg_3 has an input control pin implementation/core/native_system/digital/scheduler/memory_reg_3/WEA[3] (net: implementation/core/native_system/digital/scheduler/WEA[0]) which is driven by a register (implementation/core/native_system/digital/reset_sync_reg[1]) that has an active asychronous set or reset. This may cause corruption of the memory contents and/or read values when the set/reset is asserted and is not analyzed by the default static timing analysis. It is suggested to eliminate the use of a set/reset to registers driving this RAMB pin or else use a synchronous reset in which the assertion of the reset is timed by default.
Related violations: <none>

REQP-1839#342 Warning
RAMB36 async control check  
The RAMB36E1 implementation/core/native_system/digital/scheduler/memory_reg_3 has an input control pin implementation/core/native_system/digital/scheduler/memory_reg_3/WEA[3] (net: implementation/core/native_system/digital/scheduler/WEA[0]) which is driven by a register (implementation/core/native_system/digital/scheduler/error_reg) that has an active asychronous set or reset. This may cause corruption of the memory contents and/or read values when the set/reset is asserted and is not analyzed by the default static timing analysis. It is suggested to eliminate the use of a set/reset to registers driving this RAMB pin or else use a synchronous reset in which the assertion of the reset is timed by default.
Related violations: <none>

REQP-1839#343 Warning
RAMB36 async control check  
The RAMB36E1 implementation/core/native_system/digital/scheduler/memory_reg_3 has an input control pin implementation/core/native_system/digital/scheduler/memory_reg_3/WEA[3] (net: implementation/core/native_system/digital/scheduler/WEA[0]) which is driven by a register (implementation/core/native_system/digital/scheduler/state_reg[1]) that has an active asychronous set or reset. This may cause corruption of the memory contents and/or read values when the set/reset is asserted and is not analyzed by the default static timing analysis. It is suggested to eliminate the use of a set/reset to registers driving this RAMB pin or else use a synchronous reset in which the assertion of the reset is timed by default.
Related violations: <none>

REQP-1839#344 Warning
RAMB36 async control check  
The RAMB36E1 implementation/core/native_system/digital/scheduler/memory_reg_3 has an input control pin implementation/core/native_system/digital/scheduler/memory_reg_3/WEA[3] (net: implementation/core/native_system/digital/scheduler/WEA[0]) which is driven by a register (implementation/core/native_system/digital/scheduler/state_reg[2]) that has an active asychronous set or reset. This may cause corruption of the memory contents and/or read values when the set/reset is asserted and is not analyzed by the default static timing analysis. It is suggested to eliminate the use of a set/reset to registers driving this RAMB pin or else use a synchronous reset in which the assertion of the reset is timed by default.
Related violations: <none>

REQP-1839#345 Warning
RAMB36 async control check  
The RAMB36E1 implementation/core/native_system/digital/scheduler/memory_reg_3 has an input control pin implementation/core/native_system/digital/scheduler/memory_reg_3/WEA[3] (net: implementation/core/native_system/digital/scheduler/WEA[0]) which is driven by a register (implementation/core/native_system/digital/serial/overrun_reg) that has an active asychronous set or reset. This may cause corruption of the memory contents and/or read values when the set/reset is asserted and is not analyzed by the default static timing analysis. It is suggested to eliminate the use of a set/reset to registers driving this RAMB pin or else use a synchronous reset in which the assertion of the reset is timed by default.
Related violations: <none>

REQP-1839#346 Warning
RAMB36 async control check  
The RAMB36E1 implementation/core/native_system/digital/scheduler/memory_reg_3 has an input control pin implementation/core/native_system/digital/scheduler/memory_reg_3/WEA[3] (net: implementation/core/native_system/digital/scheduler/WEA[0]) which is driven by a register (implementation/core/native_system/digital/software_enable_reg) that has an active asychronous set or reset. This may cause corruption of the memory contents and/or read values when the set/reset is asserted and is not analyzed by the default static timing analysis. It is suggested to eliminate the use of a set/reset to registers driving this RAMB pin or else use a synchronous reset in which the assertion of the reset is timed by default.
Related violations: <none>

ZPS7-1#1 Warning
PS7 block required  
The PS7 cell must be used in this Zynq design in order to enable correct default configuration.
Related violations: <none>


