startpoint	endpoint	slack	delay	logic_levels
native_system/queue/channel_reg[11]_replica/C	native_system/queue/bus_wdata_reg[15]/D	-4.515	12.039	8
native_system/queue/channel_reg[11]_replica/C	native_system/queue/bus_wdata_reg[7]/D	-4.511	12.078	8
native_system/queue/channel_reg[11]_replica/C	native_system/queue/bus_wdata_reg[0]/D	-4.385	11.952	8
native_system/queue/channel_reg[11]_replica/C	native_system/queue/bus_wdata_reg[5]/D	-4.381	11.948	8
native_system/queue/channel_reg[11]_replica/C	native_system/queue/bus_wdata_reg[10]/D	-4.376	11.945	8
native_system/queue/channel_reg[11]_replica/C	native_system/queue/bus_wdata_reg[12]/D	-4.372	11.943	8
native_system/queue/channel_reg[11]_replica/C	native_system/queue/bus_wdata_reg[9]/D	-4.372	11.939	8
native_system/queue/channel_reg[11]_replica/C	native_system/queue/bus_wdata_reg[6]/D	-4.365	11.932	8
native_system/queue/channel_reg[11]_replica/C	native_system/queue/bus_wdata_reg[2]/D	-4.357	11.880	8
native_system/queue/channel_reg[11]_replica/C	native_system/queue/bus_wdata_reg[4]/D	-4.357	11.924	8
native_system/queue/channel_reg[11]_replica/C	native_system/queue/bus_wdata_reg[13]/D	-4.324	11.848	8
native_system/queue/channel_reg[11]_replica/C	native_system/queue/bus_wdata_reg[8]/D	-4.314	11.881	8
native_system/queue/channel_reg[11]_replica/C	native_system/queue/bus_wdata_reg[1]/D	-4.256	11.779	8
native_system/queue/channel_reg[11]_replica/C	native_system/queue/bus_wdata_reg[14]/D	-4.206	11.777	8
native_system/queue/channel_reg[11]_replica/C	native_system/queue/bus_wdata_reg[11]/D	-4.203	11.774	8
native_system/queue/channel_reg[11]_replica/C	native_system/queue/bus_wdata_reg[3]/D	-4.014	11.581	8
native_system/queue/channel_reg[11]_replica/C	native_system/queue/bus_wdata_reg[16]/D	-3.929	11.500	8
native_system/digital/reset_sync_reg[1]/C	native_system/digital/bank/active_calibration_reg[65][5]/CLR	-2.530	9.703	1
native_system/digital/reset_sync_reg[1]/C	native_system/digital/bank/active_calibration_reg[65][6]/CLR	-2.530	9.703	1
native_system/digital/reset_sync_reg[1]/C	native_system/digital/bank/active_requested_reg[65][5]/CLR	-2.530	9.703	1
native_system/digital/reset_sync_reg[1]/C	native_system/digital/bank/active_calibration_reg[46][4]/CLR	-2.528	9.615	1
native_system/digital/reset_sync_reg[1]/C	native_system/digital/bank/active_calibration_reg[46][5]/CLR	-2.528	9.615	1
native_system/digital/reset_sync_reg[1]/C	native_system/digital/bank/active_requested_reg[46][5]/CLR	-2.528	9.615	1
native_system/digital/reset_sync_reg[1]/C	native_system/digital/bank/shadow_calibration_reg[46][4]/CLR	-2.523	9.610	1
native_system/digital/reset_sync_reg[1]/C	native_system/digital/bank/shadow_calibration_reg[46][5]/CLR	-2.523	9.610	1
native_system/digital/reset_sync_reg[1]/C	native_system/digital/bank/shadow_requested_reg[46][5]/CLR	-2.523	9.610	1
native_system/digital/reset_sync_reg[1]/C	native_system/digital/bank/shadow_requested_reg[65][0]/CLR	-2.519	9.606	1
native_system/digital/reset_sync_reg[1]/C	native_system/digital/bank/shadow_requested_reg[65][7]/CLR	-2.519	9.606	1
native_system/digital/cfg_reg[22][13]/C	native_system/digital/bank/shadow_calibration_reg[126][5]/D	-2.467	9.854	0
native_system/digital/reset_sync_reg[1]/C	native_system/digital/bank/shadow_calibration_reg[79][7]/CLR	-2.462	9.549	1
native_system/digital/reset_sync_reg[1]/C	native_system/digital/bank/shadow_requested_reg[79][4]/CLR	-2.462	9.549	1
native_system/digital/reset_sync_reg[1]/C	native_system/digital/bank/shadow_requested_reg[79][6]/CLR	-2.462	9.549	1
native_system/digital/reset_sync_reg[1]/C	native_system/digital/bank/active_calibration_reg[79][4]/CLR	-2.457	9.544	1
native_system/digital/reset_sync_reg[1]/C	native_system/digital/bank/active_calibration_reg[79][6]/CLR	-2.457	9.544	1
native_system/digital/reset_sync_reg[1]/C	native_system/digital/bank/active_calibration_reg[79][7]/CLR	-2.457	9.544	1
native_system/digital/reset_sync_reg[1]/C	native_system/digital/bank/active_requested_reg[79][6]/CLR	-2.457	9.544	1
native_system/digital/reset_sync_reg[1]/C	native_system/digital/bank/shadow_calibration_reg[69][2]/CLR	-2.456	9.543	1
native_system/digital/reset_sync_reg[1]/C	native_system/digital/bank/shadow_requested_reg[69][2]/CLR	-2.456	9.543	1
native_system/digital/reset_sync_reg[1]/C	native_system/digital/bank/shadow_requested_reg[69][7]/CLR	-2.456	9.543	1
native_system/digital/reset_sync_reg[1]/C	native_system/digital/bank/active_calibration_reg[86][4]/CLR	-2.421	9.508	1
native_system/digital/reset_sync_reg[1]/C	native_system/digital/bank/active_calibration_reg[86][7]/CLR	-2.421	9.508	1
native_system/digital/reset_sync_reg[1]/C	native_system/digital/bank/active_requested_reg[86][1]/CLR	-2.421	9.508	1
native_system/digital/reset_sync_reg[1]/C	native_system/digital/bank/active_requested_reg[86][3]/CLR	-2.421	9.508	1
native_system/digital/reset_sync_reg[1]/C	native_system/digital/bank/active_calibration_reg[119][2]/CLR	-2.418	9.505	1
native_system/digital/reset_sync_reg[1]/C	native_system/digital/bank/active_calibration_reg[119][7]/CLR	-2.418	9.505	1
native_system/digital/reset_sync_reg[1]/C	native_system/digital/bank/active_calibration_reg[35][0]/CLR	-2.418	9.505	1
native_system/digital/reset_sync_reg[1]/C	native_system/digital/bank/active_calibration_reg[35][1]/CLR	-2.418	9.505	1
native_system/digital/reset_sync_reg[1]/C	native_system/digital/bank/active_calibration_reg[35][2]/CLR	-2.418	9.505	1
native_system/digital/reset_sync_reg[1]/C	native_system/digital/bank/active_mask_reg[93]/CLR	-2.418	9.505	1
native_system/digital/reset_sync_reg[1]/C	native_system/digital/bank/active_requested_reg[119][5]/CLR	-2.418	9.505	1
native_system/digital/reset_sync_reg[1]/C	native_system/digital/bank/active_requested_reg[35][3]/CLR	-2.418	9.505	1
native_system/digital/reset_sync_reg[1]/C	native_system/digital/bank/shadow_calibration_reg[86][0]/CLR	-2.417	9.504	1
native_system/digital/reset_sync_reg[1]/C	native_system/digital/bank/shadow_calibration_reg[86][7]/CLR	-2.417	9.504	1
native_system/digital/reset_sync_reg[1]/C	native_system/digital/bank/shadow_requested_reg[86][1]/CLR	-2.417	9.504	1
native_system/digital/reset_sync_reg[1]/C	native_system/digital/bank/shadow_requested_reg[86][3]/CLR	-2.417	9.504	1
native_system/digital/reset_sync_reg[1]/C	native_system/digital/bank/active_requested_reg[81][2]/CLR	-2.412	9.543	1
native_system/digital/reset_sync_reg[1]/C	native_system/digital/bank/active_requested_reg[81][3]/CLR	-2.412	9.543	1
native_system/digital/reset_sync_reg[1]/C	native_system/digital/bank/active_calibration_reg[117][2]/CLR	-2.404	9.577	1
native_system/digital/reset_sync_reg[1]/C	native_system/digital/bank/shadow_calibration_reg[65][4]/CLR	-2.399	9.572	1
native_system/digital/reset_sync_reg[1]/C	native_system/digital/bank/shadow_requested_reg[65][2]/CLR	-2.399	9.572	1
native_system/digital/reset_sync_reg[1]/C	native_system/digital/bank/shadow_requested_reg[65][6]/CLR	-2.399	9.572	1
native_system/digital/reset_sync_reg[1]/C	native_system/digital/bank/active_calibration_reg[116][1]/CLR	-2.395	9.482	1
native_system/digital/reset_sync_reg[1]/C	native_system/digital/bank/active_requested_reg[115][5]/CLR	-2.395	9.482	1
native_system/digital/reset_sync_reg[1]/C	native_system/digital/bank/active_requested_reg[116][5]/CLR	-2.395	9.482	1
native_system/digital/reset_sync_reg[1]/C	native_system/digital/bank/active_requested_reg[116][7]/CLR	-2.395	9.482	1
native_system/digital/reset_sync_reg[1]/C	native_system/digital/bank/shadow_calibration_reg[116][1]/CLR	-2.390	9.477	1
native_system/digital/reset_sync_reg[1]/C	native_system/digital/bank/shadow_requested_reg[116][4]/CLR	-2.390	9.477	1
native_system/digital/reset_sync_reg[1]/C	native_system/digital/bank/shadow_requested_reg[116][5]/CLR	-2.390	9.477	1
native_system/digital/reset_sync_reg[1]/C	native_system/digital/bank/shadow_requested_reg[116][7]/CLR	-2.390	9.477	1
native_system/digital/reset_sync_reg[1]/C	native_system/digital/bank/active_mask_reg[61]/CLR	-2.386	9.473	1
native_system/digital/reset_sync_reg[1]/C	native_system/digital/bank/shadow_requested_reg[35][5]/CLR	-2.385	9.516	1
native_system/digital/reset_sync_reg[1]/C	native_system/digital/bank/written_reg[62]/CLR	-2.381	9.468	1
native_system/digital/reset_sync_reg[1]/C	native_system/digital/serial/captured_reg[117]/CLR	-2.378	9.465	1
native_system/digital/reset_sync_reg[1]/C	native_system/digital/bank/written_reg[79]/CLR	-2.375	9.462	1
native_system/digital/reset_sync_reg[1]/C	native_system/digital/bank/written_reg[80]/CLR	-2.375	9.462	1
native_system/digital/reset_sync_reg[1]/C	native_system/digital/bank/active_requested_reg[65][0]/CLR	-2.371	9.458	1
native_system/digital/reset_sync_reg[1]/C	native_system/digital/bank/active_requested_reg[65][7]/CLR	-2.371	9.458	1
native_system/digital/reset_sync_reg[1]/C	native_system/digital/bank/shadow_calibration_reg[82][4]/CLR	-2.370	9.457	1
native_system/digital/reset_sync_reg[1]/C	native_system/digital/bank/active_calibration_reg[69][2]/CLR	-2.370	9.543	1
native_system/digital/reset_sync_reg[1]/C	native_system/digital/bank/active_calibration_reg[81][0]/CLR	-2.370	9.543	1
native_system/digital/reset_sync_reg[1]/C	native_system/digital/bank/active_requested_reg[69][2]/CLR	-2.370	9.543	1
native_system/digital/reset_sync_reg[1]/C	native_system/digital/bank/active_requested_reg[69][7]/CLR	-2.370	9.543	1
native_system/digital/reset_sync_reg[1]/C	native_system/digital/bank/active_calibration_reg[65][4]/CLR	-2.365	9.538	1
native_system/digital/reset_sync_reg[1]/C	native_system/digital/bank/active_requested_reg[65][2]/CLR	-2.365	9.538	1
native_system/digital/reset_sync_reg[1]/C	native_system/digital/bank/active_requested_reg[65][6]/CLR	-2.365	9.538	1
native_system/digital/reset_sync_reg[1]/C	native_system/digital/bank/shadow_calibration_reg[80][4]/CLR	-2.362	9.449	1
native_system/digital/reset_sync_reg[1]/C	native_system/digital/bank/shadow_calibration_reg[80][6]/CLR	-2.362	9.449	1
native_system/digital/reset_sync_reg[1]/C	native_system/digital/bank/shadow_requested_reg[80][2]/CLR	-2.362	9.449	1
native_system/digital/reset_sync_reg[1]/C	native_system/digital/bank/shadow_calibration_reg[35][5]/CLR	-2.343	9.516	1
native_system/digital/reset_sync_reg[1]/C	native_system/digital/bank/shadow_mask_reg[35]/CLR	-2.343	9.516	1
native_system/digital/reset_sync_reg[1]/C	native_system/digital/bank/shadow_requested_reg[35][0]/CLR	-2.343	9.516	1
native_system/digital/reset_sync_reg[1]/C	native_system/digital/bank/shadow_requested_reg[35][1]/CLR	-2.343	9.516	1
native_system/digital/reset_sync_reg[1]/C	native_system/digital/serial/serial_data_reg[12]/CLR	-2.338	9.425	1
native_system/digital/reset_sync_reg[1]/C	native_system/digital/serial/serial_data_reg[4]/CLR	-2.338	9.425	1
native_system/digital/reset_sync_reg[1]/C	native_system/digital/bank/active_calibration_reg[67][3]/CLR	-2.338	9.425	1
native_system/digital/reset_sync_reg[1]/C	native_system/digital/bank/active_calibration_reg[67][4]/CLR	-2.338	9.425	1
native_system/digital/reset_sync_reg[1]/C	native_system/digital/bank/active_calibration_reg[67][5]/CLR	-2.338	9.425	1
native_system/digital/reset_sync_reg[1]/C	native_system/digital/bank/active_calibration_reg[67][6]/CLR	-2.338	9.425	1
native_system/digital/reset_sync_reg[1]/C	native_system/digital/bank/active_calibration_reg[67][7]/CLR	-2.338	9.425	1
native_system/digital/reset_sync_reg[1]/C	native_system/digital/bank/active_requested_reg[67][7]/CLR	-2.338	9.425	1
native_system/digital/reset_sync_reg[1]/C	native_system/digital/bank/written_reg[47]/CLR	-2.328	9.415	1
native_system/digital/reset_sync_reg[1]/C	native_system/digital/bank/written_reg[49]/CLR	-2.328	9.415	1
native_system/digital/reset_sync_reg[1]/C	native_system/digital/bank/written_reg[50]/CLR	-2.328	9.415	1
native_system/digital/reset_sync_reg[1]/C	native_system/digital/bank/written_reg[55]/CLR	-2.328	9.415	1
native_system/digital/reset_sync_reg[1]/C	native_system/digital/bank/written_reg[51]/CLR	-2.324	9.411	1
native_system/digital/reset_sync_reg[1]/C	native_system/digital/bank/written_reg[48]/CLR	-2.318	9.405	1
native_system/digital/reset_sync_reg[1]/C	native_system/digital/bank/shadow_mask_reg[83]/CLR	-2.311	9.484	1
native_system/digital/reset_sync_reg[1]/C	native_system/digital/serial/bit_index_reg[12]/CLR	-2.310	9.397	1
native_system/digital/reset_sync_reg[1]/C	native_system/digital/serial/bit_index_reg[13]/CLR	-2.310	9.397	1
native_system/digital/reset_sync_reg[1]/C	native_system/digital/serial/bit_index_reg[14]/CLR	-2.310	9.397	1
native_system/digital/reset_sync_reg[1]/C	native_system/digital/serial/bit_index_reg[15]/CLR	-2.310	9.397	1
native_system/digital/reset_sync_reg[1]/C	native_system/digital/serial/bit_index_reg[16]/CLR	-2.310	9.397	1
native_system/digital/reset_sync_reg[1]/C	native_system/digital/serial/bit_index_reg[17]/CLR	-2.310	9.397	1
native_system/digital/reset_sync_reg[1]/C	native_system/digital/bank/active_calibration_reg[40][6]/CLR	-2.307	9.394	1
native_system/digital/reset_sync_reg[1]/C	native_system/digital/bank/active_calibration_reg[40][7]/CLR	-2.307	9.394	1
native_system/digital/reset_sync_reg[1]/C	native_system/digital/bank/active_mask_reg[40]/CLR	-2.307	9.394	1
native_system/digital/reset_sync_reg[1]/C	native_system/digital/bank/active_requested_reg[40][7]/CLR	-2.307	9.394	1
native_system/digital/reset_sync_reg[1]/C	native_system/digital/bank/shadow_calibration_reg[40][6]/CLR	-2.303	9.390	1
native_system/digital/reset_sync_reg[1]/C	native_system/digital/bank/shadow_calibration_reg[40][7]/CLR	-2.303	9.390	1
native_system/digital/reset_sync_reg[1]/C	native_system/digital/bank/shadow_mask_reg[40]/CLR	-2.303	9.390	1
native_system/digital/reset_sync_reg[1]/C	native_system/digital/bank/shadow_requested_reg[40][7]/CLR	-2.303	9.390	1
native_system/digital/reset_sync_reg[1]/C	native_system/digital/serial/serial_data_reg[25]/CLR	-2.299	9.386	1
native_system/digital/reset_sync_reg[1]/C	native_system/digital/serial/serial_data_reg[9]/CLR	-2.299	9.386	1
native_system/digital/reset_sync_reg[1]/C	native_system/digital/serial/captured_reg[68]/CLR	-2.294	9.381	1
native_system/digital/reset_sync_reg[1]/C	native_system/digital/serial/captured_reg[70]/CLR	-2.294	9.381	1
native_system/digital/reset_sync_reg[1]/C	native_system/digital/bank/shadow_calibration_reg[67][7]/CLR	-2.294	9.425	1
native_system/digital/reset_sync_reg[1]/C	native_system/digital/bank/shadow_requested_reg[67][4]/CLR	-2.294	9.425	1
native_system/digital/reset_sync_reg[1]/C	native_system/digital/bank/shadow_requested_reg[67][7]/CLR	-2.294	9.425	1
native_system/digital/reset_sync_reg[1]/C	native_system/digital/bank/active_calibration_reg[116][5]/CLR	-2.293	9.380	1
native_system/digital/reset_sync_reg[1]/C	native_system/digital/bank/active_calibration_reg[25][2]/CLR	-2.293	9.380	1
native_system/digital/reset_sync_reg[1]/C	native_system/digital/bank/active_mask_reg[25]/CLR	-2.293	9.380	1
native_system/digital/reset_sync_reg[1]/C	native_system/digital/bank/active_requested_reg[116][1]/CLR	-2.293	9.380	1
native_system/digital/reset_sync_reg[1]/C	native_system/digital/bank/active_requested_reg[116][2]/CLR	-2.293	9.380	1
native_system/digital/reset_sync_reg[1]/C	native_system/digital/bank/active_requested_reg[116][6]/CLR	-2.293	9.380	1
native_system/digital/reset_sync_reg[1]/C	native_system/digital/bank/active_requested_reg[25][3]/CLR	-2.293	9.380	1
native_system/digital/reset_sync_reg[1]/C	native_system/digital/bank/active_requested_reg[25][5]/CLR	-2.293	9.380	1
native_system/digital/reset_sync_reg[1]/C	native_system/digital/serial/serial_data_reg[28]/CLR	-2.287	9.374	1
native_system/digital/reset_sync_reg[1]/C	native_system/digital/bank/shadow_calibration_reg[51][5]/CLR	-2.276	9.363	1
native_system/digital/reset_sync_reg[1]/C	native_system/digital/bank/shadow_calibration_reg[51][7]/CLR	-2.276	9.363	1
native_system/digital/reset_sync_reg[1]/C	native_system/digital/bank/shadow_requested_reg[51][5]/CLR	-2.276	9.363	1
native_system/digital/reset_sync_reg[1]/C	native_system/digital/bank/shadow_requested_reg[51][7]/CLR	-2.276	9.363	1
native_system/digital/reset_sync_reg[1]/C	native_system/digital/bank/active_calibration_reg[25][6]/CLR	-2.257	9.344	1
native_system/digital/reset_sync_reg[1]/C	native_system/digital/bank/active_requested_reg[25][0]/CLR	-2.257	9.344	1
native_system/digital/reset_sync_reg[1]/C	native_system/digital/bank/active_requested_reg[25][6]/CLR	-2.257	9.344	1
native_system/digital/reset_sync_reg[1]/C	native_system/digital/bank/active_requested_reg[25][7]/CLR	-2.257	9.344	1
native_system/digital/reset_sync_reg[1]/C	native_system/digital/bank/shadow_calibration_reg[25][6]/CLR	-2.253	9.340	1
native_system/digital/reset_sync_reg[1]/C	native_system/digital/bank/shadow_requested_reg[25][0]/CLR	-2.253	9.340	1
native_system/digital/reset_sync_reg[1]/C	native_system/digital/bank/shadow_requested_reg[25][6]/CLR	-2.253	9.340	1
native_system/digital/reset_sync_reg[1]/C	native_system/digital/bank/shadow_requested_reg[25][7]/CLR	-2.253	9.340	1
native_system/digital/reset_sync_reg[1]/C	native_system/digital/serial/serial_data_reg[20]/CLR	-2.252	9.425	1
native_system/digital/reset_sync_reg[1]/C	native_system/digital/bank/shadow_calibration_reg[67][3]/CLR	-2.252	9.425	1
native_system/digital/reset_sync_reg[1]/C	native_system/digital/bank/shadow_calibration_reg[67][4]/CLR	-2.252	9.425	1
native_system/digital/reset_sync_reg[1]/C	native_system/digital/bank/shadow_calibration_reg[67][5]/CLR	-2.252	9.425	1
native_system/digital/reset_sync_reg[1]/C	native_system/digital/bank/shadow_calibration_reg[67][6]/CLR	-2.252	9.425	1
native_system/digital/reset_sync_reg[1]/C	native_system/digital/bank/shadow_requested_reg[25][1]/CLR	-2.249	9.380	1
native_system/digital/reset_sync_reg[1]/C	native_system/digital/bank/shadow_requested_reg[25][3]/CLR	-2.249	9.380	1
native_system/digital/reset_sync_reg[1]/C	native_system/digital/bank/shadow_requested_reg[25][4]/CLR	-2.249	9.380	1
native_system/digital/reset_sync_reg[1]/C	native_system/digital/bank/shadow_requested_reg[25][5]/CLR	-2.249	9.380	1
native_system/digital/reset_sync_reg[1]/C	native_system/digital/bank/shadow_calibration_reg[74][0]/CLR	-2.237	9.324	1
native_system/digital/reset_sync_reg[1]/C	native_system/digital/bank/shadow_calibration_reg[74][1]/CLR	-2.237	9.324	1
native_system/digital/reset_sync_reg[1]/C	native_system/digital/bank/shadow_calibration_reg[74][2]/CLR	-2.237	9.324	1
native_system/digital/reset_sync_reg[1]/C	native_system/digital/bank/shadow_requested_reg[74][0]/CLR	-2.237	9.324	1
native_system/digital/reset_sync_reg[1]/C	native_system/digital/bank/shadow_requested_reg[74][2]/CLR	-2.237	9.324	1
native_system/digital/reset_sync_reg[1]/C	native_system/digital/bank/shadow_requested_reg[74][6]/CLR	-2.237	9.324	1
native_system/digital/reset_sync_reg[1]/C	native_system/digital/bank/active_calibration_reg[74][0]/CLR	-2.232	9.319	1
native_system/digital/reset_sync_reg[1]/C	native_system/digital/bank/active_calibration_reg[74][1]/CLR	-2.232	9.319	1
native_system/digital/reset_sync_reg[1]/C	native_system/digital/bank/active_calibration_reg[74][2]/CLR	-2.232	9.319	1
native_system/digital/reset_sync_reg[1]/C	native_system/digital/bank/active_requested_reg[74][0]/CLR	-2.232	9.319	1
native_system/digital/reset_sync_reg[1]/C	native_system/digital/bank/active_requested_reg[74][2]/CLR	-2.232	9.319	1
native_system/digital/reset_sync_reg[1]/C	native_system/digital/bank/active_requested_reg[74][6]/CLR	-2.232	9.319	1
native_system/digital/reset_sync_reg[1]/C	native_system/digital/bank/active_mask_reg[48]/CLR	-2.232	9.405	1
native_system/digital/cfg_reg[22][13]/C	native_system/digital/bank/shadow_calibration_reg[123][5]/D	-2.231	9.662	0
native_system/digital/reset_sync_reg[1]/C	native_system/digital/bank/active_calibration_reg[49][7]/CLR	-2.229	9.316	1
native_system/digital/reset_sync_reg[1]/C	native_system/digital/bank/active_calibration_reg[72][0]/CLR	-2.229	9.316	1
native_system/digital/reset_sync_reg[1]/C	native_system/digital/bank/active_calibration_reg[72][1]/CLR	-2.229	9.316	1
native_system/digital/reset_sync_reg[1]/C	native_system/digital/bank/active_requested_reg[49][3]/CLR	-2.229	9.316	1
native_system/digital/reset_sync_reg[1]/C	native_system/digital/bank/active_requested_reg[72][1]/CLR	-2.229	9.316	1
native_system/digital/reset_sync_reg[1]/C	native_system/digital/bank/active_requested_reg[72][2]/CLR	-2.229	9.316	1
native_system/digital/reset_sync_reg[1]/C	native_system/digital/bank/shadow_calibration_reg[72][0]/CLR	-2.224	9.311	1
native_system/digital/reset_sync_reg[1]/C	native_system/digital/bank/shadow_calibration_reg[72][1]/CLR	-2.224	9.311	1
native_system/digital/reset_sync_reg[1]/C	native_system/digital/bank/shadow_requested_reg[72][1]/CLR	-2.224	9.311	1
native_system/digital/reset_sync_reg[1]/C	native_system/digital/bank/shadow_requested_reg[72][2]/CLR	-2.224	9.311	1
native_system/digital/reset_sync_reg[1]/C	native_system/digital/bank/written_reg[31]/CLR	-2.224	9.397	1
native_system/digital/reset_sync_reg[1]/C	native_system/digital/bank/written_reg[32]/CLR	-2.224	9.397	1
native_system/digital/reset_sync_reg[1]/C	native_system/digital/bank/written_reg[34]/CLR	-2.224	9.397	1
native_system/digital/reset_sync_reg[1]/C	native_system/digital/serial/shift_clock_reg/CLR	-2.224	9.397	1
native_system/digital/reset_sync_reg[1]/C	native_system/digital/serial/FSM_onehot_state_reg[0]/PRE	-2.221	9.352	1
native_system/digital/reset_sync_reg[1]/C	native_system/digital/bank/active_calibration_reg[43][0]/CLR	-2.207	9.380	1
native_system/digital/reset_sync_reg[1]/C	native_system/digital/bank/active_calibration_reg[43][1]/CLR	-2.207	9.380	1
native_system/digital/reset_sync_reg[1]/C	native_system/digital/bank/active_calibration_reg[43][3]/CLR	-2.207	9.380	1
native_system/digital/reset_sync_reg[1]/C	native_system/digital/bank/active_requested_reg[43][5]/CLR	-2.207	9.380	1
native_system/digital/reset_sync_reg[1]/C	native_system/digital/bank/shadow_calibration_reg[25][0]/CLR	-2.207	9.380	1
native_system/digital/reset_sync_reg[1]/C	native_system/digital/bank/shadow_calibration_reg[25][2]/CLR	-2.207	9.380	1
native_system/digital/reset_sync_reg[1]/C	native_system/digital/bank/shadow_calibration_reg[25][4]/CLR	-2.207	9.380	1
native_system/digital/reset_sync_reg[1]/C	native_system/digital/bank/shadow_mask_reg[25]/CLR	-2.207	9.380	1
native_system/digital/reset_sync_reg[1]/C	native_system/digital/bank/active_calibration_reg[117][7]/CLR	-2.206	9.379	1
native_system/digital/reset_sync_reg[1]/C	native_system/digital/bank/active_calibration_reg[31][2]/CLR	-2.206	9.379	1
native_system/digital/reset_sync_reg[1]/C	native_system/digital/bank/active_requested_reg[117][1]/CLR	-2.206	9.379	1
native_system/digital/reset_sync_reg[1]/C	native_system/digital/serial/serial_data_reg[17]/CLR	-2.201	9.374	1
native_system/digital/reset_sync_reg[1]/C	native_system/digital/serial/serial_data_reg[1]/CLR	-2.201	9.374	1
native_system/digital/reset_sync_reg[1]/C	native_system/digital/bank/shadow_calibration_reg[40][1]/CLR	-2.194	9.281	1
native_system/digital/reset_sync_reg[1]/C	native_system/digital/bank/shadow_calibration_reg[40][2]/CLR	-2.194	9.281	1
native_system/digital/reset_sync_reg[1]/C	native_system/digital/bank/shadow_requested_reg[40][0]/CLR	-2.194	9.281	1
native_system/digital/reset_sync_reg[1]/C	native_system/digital/bank/shadow_requested_reg[40][2]/CLR	-2.194	9.281	1
native_system/digital/reset_sync_reg[1]/C	native_system/digital/bank/active_requested_reg[51][7]/CLR	-2.190	9.363	1
native_system/digital/reset_sync_reg[1]/C	native_system/digital/serial/FSM_onehot_state_reg[1]/CLR	-2.179	9.352	1
native_system/digital/reset_sync_reg[1]/C	native_system/digital/serial/FSM_onehot_state_reg[2]/CLR	-2.179	9.352	1
native_system/digital/reset_sync_reg[1]/C	native_system/digital/serial/FSM_onehot_state_reg[3]/CLR	-2.179	9.352	1
native_system/digital/reset_sync_reg[1]/C	native_system/digital/bank/active_requested_reg[25][2]/CLR	-2.175	9.262	1
native_system/digital/reset_sync_reg[1]/C	native_system/digital/bank/shadow_calibration_reg[18][5]/CLR	-2.174	9.261	1
native_system/digital/reset_sync_reg[1]/C	native_system/digital/bank/shadow_requested_reg[18][7]/CLR	-2.174	9.261	1
native_system/digital/reset_sync_reg[1]/C	native_system/digital/bank/shadow_calibration_reg[74][4]/CLR	-2.174	9.261	1
native_system/digital/reset_sync_reg[1]/C	native_system/digital/bank/shadow_calibration_reg[74][6]/CLR	-2.174	9.261	1
native_system/digital/reset_sync_reg[1]/C	native_system/digital/bank/shadow_calibration_reg[74][7]/CLR	-2.174	9.261	1
native_system/digital/reset_sync_reg[1]/C	native_system/digital/bank/shadow_requested_reg[74][4]/CLR	-2.174	9.261	1
native_system/digital/reset_sync_reg[1]/C	native_system/digital/bank/active_calibration_reg[16][2]/CLR	-2.173	9.260	1
native_system/digital/reset_sync_reg[1]/C	native_system/digital/bank/active_calibration_reg[16][4]/CLR	-2.173	9.260	1
native_system/digital/reset_sync_reg[1]/C	native_system/digital/bank/active_calibration_reg[16][6]/CLR	-2.173	9.260	1
native_system/digital/reset_sync_reg[1]/C	native_system/digital/bank/active_requested_reg[16][7]/CLR	-2.173	9.260	1
native_system/digital/reset_sync_reg[1]/C	native_system/digital/bank/shadow_requested_reg[25][2]/CLR	-2.171	9.258	1
native_system/digital/reset_sync_reg[1]/C	native_system/digital/bank/shadow_mask_reg[50]/CLR	-2.170	9.257	1
native_system/digital/reset_sync_reg[1]/C	native_system/digital/bank/shadow_requested_reg[15][6]/CLR	-2.169	9.256	1
native_system/digital/reset_sync_reg[1]/C	native_system/digital/bank/shadow_calibration_reg[116][5]/CLR	-2.147	9.234	1
native_system/digital/reset_sync_reg[1]/C	native_system/digital/bank/shadow_requested_reg[116][1]/CLR	-2.147	9.234	1
native_system/digital/reset_sync_reg[1]/C	native_system/digital/bank/shadow_requested_reg[116][2]/CLR	-2.147	9.234	1
native_system/digital/reset_sync_reg[1]/C	native_system/digital/bank/shadow_requested_reg[116][6]/CLR	-2.147	9.234	1
native_system/digital/cfg_reg[22][13]/C	native_system/digital/bank/shadow_calibration_reg[93][5]/D	-2.132	9.579	0
native_system/digital/reset_sync_reg[1]/C	native_system/digital/bank/active_calibration_reg[18][4]/CLR	-2.128	9.215	1
native_system/digital/reset_sync_reg[1]/C	native_system/digital/bank/active_calibration_reg[18][7]/CLR	-2.128	9.215	1
native_system/digital/reset_sync_reg[1]/C	native_system/digital/bank/active_requested_reg[18][5]/CLR	-2.128	9.215	1
native_system/digital/reset_sync_reg[1]/C	native_system/digital/bank/active_requested_reg[18][6]/CLR	-2.128	9.215	1
native_system/digital/reset_sync_reg[1]/C	native_system/digital/bank/shadow_calibration_reg[15][1]/CLR	-2.123	9.210	1
native_system/digital/reset_sync_reg[1]/C	native_system/digital/bank/shadow_requested_reg[15][0]/CLR	-2.123	9.210	1
native_system/digital/reset_sync_reg[1]/C	native_system/digital/bank/shadow_requested_reg[15][1]/CLR	-2.123	9.210	1
native_system/digital/reset_sync_reg[1]/C	native_system/digital/bank/shadow_requested_reg[47][1]/CLR	-2.121	9.208	1
native_system/digital/reset_sync_reg[1]/C	native_system/digital/serial/captured_reg[16]/CLR	-2.117	9.204	1
native_system/digital/reset_sync_reg[1]/C	native_system/digital/bank/active_calibration_reg[25][1]/CLR	-2.116	9.203	1
native_system/digital/reset_sync_reg[1]/C	native_system/digital/bank/active_calibration_reg[25][3]/CLR	-2.116	9.203	1
native_system/digital/reset_sync_reg[1]/C	native_system/digital/bank/active_calibration_reg[25][5]/CLR	-2.116	9.203	1
native_system/digital/reset_sync_reg[1]/C	native_system/digital/bank/active_calibration_reg[25][7]/CLR	-2.116	9.203	1
native_system/digital/reset_sync_reg[1]/C	native_system/digital/bank/shadow_calibration_reg[25][1]/CLR	-2.111	9.198	1
native_system/digital/reset_sync_reg[1]/C	native_system/digital/bank/shadow_calibration_reg[25][3]/CLR	-2.111	9.198	1
native_system/digital/reset_sync_reg[1]/C	native_system/digital/bank/shadow_calibration_reg[25][5]/CLR	-2.111	9.198	1
native_system/digital/reset_sync_reg[1]/C	native_system/digital/bank/shadow_calibration_reg[25][7]/CLR	-2.111	9.198	1
native_system/digital/reset_sync_reg[1]/C	native_system/digital/bank/active_calibration_reg[115][0]/CLR	-2.087	9.174	1
native_system/digital/reset_sync_reg[1]/C	native_system/digital/bank/active_calibration_reg[115][3]/CLR	-2.087	9.174	1
native_system/digital/reset_sync_reg[1]/C	native_system/digital/bank/active_calibration_reg[115][5]/CLR	-2.087	9.174	1
native_system/digital/reset_sync_reg[1]/C	native_system/digital/bank/active_mask_reg[87]/CLR	-2.087	9.174	1
native_system/digital/reset_sync_reg[1]/C	native_system/digital/bank/shadow_calibration_reg[115][0]/CLR	-2.082	9.169	1
native_system/digital/reset_sync_reg[1]/C	native_system/digital/bank/shadow_calibration_reg[115][3]/CLR	-2.082	9.169	1
native_system/digital/reset_sync_reg[1]/C	native_system/digital/bank/shadow_calibration_reg[115][5]/CLR	-2.082	9.169	1
native_system/digital/reset_sync_reg[1]/C	native_system/digital/bank/shadow_requested_reg[115][5]/CLR	-2.082	9.169	1
native_system/digital/reset_sync_reg[1]/C	native_system/digital/bank/shadow_mask_reg[31]/CLR	-2.077	9.164	1
native_system/digital/reset_sync_reg[1]/C	native_system/digital/serial/captured_reg[25]/CLR	-2.073	9.160	1
native_system/digital/reset_sync_reg[1]/C	native_system/digital/serial/captured_reg[31]/CLR	-2.073	9.160	1
native_system/digital/reset_sync_reg[1]/C	native_system/digital/bank/active_calibration_reg[52][2]/CLR	-2.072	9.159	1
native_system/digital/reset_sync_reg[1]/C	native_system/digital/bank/active_requested_reg[52][0]/CLR	-2.072	9.159	1
native_system/digital/reset_sync_reg[1]/C	native_system/digital/bank/active_requested_reg[76][4]/CLR	-2.072	9.159	1
native_system/digital/reset_sync_reg[1]/C	native_system/digital/bank/active_requested_reg[76][5]/CLR	-2.072	9.159	1
native_system/digital/reset_sync_reg[1]/C	native_system/digital/bank/shadow_requested_reg[50][5]/CLR	-2.071	9.158	1
native_system/digital/reset_sync_reg[1]/C	native_system/digital/serial/captured_reg[0]/CLR	-2.068	9.155	1
native_system/digital/reset_sync_reg[1]/C	native_system/digital/serial/captured_reg[13]/CLR	-2.068	9.155	1
native_system/digital/reset_sync_reg[1]/C	native_system/digital/serial/captured_reg[3]/CLR	-2.068	9.155	1
native_system/digital/reset_sync_reg[1]/C	native_system/digital/bank/shadow_mask_reg[87]/CLR	-2.061	9.234	1
native_system/digital/reset_sync_reg[1]/C	native_system/digital/adc/frame_reg[0]/CLR	-2.060	9.147	1
native_system/digital/reset_sync_reg[1]/C	native_system/digital/adc/frame_reg[22]/CLR	-2.060	9.147	1
native_system/digital/reset_sync_reg[1]/C	native_system/digital/adc/frame_reg[26]/CLR	-2.060	9.147	1
native_system/digital/reset_sync_reg[1]/C	native_system/digital/adc/frame_reg[33]/CLR	-2.060	9.147	1
native_system/digital/reset_sync_reg[1]/C	native_system/digital/adc/frame_reg[34]/CLR	-2.060	9.147	1
native_system/digital/reset_sync_reg[1]/C	native_system/digital/bank/shadow_calibration_reg[50][1]/CLR	-2.060	9.147	1
native_system/digital/reset_sync_reg[1]/C	native_system/digital/adc/spi/received_reg[26]/CLR	-2.056	9.143	1
native_system/digital/reset_sync_reg[1]/C	native_system/digital/adc/spi/received_reg[33]/CLR	-2.056	9.143	1
native_system/digital/reset_sync_reg[1]/C	native_system/digital/adc/spi/received_reg[34]/CLR	-2.056	9.143	1
native_system/digital/reset_sync_reg[1]/C	native_system/digital/bank/shadow_calibration_reg[50][4]/CLR	-2.055	9.142	1
native_system/digital/reset_sync_reg[1]/C	native_system/digital/bank/shadow_calibration_reg[50][7]/CLR	-2.055	9.142	1
native_system/digital/reset_sync_reg[1]/C	native_system/digital/bank/shadow_requested_reg[50][0]/CLR	-2.055	9.142	1
native_system/digital/reset_sync_reg[1]/C	native_system/digital/bank/shadow_requested_reg[50][3]/CLR	-2.055	9.142	1
native_system/digital/reset_sync_reg[1]/C	native_system/digital/time_now_reg[24]/CLR	-2.048	9.221	1
native_system/digital/reset_sync_reg[1]/C	native_system/digital/time_now_reg[25]/CLR	-2.048	9.221	1
native_system/digital/reset_sync_reg[1]/C	native_system/digital/time_now_reg[26]/CLR	-2.048	9.221	1
native_system/digital/reset_sync_reg[1]/C	native_system/digital/time_now_reg[27]/CLR	-2.048	9.221	1
native_system/digital/reset_sync_reg[1]/C	native_system/digital/bank/shadow_calibration_reg[53][1]/CLR	-2.047	9.134	1
native_system/digital/reset_sync_reg[1]/C	native_system/digital/bank/shadow_calibration_reg[53][2]/CLR	-2.047	9.134	1
native_system/digital/reset_sync_reg[1]/C	native_system/digital/bank/shadow_calibration_reg[53][3]/CLR	-2.047	9.134	1
native_system/digital/reset_sync_reg[1]/C	native_system/digital/bank/shadow_requested_reg[53][3]/CLR	-2.047	9.134	1
native_system/digital/cfg_reg[22][10]/C	native_system/digital/bank/shadow_calibration_reg[13][2]/D	-2.045	9.470	0
native_system/digital/reset_sync_reg[1]/C	native_system/digital/bank/shadow_calibration_reg[18][2]/CLR	-2.042	9.215	1
native_system/digital/reset_sync_reg[1]/C	native_system/digital/bank/shadow_calibration_reg[18][6]/CLR	-2.042	9.215	1
native_system/digital/reset_sync_reg[1]/C	native_system/digital/bank/shadow_calibration_reg[18][7]/CLR	-2.042	9.215	1
native_system/digital/reset_sync_reg[1]/C	native_system/digital/bank/shadow_requested_reg[18][6]/CLR	-2.042	9.215	1
native_system/digital/reset_sync_reg[1]/C	native_system/digital/bank/shadow_calibration_reg[16][2]/CLR	-2.019	9.106	1
native_system/digital/reset_sync_reg[1]/C	native_system/digital/bank/shadow_calibration_reg[16][4]/CLR	-2.019	9.106	1
native_system/digital/reset_sync_reg[1]/C	native_system/digital/bank/shadow_calibration_reg[16][5]/CLR	-2.019	9.106	1
native_system/digital/reset_sync_reg[1]/C	native_system/digital/bank/shadow_calibration_reg[16][6]/CLR	-2.019	9.106	1
native_system/digital/reset_sync_reg[1]/C	native_system/digital/bank/shadow_calibration_reg[16][7]/CLR	-2.019	9.106	1
native_system/digital/reset_sync_reg[1]/C	native_system/digital/bank/shadow_mask_reg[16]/CLR	-2.019	9.106	1
native_system/digital/reset_sync_reg[1]/C	native_system/digital/bank/shadow_requested_reg[16][4]/CLR	-2.019	9.106	1
native_system/digital/reset_sync_reg[1]/C	native_system/digital/bank/shadow_requested_reg[16][7]/CLR	-2.019	9.106	1
native_system/digital/reset_sync_reg[1]/C	native_system/digital/bank/active_calibration_reg[16][5]/CLR	-2.014	9.101	1
native_system/digital/reset_sync_reg[1]/C	native_system/digital/bank/active_calibration_reg[16][7]/CLR	-2.014	9.101	1
native_system/digital/reset_sync_reg[1]/C	native_system/digital/bank/active_requested_reg[16][4]/CLR	-2.014	9.101	1
native_system/digital/reset_sync_reg[1]/C	native_system/digital/bank/active_requested_reg[49][4]/CLR	-2.008	9.095	1
native_system/digital/reset_sync_reg[1]/C	native_system/digital/adc/spi/lane_reg[1][21]/CLR	-2.007	9.138	1
native_system/digital/reset_sync_reg[1]/C	native_system/digital/serial/captured_reg[10]/CLR	-2.003	9.090	1
native_system/digital/reset_sync_reg[1]/C	native_system/digital/serial/captured_reg[73]/CLR	-2.003	9.090	1
native_system/digital/reset_sync_reg[1]/C	native_system/digital/serial/captured_reg[9]/CLR	-2.003	9.090	1
native_system/digital/reset_sync_reg[1]/C	native_system/digital/tx_enable_timestamp_reg[18]/CLR	-1.994	9.081	1
native_system/digital/reset_sync_reg[1]/C	native_system/digital/tx_enable_timestamp_reg[22]/CLR	-1.994	9.081	1
native_system/digital/reset_sync_reg[1]/C	native_system/digital/tx_enable_timestamp_reg[50]/CLR	-1.994	9.081	1
native_system/digital/reset_sync_reg[1]/C	native_system/digital/tx_enable_timestamp_reg[9]/CLR	-1.994	9.081	1
native_system/digital/reset_sync_reg[1]/C	native_system/digital/serial/serial_data_reg[13]/CLR	-1.991	9.078	1
native_system/digital/reset_sync_reg[1]/C	native_system/digital/serial/serial_data_reg[29]/CLR	-1.991	9.078	1
native_system/digital/reset_sync_reg[1]/C	native_system/digital/bank/shadow_requested_reg[53][5]/CLR	-1.982	9.069	1
native_system/digital/reset_sync_reg[1]/C	native_system/digital/bank/shadow_requested_reg[53][6]/CLR	-1.982	9.069	1
native_system/digital/reset_sync_reg[1]/C	native_system/digital/adc/reading_timestamp_reg[16]/CLR	-1.976	9.063	1
native_system/digital/reset_sync_reg[1]/C	native_system/digital/adc/reading_timestamp_reg[23]/CLR	-1.976	9.063	1
native_system/digital/reset_sync_reg[1]/C	native_system/digital/adc/reading_timestamp_reg[25]/CLR	-1.976	9.063	1
native_system/digital/reset_sync_reg[1]/C	native_system/digital/adc/reading_timestamp_reg[26]/CLR	-1.976	9.063	1
native_system/digital/reset_sync_reg[1]/C	native_system/digital/adc/reading_timestamp_reg[27]/CLR	-1.976	9.063	1
native_system/digital/reset_sync_reg[1]/C	native_system/digital/adc/reading_timestamp_reg[28]/CLR	-1.976	9.063	1
native_system/digital/reset_sync_reg[1]/C	native_system/digital/adc/reading_timestamp_reg[37]/CLR	-1.976	9.063	1
native_system/digital/reset_sync_reg[1]/C	native_system/digital/adc/reading_timestamp_reg[39]/CLR	-1.976	9.063	1
native_system/digital/reset_sync_reg[1]/C	native_system/digital/bank/active_requested_reg[52][3]/CLR	-1.973	9.060	1
native_system/digital/reset_sync_reg[1]/C	native_system/digital/bank/active_calibration_reg[49][3]/CLR	-1.969	9.056	1
native_system/digital/reset_sync_reg[1]/C	native_system/digital/bank/active_calibration_reg[49][4]/CLR	-1.969	9.056	1
native_system/digital/reset_sync_reg[1]/C	native_system/digital/bank/active_calibration_reg[49][5]/CLR	-1.969	9.056	1
native_system/digital/reset_sync_reg[1]/C	native_system/digital/bank/shadow_calibration_reg[9][6]/CLR	-1.968	9.055	1
native_system/digital/reset_sync_reg[1]/C	native_system/digital/bank/shadow_calibration_reg[9][7]/CLR	-1.968	9.055	1
native_system/digital/reset_sync_reg[1]/C	native_system/digital/bank/shadow_requested_reg[9][5]/CLR	-1.968	9.055	1
native_system/digital/reset_sync_reg[1]/C	native_system/digital/bank/shadow_requested_reg[9][7]/CLR	-1.968	9.055	1
native_system/digital/reset_sync_reg[1]/C	native_system/digital/bank/active_calibration_reg[50][1]/CLR	-1.967	9.140	1
native_system/digital/reset_sync_reg[1]/C	native_system/digital/bank/active_calibration_reg[50][2]/CLR	-1.967	9.140	1
native_system/digital/reset_sync_reg[1]/C	native_system/digital/bank/active_calibration_reg[50][6]/CLR	-1.967	9.140	1
native_system/digital/reset_sync_reg[1]/C	native_system/digital/bank/active_requested_reg[50][0]/CLR	-1.967	9.140	1
native_system/digital/reset_sync_reg[1]/C	native_system/digital/adc/spi/lane_reg[1][20]/CLR	-1.965	9.138	1
native_system/digital/reset_sync_reg[1]/C	native_system/digital/bank/shadow_calibration_reg[49][0]/CLR	-1.963	9.136	1
native_system/digital/reset_sync_reg[1]/C	native_system/digital/bank/shadow_calibration_reg[49][1]/CLR	-1.963	9.136	1
native_system/digital/reset_sync_reg[1]/C	native_system/digital/bank/shadow_calibration_reg[49][2]/CLR	-1.963	9.136	1
native_system/digital/reset_sync_reg[1]/C	native_system/digital/bank/shadow_requested_reg[49][0]/CLR	-1.963	9.136	1
native_system/digital/reset_sync_reg[1]/C	native_system/digital/bank/active_calibration_reg[53][1]/CLR	-1.961	9.134	1
native_system/digital/reset_sync_reg[1]/C	native_system/digital/bank/active_calibration_reg[53][2]/CLR	-1.961	9.134	1
native_system/digital/reset_sync_reg[1]/C	native_system/digital/bank/active_requested_reg[53][1]/CLR	-1.961	9.134	1
native_system/digital/reset_sync_reg[1]/C	native_system/digital/bank/active_requested_reg[53][3]/CLR	-1.961	9.134	1
native_system/digital/reset_sync_reg[1]/C	native_system/digital/tx_enable_timestamp_reg[37]/CLR	-1.960	9.047	1
native_system/digital/reset_sync_reg[1]/C	native_system/digital/tx_enable_timestamp_reg[4]/CLR	-1.960	9.047	1
native_system/digital/reset_sync_reg[1]/C	native_system/digital/tx_enable_timestamp_reg[6]/CLR	-1.960	9.047	1
native_system/digital/reset_sync_reg[1]/C	native_system/digital/bank/shadow_calibration_reg[72][6]/CLR	-1.939	9.026	1
native_system/digital/reset_sync_reg[1]/C	native_system/digital/bank/shadow_requested_reg[72][4]/CLR	-1.939	9.026	1
native_system/digital/reset_sync_reg[1]/C	native_system/digital/bank/shadow_requested_reg[72][5]/CLR	-1.939	9.026	1
native_system/digital/reset_sync_reg[1]/C	native_system/digital/bank/shadow_calibration_reg[0][4]/CLR	-1.923	9.010	1
native_system/digital/reset_sync_reg[1]/C	native_system/digital/bank/shadow_calibration_reg[0][7]/CLR	-1.923	9.010	1
native_system/digital/reset_sync_reg[1]/C	native_system/digital/bank/active_calibration_reg[115][1]/CLR	-1.922	9.009	1
native_system/digital/reset_sync_reg[1]/C	native_system/digital/bank/active_calibration_reg[115][2]/CLR	-1.922	9.009	1
native_system/digital/reset_sync_reg[1]/C	native_system/digital/bank/active_mask_reg[31]/CLR	-1.922	9.009	1
native_system/digital/reset_sync_reg[1]/C	native_system/digital/bank/active_requested_reg[115][0]/CLR	-1.922	9.009	1
native_system/digital/reset_sync_reg[1]/C	native_system/digital/bank/active_requested_reg[115][1]/CLR	-1.922	9.009	1
native_system/digital/reset_sync_reg[1]/C	native_system/digital/bank/active_requested_reg[115][2]/CLR	-1.922	9.009	1
native_system/digital/reset_sync_reg[1]/C	native_system/digital/bank/active_requested_reg[115][3]/CLR	-1.922	9.009	1
native_system/digital/reset_sync_reg[1]/C	native_system/digital/bank/active_requested_reg[115][7]/CLR	-1.922	9.009	1
native_system/digital/reset_sync_reg[1]/C	native_system/digital/bank/active_calibration_reg[49][6]/CLR	-1.922	9.095	1
native_system/digital/reset_sync_reg[1]/C	native_system/digital/bank/active_requested_reg[49][5]/CLR	-1.922	9.095	1
native_system/digital/reset_sync_reg[1]/C	native_system/digital/bank/active_requested_reg[49][7]/CLR	-1.922	9.095	1
native_system/digital/reset_sync_reg[1]/C	native_system/digital/bank/active_calibration_reg[49][0]/CLR	-1.921	9.094	1
native_system/digital/reset_sync_reg[1]/C	native_system/digital/bank/active_calibration_reg[49][1]/CLR	-1.921	9.094	1
native_system/digital/reset_sync_reg[1]/C	native_system/digital/bank/active_calibration_reg[49][2]/CLR	-1.921	9.094	1
native_system/digital/reset_sync_reg[1]/C	native_system/digital/bank/active_requested_reg[49][0]/CLR	-1.921	9.094	1
native_system/digital/reset_sync_reg[1]/C	native_system/digital/adc/spi/lane_reg[2][17]/CLR	-1.920	9.051	1
native_system/digital/reset_sync_reg[1]/C	native_system/digital/adc/frame_reg[16]/CLR	-1.919	9.006	1
native_system/digital/reset_sync_reg[1]/C	native_system/digital/adc/frame_reg[18]/CLR	-1.919	9.006	1
native_system/digital/reset_sync_reg[1]/C	native_system/digital/adc/frame_reg[20]/CLR	-1.919	9.006	1
native_system/digital/reset_sync_reg[1]/C	native_system/digital/adc/frame_reg[24]/CLR	-1.919	9.006	1
native_system/digital/reset_sync_reg[1]/C	native_system/digital/adc/frame_reg[28]/CLR	-1.919	9.006	1
native_system/digital/reset_sync_reg[1]/C	native_system/digital/adc/frame_reg[35]/CLR	-1.919	9.006	1
native_system/digital/reset_sync_reg[1]/C	native_system/digital/adc/frame_reg[37]/CLR	-1.919	9.006	1
native_system/digital/reset_sync_reg[1]/C	native_system/digital/bank/active_calibration_reg[73][3]/CLR	-1.919	9.006	1
native_system/digital/reset_sync_reg[1]/C	native_system/digital/bank/active_requested_reg[49][6]/CLR	-1.919	9.006	1
native_system/digital/reset_sync_reg[1]/C	native_system/digital/bank/active_requested_reg[50][5]/CLR	-1.919	9.006	1
native_system/digital/reset_sync_reg[1]/C	native_system/digital/bank/active_requested_reg[73][1]/CLR	-1.919	9.006	1
native_system/digital/reset_sync_reg[1]/C	native_system/digital/bank/shadow_calibration_reg[115][1]/CLR	-1.918	9.005	1
native_system/digital/reset_sync_reg[1]/C	native_system/digital/bank/shadow_calibration_reg[115][2]/CLR	-1.918	9.005	1
native_system/digital/reset_sync_reg[1]/C	native_system/digital/bank/shadow_requested_reg[115][0]/CLR	-1.918	9.005	1
native_system/digital/reset_sync_reg[1]/C	native_system/digital/bank/shadow_requested_reg[115][1]/CLR	-1.918	9.005	1
native_system/digital/reset_sync_reg[1]/C	native_system/digital/bank/shadow_requested_reg[115][2]/CLR	-1.918	9.005	1
native_system/digital/reset_sync_reg[1]/C	native_system/digital/bank/shadow_requested_reg[115][3]/CLR	-1.918	9.005	1
native_system/digital/reset_sync_reg[1]/C	native_system/digital/bank/shadow_requested_reg[115][7]/CLR	-1.918	9.005	1
native_system/digital/reset_sync_reg[1]/C	native_system/digital/bank/shadow_calibration_reg[16][0]/CLR	-1.918	9.005	1
native_system/digital/reset_sync_reg[1]/C	native_system/digital/bank/shadow_calibration_reg[16][1]/CLR	-1.918	9.005	1
native_system/digital/reset_sync_reg[1]/C	native_system/digital/adc/spi/received_reg[24]/CLR	-1.918	9.005	1
native_system/digital/reset_sync_reg[1]/C	native_system/digital/adc/spi/received_reg[25]/CLR	-1.918	9.005	1
native_system/digital/reset_sync_reg[1]/C	native_system/digital/bank/active_mask_reg[73]/CLR	-1.917	9.090	1
native_system/digital/reset_sync_reg[1]/C	native_system/digital/adc/spi/lane_reg[0][10]/CLR	-1.915	9.002	1
native_system/digital/reset_sync_reg[1]/C	native_system/digital/adc/spi/lane_reg[0][11]/CLR	-1.915	9.002	1
native_system/digital/reset_sync_reg[1]/C	native_system/digital/adc/spi/lane_reg[0][12]/CLR	-1.915	9.002	1
native_system/digital/reset_sync_reg[1]/C	native_system/digital/adc/spi/lane_reg[0][13]/CLR	-1.915	9.002	1
native_system/digital/reset_sync_reg[1]/C	native_system/digital/adc/spi/lane_reg[0][8]/CLR	-1.915	9.002	1
native_system/digital/reset_sync_reg[1]/C	native_system/digital/adc/spi/lane_reg[0][9]/CLR	-1.915	9.002	1
native_system/digital/reset_sync_reg[1]/C	native_system/digital/adc/spi/lane_reg[1][18]/CLR	-1.915	9.002	1
native_system/digital/reset_sync_reg[1]/C	native_system/digital/adc/spi/lane_reg[1][19]/CLR	-1.915	9.002	1
native_system/digital/reset_sync_reg[1]/C	native_system/digital/bank/shadow_requested_reg[49][6]/CLR	-1.914	9.001	1
native_system/digital/reset_sync_reg[1]/C	native_system/digital/bank/active_calibration_reg[16][1]/CLR	-1.913	9.000	1
native_system/digital/reset_sync_reg[1]/C	native_system/digital/bank/shadow_requested_reg[7][0]/CLR	-1.910	8.997	1
native_system/digital/reset_sync_reg[1]/C	native_system/digital/scheduler/burst_timestamp_reg[29]/CLR	-1.908	9.081	1
native_system/digital/reset_sync_reg[1]/C	native_system/digital/scheduler/burst_timestamp_reg[30]/CLR	-1.908	9.081	1
native_system/digital/reset_sync_reg[1]/C	native_system/digital/scheduler/burst_timestamp_reg[31]/CLR	-1.908	9.081	1
native_system/digital/reset_sync_reg[1]/C	native_system/digital/scheduler/burst_timestamp_reg[32]/CLR	-1.908	9.081	1
native_system/digital/reset_sync_reg[1]/C	native_system/digital/bank/active_calibration_reg[76][5]/CLR	-1.906	8.993	1
native_system/digital/reset_sync_reg[1]/C	native_system/digital/bank/active_requested_reg[76][0]/CLR	-1.906	8.993	1
native_system/digital/reset_sync_reg[1]/C	native_system/digital/bank/active_requested_reg[76][2]/CLR	-1.906	8.993	1
native_system/digital/reset_sync_reg[1]/C	native_system/digital/bank/active_requested_reg[7][0]/CLR	-1.906	8.993	1
native_system/digital/reset_sync_reg[1]/C	native_system/digital/bank/active_calibration_reg[71][6]/CLR	-1.905	9.078	1
native_system/digital/reset_sync_reg[1]/C	native_system/digital/bank/active_requested_reg[71][7]/CLR	-1.905	9.078	1
native_system/digital/reset_sync_reg[1]/C	native_system/digital/bank/shadow_calibration_reg[116][0]/CLR	-1.900	8.987	1
native_system/digital/reset_sync_reg[1]/C	native_system/digital/bank/shadow_mask_reg[73]/CLR	-1.896	9.069	1
native_system/digital/reset_sync_reg[1]/C	native_system/digital/bank/shadow_calibration_reg[52][2]/CLR	-1.896	8.983	1
native_system/digital/reset_sync_reg[1]/C	native_system/digital/bank/shadow_requested_reg[52][0]/CLR	-1.896	8.983	1
native_system/digital/cfg_reg[22][2]/C	native_system/digital/bank/shadow_requested_reg[99][2]/D	-1.892	9.323	0
native_system/digital/reset_sync_reg[1]/C	native_system/digital/bank/active_mask_reg[127]/CLR	-1.892	8.979	1
native_system/digital/reset_sync_reg[1]/C	native_system/digital/bank/active_mask_reg[4]/CLR	-1.892	8.979	1
native_system/digital/reset_sync_reg[1]/C	native_system/digital/time_now_reg[20]/CLR	-1.890	9.063	1
native_system/digital/reset_sync_reg[1]/C	native_system/digital/time_now_reg[21]/CLR	-1.890	9.063	1
native_system/digital/reset_sync_reg[1]/C	native_system/digital/time_now_reg[22]/CLR	-1.890	9.063	1
native_system/digital/reset_sync_reg[1]/C	native_system/digital/time_now_reg[23]/CLR	-1.890	9.063	1
native_system/digital/reset_sync_reg[1]/C	native_system/digital/bank/active_requested_reg[0][0]/CLR	-1.883	9.056	1
native_system/digital/reset_sync_reg[1]/C	native_system/digital/bank/active_requested_reg[0][1]/CLR	-1.883	9.056	1
native_system/digital/reset_sync_reg[1]/C	native_system/digital/bank/active_requested_reg[0][3]/CLR	-1.883	9.056	1
native_system/digital/reset_sync_reg[1]/C	native_system/digital/adc/spi/lane_reg[2][16]/CLR	-1.878	9.051	1
native_system/digital/reset_sync_reg[1]/C	native_system/digital/scheduler/first_timestamp_reg[27]/CLR	-1.874	9.047	1
native_system/digital/reset_sync_reg[1]/C	native_system/digital/scheduler/first_timestamp_reg[37]/CLR	-1.874	9.047	1
native_system/digital/reset_sync_reg[1]/C	native_system/digital/scheduler/first_timestamp_reg[5]/CLR	-1.874	9.047	1
native_system/digital/reset_sync_reg[1]/C	native_system/digital/adc/spi/lane_reg[1][23]/CLR	-1.866	8.997	1
native_system/digital/reset_sync_reg[1]/C	native_system/digital/bank/active_calibration_reg[28][6]/CLR	-1.849	8.936	1
native_system/digital/reset_sync_reg[1]/C	native_system/digital/bank/active_calibration_reg[28][7]/CLR	-1.849	8.936	1
native_system/digital/reset_sync_reg[1]/C	native_system/digital/bank/active_requested_reg[28][4]/CLR	-1.849	8.936	1
native_system/digital/reset_sync_reg[1]/C	native_system/digital/bank/active_requested_reg[28][5]/CLR	-1.849	8.936	1
native_system/digital/reset_sync_reg[1]/C	native_system/digital/scheduler/first_timestamp_reg[16]/CLR	-1.848	8.935	1
native_system/digital/reset_sync_reg[1]/C	native_system/digital/scheduler/first_timestamp_reg[24]/CLR	-1.848	8.935	1
native_system/digital/reset_sync_reg[1]/C	native_system/digital/scheduler/first_timestamp_reg[26]/CLR	-1.848	8.935	1
native_system/digital/reset_sync_reg[1]/C	native_system/digital/scheduler/first_timestamp_reg[28]/CLR	-1.848	8.935	1
native_system/digital/reset_sync_reg[1]/C	native_system/digital/bank/shadow_calibration_reg[18][4]/CLR	-1.841	8.928	1
native_system/digital/reset_sync_reg[1]/C	native_system/digital/bank/shadow_requested_reg[18][5]/CLR	-1.841	8.928	1
native_system/digital/reset_sync_reg[1]/C	native_system/digital/bank/shadow_requested_reg[127][3]/CLR	-1.837	9.010	1
native_system/digital/reset_sync_reg[1]/C	native_system/digital/bank/shadow_requested_reg[127][4]/CLR	-1.837	9.010	1
native_system/digital/reset_sync_reg[1]/C	native_system/digital/bank/shadow_calibration_reg[77][3]/CLR	-1.835	8.922	1
native_system/digital/reset_sync_reg[1]/C	native_system/digital/bank/shadow_requested_reg[77][2]/CLR	-1.835	8.922	1
native_system/digital/reset_sync_reg[1]/C	native_system/digital/adc/spi/received_reg[28]/CLR	-1.832	9.005	1
native_system/digital/reset_sync_reg[1]/C	native_system/digital/adc/spi/received_reg[35]/CLR	-1.832	9.005	1
native_system/digital/reset_sync_reg[1]/C	native_system/digital/adc/spi/received_reg[36]/CLR	-1.832	9.005	1
native_system/digital/reset_sync_reg[1]/C	native_system/digital/adc/spi/received_reg[37]/CLR	-1.832	9.005	1
native_system/digital/reset_sync_reg[1]/C	native_system/digital/bank/shadow_calibration_reg[49][3]/CLR	-1.828	8.915	1
native_system/digital/reset_sync_reg[1]/C	native_system/digital/bank/shadow_calibration_reg[49][5]/CLR	-1.828	8.915	1
native_system/digital/reset_sync_reg[1]/C	native_system/digital/bank/shadow_requested_reg[49][1]/CLR	-1.828	8.915	1
native_system/digital/reset_sync_reg[1]/C	native_system/digital/bank/shadow_requested_reg[49][2]/CLR	-1.828	8.915	1
native_system/digital/reset_sync_reg[1]/C	native_system/digital/bank/shadow_mask_reg[74]/CLR	-1.825	8.912	1
native_system/digital/reset_sync_reg[1]/C	native_system/digital/adc/spi/received_reg[45]/CLR	-1.825	8.912	1
native_system/digital/reset_sync_reg[1]/C	native_system/digital/adc/spi/received_reg[46]/CLR	-1.825	8.912	1
native_system/digital/reset_sync_reg[1]/C	native_system/digital/adc/spi/received_reg[67]/CLR	-1.825	8.912	1
native_system/digital/reset_sync_reg[1]/C	native_system/digital/adc/spi/received_reg[68]/CLR	-1.825	8.912	1
native_system/digital/reset_sync_reg[1]/C	native_system/digital/adc/spi/lane_reg[1][22]/CLR	-1.824	8.997	1
native_system/digital/reset_sync_reg[1]/C	native_system/digital/bank/shadow_mask_reg[15]/CLR	-1.821	8.908	1
native_system/digital/reset_sync_reg[1]/C	native_system/digital/bank/active_calibration_reg[52][0]/CLR	-1.820	8.907	1
native_system/digital/reset_sync_reg[1]/C	native_system/digital/bank/active_calibration_reg[52][1]/CLR	-1.820	8.907	1
native_system/digital/reset_sync_reg[1]/C	native_system/digital/bank/active_requested_reg[52][1]/CLR	-1.820	8.907	1
native_system/digital/reset_sync_reg[1]/C	native_system/digital/bank/active_requested_reg[52][4]/CLR	-1.820	8.907	1
native_system/digital/reset_sync_reg[1]/C	native_system/digital/adc/frame_reg[46]/CLR	-1.816	8.903	1
native_system/digital/reset_sync_reg[1]/C	native_system/digital/adc/frame_reg[48]/CLR	-1.816	8.903	1
native_system/digital/reset_sync_reg[1]/C	native_system/digital/adc/frame_reg[60]/CLR	-1.816	8.903	1
native_system/digital/reset_sync_reg[1]/C	native_system/digital/adc/frame_reg[68]/CLR	-1.816	8.903	1
native_system/digital/reset_sync_reg[1]/C	native_system/digital/bank/shadow_requested_reg[115][4]/CLR	-1.814	8.987	1
native_system/digital/reset_sync_reg[1]/C	native_system/digital/bank/active_calibration_reg[73][1]/CLR	-1.805	8.892	1
native_system/digital/reset_sync_reg[1]/C	native_system/digital/bank/active_calibration_reg[73][6]/CLR	-1.805	8.892	1
native_system/digital/reset_sync_reg[1]/C	native_system/digital/bank/active_requested_reg[73][0]/CLR	-1.805	8.892	1
native_system/digital/reset_sync_reg[1]/C	native_system/digital/bank/shadow_mask_reg[17]/CLR	-1.803	8.890	1
native_system/digital/reset_sync_reg[1]/C	native_system/digital/bank/shadow_requested_reg[17][2]/CLR	-1.803	8.890	1
native_system/digital/reset_sync_reg[1]/C	native_system/digital/bank/written_reg[127]/CLR	-1.802	8.889	1
native_system/digital/reset_sync_reg[1]/C	native_system/digital/bank/written_reg[1]/CLR	-1.802	8.889	1
native_system/digital/reset_sync_reg[1]/C	native_system/digital/bank/written_reg[3]/CLR	-1.802	8.889	1
native_system/digital/reset_sync_reg[1]/C	native_system/digital/serial/captured_reg[115]/CLR	-1.797	8.884	1
native_system/digital/reset_sync_reg[1]/C	native_system/digital/serial/captured_reg[71]/CLR	-1.797	8.884	1
native_system/digital/reset_sync_reg[1]/C	native_system/digital/bank/active_calibration_reg[71][4]/CLR	-1.793	8.880	1
native_system/digital/reset_sync_reg[1]/C	native_system/digital/bank/active_calibration_reg[71][7]/CLR	-1.793	8.880	1
native_system/digital/reset_sync_reg[1]/C	native_system/digital/bank/active_requested_reg[71][3]/CLR	-1.793	8.880	1
native_system/digital/reset_sync_reg[1]/C	native_system/digital/bank/active_requested_reg[71][5]/CLR	-1.793	8.880	1
native_system/digital/reset_sync_reg[1]/C	native_system/digital/bank/active_requested_reg[0][6]/CLR	-1.784	8.915	1
native_system/digital/reset_sync_reg[1]/C	native_system/digital/bank/active_requested_reg[0][7]/CLR	-1.784	8.915	1
native_system/digital/reset_sync_reg[1]/C	native_system/digital/bank/active_requested_reg[49][1]/CLR	-1.784	8.915	1
native_system/digital/reset_sync_reg[1]/C	native_system/digital/bank/active_requested_reg[49][2]/CLR	-1.784	8.915	1
native_system/digital/reset_sync_reg[1]/C	native_system/digital/bank/active_calibration_reg[13][7]/CLR	-1.783	8.870	1
native_system/digital/reset_sync_reg[1]/C	native_system/digital/bank/active_calibration_reg[1][1]/CLR	-1.783	8.870	1
native_system/digital/reset_sync_reg[1]/C	native_system/digital/bank/active_calibration_reg[1][7]/CLR	-1.783	8.870	1
native_system/digital/reset_sync_reg[1]/C	native_system/digital/bank/active_requested_reg[13][7]/CLR	-1.783	8.870	1
native_system/digital/reset_sync_reg[1]/C	native_system/digital/adc/spi/lane_reg[1][31]/CLR	-1.781	8.912	1
native_system/digital/reset_sync_reg[1]/C	native_system/digital/adc/spi/lane_reg[2][21]/CLR	-1.781	8.912	1
native_system/digital/reset_sync_reg[1]/C	native_system/digital/master_phase_reg[0]/CLR	-1.779	8.866	1
native_system/digital/reset_sync_reg[1]/C	native_system/digital/master_phase_reg[1]/CLR	-1.779	8.866	1
native_system/digital/reset_sync_reg[1]/C	native_system/digital/master_phase_reg[2]/CLR	-1.779	8.866	1
native_system/digital/reset_sync_reg[1]/C	native_system/digital/bank/shadow_calibration_reg[73][3]/CLR	-1.778	8.865	1
native_system/digital/reset_sync_reg[1]/C	native_system/digital/bank/shadow_requested_reg[73][1]/CLR	-1.778	8.865	1
native_system/digital/reset_sync_reg[1]/C	native_system/digital/bank/shadow_requested_reg[73][5]/CLR	-1.778	8.865	1
native_system/digital/reset_sync_reg[1]/C	native_system/digital/bank/shadow_requested_reg[50][7]/CLR	-1.774	8.861	1
native_system/digital/reset_sync_reg[1]/C	native_system/digital/adc/spi/lane_reg[2][19]/CLR	-1.772	8.903	1
native_system/digital/reset_sync_reg[1]/C	native_system/digital/adc/frame_reg[17]/CLR	-1.768	8.855	1
native_system/digital/reset_sync_reg[1]/C	native_system/digital/adc/frame_reg[19]/CLR	-1.768	8.855	1
native_system/digital/reset_sync_reg[1]/C	native_system/digital/adc/frame_reg[21]/CLR	-1.768	8.855	1
native_system/digital/reset_sync_reg[1]/C	native_system/digital/adc/frame_reg[23]/CLR	-1.768	8.855	1
native_system/digital/reset_sync_reg[1]/C	native_system/digital/adc/frame_reg[25]/CLR	-1.768	8.855	1
native_system/digital/reset_sync_reg[1]/C	native_system/digital/adc/frame_reg[32]/CLR	-1.768	8.855	1
native_system/digital/reset_sync_reg[1]/C	native_system/digital/adc/frame_reg[36]/CLR	-1.768	8.855	1
native_system/digital/reset_sync_reg[1]/C	native_system/digital/adc/frame_reg[7]/CLR	-1.768	8.855	1
native_system/digital/reset_sync_reg[1]/C	native_system/digital/adc/spi/lane_reg[0][0]/CLR	-1.767	8.854	1
native_system/digital/reset_sync_reg[1]/C	native_system/digital/adc/spi/lane_reg[0][1]/CLR	-1.767	8.854	1
native_system/digital/reset_sync_reg[1]/C	native_system/digital/adc/spi/lane_reg[0][2]/CLR	-1.764	8.851	1
native_system/digital/reset_sync_reg[1]/C	native_system/digital/adc/spi/lane_reg[0][3]/CLR	-1.764	8.851	1
native_system/digital/reset_sync_reg[1]/C	native_system/digital/adc/spi/lane_reg[0][4]/CLR	-1.764	8.851	1
native_system/digital/reset_sync_reg[1]/C	native_system/digital/adc/spi/lane_reg[0][5]/CLR	-1.764	8.851	1
native_system/digital/reset_sync_reg[1]/C	native_system/digital/adc/spi/lane_reg[0][6]/CLR	-1.764	8.851	1
native_system/digital/reset_sync_reg[1]/C	native_system/digital/adc/spi/lane_reg[0][7]/CLR	-1.764	8.851	1
native_system/digital/reset_sync_reg[1]/C	native_system/digital/scheduler/burst_timestamp_reg[25]/CLR	-1.762	8.935	1
native_system/digital/reset_sync_reg[1]/C	native_system/digital/scheduler/burst_timestamp_reg[26]/CLR	-1.762	8.935	1
native_system/digital/reset_sync_reg[1]/C	native_system/digital/scheduler/burst_timestamp_reg[27]/CLR	-1.762	8.935	1
native_system/digital/reset_sync_reg[1]/C	native_system/digital/scheduler/burst_timestamp_reg[28]/CLR	-1.762	8.935	1
native_system/digital/reset_sync_reg[1]/C	native_system/digital/bank/shadow_calibration_reg[10][6]/CLR	-1.761	8.848	1
native_system/digital/reset_sync_reg[1]/C	native_system/digital/bank/shadow_requested_reg[10][6]/CLR	-1.761	8.848	1
native_system/digital/reset_sync_reg[1]/C	native_system/digital/bank/shadow_calibration_reg[7][6]/CLR	-1.761	8.848	1
native_system/digital/reset_sync_reg[1]/C	native_system/digital/bank/shadow_mask_reg[38]/CLR	-1.749	8.836	1
native_system/digital/reset_sync_reg[1]/C	native_system/digital/scheduler/period_count_reg[31]/CLR	-1.745	8.876	1
native_system/digital/cfg_reg[10][0]/C	native_system/digital/scheduler/wait_count_reg[0]/CE	-1.745	9.032	14
native_system/digital/cfg_reg[10][0]/C	native_system/digital/scheduler/wait_count_reg[2]/CE	-1.745	9.032	14
native_system/digital/reset_sync_reg[1]/C	native_system/digital/bank/active_calibration_reg[0][0]/CLR	-1.742	8.915	1
native_system/digital/reset_sync_reg[1]/C	native_system/digital/bank/active_calibration_reg[0][1]/CLR	-1.742	8.915	1
native_system/digital/reset_sync_reg[1]/C	native_system/digital/bank/active_calibration_reg[0][5]/CLR	-1.742	8.915	1
native_system/digital/reset_sync_reg[1]/C	native_system/digital/bank/active_calibration_reg[0][6]/CLR	-1.742	8.915	1
native_system/digital/reset_sync_reg[1]/C	native_system/digital/adc/spi/lane_reg[1][30]/CLR	-1.739	8.912	1
native_system/digital/reset_sync_reg[1]/C	native_system/digital/adc/spi/lane_reg[2][20]/CLR	-1.739	8.912	1
native_system/digital/reset_sync_reg[1]/C	native_system/digital/adc/frame_reg[27]/CLR	-1.736	8.823	1
native_system/digital/reset_sync_reg[1]/C	native_system/digital/adc/frame_reg[38]/CLR	-1.736	8.823	1
native_system/digital/reset_sync_reg[1]/C	native_system/digital/adc/frame_reg[62]/CLR	-1.736	8.823	1
native_system/digital/reset_sync_reg[1]/C	native_system/digital/adc/frame_reg[70]/CLR	-1.736	8.823	1
native_system/digital/reset_sync_reg[1]/C	native_system/digital/bank/shadow_requested_reg[53][1]/CLR	-1.734	8.907	1
native_system/digital/reset_sync_reg[1]/C	native_system/digital/bank/shadow_calibration_reg[76][0]/CLR	-1.733	8.820	1
native_system/digital/reset_sync_reg[1]/C	native_system/digital/bank/shadow_calibration_reg[76][1]/CLR	-1.733	8.820	1
native_system/digital/reset_sync_reg[1]/C	native_system/digital/bank/shadow_calibration_reg[76][2]/CLR	-1.733	8.820	1
native_system/digital/reset_sync_reg[1]/C	native_system/digital/bank/shadow_requested_reg[76][3]/CLR	-1.733	8.820	1
native_system/digital/reset_sync_reg[1]/C	native_system/digital/adc/spi/received_reg[70]/CLR	-1.732	8.819	1
native_system/digital/reset_sync_reg[1]/C	native_system/digital/adc/spi/lane_reg[2][18]/CLR	-1.730	8.903	1
native_system/digital/reset_sync_reg[1]/C	native_system/digital/bank/active_calibration_reg[3][1]/CLR	-1.729	8.816	1
native_system/digital/reset_sync_reg[1]/C	native_system/digital/bank/active_mask_reg[2]/CLR	-1.729	8.816	1
native_system/digital/reset_sync_reg[1]/C	native_system/digital/bank/active_requested_reg[3][3]/CLR	-1.729	8.816	1
native_system/digital/cfg_reg[22][13]/C	native_system/digital/bank/shadow_calibration_reg[88][5]/D	-1.725	9.159	0
native_system/digital/reset_sync_reg[1]/C	native_system/digital/adc/spi/received_reg[20]/CLR	-1.723	8.854	1
native_system/digital/reset_sync_reg[1]/C	native_system/digital/adc/spi/received_reg[23]/CLR	-1.723	8.854	1
native_system/digital/reset_sync_reg[1]/C	native_system/digital/bank/shadow_calibration_reg[73][1]/CLR	-1.719	8.892	1
native_system/digital/reset_sync_reg[1]/C	native_system/digital/bank/shadow_calibration_reg[73][6]/CLR	-1.719	8.892	1
native_system/digital/reset_sync_reg[1]/C	native_system/digital/bank/shadow_requested_reg[73][0]/CLR	-1.719	8.892	1
native_system/digital/reset_sync_reg[1]/C	native_system/digital/bank/shadow_mask_reg[10]/CLR	-1.717	8.890	1
native_system/digital/reset_sync_reg[1]/C	native_system/digital/bank/shadow_calibration_reg[9][0]/CLR	-1.717	8.804	1
native_system/digital/reset_sync_reg[1]/C	native_system/digital/bank/shadow_calibration_reg[9][1]/CLR	-1.717	8.804	1
native_system/digital/reset_sync_reg[1]/C	native_system/digital/bank/shadow_requested_reg[9][0]/CLR	-1.717	8.804	1
native_system/digital/reset_sync_reg[1]/C	native_system/digital/bank/shadow_requested_reg[9][1]/CLR	-1.717	8.804	1
native_system/digital/reset_sync_reg[1]/C	native_system/digital/bank/shadow_requested_reg[9][2]/CLR	-1.717	8.804	1
native_system/digital/reset_sync_reg[1]/C	native_system/digital/bank/shadow_requested_reg[9][3]/CLR	-1.717	8.804	1
native_system/digital/reset_sync_reg[1]/C	native_system/digital/bank/shadow_mask_reg[0]/CLR	-1.716	8.889	1
native_system/digital/reset_sync_reg[1]/C	native_system/digital/bank/written_reg[15]/CLR	-1.712	8.799	1
native_system/digital/reset_sync_reg[1]/C	native_system/digital/bank/written_reg[16]/CLR	-1.712	8.799	1
native_system/digital/reset_sync_reg[1]/C	native_system/digital/bank/written_reg[18]/CLR	-1.712	8.799	1
native_system/digital/cfg_reg[22][13]/C	native_system/digital/bank/shadow_calibration_reg[103][5]/D	-1.707	9.183	0
native_system/digital/reset_sync_reg[1]/C	native_system/digital/scheduler/period_count_reg[30]/CLR	-1.703	8.876	1
native_system/digital/reset_sync_reg[1]/C	native_system/digital/bank/shadow_calibration_reg[0][0]/CLR	-1.698	8.785	1
native_system/digital/reset_sync_reg[1]/C	native_system/digital/bank/shadow_calibration_reg[0][1]/CLR	-1.698	8.785	1
native_system/digital/reset_sync_reg[1]/C	native_system/digital/bank/shadow_requested_reg[0][6]/CLR	-1.698	8.785	1
native_system/digital/cfg_reg[10][0]/C	native_system/digital/scheduler/wait_count_reg[21]/CE	-1.693	9.016	14
native_system/digital/cfg_reg[10][0]/C	native_system/digital/scheduler/wait_count_reg[23]/CE	-1.693	9.016	14
native_system/digital/cfg_reg[10][0]/C	native_system/digital/scheduler/wait_count_reg[26]/CE	-1.693	9.016	14
native_system/digital/cfg_reg[10][0]/C	native_system/digital/scheduler/issued_reg[22]/CE	-1.691	8.978	14
native_system/digital/cfg_reg[10][0]/C	native_system/digital/scheduler/issued_reg[23]/CE	-1.691	8.978	14
native_system/digital/cfg_reg[10][0]/C	native_system/digital/scheduler/issued_reg[24]/CE	-1.691	8.978	14
native_system/digital/cfg_reg[10][0]/C	native_system/digital/scheduler/issued_reg[25]/CE	-1.691	8.978	14
native_system/digital/cfg_reg[10][0]/C	native_system/digital/scheduler/issued_reg[26]/CE	-1.691	8.978	14
native_system/digital/cfg_reg[10][0]/C	native_system/digital/scheduler/issued_reg[27]/CE	-1.691	8.978	14
native_system/digital/cfg_reg[10][0]/C	native_system/digital/scheduler/issued_reg[28]/CE	-1.691	8.978	14
native_system/digital/cfg_reg[10][0]/C	native_system/digital/scheduler/issued_reg[29]/CE	-1.691	8.978	14
native_system/digital/reset_sync_reg[1]/C	native_system/digital/bank/active_requested_reg[127][4]/CLR	-1.688	8.861	1
native_system/digital/cfg_reg[10][0]/C	native_system/digital/scheduler/wait_count_reg[10]/CE	-1.687	8.974	14
native_system/digital/cfg_reg[10][0]/C	native_system/digital/scheduler/wait_count_reg[11]/CE	-1.687	8.974	14
native_system/digital/cfg_reg[10][0]/C	native_system/digital/scheduler/wait_count_reg[12]/CE	-1.687	8.974	14
native_system/digital/reset_sync_reg[1]/C	native_system/digital/scheduler/total_reg[31]/CLR	-1.686	8.773	1
native_system/digital/reset_sync_reg[1]/C	native_system/digital/adc/spi/received_reg[0]/CLR	-1.686	8.773	1
native_system/digital/reset_sync_reg[1]/C	native_system/digital/bank/shadow_mask_reg[72]/CLR	-1.684	8.771	1
native_system/digital/reset_sync_reg[1]/C	native_system/digital/adc/frame_timestamp_reg[16]/CLR	-1.682	8.769	1
native_system/digital/reset_sync_reg[1]/C	native_system/digital/adc/frame_timestamp_reg[26]/CLR	-1.682	8.769	1
native_system/digital/reset_sync_reg[1]/C	native_system/digital/adc/frame_timestamp_reg[27]/CLR	-1.682	8.769	1
native_system/digital/reset_sync_reg[1]/C	native_system/digital/adc/frame_timestamp_reg[28]/CLR	-1.682	8.769	1
native_system/digital/reset_sync_reg[1]/C	native_system/digital/adc/frame_timestamp_reg[37]/CLR	-1.682	8.769	1
native_system/digital/reset_sync_reg[1]/C	native_system/digital/adc/frame_timestamp_reg[39]/CLR	-1.682	8.769	1
native_system/digital/reset_sync_reg[1]/C	native_system/digital/adc/frame_timestamp_reg[4]/CLR	-1.682	8.769	1
native_system/digital/reset_sync_reg[1]/C	native_system/digital/adc/spi/received_reg[16]/CLR	-1.681	8.854	1
native_system/digital/reset_sync_reg[1]/C	native_system/digital/adc/spi/received_reg[17]/CLR	-1.681	8.854	1
native_system/digital/reset_sync_reg[1]/C	native_system/digital/adc/spi/received_reg[18]/CLR	-1.681	8.854	1
native_system/digital/reset_sync_reg[1]/C	native_system/digital/adc/spi/received_reg[19]/CLR	-1.681	8.854	1
native_system/digital/cfg_reg[10][0]/C	native_system/digital/scheduler/wait_count_reg[29]/CE	-1.676	8.999	14
native_system/digital/cfg_reg[10][0]/C	native_system/digital/scheduler/wait_count_reg[30]/CE	-1.676	8.999	14
native_system/digital/reset_sync_reg[1]/C	native_system/digital/bank/active_calibration_reg[52][4]/CLR	-1.675	8.848	1
native_system/digital/reset_sync_reg[1]/C	native_system/digital/bank/active_mask_reg[0]/CLR	-1.675	8.848	1
native_system/digital/reset_sync_reg[1]/C	native_system/digital/bank/active_mask_reg[13]/CLR	-1.675	8.848	1
native_system/digital/reset_sync_reg[1]/C	native_system/digital/bank/active_mask_reg[3]/CLR	-1.675	8.848	1
native_system/digital/reset_sync_reg[1]/C	native_system/digital/bank/shadow_requested_reg[50][4]/CLR	-1.667	8.754	1
native_system/digital/reset_sync_reg[1]/C	native_system/digital/bank/shadow_requested_reg[50][6]/CLR	-1.667	8.754	1
native_system/digital/cfg_reg[22][13]/C	native_system/digital/bank/shadow_calibration_reg[99][5]/D	-1.663	9.112	0
native_system/digital/reset_sync_reg[1]/C	native_system/digital/bank/active_calibration_reg[116][0]/CLR	-1.663	8.836	1
native_system/digital/reset_sync_reg[1]/C	native_system/digital/bank/active_calibration_reg[28][4]/CLR	-1.663	8.836	1
native_system/digital/reset_sync_reg[1]/C	native_system/digital/bank/active_mask_reg[38]/CLR	-1.663	8.836	1
native_system/digital/reset_sync_reg[1]/C	native_system/digital/bank/active_requested_reg[115][4]/CLR	-1.663	8.836	1
native_system/digital/reset_sync_reg[1]/C	native_system/digital/bank/active_requested_reg[9][6]/CLR	-1.663	8.750	1
native_system/digital/reset_sync_reg[1]/C	native_system/digital/scheduler/period_count_reg[19]/CLR	-1.649	8.780	1
native_system/digital/cfg_reg[10][0]/C	native_system/digital/scheduler/wait_count_reg[14]/CE	-1.645	8.968	14
native_system/digital/cfg_reg[10][0]/C	native_system/digital/scheduler/wait_count_reg[16]/CE	-1.645	8.968	14
native_system/digital/cfg_reg[10][0]/C	native_system/digital/scheduler/wait_count_reg[17]/CE	-1.645	8.968	14
native_system/digital/cfg_reg[10][0]/C	native_system/digital/scheduler/wait_count_reg[22]/CE	-1.645	8.968	14
native_system/digital/reset_sync_reg[1]/C	native_system/digital/bank/written_reg[35]/CLR	-1.642	8.729	1
native_system/digital/reset_sync_reg[1]/C	native_system/digital/bank/written_reg[36]/CLR	-1.642	8.729	1
native_system/digital/reset_sync_reg[1]/C	native_system/digital/bank/written_reg[38]/CLR	-1.642	8.729	1
native_system/digital/reset_sync_reg[1]/C	native_system/digital/adc/frame_reg[6]/CLR	-1.642	8.773	1
native_system/digital/reset_sync_reg[1]/C	native_system/digital/bank/shadow_calibration_reg[71][4]/CLR	-1.638	8.725	1
native_system/digital/reset_sync_reg[1]/C	native_system/digital/bank/shadow_calibration_reg[71][6]/CLR	-1.638	8.725	1
native_system/digital/reset_sync_reg[1]/C	native_system/digital/bank/shadow_calibration_reg[71][7]/CLR	-1.638	8.725	1
native_system/digital/reset_sync_reg[1]/C	native_system/digital/bank/shadow_requested_reg[71][3]/CLR	-1.638	8.725	1
native_system/digital/reset_sync_reg[1]/C	native_system/digital/bank/shadow_requested_reg[71][5]/CLR	-1.638	8.725	1
native_system/digital/reset_sync_reg[1]/C	native_system/digital/bank/shadow_requested_reg[71][6]/CLR	-1.638	8.725	1
native_system/digital/reset_sync_reg[1]/C	native_system/digital/bank/shadow_requested_reg[71][7]/CLR	-1.638	8.725	1
native_system/digital/reset_sync_reg[1]/C	native_system/digital/adc/spi/lane_reg[1][14]/CLR	-1.628	8.715	1
native_system/digital/reset_sync_reg[1]/C	native_system/digital/adc/spi/lane_reg[1][15]/CLR	-1.628	8.715	1
native_system/digital/reset_sync_reg[1]/C	native_system/digital/adc/spi/lane_reg[1][16]/CLR	-1.628	8.715	1
native_system/digital/reset_sync_reg[1]/C	native_system/digital/adc/spi/lane_reg[1][17]/CLR	-1.628	8.715	1
native_system/digital/reset_sync_reg[1]/C	native_system/digital/bank/shadow_calibration_reg[49][6]/CLR	-1.626	8.799	1
native_system/digital/reset_sync_reg[1]/C	native_system/digital/bank/shadow_requested_reg[49][5]/CLR	-1.626	8.799	1
native_system/digital/reset_sync_reg[1]/C	native_system/digital/bank/shadow_requested_reg[49][7]/CLR	-1.626	8.799	1
native_system/digital/reset_sync_reg[1]/C	native_system/digital/adc/spi/received_reg[21]/CLR	-1.624	8.711	1
native_system/digital/reset_sync_reg[1]/C	native_system/digital/adc/spi/received_reg[22]/CLR	-1.624	8.711	1
native_system/digital/reset_sync_reg[1]/C	native_system/digital/adc/spi/received_reg[27]/CLR	-1.624	8.711	1
native_system/digital/reset_sync_reg[1]/C	native_system/digital/adc/spi/received_reg[32]/CLR	-1.624	8.711	1
native_system/digital/reset_sync_reg[1]/C	native_system/digital/adc/spi/received_reg[38]/CLR	-1.624	8.711	1
native_system/digital/reset_sync_reg[1]/C	native_system/digital/adc/spi/received_reg[62]/CLR	-1.624	8.711	1
native_system/digital/reset_sync_reg[1]/C	native_system/digital/adc/spi/received_reg[7]/CLR	-1.624	8.711	1
native_system/digital/reset_sync_reg[1]/C	native_system/digital/bank/active_calibration_reg[1][2]/CLR	-1.619	8.706	1
native_system/digital/reset_sync_reg[1]/C	native_system/digital/bank/active_calibration_reg[5][0]/CLR	-1.619	8.706	1
native_system/digital/reset_sync_reg[1]/C	native_system/digital/bank/active_calibration_reg[5][1]/CLR	-1.619	8.706	1
native_system/digital/reset_sync_reg[1]/C	native_system/digital/bank/active_requested_reg[5][2]/CLR	-1.619	8.706	1
native_system/digital/reset_sync_reg[1]/C	native_system/digital/bank/shadow_requested_reg[10][7]/CLR	-1.617	8.704	1
native_system/digital/reset_sync_reg[1]/C	native_system/digital/adc/spi/received_reg[69]/CLR	-1.616	8.703	1
native_system/digital/reset_sync_reg[1]/C	native_system/digital/bank/shadow_calibration_reg[5][0]/CLR	-1.615	8.702	1
native_system/digital/reset_sync_reg[1]/C	native_system/digital/bank/shadow_calibration_reg[5][1]/CLR	-1.615	8.702	1
native_system/digital/reset_sync_reg[1]/C	native_system/digital/bank/shadow_requested_reg[5][2]/CLR	-1.615	8.702	1
native_system/digital/reset_sync_reg[1]/C	native_system/digital/bank/shadow_calibration_reg[73][0]/CLR	-1.613	8.700	1
native_system/digital/reset_sync_reg[1]/C	native_system/digital/bank/shadow_calibration_reg[73][5]/CLR	-1.613	8.700	1
native_system/digital/reset_sync_reg[1]/C	native_system/digital/bank/shadow_requested_reg[73][2]/CLR	-1.613	8.700	1
native_system/digital/reset_sync_reg[1]/C	native_system/digital/bank/shadow_requested_reg[73][3]/CLR	-1.613	8.700	1
native_system/digital/reset_sync_reg[1]/C	native_system/digital/adc/spi/lane_reg[1][24]/CLR	-1.612	8.699	1
native_system/digital/reset_sync_reg[1]/C	native_system/digital/adc/spi/lane_reg[1][25]/CLR	-1.612	8.699	1
native_system/digital/reset_sync_reg[1]/C	native_system/digital/adc/spi/lane_reg[1][26]/CLR	-1.612	8.699	1
native_system/digital/reset_sync_reg[1]/C	native_system/digital/adc/spi/lane_reg[1][27]/CLR	-1.612	8.699	1
native_system/digital/reset_sync_reg[1]/C	native_system/digital/bank/active_calibration_reg[3][0]/CLR	-1.610	8.697	1
native_system/digital/reset_sync_reg[1]/C	native_system/digital/bank/active_calibration_reg[3][2]/CLR	-1.610	8.697	1
native_system/digital/reset_sync_reg[1]/C	native_system/digital/bank/active_calibration_reg[3][3]/CLR	-1.610	8.697	1
native_system/digital/reset_sync_reg[1]/C	native_system/digital/bank/active_mask_reg[5]/CLR	-1.610	8.697	1
native_system/digital/reset_sync_reg[1]/C	native_system/digital/bank/active_requested_reg[3][1]/CLR	-1.610	8.697	1
native_system/digital/reset_sync_reg[1]/C	native_system/digital/bank/active_requested_reg[3][2]/CLR	-1.610	8.697	1
native_system/digital/reset_sync_reg[1]/C	native_system/digital/bank/active_requested_reg[3][7]/CLR	-1.610	8.697	1
native_system/digital/reset_sync_reg[1]/C	native_system/digital/bank/active_requested_reg[4][5]/CLR	-1.610	8.697	1
native_system/digital/reset_sync_reg[1]/C	native_system/digital/adc/spi/lane_reg[1][3]/CLR	-1.608	8.739	1
native_system/digital/reset_sync_reg[1]/C	native_system/digital/serial/captured_reg[33]/CLR	-1.607	8.780	1
native_system/digital/reset_sync_reg[1]/C	native_system/digital/serial/captured_reg[37]/CLR	-1.607	8.780	1
native_system/digital/reset_sync_reg[1]/C	native_system/digital/serial/captured_reg[38]/CLR	-1.607	8.780	1
native_system/digital/reset_sync_reg[1]/C	native_system/digital/scheduler/period_count_reg[18]/CLR	-1.607	8.780	1
native_system/digital/reset_sync_reg[1]/C	native_system/digital/bank/shadow_calibration_reg[3][0]/CLR	-1.605	8.692	1
native_system/digital/reset_sync_reg[1]/C	native_system/digital/bank/shadow_calibration_reg[3][2]/CLR	-1.605	8.692	1
native_system/digital/reset_sync_reg[1]/C	native_system/digital/bank/shadow_calibration_reg[3][3]/CLR	-1.605	8.692	1
native_system/digital/reset_sync_reg[1]/C	native_system/digital/bank/shadow_requested_reg[3][1]/CLR	-1.605	8.692	1
native_system/digital/reset_sync_reg[1]/C	native_system/digital/bank/shadow_requested_reg[3][2]/CLR	-1.605	8.692	1
native_system/digital/reset_sync_reg[1]/C	native_system/digital/bank/shadow_requested_reg[3][7]/CLR	-1.605	8.692	1
native_system/digital/cfg_reg[10][0]/C	native_system/digital/scheduler/wait_count_reg[5]/CE	-1.605	8.892	14
native_system/digital/cfg_reg[10][0]/C	native_system/digital/scheduler/wait_count_reg[6]/CE	-1.605	8.892	14
native_system/digital/reset_sync_reg[1]/C	native_system/digital/adc/frame_reg[2]/CLR	-1.600	8.773	1
native_system/digital/reset_sync_reg[1]/C	native_system/digital/adc/frame_reg[3]/CLR	-1.600	8.773	1
native_system/digital/reset_sync_reg[1]/C	native_system/digital/adc/frame_reg[4]/CLR	-1.600	8.773	1
native_system/digital/reset_sync_reg[1]/C	native_system/digital/adc/frame_reg[5]/CLR	-1.600	8.773	1
native_system/digital/reset_sync_reg[1]/C	native_system/digital/adc/frame_reg[39]/CLR	-1.598	8.685	1
native_system/digital/reset_sync_reg[1]/C	native_system/digital/adc/frame_reg[40]/CLR	-1.598	8.685	1
native_system/digital/reset_sync_reg[1]/C	native_system/digital/adc/frame_reg[42]/CLR	-1.598	8.685	1
native_system/digital/reset_sync_reg[1]/C	native_system/digital/adc/frame_reg[44]/CLR	-1.598	8.685	1
native_system/digital/reset_sync_reg[1]/C	native_system/digital/adc/frame_reg[53]/CLR	-1.598	8.685	1
native_system/digital/reset_sync_reg[1]/C	native_system/digital/adc/frame_reg[57]/CLR	-1.598	8.685	1
native_system/digital/reset_sync_reg[1]/C	native_system/digital/adc/frame_reg[58]/CLR	-1.598	8.685	1
native_system/digital/reset_sync_reg[1]/C	native_system/digital/adc/frame_reg[69]/CLR	-1.598	8.685	1
native_system/digital/reset_sync_reg[1]/C	native_system/digital/bank/shadow_calibration_reg[54][7]/CLR	-1.598	8.771	1
native_system/digital/reset_sync_reg[1]/C	native_system/digital/bank/shadow_requested_reg[54][5]/CLR	-1.598	8.771	1
native_system/digital/reset_sync_reg[1]/C	native_system/digital/scheduler/burst_timestamp_reg[21]/CLR	-1.596	8.769	1
native_system/digital/reset_sync_reg[1]/C	native_system/digital/scheduler/burst_timestamp_reg[22]/CLR	-1.596	8.769	1
native_system/digital/reset_sync_reg[1]/C	native_system/digital/scheduler/burst_timestamp_reg[23]/CLR	-1.596	8.769	1
native_system/digital/reset_sync_reg[1]/C	native_system/digital/scheduler/burst_timestamp_reg[24]/CLR	-1.596	8.769	1
native_system/digital/reset_sync_reg[1]/C	native_system/digital/bank/active_requested_reg[5][1]/CLR	-1.596	8.683	1
native_system/digital/reset_sync_reg[1]/C	native_system/digital/adc/spi/received_reg[39]/CLR	-1.594	8.681	1
native_system/digital/reset_sync_reg[1]/C	native_system/digital/adc/spi/received_reg[40]/CLR	-1.594	8.681	1
native_system/digital/reset_sync_reg[1]/C	native_system/digital/adc/spi/received_reg[42]/CLR	-1.594	8.681	1
native_system/digital/reset_sync_reg[1]/C	native_system/digital/adc/spi/received_reg[53]/CLR	-1.594	8.681	1
native_system/digital/reset_sync_reg[1]/C	native_system/digital/adc/spi/received_reg[57]/CLR	-1.594	8.681	1
native_system/digital/cfg_reg[22][10]/C	native_system/digital/bank/shadow_calibration_reg[10][2]/D	-1.593	9.018	0
native_system/digital/cfg_reg[22][10]/C	native_system/digital/bank/shadow_calibration_reg[127][2]/D	-1.573	9.022	0
native_system/digital/cfg_reg[22][0]/C	native_system/digital/bank/shadow_requested_reg[105][0]/D	-1.571	9.005	0
native_system/digital/reset_sync_reg[1]/C	native_system/digital/bank/shadow_calibration_reg[5][5]/CLR	-1.570	8.743	1
native_system/digital/reset_sync_reg[1]/C	native_system/digital/bank/shadow_requested_reg[5][7]/CLR	-1.570	8.743	1
native_system/digital/reset_sync_reg[1]/C	native_system/digital/adc/spi/lane_reg[1][2]/CLR	-1.566	8.739	1
native_system/digital/cfg_reg[10][0]/C	native_system/digital/scheduler/issued_reg[30]/CE	-1.565	8.852	14
native_system/digital/cfg_reg[10][0]/C	native_system/digital/scheduler/issued_reg[31]/CE	-1.565	8.852	14
native_system/digital/reset_sync_reg[1]/C	native_system/digital/adc/count_reg[18]/CLR	-1.565	8.652	1
native_system/digital/reset_sync_reg[1]/C	native_system/digital/adc/count_reg[20]/CLR	-1.565	8.652	1
native_system/digital/cfg_reg[22][10]/C	native_system/digital/bank/shadow_calibration_reg[50][2]/D	-1.561	9.010	0
native_system/digital/cfg_reg[22][6]/C	native_system/digital/bank/shadow_requested_reg[117][6]/D	-1.554	8.965	0
native_system/digital/cfg_reg[10][0]/C	native_system/digital/scheduler/wait_count_reg[18]/CE	-1.553	8.876	14
native_system/digital/cfg_reg[10][0]/C	native_system/digital/scheduler/wait_count_reg[19]/CE	-1.553	8.876	14
native_system/digital/cfg_reg[10][0]/C	native_system/digital/scheduler/wait_count_reg[20]/CE	-1.553	8.876	14
native_system/digital/cfg_reg[10][0]/C	native_system/digital/scheduler/wait_count_reg[24]/CE	-1.553	8.876	14
native_system/digital/cfg_reg[10][0]/C	native_system/digital/scheduler/issued_reg[12]/CE	-1.549	8.836	14
native_system/digital/cfg_reg[10][0]/C	native_system/digital/scheduler/issued_reg[13]/CE	-1.549	8.836	14
native_system/digital/cfg_reg[10][0]/C	native_system/digital/scheduler/issued_reg[2]/CE	-1.549	8.836	14
native_system/digital/cfg_reg[10][0]/C	native_system/digital/scheduler/issued_reg[3]/CE	-1.549	8.836	14
native_system/digital/cfg_reg[10][0]/C	native_system/digital/scheduler/issued_reg[4]/CE	-1.549	8.836	14
native_system/digital/cfg_reg[10][0]/C	native_system/digital/scheduler/issued_reg[5]/CE	-1.549	8.836	14
native_system/digital/cfg_reg[10][0]/C	native_system/digital/scheduler/issued_reg[6]/CE	-1.549	8.836	14
native_system/digital/cfg_reg[10][0]/C	native_system/digital/scheduler/issued_reg[7]/CE	-1.549	8.836	14
native_system/digital/reset_sync_reg[1]/C	native_system/digital/adc/spi/received_reg[2]/CLR	-1.547	8.634	1
native_system/digital/cfg_reg[10][0]/C	native_system/digital/scheduler/wait_count_reg[25]/CE	-1.545	8.868	14
native_system/digital/cfg_reg[10][0]/C	native_system/digital/scheduler/wait_count_reg[27]/CE	-1.545	8.868	14
native_system/digital/cfg_reg[10][0]/C	native_system/digital/scheduler/wait_count_reg[28]/CE	-1.545	8.868	14
native_system/digital/cfg_reg[10][0]/C	native_system/digital/scheduler/wait_count_reg[31]/CE	-1.545	8.868	14
native_system/digital/reset_sync_reg[1]/C	native_system/digital/adc/spi/lane_reg[0][16]/CLR	-1.545	8.632	1
native_system/digital/reset_sync_reg[1]/C	native_system/digital/adc/spi/lane_reg[0][17]/CLR	-1.545	8.632	1
native_system/digital/reset_sync_reg[1]/C	native_system/digital/bank/active_requested_reg[28][0]/CLR	-1.544	8.675	1
native_system/digital/reset_sync_reg[1]/C	native_system/digital/bank/active_requested_reg[28][1]/CLR	-1.544	8.675	1
native_system/digital/reset_sync_reg[1]/C	native_system/digital/bank/active_requested_reg[28][7]/CLR	-1.544	8.675	1
native_system/digital/cfg_reg[10][0]/C	native_system/digital/scheduler/wait_count_reg[1]/CE	-1.544	8.867	14
native_system/digital/cfg_reg[10][0]/C	native_system/digital/scheduler/wait_count_reg[3]/CE	-1.544	8.867	14
native_system/digital/cfg_reg[10][0]/C	native_system/digital/scheduler/wait_count_reg[4]/CE	-1.544	8.867	14
native_system/digital/cfg_reg[10][0]/C	native_system/digital/scheduler/wait_count_reg[7]/CE	-1.544	8.867	14
native_system/digital/reset_sync_reg[1]/C	native_system/digital/bank/shadow_calibration_reg[26][4]/CLR	-1.542	8.629	1
native_system/digital/reset_sync_reg[1]/C	native_system/digital/bank/shadow_calibration_reg[26][7]/CLR	-1.542	8.629	1
native_system/digital/reset_sync_reg[1]/C	native_system/digital/bank/shadow_requested_reg[26][3]/CLR	-1.542	8.629	1
native_system/digital/reset_sync_reg[1]/C	native_system/digital/bank/shadow_requested_reg[26][4]/CLR	-1.542	8.629	1
native_system/digital/reset_sync_reg[1]/C	native_system/digital/bank/shadow_requested_reg[49][4]/CLR	-1.542	8.629	1
native_system/digital/reset_sync_reg[1]/C	native_system/digital/bank/shadow_calibration_reg[78][1]/CLR	-1.541	8.628	1
native_system/digital/reset_sync_reg[1]/C	native_system/digital/bank/shadow_requested_reg[78][0]/CLR	-1.541	8.628	1
native_system/digital/reset_sync_reg[1]/C	native_system/digital/bank/shadow_requested_reg[78][2]/CLR	-1.541	8.628	1
native_system/digital/reset_sync_reg[1]/C	native_system/digital/bank/shadow_requested_reg[78][6]/CLR	-1.541	8.628	1
native_system/digital/reset_sync_reg[1]/C	native_system/digital/bank/shadow_calibration_reg[26][3]/CLR	-1.541	8.628	1
native_system/digital/reset_sync_reg[1]/C	native_system/digital/bank/shadow_calibration_reg[26][5]/CLR	-1.541	8.628	1
native_system/digital/reset_sync_reg[1]/C	native_system/digital/bank/shadow_calibration_reg[26][6]/CLR	-1.541	8.628	1
native_system/digital/reset_sync_reg[1]/C	native_system/digital/bank/shadow_mask_reg[26]/CLR	-1.541	8.628	1
native_system/digital/reset_sync_reg[1]/C	native_system/digital/bank/shadow_requested_reg[26][0]/CLR	-1.541	8.628	1
native_system/digital/reset_sync_reg[1]/C	native_system/digital/bank/shadow_requested_reg[26][2]/CLR	-1.541	8.628	1
native_system/digital/reset_sync_reg[1]/C	native_system/digital/bank/shadow_requested_reg[26][6]/CLR	-1.541	8.628	1
native_system/digital/reset_sync_reg[1]/C	native_system/digital/bank/shadow_requested_reg[26][7]/CLR	-1.541	8.628	1
native_system/digital/reset_sync_reg[1]/C	native_system/digital/bank/shadow_requested_reg[52][7]/CLR	-1.537	8.624	1
native_system/digital/reset_sync_reg[1]/C	native_system/digital/scheduler/total_reg[12]/CLR	-1.536	8.623	1
native_system/digital/reset_sync_reg[1]/C	native_system/digital/scheduler/total_reg[13]/CLR	-1.536	8.623	1
native_system/digital/reset_sync_reg[1]/C	native_system/digital/scheduler/total_reg[14]/CLR	-1.536	8.623	1
native_system/digital/reset_sync_reg[1]/C	native_system/digital/scheduler/total_reg[15]/CLR	-1.536	8.623	1
native_system/digital/reset_sync_reg[1]/C	native_system/digital/bank/shadow_calibration_reg[1][0]/CLR	-1.531	8.704	1
native_system/digital/reset_sync_reg[1]/C	native_system/digital/bank/shadow_requested_reg[1][0]/CLR	-1.531	8.704	1
native_system/queue/rd_reg[1]_rep__18/C	native_system/queue/active_reg[644]/D	-1.530	9.051	1
native_system/digital/reset_sync_reg[1]/C	native_system/digital/bank/active_calibration_reg[73][2]/CLR	-1.529	8.616	1
native_system/digital/reset_sync_reg[1]/C	native_system/digital/bank/active_calibration_reg[73][7]/CLR	-1.529	8.616	1
native_system/digital/reset_sync_reg[1]/C	native_system/digital/bank/active_mask_reg[10]/CLR	-1.529	8.616	1
native_system/digital/reset_sync_reg[1]/C	native_system/digital/bank/active_requested_reg[73][4]/CLR	-1.529	8.616	1
native_system/digital/reset_sync_reg[1]/C	native_system/digital/bank/active_requested_reg[73][6]/CLR	-1.529	8.616	1
native_system/digital/reset_sync_reg[1]/C	native_system/digital/bank/active_requested_reg[73][7]/CLR	-1.529	8.616	1
native_system/digital/reset_sync_reg[1]/C	native_system/digital/bank/active_requested_reg[9][2]/CLR	-1.529	8.616	1
native_system/digital/cfg_reg[22][7]/C	native_system/digital/bank/shadow_requested_reg[89][7]/D	-1.528	8.980	0
native_system/digital/reset_sync_reg[1]/C	native_system/digital/bank/active_calibration_reg[73][0]/CLR	-1.527	8.700	1
native_system/digital/reset_sync_reg[1]/C	native_system/digital/bank/active_calibration_reg[73][5]/CLR	-1.527	8.700	1
native_system/digital/reset_sync_reg[1]/C	native_system/digital/bank/active_requested_reg[73][2]/CLR	-1.527	8.700	1
native_system/digital/reset_sync_reg[1]/C	native_system/digital/bank/active_requested_reg[73][3]/CLR	-1.527	8.700	1
native_system/digital/reset_sync_reg[1]/C	native_system/digital/bank/shadow_calibration_reg[73][2]/CLR	-1.524	8.611	1
native_system/digital/reset_sync_reg[1]/C	native_system/digital/bank/shadow_calibration_reg[73][7]/CLR	-1.524	8.611	1
native_system/digital/reset_sync_reg[1]/C	native_system/digital/bank/shadow_requested_reg[73][4]/CLR	-1.524	8.611	1
native_system/digital/reset_sync_reg[1]/C	native_system/digital/bank/shadow_requested_reg[73][6]/CLR	-1.524	8.611	1
native_system/digital/reset_sync_reg[1]/C	native_system/digital/bank/shadow_requested_reg[73][7]/CLR	-1.524	8.611	1
native_system/digital/cfg_reg[22][14]/C	native_system/digital/bank/shadow_calibration_reg[91][6]/D	-1.521	8.950	0
native_system/digital/reset_sync_reg[1]/C	native_system/digital/bank/shadow_calibration_reg[17][6]/CLR	-1.521	8.608	1
native_system/digital/reset_sync_reg[1]/C	native_system/digital/bank/shadow_calibration_reg[17][7]/CLR	-1.521	8.608	1
native_system/digital/reset_sync_reg[1]/C	native_system/digital/bank/shadow_requested_reg[17][4]/CLR	-1.521	8.608	1
native_system/digital/reset_sync_reg[1]/C	native_system/digital/bank/shadow_requested_reg[17][5]/CLR	-1.521	8.608	1
native_system/digital/cfg_reg[22][3]/C	native_system/digital/bank/shadow_requested_reg[72][3]/D	-1.519	8.995	0
native_system/digital/master_phase_reg[1]_rep/C	native_system/digital/serial/captured_reg[101]/D	-1.517	9.038	4
native_system/digital/reset_sync_reg[1]/C	native_system/digital/bank/active_calibration_reg[17][6]/CLR	-1.516	8.603	1
native_system/digital/reset_sync_reg[1]/C	native_system/digital/bank/active_calibration_reg[17][7]/CLR	-1.516	8.603	1
native_system/digital/reset_sync_reg[1]/C	native_system/digital/bank/active_requested_reg[17][4]/CLR	-1.516	8.603	1
native_system/digital/reset_sync_reg[1]/C	native_system/digital/bank/active_requested_reg[17][5]/CLR	-1.516	8.603	1
native_system/digital/reset_sync_reg[1]/C	native_system/digital/adc/frame_reg[45]/CLR	-1.516	8.603	1
native_system/digital/reset_sync_reg[1]/C	native_system/digital/bank/written_reg[17]/CLR	-1.516	8.603	1
native_system/digital/reset_sync_reg[1]/C	native_system/digital/bank/written_reg[8]/CLR	-1.516	8.603	1
native_system/digital/reset_sync_reg[1]/C	native_system/digital/scheduler/period_count_reg[13]/CLR	-1.511	8.642	1
native_system/digital/reset_sync_reg[1]/C	native_system/digital/scheduler/period_count_reg[15]/CLR	-1.511	8.642	1
native_system/digital/reset_sync_reg[1]/C	native_system/digital/scheduler/period_count_reg[17]/CLR	-1.511	8.642	1
native_system/digital/reset_sync_reg[1]/C	native_system/digital/scheduler/total_reg[16]/CLR	-1.509	8.596	1
native_system/digital/reset_sync_reg[1]/C	native_system/digital/scheduler/total_reg[17]/CLR	-1.509	8.596	1
native_system/digital/reset_sync_reg[1]/C	native_system/digital/scheduler/total_reg[18]/CLR	-1.509	8.596	1
native_system/digital/reset_sync_reg[1]/C	native_system/digital/scheduler/total_reg[19]/CLR	-1.509	8.596	1
native_system/digital/cfg_reg[22][13]/C	native_system/digital/bank/shadow_calibration_reg[121][5]/D	-1.509	8.893	0
native_system/digital/reset_sync_reg[1]/C	native_system/digital/scheduler/first_timestamp_reg[13]/CLR	-1.507	8.594	1
native_system/digital/reset_sync_reg[1]/C	native_system/digital/scheduler/first_timestamp_reg[14]/CLR	-1.507	8.594	1
native_system/digital/reset_sync_reg[1]/C	native_system/digital/scheduler/first_timestamp_reg[17]/CLR	-1.507	8.594	1
native_system/digital/reset_sync_reg[1]/C	native_system/digital/scheduler/first_timestamp_reg[18]/CLR	-1.507	8.594	1
native_system/digital/cfg_reg[10][0]/C	native_system/digital/scheduler/wait_count_reg[13]/CE	-1.507	8.830	14
native_system/digital/cfg_reg[10][0]/C	native_system/digital/scheduler/wait_count_reg[15]/CE	-1.507	8.830	14
native_system/digital/cfg_reg[10][0]/C	native_system/digital/scheduler/wait_count_reg[8]/CE	-1.507	8.830	14
native_system/digital/cfg_reg[10][0]/C	native_system/digital/scheduler/wait_count_reg[9]/CE	-1.507	8.830	14
native_system/digital/reset_sync_reg[1]/C	native_system/digital/adc/frame_timestamp_reg[7]/CLR	-1.504	8.591	1
native_system/digital/cfg_reg[22][3]/C	native_system/digital/bank/shadow_requested_reg[74][3]/D	-1.503	8.914	0
native_system/digital/reset_sync_reg[1]/C	native_system/digital/bank/active_calibration_reg[26][4]/CLR	-1.502	8.675	1
native_system/digital/reset_sync_reg[1]/C	native_system/digital/bank/active_calibration_reg[26][7]/CLR	-1.502	8.675	1
native_system/digital/reset_sync_reg[1]/C	native_system/digital/bank/active_calibration_reg[28][5]/CLR	-1.502	8.675	1
native_system/digital/reset_sync_reg[1]/C	native_system/digital/bank/active_requested_reg[26][4]/CLR	-1.502	8.675	1
native_system/digital/cfg_reg[21][4]/C	native_system/digital/bank/shadow_calibration_reg[92][1]/CE	-1.501	8.585	1
native_system/digital/cfg_reg[21][4]/C	native_system/digital/bank/shadow_calibration_reg[92][4]/CE	-1.501	8.585	1
native_system/digital/cfg_reg[21][4]/C	native_system/digital/bank/shadow_calibration_reg[92][5]/CE	-1.501	8.585	1
native_system/digital/cfg_reg[21][4]/C	native_system/digital/bank/shadow_requested_reg[92][1]/CE	-1.501	8.585	1
native_system/digital/reset_sync_reg[1]/C	native_system/digital/bank/active_calibration_reg[26][6]/CLR	-1.497	8.628	1
native_system/digital/reset_sync_reg[1]/C	native_system/digital/bank/active_requested_reg[115][6]/CLR	-1.497	8.628	1
native_system/digital/reset_sync_reg[1]/C	native_system/digital/bank/active_requested_reg[26][2]/CLR	-1.497	8.628	1
native_system/digital/reset_sync_reg[1]/C	native_system/digital/bank/active_requested_reg[26][7]/CLR	-1.497	8.628	1
native_system/queue/running_reg/C	native_system/queue/queue_reg[0][1039]/CE	-1.490	8.813	4
native_system/queue/running_reg/C	native_system/queue/queue_reg[0][1152]/CE	-1.490	8.813	4
native_system/queue/running_reg/C	native_system/queue/queue_reg[0][1274]/CE	-1.490	8.813	4
native_system/queue/running_reg/C	native_system/queue/queue_reg[0][1354]/CE	-1.490	8.813	4
native_system/queue/running_reg/C	native_system/queue/queue_reg[0][1452]/CE	-1.490	8.813	4
native_system/queue/running_reg/C	native_system/queue/queue_reg[0][1663]/CE	-1.490	8.813	4
native_system/queue/running_reg/C	native_system/queue/queue_reg[0][965]/CE	-1.490	8.813	4
native_system/queue/running_reg/C	native_system/queue/queue_reg[0][972]/CE	-1.490	8.813	4
native_system/digital/cfg_reg[22][10]/C	native_system/digital/bank/shadow_calibration_reg[49][2]/D	-1.487	8.916	0
native_system/digital/reset_sync_reg[1]/C	native_system/digital/scheduler/state_reg[1]/CLR	-1.485	8.572	1
native_system/queue/rd_reg[1]_rep__16/C	native_system/queue/active_reg[1484]/D	-1.483	9.054	1
native_system/digital/cfg_reg[22][13]/C	native_system/digital/bank/shadow_calibration_reg[43][5]/D	-1.472	8.859	0
native_system/digital/cfg_reg[22][10]/C	native_system/digital/bank/shadow_calibration_reg[0][2]/D	-1.471	8.896	0
native_system/digital/reset_sync_reg[1]/C	native_system/digital/bank/active_calibration_reg[10][5]/CLR	-1.469	8.556	1
native_system/digital/reset_sync_reg[1]/C	native_system/digital/bank/active_requested_reg[10][4]/CLR	-1.469	8.556	1
native_system/digital/reset_sync_reg[1]/C	native_system/digital/bank/active_requested_reg[50][4]/CLR	-1.469	8.556	1
native_system/digital/reset_sync_reg[1]/C	native_system/digital/bank/active_requested_reg[50][6]/CLR	-1.469	8.556	1
native_system/digital/reset_sync_reg[1]/C	native_system/digital/scheduler/period_count_reg[12]/CLR	-1.469	8.642	1
native_system/digital/reset_sync_reg[1]/C	native_system/digital/scheduler/period_count_reg[14]/CLR	-1.469	8.642	1
native_system/digital/reset_sync_reg[1]/C	native_system/digital/scheduler/period_count_reg[16]/CLR	-1.469	8.642	1
native_system/digital/reset_sync_reg[1]/C	native_system/digital/bank/active_requested_reg[10][7]/CLR	-1.467	8.554	1
native_system/digital/cfg_reg[22][6]/C	native_system/digital/bank/shadow_requested_reg[120][6]/D	-1.466	8.911	0
native_system/digital/cfg_reg[22][13]/C	native_system/digital/bank/shadow_calibration_reg[102][5]/D	-1.464	8.900	0
native_system/digital/reset_sync_reg[1]/C	native_system/digital/adc/spi/received_reg[3]/CLR	-1.461	8.634	1
native_system/digital/reset_sync_reg[1]/C	native_system/digital/adc/spi/received_reg[4]/CLR	-1.461	8.634	1
native_system/digital/reset_sync_reg[1]/C	native_system/digital/adc/spi/received_reg[5]/CLR	-1.461	8.634	1
native_system/digital/reset_sync_reg[1]/C	native_system/digital/adc/spi/received_reg[6]/CLR	-1.461	8.634	1
native_system/digital/reset_sync_reg[1]/C	native_system/digital/adc/spi/received_reg[41]/CLR	-1.461	8.548	1
native_system/digital/reset_sync_reg[1]/C	native_system/digital/adc/spi/received_reg[44]/CLR	-1.461	8.548	1
native_system/digital/reset_sync_reg[1]/C	native_system/digital/adc/spi/received_reg[58]/CLR	-1.461	8.548	1
native_system/digital/reset_sync_reg[1]/C	native_system/digital/adc/spi/received_reg[59]/CLR	-1.461	8.548	1
native_system/digital/reset_sync_reg[1]/C	native_system/digital/adc/spi/received_reg[60]/CLR	-1.461	8.548	1
native_system/digital/reset_sync_reg[1]/C	native_system/digital/adc/spi/received_reg[61]/CLR	-1.461	8.548	1
native_system/digital/reset_sync_reg[1]/C	native_system/digital/adc/spi/received_reg[63]/CLR	-1.461	8.548	1
native_system/digital/master_phase_reg[2]_rep/C	native_system/digital/serial/captured_reg[98]/D	-1.461	8.984	4
native_system/digital/reset_sync_reg[1]/C	native_system/digital/adc/frame_reg[1]/CLR	-1.459	8.632	1
native_system/digital/reset_sync_reg[1]/C	native_system/digital/adc/spi/lane_reg[1][10]/CLR	-1.457	8.544	1
native_system/digital/reset_sync_reg[1]/C	native_system/digital/adc/spi/lane_reg[1][11]/CLR	-1.457	8.544	1
native_system/digital/reset_sync_reg[1]/C	native_system/digital/adc/spi/lane_reg[1][12]/CLR	-1.457	8.544	1
native_system/digital/reset_sync_reg[1]/C	native_system/digital/adc/spi/lane_reg[1][13]/CLR	-1.457	8.544	1
native_system/digital/reset_sync_reg[1]/C	native_system/digital/adc/spi/lane_reg[1][28]/CLR	-1.457	8.544	1
native_system/digital/reset_sync_reg[1]/C	native_system/digital/adc/spi/lane_reg[1][29]/CLR	-1.457	8.544	1
native_system/digital/reset_sync_reg[1]/C	native_system/digital/bank/active_calibration_reg[115][4]/CLR	-1.455	8.628	1
native_system/digital/reset_sync_reg[1]/C	native_system/digital/bank/active_calibration_reg[115][6]/CLR	-1.455	8.628	1
native_system/digital/reset_sync_reg[1]/C	native_system/digital/bank/active_calibration_reg[115][7]/CLR	-1.455	8.628	1
native_system/digital/reset_sync_reg[1]/C	native_system/digital/bank/active_calibration_reg[26][3]/CLR	-1.455	8.628	1
native_system/digital/reset_sync_reg[1]/C	native_system/digital/cfg_reg[11][11]/CLR	-1.450	8.623	1
native_system/digital/reset_sync_reg[1]/C	native_system/digital/cfg_reg[11][14]/CLR	-1.450	8.623	1
native_system/digital/cfg_reg[22][2]/C	native_system/digital/bank/shadow_requested_reg[123][2]/D	-1.449	8.880	0
native_system/digital/reset_sync_reg[1]/C	native_system/digital/bank/active_requested_reg[0][4]/CLR	-1.446	8.533	1
native_system/digital/reset_sync_reg[1]/C	native_system/digital/adc/spi/received_reg[52]/CLR	-1.444	8.531	1
native_system/digital/reset_sync_reg[1]/C	native_system/digital/adc/spi/received_reg[54]/CLR	-1.444	8.531	1
native_system/digital/reset_sync_reg[1]/C	native_system/digital/adc/spi/received_reg[56]/CLR	-1.444	8.531	1
native_system/queue/running_reg/C	native_system/queue/active_reg[1053]/CE	-1.443	8.730	3
native_system/queue/running_reg/C	native_system/queue/active_reg[1092]/CE	-1.443	8.730	3
native_system/queue/running_reg/C	native_system/queue/active_reg[1264]/CE	-1.443	8.730	3
native_system/queue/running_reg/C	native_system/queue/active_reg[1301]/CE	-1.443	8.730	3
native_system/digital/reset_sync_reg[1]/C	native_system/digital/bank/shadow_calibration_reg[28][0]/CLR	-1.438	8.525	1
native_system/digital/reset_sync_reg[1]/C	native_system/digital/bank/shadow_calibration_reg[28][3]/CLR	-1.438	8.525	1
native_system/digital/reset_sync_reg[1]/C	native_system/digital/bank/shadow_calibration_reg[28][4]/CLR	-1.438	8.525	1
native_system/digital/reset_sync_reg[1]/C	native_system/digital/bank/shadow_calibration_reg[28][5]/CLR	-1.438	8.525	1
native_system/digital/reset_sync_reg[1]/C	native_system/digital/bank/shadow_mask_reg[28]/CLR	-1.438	8.525	1
native_system/digital/reset_sync_reg[1]/C	native_system/digital/bank/shadow_requested_reg[28][4]/CLR	-1.438	8.525	1
native_system/digital/reset_sync_reg[1]/C	native_system/digital/bank/shadow_requested_reg[28][5]/CLR	-1.438	8.525	1
native_system/digital/reset_sync_reg[1]/C	native_system/digital/bank/shadow_requested_reg[28][7]/CLR	-1.438	8.525	1
native_system/digital/master_phase_reg[0]_rep/C	native_system/digital/serial/captured_reg[121]/D	-1.435	8.958	3
native_system/queue/running_reg/C	native_system/queue/queue_reg[2][804]/CE	-1.434	8.721	4
native_system/digital/reset_sync_reg[1]/C	native_system/digital/bank/written_reg[10]/CLR	-1.431	8.518	1
native_system/digital/reset_sync_reg[1]/C	native_system/digital/bank/written_reg[9]/CLR	-1.431	8.518	1
native_system/digital/reset_sync_reg[1]/C	native_system/digital/adc/frame_reg[47]/CLR	-1.430	8.603	1
native_system/digital/reset_sync_reg[1]/C	native_system/digital/bank/command_error_reg/CLR	-1.430	8.603	1
native_system/digital/cfg_reg[22][14]/C	native_system/digital/bank/shadow_calibration_reg[87][6]/D	-1.429	8.876	0
native_system/digital/reset_sync_reg[1]/C	native_system/digital/bank/active_calibration_reg[17][4]/CLR	-1.428	8.515	1
native_system/digital/reset_sync_reg[1]/C	native_system/digital/bank/active_requested_reg[17][6]/CLR	-1.428	8.515	1
native_system/digital/reset_sync_reg[1]/C	native_system/digital/bank/active_requested_reg[17][7]/CLR	-1.428	8.515	1
native_system/digital/reset_sync_reg[1]/C	native_system/digital/bank/active_requested_reg[4][3]/CLR	-1.428	8.515	1
native_system/digital/reset_sync_reg[1]/C	native_system/digital/adc/count_reg[13]/CLR	-1.427	8.514	1
native_system/digital/reset_sync_reg[1]/C	native_system/digital/adc/count_reg[17]/CLR	-1.427	8.514	1
native_system/digital/reset_sync_reg[1]/C	native_system/digital/adc/count_reg[19]/CLR	-1.427	8.514	1
native_system/digital/reset_sync_reg[1]/C	native_system/digital/adc/count_reg[9]/CLR	-1.427	8.514	1
native_system/digital/reset_sync_reg[1]/C	native_system/digital/bank/written_reg[4]/CLR	-1.426	8.513	1
native_system/digital/reset_sync_reg[1]/C	native_system/digital/bank/written_reg[5]/CLR	-1.426	8.513	1
native_system/digital/reset_sync_reg[1]/C	native_system/digital/bank/shadow_requested_reg[17][6]/CLR	-1.424	8.511	1
native_system/digital/reset_sync_reg[1]/C	native_system/digital/bank/shadow_requested_reg[17][7]/CLR	-1.424	8.511	1
native_system/digital/reset_sync_reg[1]/C	native_system/digital/cfg_reg[3][18]/CLR	-1.423	8.596	1
native_system/digital/reset_sync_reg[1]/C	native_system/digital/scheduler/burst_timestamp_reg[17]/CLR	-1.421	8.594	1
native_system/digital/reset_sync_reg[1]/C	native_system/digital/scheduler/burst_timestamp_reg[18]/CLR	-1.421	8.594	1
native_system/digital/reset_sync_reg[1]/C	native_system/digital/scheduler/burst_timestamp_reg[19]/CLR	-1.421	8.594	1
native_system/digital/reset_sync_reg[1]/C	native_system/digital/scheduler/burst_timestamp_reg[20]/CLR	-1.421	8.594	1
native_system/digital/reset_sync_reg[1]/C	native_system/digital/scheduler/first_timestamp_reg[15]/CLR	-1.418	8.591	1
native_system/digital/reset_sync_reg[1]/C	native_system/digital/scheduler/first_timestamp_reg[39]/CLR	-1.418	8.591	1
native_system/digital/reset_sync_reg[1]/C	native_system/digital/scheduler/first_timestamp_reg[7]/CLR	-1.418	8.591	1
native_system/digital/cfg_reg[22][3]/C	native_system/digital/bank/shadow_requested_reg[43][3]/D	-1.417	8.851	0
native_system/digital/reset_sync_reg[1]/C	native_system/digital/bank/active_calibration_reg[71][5]/CLR	-1.415	8.502	1
native_system/digital/reset_sync_reg[1]/C	native_system/digital/bank/active_calibration_reg[78][2]/CLR	-1.415	8.502	1
native_system/digital/reset_sync_reg[1]/C	native_system/digital/bank/active_calibration_reg[78][4]/CLR	-1.415	8.502	1
native_system/digital/reset_sync_reg[1]/C	native_system/digital/bank/active_calibration_reg[78][6]/CLR	-1.415	8.502	1
native_system/digital/reset_sync_reg[1]/C	native_system/digital/bank/active_calibration_reg[78][7]/CLR	-1.415	8.502	1
native_system/digital/reset_sync_reg[1]/C	native_system/digital/bank/active_requested_reg[71][1]/CLR	-1.415	8.502	1
native_system/queue/running_reg/C	native_system/queue/active_reg[1149]/CE	-1.414	8.737	3
native_system/queue/running_reg/C	native_system/queue/active_reg[1208]/CE	-1.414	8.737	3
native_system/queue/running_reg/C	native_system/queue/active_reg[1276]/CE	-1.414	8.737	3
native_system/queue/running_reg/C	native_system/queue/active_reg[1330]/CE	-1.414	8.737	3
native_system/digital/cfg_reg[22][6]/C	native_system/digital/bank/shadow_requested_reg[101][6]/D	-1.414	8.801	0
native_system/digital/reset_sync_reg[1]/C	native_system/digital/bank/shadow_calibration_reg[26][0]/CLR	-1.411	8.498	1
native_system/digital/reset_sync_reg[1]/C	native_system/digital/bank/shadow_calibration_reg[26][1]/CLR	-1.411	8.498	1
native_system/digital/reset_sync_reg[1]/C	native_system/digital/bank/shadow_calibration_reg[26][2]/CLR	-1.411	8.498	1
native_system/digital/reset_sync_reg[1]/C	native_system/digital/bank/shadow_requested_reg[26][1]/CLR	-1.411	8.498	1
native_system/digital/reset_sync_reg[1]/C	native_system/digital/bank/shadow_requested_reg[26][5]/CLR	-1.411	8.498	1
native_system/digital/cfg_reg[10][0]/C	native_system/digital/scheduler/frame_count_reg[0]/CE	-1.405	8.728	14
native_system/digital/cfg_reg[10][0]/C	native_system/digital/scheduler/frame_count_reg[8]/CE	-1.405	8.728	14
native_system/digital/cfg_reg[22][0]/C	native_system/digital/bank/shadow_requested_reg[106][0]/D	-1.404	8.853	0
native_system/digital/reset_sync_reg[1]/C	native_system/digital/bank/written_reg[23]/CLR	-1.404	8.491	1
native_system/digital/reset_sync_reg[1]/C	native_system/digital/bank/written_reg[24]/CLR	-1.404	8.491	1
native_system/digital/reset_sync_reg[1]/C	native_system/digital/bank/written_reg[26]/CLR	-1.404	8.491	1
native_system/digital/cfg_reg[22][10]/C	native_system/digital/bank/shadow_calibration_reg[15][2]/D	-1.402	8.789	0
native_system/digital/reset_sync_reg[1]/C	native_system/digital/time_now_reg[0]/CLR	-1.399	8.572	1
native_system/digital/reset_sync_reg[1]/C	native_system/digital/time_now_reg[1]/CLR	-1.399	8.572	1
native_system/digital/reset_sync_reg[1]/C	native_system/digital/time_now_reg[2]/CLR	-1.399	8.572	1
native_system/digital/reset_sync_reg[1]/C	native_system/digital/time_now_reg[3]/CLR	-1.399	8.572	1
native_system/digital/reset_sync_reg[1]/C	native_system/digital/bank/active_calibration_reg[26][5]/CLR	-1.399	8.486	1
native_system/digital/reset_sync_reg[1]/C	native_system/digital/bank/active_mask_reg[26]/CLR	-1.399	8.486	1
native_system/digital/reset_sync_reg[1]/C	native_system/digital/bank/active_requested_reg[26][0]/CLR	-1.399	8.486	1
native_system/digital/reset_sync_reg[1]/C	native_system/digital/bank/active_requested_reg[26][3]/CLR	-1.399	8.486	1
native_system/digital/cfg_reg[10][0]/C	native_system/digital/scheduler/frame_count_reg[1]/CE	-1.397	8.720	14
native_system/digital/cfg_reg[10][0]/C	native_system/digital/scheduler/frame_count_reg[2]/CE	-1.397	8.720	14
native_system/digital/reset_sync_reg[1]/C	native_system/digital/bank/shadow_calibration_reg[24][1]/CLR	-1.395	8.482	1
native_system/digital/reset_sync_reg[1]/C	native_system/digital/bank/shadow_calibration_reg[24][6]/CLR	-1.395	8.482	1
native_system/digital/reset_sync_reg[1]/C	native_system/digital/bank/shadow_mask_reg[24]/CLR	-1.395	8.482	1
native_system/digital/reset_sync_reg[1]/C	native_system/digital/bank/shadow_requested_reg[24][4]/CLR	-1.395	8.482	1
native_system/digital/reset_sync_reg[1]/C	native_system/digital/bank/active_mask_reg[33]/CLR	-1.394	8.525	1
native_system/digital/reset_sync_reg[1]/C	native_system/digital/bank/active_requested_reg[26][1]/CLR	-1.394	8.525	1
native_system/digital/reset_sync_reg[1]/C	native_system/digital/bank/active_requested_reg[26][5]/CLR	-1.394	8.525	1
native_system/digital/reset_sync_reg[1]/C	native_system/digital/bank/active_requested_reg[26][6]/CLR	-1.394	8.525	1
native_system/digital/reset_sync_reg[1]/C	native_system/digital/bank/active_calibration_reg[10][2]/CLR	-1.393	8.480	1
native_system/digital/reset_sync_reg[1]/C	native_system/digital/bank/active_requested_reg[10][2]/CLR	-1.393	8.480	1
native_system/digital/reset_sync_reg[1]/C	native_system/digital/bank/active_requested_reg[10][3]/CLR	-1.393	8.480	1
native_system/digital/reset_sync_reg[1]/C	native_system/digital/bank/active_calibration_reg[71][1]/CLR	-1.390	8.477	1
native_system/digital/reset_sync_reg[1]/C	native_system/digital/bank/active_calibration_reg[71][2]/CLR	-1.390	8.477	1
native_system/digital/reset_sync_reg[1]/C	native_system/digital/bank/active_requested_reg[71][0]/CLR	-1.390	8.477	1
native_system/digital/reset_sync_reg[1]/C	native_system/digital/bank/active_requested_reg[78][6]/CLR	-1.390	8.477	1
native_system/digital/cfg_reg[22][13]/C	native_system/digital/bank/shadow_calibration_reg[92][5]/D	-1.389	8.820	0
native_system/digital/cfg_reg[10][0]/C	native_system/digital/scheduler/issued_reg[16]/CE	-1.387	8.710	14
native_system/digital/cfg_reg[10][0]/C	native_system/digital/scheduler/issued_reg[17]/CE	-1.387	8.710	14
native_system/digital/reset_sync_reg[1]/C	native_system/digital/adc/spi/received_reg[1]/CLR	-1.387	8.474	1
native_system/digital/cfg_reg[22][6]/C	native_system/digital/bank/shadow_requested_reg[96][6]/D	-1.386	8.777	0
native_system/digital/cfg_reg[10][0]/C	native_system/digital/scheduler/issued_reg[0]/CE	-1.386	8.673	14
native_system/digital/cfg_reg[10][0]/C	native_system/digital/scheduler/issued_reg[10]/CE	-1.386	8.673	14
native_system/digital/cfg_reg[10][0]/C	native_system/digital/scheduler/issued_reg[11]/CE	-1.386	8.673	14
native_system/digital/cfg_reg[10][0]/C	native_system/digital/scheduler/issued_reg[1]/CE	-1.386	8.673	14
native_system/digital/cfg_reg[10][0]/C	native_system/digital/scheduler/issued_reg[8]/CE	-1.386	8.673	14
native_system/digital/cfg_reg[10][0]/C	native_system/digital/scheduler/issued_reg[9]/CE	-1.386	8.673	14
native_system/digital/reset_sync_reg[1]/C	native_system/digital/bank/shadow_calibration_reg[71][1]/CLR	-1.386	8.473	1
native_system/digital/reset_sync_reg[1]/C	native_system/digital/bank/shadow_calibration_reg[71][2]/CLR	-1.386	8.473	1
native_system/digital/reset_sync_reg[1]/C	native_system/digital/bank/shadow_calibration_reg[71][5]/CLR	-1.386	8.473	1
native_system/digital/reset_sync_reg[1]/C	native_system/digital/bank/shadow_requested_reg[71][0]/CLR	-1.386	8.473	1
native_system/queue/running_reg/C	bridge/s_rdata_reg[10]/D	-1.384	8.905	9
native_system/digital/reset_sync_reg[1]/C	native_system/digital/bank/shadow_requested_reg[9][6]/CLR	-1.383	8.556	1
native_system/queue/running_reg/C	bridge/s_rdata_reg[9]/D	-1.381	8.948	9
native_system/digital/reset_sync_reg[1]/C	native_system/digital/bank/active_calibration_reg[1][0]/CLR	-1.381	8.554	1
native_system/digital/reset_sync_reg[1]/C	native_system/digital/bank/active_calibration_reg[5][2]/CLR	-1.381	8.554	1
native_system/digital/reset_sync_reg[1]/C	native_system/digital/bank/active_requested_reg[1][0]/CLR	-1.381	8.554	1
native_system/digital/cfg_reg[22][14]/C	native_system/digital/bank/shadow_calibration_reg[99][6]/D	-1.380	8.845	0
native_system/digital/cfg_reg[10][0]/C	native_system/digital/scheduler/issued_reg[14]/CE	-1.375	8.662	14
native_system/digital/cfg_reg[10][0]/C	native_system/digital/scheduler/issued_reg[15]/CE	-1.375	8.662	14
native_system/digital/cfg_reg[10][0]/C	native_system/digital/scheduler/issued_reg[18]/CE	-1.375	8.662	14
native_system/digital/cfg_reg[10][0]/C	native_system/digital/scheduler/issued_reg[19]/CE	-1.375	8.662	14
native_system/digital/cfg_reg[10][0]/C	native_system/digital/scheduler/issued_reg[20]/CE	-1.375	8.662	14
native_system/digital/cfg_reg[10][0]/C	native_system/digital/scheduler/issued_reg[21]/CE	-1.375	8.662	14
native_system/digital/cfg_reg[21][4]/C	native_system/digital/bank/shadow_calibration_reg[92][0]/CE	-1.370	8.453	1
native_system/digital/cfg_reg[21][4]/C	native_system/digital/bank/shadow_calibration_reg[92][2]/CE	-1.370	8.453	1
native_system/digital/cfg_reg[21][4]/C	native_system/digital/bank/shadow_requested_reg[92][2]/CE	-1.370	8.453	1
native_system/digital/cfg_reg[21][4]/C	native_system/digital/bank/shadow_requested_reg[92][3]/CE	-1.370	8.453	1
native_system/digital/reset_sync_reg[1]/C	native_system/digital/bank/active_calibration_reg[17][0]/CLR	-1.364	8.451	1
native_system/digital/reset_sync_reg[1]/C	native_system/digital/bank/active_calibration_reg[17][1]/CLR	-1.364	8.451	1
native_system/digital/reset_sync_reg[1]/C	native_system/digital/bank/active_requested_reg[17][0]/CLR	-1.364	8.451	1
native_system/digital/reset_sync_reg[1]/C	native_system/digital/scheduler/period_count_reg[11]/CLR	-1.362	8.493	1
native_system/digital/reset_sync_reg[1]/C	native_system/digital/scheduler/period_count_reg[7]/CLR	-1.362	8.493	1
native_system/digital/reset_sync_reg[1]/C	native_system/digital/scheduler/period_count_reg[9]/CLR	-1.362	8.493	1
native_system/digital/reset_sync_reg[1]/C	native_system/digital/adc/frame_reg[49]/CLR	-1.361	8.448	1
native_system/digital/reset_sync_reg[1]/C	native_system/digital/adc/frame_reg[50]/CLR	-1.361	8.448	1
native_system/digital/reset_sync_reg[1]/C	native_system/digital/adc/frame_reg[51]/CLR	-1.361	8.448	1
native_system/digital/reset_sync_reg[1]/C	native_system/digital/adc/frame_reg[67]/CLR	-1.361	8.448	1
native_system/digital/reset_sync_reg[1]/C	native_system/digital/bank/active_mask_reg[55]/CLR	-1.360	8.447	1
native_system/digital/reset_sync_reg[1]/C	native_system/digital/bank/active_requested_reg[55][4]/CLR	-1.360	8.447	1
native_system/digital/reset_sync_reg[1]/C	native_system/digital/bank/active_requested_reg[55][6]/CLR	-1.360	8.447	1
native_system/digital/reset_sync_reg[1]/C	native_system/digital/bank/shadow_calibration_reg[5][4]/CLR	-1.360	8.447	1
native_system/digital/reset_sync_reg[1]/C	native_system/digital/bank/shadow_requested_reg[5][4]/CLR	-1.360	8.447	1
native_system/digital/reset_sync_reg[1]/C	native_system/digital/adc/frame_reg[52]/CLR	-1.358	8.531	1
native_system/digital/reset_sync_reg[1]/C	native_system/digital/adc/frame_reg[54]/CLR	-1.358	8.531	1
native_system/digital/reset_sync_reg[1]/C	native_system/digital/adc/frame_reg[56]/CLR	-1.358	8.531	1
native_system/digital/reset_sync_reg[1]/C	native_system/digital/bank/shadow_mask_reg[55]/CLR	-1.356	8.443	1
native_system/digital/reset_sync_reg[1]/C	native_system/digital/bank/shadow_requested_reg[55][4]/CLR	-1.356	8.443	1
native_system/digital/reset_sync_reg[1]/C	native_system/digital/bank/shadow_requested_reg[55][6]/CLR	-1.356	8.443	1
native_system/digital/reset_sync_reg[1]/C	native_system/digital/bank/shadow_requested_reg[55][7]/CLR	-1.356	8.443	1
native_system/digital/reset_sync_reg[1]/C	native_system/digital/bank/active_calibration_reg[17][2]/CLR	-1.355	8.442	1
native_system/digital/reset_sync_reg[1]/C	native_system/digital/bank/active_calibration_reg[17][3]/CLR	-1.355	8.442	1
native_system/digital/reset_sync_reg[1]/C	native_system/digital/bank/active_calibration_reg[17][5]/CLR	-1.355	8.442	1
native_system/digital/reset_sync_reg[1]/C	native_system/digital/bank/active_requested_reg[17][1]/CLR	-1.355	8.442	1
native_system/digital/reset_sync_reg[1]/C	native_system/digital/master_phase_reg[5]/CLR	-1.355	8.442	1
native_system/digital/cfg_reg[22][6]/C	native_system/digital/bank/shadow_requested_reg[87][6]/D	-1.354	8.803	0
native_system/digital/reset_sync_reg[1]/C	native_system/digital/bank/active_calibration_reg[28][3]/CLR	-1.352	8.525	1
native_system/digital/reset_sync_reg[1]/C	native_system/digital/bank/active_mask_reg[24]/CLR	-1.352	8.525	1
native_system/digital/reset_sync_reg[1]/C	native_system/digital/bank/active_mask_reg[28]/CLR	-1.352	8.525	1
native_system/digital/reset_sync_reg[1]/C	native_system/digital/bank/active_mask_reg[29]/CLR	-1.352	8.525	1
native_system/digital/reset_sync_reg[1]/C	native_system/digital/tx_enable_timestamp_reg[12]/CLR	-1.351	8.438	1
native_system/digital/reset_sync_reg[1]/C	native_system/digital/tx_enable_timestamp_reg[17]/CLR	-1.351	8.438	1
native_system/digital/reset_sync_reg[1]/C	native_system/digital/tx_enable_timestamp_reg[19]/CLR	-1.351	8.438	1
native_system/digital/reset_sync_reg[1]/C	native_system/digital/tx_enable_timestamp_reg[5]/CLR	-1.351	8.438	1
native_system/digital/reset_sync_reg[1]/C	native_system/digital/tx_enable_timestamp_reg[8]/CLR	-1.351	8.438	1
native_system/digital/reset_sync_reg[1]/C	native_system/digital/bank/shadow_calibration_reg[17][2]/CLR	-1.351	8.438	1
native_system/digital/reset_sync_reg[1]/C	native_system/digital/bank/shadow_calibration_reg[17][3]/CLR	-1.351	8.438	1
native_system/digital/reset_sync_reg[1]/C	native_system/digital/bank/shadow_calibration_reg[17][5]/CLR	-1.351	8.438	1
native_system/digital/reset_sync_reg[1]/C	native_system/digital/bank/shadow_requested_reg[17][1]/CLR	-1.351	8.438	1
native_system/digital/reset_sync_reg[1]/C	native_system/digital/scheduler/first_timestamp_reg[12]/CLR	-1.348	8.435	1
native_system/digital/reset_sync_reg[1]/C	native_system/digital/adc/pending_timestamp_reg[11]/CLR	-1.344	8.431	1
native_system/digital/reset_sync_reg[1]/C	native_system/digital/adc/pending_timestamp_reg[1]/CLR	-1.344	8.431	1
native_system/digital/reset_sync_reg[1]/C	native_system/digital/adc/pending_timestamp_reg[2]/CLR	-1.344	8.431	1
native_system/digital/reset_sync_reg[1]/C	native_system/digital/adc/pending_timestamp_reg[3]/CLR	-1.344	8.431	1
native_system/digital/reset_sync_reg[1]/C	native_system/digital/adc/pending_timestamp_reg[5]/CLR	-1.344	8.431	1
native_system/digital/reset_sync_reg[1]/C	native_system/digital/adc/pending_timestamp_reg[6]/CLR	-1.344	8.431	1
native_system/digital/reset_sync_reg[1]/C	native_system/digital/adc/pending_timestamp_reg[7]/CLR	-1.344	8.431	1
native_system/digital/reset_sync_reg[1]/C	native_system/digital/adc/pending_timestamp_reg[9]/CLR	-1.344	8.431	1
native_system/digital/reset_sync_reg[1]/C	native_system/digital/adc/spi/lane_reg[0][19]/CLR	-1.343	8.474	1
native_system/digital/reset_sync_reg[1]/C	native_system/digital/adc/spi/lane_reg[0][21]/CLR	-1.343	8.474	1
native_system/digital/reset_sync_reg[1]/C	native_system/digital/adc/spi/lane_reg[0][23]/CLR	-1.343	8.474	1
native_system/digital/master_phase_reg[4]/C	native_system/digital/serial/captured_reg[97]/D	-1.341	8.862	3
native_system/digital/master_phase_reg[4]/C	native_system/digital/serial/serial_data_reg[24]/D	-1.337	8.906	4
native_system/digital/cfg_reg[22][14]/C	native_system/digital/bank/shadow_calibration_reg[121][6]/D	-1.331	8.767	0
native_system/digital/master_phase_reg[0]_rep/C	native_system/digital/serial/captured_reg[100]/D	-1.327	8.896	4
native_system/queue/running_reg/C	native_system/queue/active_reg[1245]/CE	-1.325	8.648	3
native_system/digital/cfg_reg[21][4]/C	native_system/digital/bank/shadow_requested_reg[126][5]/CE	-1.321	8.644	1
native_system/digital/reset_sync_reg[1]/C	native_system/digital/scheduler/period_count_reg[10]/CLR	-1.320	8.493	1
native_system/digital/reset_sync_reg[1]/C	native_system/digital/scheduler/period_count_reg[6]/CLR	-1.320	8.493	1
native_system/digital/reset_sync_reg[1]/C	native_system/digital/scheduler/period_count_reg[8]/CLR	-1.320	8.493	1
native_system/digital/cfg_reg[22][6]/C	native_system/digital/bank/shadow_requested_reg[102][6]/D	-1.319	8.764	0
native_system/digital/reset_sync_reg[1]/C	native_system/digital/bank/active_mask_reg[115]/CLR	-1.318	8.491	1
native_system/digital/reset_sync_reg[1]/C	native_system/digital/bank/active_requested_reg[71][6]/CLR	-1.318	8.491	1
native_system/digital/reset_sync_reg[1]/C	native_system/digital/bank/active_calibration_reg[5][6]/CLR	-1.316	8.403	1
native_system/digital/reset_sync_reg[1]/C	native_system/digital/bank/active_requested_reg[5][5]/CLR	-1.316	8.403	1
native_system/queue/running_reg/C	native_system/queue/active_reg[1044]/CE	-1.315	8.602	3
native_system/queue/running_reg/C	native_system/queue/active_reg[1094]/CE	-1.315	8.602	3
native_system/queue/running_reg/C	native_system/queue/active_reg[1409]/CE	-1.315	8.602	3
native_system/queue/running_reg/C	native_system/queue/active_reg[1429]/CE	-1.315	8.602	3
native_system/digital/cfg_reg[10][0]/C	native_system/digital/scheduler/frame_count_reg[6]/CE	-1.303	8.590	14
native_system/digital/reset_sync_reg[1]/C	native_system/digital/adc/frame_reg[10]/CLR	-1.301	8.474	1
native_system/digital/reset_sync_reg[1]/C	native_system/digital/adc/frame_reg[12]/CLR	-1.301	8.474	1
native_system/digital/reset_sync_reg[1]/C	native_system/digital/adc/frame_reg[30]/CLR	-1.301	8.474	1
native_system/digital/reset_sync_reg[1]/C	native_system/digital/adc/frame_reg[8]/CLR	-1.301	8.474	1
native_system/digital/reset_sync_reg[1]/C	native_system/digital/adc/spi/lane_reg[0][18]/CLR	-1.301	8.474	1
native_system/digital/reset_sync_reg[1]/C	native_system/digital/adc/spi/lane_reg[0][20]/CLR	-1.301	8.474	1
native_system/digital/reset_sync_reg[1]/C	native_system/digital/adc/spi/lane_reg[0][22]/CLR	-1.301	8.474	1
native_system/digital/reset_sync_reg[1]/C	native_system/digital/adc/spi/lane_reg[1][4]/CLR	-1.296	8.383	1
native_system/digital/reset_sync_reg[1]/C	native_system/digital/adc/spi/lane_reg[1][5]/CLR	-1.296	8.383	1
native_system/digital/reset_sync_reg[1]/C	native_system/digital/adc/spi/lane_reg[1][6]/CLR	-1.296	8.383	1
native_system/digital/reset_sync_reg[1]/C	native_system/digital/adc/spi/lane_reg[1][7]/CLR	-1.296	8.383	1
native_system/digital/reset_sync_reg[1]/C	native_system/digital/adc/spi/lane_reg[1][8]/CLR	-1.296	8.383	1
native_system/digital/reset_sync_reg[1]/C	native_system/digital/adc/spi/lane_reg[1][9]/CLR	-1.296	8.383	1
native_system/digital/master_phase_reg[4]/C	native_system/digital/serial/captured_reg[94]/D	-1.293	8.817	3
native_system/digital/master_phase_reg[2]_rep/C	native_system/digital/serial/captured_reg[89]/D	-1.291	8.814	4
native_system/digital/cfg_reg[22][3]/C	native_system/digital/bank/shadow_requested_reg[8][3]/D	-1.291	8.725	0
native_system/digital/cfg_reg[21][2]/C	native_system/digital/bank/shadow_requested_reg[36][3]/CE	-1.288	8.372	1
native_system/digital/master_phase_reg[4]/C	native_system/digital/serial/captured_reg[124]/D	-1.283	8.806	2
native_system/digital/reset_sync_reg[1]/C	native_system/digital/adc/count_reg[0]/CLR	-1.283	8.370	1
native_system/digital/reset_sync_reg[1]/C	native_system/digital/adc/count_reg[1]/CLR	-1.283	8.370	1
native_system/digital/reset_sync_reg[1]/C	native_system/digital/adc/count_reg[6]/CLR	-1.283	8.370	1
native_system/digital/cfg_reg[22][0]/C	native_system/digital/bank/shadow_requested_reg[81][0]/D	-1.282	8.713	0
native_system/queue/running_reg/C	native_system/queue/channel_reg[11]_replica/CE	-1.281	8.568	3
native_system/digital/reset_sync_reg[1]/C	native_system/digital/adc/count_reg[2]/CLR	-1.280	8.367	1
native_system/digital/reset_sync_reg[1]/C	native_system/digital/adc/count_reg[3]/CLR	-1.280	8.367	1
native_system/digital/reset_sync_reg[1]/C	native_system/digital/adc/count_reg[4]/CLR	-1.280	8.367	1
native_system/digital/reset_sync_reg[1]/C	native_system/digital/adc/count_reg[7]/CLR	-1.280	8.367	1
native_system/digital/reset_sync_reg[1]/C	native_system/digital/adc/count_reg[11]/CLR	-1.279	8.366	1
native_system/digital/reset_sync_reg[1]/C	native_system/digital/adc/count_reg[15]/CLR	-1.279	8.366	1
native_system/digital/reset_sync_reg[1]/C	native_system/digital/adc/count_reg[16]/CLR	-1.279	8.366	1
native_system/digital/reset_sync_reg[1]/C	native_system/digital/bank/shadow_calibration_reg[17][4]/CLR	-1.276	8.363	1
native_system/digital/reset_sync_reg[1]/C	native_system/digital/adc/spi/received_reg[47]/CLR	-1.275	8.448	1
native_system/digital/reset_sync_reg[1]/C	native_system/digital/adc/spi/received_reg[49]/CLR	-1.275	8.448	1
native_system/digital/reset_sync_reg[1]/C	native_system/digital/adc/spi/received_reg[50]/CLR	-1.275	8.448	1
native_system/digital/reset_sync_reg[1]/C	native_system/digital/adc/spi/received_reg[51]/CLR	-1.275	8.448	1
native_system/digital/cfg_reg[22][10]/C	native_system/digital/bank/shadow_calibration_reg[74][2]/D	-1.274	8.705	0
native_system/digital/reset_sync_reg[1]/C	native_system/digital/bank/shadow_calibration_reg[4][4]/CLR	-1.272	8.359	1
native_system/digital/reset_sync_reg[1]/C	native_system/digital/bank/shadow_calibration_reg[4][5]/CLR	-1.272	8.359	1
native_system/digital/reset_sync_reg[1]/C	native_system/digital/bank/shadow_calibration_reg[4][7]/CLR	-1.272	8.359	1
native_system/digital/reset_sync_reg[1]/C	native_system/digital/bank/shadow_requested_reg[4][0]/CLR	-1.272	8.359	1
native_system/digital/reset_sync_reg[1]/C	native_system/digital/adc/conversion_age_reg[28]/CLR	-1.269	8.356	1
native_system/digital/reset_sync_reg[1]/C	native_system/digital/adc/conversion_age_reg[29]/CLR	-1.269	8.356	1
native_system/digital/reset_sync_reg[1]/C	native_system/digital/adc/conversion_age_reg[30]/CLR	-1.269	8.356	1
native_system/digital/reset_sync_reg[1]/C	native_system/digital/adc/conversion_age_reg[31]/CLR	-1.269	8.356	1
native_system/digital/reset_sync_reg[1]/C	native_system/digital/scheduler/burst_timestamp_reg[13]/CLR	-1.265	8.438	1
native_system/digital/reset_sync_reg[1]/C	native_system/digital/scheduler/burst_timestamp_reg[14]/CLR	-1.265	8.438	1
native_system/digital/reset_sync_reg[1]/C	native_system/digital/scheduler/burst_timestamp_reg[15]/CLR	-1.265	8.438	1
native_system/digital/reset_sync_reg[1]/C	native_system/digital/scheduler/burst_timestamp_reg[16]/CLR	-1.265	8.438	1
native_system/digital/cfg_reg[10][0]/C	native_system/digital/scheduler/frame_count_reg[3]/CE	-1.265	8.588	14
native_system/digital/cfg_reg[10][0]/C	native_system/digital/scheduler/frame_count_reg[5]/CE	-1.265	8.588	14
native_system/queue/running_reg/C	native_system/queue/active_reg[1168]/CE	-1.264	8.587	3
native_system/queue/running_reg/C	native_system/queue/active_reg[1232]/CE	-1.264	8.587	3
native_system/queue/running_reg/C	native_system/queue/active_reg[1062]/CE	-1.264	8.587	3
native_system/queue/running_reg/C	native_system/queue/active_reg[1182]/CE	-1.264	8.587	3
native_system/queue/running_reg/C	native_system/queue/active_reg[1421]/CE	-1.264	8.587	3
native_system/digital/reset_sync_reg[1]/C	native_system/digital/adc/reading_timestamp_reg[0]/CLR	-1.262	8.435	1
native_system/digital/reset_sync_reg[1]/C	native_system/digital/serial/captured_reg[24]/CLR	-1.261	8.348	1
native_system/digital/reset_sync_reg[1]/C	native_system/digital/serial/captured_reg[26]/CLR	-1.261	8.348	1
native_system/digital/reset_sync_reg[1]/C	native_system/digital/serial/captured_reg[27]/CLR	-1.261	8.348	1
native_system/digital/reset_sync_reg[1]/C	native_system/digital/time_now_reg[4]/CLR	-1.258	8.431	1
native_system/digital/reset_sync_reg[1]/C	native_system/digital/time_now_reg[5]/CLR	-1.258	8.431	1
native_system/digital/reset_sync_reg[1]/C	native_system/digital/time_now_reg[6]/CLR	-1.258	8.431	1
native_system/digital/reset_sync_reg[1]/C	native_system/digital/time_now_reg[7]/CLR	-1.258	8.431	1
native_system/digital/reset_sync_reg[1]/C	native_system/digital/bank/shadow_mask_reg[37]/CLR	-1.256	8.343	1
native_system/queue/rd_reg[1]_rep__16/C	native_system/queue/active_reg[1672]/D	-1.252	8.823	1
native_system/digital/master_phase_reg[4]/C	native_system/digital/serial/serial_data_reg[30]/D	-1.245	8.769	4
native_system/digital/master_phase_reg[0]_rep/C	native_system/digital/serial/captured_reg[120]/D	-1.244	8.765	3
native_system/queue/running_reg/C	native_system/queue/active_reg[1106]/CE	-1.241	8.528	3
native_system/queue/running_reg/C	native_system/queue/active_reg[1325]/CE	-1.241	8.528	3
native_system/queue/running_reg/C	native_system/queue/active_reg[1389]/CE	-1.241	8.528	3
native_system/queue/running_reg/C	native_system/queue/active_reg[1451]/CE	-1.241	8.528	3
native_system/digital/reset_sync_reg[1]/C	native_system/digital/bank/shadow_mask_reg[23]/CLR	-1.238	8.325	1
native_system/digital/reset_sync_reg[1]/C	native_system/digital/adc/spi/lane_reg[0][14]/CLR	-1.235	8.322	1
native_system/digital/reset_sync_reg[1]/C	native_system/digital/adc/spi/lane_reg[0][15]/CLR	-1.235	8.322	1
native_system/digital/reset_sync_reg[1]/C	native_system/digital/bank/active_calibration_reg[26][0]/CLR	-1.234	8.321	1
native_system/digital/reset_sync_reg[1]/C	native_system/digital/bank/active_calibration_reg[26][1]/CLR	-1.234	8.321	1
native_system/digital/reset_sync_reg[1]/C	native_system/digital/bank/active_calibration_reg[26][2]/CLR	-1.234	8.321	1
native_system/digital/reset_sync_reg[1]/C	native_system/digital/bank/active_mask_reg[23]/CLR	-1.234	8.321	1
native_system/digital/reset_sync_reg[1]/C	native_system/digital/bank/active_mask_reg[37]/CLR	-1.234	8.321	1
native_system/digital/reset_sync_reg[1]/C	native_system/digital/bank/active_mask_reg[71]/CLR	-1.234	8.321	1
native_system/digital/master_phase_reg[4]/C	native_system/digital/serial/captured_reg[110]/D	-1.234	8.803	3
native_system/queue/rd_reg[1]_rep__18/C	native_system/queue/active_reg[580]/D	-1.230	8.753	1
native_system/queue/running_reg/C	native_system/queue/queue_reg[0][1790]/CE	-1.230	8.517	4
native_system/digital/reset_sync_reg[1]/C	native_system/digital/bank/shadow_calibration_reg[5][2]/CLR	-1.230	8.403	1
native_system/digital/reset_sync_reg[1]/C	native_system/digital/bank/shadow_calibration_reg[5][6]/CLR	-1.230	8.403	1
native_system/digital/reset_sync_reg[1]/C	native_system/digital/bank/shadow_requested_reg[5][5]/CLR	-1.230	8.403	1
native_system/digital/master_phase_reg[4]/C	native_system/digital/serial/serial_data_reg[22]/D	-1.229	8.750	4
native_system/digital/reset_sync_reg[1]/C	native_system/digital/adc/spi/lane_reg[0][24]/CLR	-1.226	8.313	1
native_system/digital/reset_sync_reg[1]/C	native_system/digital/adc/spi/lane_reg[0][25]/CLR	-1.226	8.313	1
native_system/digital/cfg_reg[21][2]/C	native_system/digital/bank/shadow_requested_reg[36][1]/CE	-1.226	8.310	1
native_system/digital/cfg_reg[21][2]/C	native_system/digital/bank/shadow_requested_reg[36][2]/CE	-1.226	8.310	1
native_system/queue/running_reg/C	native_system/queue/queue_reg[2][1247]/CE	-1.226	8.513	4
native_system/queue/running_reg/C	native_system/queue/queue_reg[2][1556]/CE	-1.226	8.513	4
native_system/queue/running_reg/C	native_system/queue/queue_reg[2][1714]/CE	-1.226	8.513	4
native_system/queue/running_reg/C	native_system/queue/queue_reg[2][2030]/CE	-1.226	8.513	4
native_system/queue/running_reg/C	native_system/queue/queue_reg[2][1263]/CE	-1.225	8.512	4
native_system/queue/running_reg/C	native_system/queue/queue_reg[2][729]/CE	-1.225	8.512	4
native_system/queue/running_reg/C	native_system/queue/queue_reg[2][949]/CE	-1.225	8.512	4
native_system/digital/cfg_reg[22][4]/C	native_system/digital/bank/shadow_requested_reg[117][4]/D	-1.222	8.647	0
native_system/digital/cfg_reg[22][3]/C	native_system/digital/bank/shadow_requested_reg[51][3]/D	-1.221	8.668	0
native_system/digital/master_phase_reg[4]/C	native_system/digital/serial/captured_reg[92]/D	-1.219	8.740	3
native_system/digital/cfg_reg[22][2]/C	native_system/digital/bank/shadow_requested_reg[73][2]/D	-1.218	8.601	0
native_system/queue/running_reg/C	native_system/queue/active_reg[1072]/CE	-1.217	8.504	3
native_system/queue/running_reg/C	native_system/queue/active_reg[1081]/CE	-1.217	8.504	3
native_system/queue/running_reg/C	native_system/queue/active_reg[1179]/CE	-1.217	8.504	3
native_system/queue/running_reg/C	native_system/queue/active_reg[1246]/CE	-1.217	8.504	3
native_system/digital/cfg_reg[22][0]/C	native_system/digital/bank/shadow_requested_reg[111][0]/D	-1.214	8.643	0
native_system/queue/rd_reg[0]_rep__6/C	native_system/queue/active_reg[1576]/D	-1.212	8.781	1
native_system/queue/running_reg/C	native_system/queue/active_reg[1090]/CE	-1.211	8.534	3
native_system/queue/running_reg/C	native_system/queue/active_reg[1141]/CE	-1.211	8.534	3
native_system/queue/running_reg/C	native_system/queue/active_reg[1529]/CE	-1.211	8.534	3
native_system/queue/running_reg/C	native_system/queue/active_reg[1535]/CE	-1.211	8.534	3
native_system/digital/cfg_reg[21][4]/C	native_system/digital/bank/shadow_calibration_reg[98][5]/CE	-1.209	8.294	1
native_system/digital/reset_sync_reg[1]/C	native_system/digital/bank/active_calibration_reg[71][0]/CLR	-1.205	8.292	1
native_system/digital/reset_sync_reg[1]/C	native_system/digital/bank/active_calibration_reg[71][3]/CLR	-1.205	8.292	1
native_system/digital/reset_sync_reg[1]/C	native_system/digital/bank/active_requested_reg[79][5]/CLR	-1.205	8.292	1
native_system/digital/reset_sync_reg[1]/C	native_system/digital/bank/active_requested_reg[79][7]/CLR	-1.205	8.292	1
native_system/digital/reset_sync_reg[1]/C	native_system/digital/bank/shadow_requested_reg[79][5]/CLR	-1.201	8.288	1
native_system/digital/reset_sync_reg[1]/C	native_system/digital/bank/shadow_requested_reg[79][7]/CLR	-1.201	8.288	1
native_system/queue/running_reg/C	native_system/queue/active_reg[1109]/CE	-1.197	8.520	3
native_system/queue/running_reg/C	native_system/queue/active_reg[1237]/CE	-1.197	8.520	3
native_system/queue/running_reg/C	native_system/queue/active_reg[1257]/CE	-1.197	8.520	3
native_system/queue/running_reg/C	native_system/queue/active_reg[1515]/CE	-1.197	8.520	3
native_system/digital/reset_sync_reg[1]/C	native_system/digital/adc/frame_timestamp_reg[2]/CLR	-1.196	8.283	1
native_system/queue/running_reg/C	native_system/queue/active_reg[1085]/CE	-1.194	8.480	3
native_system/queue/running_reg/C	native_system/queue/active_reg[1108]/CE	-1.194	8.480	3
native_system/queue/running_reg/C	native_system/queue/active_reg[1137]/CE	-1.194	8.480	3
native_system/queue/running_reg/C	native_system/queue/active_reg[1435]/CE	-1.194	8.480	3
native_system/digital/cfg_reg[22][6]/C	native_system/digital/bank/shadow_requested_reg[70][6]/D	-1.193	8.580	0
native_system/digital/reset_sync_reg[1]/C	native_system/digital/bank/active_calibration_reg[5][7]/CLR	-1.191	8.278	1
native_system/digital/reset_sync_reg[1]/C	native_system/digital/bank/active_requested_reg[5][0]/CLR	-1.191	8.278	1
native_system/digital/reset_sync_reg[1]/C	native_system/digital/adc/spi/received_reg[31]/CLR	-1.191	8.322	1
native_system/digital/reset_sync_reg[1]/C	native_system/digital/adc/spi/received_reg[64]/CLR	-1.191	8.322	1
native_system/digital/reset_sync_reg[1]/C	native_system/digital/adc/spi/received_reg[9]/CLR	-1.191	8.322	1
native_system/digital/cfg_reg[21][2]/C	native_system/digital/bank/shadow_calibration_reg[32][5]/CE	-1.190	8.513	1
native_system/digital/master_phase_reg[0]_rep/C	native_system/digital/serial/captured_reg[90]/D	-1.189	8.712	4
native_system/digital/reset_sync_reg[1]/C	native_system/digital/bank/shadow_calibration_reg[5][3]/CLR	-1.187	8.274	1
native_system/digital/reset_sync_reg[1]/C	native_system/digital/bank/shadow_calibration_reg[5][7]/CLR	-1.187	8.274	1
native_system/digital/reset_sync_reg[1]/C	native_system/digital/bank/shadow_requested_reg[5][0]/CLR	-1.187	8.274	1
native_system/digital/reset_sync_reg[1]/C	native_system/digital/bank/shadow_requested_reg[5][1]/CLR	-1.187	8.274	1
native_system/queue/running_reg/C	native_system/queue/active_reg[1275]/CE	-1.182	8.469	3
native_system/queue/running_reg/C	native_system/queue/active_reg[1345]/CE	-1.182	8.469	3
native_system/queue/running_reg/C	native_system/queue/active_reg[1357]/CE	-1.182	8.469	3
native_system/queue/running_reg/C	native_system/queue/active_reg[1444]/CE	-1.182	8.469	3
native_system/digital/reset_sync_reg[1]/C	native_system/digital/scheduler/issued_reg[30]/CLR	-1.181	8.268	1
native_system/digital/reset_sync_reg[1]/C	native_system/digital/scheduler/issued_reg[31]/CLR	-1.181	8.268	1
native_system/digital/reset_sync_reg[1]/C	native_system/digital/adc/spi/lane_reg[0][26]/CLR	-1.181	8.268	1
native_system/digital/reset_sync_reg[1]/C	native_system/digital/adc/spi/lane_reg[0][27]/CLR	-1.181	8.268	1
native_system/digital/reset_sync_reg[1]/C	native_system/digital/adc/spi/lane_reg[0][30]/CLR	-1.181	8.268	1
native_system/digital/reset_sync_reg[1]/C	native_system/digital/adc/spi/lane_reg[0][31]/CLR	-1.181	8.268	1
native_system/queue/running_reg/C	native_system/queue/active_reg[1040]/CE	-1.172	8.495	3
native_system/queue/running_reg/C	native_system/queue/active_reg[1054]/CE	-1.172	8.495	3
native_system/queue/running_reg/C	native_system/queue/active_reg[1169]/CE	-1.172	8.495	3
native_system/queue/running_reg/C	native_system/queue/active_reg[1317]/CE	-1.172	8.495	3
native_system/queue/rd_reg[1]_rep__18/C	native_system/queue/active_reg[648]/D	-1.170	8.743	1
native_system/queue/running_reg/C	native_system/queue/active_reg[1041]/CE	-1.170	8.457	3
native_system/queue/running_reg/C	native_system/queue/active_reg[1337]/CE	-1.170	8.457	3
native_system/queue/running_reg/C	native_system/queue/active_reg[1473]/CE	-1.170	8.457	3
native_system/queue/running_reg/C	native_system/queue/active_reg[1530]/CE	-1.170	8.457	3
native_system/digital/reset_sync_reg[1]/C	native_system/digital/bank/shadow_calibration_reg[1][6]/CLR	-1.169	8.256	1
native_system/digital/reset_sync_reg[1]/C	native_system/digital/bank/shadow_mask_reg[1]/CLR	-1.169	8.256	1
native_system/digital/reset_sync_reg[1]/C	native_system/digital/bank/shadow_requested_reg[1][1]/CLR	-1.169	8.256	1
native_system/digital/reset_sync_reg[1]/C	native_system/digital/bank/shadow_requested_reg[1][4]/CLR	-1.169	8.256	1
native_system/digital/reset_sync_reg[1]/C	native_system/digital/bank/shadow_requested_reg[1][6]/CLR	-1.169	8.256	1
native_system/digital/reset_sync_reg[1]/C	native_system/digital/bank/shadow_requested_reg[1][7]/CLR	-1.169	8.256	1
native_system/queue/running_reg/C	native_system/queue/active_reg[1102]/CE	-1.167	8.490	3
native_system/queue/running_reg/C	native_system/queue/active_reg[1218]/CE	-1.167	8.490	3
native_system/queue/running_reg/C	native_system/queue/active_reg[1230]/CE	-1.167	8.490	3
native_system/queue/running_reg/C	native_system/queue/active_reg[1318]/CE	-1.167	8.490	3
native_system/digital/cfg_reg[10][0]/C	native_system/digital/scheduler/frame_count_reg[4]/CE	-1.163	8.450	14
native_system/digital/cfg_reg[10][0]/C	native_system/digital/scheduler/frame_count_reg[7]/CE	-1.163	8.450	14
native_system/digital/reset_sync_reg[1]/C	native_system/digital/bank/written_reg[25]/CLR	-1.163	8.336	1
native_system/digital/reset_sync_reg[1]/C	native_system/digital/bank/written_reg[33]/CLR	-1.163	8.336	1
native_system/digital/reset_sync_reg[1]/C	native_system/digital/bank/written_reg[37]/CLR	-1.163	8.336	1
native_system/digital/cfg_reg[22][6]/C	native_system/digital/bank/shadow_requested_reg[103][6]/D	-1.163	8.642	0
native_system/digital/cfg_reg[22][13]/C	native_system/digital/bank/shadow_calibration_reg[57][5]/D	-1.162	8.549	0
native_system/queue/running_reg/C	native_system/queue/active_reg[1158]/CE	-1.161	8.484	3
native_system/queue/running_reg/C	native_system/queue/active_reg[1236]/CE	-1.161	8.484	3
native_system/queue/running_reg/C	native_system/queue/active_reg[1427]/CE	-1.161	8.484	3
native_system/queue/running_reg/C	native_system/queue/active_reg[1433]/CE	-1.161	8.484	3
native_system/queue/running_reg/C	native_system/queue/active_reg[1105]/CE	-1.159	8.446	3
native_system/queue/running_reg/C	native_system/queue/active_reg[1209]/CE	-1.159	8.446	3
native_system/queue/running_reg/C	native_system/queue/active_reg[1212]/CE	-1.159	8.446	3
native_system/queue/running_reg/C	native_system/queue/active_reg[1331]/CE	-1.159	8.446	3
native_system/digital/master_phase_reg[0]_rep/C	native_system/digital/serial/captured_reg[102]/D	-1.159	8.732	4
native_system/digital/cfg_reg[22][6]/C	native_system/digital/bank/shadow_requested_reg[99][6]/D	-1.157	8.636	0
native_system/queue/running_reg/C	native_system/queue/active_reg[1076]/CE	-1.154	8.441	3
native_system/queue/running_reg/C	native_system/queue/active_reg[1140]/CE	-1.154	8.441	3
native_system/queue/running_reg/C	native_system/queue/active_reg[1326]/CE	-1.154	8.441	3
native_system/queue/running_reg/C	native_system/queue/active_reg[1458]/CE	-1.154	8.441	3
native_system/queue/running_reg/C	native_system/queue/active_reg[1517]/CE	-1.152	8.439	3
native_system/digital/reset_sync_reg[1]/C	native_system/digital/adc/spi/received_reg[10]/CLR	-1.149	8.322	1
native_system/digital/reset_sync_reg[1]/C	native_system/digital/adc/spi/received_reg[11]/CLR	-1.149	8.322	1
native_system/digital/reset_sync_reg[1]/C	native_system/digital/adc/spi/received_reg[29]/CLR	-1.149	8.322	1
native_system/digital/reset_sync_reg[1]/C	native_system/digital/adc/spi/received_reg[30]/CLR	-1.149	8.322	1
native_system/queue/running_reg/C	native_system/queue/active_reg[1064]/CE	-1.145	8.432	3
native_system/queue/running_reg/C	native_system/queue/active_reg[1192]/CE	-1.145	8.432	3
native_system/queue/running_reg/C	native_system/queue/queue_reg[0][1484]/CE	-1.144	8.467	4
native_system/queue/running_reg/C	native_system/queue/queue_reg[0][1672]/CE	-1.144	8.467	4
native_system/queue/running_reg/C	native_system/queue/queue_reg[0][624]/CE	-1.144	8.467	4
native_system/queue/running_reg/C	native_system/queue/queue_reg[0][753]/CE	-1.144	8.467	4
native_system/digital/cfg_reg[22][2]/C	native_system/digital/bank/shadow_requested_reg[93][2]/D	-1.142	8.567	0
native_system/digital/cfg_reg[22][2]/C	native_system/digital/bank/shadow_requested_reg[92][2]/D	-1.141	8.525	0
native_system/digital/cfg_reg[22][0]/C	native_system/digital/bank/shadow_requested_reg[104][0]/D	-1.140	8.571	0
native_system/digital/reset_sync_reg[1]/C	native_system/digital/adc/spi/received_reg[8]/CLR	-1.140	8.313	1
native_system/digital/boundary_reg/C	native_system/digital/bank/active_calibration_reg[72][5]/CE	-1.138	8.425	1
native_system/queue/running_reg/C	native_system/queue/queue_reg[1][1130]/CE	-1.135	8.422	4
native_system/queue/running_reg/C	native_system/queue/queue_reg[1][1648]/CE	-1.135	8.422	4
native_system/queue/running_reg/C	native_system/queue/queue_reg[1][1744]/CE	-1.135	8.422	4
native_system/queue/running_reg/C	native_system/queue/queue_reg[1][568]/CE	-1.135	8.422	4
native_system/queue/running_reg/C	native_system/queue/queue_reg[1][824]/CE	-1.135	8.422	4
native_system/queue/running_reg/C	native_system/queue/queue_reg[1][973]/CE	-1.135	8.422	4
native_system/queue/running_reg/C	native_system/queue/channel_reg[2]/CE	-1.135	8.422	3
native_system/queue/running_reg/C	native_system/queue/channel_reg[3]/CE	-1.135	8.422	3
native_system/queue/running_reg/C	native_system/queue/channel_reg[7]/CE	-1.135	8.422	3
native_system/queue/running_reg/C	native_system/queue/active_reg[1136]/CE	-1.135	8.458	3
native_system/queue/running_reg/C	native_system/queue/active_reg[1281]/CE	-1.135	8.458	3
native_system/queue/running_reg/C	native_system/queue/active_reg[1463]/CE	-1.135	8.458	3
native_system/digital/reset_sync_reg[1]/C	native_system/digital/bank/written_reg[0]/CLR	-1.135	8.222	1
native_system/digital/reset_sync_reg[1]/C	native_system/digital/bank/written_reg[2]/CLR	-1.135	8.222	1
native_system/digital/reset_sync_reg[1]/C	native_system/digital/adc/frame_reg[41]/CLR	-1.133	8.220	1
native_system/digital/reset_sync_reg[1]/C	native_system/digital/adc/frame_reg[59]/CLR	-1.133	8.220	1
native_system/digital/reset_sync_reg[1]/C	native_system/digital/adc/frame_reg[61]/CLR	-1.133	8.220	1
native_system/digital/reset_sync_reg[1]/C	native_system/digital/adc/frame_reg[63]/CLR	-1.133	8.220	1
native_system/digital/reset_sync_reg[1]/C	native_system/digital/adc/spi/received_reg[55]/CLR	-1.133	8.220	1
native_system/digital/cfg_reg[21][1]/C	native_system/digital/bank/shadow_calibration_reg[117][3]/CE	-1.131	8.251	1
native_system/digital/cfg_reg[21][1]/C	native_system/digital/bank/shadow_calibration_reg[117][6]/CE	-1.131	8.251	1
native_system/digital/cfg_reg[21][1]/C	native_system/digital/bank/shadow_requested_reg[117][2]/CE	-1.131	8.251	1
native_system/digital/cfg_reg[21][1]/C	native_system/digital/bank/shadow_requested_reg[117][5]/CE	-1.131	8.251	1
native_system/digital/cfg_reg[22][13]/C	native_system/digital/bank/shadow_calibration_reg[124][5]/D	-1.130	8.517	0
native_system/digital/reset_sync_reg[1]/C	native_system/digital/bank/shadow_requested_reg[5][6]/CLR	-1.130	8.217	1
native_system/digital/reset_sync_reg[1]/C	native_system/digital/adc/count_reg[10]/CLR	-1.130	8.217	1
native_system/digital/reset_sync_reg[1]/C	native_system/digital/adc/count_reg[12]/CLR	-1.130	8.217	1
native_system/digital/reset_sync_reg[1]/C	native_system/digital/adc/count_reg[5]/CLR	-1.130	8.217	1
native_system/digital/reset_sync_reg[1]/C	native_system/digital/adc/count_reg[8]/CLR	-1.130	8.217	1
native_system/digital/reset_sync_reg[1]/C	native_system/digital/adc/frame_reg[43]/CLR	-1.129	8.216	1
native_system/digital/reset_sync_reg[1]/C	native_system/digital/adc/frame_reg[55]/CLR	-1.129	8.216	1
native_system/digital/cfg_reg[10][0]/C	native_system/digital/scheduler/frame_count_reg[10]/CE	-1.127	8.450	14
native_system/digital/cfg_reg[10][0]/C	native_system/digital/scheduler/frame_count_reg[9]/CE	-1.127	8.450	14
native_system/digital/cfg_reg[22][14]/C	native_system/digital/bank/shadow_calibration_reg[101][6]/D	-1.127	8.588	0
native_system/digital/reset_sync_reg[1]/C	native_system/digital/bank/shadow_calibration_reg[17][0]/CLR	-1.127	8.214	1
native_system/digital/reset_sync_reg[1]/C	native_system/digital/bank/shadow_calibration_reg[17][1]/CLR	-1.127	8.214	1
native_system/digital/reset_sync_reg[1]/C	native_system/digital/bank/shadow_requested_reg[17][0]/CLR	-1.127	8.214	1
native_system/digital/reset_sync_reg[1]/C	native_system/digital/bank/shadow_requested_reg[17][3]/CLR	-1.127	8.214	1
native_system/queue/running_reg/C	native_system/queue/queue_reg[3][1210]/CE	-1.123	8.446	4
native_system/queue/running_reg/C	native_system/queue/queue_reg[3][1414]/CE	-1.123	8.446	4
native_system/queue/running_reg/C	native_system/queue/queue_reg[3][604]/CE	-1.123	8.446	4
native_system/queue/running_reg/C	native_system/queue/queue_reg[3][620]/CE	-1.123	8.446	4
native_system/queue/running_reg/C	native_system/queue/queue_reg[3][813]/CE	-1.123	8.446	4
native_system/queue/running_reg/C	native_system/queue/queue_reg[3][845]/CE	-1.123	8.446	4
native_system/queue/running_reg/C	native_system/queue/queue_reg[3][940]/CE	-1.123	8.446	4
native_system/queue/running_reg/C	native_system/queue/queue_reg[3][961]/CE	-1.123	8.446	4
native_system/digital/reset_sync_reg[1]/C	native_system/digital/bank/active_calibration_reg[5][3]/CLR	-1.123	8.210	1
native_system/digital/reset_sync_reg[1]/C	native_system/digital/bank/active_calibration_reg[5][4]/CLR	-1.123	8.210	1
native_system/digital/reset_sync_reg[1]/C	native_system/digital/bank/active_requested_reg[17][3]/CLR	-1.123	8.210	1
native_system/digital/reset_sync_reg[1]/C	native_system/digital/bank/active_requested_reg[5][4]/CLR	-1.123	8.210	1
native_system/digital/cfg_reg[22][3]/C	native_system/digital/bank/shadow_requested_reg[48][3]/D	-1.120	8.511	0
native_system/queue/running_reg/C	native_system/queue/active_reg[1181]/CE	-1.119	8.406	3
native_system/queue/running_reg/C	native_system/queue/active_reg[1202]/CE	-1.119	8.406	3
native_system/queue/running_reg/C	native_system/queue/active_reg[1233]/CE	-1.119	8.406	3
native_system/queue/running_reg/C	native_system/queue/active_reg[1243]/CE	-1.119	8.406	3
native_system/digital/master_phase_reg[0]_rep/C	native_system/digital/serial/captured_reg[69]/D	-1.118	8.639	4
native_system/digital/cfg_reg[22][6]/C	native_system/digital/bank/shadow_requested_reg[86][6]/D	-1.117	8.562	0
native_system/queue/running_reg/C	native_system/queue/active_reg[1188]/CE	-1.114	8.401	3
native_system/queue/running_reg/C	native_system/queue/active_reg[1415]/CE	-1.114	8.401	3
native_system/queue/running_reg/C	native_system/queue/active_reg[1437]/CE	-1.114	8.401	3
native_system/queue/running_reg/C	native_system/queue/active_reg[1503]/CE	-1.114	8.401	3
native_system/digital/boundary_reg/C	native_system/digital/bank/active_calibration_reg[49][3]/CE	-1.112	8.399	1
native_system/digital/boundary_reg/C	native_system/digital/bank/active_calibration_reg[49][4]/CE	-1.112	8.399	1
native_system/digital/boundary_reg/C	native_system/digital/bank/active_calibration_reg[49][5]/CE	-1.112	8.399	1
native_system/digital/reset_sync_reg[1]/C	native_system/digital/scheduler/burst_timestamp_reg[10]/CLR	-1.110	8.283	1
native_system/digital/reset_sync_reg[1]/C	native_system/digital/scheduler/burst_timestamp_reg[11]/CLR	-1.110	8.283	1
native_system/digital/reset_sync_reg[1]/C	native_system/digital/scheduler/burst_timestamp_reg[12]/CLR	-1.110	8.283	1
native_system/digital/reset_sync_reg[1]/C	native_system/digital/scheduler/burst_timestamp_reg[9]/CLR	-1.110	8.283	1
native_system/queue/running_reg/C	native_system/queue/active_reg[1145]/CE	-1.108	8.431	3
native_system/queue/running_reg/C	native_system/queue/active_reg[1166]/CE	-1.108	8.431	3
native_system/queue/running_reg/C	native_system/queue/active_reg[1206]/CE	-1.108	8.431	3
native_system/queue/running_reg/C	native_system/queue/active_reg[1290]/CE	-1.108	8.431	3
native_system/queue/running_reg/C	bridge/s_rdata_reg[1]/D	-1.107	8.717	7
native_system/queue/running_reg/C	native_system/queue/channel_reg[1]/CE	-1.107	8.394	3
native_system/queue/running_reg/C	native_system/queue/channel_reg[4]/CE	-1.107	8.394	3
native_system/digital/boundary_reg/C	native_system/digital/bank/active_calibration_reg[37][0]/CE	-1.107	8.394	1
native_system/digital/reset_sync_reg[1]/C	native_system/digital/adc/pending_timestamp_reg[0]/CLR	-1.106	8.279	1
native_system/queue/running_reg/C	native_system/queue/active_reg[1077]/CE	-1.103	8.426	3
native_system/queue/running_reg/C	native_system/queue/active_reg[1467]/CE	-1.103	8.426	3
native_system/digital/boundary_reg/C	native_system/digital/bank/active_requested_reg[49][4]/CE	-1.103	8.390	1
native_system/digital/cfg_reg[22][6]/C	native_system/digital/bank/shadow_requested_reg[91][6]/D	-1.101	8.580	0
native_system/queue/running_reg/C	native_system/queue/queue_reg[0][1748]/CE	-1.100	8.387	4
native_system/queue/running_reg/C	native_system/queue/queue_reg[0][1832]/CE	-1.100	8.387	4
native_system/queue/running_reg/C	native_system/queue/queue_reg[0][529]/CE	-1.100	8.387	4
native_system/digital/cfg_reg[22][13]/C	native_system/digital/bank/shadow_calibration_reg[101][5]/D	-1.099	8.516	0
native_system/digital/boundary_reg/C	native_system/digital/bank/active_requested_reg[0][4]/CE	-1.099	8.386	1
native_system/digital/cfg_reg[21][2]/C	native_system/digital/bank/shadow_calibration_reg[36][4]/CE	-1.098	8.182	1
native_system/digital/reset_sync_reg[1]/C	native_system/digital/bank/shadow_calibration_reg[117][0]/CLR	-1.096	8.183	1
native_system/digital/reset_sync_reg[1]/C	native_system/digital/bank/shadow_calibration_reg[117][4]/CLR	-1.096	8.183	1
native_system/digital/reset_sync_reg[1]/C	native_system/digital/bank/shadow_calibration_reg[117][5]/CLR	-1.096	8.183	1
native_system/digital/reset_sync_reg[1]/C	native_system/digital/bank/shadow_calibration_reg[117][7]/CLR	-1.096	8.183	1
native_system/digital/reset_sync_reg[1]/C	native_system/digital/bank/shadow_requested_reg[117][1]/CLR	-1.096	8.183	1
native_system/digital/reset_sync_reg[1]/C	native_system/digital/bank/shadow_requested_reg[117][7]/CLR	-1.096	8.183	1
native_system/digital/cfg_reg[21][1]/C	native_system/digital/bank/shadow_requested_reg[117][4]/CE	-1.096	8.180	1
native_system/digital/cfg_reg[21][1]/C	native_system/digital/bank/shadow_requested_reg[117][6]/CE	-1.096	8.180	1
native_system/digital/reset_sync_reg[1]/C	native_system/digital/adc/spi/received_reg[12]/CLR	-1.095	8.268	1
native_system/queue/running_reg/C	native_system/queue/active_reg[1174]/CE	-1.092	8.379	3
native_system/queue/running_reg/C	native_system/queue/active_reg[1283]/CE	-1.092	8.379	3
native_system/queue/running_reg/C	native_system/queue/active_reg[1390]/CE	-1.092	8.379	3
native_system/queue/running_reg/C	native_system/queue/active_reg[1527]/CE	-1.092	8.379	3
native_system/queue/running_reg/C	native_system/queue/active_reg[1201]/CE	-1.091	8.414	3
native_system/queue/running_reg/C	native_system/queue/active_reg[1277]/CE	-1.091	8.414	3
native_system/queue/running_reg/C	native_system/queue/active_reg[1445]/CE	-1.091	8.414	3
native_system/digital/master_phase_reg[0]_rep/C	native_system/digital/serial/serial_data_reg[26]/D	-1.089	8.612	5
native_system/queue/running_reg/C	native_system/queue/active_reg[1177]/CE	-1.088	8.375	3
native_system/queue/running_reg/C	native_system/queue/active_reg[1423]/CE	-1.088	8.375	3
native_system/queue/running_reg/C	native_system/queue/active_reg[1455]/CE	-1.088	8.375	3
native_system/queue/running_reg/C	native_system/queue/active_reg[1509]/CE	-1.088	8.375	3
native_system/queue/running_reg/C	native_system/queue/active_reg[1381]/CE	-1.087	8.374	3
native_system/queue/running_reg/C	native_system/queue/active_reg[1499]/CE	-1.087	8.374	3
native_system/queue/running_reg/C	native_system/queue/active_reg[1616]/CE	-1.087	8.374	3
native_system/queue/running_reg/C	native_system/queue/active_reg[837]/CE	-1.087	8.374	3
native_system/queue/running_reg/C	native_system/queue/active_reg[1298]/CE	-1.085	8.372	3
native_system/queue/running_reg/C	native_system/queue/active_reg[1327]/CE	-1.085	8.372	3
native_system/queue/running_reg/C	native_system/queue/active_reg[1128]/CE	-1.084	8.371	3
native_system/queue/running_reg/C	native_system/queue/active_reg[1286]/CE	-1.084	8.371	3
native_system/queue/running_reg/C	native_system/queue/active_reg[1288]/CE	-1.084	8.371	3
native_system/queue/running_reg/C	native_system/queue/active_reg[1426]/CE	-1.084	8.371	3
native_system/digital/reset_sync_reg[1]/C	native_system/digital/bank/active_calibration_reg[5][5]/CLR	-1.083	8.256	1
native_system/digital/reset_sync_reg[1]/C	native_system/digital/bank/active_mask_reg[1]/CLR	-1.083	8.256	1
native_system/digital/reset_sync_reg[1]/C	native_system/digital/bank/active_requested_reg[5][7]/CLR	-1.083	8.256	1
native_system/queue/running_reg/C	native_system/queue/active_reg[1045]/CE	-1.082	8.369	3
native_system/queue/running_reg/C	native_system/queue/active_reg[1061]/CE	-1.082	8.369	3
native_system/queue/running_reg/C	native_system/queue/active_reg[1068]/CE	-1.082	8.369	3
native_system/queue/running_reg/C	native_system/queue/active_reg[1387]/CE	-1.082	8.369	3
native_system/queue/running_reg/C	native_system/queue/active_reg[1142]/CE	-1.080	8.403	3
native_system/queue/running_reg/C	native_system/queue/active_reg[1241]/CE	-1.080	8.403	3
native_system/queue/running_reg/C	native_system/queue/active_reg[1493]/CE	-1.080	8.403	3
native_system/queue/running_reg/C	native_system/queue/active_reg[1522]/CE	-1.080	8.403	3
native_system/queue/running_reg/C	native_system/queue/active_reg[1132]/CE	-1.078	8.401	3
native_system/queue/running_reg/C	native_system/queue/active_reg[1339]/CE	-1.078	8.401	3
native_system/queue/running_reg/C	native_system/queue/active_reg[1355]/CE	-1.078	8.401	3
native_system/queue/running_reg/C	native_system/queue/active_reg[1375]/CE	-1.078	8.401	3
native_system/digital/boundary_reg/C	native_system/digital/bank/active_calibration_reg[127][1]/CE	-1.078	8.365	1
native_system/digital/boundary_reg/C	native_system/digital/bank/active_calibration_reg[0][3]/CE	-1.078	8.401	1
native_system/digital/boundary_reg/C	native_system/digital/bank/active_calibration_reg[127][0]/CE	-1.078	8.401	1
native_system/digital/boundary_reg/C	native_system/digital/bank/active_calibration_reg[127][2]/CE	-1.078	8.401	1
native_system/digital/boundary_reg/C	native_system/digital/bank/active_calibration_reg[127][3]/CE	-1.078	8.401	1
native_system/digital/boundary_reg/C	native_system/digital/bank/active_requested_reg[127][0]/CE	-1.078	8.401	1
native_system/digital/boundary_reg/C	native_system/digital/bank/active_requested_reg[127][1]/CE	-1.078	8.401	1
native_system/digital/boundary_reg/C	native_system/digital/bank/active_requested_reg[127][2]/CE	-1.078	8.401	1
native_system/digital/boundary_reg/C	native_system/digital/bank/active_requested_reg[127][3]/CE	-1.078	8.401	1
native_system/digital/cfg_reg[22][0]/C	native_system/digital/bank/shadow_requested_reg[112][0]/D	-1.077	8.464	0
native_system/digital/boundary_reg/C	native_system/digital/bank/active_calibration_reg[13][1]/CE	-1.074	8.361	1
native_system/digital/boundary_reg/C	native_system/digital/bank/active_requested_reg[13][2]/CE	-1.074	8.361	1
native_system/digital/boundary_reg/C	native_system/digital/bank/active_requested_reg[13][3]/CE	-1.074	8.361	1
native_system/digital/cfg_reg[22][0]/C	native_system/digital/bank/shadow_requested_reg[66][0]/D	-1.074	8.458	0
native_system/queue/running_reg/C	native_system/queue/queue_reg[2][1418]/CE	-1.071	8.394	4
native_system/queue/running_reg/C	native_system/queue/queue_reg[3][1036]/CE	-1.070	8.357	4
native_system/queue/running_reg/C	native_system/queue/queue_reg[3][1052]/CE	-1.070	8.357	4
native_system/queue/running_reg/C	native_system/queue/queue_reg[3][1428]/CE	-1.070	8.357	4
native_system/queue/running_reg/C	native_system/queue/queue_reg[3][1653]/CE	-1.070	8.357	4
native_system/queue/running_reg/C	native_system/queue/queue_reg[3][537]/CE	-1.070	8.357	4
native_system/queue/running_reg/C	native_system/queue/queue_reg[3][554]/CE	-1.070	8.357	4
native_system/queue/running_reg/C	native_system/queue/queue_reg[3][701]/CE	-1.070	8.357	4
native_system/queue/running_reg/C	native_system/queue/queue_reg[3][738]/CE	-1.070	8.357	4
native_system/queue/running_reg/C	native_system/queue/queue_reg[3][1043]/CE	-1.067	8.354	4
native_system/queue/running_reg/C	native_system/queue/queue_reg[3][1079]/CE	-1.067	8.354	4
native_system/queue/running_reg/C	native_system/queue/queue_reg[3][1350]/CE	-1.067	8.354	4
native_system/queue/running_reg/C	native_system/queue/queue_reg[3][1482]/CE	-1.067	8.354	4
native_system/queue/running_reg/C	native_system/queue/queue_reg[3][1547]/CE	-1.067	8.354	4
native_system/queue/running_reg/C	native_system/queue/queue_reg[3][1552]/CE	-1.067	8.354	4
native_system/queue/running_reg/C	native_system/queue/queue_reg[3][973]/CE	-1.067	8.354	4
native_system/digital/boundary_reg/C	native_system/digital/bank/active_calibration_reg[49][6]/CE	-1.067	8.390	1
native_system/digital/boundary_reg/C	native_system/digital/bank/active_requested_reg[49][5]/CE	-1.067	8.390	1
native_system/digital/boundary_reg/C	native_system/digital/bank/active_requested_reg[49][7]/CE	-1.067	8.390	1
native_system/digital/reset_sync_reg[1]/C	native_system/digital/bank/active_calibration_reg[24][1]/CLR	-1.065	8.152	1
native_system/digital/reset_sync_reg[1]/C	native_system/digital/bank/active_calibration_reg[24][4]/CLR	-1.065	8.152	1
native_system/digital/reset_sync_reg[1]/C	native_system/digital/bank/active_calibration_reg[24][6]/CLR	-1.065	8.152	1
native_system/digital/reset_sync_reg[1]/C	native_system/digital/bank/active_calibration_reg[24][7]/CLR	-1.065	8.152	1
native_system/digital/reset_sync_reg[1]/C	native_system/digital/bank/active_calibration_reg[28][0]/CLR	-1.065	8.152	1
native_system/digital/reset_sync_reg[1]/C	native_system/digital/bank/active_requested_reg[24][4]/CLR	-1.065	8.152	1
native_system/digital/reset_sync_reg[1]/C	native_system/digital/bank/active_requested_reg[24][7]/CLR	-1.065	8.152	1
native_system/digital/reset_sync_reg[1]/C	native_system/digital/adc/spi/lane_reg[2][22]/CLR	-1.063	8.150	1
native_system/digital/reset_sync_reg[1]/C	native_system/digital/adc/spi/lane_reg[2][23]/CLR	-1.063	8.150	1
native_system/digital/cfg_reg[10][0]/C	native_system/digital/scheduler/total_reg[24]/CE	-1.063	8.350	13
native_system/digital/cfg_reg[10][0]/C	native_system/digital/scheduler/total_reg[25]/CE	-1.063	8.350	13
native_system/digital/cfg_reg[10][0]/C	native_system/digital/scheduler/total_reg[26]/CE	-1.063	8.350	13
native_system/digital/cfg_reg[10][0]/C	native_system/digital/scheduler/total_reg[27]/CE	-1.063	8.350	13
native_system/queue/running_reg/C	native_system/queue/queue_reg[1][1030]/CE	-1.060	8.383	4
native_system/queue/running_reg/C	native_system/queue/queue_reg[1][1361]/CE	-1.060	8.383	4
native_system/queue/running_reg/C	native_system/queue/queue_reg[1][1653]/CE	-1.060	8.383	4
native_system/queue/running_reg/C	native_system/queue/queue_reg[1][352]/CE	-1.060	8.383	4
native_system/queue/running_reg/C	native_system/queue/queue_reg[1][537]/CE	-1.060	8.383	4
native_system/queue/running_reg/C	native_system/queue/queue_reg[1][860]/CE	-1.060	8.383	4
native_system/queue/running_reg/C	native_system/queue/queue_reg[1][936]/CE	-1.060	8.383	4
native_system/queue/running_reg/C	native_system/queue/active_reg[1173]/CE	-1.060	8.383	3
native_system/queue/running_reg/C	native_system/queue/active_reg[1213]/CE	-1.060	8.383	3
native_system/queue/running_reg/C	native_system/queue/active_reg[1253]/CE	-1.060	8.383	3
native_system/queue/running_reg/C	native_system/queue/active_reg[1323]/CE	-1.060	8.383	3
native_system/queue/running_reg/C	native_system/queue/active_reg[1162]/CE	-1.059	8.382	3
native_system/queue/running_reg/C	native_system/queue/active_reg[1222]/CE	-1.059	8.382	3
native_system/queue/running_reg/C	native_system/queue/active_reg[1353]/CE	-1.059	8.382	3
native_system/queue/running_reg/C	native_system/queue/active_reg[1471]/CE	-1.059	8.382	3
native_system/queue/running_reg/C	native_system/queue/active_reg[1385]/CE	-1.059	8.382	3
native_system/queue/running_reg/C	native_system/queue/active_reg[1439]/CE	-1.059	8.382	3
native_system/queue/running_reg/C	native_system/queue/active_reg[1466]/CE	-1.059	8.382	3
native_system/queue/running_reg/C	native_system/queue/queue_reg[2][773]/CE	-1.059	8.346	4
native_system/queue/running_reg/C	native_system/queue/active_reg[1256]/CE	-1.059	8.346	3
native_system/digital/cfg_reg[22][0]/C	native_system/digital/bank/shadow_requested_reg[83][0]/D	-1.058	8.442	0
native_system/queue/running_reg/C	native_system/queue/active_reg[1125]/CE	-1.056	8.379	3
native_system/queue/running_reg/C	native_system/queue/active_reg[1319]/CE	-1.056	8.379	3
native_system/queue/running_reg/C	native_system/queue/active_reg[1450]/CE	-1.056	8.379	3
native_system/queue/running_reg/C	native_system/queue/active_reg[1511]/CE	-1.056	8.379	3
native_system/queue/running_reg/C	native_system/queue/channel_reg[10]/CE	-1.056	8.379	3
native_system/queue/running_reg/C	native_system/queue/channel_reg[11]/CE	-1.056	8.379	3
native_system/queue/running_reg/C	native_system/queue/channel_reg[8]/CE	-1.056	8.379	3
native_system/queue/running_reg/C	native_system/queue/channel_reg[9]/CE	-1.056	8.379	3
native_system/digital/cfg_reg[10][0]/C	native_system/digital/scheduler/total_reg[16]/CE	-1.055	8.342	13
native_system/digital/cfg_reg[10][0]/C	native_system/digital/scheduler/total_reg[17]/CE	-1.055	8.342	13
native_system/digital/cfg_reg[10][0]/C	native_system/digital/scheduler/total_reg[18]/CE	-1.055	8.342	13
native_system/digital/cfg_reg[10][0]/C	native_system/digital/scheduler/total_reg[19]/CE	-1.055	8.342	13
native_system/digital/cfg_reg[10][0]/C	native_system/digital/scheduler/selected_tx_reg[2]/CE	-1.055	8.342	13
native_system/digital/cfg_reg[10][0]/C	native_system/digital/scheduler/selected_tx_reg[3]/CE	-1.055	8.342	13
native_system/digital/cfg_reg[10][0]/C	native_system/digital/scheduler/selected_tx_reg[4]/CE	-1.055	8.342	13
native_system/digital/cfg_reg[10][0]/C	native_system/digital/scheduler/total_reg[0]/CE	-1.054	8.341	13
native_system/digital/cfg_reg[10][0]/C	native_system/digital/scheduler/total_reg[1]/CE	-1.054	8.341	13
native_system/digital/cfg_reg[10][0]/C	native_system/digital/scheduler/total_reg[2]/CE	-1.054	8.341	13
native_system/digital/cfg_reg[10][0]/C	native_system/digital/scheduler/total_reg[3]/CE	-1.054	8.341	13
native_system/queue/running_reg/C	native_system/queue/active_reg[1073]/CE	-1.051	8.374	3
native_system/queue/running_reg/C	native_system/queue/active_reg[1203]/CE	-1.051	8.374	3
native_system/queue/running_reg/C	native_system/queue/active_reg[1371]/CE	-1.051	8.374	3
native_system/queue/running_reg/C	native_system/queue/active_reg[1403]/CE	-1.051	8.374	3
native_system/queue/running_reg/C	native_system/queue/active_reg[1216]/CE	-1.051	8.374	3
native_system/queue/running_reg/C	native_system/queue/active_reg[1265]/CE	-1.051	8.374	3
native_system/queue/running_reg/C	native_system/queue/active_reg[1282]/CE	-1.051	8.374	3
native_system/queue/running_reg/C	native_system/queue/active_reg[1549]/CE	-1.051	8.374	3
native_system/digital/boundary_reg/C	native_system/digital/bank/active_calibration_reg[49][0]/CE	-1.049	8.372	1
native_system/digital/boundary_reg/C	native_system/digital/bank/active_calibration_reg[49][1]/CE	-1.049	8.372	1
native_system/digital/boundary_reg/C	native_system/digital/bank/active_calibration_reg[49][2]/CE	-1.049	8.372	1
native_system/digital/boundary_reg/C	native_system/digital/bank/active_requested_reg[49][0]/CE	-1.049	8.372	1
native_system/digital/reset_sync_reg[1]/C	native_system/digital/adc/spi/received_reg[43]/CLR	-1.047	8.220	1
native_system/queue/running_reg/C	native_system/queue/active_reg[1217]/CE	-1.046	8.369	3
native_system/queue/running_reg/C	native_system/queue/active_reg[1248]/CE	-1.046	8.369	3
native_system/queue/running_reg/C	native_system/queue/active_reg[1306]/CE	-1.046	8.369	3
native_system/queue/running_reg/C	native_system/queue/active_reg[1351]/CE	-1.046	8.369	3
native_system/digital/master_phase_reg[4]/C	native_system/digital/serial/captured_reg[126]/D	-1.046	8.569	3
native_system/queue/running_reg/C	native_system/queue/active_reg[1121]/CE	-1.045	8.368	3
native_system/queue/running_reg/C	native_system/queue/active_reg[1156]/CE	-1.045	8.368	3
native_system/queue/running_reg/C	native_system/queue/active_reg[1477]/CE	-1.045	8.368	3
native_system/queue/running_reg/C	native_system/queue/queue_reg[0][1043]/CE	-1.045	8.332	4
native_system/queue/running_reg/C	native_system/queue/queue_reg[0][1214]/CE	-1.045	8.332	4
native_system/queue/running_reg/C	native_system/queue/queue_reg[0][1350]/CE	-1.045	8.332	4
native_system/queue/running_reg/C	native_system/queue/queue_reg[0][1482]/CE	-1.045	8.332	4
native_system/digital/reset_sync_reg[1]/C	native_system/digital/scheduler/done_reg/CLR	-1.044	8.131	1
native_system/digital/reset_sync_reg[1]/C	native_system/digital/scheduler/issued_reg[22]/CLR	-1.042	8.129	1
native_system/digital/reset_sync_reg[1]/C	native_system/digital/scheduler/issued_reg[23]/CLR	-1.042	8.129	1
native_system/digital/reset_sync_reg[1]/C	native_system/digital/scheduler/issued_reg[24]/CLR	-1.042	8.129	1
native_system/digital/reset_sync_reg[1]/C	native_system/digital/scheduler/issued_reg[25]/CLR	-1.042	8.129	1
native_system/digital/reset_sync_reg[1]/C	native_system/digital/scheduler/issued_reg[26]/CLR	-1.042	8.129	1
native_system/digital/reset_sync_reg[1]/C	native_system/digital/scheduler/issued_reg[27]/CLR	-1.042	8.129	1
native_system/digital/reset_sync_reg[1]/C	native_system/digital/scheduler/issued_reg[28]/CLR	-1.042	8.129	1
native_system/digital/reset_sync_reg[1]/C	native_system/digital/scheduler/issued_reg[29]/CLR	-1.042	8.129	1
native_system/queue/running_reg/C	native_system/queue/active_reg[1388]/CE	-1.041	8.328	3
native_system/queue/running_reg/C	native_system/queue/active_reg[1405]/CE	-1.041	8.328	3
native_system/queue/running_reg/C	native_system/queue/active_reg[1516]/CE	-1.041	8.328	3
native_system/digital/reset_sync_reg[1]/C	native_system/digital/adc/spi/received_reg[13]/CLR	-1.040	8.127	1
native_system/digital/reset_sync_reg[1]/C	native_system/digital/adc/spi/received_reg[14]/CLR	-1.040	8.127	1
native_system/digital/reset_sync_reg[1]/C	native_system/digital/adc/spi/received_reg[15]/CLR	-1.040	8.127	1
native_system/digital/reset_sync_reg[1]/C	native_system/digital/scheduler/sample_request_reg/CLR	-1.040	8.127	1
native_system/digital/master_phase_reg[4]/C	native_system/digital/serial/captured_reg[99]/D	-1.039	8.484	3
native_system/digital/master_phase_reg[1]_rep/C	native_system/digital/serial/captured_reg[119]/D	-1.038	8.483	4
native_system/queue/running_reg/C	native_system/queue/active_reg[1103]/CE	-1.037	8.360	3
native_system/queue/running_reg/C	native_system/queue/active_reg[1204]/CE	-1.037	8.360	3
native_system/queue/running_reg/C	native_system/queue/active_reg[1459]/CE	-1.037	8.360	3
native_system/queue/running_reg/C	native_system/queue/active_reg[1508]/CE	-1.037	8.360	3
native_system/queue/running_reg/C	native_system/queue/queue_reg[0][1075]/CE	-1.037	8.324	4
native_system/queue/running_reg/C	native_system/queue/queue_reg[0][1776]/CE	-1.037	8.324	4
native_system/queue/running_reg/C	native_system/queue/queue_reg[0][693]/CE	-1.037	8.324	4
native_system/digital/cfg_reg[21][4]/C	native_system/digital/bank/shadow_calibration_reg[92][6]/CE	-1.031	8.115	1
native_system/digital/cfg_reg[21][4]/C	native_system/digital/bank/shadow_calibration_reg[92][7]/CE	-1.031	8.115	1
native_system/digital/cfg_reg[21][4]/C	native_system/digital/bank/shadow_requested_reg[92][4]/CE	-1.031	8.115	1
native_system/digital/cfg_reg[21][4]/C	native_system/digital/bank/shadow_requested_reg[92][6]/CE	-1.031	8.115	1
native_system/digital/boundary_reg/C	native_system/digital/bank/active_calibration_reg[37][3]/CE	-1.031	8.354	1
native_system/digital/boundary_reg/C	native_system/digital/bank/active_requested_reg[37][0]/CE	-1.031	8.354	1
native_system/digital/boundary_reg/C	native_system/digital/bank/active_requested_reg[37][1]/CE	-1.031	8.354	1
native_system/digital/boundary_reg/C	native_system/digital/bank/active_requested_reg[37][3]/CE	-1.031	8.354	1
native_system/digital/cfg_reg[22][4]/C	native_system/digital/bank/shadow_requested_reg[90][4]/D	-1.025	8.436	0
native_system/queue/running_reg/C	native_system/queue/queue_reg[0][1062]/CE	-1.024	8.311	4
native_system/queue/running_reg/C	native_system/queue/queue_reg[0][1105]/CE	-1.024	8.311	4
native_system/queue/running_reg/C	native_system/queue/queue_reg[0][1182]/CE	-1.024	8.311	4
native_system/queue/running_reg/C	native_system/queue/queue_reg[0][1209]/CE	-1.024	8.311	4
native_system/queue/running_reg/C	native_system/queue/queue_reg[0][1212]/CE	-1.024	8.311	4
native_system/queue/running_reg/C	native_system/queue/queue_reg[0][1331]/CE	-1.024	8.311	4
native_system/queue/running_reg/C	native_system/queue/queue_reg[0][1421]/CE	-1.024	8.311	4
native_system/queue/running_reg/C	native_system/queue/queue_reg[0][1517]/CE	-1.024	8.311	4
native_system/digital/master_phase_reg[1]_rep/C	native_system/digital/serial/serial_data_reg[29]/D	-1.020	8.543	5
native_system/digital/reset_sync_reg[1]/C	native_system/digital/adc/frame_reg[29]/CLR	-1.019	8.150	1
native_system/digital/reset_sync_reg[1]/C	native_system/digital/adc/frame_reg[31]/CLR	-1.019	8.150	1
native_system/digital/reset_sync_reg[1]/C	native_system/digital/adc/frame_reg[64]/CLR	-1.019	8.150	1
native_system/digital/reset_sync_reg[1]/C	native_system/digital/adc/frame_reg[9]/CLR	-1.019	8.150	1
native_system/queue/running_reg/C	native_system/queue/queue_reg[3][1396]/CE	-1.019	8.306	4
native_system/queue/running_reg/C	native_system/queue/queue_reg[3][1441]/CE	-1.019	8.306	4
native_system/queue/running_reg/C	native_system/queue/queue_reg[3][480]/CE	-1.019	8.306	4
native_system/queue/running_reg/C	native_system/queue/queue_reg[3][615]/CE	-1.019	8.306	4
native_system/queue/running_reg/C	native_system/queue/queue_reg[3][779]/CE	-1.019	8.306	4
native_system/queue/running_reg/C	native_system/queue/queue_reg[3][843]/CE	-1.019	8.306	4
native_system/queue/running_reg/C	native_system/queue/queue_reg[3][893]/CE	-1.019	8.306	4
native_system/queue/running_reg/C	native_system/queue/queue_reg[3][976]/CE	-1.019	8.306	4
native_system/queue/running_reg/C	native_system/queue/queue_reg[2][1056]/CE	-1.018	8.341	4
native_system/queue/running_reg/C	native_system/queue/queue_reg[2][1478]/CE	-1.018	8.341	4
native_system/queue/running_reg/C	native_system/queue/queue_reg[2][627]/CE	-1.018	8.341	4
native_system/queue/running_reg/C	native_system/queue/queue_reg[2][689]/CE	-1.018	8.341	4
native_system/queue/running_reg/C	native_system/queue/queue_reg[2][696]/CE	-1.018	8.341	4
native_system/queue/running_reg/C	native_system/queue/queue_reg[2][793]/CE	-1.018	8.341	4
native_system/queue/running_reg/C	native_system/queue/queue_reg[2][852]/CE	-1.018	8.341	4
native_system/queue/running_reg/C	native_system/queue/queue_reg[2][940]/CE	-1.018	8.341	4
native_system/queue/running_reg/C	native_system/queue/queue_reg[3][1650]/CE	-1.017	8.340	4
native_system/queue/running_reg/C	native_system/queue/queue_reg[3][1760]/CE	-1.017	8.340	4
native_system/queue/running_reg/C	native_system/queue/queue_reg[3][668]/CE	-1.017	8.340	4
native_system/queue/running_reg/C	native_system/queue/queue_reg[3][688]/CE	-1.017	8.340	4
native_system/digital/reset_sync_reg[1]/C	native_system/digital/bank/active_calibration_reg[127][6]/CLR	-1.013	8.100	1
native_system/digital/reset_sync_reg[1]/C	native_system/digital/bank/active_calibration_reg[127][7]/CLR	-1.013	8.100	1
native_system/digital/reset_sync_reg[1]/C	native_system/digital/bank/active_requested_reg[127][5]/CLR	-1.013	8.100	1
native_system/digital/reset_sync_reg[1]/C	native_system/digital/bank/active_requested_reg[127][6]/CLR	-1.013	8.100	1
native_system/digital/reset_sync_reg[1]/C	native_system/digital/bank/active_requested_reg[127][7]/CLR	-1.013	8.100	1
native_system/queue/running_reg/C	native_system/queue/queue_reg[1][1035]/CE	-1.012	8.299	4
native_system/queue/running_reg/C	native_system/queue/queue_reg[1][1052]/CE	-1.012	8.299	4
native_system/queue/running_reg/C	native_system/queue/queue_reg[1][1228]/CE	-1.012	8.299	4
native_system/queue/running_reg/C	native_system/queue/queue_reg[1][1428]/CE	-1.012	8.299	4
native_system/queue/running_reg/C	native_system/queue/queue_reg[1][531]/CE	-1.012	8.299	4
native_system/queue/running_reg/C	native_system/queue/queue_reg[1][554]/CE	-1.012	8.299	4
native_system/queue/running_reg/C	native_system/queue/queue_reg[1][828]/CE	-1.012	8.299	4
native_system/queue/running_reg/C	native_system/queue/queue_reg[1][869]/CE	-1.012	8.299	4
native_system/digital/cfg_reg[21][4]/C	native_system/digital/bank/shadow_calibration_reg[121][1]/CE	-1.012	8.299	1
native_system/digital/cfg_reg[21][4]/C	native_system/digital/bank/shadow_calibration_reg[121][2]/CE	-1.012	8.299	1
native_system/digital/cfg_reg[21][4]/C	native_system/digital/bank/shadow_calibration_reg[121][5]/CE	-1.012	8.299	1
native_system/queue/running_reg/C	native_system/queue/queue_reg[2][336]/CE	-1.012	8.299	4
native_system/queue/running_reg/C	native_system/queue/queue_reg[2][404]/CE	-1.012	8.299	4
native_system/queue/running_reg/C	native_system/queue/queue_reg[2][425]/CE	-1.012	8.299	4
native_system/queue/running_reg/C	native_system/queue/queue_reg[2][432]/CE	-1.012	8.299	4
native_system/queue/running_reg/C	native_system/queue/queue_reg[2][641]/CE	-1.012	8.299	4
native_system/digital/cfg_reg[22][0]/C	native_system/digital/bank/shadow_requested_reg[107][0]/D	-1.011	8.487	0
native_system/queue/running_reg/C	native_system/queue/active_reg[1365]/CE	-1.011	8.334	3
native_system/queue/running_reg/C	native_system/queue/active_reg[1402]/CE	-1.011	8.334	3
native_system/queue/running_reg/C	native_system/queue/active_reg[1407]/CE	-1.011	8.334	3
native_system/queue/running_reg/C	native_system/queue/active_reg[1417]/CE	-1.011	8.334	3
native_system/queue/running_reg/C	native_system/queue/queue_reg[0][1287]/CE	-1.010	8.297	4
native_system/queue/running_reg/C	native_system/queue/queue_reg[0][1348]/CE	-1.010	8.297	4
native_system/queue/running_reg/C	native_system/queue/queue_reg[0][1475]/CE	-1.010	8.297	4
native_system/queue/running_reg/C	native_system/queue/queue_reg[0][533]/CE	-1.010	8.297	4
native_system/queue/running_reg/C	native_system/queue/queue_reg[0][685]/CE	-1.010	8.297	4
native_system/queue/running_reg/C	native_system/queue/queue_reg[0][717]/CE	-1.010	8.297	4
native_system/queue/running_reg/C	native_system/queue/queue_reg[0][725]/CE	-1.010	8.297	4
native_system/queue/running_reg/C	native_system/queue/queue_reg[0][776]/CE	-1.010	8.297	4
native_system/digital/reset_sync_reg[1]/C	native_system/digital/bank/shadow_requested_reg[127][5]/CLR	-1.009	8.096	1
native_system/digital/reset_sync_reg[1]/C	native_system/digital/bank/shadow_requested_reg[127][7]/CLR	-1.009	8.096	1
native_system/queue/running_reg/C	native_system/queue/queue_reg[0][1545]/CE	-1.008	8.295	4
native_system/queue/running_reg/C	native_system/queue/queue_reg[0][416]/CE	-1.008	8.295	4
native_system/queue/running_reg/C	native_system/queue/queue_reg[0][562]/CE	-1.008	8.295	4
native_system/queue/running_reg/C	native_system/queue/queue_reg[0][591]/CE	-1.008	8.295	4
native_system/queue/running_reg/C	native_system/queue/queue_reg[0][621]/CE	-1.008	8.295	4
native_system/queue/running_reg/C	native_system/queue/queue_reg[0][674]/CE	-1.008	8.295	4
native_system/queue/running_reg/C	native_system/queue/queue_reg[0][679]/CE	-1.008	8.295	4
native_system/queue/running_reg/C	native_system/queue/queue_reg[0][755]/CE	-1.008	8.295	4
native_system/queue/running_reg/C	native_system/queue/queue_reg[3][1160]/CE	-1.008	8.295	4
native_system/queue/running_reg/C	native_system/queue/queue_reg[3][1224]/CE	-1.008	8.295	4
native_system/queue/running_reg/C	native_system/queue/queue_reg[3][1401]/CE	-1.008	8.295	4
native_system/queue/running_reg/C	native_system/queue/queue_reg[3][1525]/CE	-1.008	8.295	4
native_system/queue/running_reg/C	native_system/queue/queue_reg[3][622]/CE	-1.008	8.295	4
native_system/queue/running_reg/C	native_system/queue/queue_reg[3][681]/CE	-1.008	8.295	4
native_system/queue/running_reg/C	native_system/queue/queue_reg[3][812]/CE	-1.008	8.295	4
native_system/queue/running_reg/C	native_system/queue/queue_reg[3][952]/CE	-1.008	8.295	4
native_system/queue/running_reg/C	native_system/queue/queue_reg[1][1302]/CE	-1.006	8.293	4
native_system/queue/running_reg/C	native_system/queue/active_reg[1200]/CE	-1.003	8.326	3
native_system/queue/running_reg/C	native_system/queue/active_reg[1266]/CE	-1.003	8.326	3
native_system/queue/running_reg/C	native_system/queue/active_reg[1303]/CE	-1.003	8.326	3
native_system/queue/running_reg/C	native_system/queue/active_reg[1434]/CE	-1.003	8.326	3
native_system/queue/running_reg/C	native_system/queue/queue_reg[1][288]/CE	-1.002	8.325	4
native_system/queue/running_reg/C	native_system/queue/queue_reg[1][320]/CE	-1.002	8.325	4
native_system/queue/running_reg/C	native_system/queue/queue_reg[1][728]/CE	-1.002	8.325	4
native_system/queue/running_reg/C	native_system/queue/queue_reg[1][770]/CE	-1.002	8.325	4
native_system/queue/running_reg/C	native_system/queue/queue_reg[1][780]/CE	-1.002	8.325	4
native_system/queue/running_reg/C	native_system/queue/queue_reg[1][944]/CE	-1.002	8.325	4
native_system/queue/running_reg/C	native_system/queue/queue_reg[1][971]/CE	-1.002	8.325	4
native_system/digital/reset_sync_reg[1]/C	native_system/digital/bank/active_calibration_reg[13][1]/CLR	-0.998	8.085	1
native_system/digital/reset_sync_reg[1]/C	native_system/digital/bank/active_requested_reg[13][2]/CLR	-0.998	8.085	1
native_system/digital/reset_sync_reg[1]/C	native_system/digital/bank/active_requested_reg[13][3]/CLR	-0.998	8.085	1
native_system/digital/boundary_reg/C	native_system/digital/bank/active_calibration_reg[72][2]/CE	-0.998	8.285	1
native_system/digital/boundary_reg/C	native_system/digital/bank/active_calibration_reg[72][3]/CE	-0.998	8.285	1
native_system/digital/boundary_reg/C	native_system/digital/bank/active_requested_reg[72][0]/CE	-0.998	8.285	1
native_system/digital/boundary_reg/C	native_system/digital/bank/active_requested_reg[72][3]/CE	-0.998	8.285	1
native_system/digital/cfg_reg[10][0]/C	native_system/digital/scheduler/selected_tx_reg[0]/CE	-0.997	8.320	13
native_system/digital/cfg_reg[10][0]/C	native_system/digital/scheduler/selected_tx_reg[1]/CE	-0.997	8.320	13
native_system/digital/cfg_reg[10][0]/C	native_system/digital/scheduler/selected_tx_reg[5]/CE	-0.997	8.320	13
native_system/digital/cfg_reg[10][0]/C	native_system/digital/scheduler/selected_tx_reg[6]/CE	-0.997	8.320	13
native_system/digital/reset_sync_reg[1]/C	native_system/digital/adc/spi/lane_reg[0][29]/CLR	-0.996	8.127	1
native_system/queue/running_reg/C	native_system/queue/active_reg[1147]/CE	-0.995	8.318	3
native_system/digital/cfg_reg[22][6]/C	native_system/digital/bank/shadow_requested_reg[39][6]/D	-0.993	8.472	0
native_system/queue/running_reg/C	native_system/queue/active_reg[1101]/CE	-0.992	8.279	3
native_system/queue/running_reg/C	native_system/queue/active_reg[281]/CE	-0.992	8.279	3
native_system/queue/running_reg/C	native_system/queue/active_reg[292]/CE	-0.992	8.279	3
native_system/queue/running_reg/C	native_system/queue/active_reg[709]/CE	-0.992	8.279	3
native_system/queue/running_reg/C	native_system/queue/queue_reg[3][1038]/CE	-0.992	8.279	4
native_system/queue/running_reg/C	native_system/queue/queue_reg[3][1235]/CE	-0.992	8.279	4
native_system/queue/running_reg/C	native_system/queue/queue_reg[3][1239]/CE	-0.992	8.279	4
native_system/queue/running_reg/C	native_system/queue/queue_reg[3][1344]/CE	-0.992	8.279	4
native_system/queue/running_reg/C	native_system/queue/queue_reg[3][1418]/CE	-0.992	8.279	4
native_system/queue/running_reg/C	native_system/queue/queue_reg[3][1628]/CE	-0.992	8.279	4
native_system/queue/running_reg/C	native_system/queue/queue_reg[3][901]/CE	-0.992	8.279	4
native_system/queue/running_reg/C	native_system/queue/queue_reg[3][989]/CE	-0.992	8.279	4
native_system/queue/running_reg/C	native_system/queue/queue_reg[1][1048]/CE	-0.990	8.277	4
native_system/queue/running_reg/C	native_system/queue/queue_reg[1][1291]/CE	-0.990	8.277	4
native_system/queue/running_reg/C	native_system/queue/queue_reg[1][1340]/CE	-0.990	8.277	4
native_system/queue/running_reg/C	native_system/queue/queue_reg[1][345]/CE	-0.990	8.277	4
native_system/queue/running_reg/C	native_system/queue/queue_reg[1][605]/CE	-0.990	8.277	4
native_system/queue/running_reg/C	native_system/queue/queue_reg[1][737]/CE	-0.990	8.277	4
native_system/queue/running_reg/C	native_system/queue/queue_reg[1][805]/CE	-0.990	8.277	4
native_system/queue/running_reg/C	native_system/queue/queue_reg[1][880]/CE	-0.990	8.277	4
native_system/digital/cfg_reg[21][4]/C	native_system/digital/bank/shadow_calibration_reg[126][4]/CE	-0.987	8.274	1
native_system/queue/running_reg/C	native_system/queue/queue_reg[2][1235]/CE	-0.985	8.272	4
native_system/queue/running_reg/C	native_system/queue/queue_reg[2][1648]/CE	-0.985	8.272	4
native_system/queue/running_reg/C	native_system/queue/queue_reg[2][1650]/CE	-0.985	8.272	4
native_system/queue/running_reg/C	native_system/queue/queue_reg[2][1760]/CE	-0.985	8.272	4
native_system/queue/running_reg/C	native_system/queue/queue_reg[2][668]/CE	-0.985	8.272	4
native_system/queue/running_reg/C	native_system/queue/queue_reg[2][688]/CE	-0.985	8.272	4
native_system/queue/running_reg/C	native_system/queue/queue_reg[2][824]/CE	-0.985	8.272	4
native_system/queue/running_reg/C	native_system/queue/queue_reg[2][901]/CE	-0.985	8.272	4
native_system/queue/running_reg/C	native_system/queue/queue_reg[0][1720]/CE	-0.983	8.306	4
native_system/queue/running_reg/C	native_system/queue/queue_reg[0][535]/CE	-0.983	8.306	4
native_system/queue/running_reg/C	native_system/queue/queue_reg[0][835]/CE	-0.983	8.306	4
native_system/queue/running_reg/C	native_system/queue/queue_reg[0][842]/CE	-0.983	8.306	4
native_system/queue/running_reg/C	native_system/queue/queue_reg[0][957]/CE	-0.983	8.306	4
native_system/queue/running_reg/C	native_system/queue/queue_reg[2][857]/CE	-0.983	8.306	4
native_system/queue/running_reg/C	native_system/queue/queue_reg[3][1035]/CE	-0.982	8.269	4
native_system/queue/running_reg/C	native_system/queue/queue_reg[3][1377]/CE	-0.982	8.269	4
native_system/queue/running_reg/C	native_system/queue/queue_reg[3][288]/CE	-0.982	8.269	4
native_system/queue/running_reg/C	native_system/queue/queue_reg[3][595]/CE	-0.982	8.269	4
native_system/queue/running_reg/C	native_system/queue/queue_reg[3][748]/CE	-0.982	8.269	4
native_system/queue/running_reg/C	native_system/queue/queue_reg[3][960]/CE	-0.982	8.269	4
native_system/queue/running_reg/C	native_system/queue/queue_reg[3][971]/CE	-0.982	8.269	4
native_system/queue/running_reg/C	native_system/queue/queue_reg[3][988]/CE	-0.982	8.269	4
native_system/digital/reset_sync_reg[1]/C	native_system/digital/adc/count_reg[14]/CLR	-0.982	8.069	1
native_system/digital/reset_sync_reg[1]/C	native_system/digital/serial/captured_reg[28]/CLR	-0.979	8.152	1
native_system/digital/reset_sync_reg[1]/C	native_system/digital/serial/captured_reg[29]/CLR	-0.979	8.152	1
native_system/digital/reset_sync_reg[1]/C	native_system/digital/serial/captured_reg[30]/CLR	-0.979	8.152	1
native_system/digital/cfg_reg[22][0]/C	native_system/digital/bank/shadow_requested_reg[65][0]/D	-0.978	8.403	0
native_system/digital/reset_sync_reg[1]/C	native_system/digital/adc/conversion_age_reg[24]/CLR	-0.977	8.064	1
native_system/digital/reset_sync_reg[1]/C	native_system/digital/adc/conversion_age_reg[25]/CLR	-0.977	8.064	1
native_system/digital/reset_sync_reg[1]/C	native_system/digital/adc/conversion_age_reg[26]/CLR	-0.977	8.064	1
native_system/digital/reset_sync_reg[1]/C	native_system/digital/adc/conversion_age_reg[27]/CLR	-0.977	8.064	1
native_system/digital/reset_sync_reg[1]/C	native_system/digital/adc/frame_reg[11]/CLR	-0.977	8.150	1
native_system/digital/reset_sync_reg[1]/C	native_system/digital/adc/frame_reg[13]/CLR	-0.977	8.150	1
native_system/digital/reset_sync_reg[1]/C	native_system/digital/adc/frame_reg[14]/CLR	-0.977	8.150	1
native_system/digital/reset_sync_reg[1]/C	native_system/digital/adc/frame_reg[15]/CLR	-0.977	8.150	1
native_system/digital/boundary_reg/C	native_system/digital/bank/active_calibration_reg[6][1]/CE	-0.977	8.300	1
native_system/digital/boundary_reg/C	native_system/digital/bank/active_calibration_reg[6][5]/CE	-0.977	8.300	1
native_system/digital/boundary_reg/C	native_system/digital/bank/active_calibration_reg[6][7]/CE	-0.977	8.300	1
native_system/digital/boundary_reg/C	native_system/digital/bank/active_requested_reg[6][1]/CE	-0.977	8.300	1
native_system/digital/boundary_reg/C	native_system/digital/bank/active_requested_reg[6][2]/CE	-0.977	8.300	1
native_system/digital/boundary_reg/C	native_system/digital/bank/active_requested_reg[6][6]/CE	-0.977	8.300	1
native_system/queue/running_reg/C	native_system/queue/active_reg[1220]/CE	-0.976	8.263	3
native_system/queue/running_reg/C	native_system/queue/active_reg[1273]/CE	-0.976	8.263	3
native_system/queue/running_reg/C	native_system/queue/active_reg[1382]/CE	-0.976	8.263	3
native_system/queue/running_reg/C	native_system/queue/active_reg[1479]/CE	-0.976	8.263	3
native_system/queue/running_reg/C	native_system/queue/active_reg[1083]/CE	-0.972	8.295	3
native_system/queue/running_reg/C	native_system/queue/active_reg[1211]/CE	-0.972	8.295	3
native_system/queue/running_reg/C	native_system/queue/active_reg[1391]/CE	-0.972	8.295	3
native_system/queue/running_reg/C	native_system/queue/active_reg[1395]/CE	-0.972	8.295	3
native_system/queue/running_reg/C	native_system/queue/queue_reg[0][1235]/CE	-0.972	8.295	4
native_system/queue/running_reg/C	native_system/queue/queue_reg[0][1628]/CE	-0.972	8.295	4
native_system/queue/running_reg/C	native_system/queue/queue_reg[0][1650]/CE	-0.972	8.295	4
native_system/queue/running_reg/C	native_system/queue/queue_reg[0][1760]/CE	-0.972	8.295	4
native_system/digital/reset_sync_reg[1]/C	native_system/digital/bank/active_requested_reg[5][6]/CLR	-0.971	8.058	1
native_system/queue/running_reg/C	native_system/queue/queue_reg[1][1532]/CE	-0.971	8.258	4
native_system/queue/running_reg/C	native_system/queue/queue_reg[1][360]/CE	-0.971	8.258	4
native_system/queue/running_reg/C	native_system/queue/queue_reg[1][480]/CE	-0.971	8.258	4
native_system/queue/running_reg/C	native_system/queue/queue_reg[1][615]/CE	-0.971	8.258	4
native_system/queue/running_reg/C	native_system/queue/queue_reg[1][893]/CE	-0.971	8.258	4
native_system/queue/running_reg/C	native_system/queue/queue_reg[1][976]/CE	-0.971	8.258	4
native_system/queue/running_reg/C	native_system/queue/queue_reg[1][997]/CE	-0.971	8.258	4
native_system/digital/cfg_reg[22][7]/C	native_system/digital/bank/shadow_requested_reg[39][7]/D	-0.968	8.447	0
native_system/queue/running_reg/C	native_system/queue/queue_reg[0][1135]/CE	-0.968	8.291	4
native_system/queue/running_reg/C	native_system/queue/active_reg[1270]/CE	-0.968	8.255	3
native_system/queue/running_reg/C	native_system/queue/active_reg[1314]/CE	-0.968	8.255	3
native_system/queue/running_reg/C	native_system/queue/active_reg[1399]/CE	-0.968	8.255	3
native_system/queue/running_reg/C	native_system/queue/active_reg[1495]/CE	-0.968	8.255	3
native_system/digital/boundary_reg/C	native_system/digital/bank/active_requested_reg[51][4]/CE	-0.967	8.254	1
native_system/digital/reset_sync_reg[1]/C	native_system/digital/bank/active_requested_reg[78][4]/CLR	-0.967	8.054	1
native_system/digital/boundary_reg/C	native_system/digital/bank/active_calibration_reg[0][2]/CE	-0.966	8.253	1
native_system/digital/boundary_reg/C	native_system/digital/bank/active_requested_reg[0][2]/CE	-0.966	8.253	1
native_system/queue/running_reg/C	native_system/queue/queue_reg[1][1160]/CE	-0.965	8.252	4
native_system/queue/running_reg/C	native_system/queue/queue_reg[1][1224]/CE	-0.965	8.252	4
native_system/queue/running_reg/C	native_system/queue/queue_reg[1][1396]/CE	-0.965	8.252	4
native_system/queue/running_reg/C	native_system/queue/queue_reg[1][1401]/CE	-0.965	8.252	4
native_system/queue/running_reg/C	native_system/queue/queue_reg[1][1441]/CE	-0.965	8.252	4
native_system/queue/running_reg/C	native_system/queue/queue_reg[1][1525]/CE	-0.965	8.252	4
native_system/queue/running_reg/C	native_system/queue/queue_reg[1][779]/CE	-0.965	8.252	4
native_system/queue/running_reg/C	native_system/queue/queue_reg[1][843]/CE	-0.965	8.252	4
native_system/digital/reset_sync_reg[1]/C	native_system/digital/bank/shadow_mask_reg[33]/CLR	-0.965	8.052	1
native_system/queue/running_reg/C	native_system/queue/queue_reg[0][1072]/CE	-0.963	8.250	4
native_system/digital/reset_sync_reg[1]/C	native_system/digital/serial/captured_reg[20]/CLR	-0.960	8.047	1
native_system/digital/reset_sync_reg[1]/C	native_system/digital/serial/captured_reg[21]/CLR	-0.960	8.047	1
native_system/digital/reset_sync_reg[1]/C	native_system/digital/serial/captured_reg[22]/CLR	-0.960	8.047	1
native_system/digital/reset_sync_reg[1]/C	native_system/digital/serial/captured_reg[23]/CLR	-0.960	8.047	1
native_system/queue/running_reg/C	native_system/queue/active_reg[212]/CE	-0.959	8.246	3
native_system/queue/running_reg/C	native_system/queue/active_reg[328]/CE	-0.959	8.246	3
native_system/queue/running_reg/C	native_system/queue/active_reg[631]/CE	-0.959	8.246	3
native_system/queue/running_reg/C	native_system/queue/active_reg[727]/CE	-0.959	8.246	3
native_system/queue/running_reg/C	native_system/queue/queue_reg[0][1116]/CE	-0.959	8.282	4
native_system/queue/running_reg/C	native_system/queue/queue_reg[0][1180]/CE	-0.959	8.282	4
native_system/queue/running_reg/C	native_system/queue/queue_reg[0][1228]/CE	-0.959	8.282	4
native_system/queue/running_reg/C	native_system/queue/queue_reg[0][1404]/CE	-0.959	8.282	4
native_system/queue/running_reg/C	native_system/queue/queue_reg[0][1492]/CE	-0.959	8.282	4
native_system/queue/running_reg/C	native_system/queue/queue_reg[0][697]/CE	-0.959	8.282	4
native_system/queue/running_reg/C	native_system/queue/queue_reg[0][741]/CE	-0.959	8.282	4
native_system/queue/running_reg/C	native_system/queue/queue_reg[0][860]/CE	-0.959	8.282	4
native_system/queue/running_reg/C	native_system/queue/queue_reg[3][1028]/CE	-0.959	8.246	4
native_system/queue/running_reg/C	native_system/queue/queue_reg[3][1123]/CE	-0.959	8.246	4
native_system/queue/running_reg/C	native_system/queue/queue_reg[3][1197]/CE	-0.959	8.246	4
native_system/queue/running_reg/C	native_system/queue/queue_reg[3][1384]/CE	-0.959	8.246	4
native_system/queue/running_reg/C	native_system/queue/queue_reg[3][1478]/CE	-0.959	8.246	4
native_system/queue/running_reg/C	native_system/queue/queue_reg[3][1541]/CE	-0.959	8.246	4
native_system/queue/running_reg/C	native_system/queue/queue_reg[3][1596]/CE	-0.959	8.246	4
native_system/queue/running_reg/C	native_system/queue/queue_reg[3][689]/CE	-0.959	8.246	4
native_system/digital/cfg_reg[22][4]/C	native_system/digital/bank/shadow_requested_reg[124][4]/D	-0.957	8.387	0
native_system/queue/running_reg/C	native_system/queue/active_reg[1051]/CE	-0.955	8.242	3
native_system/queue/running_reg/C	native_system/queue/active_reg[1139]/CE	-0.955	8.242	3
native_system/queue/running_reg/C	native_system/queue/active_reg[1307]/CE	-0.955	8.242	3
native_system/queue/running_reg/C	native_system/queue/active_reg[1523]/CE	-0.955	8.242	3
native_system/digital/master_phase_reg[5]/C	native_system/digital/serial/captured_reg[96]/D	-0.955	8.479	3
native_system/digital/reset_sync_reg[1]/C	native_system/digital/adc/spi/lane_reg[0][28]/CLR	-0.954	8.127	1
native_system/digital/reset_sync_reg[1]/C	native_system/digital/scheduler/burst_timestamp_reg[5]/CLR	-0.954	8.127	1
native_system/digital/reset_sync_reg[1]/C	native_system/digital/scheduler/burst_timestamp_reg[6]/CLR	-0.954	8.127	1
native_system/digital/reset_sync_reg[1]/C	native_system/digital/scheduler/burst_timestamp_reg[7]/CLR	-0.954	8.127	1
native_system/digital/reset_sync_reg[1]/C	native_system/digital/scheduler/burst_timestamp_reg[8]/CLR	-0.954	8.127	1
native_system/queue/running_reg/C	native_system/queue/active_reg[308]/CE	-0.954	8.241	3
native_system/queue/running_reg/C	native_system/queue/active_reg[496]/CE	-0.954	8.241	3
native_system/queue/running_reg/C	native_system/queue/active_reg[839]/CE	-0.954	8.241	3
native_system/queue/running_reg/C	native_system/queue/active_reg[924]/CE	-0.954	8.241	3
native_system/digital/boundary_reg/C	native_system/digital/bank/active_calibration_reg[13][7]/CE	-0.952	8.239	1
native_system/digital/boundary_reg/C	native_system/digital/bank/active_calibration_reg[1][1]/CE	-0.952	8.239	1
native_system/digital/boundary_reg/C	native_system/digital/bank/active_calibration_reg[1][7]/CE	-0.952	8.239	1
native_system/digital/boundary_reg/C	native_system/digital/bank/active_requested_reg[13][7]/CE	-0.952	8.239	1
native_system/digital/cfg_reg[10][0]/C	native_system/digital/scheduler/done_reg/D	-0.948	8.469	14
native_system/queue/running_reg/C	native_system/queue/queue_reg[2][1013]/CE	-0.947	8.234	4
native_system/queue/running_reg/C	native_system/queue/queue_reg[2][1038]/CE	-0.947	8.234	4
native_system/queue/running_reg/C	native_system/queue/queue_reg[2][1111]/CE	-0.947	8.234	4
native_system/queue/running_reg/C	native_system/queue/queue_reg[2][1130]/CE	-0.947	8.234	4
native_system/queue/running_reg/C	native_system/queue/queue_reg[2][1250]/CE	-0.947	8.234	4
native_system/queue/running_reg/C	native_system/queue/queue_reg[2][1408]/CE	-0.947	8.234	4
native_system/queue/running_reg/C	native_system/queue/queue_reg[2][1568]/CE	-0.947	8.234	4
native_system/queue/running_reg/C	native_system/queue/queue_reg[2][1608]/CE	-0.947	8.234	4
native_system/queue/running_reg/C	native_system/queue/queue_reg[2][1628]/CE	-0.947	8.234	4
native_system/queue/running_reg/C	native_system/queue/queue_reg[2][1634]/CE	-0.947	8.234	4
native_system/queue/running_reg/C	native_system/queue/queue_reg[2][1680]/CE	-0.947	8.234	4
native_system/queue/running_reg/C	native_system/queue/queue_reg[2][1744]/CE	-0.947	8.234	4
native_system/queue/running_reg/C	native_system/queue/queue_reg[2][720]/CE	-0.947	8.234	4
native_system/queue/running_reg/C	native_system/queue/queue_reg[2][772]/CE	-0.947	8.234	4
native_system/queue/running_reg/C	native_system/queue/queue_reg[2][820]/CE	-0.947	8.234	4
native_system/queue/running_reg/C	native_system/queue/queue_reg[2][844]/CE	-0.947	8.234	4
native_system/queue/running_reg/C	native_system/queue/active_reg[1115]/CE	-0.946	8.233	3
native_system/queue/running_reg/C	native_system/queue/active_reg[1299]/CE	-0.946	8.233	3
native_system/queue/running_reg/C	native_system/queue/active_reg[1449]/CE	-0.946	8.233	3
native_system/queue/running_reg/C	native_system/queue/active_reg[1510]/CE	-0.946	8.233	3
native_system/queue/bus_wdata_reg[29]/C	native_system/digital/cfg_reg[6][0]/CE	-0.946	8.233	6
native_system/queue/bus_wdata_reg[29]/C	native_system/digital/cfg_reg[6][11]/CE	-0.946	8.233	6
native_system/queue/bus_wdata_reg[29]/C	native_system/digital/cfg_reg[6][2]/CE	-0.946	8.233	6
native_system/queue/bus_wdata_reg[29]/C	native_system/digital/cfg_reg[6][3]/CE	-0.946	8.233	6
native_system/queue/bus_wdata_reg[29]/C	native_system/digital/cfg_reg[6][5]/CE	-0.946	8.233	6
native_system/queue/bus_wdata_reg[29]/C	native_system/digital/cfg_reg[6][6]/CE	-0.946	8.233	6
native_system/queue/running_reg/C	native_system/queue/active_reg[304]/CE	-0.943	8.230	3
native_system/queue/running_reg/C	native_system/queue/active_reg[589]/CE	-0.943	8.230	3
native_system/queue/running_reg/C	native_system/queue/active_reg[645]/CE	-0.943	8.230	3
native_system/digital/boundary_reg/C	native_system/digital/bank/active_calibration_reg[72][4]/CE	-0.943	8.230	1
native_system/digital/boundary_reg/C	native_system/digital/bank/active_calibration_reg[72][7]/CE	-0.943	8.230	1
native_system/digital/boundary_reg/C	native_system/digital/bank/active_requested_reg[72][6]/CE	-0.943	8.230	1
native_system/digital/boundary_reg/C	native_system/digital/bank/active_requested_reg[72][7]/CE	-0.943	8.230	1
native_system/digital/cfg_reg[22][4]/C	native_system/digital/bank/shadow_requested_reg[125][4]/D	-0.941	8.386	0
native_system/queue/running_reg/C	native_system/queue/queue_reg[3][1130]/CE	-0.940	8.263	4
native_system/queue/running_reg/C	native_system/queue/queue_reg[3][1267]/CE	-0.940	8.263	4
native_system/queue/running_reg/C	native_system/queue/queue_reg[3][1483]/CE	-0.940	8.263	4
native_system/queue/running_reg/C	native_system/queue/queue_reg[3][884]/CE	-0.940	8.263	4
native_system/digital/boundary_reg/C	native_system/digital/bank/active_valid_reg/CE	-0.940	8.227	1
native_system/queue/running_reg/C	native_system/queue/active_reg[1157]/CE	-0.938	8.261	3
native_system/queue/running_reg/C	native_system/queue/active_reg[1165]/CE	-0.938	8.261	3
native_system/queue/running_reg/C	native_system/queue/active_reg[1369]/CE	-0.938	8.261	3
native_system/queue/running_reg/C	native_system/queue/active_reg[484]/CE	-0.938	8.261	3
native_system/digital/cfg_reg[22][13]/C	native_system/digital/bank/shadow_calibration_reg[91][5]/D	-0.938	8.385	0
native_system/digital/cfg_reg[10][0]/C	native_system/digital/scheduler/total_reg[20]/CE	-0.938	8.225	13
native_system/digital/cfg_reg[10][0]/C	native_system/digital/scheduler/total_reg[21]/CE	-0.938	8.225	13
native_system/digital/cfg_reg[10][0]/C	native_system/digital/scheduler/total_reg[22]/CE	-0.938	8.225	13
native_system/digital/cfg_reg[10][0]/C	native_system/digital/scheduler/total_reg[23]/CE	-0.938	8.225	13
native_system/digital/reset_sync_reg[1]/C	native_system/digital/bank/active_calibration_reg[24][3]/CLR	-0.937	8.024	1
native_system/digital/reset_sync_reg[1]/C	native_system/digital/bank/active_requested_reg[24][3]/CLR	-0.937	8.024	1
native_system/digital/reset_sync_reg[1]/C	native_system/digital/bank/active_requested_reg[24][5]/CLR	-0.937	8.024	1
native_system/digital/reset_sync_reg[1]/C	native_system/digital/bank/active_requested_reg[71][4]/CLR	-0.937	8.024	1
native_system/digital/cfg_reg[22][3]/C	native_system/digital/bank/shadow_requested_reg[15][3]/D	-0.936	8.367	0
native_system/digital/master_phase_reg[5]/C	native_system/digital/serial/captured_reg[125]/D	-0.936	8.457	3
native_system/digital/boundary_reg/C	native_system/digital/bank/active_calibration_reg[49][7]/CE	-0.936	8.223	1
native_system/digital/boundary_reg/C	native_system/digital/bank/active_calibration_reg[72][0]/CE	-0.936	8.223	1
native_system/digital/boundary_reg/C	native_system/digital/bank/active_calibration_reg[72][1]/CE	-0.936	8.223	1
native_system/digital/boundary_reg/C	native_system/digital/bank/active_requested_reg[49][3]/CE	-0.936	8.223	1
native_system/digital/boundary_reg/C	native_system/digital/bank/active_requested_reg[72][1]/CE	-0.936	8.223	1
native_system/digital/boundary_reg/C	native_system/digital/bank/active_requested_reg[72][2]/CE	-0.936	8.223	1
native_system/digital/boundary_reg/C	native_system/digital/bank/active_calibration_reg[6][2]/CE	-0.934	8.221	1
native_system/digital/boundary_reg/C	native_system/digital/bank/active_calibration_reg[6][3]/CE	-0.934	8.221	1
native_system/digital/boundary_reg/C	native_system/digital/bank/active_requested_reg[6][0]/CE	-0.934	8.221	1
native_system/digital/boundary_reg/C	native_system/digital/bank/active_requested_reg[6][3]/CE	-0.934	8.221	1
native_system/digital/boundary_reg/C	native_system/digital/bank/active_requested_reg[6][4]/CE	-0.934	8.221	1
native_system/queue/running_reg/C	bridge/s_rdata_reg[7]/D	-0.934	8.501	7
native_system/queue/running_reg/C	native_system/queue/queue_reg[2][1000]/CE	-0.932	8.255	4
native_system/queue/running_reg/C	native_system/queue/queue_reg[2][1163]/CE	-0.932	8.255	4
native_system/queue/running_reg/C	native_system/queue/queue_reg[2][272]/CE	-0.932	8.255	4
native_system/queue/running_reg/C	native_system/queue/queue_reg[2][313]/CE	-0.932	8.255	4
native_system/queue/running_reg/C	native_system/queue/queue_reg[2][361]/CE	-0.932	8.255	4
native_system/queue/running_reg/C	native_system/queue/queue_reg[2][500]/CE	-0.932	8.255	4
native_system/queue/running_reg/C	native_system/queue/queue_reg[2][559]/CE	-0.932	8.255	4
native_system/queue/running_reg/C	native_system/queue/queue_reg[2][784]/CE	-0.932	8.255	4
native_system/digital/cfg_reg[22][4]/C	native_system/digital/bank/shadow_requested_reg[94][4]/D	-0.932	8.316	0
native_system/queue/running_reg/C	native_system/queue/active_reg[1074]/CE	-0.932	8.219	3
native_system/queue/running_reg/C	native_system/queue/active_reg[1148]/CE	-0.932	8.219	3
native_system/queue/running_reg/C	native_system/queue/active_reg[1446]/CE	-0.932	8.219	3
native_system/digital/master_phase_reg[0]_rep/C	native_system/digital/serial/captured_reg[107]/D	-0.931	8.376	4
native_system/queue/running_reg/C	native_system/queue/queue_reg[0][1096]/CE	-0.930	8.217	4
native_system/queue/running_reg/C	native_system/queue/queue_reg[0][1297]/CE	-0.930	8.217	4
native_system/queue/running_reg/C	native_system/queue/queue_reg[0][1333]/CE	-0.930	8.217	4
native_system/queue/running_reg/C	native_system/queue/queue_reg[0][1500]/CE	-0.930	8.217	4
native_system/queue/running_reg/C	native_system/queue/queue_reg[0][1696]/CE	-0.930	8.217	4
native_system/queue/running_reg/C	native_system/queue/queue_reg[0][593]/CE	-0.930	8.217	4
native_system/queue/running_reg/C	native_system/queue/queue_reg[0][655]/CE	-0.930	8.217	4
native_system/queue/running_reg/C	native_system/queue/queue_reg[0][733]/CE	-0.930	8.217	4
native_system/digital/master_phase_reg[5]/C	native_system/digital/serial/captured_reg[122]/D	-0.929	8.452	3
native_system/queue/running_reg/C	native_system/queue/queue_reg[0][1648]/CE	-0.928	8.215	4
native_system/queue/running_reg/C	native_system/queue/queue_reg[0][568]/CE	-0.928	8.215	4
native_system/queue/running_reg/C	native_system/queue/queue_reg[0][789]/CE	-0.928	8.215	4
native_system/queue/running_reg/C	native_system/queue/queue_reg[0][824]/CE	-0.928	8.215	4
native_system/queue/running_reg/C	native_system/queue/queue_reg[0][857]/CE	-0.928	8.215	4
native_system/queue/running_reg/C	native_system/queue/queue_reg[0][969]/CE	-0.928	8.215	4
native_system/queue/running_reg/C	native_system/queue/queue_reg[3][1048]/CE	-0.927	8.214	4
native_system/queue/running_reg/C	native_system/queue/queue_reg[3][1089]/CE	-0.927	8.214	4
native_system/queue/running_reg/C	native_system/queue/queue_reg[3][1144]/CE	-0.927	8.214	4
native_system/queue/running_reg/C	native_system/queue/queue_reg[3][1329]/CE	-0.927	8.214	4
native_system/queue/running_reg/C	native_system/queue/queue_reg[3][1340]/CE	-0.927	8.214	4
native_system/queue/running_reg/C	native_system/queue/queue_reg[3][345]/CE	-0.927	8.214	4
native_system/queue/running_reg/C	native_system/queue/queue_reg[3][737]/CE	-0.927	8.214	4
native_system/queue/running_reg/C	native_system/queue/queue_reg[3][880]/CE	-0.927	8.214	4
native_system/queue/running_reg/C	native_system/queue/queue_reg[1][1312]/CE	-0.927	8.214	4
native_system/queue/running_reg/C	native_system/queue/queue_reg[1][1487]/CE	-0.927	8.214	4
native_system/queue/running_reg/C	native_system/queue/queue_reg[1][777]/CE	-0.927	8.214	4
native_system/digital/cfg_reg[22][3]/C	native_system/digital/bank/shadow_requested_reg[42][3]/D	-0.924	8.373	0
native_system/digital/cfg_reg[22][2]/C	native_system/digital/bank/shadow_requested_reg[121][2]/D	-0.923	8.352	0
native_system/queue/running_reg/C	native_system/queue/active_reg[1269]/CE	-0.923	8.210	3
native_system/queue/running_reg/C	native_system/queue/active_reg[1309]/CE	-0.923	8.210	3
native_system/queue/running_reg/C	native_system/queue/active_reg[1367]/CE	-0.923	8.210	3
native_system/queue/running_reg/C	native_system/queue/active_reg[1378]/CE	-0.923	8.210	3
native_system/digital/reset_sync_reg[1]/C	native_system/digital/bank/shadow_requested_reg[115][6]/CLR	-0.923	8.054	1
native_system/queue/running_reg/C	native_system/queue/queue_reg[3][1532]/CE	-0.922	8.209	4
native_system/queue/running_reg/C	native_system/queue/queue_reg[3][828]/CE	-0.922	8.209	4
native_system/queue/running_reg/C	native_system/queue/queue_reg[3][869]/CE	-0.922	8.209	4
native_system/queue/running_reg/C	native_system/queue/queue_reg[3][997]/CE	-0.922	8.209	4
native_system/queue/running_reg/C	native_system/queue/queue_reg[1][679]/CE	-0.922	8.245	4
native_system/queue/running_reg/C	native_system/queue/queue_reg[1][681]/CE	-0.922	8.245	4
native_system/queue/running_reg/C	native_system/queue/queue_reg[1][759]/CE	-0.922	8.245	4
native_system/queue/running_reg/C	native_system/queue/queue_reg[1][767]/CE	-0.922	8.245	4
native_system/queue/running_reg/C	native_system/queue/queue_reg[1][848]/CE	-0.922	8.245	4
native_system/queue/running_reg/C	native_system/queue/queue_reg[1][952]/CE	-0.922	8.245	4
native_system/queue/running_reg/C	native_system/queue/queue_reg[1][974]/CE	-0.922	8.245	4
native_system/digital/cfg_reg[10][0]/C	native_system/digital/scheduler/total_reg[4]/CE	-0.922	8.209	13
native_system/digital/cfg_reg[10][0]/C	native_system/digital/scheduler/total_reg[5]/CE	-0.922	8.209	13
native_system/digital/cfg_reg[10][0]/C	native_system/digital/scheduler/total_reg[6]/CE	-0.922	8.209	13
native_system/digital/cfg_reg[10][0]/C	native_system/digital/scheduler/total_reg[7]/CE	-0.922	8.209	13
native_system/queue/running_reg/C	native_system/queue/queue_reg[2][989]/CE	-0.919	8.206	4
native_system/queue/running_reg/C	native_system/queue/queue_reg[2][1377]/CE	-0.919	8.206	4
native_system/queue/running_reg/C	native_system/queue/queue_reg[2][505]/CE	-0.919	8.206	4
native_system/queue/running_reg/C	native_system/queue/queue_reg[2][546]/CE	-0.919	8.206	4
native_system/queue/running_reg/C	native_system/queue/queue_reg[2][716]/CE	-0.919	8.206	4
native_system/queue/running_reg/C	native_system/queue/queue_reg[2][748]/CE	-0.919	8.206	4
native_system/queue/running_reg/C	native_system/queue/queue_reg[2][829]/CE	-0.919	8.206	4
native_system/queue/running_reg/C	native_system/queue/queue_reg[2][898]/CE	-0.919	8.206	4
native_system/queue/running_reg/C	native_system/queue/queue_reg[2][920]/CE	-0.919	8.206	4
native_system/digital/cfg_reg[22][0]/C	native_system/digital/bank/shadow_requested_reg[46][0]/D	-0.918	8.309	0
native_system/queue/running_reg/C	native_system/queue/active_reg[1205]/CE	-0.917	8.240	3
native_system/queue/running_reg/C	native_system/queue/active_reg[1285]/CE	-0.917	8.240	3
native_system/queue/running_reg/C	native_system/queue/active_reg[1497]/CE	-0.917	8.240	3
native_system/queue/running_reg/C	native_system/queue/active_reg[1524]/CE	-0.917	8.240	3
native_system/queue/running_reg/C	native_system/queue/queue_reg[0][1291]/CE	-0.916	8.203	4
native_system/queue/running_reg/C	native_system/queue/queue_reg[0][1329]/CE	-0.916	8.203	4
native_system/queue/running_reg/C	native_system/queue/queue_reg[0][1340]/CE	-0.916	8.203	4
native_system/queue/running_reg/C	native_system/queue/queue_reg[0][345]/CE	-0.916	8.203	4
native_system/queue/running_reg/C	native_system/queue/queue_reg[0][473]/CE	-0.916	8.203	4
native_system/queue/running_reg/C	native_system/queue/queue_reg[0][605]/CE	-0.916	8.203	4
native_system/queue/running_reg/C	native_system/queue/queue_reg[0][719]/CE	-0.916	8.203	4
native_system/queue/running_reg/C	native_system/queue/queue_reg[0][880]/CE	-0.916	8.203	4
native_system/queue/running_reg/C	native_system/queue/active_reg[1356]/CE	-0.914	8.201	3
native_system/digital/reset_sync_reg[1]/C	native_system/digital/bank/shadow_calibration_reg[13][1]/CLR	-0.912	8.085	1
native_system/digital/reset_sync_reg[1]/C	native_system/digital/bank/shadow_requested_reg[13][2]/CLR	-0.912	8.085	1
native_system/digital/reset_sync_reg[1]/C	native_system/digital/bank/shadow_requested_reg[13][3]/CLR	-0.912	8.085	1
native_system/digital/reset_sync_reg[1]/C	native_system/digital/bank/shadow_requested_reg[13][6]/CLR	-0.912	8.085	1
native_system/queue/running_reg/C	native_system/queue/queue_reg[3][1153]/CE	-0.912	8.199	4
native_system/queue/running_reg/C	native_system/queue/queue_reg[3][1228]/CE	-0.912	8.199	4
native_system/queue/running_reg/C	native_system/queue/queue_reg[3][1252]/CE	-0.912	8.199	4
native_system/queue/running_reg/C	native_system/queue/queue_reg[3][1335]/CE	-0.912	8.199	4
native_system/queue/running_reg/C	native_system/queue/queue_reg[3][1533]/CE	-0.912	8.199	4
native_system/queue/running_reg/C	native_system/queue/queue_reg[3][436]/CE	-0.912	8.199	4
native_system/queue/running_reg/C	native_system/queue/queue_reg[3][531]/CE	-0.912	8.199	4
native_system/queue/running_reg/C	native_system/queue/queue_reg[3][700]/CE	-0.912	8.199	4
native_system/queue/running_reg/C	native_system/queue/queue_reg[2][1543]/CE	-0.911	8.198	4
native_system/queue/running_reg/C	native_system/queue/queue_reg[2][360]/CE	-0.911	8.198	4
native_system/queue/running_reg/C	native_system/queue/queue_reg[2][480]/CE	-0.911	8.198	4
native_system/queue/running_reg/C	native_system/queue/queue_reg[2][691]/CE	-0.911	8.198	4
native_system/queue/running_reg/C	native_system/queue/queue_reg[2][828]/CE	-0.911	8.198	4
native_system/queue/running_reg/C	native_system/queue/queue_reg[2][906]/CE	-0.911	8.198	4
native_system/queue/running_reg/C	native_system/queue/queue_reg[2][971]/CE	-0.911	8.198	4
native_system/queue/running_reg/C	native_system/queue/queue_reg[2][976]/CE	-0.911	8.198	4
native_system/digital/cfg_reg[10][0]/C	native_system/digital/scheduler/total_reg[10]/CE	-0.911	8.198	13
native_system/digital/cfg_reg[10][0]/C	native_system/digital/scheduler/total_reg[11]/CE	-0.911	8.198	13
native_system/digital/cfg_reg[10][0]/C	native_system/digital/scheduler/total_reg[8]/CE	-0.911	8.198	13
native_system/digital/cfg_reg[10][0]/C	native_system/digital/scheduler/total_reg[9]/CE	-0.911	8.198	13
native_system/digital/reset_sync_reg[1]/C	native_system/digital/bank/shadow_calibration_reg[13][2]/CLR	-0.908	7.995	1
native_system/digital/reset_sync_reg[1]/C	native_system/digital/bank/shadow_calibration_reg[13][3]/CLR	-0.908	7.995	1
native_system/digital/reset_sync_reg[1]/C	native_system/digital/bank/shadow_requested_reg[13][0]/CLR	-0.908	7.995	1
native_system/digital/reset_sync_reg[1]/C	native_system/digital/bank/shadow_requested_reg[13][1]/CLR	-0.908	7.995	1
native_system/digital/master_phase_reg[5]_rep/C	native_system/digital/serial/serial_data_reg[9]/D	-0.907	8.430	4
native_system/queue/running_reg/C	native_system/queue/queue_reg[0][372]/CE	-0.906	8.193	4
native_system/queue/running_reg/C	native_system/queue/queue_reg[0][586]/CE	-0.906	8.193	4
native_system/queue/running_reg/C	native_system/queue/queue_reg[0][611]/CE	-0.906	8.193	4
native_system/queue/running_reg/C	native_system/queue/queue_reg[0][746]/CE	-0.906	8.193	4
native_system/digital/boundary_reg/C	native_system/digital/bank/active_calibration_reg[2][3]/CE	-0.905	8.192	1
native_system/digital/boundary_reg/C	native_system/digital/bank/active_requested_reg[2][1]/CE	-0.905	8.192	1
native_system/digital/boundary_reg/C	native_system/digital/bank/active_requested_reg[2][2]/CE	-0.905	8.192	1
native_system/digital/boundary_reg/C	native_system/digital/bank/active_requested_reg[2][4]/CE	-0.905	8.192	1
native_system/queue/running_reg/C	native_system/queue/active_reg[1413]/CE	-0.904	8.227	3
native_system/queue/running_reg/C	native_system/queue/active_reg[648]/CE	-0.904	8.227	3
native_system/queue/running_reg/C	native_system/queue/active_reg[808]/CE	-0.904	8.227	3
native_system/queue/running_reg/C	native_system/queue/active_reg[899]/CE	-0.904	8.227	3
native_system/digital/cfg_reg[22][0]/C	native_system/digital/bank/shadow_requested_reg[43][0]/D	-0.904	8.351	0
native_system/digital/cfg_reg[22][6]/C	native_system/digital/bank/shadow_requested_reg[114][6]/D	-0.902	8.292	0
native_system/queue/running_reg/C	native_system/queue/channel_reg[0]/CE	-0.901	8.224	3
native_system/digital/boundary_reg/C	native_system/digital/bank/active_calibration_reg[38][4]/CE	-0.900	8.223	1
native_system/digital/boundary_reg/C	native_system/digital/bank/active_calibration_reg[38][6]/CE	-0.900	8.223	1
native_system/digital/boundary_reg/C	native_system/digital/bank/active_requested_reg[38][6]/CE	-0.900	8.223	1
native_system/digital/boundary_reg/C	native_system/digital/bank/active_requested_reg[38][7]/CE	-0.900	8.223	1
native_system/queue/running_reg/C	native_system/queue/queue_reg[1][1089]/CE	-0.899	8.186	4
native_system/queue/running_reg/C	native_system/queue/queue_reg[1][1144]/CE	-0.899	8.186	4
native_system/queue/running_reg/C	native_system/queue/queue_reg[1][1329]/CE	-0.899	8.186	4
native_system/queue/running_reg/C	native_system/queue/queue_reg[1][1377]/CE	-0.899	8.186	4
native_system/queue/running_reg/C	native_system/queue/queue_reg[1][1425]/CE	-0.899	8.186	4
native_system/queue/running_reg/C	native_system/queue/queue_reg[1][473]/CE	-0.899	8.186	4
native_system/queue/running_reg/C	native_system/queue/queue_reg[1][748]/CE	-0.899	8.186	4
native_system/queue/running_reg/C	native_system/queue/queue_reg[1][988]/CE	-0.899	8.186	4
native_system/digital/reset_sync_reg[1]/C	native_system/digital/scheduler/burst_start_reg/CLR	-0.899	7.986	1
native_system/queue/running_reg/C	native_system/queue/queue_reg[0][212]/CE	-0.898	8.185	4
native_system/queue/running_reg/C	native_system/queue/queue_reg[0][328]/CE	-0.898	8.185	4
native_system/queue/running_reg/C	native_system/queue/queue_reg[0][464]/CE	-0.898	8.185	4
native_system/queue/running_reg/C	native_system/queue/queue_reg[0][631]/CE	-0.898	8.185	4
native_system/queue/running_reg/C	native_system/queue/queue_reg[0][682]/CE	-0.898	8.185	4
native_system/queue/running_reg/C	native_system/queue/queue_reg[0][727]/CE	-0.898	8.185	4
native_system/queue/running_reg/C	native_system/queue/queue_reg[0][937]/CE	-0.898	8.185	4
native_system/queue/running_reg/C	native_system/queue/queue_reg[0][956]/CE	-0.898	8.185	4
native_system/digital/cfg_reg[22][13]/C	native_system/digital/bank/shadow_calibration_reg[58][5]/D	-0.898	8.287	0
native_system/queue/running_reg/C	native_system/queue/active_reg[1091]/CE	-0.897	8.220	3
native_system/queue/running_reg/C	native_system/queue/active_reg[1338]/CE	-0.897	8.220	3
native_system/queue/running_reg/C	native_system/queue/active_reg[1460]/CE	-0.897	8.220	3
native_system/queue/running_reg/C	native_system/queue/active_reg[1481]/CE	-0.897	8.220	3
native_system/queue/running_reg/C	native_system/queue/active_reg[1313]/CE	-0.897	8.220	3
native_system/queue/running_reg/C	native_system/queue/active_reg[1364]/CE	-0.897	8.220	3
native_system/queue/running_reg/C	native_system/queue/active_reg[597]/CE	-0.897	8.220	3
native_system/queue/running_reg/C	native_system/queue/active_reg[657]/CE	-0.897	8.220	3
native_system/queue/running_reg/C	native_system/queue/queue_reg[0][1217]/CE	-0.897	8.220	4
native_system/queue/running_reg/C	native_system/queue/queue_reg[0][1248]/CE	-0.897	8.220	4
native_system/queue/running_reg/C	native_system/queue/queue_reg[0][1275]/CE	-0.897	8.220	4
native_system/queue/running_reg/C	native_system/queue/queue_reg[0][1306]/CE	-0.897	8.220	4
native_system/queue/running_reg/C	native_system/queue/queue_reg[0][1345]/CE	-0.897	8.220	4
native_system/queue/running_reg/C	native_system/queue/queue_reg[0][1351]/CE	-0.897	8.220	4
native_system/queue/running_reg/C	native_system/queue/queue_reg[0][1357]/CE	-0.897	8.220	4
native_system/queue/running_reg/C	native_system/queue/queue_reg[0][1444]/CE	-0.897	8.220	4
native_system/queue/bus_address_reg[4]/C	bridge/s_rdata_reg[11]/D	-0.896	8.463	8
native_system/queue/running_reg/C	native_system/queue/queue_reg[0][1037]/CE	-0.896	8.183	4
native_system/queue/running_reg/C	native_system/queue/queue_reg[0][1219]/CE	-0.896	8.183	4
native_system/queue/running_reg/C	native_system/queue/queue_reg[0][1244]/CE	-0.896	8.183	4
native_system/queue/running_reg/C	native_system/queue/queue_reg[0][2122]/CE	-0.896	8.183	4
native_system/queue/running_reg/C	native_system/queue/queue_reg[0][436]/CE	-0.896	8.183	4
native_system/queue/running_reg/C	native_system/queue/queue_reg[0][551]/CE	-0.896	8.183	4
native_system/queue/running_reg/C	native_system/queue/queue_reg[0][669]/CE	-0.896	8.183	4
native_system/queue/running_reg/C	native_system/queue/queue_reg[0][1079]/CE	-0.896	8.183	4
native_system/queue/running_reg/C	native_system/queue/queue_reg[0][1539]/CE	-0.896	8.183	4
native_system/queue/running_reg/C	native_system/queue/queue_reg[0][1547]/CE	-0.896	8.183	4
native_system/queue/running_reg/C	native_system/queue/queue_reg[0][1552]/CE	-0.896	8.183	4
native_system/queue/running_reg/C	native_system/queue/queue_reg[0][996]/CE	-0.896	8.183	4
native_system/queue/running_reg/C	native_system/queue/queue_reg[2][1031]/CE	-0.895	8.182	4
native_system/queue/running_reg/C	native_system/queue/queue_reg[2][1033]/CE	-0.895	8.182	4
native_system/queue/running_reg/C	native_system/queue/queue_reg[2][1110]/CE	-0.895	8.182	4
native_system/queue/running_reg/C	native_system/queue/queue_reg[2][1596]/CE	-0.895	8.182	4
native_system/queue/running_reg/C	native_system/queue/queue_reg[2][1791]/CE	-0.895	8.182	4
native_system/queue/running_reg/C	native_system/queue/queue_reg[2][545]/CE	-0.895	8.182	4
native_system/queue/running_reg/C	native_system/queue/queue_reg[2][841]/CE	-0.895	8.182	4
native_system/digital/cfg_reg[22][7]/C	native_system/digital/bank/shadow_requested_reg[110][7]/D	-0.895	8.344	0
native_system/queue/running_reg/C	native_system/queue/queue_reg[0][1272]/CE	-0.894	8.181	4
native_system/queue/running_reg/C	native_system/queue/queue_reg[0][1425]/CE	-0.894	8.181	4
native_system/queue/running_reg/C	native_system/queue/queue_reg[0][377]/CE	-0.894	8.181	4
native_system/queue/running_reg/C	native_system/queue/queue_reg[0][409]/CE	-0.894	8.181	4
native_system/queue/running_reg/C	native_system/queue/queue_reg[0][585]/CE	-0.894	8.181	4
native_system/queue/running_reg/C	native_system/queue/queue_reg[0][659]/CE	-0.894	8.181	4
native_system/queue/running_reg/C	native_system/queue/queue_reg[0][675]/CE	-0.894	8.181	4
native_system/queue/running_reg/C	native_system/queue/queue_reg[0][739]/CE	-0.894	8.181	4
native_system/queue/running_reg/C	native_system/queue/queue_reg[2][1398]/CE	-0.894	8.217	4
native_system/queue/running_reg/C	native_system/queue/queue_reg[2][1546]/CE	-0.894	8.217	4
native_system/queue/running_reg/C	native_system/queue/queue_reg[2][2120]/CE	-0.894	8.217	4
native_system/queue/running_reg/C	native_system/queue/queue_reg[2][565]/CE	-0.894	8.217	4
native_system/queue/running_reg/C	native_system/queue/queue_reg[2][568]/CE	-0.894	8.217	4
native_system/queue/running_reg/C	native_system/queue/queue_reg[2][789]/CE	-0.894	8.217	4
native_system/queue/running_reg/C	native_system/queue/queue_reg[2][840]/CE	-0.894	8.217	4
native_system/queue/running_reg/C	native_system/queue/queue_reg[2][909]/CE	-0.894	8.217	4
native_system/queue/running_reg/C	native_system/queue/queue_reg[1][1008]/CE	-0.893	8.180	4
native_system/queue/running_reg/C	native_system/queue/queue_reg[1][1543]/CE	-0.893	8.180	4
native_system/queue/running_reg/C	native_system/queue/queue_reg[1][296]/CE	-0.893	8.180	4
native_system/queue/running_reg/C	native_system/queue/queue_reg[1][489]/CE	-0.893	8.180	4
native_system/queue/running_reg/C	native_system/queue/queue_reg[1][691]/CE	-0.893	8.180	4
native_system/queue/running_reg/C	native_system/queue/queue_reg[1][876]/CE	-0.893	8.180	4
native_system/queue/running_reg/C	native_system/queue/queue_reg[1][906]/CE	-0.893	8.180	4
native_system/queue/running_reg/C	native_system/queue/queue_reg[1][967]/CE	-0.893	8.180	4
native_system/digital/cfg_reg[21][4]/C	native_system/digital/bank/shadow_calibration_reg[126][0]/CE	-0.892	8.215	1
native_system/digital/cfg_reg[21][4]/C	native_system/digital/bank/shadow_requested_reg[126][4]/CE	-0.892	8.215	1
native_system/digital/boundary_reg/C	native_system/digital/bank/active_calibration_reg[38][0]/CE	-0.891	8.214	1
native_system/digital/boundary_reg/C	native_system/digital/bank/active_calibration_reg[38][1]/CE	-0.891	8.214	1
native_system/digital/boundary_reg/C	native_system/digital/bank/active_calibration_reg[38][3]/CE	-0.891	8.214	1
native_system/digital/boundary_reg/C	native_system/digital/bank/active_calibration_reg[38][5]/CE	-0.891	8.214	1
native_system/digital/boundary_reg/C	native_system/digital/bank/active_calibration_reg[38][7]/CE	-0.891	8.214	1
native_system/digital/boundary_reg/C	native_system/digital/bank/active_requested_reg[38][0]/CE	-0.891	8.214	1
native_system/digital/boundary_reg/C	native_system/digital/bank/active_requested_reg[38][2]/CE	-0.891	8.214	1
native_system/digital/boundary_reg/C	native_system/digital/bank/active_calibration_reg[14][1]/CE	-0.889	8.176	1
native_system/digital/boundary_reg/C	native_system/digital/bank/active_calibration_reg[14][5]/CE	-0.889	8.176	1
native_system/digital/boundary_reg/C	native_system/digital/bank/active_requested_reg[14][1]/CE	-0.889	8.176	1
native_system/digital/boundary_reg/C	native_system/digital/bank/active_requested_reg[14][4]/CE	-0.889	8.176	1
native_system/queue/running_reg/C	native_system/queue/queue_reg[2][464]/CE	-0.887	8.174	4
native_system/queue/running_reg/C	native_system/queue/queue_reg[2][562]/CE	-0.887	8.174	4
native_system/queue/running_reg/C	native_system/queue/queue_reg[2][591]/CE	-0.887	8.174	4
native_system/queue/running_reg/C	native_system/queue/queue_reg[2][621]/CE	-0.887	8.174	4
native_system/queue/running_reg/C	native_system/queue/queue_reg[2][679]/CE	-0.887	8.174	4
native_system/queue/running_reg/C	native_system/queue/queue_reg[2][682]/CE	-0.887	8.174	4
native_system/queue/running_reg/C	native_system/queue/queue_reg[2][1052]/CE	-0.887	8.174	4
native_system/queue/running_reg/C	native_system/queue/queue_reg[2][1225]/CE	-0.887	8.174	4
native_system/queue/running_reg/C	native_system/queue/queue_reg[2][1653]/CE	-0.887	8.174	4
native_system/queue/running_reg/C	native_system/queue/queue_reg[2][1712]/CE	-0.887	8.174	4
native_system/queue/running_reg/C	native_system/queue/queue_reg[2][436]/CE	-0.887	8.174	4
native_system/queue/running_reg/C	native_system/queue/queue_reg[2][637]/CE	-0.887	8.174	4
native_system/queue/running_reg/C	native_system/queue/queue_reg[2][761]/CE	-0.887	8.174	4
native_system/digital/cfg_reg[10][0]/C	native_system/digital/scheduler/capture_sequence_reg[0]/CE	-0.887	8.210	13
native_system/digital/cfg_reg[10][0]/C	native_system/digital/scheduler/capture_sequence_reg[1]/CE	-0.887	8.210	13
native_system/digital/cfg_reg[10][0]/C	native_system/digital/scheduler/capture_sequence_reg[2]/CE	-0.887	8.210	13
native_system/digital/cfg_reg[10][0]/C	native_system/digital/scheduler/capture_sequence_reg[3]/CE	-0.887	8.210	13
native_system/digital/cfg_reg[10][0]/C	native_system/digital/scheduler/capture_sequence_reg[6]/CE	-0.887	8.210	13
native_system/digital/boundary_reg/C	native_system/digital/bank/active_requested_reg[0][0]/CE	-0.887	8.210	1
native_system/digital/boundary_reg/C	native_system/digital/bank/active_requested_reg[0][1]/CE	-0.887	8.210	1
native_system/digital/boundary_reg/C	native_system/digital/bank/active_requested_reg[0][3]/CE	-0.887	8.210	1
native_system/queue/running_reg/C	native_system/queue/active_reg[1099]/CE	-0.884	8.171	3
native_system/queue/running_reg/C	native_system/queue/active_reg[1311]/CE	-0.884	8.171	3
native_system/queue/running_reg/C	native_system/queue/active_reg[1321]/CE	-0.884	8.171	3
native_system/queue/running_reg/C	native_system/queue/active_reg[1343]/CE	-0.884	8.171	3
native_system/digital/cfg_reg[10][0]/C	native_system/digital/scheduler/state_reg[1]/D	-0.884	8.309	14
native_system/queue/running_reg/C	native_system/queue/queue_reg[3][1008]/CE	-0.884	8.171	4
native_system/queue/running_reg/C	native_system/queue/queue_reg[3][1543]/CE	-0.884	8.171	4
native_system/queue/running_reg/C	native_system/queue/queue_reg[3][360]/CE	-0.884	8.171	4
native_system/queue/running_reg/C	native_system/queue/queue_reg[3][464]/CE	-0.884	8.171	4
native_system/queue/running_reg/C	native_system/queue/queue_reg[3][682]/CE	-0.884	8.171	4
native_system/queue/running_reg/C	native_system/queue/queue_reg[3][691]/CE	-0.884	8.171	4
native_system/queue/running_reg/C	native_system/queue/queue_reg[3][906]/CE	-0.884	8.171	4
native_system/queue/running_reg/C	native_system/queue/queue_reg[3][967]/CE	-0.884	8.171	4
native_system/queue/running_reg/C	native_system/queue/active_reg[1065]/CE	-0.883	8.206	3
native_system/queue/running_reg/C	native_system/queue/active_reg[1185]/CE	-0.883	8.206	3
native_system/queue/running_reg/C	native_system/queue/active_reg[1268]/CE	-0.883	8.206	3
native_system/queue/running_reg/C	native_system/queue/active_reg[1349]/CE	-0.883	8.206	3
native_system/digital/reset_sync_reg[1]/C	native_system/digital/adc/spi/lane_reg[1][0]/CLR	-0.882	7.969	1
native_system/digital/reset_sync_reg[1]/C	native_system/digital/adc/spi/lane_reg[1][1]/CLR	-0.882	7.969	1
native_system/digital/reset_sync_reg[1]/C	native_system/digital/adc/frame_reg[65]/CLR	-0.882	7.969	1
native_system/digital/cfg_reg[22][2]/C	native_system/digital/bank/shadow_requested_reg[126][2]/D	-0.882	8.358	0
native_system/digital/reset_sync_reg[1]/C	native_system/digital/bank/shadow_calibration_reg[115][4]/CLR	-0.881	8.054	1
native_system/digital/reset_sync_reg[1]/C	native_system/digital/bank/shadow_calibration_reg[115][6]/CLR	-0.881	8.054	1
native_system/digital/reset_sync_reg[1]/C	native_system/digital/bank/shadow_calibration_reg[115][7]/CLR	-0.881	8.054	1
native_system/digital/reset_sync_reg[1]/C	native_system/digital/bank/shadow_mask_reg[115]/CLR	-0.881	8.054	1
native_system/queue/running_reg/C	native_system/queue/queue_reg[1][1262]/CE	-0.880	8.203	4
native_system/queue/running_reg/C	native_system/queue/queue_reg[1][1478]/CE	-0.880	8.203	4
native_system/queue/running_reg/C	native_system/queue/queue_reg[2][1016]/CE	-0.880	8.203	4
native_system/queue/running_reg/C	native_system/queue/queue_reg[2][1030]/CE	-0.880	8.203	4
native_system/queue/running_reg/C	native_system/queue/queue_reg[2][1361]/CE	-0.880	8.203	4
native_system/queue/running_reg/C	native_system/queue/queue_reg[2][1532]/CE	-0.880	8.203	4
native_system/queue/running_reg/C	native_system/queue/queue_reg[2][615]/CE	-0.880	8.203	4
native_system/queue/running_reg/C	native_system/queue/queue_reg[2][779]/CE	-0.880	8.203	4
native_system/queue/running_reg/C	native_system/queue/queue_reg[2][843]/CE	-0.880	8.203	4
native_system/queue/running_reg/C	native_system/queue/queue_reg[2][893]/CE	-0.880	8.203	4
native_system/queue/running_reg/C	native_system/queue/queue_reg[0][1036]/CE	-0.880	8.167	4
native_system/queue/running_reg/C	native_system/queue/queue_reg[0][1052]/CE	-0.880	8.167	4
native_system/queue/running_reg/C	native_system/queue/queue_reg[0][1428]/CE	-0.880	8.167	4
native_system/queue/running_reg/C	native_system/queue/queue_reg[0][1653]/CE	-0.880	8.167	4
native_system/queue/running_reg/C	native_system/queue/queue_reg[0][537]/CE	-0.880	8.167	4
native_system/queue/running_reg/C	native_system/queue/queue_reg[0][554]/CE	-0.880	8.167	4
native_system/queue/running_reg/C	native_system/queue/queue_reg[0][701]/CE	-0.880	8.167	4
native_system/queue/running_reg/C	native_system/queue/active_reg[1122]/CE	-0.880	8.203	3
native_system/queue/running_reg/C	native_system/queue/active_reg[1154]/CE	-0.880	8.203	3
native_system/queue/running_reg/C	native_system/queue/active_reg[1380]/CE	-0.880	8.203	3
native_system/queue/running_reg/C	native_system/queue/active_reg[1491]/CE	-0.880	8.203	3
native_system/queue/running_reg/C	native_system/queue/queue_reg[0][1027]/CE	-0.876	8.163	4
native_system/queue/running_reg/C	native_system/queue/queue_reg[0][1069]/CE	-0.876	8.163	4
native_system/queue/running_reg/C	native_system/queue/queue_reg[0][1295]/CE	-0.876	8.163	4
native_system/queue/running_reg/C	native_system/queue/queue_reg[0][1531]/CE	-0.876	8.163	4
native_system/queue/running_reg/C	native_system/queue/queue_reg[0][1656]/CE	-0.876	8.163	4
native_system/queue/running_reg/C	native_system/queue/queue_reg[0][541]/CE	-0.876	8.163	4
native_system/queue/running_reg/C	native_system/queue/queue_reg[0][552]/CE	-0.876	8.163	4
native_system/queue/running_reg/C	native_system/queue/queue_reg[0][846]/CE	-0.876	8.163	4
native_system/digital/cfg_reg[21][4]/C	native_system/digital/bank/shadow_calibration_reg[85][4]/CE	-0.873	7.952	1
native_system/digital/cfg_reg[21][4]/C	native_system/digital/bank/shadow_calibration_reg[85][5]/CE	-0.873	7.952	1
native_system/digital/cfg_reg[21][4]/C	native_system/digital/bank/shadow_calibration_reg[85][6]/CE	-0.873	7.952	1
native_system/digital/cfg_reg[21][4]/C	native_system/digital/bank/shadow_calibration_reg[85][7]/CE	-0.873	7.952	1
native_system/digital/cfg_reg[21][4]/C	native_system/digital/bank/shadow_mask_reg[85]/CE	-0.873	7.952	1
native_system/digital/cfg_reg[21][4]/C	native_system/digital/bank/shadow_requested_reg[85][2]/CE	-0.873	7.952	1
native_system/digital/cfg_reg[21][4]/C	native_system/digital/bank/shadow_requested_reg[85][4]/CE	-0.873	7.952	1
native_system/digital/cfg_reg[21][4]/C	native_system/digital/bank/shadow_requested_reg[85][7]/CE	-0.873	7.952	1
native_system/digital/reset_sync_reg[1]/C	native_system/digital/scheduler/total_reg[0]/CLR	-0.873	7.960	1
native_system/digital/reset_sync_reg[1]/C	native_system/digital/scheduler/total_reg[1]/CLR	-0.873	7.960	1
native_system/digital/reset_sync_reg[1]/C	native_system/digital/scheduler/total_reg[2]/CLR	-0.873	7.960	1
native_system/digital/reset_sync_reg[1]/C	native_system/digital/scheduler/total_reg[3]/CLR	-0.873	7.960	1
native_system/digital/cfg_reg[22][10]/C	native_system/digital/bank/shadow_calibration_reg[94][2]/D	-0.872	8.255	0
native_system/queue/running_reg/C	native_system/queue/queue_reg[2][1069]/CE	-0.871	8.158	4
native_system/queue/running_reg/C	native_system/queue/queue_reg[2][1287]/CE	-0.871	8.158	4
native_system/queue/running_reg/C	native_system/queue/queue_reg[2][1308]/CE	-0.871	8.158	4
native_system/queue/running_reg/C	native_system/queue/queue_reg[2][1348]/CE	-0.871	8.158	4
native_system/queue/running_reg/C	native_system/queue/queue_reg[2][533]/CE	-0.871	8.158	4
native_system/queue/running_reg/C	native_system/queue/queue_reg[2][705]/CE	-0.871	8.158	4
native_system/queue/running_reg/C	native_system/queue/queue_reg[2][719]/CE	-0.871	8.158	4
native_system/queue/running_reg/C	native_system/queue/queue_reg[2][725]/CE	-0.871	8.158	4
native_system/queue/running_reg/C	native_system/queue/queue_reg[1][1101]/CE	-0.871	8.194	4
native_system/queue/running_reg/C	native_system/queue/queue_reg[1][281]/CE	-0.871	8.194	4
native_system/queue/running_reg/C	native_system/queue/queue_reg[1][292]/CE	-0.871	8.194	4
native_system/queue/running_reg/C	native_system/queue/queue_reg[1][336]/CE	-0.871	8.194	4
native_system/queue/running_reg/C	native_system/queue/queue_reg[1][404]/CE	-0.871	8.194	4
native_system/queue/running_reg/C	native_system/queue/queue_reg[1][432]/CE	-0.871	8.194	4
native_system/queue/running_reg/C	native_system/queue/queue_reg[1][709]/CE	-0.871	8.194	4
native_system/digital/master_phase_reg[5]_rep/C	native_system/digital/serial/captured_reg[39]/D	-0.871	8.316	3
native_system/digital/reset_sync_reg[1]/C	native_system/digital/scheduler/period_count_reg[0]/CLR	-0.870	7.957	1
native_system/digital/reset_sync_reg[1]/C	native_system/digital/scheduler/period_count_reg[4]/CLR	-0.870	7.957	1
native_system/digital/reset_sync_reg[1]/C	native_system/digital/scheduler/period_count_reg[5]/CLR	-0.870	7.957	1
native_system/digital/cfg_reg[21][4]/C	native_system/digital/bank/written_reg[97]/D	-0.870	8.443	2
native_system/queue/running_reg/C	native_system/queue/active_reg[1223]/CE	-0.870	8.193	3
native_system/queue/running_reg/C	native_system/queue/active_reg[1519]/CE	-0.870	8.193	3
native_system/digital/boundary_reg/C	native_system/digital/bank/active_calibration_reg[2][0]/CE	-0.869	8.192	1
native_system/digital/boundary_reg/C	native_system/digital/bank/active_calibration_reg[2][1]/CE	-0.869	8.192	1
native_system/digital/boundary_reg/C	native_system/digital/bank/active_calibration_reg[2][2]/CE	-0.869	8.192	1
native_system/digital/boundary_reg/C	native_system/digital/bank/active_calibration_reg[2][5]/CE	-0.869	8.192	1
native_system/digital/cfg_reg[21][4]/C	native_system/digital/bank/shadow_calibration_reg[92][3]/CE	-0.869	7.953	1
native_system/digital/cfg_reg[21][4]/C	native_system/digital/bank/shadow_requested_reg[92][0]/CE	-0.869	7.953	1
native_system/digital/cfg_reg[21][4]/C	native_system/digital/bank/shadow_requested_reg[92][5]/CE	-0.869	7.953	1
native_system/digital/cfg_reg[21][4]/C	native_system/digital/bank/shadow_requested_reg[92][7]/CE	-0.869	7.953	1
native_system/digital/cfg_reg[21][4]/C	native_system/digital/bank/shadow_calibration_reg[121][3]/CE	-0.869	8.156	1
native_system/digital/cfg_reg[21][4]/C	native_system/digital/bank/shadow_requested_reg[121][4]/CE	-0.869	8.156	1
native_system/queue/running_reg/C	native_system/queue/queue_reg[3][1372]/CE	-0.869	8.156	4
native_system/queue/running_reg/C	native_system/queue/queue_reg[3][1425]/CE	-0.869	8.156	4
native_system/queue/running_reg/C	native_system/queue/queue_reg[3][409]/CE	-0.869	8.156	4
native_system/queue/running_reg/C	native_system/queue/queue_reg[3][585]/CE	-0.869	8.156	4
native_system/queue/running_reg/C	native_system/queue/queue_reg[3][677]/CE	-0.869	8.156	4
native_system/queue/running_reg/C	native_system/queue/queue_reg[3][739]/CE	-0.869	8.156	4
native_system/queue/running_reg/C	native_system/queue/queue_reg[3][783]/CE	-0.869	8.156	4
native_system/queue/running_reg/C	native_system/queue/queue_reg[3][932]/CE	-0.869	8.156	4
native_system/queue/running_reg/C	native_system/queue/active_reg[559]/CE	-0.869	8.156	3
native_system/queue/running_reg/C	native_system/queue/active_reg[623]/CE	-0.869	8.156	3
native_system/queue/running_reg/C	native_system/queue/active_reg[704]/CE	-0.869	8.156	3
native_system/queue/running_reg/C	native_system/queue/active_reg[730]/CE	-0.869	8.156	3
native_system/queue/running_reg/C	native_system/queue/queue_reg[2][1116]/CE	-0.868	8.155	4
native_system/queue/running_reg/C	native_system/queue/queue_reg[2][1180]/CE	-0.868	8.155	4
native_system/queue/running_reg/C	native_system/queue/queue_reg[2][1228]/CE	-0.868	8.155	4
native_system/queue/running_reg/C	native_system/queue/queue_reg[2][1397]/CE	-0.868	8.155	4
native_system/queue/running_reg/C	native_system/queue/queue_reg[2][1492]/CE	-0.868	8.155	4
native_system/queue/running_reg/C	native_system/queue/queue_reg[2][543]/CE	-0.868	8.155	4
native_system/queue/running_reg/C	native_system/queue/queue_reg[2][617]/CE	-0.868	8.155	4
native_system/queue/running_reg/C	native_system/queue/queue_reg[2][860]/CE	-0.868	8.155	4
native_system/queue/running_reg/C	native_system/queue/queue_reg[0][1032]/CE	-0.868	8.191	4
native_system/queue/running_reg/C	native_system/queue/queue_reg[0][1063]/CE	-0.868	8.191	4
native_system/queue/running_reg/C	native_system/queue/queue_reg[0][1111]/CE	-0.868	8.191	4
native_system/queue/running_reg/C	native_system/queue/queue_reg[0][1336]/CE	-0.868	8.191	4
native_system/queue/running_reg/C	native_system/queue/queue_reg[0][1398]/CE	-0.868	8.191	4
native_system/queue/running_reg/C	native_system/queue/queue_reg[0][1470]/CE	-0.868	8.191	4
native_system/queue/running_reg/C	native_system/queue/queue_reg[0][1608]/CE	-0.868	8.191	4
native_system/queue/running_reg/C	native_system/queue/queue_reg[0][672]/CE	-0.868	8.191	4
native_system/digital/master_phase_reg[0]_rep/C	native_system/digital/serial/serial_data_reg[27]/D	-0.868	8.391	5
native_system/digital/master_phase_reg[5]/C	native_system/digital/serial/captured_reg[109]/D	-0.867	8.390	3
native_system/queue/running_reg/C	native_system/queue/active_reg[1084]/CE	-0.866	8.153	3
native_system/queue/running_reg/C	native_system/queue/active_reg[1189]/CE	-0.866	8.153	3
native_system/queue/running_reg/C	native_system/queue/active_reg[1370]/CE	-0.866	8.153	3
native_system/queue/running_reg/C	native_system/queue/active_reg[1498]/CE	-0.866	8.153	3
native_system/digital/master_phase_reg[0]_rep/C	native_system/digital/serial/captured_reg[88]/D	-0.863	8.384	4
native_system/queue/running_reg/C	native_system/queue/active_reg[1164]/CE	-0.863	8.150	3
native_system/queue/running_reg/C	native_system/queue/active_reg[1221]/CE	-0.863	8.150	3
native_system/queue/running_reg/C	native_system/queue/active_reg[1292]/CE	-0.863	8.150	3
native_system/queue/running_reg/C	native_system/queue/active_reg[832]/CE	-0.863	8.150	3
native_system/digital/cfg_reg[21][4]/C	native_system/digital/bank/shadow_requested_reg[121][1]/CE	-0.862	8.149	1
native_system/digital/cfg_reg[21][4]/C	native_system/digital/bank/shadow_requested_reg[121][3]/CE	-0.862	8.149	1
native_system/queue/running_reg/C	native_system/queue/queue_reg[3][1187]/CE	-0.862	8.149	4
native_system/queue/running_reg/C	native_system/queue/queue_reg[3][1790]/CE	-0.862	8.149	4
native_system/digital/cfg_reg[21][4]/C	native_system/digital/bank/shadow_calibration_reg[125][1]/CE	-0.861	7.940	1
native_system/digital/cfg_reg[21][4]/C	native_system/digital/bank/shadow_calibration_reg[125][2]/CE	-0.861	7.940	1
native_system/digital/cfg_reg[21][4]/C	native_system/digital/bank/shadow_calibration_reg[125][4]/CE	-0.861	7.940	1
native_system/digital/cfg_reg[21][4]/C	native_system/digital/bank/shadow_requested_reg[125][2]/CE	-0.861	7.940	1
native_system/digital/reset_sync_reg[1]/C	native_system/digital/bank/shadow_requested_reg[32][1]/CLR	-0.861	7.948	1
native_system/queue/rd_reg[0]_rep__1/C	native_system/queue/active_reg[576]/D	-0.860	8.433	1
native_system/queue/running_reg/C	native_system/queue/active_reg[1227]/CE	-0.860	8.183	3
native_system/queue/running_reg/C	native_system/queue/active_reg[1363]/CE	-0.860	8.183	3
native_system/queue/running_reg/C	native_system/queue/active_reg[1394]/CE	-0.860	8.183	3
native_system/queue/running_reg/C	native_system/queue/active_reg[1465]/CE	-0.860	8.183	3
native_system/queue/running_reg/C	native_system/queue/queue_reg[2][1198]/CE	-0.859	8.146	4
native_system/queue/running_reg/C	native_system/queue/queue_reg[2][1576]/CE	-0.859	8.146	4
native_system/queue/running_reg/C	native_system/queue/queue_reg[2][733]/CE	-0.859	8.146	4
native_system/digital/reset_sync_reg[1]/C	native_system/digital/bank/shadow_calibration_reg[13][0]/CLR	-0.857	7.944	1
native_system/digital/reset_sync_reg[1]/C	native_system/digital/bank/shadow_requested_reg[13][5]/CLR	-0.857	7.944	1
native_system/digital/reset_sync_reg[1]/C	native_system/digital/cfg_reg[8][0]/PRE	-0.855	7.986	1
native_system/digital/reset_sync_reg[1]/C	native_system/digital/cfg_reg[8][2]/PRE	-0.855	7.986	1
native_system/digital/reset_sync_reg[1]/C	native_system/digital/cfg_reg[8][6]/CLR	-0.855	7.986	1
native_system/queue/running_reg/C	native_system/queue/queue_reg[3][562]/CE	-0.852	8.139	4
native_system/queue/running_reg/C	native_system/queue/queue_reg[3][621]/CE	-0.852	8.139	4
native_system/queue/running_reg/C	native_system/queue/queue_reg[3][759]/CE	-0.852	8.139	4
native_system/queue/running_reg/C	native_system/queue/queue_reg[3][767]/CE	-0.852	8.139	4
native_system/queue/running_reg/C	native_system/queue/queue_reg[3][848]/CE	-0.852	8.139	4
native_system/queue/running_reg/C	native_system/queue/queue_reg[3][974]/CE	-0.852	8.139	4
native_system/queue/running_reg/C	native_system/queue/queue_reg[3][1219]/CE	-0.852	8.139	4
native_system/queue/running_reg/C	native_system/queue/queue_reg[3][1225]/CE	-0.852	8.139	4
native_system/queue/running_reg/C	native_system/queue/queue_reg[3][1300]/CE	-0.852	8.139	4
native_system/queue/running_reg/C	native_system/queue/queue_reg[3][1361]/CE	-0.852	8.139	4
native_system/queue/running_reg/C	native_system/queue/queue_reg[3][1468]/CE	-0.852	8.139	4
native_system/queue/running_reg/C	native_system/queue/queue_reg[3][637]/CE	-0.852	8.139	4
native_system/queue/running_reg/C	native_system/queue/queue_reg[3][669]/CE	-0.852	8.139	4
native_system/queue/running_reg/C	native_system/queue/queue_reg[3][911]/CE	-0.852	8.139	4
native_system/queue/bus_address_reg[4]/C	bridge/s_rdata_reg[0]/D	-0.851	8.420	8
native_system/digital/reset_sync_reg[1]/C	native_system/digital/bank/shadow_mask_reg[71]/CLR	-0.851	8.024	1
native_system/digital/reset_sync_reg[1]/C	native_system/digital/bank/shadow_requested_reg[71][1]/CLR	-0.851	8.024	1
native_system/digital/reset_sync_reg[1]/C	native_system/digital/bank/shadow_requested_reg[71][4]/CLR	-0.851	8.024	1
native_system/digital/boundary_reg/C	native_system/digital/bank/active_calibration_reg[37][6]/CE	-0.850	8.137	1
native_system/digital/boundary_reg/C	native_system/digital/bank/active_requested_reg[37][5]/CE	-0.850	8.137	1
native_system/digital/boundary_reg/C	native_system/digital/bank/active_requested_reg[37][7]/CE	-0.850	8.137	1
native_system/digital/boundary_reg/C	native_system/digital/bank/active_requested_reg[38][5]/CE	-0.850	8.137	1
native_system/digital/cfg_reg[22][13]/C	native_system/digital/bank/shadow_calibration_reg[96][5]/D	-0.850	8.261	0
native_system/digital/boundary_reg/C	native_system/digital/bank/active_calibration_reg[27][1]/CE	-0.850	8.137	1
native_system/digital/boundary_reg/C	native_system/digital/bank/active_calibration_reg[27][2]/CE	-0.850	8.137	1
native_system/digital/boundary_reg/C	native_system/digital/bank/active_calibration_reg[37][1]/CE	-0.850	8.137	1
native_system/digital/boundary_reg/C	native_system/digital/bank/active_requested_reg[37][2]/CE	-0.850	8.137	1
native_system/queue/running_reg/C	native_system/queue/active_reg[1159]/CE	-0.849	8.136	3
native_system/queue/running_reg/C	native_system/queue/active_reg[1194]/CE	-0.849	8.136	3
native_system/queue/running_reg/C	native_system/queue/active_reg[1196]/CE	-0.849	8.136	3
native_system/queue/running_reg/C	native_system/queue/active_reg[1383]/CE	-0.849	8.136	3
native_system/digital/boundary_reg/C	native_system/digital/bank/active_requested_reg[27][1]/CE	-0.848	8.135	1
native_system/queue/running_reg/C	native_system/queue/active_reg[1057]/CE	-0.846	8.133	3
native_system/queue/running_reg/C	native_system/queue/active_reg[1080]/CE	-0.846	8.133	3
native_system/queue/running_reg/C	native_system/queue/active_reg[1134]/CE	-0.846	8.133	3
native_system/queue/running_reg/C	native_system/queue/active_reg[1138]/CE	-0.846	8.133	3
native_system/queue/running_reg/C	native_system/queue/queue_reg[1][1043]/CE	-0.845	8.132	4
native_system/queue/running_reg/C	native_system/queue/queue_reg[1][1214]/CE	-0.845	8.132	4
native_system/queue/running_reg/C	native_system/queue/queue_reg[1][1350]/CE	-0.845	8.132	4
native_system/queue/running_reg/C	native_system/queue/queue_reg[1][1482]/CE	-0.845	8.132	4
native_system/queue/running_reg/C	native_system/queue/queue_reg[1][1494]/CE	-0.845	8.132	4
native_system/queue/running_reg/C	native_system/queue/queue_reg[1][1552]/CE	-0.845	8.132	4
native_system/queue/running_reg/C	native_system/queue/queue_reg[1][884]/CE	-0.845	8.132	4
native_system/queue/running_reg/C	native_system/queue/queue_reg[1][953]/CE	-0.845	8.132	4
native_system/digital/cfg_reg[22][6]/C	native_system/digital/bank/shadow_requested_reg[108][6]/D	-0.843	8.273	0
native_system/queue/running_reg/C	native_system/queue/queue_reg[3][400]/CE	-0.843	8.130	4
native_system/queue/running_reg/C	native_system/queue/queue_reg[3][448]/CE	-0.843	8.130	4
native_system/queue/running_reg/C	native_system/queue/queue_reg[3][631]/CE	-0.843	8.130	4
native_system/queue/running_reg/C	native_system/queue/queue_reg[3][727]/CE	-0.843	8.130	4
native_system/queue/running_reg/C	native_system/queue/queue_reg[3][937]/CE	-0.843	8.130	4
native_system/queue/running_reg/C	native_system/queue/queue_reg[3][956]/CE	-0.843	8.130	4
native_system/queue/running_reg/C	native_system/queue/queue_reg[1][1788]/CE	-0.843	8.130	4
native_system/queue/running_reg/C	native_system/queue/queue_reg[3][1539]/CE	-0.841	8.128	4
native_system/queue/running_reg/C	native_system/queue/queue_reg[3][1568]/CE	-0.841	8.128	4
native_system/queue/running_reg/C	native_system/queue/queue_reg[3][1744]/CE	-0.841	8.128	4
native_system/queue/running_reg/C	native_system/queue/queue_reg[3][844]/CE	-0.841	8.128	4
native_system/queue/running_reg/C	native_system/queue/queue_reg[3][953]/CE	-0.841	8.128	4
native_system/queue/running_reg/C	native_system/queue/queue_reg[3][996]/CE	-0.841	8.128	4
native_system/queue/running_reg/C	native_system/queue/queue_reg[0][1532]/CE	-0.841	8.164	4
native_system/queue/running_reg/C	native_system/queue/queue_reg[0][288]/CE	-0.841	8.164	4
native_system/queue/running_reg/C	native_system/queue/queue_reg[0][595]/CE	-0.841	8.164	4
native_system/queue/running_reg/C	native_system/queue/queue_reg[0][828]/CE	-0.841	8.164	4
native_system/queue/running_reg/C	native_system/queue/queue_reg[0][869]/CE	-0.841	8.164	4
native_system/queue/running_reg/C	native_system/queue/queue_reg[0][960]/CE	-0.841	8.164	4
native_system/queue/running_reg/C	native_system/queue/queue_reg[0][971]/CE	-0.841	8.164	4
native_system/queue/running_reg/C	native_system/queue/queue_reg[0][997]/CE	-0.841	8.164	4
native_system/digital/reset_sync_reg[1]/C	native_system/digital/bank/active_calibration_reg[1][6]/CLR	-0.841	7.928	1
native_system/digital/reset_sync_reg[1]/C	native_system/digital/bank/active_requested_reg[1][1]/CLR	-0.841	7.928	1
native_system/digital/reset_sync_reg[1]/C	native_system/digital/bank/active_requested_reg[1][4]/CLR	-0.841	7.928	1
native_system/digital/reset_sync_reg[1]/C	native_system/digital/bank/active_requested_reg[1][6]/CLR	-0.841	7.928	1
native_system/digital/reset_sync_reg[1]/C	native_system/digital/bank/active_requested_reg[1][7]/CLR	-0.841	7.928	1
native_system/digital/reset_sync_reg[1]/C	native_system/digital/bank/active_requested_reg[5][3]/CLR	-0.841	7.928	1
native_system/digital/cfg_reg[22][10]/C	native_system/digital/bank/shadow_calibration_reg[73][2]/D	-0.840	8.237	0
native_system/digital/reset_sync_reg[1]/C	native_system/digital/scheduler/frame_count_reg[2]/CLR	-0.838	7.969	1
native_system/digital/cfg_reg[21][1]/C	native_system/digital/bank/shadow_calibration_reg[96][2]/CE	-0.837	7.916	1
native_system/digital/cfg_reg[21][1]/C	native_system/digital/bank/shadow_calibration_reg[96][4]/CE	-0.837	7.916	1
native_system/digital/cfg_reg[21][1]/C	native_system/digital/bank/shadow_calibration_reg[96][6]/CE	-0.837	7.916	1
native_system/digital/cfg_reg[21][1]/C	native_system/digital/bank/shadow_calibration_reg[96][7]/CE	-0.837	7.916	1
native_system/digital/cfg_reg[21][1]/C	native_system/digital/bank/shadow_requested_reg[96][2]/CE	-0.837	7.916	1
native_system/digital/cfg_reg[21][1]/C	native_system/digital/bank/shadow_requested_reg[96][3]/CE	-0.837	7.916	1
native_system/digital/cfg_reg[21][1]/C	native_system/digital/bank/shadow_requested_reg[96][5]/CE	-0.837	7.916	1
native_system/digital/cfg_reg[21][1]/C	native_system/digital/bank/shadow_requested_reg[96][7]/CE	-0.837	7.916	1
native_system/digital/master_phase_reg[7]/C	native_system/digital/serial/captured_reg[84]/D	-0.837	8.360	3
native_system/digital/reset_sync_reg[1]/C	native_system/digital/bank/shadow_requested_reg[5][3]/CLR	-0.837	7.924	1
native_system/queue/running_reg/C	native_system/queue/queue_reg[3][1214]/CE	-0.836	8.123	4
native_system/queue/running_reg/C	native_system/queue/queue_reg[3][1494]/CE	-0.836	8.123	4
native_system/digital/boundary_reg/C	native_system/digital/bank/active_calibration_reg[6][4]/CE	-0.835	8.158	1
native_system/digital/boundary_reg/C	native_system/digital/bank/active_calibration_reg[6][6]/CE	-0.835	8.158	1
native_system/queue/running_reg/C	native_system/queue/active_reg[1058]/CE	-0.833	8.156	3
native_system/queue/running_reg/C	native_system/queue/active_reg[1186]/CE	-0.833	8.156	3
native_system/queue/running_reg/C	native_system/queue/active_reg[1485]/CE	-0.833	8.156	3
native_system/queue/running_reg/C	native_system/queue/active_reg[1564]/CE	-0.833	8.156	3
native_system/digital/cfg_reg[22][5]/C	native_system/digital/bank/shadow_requested_reg[121][5]/D	-0.832	8.216	0
native_system/queue/running_reg/C	native_system/queue/queue_reg[3][1127]/CE	-0.832	8.119	4
native_system/queue/running_reg/C	native_system/queue/queue_reg[3][1778]/CE	-0.832	8.119	4
native_system/queue/running_reg/C	native_system/queue/queue_reg[3][897]/CE	-0.832	8.119	4
native_system/digital/reset_sync_reg[1]/C	native_system/digital/adc/init_index_reg[0]/CLR	-0.831	7.918	1
native_system/digital/reset_sync_reg[1]/C	native_system/digital/adc/init_index_reg[1]/CLR	-0.831	7.918	1
native_system/digital/reset_sync_reg[1]/C	native_system/digital/adc/init_index_reg[2]/CLR	-0.831	7.918	1
native_system/digital/reset_sync_reg[1]/C	native_system/digital/adc/init_index_reg[3]/CLR	-0.831	7.918	1
native_system/digital/reset_sync_reg[1]/C	native_system/digital/adc/init_index_reg[4]/CLR	-0.831	7.918	1
native_system/queue/running_reg/C	native_system/queue/active_reg[400]/CE	-0.830	8.117	3
native_system/queue/running_reg/C	native_system/queue/active_reg[448]/CE	-0.830	8.117	3
native_system/queue/running_reg/C	native_system/queue/active_reg[937]/CE	-0.830	8.117	3
native_system/queue/running_reg/C	native_system/queue/active_reg[956]/CE	-0.830	8.117	3
native_system/digital/reset_sync_reg[1]/C	native_system/digital/adc/conversion_age_reg[20]/CLR	-0.829	7.916	1
native_system/digital/reset_sync_reg[1]/C	native_system/digital/adc/conversion_age_reg[21]/CLR	-0.829	7.916	1
native_system/digital/reset_sync_reg[1]/C	native_system/digital/adc/conversion_age_reg[22]/CLR	-0.829	7.916	1
native_system/digital/reset_sync_reg[1]/C	native_system/digital/adc/conversion_age_reg[23]/CLR	-0.829	7.916	1
native_system/digital/reset_sync_reg[1]/C	native_system/digital/cfg_reg[8][5]/PRE	-0.829	7.960	1
native_system/digital/reset_sync_reg[1]/C	native_system/digital/cfg_reg[8][9]/CLR	-0.829	7.960	1
native_system/queue/running_reg/C	native_system/queue/queue_reg[2][622]/CE	-0.828	8.115	4
native_system/queue/running_reg/C	native_system/queue/queue_reg[2][681]/CE	-0.828	8.115	4
native_system/queue/running_reg/C	native_system/queue/queue_reg[2][812]/CE	-0.828	8.115	4
native_system/queue/running_reg/C	native_system/queue/queue_reg[2][952]/CE	-0.828	8.115	4
native_system/queue/running_reg/C	native_system/queue/queue_reg[3][1021]/CE	-0.828	8.115	4
native_system/queue/running_reg/C	native_system/queue/queue_reg[3][1240]/CE	-0.828	8.115	4
native_system/queue/running_reg/C	native_system/queue/queue_reg[3][1261]/CE	-0.828	8.115	4
native_system/queue/running_reg/C	native_system/queue/queue_reg[3][1475]/CE	-0.828	8.115	4
native_system/queue/running_reg/C	native_system/queue/queue_reg[3][553]/CE	-0.828	8.115	4
native_system/queue/running_reg/C	native_system/queue/queue_reg[3][685]/CE	-0.828	8.115	4
native_system/queue/running_reg/C	native_system/queue/queue_reg[3][717]/CE	-0.828	8.115	4
native_system/queue/running_reg/C	native_system/queue/queue_reg[3][776]/CE	-0.828	8.115	4
native_system/digital/cfg_reg[22][10]/C	native_system/digital/bank/shadow_calibration_reg[43][2]/D	-0.827	8.216	0
native_system/queue/running_reg/C	native_system/queue/active_reg[535]/CE	-0.827	8.150	3
native_system/queue/running_reg/C	native_system/queue/active_reg[563]/CE	-0.827	8.150	3
native_system/queue/running_reg/C	native_system/queue/active_reg[1082]/CE	-0.824	8.147	3
native_system/queue/running_reg/C	native_system/queue/active_reg[1095]/CE	-0.824	8.147	3
native_system/queue/running_reg/C	native_system/queue/active_reg[1104]/CE	-0.824	8.147	3
native_system/queue/running_reg/C	native_system/queue/active_reg[1195]/CE	-0.824	8.147	3
native_system/digital/reset_sync_reg[1]/C	native_system/digital/bank/active_calibration_reg[13][2]/CLR	-0.822	7.995	1
native_system/digital/reset_sync_reg[1]/C	native_system/digital/bank/active_calibration_reg[13][3]/CLR	-0.822	7.995	1
native_system/digital/reset_sync_reg[1]/C	native_system/digital/bank/active_requested_reg[13][0]/CLR	-0.822	7.995	1
native_system/digital/reset_sync_reg[1]/C	native_system/digital/bank/active_requested_reg[13][1]/CLR	-0.822	7.995	1
native_system/queue/running_reg/C	native_system/queue/active_reg[1410]/CE	-0.822	8.109	3
native_system/queue/running_reg/C	native_system/queue/active_reg[1578]/CE	-0.822	8.109	3
native_system/queue/running_reg/C	native_system/queue/active_reg[556]/CE	-0.822	8.109	3
native_system/queue/running_reg/C	native_system/queue/active_reg[907]/CE	-0.822	8.109	3
native_system/queue/running_reg/C	native_system/queue/queue_reg[2][969]/CE	-0.822	8.109	4
native_system/queue/running_reg/C	native_system/queue/queue_reg[2][975]/CE	-0.822	8.109	4
native_system/queue/running_reg/C	native_system/queue/queue_reg[0][1208]/CE	-0.822	8.109	4
native_system/queue/running_reg/C	native_system/queue/queue_reg[0][1330]/CE	-0.822	8.109	4
native_system/queue/running_reg/C	native_system/queue/active_reg[464]/CE	-0.820	8.107	3
native_system/queue/running_reg/C	native_system/queue/active_reg[682]/CE	-0.820	8.107	3
native_system/queue/running_reg/C	native_system/queue/queue_reg[1][1027]/CE	-0.819	8.106	4
native_system/queue/running_reg/C	native_system/queue/queue_reg[1][1335]/CE	-0.819	8.106	4
native_system/queue/running_reg/C	native_system/queue/queue_reg[1][1531]/CE	-0.819	8.106	4
native_system/queue/running_reg/C	native_system/queue/queue_reg[1][1533]/CE	-0.819	8.106	4
native_system/queue/running_reg/C	native_system/queue/queue_reg[1][541]/CE	-0.819	8.106	4
native_system/queue/running_reg/C	native_system/queue/queue_reg[1][552]/CE	-0.819	8.106	4
native_system/queue/running_reg/C	native_system/queue/queue_reg[1][685]/CE	-0.819	8.106	4
native_system/queue/running_reg/C	native_system/queue/queue_reg[1][700]/CE	-0.819	8.106	4
native_system/digital/cfg_reg[21][4]/C	native_system/digital/bank/shadow_calibration_reg[126][1]/CE	-0.819	8.142	1
native_system/digital/cfg_reg[21][4]/C	native_system/digital/bank/shadow_calibration_reg[126][3]/CE	-0.819	8.142	1
native_system/digital/cfg_reg[21][4]/C	native_system/digital/bank/shadow_requested_reg[126][0]/CE	-0.819	8.142	1
native_system/digital/cfg_reg[21][4]/C	native_system/digital/bank/shadow_requested_reg[126][1]/CE	-0.819	8.142	1
native_system/digital/cfg_reg[21][4]/C	native_system/digital/bank/shadow_requested_reg[126][2]/CE	-0.819	8.142	1
native_system/digital/cfg_reg[21][4]/C	native_system/digital/bank/shadow_requested_reg[126][6]/CE	-0.819	8.142	1
native_system/digital/cfg_reg[21][4]/C	native_system/digital/bank/shadow_requested_reg[126][7]/CE	-0.819	8.142	1
native_system/queue/running_reg/C	native_system/queue/queue_reg[2][400]/CE	-0.819	8.142	4
native_system/queue/running_reg/C	native_system/queue/queue_reg[2][448]/CE	-0.819	8.142	4
native_system/queue/running_reg/C	native_system/queue/queue_reg[2][577]/CE	-0.819	8.142	4
native_system/queue/running_reg/C	native_system/queue/queue_reg[2][816]/CE	-0.819	8.142	4
native_system/queue/running_reg/C	native_system/queue/queue_reg[2][937]/CE	-0.819	8.142	4
native_system/queue/running_reg/C	native_system/queue/queue_reg[2][956]/CE	-0.819	8.142	4
native_system/digital/master_phase_reg[7]/C	native_system/digital/serial/captured_reg[85]/D	-0.819	8.342	3
native_system/digital/reset_sync_reg[1]/C	native_system/digital/bank/shadow_mask_reg[19]/CLR	-0.818	7.905	1
native_system/digital/reset_sync_reg[1]/C	native_system/digital/adc/count_reg[21]/CLR	-0.816	7.903	1
native_system/digital/reset_sync_reg[1]/C	native_system/digital/adc/count_reg[27]/CLR	-0.816	7.903	1
native_system/digital/reset_sync_reg[1]/C	native_system/digital/adc/count_reg[28]/CLR	-0.816	7.903	1
native_system/digital/reset_sync_reg[1]/C	native_system/digital/adc/count_reg[30]/CLR	-0.816	7.903	1
native_system/queue/running_reg/C	native_system/queue/queue_reg[0][608]/CE	-0.815	8.138	4
native_system/queue/running_reg/C	native_system/queue/queue_reg[0][721]/CE	-0.815	8.138	4
native_system/queue/running_reg/C	native_system/queue/queue_reg[0][873]/CE	-0.815	8.138	4
native_system/digital/boundary_reg/C	native_system/digital/bank/active_calibration_reg[8][1]/CE	-0.815	8.102	1
native_system/digital/boundary_reg/C	native_system/digital/bank/active_calibration_reg[8][3]/CE	-0.815	8.102	1
native_system/digital/cfg_reg[22][2]/C	native_system/digital/bank/shadow_requested_reg[15][2]/D	-0.813	8.204	0
native_system/queue/running_reg/C	native_system/queue/active_reg[425]/CE	-0.813	8.100	3
native_system/queue/running_reg/C	native_system/queue/active_reg[577]/CE	-0.813	8.100	3
native_system/queue/running_reg/C	native_system/queue/active_reg[641]/CE	-0.813	8.100	3
native_system/queue/running_reg/C	native_system/queue/active_reg[816]/CE	-0.813	8.100	3
native_system/digital/reset_sync_reg[1]/C	native_system/digital/cfg_reg[8][1]/CLR	-0.813	7.986	1
native_system/digital/reset_sync_reg[1]/C	native_system/digital/cfg_reg[8][3]/CLR	-0.813	7.986	1
native_system/digital/reset_sync_reg[1]/C	native_system/digital/cfg_reg[8][7]/PRE	-0.813	7.986	1
native_system/queue/running_reg/C	native_system/queue/queue_reg[2][1043]/CE	-0.813	8.136	4
native_system/queue/running_reg/C	native_system/queue/queue_reg[2][1079]/CE	-0.813	8.136	4
native_system/queue/running_reg/C	native_system/queue/queue_reg[2][1350]/CE	-0.813	8.136	4
native_system/queue/running_reg/C	native_system/queue/queue_reg[2][1482]/CE	-0.813	8.136	4
native_system/queue/running_reg/C	native_system/queue/queue_reg[2][1539]/CE	-0.813	8.136	4
native_system/queue/running_reg/C	native_system/queue/queue_reg[2][1547]/CE	-0.813	8.136	4
native_system/queue/running_reg/C	native_system/queue/queue_reg[2][1552]/CE	-0.813	8.136	4
native_system/queue/running_reg/C	native_system/queue/queue_reg[2][996]/CE	-0.813	8.136	4
native_system/digital/boundary_reg/C	native_system/digital/bank/active_calibration_reg[37][4]/CE	-0.812	8.135	1
native_system/digital/boundary_reg/C	native_system/digital/bank/active_calibration_reg[37][5]/CE	-0.812	8.135	1
native_system/digital/boundary_reg/C	native_system/digital/bank/active_calibration_reg[37][7]/CE	-0.812	8.135	1
native_system/digital/boundary_reg/C	native_system/digital/bank/active_requested_reg[37][6]/CE	-0.812	8.135	1
native_system/digital/reset_sync_reg[1]/C	native_system/digital/bank/shadow_calibration_reg[78][2]/CLR	-0.812	7.899	1
native_system/digital/reset_sync_reg[1]/C	native_system/digital/bank/shadow_requested_reg[78][4]/CLR	-0.812	7.899	1
native_system/digital/boundary_reg/C	native_system/digital/bank/active_requested_reg[27][2]/CE	-0.811	8.134	1
native_system/digital/boundary_reg/C	native_system/digital/bank/active_requested_reg[27][3]/CE	-0.811	8.134	1
native_system/digital/boundary_reg/C	native_system/digital/bank/active_requested_reg[27][6]/CE	-0.811	8.134	1
native_system/digital/boundary_reg/C	native_system/digital/bank/active_requested_reg[27][7]/CE	-0.811	8.134	1
native_system/digital/cfg_reg[22][2]/C	native_system/digital/bank/shadow_requested_reg[74][2]/D	-0.810	8.255	0
native_system/queue/bus_wdata_reg[29]/C	native_system/digital/cfg_reg[3][8]/CE	-0.810	8.097	6
native_system/queue/running_reg/C	native_system/queue/queue_reg[1][1650]/CE	-0.809	8.096	4
native_system/queue/running_reg/C	native_system/queue/queue_reg[1][1760]/CE	-0.809	8.096	4
native_system/queue/running_reg/C	native_system/queue/queue_reg[1][668]/CE	-0.809	8.096	4
native_system/queue/running_reg/C	native_system/queue/queue_reg[1][688]/CE	-0.809	8.096	4
native_system/digital/cfg_reg[10][0]/C	native_system/digital/scheduler/state_reg[2]/D	-0.809	8.234	14
native_system/digital/boundary_reg/C	native_system/digital/bank/active_calibration_reg[51][1]/CE	-0.809	8.096	1
native_system/digital/boundary_reg/C	native_system/digital/bank/active_calibration_reg[51][3]/CE	-0.809	8.096	1
native_system/digital/boundary_reg/C	native_system/digital/bank/active_requested_reg[51][0]/CE	-0.809	8.096	1
native_system/digital/boundary_reg/C	native_system/digital/bank/active_requested_reg[51][1]/CE	-0.809	8.096	1
native_system/digital/boundary_reg/C	native_system/digital/bank/active_calibration_reg[38][2]/CE	-0.807	8.130	1
native_system/digital/boundary_reg/C	native_system/digital/bank/active_requested_reg[38][1]/CE	-0.807	8.130	1
native_system/digital/boundary_reg/C	native_system/digital/bank/active_requested_reg[38][3]/CE	-0.807	8.130	1
native_system/digital/boundary_reg/C	native_system/digital/bank/active_requested_reg[38][4]/CE	-0.807	8.130	1
native_system/queue/running_reg/C	native_system/queue/queue_reg[0][1239]/CE	-0.807	8.130	4
native_system/queue/running_reg/C	native_system/queue/queue_reg[0][1267]/CE	-0.807	8.130	4
native_system/queue/running_reg/C	native_system/queue/queue_reg[0][1344]/CE	-0.807	8.130	4
native_system/queue/running_reg/C	native_system/queue/queue_reg[0][1418]/CE	-0.807	8.130	4
native_system/queue/running_reg/C	native_system/queue/queue_reg[0][1483]/CE	-0.807	8.130	4
native_system/queue/running_reg/C	native_system/queue/queue_reg[0][1494]/CE	-0.807	8.130	4
native_system/queue/running_reg/C	native_system/queue/queue_reg[0][844]/CE	-0.807	8.130	4
native_system/queue/running_reg/C	native_system/queue/queue_reg[0][973]/CE	-0.807	8.130	4
native_system/queue/running_reg/C	native_system/queue/active_reg[1100]/CE	-0.807	8.094	3
native_system/queue/running_reg/C	native_system/queue/active_reg[1229]/CE	-0.807	8.094	3
native_system/queue/running_reg/C	native_system/queue/active_reg[297]/CE	-0.807	8.094	3
native_system/queue/running_reg/C	native_system/queue/active_reg[872]/CE	-0.807	8.094	3
native_system/queue/running_reg/C	native_system/queue/queue_reg[2][1053]/CE	-0.805	8.092	4
native_system/queue/running_reg/C	native_system/queue/queue_reg[2][1092]/CE	-0.805	8.092	4
native_system/queue/running_reg/C	native_system/queue/queue_reg[2][1264]/CE	-0.805	8.092	4
native_system/queue/running_reg/C	native_system/queue/queue_reg[2][1301]/CE	-0.805	8.092	4
native_system/queue/running_reg/C	native_system/queue/queue_reg[0][1025]/CE	-0.804	8.127	4
native_system/queue/running_reg/C	native_system/queue/queue_reg[0][1151]/CE	-0.804	8.127	4
native_system/queue/running_reg/C	native_system/queue/queue_reg[0][1372]/CE	-0.804	8.127	4
native_system/queue/running_reg/C	native_system/queue/queue_reg[0][1373]/CE	-0.804	8.127	4
native_system/queue/running_reg/C	native_system/queue/queue_reg[0][580]/CE	-0.804	8.127	4
native_system/queue/running_reg/C	native_system/queue/queue_reg[0][677]/CE	-0.804	8.127	4
native_system/queue/running_reg/C	native_system/queue/queue_reg[0][897]/CE	-0.804	8.127	4
native_system/queue/running_reg/C	native_system/queue/queue_reg[0][932]/CE	-0.804	8.127	4
native_system/queue/running_reg/C	native_system/queue/queue_reg[0][1038]/CE	-0.802	8.089	4
native_system/queue/running_reg/C	native_system/queue/queue_reg[0][1130]/CE	-0.802	8.089	4
native_system/queue/running_reg/C	native_system/queue/queue_reg[0][1568]/CE	-0.802	8.089	4
native_system/queue/running_reg/C	native_system/queue/queue_reg[0][1744]/CE	-0.802	8.089	4
native_system/queue/running_reg/C	native_system/queue/queue_reg[0][884]/CE	-0.802	8.089	4
native_system/queue/running_reg/C	native_system/queue/queue_reg[0][901]/CE	-0.802	8.089	4
native_system/queue/running_reg/C	native_system/queue/queue_reg[0][953]/CE	-0.802	8.089	4
native_system/queue/running_reg/C	native_system/queue/queue_reg[0][989]/CE	-0.802	8.089	4
native_system/queue/running_reg/C	native_system/queue/queue_reg[0][1051]/CE	-0.801	8.088	4
native_system/queue/running_reg/C	native_system/queue/queue_reg[0][1073]/CE	-0.801	8.088	4
native_system/queue/running_reg/C	native_system/queue/queue_reg[0][1077]/CE	-0.801	8.088	4
native_system/queue/running_reg/C	native_system/queue/queue_reg[0][1139]/CE	-0.801	8.088	4
native_system/queue/running_reg/C	native_system/queue/queue_reg[0][1307]/CE	-0.801	8.088	4
native_system/queue/running_reg/C	native_system/queue/queue_reg[0][1467]/CE	-0.801	8.088	4
native_system/queue/running_reg/C	native_system/queue/queue_reg[0][1523]/CE	-0.801	8.088	4
native_system/digital/cfg_reg[22][4]/C	native_system/digital/bank/shadow_requested_reg[122][4]/D	-0.800	8.225	0
native_system/digital/boundary_reg/C	native_system/digital/bank/active_calibration_reg[72][6]/CE	-0.800	8.087	1
native_system/digital/boundary_reg/C	native_system/digital/bank/active_requested_reg[72][4]/CE	-0.800	8.087	1
native_system/digital/boundary_reg/C	native_system/digital/bank/active_requested_reg[72][5]/CE	-0.800	8.087	1
native_system/digital/cfg_reg[22][3]/C	native_system/digital/bank/shadow_requested_reg[62][3]/D	-0.799	8.263	0
native_system/queue/running_reg/C	native_system/queue/active_reg[1098]/CE	-0.799	8.122	3
native_system/queue/running_reg/C	native_system/queue/active_reg[1226]/CE	-0.799	8.122	3
native_system/queue/running_reg/C	native_system/queue/active_reg[1442]/CE	-0.799	8.122	3
native_system/queue/running_reg/C	native_system/queue/active_reg[1784]/CE	-0.799	8.122	3
native_system/digital/cfg_reg[22][7]/C	native_system/digital/bank/shadow_requested_reg[90][7]/D	-0.798	8.247	0
native_system/queue/running_reg/C	native_system/queue/queue_reg[3][1280]/CE	-0.797	8.084	4
native_system/queue/running_reg/C	native_system/queue/queue_reg[3][1312]/CE	-0.797	8.084	4
native_system/queue/running_reg/C	native_system/queue/queue_reg[3][1487]/CE	-0.797	8.084	4
native_system/queue/running_reg/C	native_system/queue/queue_reg[3][540]/CE	-0.797	8.084	4
native_system/queue/running_reg/C	native_system/queue/queue_reg[3][740]/CE	-0.797	8.084	4
native_system/queue/running_reg/C	native_system/queue/queue_reg[3][777]/CE	-0.797	8.084	4
native_system/queue/running_reg/C	native_system/queue/queue_reg[3][788]/CE	-0.797	8.084	4
native_system/digital/reset_sync_reg[1]/C	native_system/digital/scheduler/frame_count_reg[1]/CLR	-0.796	7.969	1
native_system/digital/cfg_reg[22][13]/C	native_system/digital/bank/shadow_calibration_reg[39][5]/D	-0.795	8.242	0
native_system/queue/running_reg/C	native_system/queue/queue_reg[0][1053]/CE	-0.795	8.082	4
native_system/queue/running_reg/C	native_system/queue/queue_reg[0][1092]/CE	-0.795	8.082	4
native_system/queue/running_reg/C	native_system/queue/queue_reg[0][1245]/CE	-0.795	8.082	4
native_system/queue/running_reg/C	native_system/queue/queue_reg[0][1264]/CE	-0.795	8.082	4
native_system/queue/running_reg/C	native_system/queue/queue_reg[0][1301]/CE	-0.795	8.082	4
native_system/digital/cfg_reg[21][2]/C	native_system/digital/bank/shadow_calibration_reg[36][5]/CE	-0.795	7.879	1
native_system/digital/boundary_reg/C	native_system/digital/bank/active_calibration_reg[6][0]/CE	-0.794	8.081	1
native_system/digital/boundary_reg/C	native_system/digital/bank/active_requested_reg[6][5]/CE	-0.794	8.081	1
native_system/digital/boundary_reg/C	native_system/digital/bank/active_requested_reg[6][7]/CE	-0.794	8.081	1
native_system/queue/running_reg/C	native_system/queue/active_reg[372]/CE	-0.792	8.115	3
native_system/queue/running_reg/C	native_system/queue/active_reg[586]/CE	-0.792	8.115	3
native_system/queue/running_reg/C	native_system/queue/active_reg[611]/CE	-0.792	8.115	3
native_system/queue/running_reg/C	native_system/queue/active_reg[746]/CE	-0.792	8.115	3
native_system/queue/running_reg/C	native_system/queue/queue_reg[2][1521]/CE	-0.791	8.078	4
native_system/queue/running_reg/C	native_system/queue/queue_reg[2][797]/CE	-0.791	8.078	4
native_system/digital/cfg_reg[10][0]/C	native_system/digital/scheduler/capture_ready_reg/D	-0.791	8.312	14
native_system/queue/running_reg/C	native_system/queue/queue_reg[0][1438]/CE	-0.791	8.078	4
native_system/queue/running_reg/C	native_system/queue/queue_reg[0][1572]/CE	-0.791	8.078	4
native_system/queue/running_reg/C	native_system/queue/queue_reg[0][2036]/CE	-0.791	8.078	4
native_system/queue/running_reg/C	native_system/queue/queue_reg[0][2054]/CE	-0.791	8.078	4
native_system/queue/running_reg/C	native_system/queue/queue_reg[0][698]/CE	-0.791	8.078	4
native_system/queue/running_reg/C	native_system/queue/queue_reg[0][744]/CE	-0.791	8.078	4
native_system/queue/running_reg/C	native_system/queue/queue_reg[0][849]/CE	-0.791	8.078	4
native_system/queue/running_reg/C	native_system/queue/queue_reg[0][900]/CE	-0.791	8.078	4
native_system/queue/running_reg/C	native_system/queue/queue_reg[3][1129]/CE	-0.791	8.078	4
native_system/queue/running_reg/C	native_system/queue/queue_reg[3][1308]/CE	-0.791	8.078	4
native_system/queue/running_reg/C	native_system/queue/queue_reg[3][1348]/CE	-0.791	8.078	4
native_system/queue/running_reg/C	native_system/queue/queue_reg[3][533]/CE	-0.791	8.078	4
native_system/queue/running_reg/C	native_system/queue/queue_reg[3][601]/CE	-0.791	8.078	4
native_system/queue/running_reg/C	native_system/queue/queue_reg[3][684]/CE	-0.791	8.078	4
native_system/queue/running_reg/C	native_system/queue/queue_reg[3][705]/CE	-0.791	8.078	4
native_system/queue/running_reg/C	native_system/queue/queue_reg[3][725]/CE	-0.791	8.078	4
native_system/digital/cfg_reg[22][10]/C	native_system/digital/bank/shadow_calibration_reg[18][2]/D	-0.790	8.226	0
native_system/queue/running_reg/C	native_system/queue/active_reg[581]/CE	-0.789	8.076	3
native_system/queue/running_reg/C	native_system/queue/active_reg[643]/CE	-0.789	8.076	3
native_system/queue/running_reg/C	native_system/queue/active_reg[707]/CE	-0.789	8.076	3
native_system/queue/running_reg/C	native_system/queue/active_reg[713]/CE	-0.789	8.076	3
native_system/queue/running_reg/C	native_system/queue/queue_reg[1][1356]/CE	-0.789	8.076	4
native_system/queue/running_reg/C	native_system/queue/active_reg[908]/CE	-0.788	8.111	3
native_system/digital/reset_sync_reg[1]/C	native_system/digital/scheduler/burst_timestamp_reg[1]/CLR	-0.788	7.961	1
native_system/digital/reset_sync_reg[1]/C	native_system/digital/scheduler/burst_timestamp_reg[2]/CLR	-0.788	7.961	1
native_system/digital/reset_sync_reg[1]/C	native_system/digital/scheduler/burst_timestamp_reg[3]/CLR	-0.788	7.961	1
native_system/digital/reset_sync_reg[1]/C	native_system/digital/scheduler/burst_timestamp_reg[4]/CLR	-0.788	7.961	1
native_system/queue/running_reg/C	native_system/queue/queue_reg[2][1021]/CE	-0.788	8.111	4
native_system/queue/running_reg/C	native_system/queue/queue_reg[2][1153]/CE	-0.788	8.111	4
native_system/queue/running_reg/C	native_system/queue/queue_reg[2][623]/CE	-0.788	8.111	4
native_system/queue/running_reg/C	native_system/queue/queue_reg[2][704]/CE	-0.788	8.111	4
native_system/queue/running_reg/C	native_system/queue/queue_reg[2][730]/CE	-0.788	8.111	4
native_system/queue/running_reg/C	native_system/queue/queue_reg[2][780]/CE	-0.788	8.111	4
native_system/queue/running_reg/C	native_system/queue/queue_reg[2][960]/CE	-0.788	8.111	4
native_system/queue/running_reg/C	native_system/queue/queue_reg[2][988]/CE	-0.788	8.111	4
native_system/queue/bus_wdata_reg[29]/C	native_system/digital/cfg_reg[6][10]/CE	-0.788	8.075	6
native_system/queue/running_reg/C	native_system/queue/queue_reg[0][1250]/CE	-0.787	8.074	4
native_system/queue/running_reg/C	native_system/queue/queue_reg[0][1634]/CE	-0.787	8.074	4
native_system/queue/running_reg/C	native_system/queue/queue_reg[0][565]/CE	-0.787	8.074	4
native_system/queue/running_reg/C	native_system/queue/queue_reg[0][720]/CE	-0.787	8.074	4
native_system/queue/running_reg/C	native_system/queue/queue_reg[0][772]/CE	-0.787	8.074	4
native_system/queue/running_reg/C	native_system/queue/queue_reg[0][820]/CE	-0.787	8.074	4
native_system/queue/running_reg/C	native_system/queue/queue_reg[0][840]/CE	-0.787	8.074	4
native_system/queue/running_reg/C	native_system/queue/queue_reg[0][909]/CE	-0.787	8.074	4
native_system/digital/reset_sync_reg[1]/C	native_system/digital/cfg_reg[8][10]/CLR	-0.787	7.960	1
native_system/digital/reset_sync_reg[1]/C	native_system/digital/cfg_reg[8][4]/CLR	-0.787	7.960	1
native_system/digital/reset_sync_reg[1]/C	native_system/digital/scheduler/total_reg[28]/CLR	-0.786	7.959	1
native_system/digital/reset_sync_reg[1]/C	native_system/digital/scheduler/total_reg[29]/CLR	-0.786	7.959	1
native_system/digital/reset_sync_reg[1]/C	native_system/digital/scheduler/total_reg[30]/CLR	-0.786	7.959	1
native_system/queue/running_reg/C	native_system/queue/queue_reg[1][1720]/CE	-0.786	8.073	4
native_system/queue/running_reg/C	native_system/queue/queue_reg[1][535]/CE	-0.786	8.073	4
native_system/queue/running_reg/C	native_system/queue/queue_reg[1][563]/CE	-0.786	8.073	4
native_system/queue/running_reg/C	native_system/queue/queue_reg[1][835]/CE	-0.786	8.073	4
native_system/queue/running_reg/C	native_system/queue/queue_reg[1][842]/CE	-0.786	8.073	4
native_system/queue/running_reg/C	native_system/queue/queue_reg[1][957]/CE	-0.786	8.073	4
native_system/digital/boundary_reg/C	native_system/digital/bank/active_calibration_reg[127][6]/CE	-0.785	8.072	1
native_system/digital/boundary_reg/C	native_system/digital/bank/active_calibration_reg[127][7]/CE	-0.785	8.072	1
native_system/digital/boundary_reg/C	native_system/digital/bank/active_requested_reg[127][5]/CE	-0.785	8.072	1
native_system/digital/boundary_reg/C	native_system/digital/bank/active_requested_reg[127][6]/CE	-0.785	8.072	1
native_system/digital/boundary_reg/C	native_system/digital/bank/active_requested_reg[127][7]/CE	-0.785	8.072	1
native_system/queue/running_reg/C	native_system/queue/active_reg[1279]/CE	-0.783	8.070	3
native_system/digital/boundary_reg/C	native_system/digital/bank/active_requested_reg[11][3]/CE	-0.783	8.070	1
native_system/digital/boundary_reg/C	native_system/digital/bank/active_requested_reg[12][1]/CE	-0.783	8.070	1
native_system/digital/boundary_reg/C	native_system/digital/bank/active_requested_reg[12][2]/CE	-0.783	8.070	1
native_system/digital/boundary_reg/C	native_system/digital/bank/active_requested_reg[12][4]/CE	-0.783	8.070	1
native_system/queue/running_reg/C	native_system/queue/active_reg[584]/CE	-0.782	8.105	3
native_system/queue/running_reg/C	native_system/queue/active_reg[778]/CE	-0.782	8.105	3
native_system/queue/running_reg/C	native_system/queue/active_reg[834]/CE	-0.782	8.105	3
native_system/queue/running_reg/C	native_system/queue/active_reg[864]/CE	-0.782	8.105	3
native_system/queue/running_reg/C	native_system/queue/queue_reg[2][1089]/CE	-0.782	8.069	4
native_system/queue/running_reg/C	native_system/queue/queue_reg[2][1291]/CE	-0.782	8.069	4
native_system/queue/running_reg/C	native_system/queue/queue_reg[2][1531]/CE	-0.782	8.069	4
native_system/queue/running_reg/C	native_system/queue/queue_reg[2][541]/CE	-0.782	8.069	4
native_system/queue/running_reg/C	native_system/queue/queue_reg[2][600]/CE	-0.782	8.069	4
native_system/queue/running_reg/C	native_system/queue/queue_reg[2][684]/CE	-0.782	8.069	4
native_system/queue/running_reg/C	native_system/queue/queue_reg[2][700]/CE	-0.782	8.069	4
native_system/queue/running_reg/C	native_system/queue/queue_reg[2][805]/CE	-0.782	8.069	4
native_system/queue/running_reg/C	native_system/queue/queue_reg[3][1016]/CE	-0.781	8.068	4
native_system/queue/running_reg/C	native_system/queue/queue_reg[3][1030]/CE	-0.781	8.068	4
native_system/queue/running_reg/C	native_system/queue/queue_reg[3][1244]/CE	-0.781	8.068	4
native_system/queue/running_reg/C	native_system/queue/queue_reg[3][1291]/CE	-0.781	8.068	4
native_system/queue/running_reg/C	native_system/queue/queue_reg[3][352]/CE	-0.781	8.068	4
native_system/queue/running_reg/C	native_system/queue/queue_reg[3][741]/CE	-0.781	8.068	4
native_system/queue/running_reg/C	native_system/queue/queue_reg[3][761]/CE	-0.781	8.068	4
native_system/queue/running_reg/C	native_system/queue/queue_reg[3][936]/CE	-0.781	8.068	4
native_system/digital/boundary_reg/C	native_system/digital/bank/active_calibration_reg[11][1]/CE	-0.781	8.068	1
native_system/digital/boundary_reg/C	native_system/digital/bank/active_calibration_reg[11][4]/CE	-0.781	8.068	1
native_system/digital/boundary_reg/C	native_system/digital/bank/active_calibration_reg[12][4]/CE	-0.781	8.068	1
native_system/digital/boundary_reg/C	native_system/digital/bank/active_calibration_reg[12][5]/CE	-0.781	8.068	1
native_system/queue/running_reg/C	native_system/queue/queue_reg[0][1040]/CE	-0.780	8.067	4
native_system/queue/running_reg/C	native_system/queue/queue_reg[0][1169]/CE	-0.780	8.067	4
native_system/queue/running_reg/C	native_system/queue/queue_reg[0][1181]/CE	-0.780	8.067	4
native_system/queue/running_reg/C	native_system/queue/queue_reg[0][1202]/CE	-0.780	8.067	4
native_system/queue/running_reg/C	native_system/queue/queue_reg[0][1233]/CE	-0.780	8.067	4
native_system/queue/running_reg/C	native_system/queue/queue_reg[0][1243]/CE	-0.780	8.067	4
native_system/queue/running_reg/C	native_system/queue/queue_reg[0][1317]/CE	-0.780	8.067	4
native_system/queue/running_reg/C	native_system/queue/active_reg[1078]/CE	-0.780	8.067	3
native_system/queue/running_reg/C	native_system/queue/active_reg[1284]/CE	-0.780	8.067	3
native_system/queue/running_reg/C	native_system/queue/active_reg[1411]/CE	-0.780	8.067	3
native_system/queue/running_reg/C	native_system/queue/active_reg[1454]/CE	-0.780	8.067	3
native_system/queue/running_reg/C	native_system/queue/queue_reg[3][1107]/CE	-0.779	8.066	4
native_system/queue/running_reg/C	native_system/queue/queue_reg[3][1198]/CE	-0.779	8.066	4
native_system/queue/running_reg/C	native_system/queue/queue_reg[3][1576]/CE	-0.779	8.066	4
native_system/queue/running_reg/C	native_system/queue/queue_reg[3][1791]/CE	-0.779	8.066	4
native_system/queue/running_reg/C	native_system/queue/queue_reg[0][1013]/CE	-0.779	8.066	4
native_system/queue/running_reg/C	native_system/queue/queue_reg[0][1127]/CE	-0.779	8.066	4
native_system/queue/running_reg/C	native_system/queue/queue_reg[0][1215]/CE	-0.779	8.066	4
native_system/queue/running_reg/C	native_system/queue/queue_reg[0][1408]/CE	-0.779	8.066	4
native_system/queue/running_reg/C	native_system/queue/queue_reg[0][1546]/CE	-0.779	8.066	4
native_system/queue/running_reg/C	native_system/queue/queue_reg[0][1680]/CE	-0.779	8.066	4
native_system/queue/running_reg/C	native_system/queue/queue_reg[0][540]/CE	-0.779	8.066	4
native_system/queue/running_reg/C	native_system/queue/queue_reg[0][881]/CE	-0.779	8.066	4
native_system/queue/running_reg/C	native_system/queue/active_reg[1000]/CE	-0.779	8.066	3
native_system/queue/running_reg/C	native_system/queue/active_reg[272]/CE	-0.779	8.066	3
native_system/queue/running_reg/C	native_system/queue/active_reg[313]/CE	-0.779	8.066	3
native_system/queue/running_reg/C	native_system/queue/active_reg[784]/CE	-0.779	8.066	3
native_system/digital/cfg_reg[21][4]/C	native_system/digital/bank/shadow_calibration_reg[98][0]/CE	-0.777	7.898	1
native_system/digital/cfg_reg[21][4]/C	native_system/digital/bank/shadow_calibration_reg[98][1]/CE	-0.777	7.898	1
native_system/digital/cfg_reg[21][4]/C	native_system/digital/bank/shadow_calibration_reg[98][3]/CE	-0.777	7.898	1
native_system/digital/cfg_reg[21][4]/C	native_system/digital/bank/shadow_requested_reg[98][1]/CE	-0.777	7.898	1
native_system/digital/cfg_reg[21][4]/C	native_system/digital/bank/shadow_requested_reg[98][2]/CE	-0.777	7.898	1
native_system/digital/cfg_reg[21][4]/C	native_system/digital/bank/shadow_requested_reg[98][5]/CE	-0.777	7.898	1
native_system/digital/cfg_reg[21][4]/C	native_system/digital/bank/shadow_requested_reg[98][7]/CE	-0.777	7.898	1
native_system/queue/running_reg/C	native_system/queue/queue_reg[2][1035]/CE	-0.776	8.063	4
native_system/queue/running_reg/C	native_system/queue/queue_reg[2][288]/CE	-0.776	8.063	4
native_system/queue/running_reg/C	native_system/queue/queue_reg[2][320]/CE	-0.776	8.063	4
native_system/queue/running_reg/C	native_system/queue/queue_reg[2][537]/CE	-0.776	8.063	4
native_system/queue/running_reg/C	native_system/queue/queue_reg[2][595]/CE	-0.776	8.063	4
native_system/queue/running_reg/C	native_system/queue/queue_reg[2][770]/CE	-0.776	8.063	4
native_system/queue/running_reg/C	native_system/queue/queue_reg[2][869]/CE	-0.776	8.063	4
native_system/queue/running_reg/C	native_system/queue/queue_reg[2][997]/CE	-0.776	8.063	4
native_system/digital/cfg_reg[22][4]/C	native_system/digital/bank/shadow_requested_reg[88][4]/D	-0.776	8.240	0
native_system/queue/rd_reg[0]_rep__2/C	native_system/queue/active_reg[1282]/D	-0.775	8.346	1
native_system/queue/running_reg/C	native_system/queue/queue_reg[0][1045]/CE	-0.774	8.097	4
native_system/queue/running_reg/C	native_system/queue/queue_reg[0][1061]/CE	-0.774	8.097	4
native_system/queue/running_reg/C	native_system/queue/queue_reg[0][1068]/CE	-0.774	8.097	4
native_system/queue/running_reg/C	native_system/queue/queue_reg[0][1125]/CE	-0.774	8.097	4
native_system/queue/running_reg/C	native_system/queue/queue_reg[0][1387]/CE	-0.774	8.097	4
native_system/queue/running_reg/C	native_system/queue/queue_reg[0][1511]/CE	-0.774	8.097	4
native_system/queue/running_reg/C	native_system/queue/active_reg[1150]/CE	-0.773	8.096	3
native_system/queue/running_reg/C	native_system/queue/active_reg[1260]/CE	-0.773	8.096	3
native_system/queue/running_reg/C	native_system/queue/active_reg[1324]/CE	-0.773	8.096	3
native_system/queue/running_reg/C	native_system/queue/active_reg[1386]/CE	-0.773	8.096	3
native_system/digital/cfg_reg[22][11]/C	native_system/digital/bank/shadow_calibration_reg[88][3]/D	-0.773	8.206	0
native_system/digital/boundary_reg/C	native_system/digital/bank/active_calibration_reg[51][0]/CE	-0.773	8.096	1
native_system/digital/boundary_reg/C	native_system/digital/bank/active_calibration_reg[51][2]/CE	-0.773	8.096	1
native_system/digital/boundary_reg/C	native_system/digital/bank/active_requested_reg[51][3]/CE	-0.773	8.096	1
native_system/queue/running_reg/C	native_system/queue/active_reg[613]/CE	-0.772	8.059	3
native_system/digital/cfg_reg[22][2]/C	native_system/digital/bank/shadow_requested_reg[18][2]/D	-0.771	8.162	0
native_system/digital/reset_sync_reg[1]/C	native_system/digital/bank/active_calibration_reg[13][0]/CLR	-0.771	7.944	1
native_system/digital/reset_sync_reg[1]/C	native_system/digital/bank/active_calibration_reg[13][4]/CLR	-0.771	7.944	1
native_system/digital/reset_sync_reg[1]/C	native_system/digital/bank/active_requested_reg[13][5]/CLR	-0.771	7.944	1
native_system/digital/reset_sync_reg[1]/C	native_system/digital/bank/active_requested_reg[13][6]/CLR	-0.771	7.944	1
native_system/digital/cfg_reg[10][0]/C	native_system/digital/scheduler/total_reg[12]/CE	-0.771	8.058	13
native_system/digital/cfg_reg[10][0]/C	native_system/digital/scheduler/total_reg[13]/CE	-0.771	8.058	13
native_system/digital/cfg_reg[10][0]/C	native_system/digital/scheduler/total_reg[14]/CE	-0.771	8.058	13
native_system/digital/cfg_reg[10][0]/C	native_system/digital/scheduler/total_reg[15]/CE	-0.771	8.058	13
native_system/queue/running_reg/C	native_system/queue/queue_reg[0][1271]/CE	-0.770	8.057	4
native_system/queue/running_reg/C	native_system/queue/queue_reg[0][1416]/CE	-0.770	8.057	4
native_system/queue/running_reg/C	native_system/queue/queue_reg[0][1422]/CE	-0.770	8.057	4
native_system/queue/running_reg/C	native_system/queue/queue_reg[0][1550]/CE	-0.770	8.057	4
native_system/queue/running_reg/C	native_system/queue/queue_reg[0][1637]/CE	-0.770	8.057	4
native_system/queue/running_reg/C	native_system/queue/queue_reg[0][1700]/CE	-0.770	8.057	4
native_system/queue/running_reg/C	native_system/queue/queue_reg[0][625]/CE	-0.770	8.057	4
native_system/queue/running_reg/C	native_system/queue/queue_reg[0][836]/CE	-0.770	8.057	4
native_system/digital/cfg_reg[22][11]/C	native_system/digital/bank/shadow_calibration_reg[99][3]/D	-0.770	8.181	0
native_system/queue/running_reg/C	native_system/queue/active_reg[1242]/CE	-0.770	8.057	3
native_system/queue/running_reg/C	native_system/queue/active_reg[1258]/CE	-0.770	8.057	3
native_system/queue/running_reg/C	native_system/queue/active_reg[1688]/CE	-0.770	8.057	3
native_system/queue/running_reg/C	native_system/queue/active_reg[760]/CE	-0.770	8.057	3
native_system/queue/running_reg/C	native_system/queue/queue_reg[0][1280]/CE	-0.767	8.054	4
native_system/queue/running_reg/C	native_system/queue/queue_reg[0][1710]/CE	-0.767	8.054	4
native_system/queue/running_reg/C	native_system/queue/queue_reg[0][2120]/CE	-0.767	8.054	4
native_system/queue/running_reg/C	native_system/queue/queue_reg[0][821]/CE	-0.767	8.054	4
native_system/digital/boundary_reg/C	native_system/digital/bank/active_calibration_reg[0][4]/CE	-0.767	8.054	1
native_system/digital/boundary_reg/C	native_system/digital/bank/active_calibration_reg[0][7]/CE	-0.767	8.054	1
native_system/digital/boundary_reg/C	native_system/digital/bank/active_calibration_reg[127][4]/CE	-0.767	8.054	1
native_system/digital/boundary_reg/C	native_system/digital/bank/active_calibration_reg[127][5]/CE	-0.767	8.054	1
native_system/digital/cfg_reg[21][1]/C	native_system/digital/bank/shadow_calibration_reg[96][0]/CE	-0.766	7.845	1
native_system/digital/cfg_reg[21][1]/C	native_system/digital/bank/shadow_calibration_reg[96][3]/CE	-0.766	7.845	1
native_system/digital/cfg_reg[21][1]/C	native_system/digital/bank/shadow_requested_reg[96][4]/CE	-0.766	7.845	1
native_system/digital/cfg_reg[21][1]/C	native_system/digital/bank/shadow_requested_reg[96][6]/CE	-0.766	7.845	1
native_system/queue/running_reg/C	native_system/queue/queue_reg[0][1196]/CE	-0.765	8.088	4
native_system/queue/running_reg/C	native_system/queue/queue_reg[0][1286]/CE	-0.765	8.088	4
native_system/queue/running_reg/C	native_system/queue/queue_reg[0][1288]/CE	-0.765	8.088	4
native_system/queue/running_reg/C	native_system/queue/queue_reg[0][1298]/CE	-0.765	8.088	4
native_system/queue/running_reg/C	native_system/queue/queue_reg[0][1327]/CE	-0.765	8.088	4
native_system/queue/running_reg/C	native_system/queue/queue_reg[0][1383]/CE	-0.765	8.088	4
native_system/queue/running_reg/C	native_system/queue/queue_reg[0][1426]/CE	-0.765	8.088	4
native_system/digital/master_phase_reg[2]_rep/C	native_system/digital/serial/captured_reg[108]/D	-0.764	8.285	3
native_system/queue/rd_reg[0]_rep__1/C	native_system/queue/active_reg[704]/D	-0.763	8.286	1
native_system/queue/running_reg/C	native_system/queue/queue_reg[3][1716]/CE	-0.763	8.050	4
native_system/queue/running_reg/C	native_system/queue/queue_reg[3][975]/CE	-0.763	8.050	4
native_system/digital/map_commit_reg/C	native_system/digital/bank/shadow_requested_reg[95][2]/CE	-0.762	7.883	2
native_system/queue/running_reg/C	native_system/queue/channel_reg[5]/CE	-0.761	8.084	3
native_system/queue/running_reg/C	native_system/queue/channel_reg[6]/CE	-0.761	8.084	3
native_system/queue/running_reg/C	native_system/queue/active_reg[547]/CE	-0.760	8.083	3
native_system/queue/running_reg/C	native_system/queue/active_reg[576]/CE	-0.760	8.083	3
native_system/queue/running_reg/C	native_system/queue/active_reg[653]/CE	-0.760	8.083	3
native_system/queue/running_reg/C	native_system/queue/active_reg[783]/CE	-0.760	8.083	3
native_system/queue/running_reg/C	native_system/queue/queue_reg[2][1396]/CE	-0.759	8.046	4
native_system/queue/running_reg/C	native_system/queue/queue_reg[2][1441]/CE	-0.759	8.046	4
native_system/queue/running_reg/C	native_system/queue/queue_reg[2][759]/CE	-0.759	8.046	4
native_system/queue/running_reg/C	native_system/queue/queue_reg[2][767]/CE	-0.759	8.046	4
native_system/queue/running_reg/C	native_system/queue/queue_reg[2][848]/CE	-0.759	8.046	4
native_system/queue/running_reg/C	native_system/queue/queue_reg[2][974]/CE	-0.759	8.046	4
native_system/digital/reset_sync_reg[1]/C	native_system/digital/adc/frame_reg[100]/CLR	-0.758	7.845	1
native_system/queue/running_reg/C	native_system/queue/queue_reg[2][953]/CE	-0.758	8.081	4
native_system/digital/boundary_reg/C	native_system/digital/bank/active_calibration_reg[1][5]/CE	-0.757	8.080	1
native_system/digital/boundary_reg/C	native_system/digital/bank/active_calibration_reg[4][0]/CE	-0.757	8.080	1
native_system/digital/boundary_reg/C	native_system/digital/bank/active_calibration_reg[4][1]/CE	-0.757	8.080	1
native_system/digital/boundary_reg/C	native_system/digital/bank/active_calibration_reg[4][2]/CE	-0.757	8.080	1
native_system/digital/boundary_reg/C	native_system/digital/bank/active_calibration_reg[4][3]/CE	-0.757	8.080	1
native_system/digital/boundary_reg/C	native_system/digital/bank/active_calibration_reg[4][6]/CE	-0.757	8.080	1
native_system/digital/boundary_reg/C	native_system/digital/bank/active_requested_reg[4][2]/CE	-0.757	8.080	1
native_system/digital/boundary_reg/C	native_system/digital/bank/active_requested_reg[4][4]/CE	-0.757	8.080	1
native_system/digital/cfg_reg[21][4]/C	native_system/digital/bank/shadow_requested_reg[97][2]/CE	-0.756	8.043	1
native_system/digital/cfg_reg[21][4]/C	native_system/digital/bank/shadow_requested_reg[97][6]/CE	-0.756	8.043	1
native_system/digital/reset_sync_reg[1]/C	native_system/digital/bank/active_calibration_reg[24][0]/CLR	-0.756	7.843	1
native_system/digital/reset_sync_reg[1]/C	native_system/digital/bank/active_calibration_reg[24][2]/CLR	-0.756	7.843	1
native_system/digital/reset_sync_reg[1]/C	native_system/digital/bank/active_requested_reg[24][2]/CLR	-0.756	7.843	1
native_system/digital/reset_sync_reg[1]/C	native_system/digital/bank/active_requested_reg[77][4]/CLR	-0.756	7.843	1
native_system/queue/running_reg/C	native_system/queue/queue_reg[0][1076]/CE	-0.755	8.078	4
native_system/queue/running_reg/C	native_system/queue/queue_reg[0][1140]/CE	-0.755	8.078	4
native_system/queue/running_reg/C	native_system/queue/queue_reg[0][1200]/CE	-0.755	8.078	4
native_system/queue/running_reg/C	native_system/queue/queue_reg[0][1266]/CE	-0.755	8.078	4
native_system/queue/running_reg/C	native_system/queue/queue_reg[0][1303]/CE	-0.755	8.078	4
native_system/queue/running_reg/C	native_system/queue/queue_reg[0][1326]/CE	-0.755	8.078	4
native_system/queue/running_reg/C	native_system/queue/queue_reg[0][1434]/CE	-0.755	8.078	4
native_system/queue/running_reg/C	native_system/queue/queue_reg[0][1458]/CE	-0.755	8.078	4
native_system/queue/running_reg/C	native_system/queue/active_reg[1024]/CE	-0.755	8.042	3
native_system/queue/running_reg/C	native_system/queue/active_reg[1274]/CE	-0.755	8.042	3
native_system/queue/running_reg/C	native_system/queue/active_reg[972]/CE	-0.755	8.042	3
native_system/queue/running_reg/C	native_system/queue/active_reg[1172]/CE	-0.755	8.042	3
native_system/queue/running_reg/C	native_system/queue/active_reg[1289]/CE	-0.755	8.042	3
native_system/queue/running_reg/C	native_system/queue/active_reg[1305]/CE	-0.755	8.042	3
native_system/queue/running_reg/C	native_system/queue/active_reg[1332]/CE	-0.755	8.042	3
native_system/queue/running_reg/C	native_system/queue/active_reg[1124]/CE	-0.755	8.078	3
native_system/queue/running_reg/C	native_system/queue/active_reg[1315]/CE	-0.755	8.078	3
native_system/queue/running_reg/C	native_system/queue/active_reg[1443]/CE	-0.755	8.078	3
native_system/queue/running_reg/C	native_system/queue/active_reg[896]/CE	-0.755	8.078	3
native_system/queue/rd_reg[0]_rep__15/C	native_system/queue/active_reg[698]/D	-0.755	8.278	1
native_system/queue/running_reg/C	native_system/queue/active_reg[693]/CE	-0.754	8.041	3
native_system/queue/running_reg/C	native_system/queue/active_reg[1163]/CE	-0.754	8.077	3
native_system/queue/running_reg/C	native_system/queue/active_reg[361]/CE	-0.754	8.077	3
native_system/queue/running_reg/C	native_system/queue/active_reg[500]/CE	-0.754	8.077	3
native_system/queue/running_reg/C	native_system/queue/active_reg[782]/CE	-0.754	8.077	3
native_system/digital/boundary_reg/C	native_system/digital/bank/active_calibration_reg[11][2]/CE	-0.753	8.040	1
native_system/digital/boundary_reg/C	native_system/digital/bank/active_calibration_reg[2][7]/CE	-0.753	8.040	1
native_system/digital/boundary_reg/C	native_system/digital/bank/active_requested_reg[11][0]/CE	-0.753	8.040	1
native_system/digital/boundary_reg/C	native_system/digital/bank/active_requested_reg[11][2]/CE	-0.753	8.040	1
native_system/digital/boundary_reg/C	native_system/digital/bank/active_requested_reg[2][0]/CE	-0.753	8.040	1
native_system/digital/boundary_reg/C	native_system/digital/bank/active_requested_reg[2][3]/CE	-0.753	8.040	1
native_system/digital/boundary_reg/C	native_system/digital/bank/active_requested_reg[2][5]/CE	-0.753	8.040	1
native_system/digital/boundary_reg/C	native_system/digital/bank/active_requested_reg[2][6]/CE	-0.753	8.040	1
native_system/queue/running_reg/C	native_system/queue/queue_reg[0][1203]/CE	-0.753	8.076	4
native_system/queue/running_reg/C	native_system/queue/queue_reg[0][1371]/CE	-0.753	8.076	4
native_system/queue/running_reg/C	native_system/queue/queue_reg[0][1391]/CE	-0.753	8.076	4
native_system/queue/running_reg/C	native_system/queue/queue_reg[0][1403]/CE	-0.753	8.076	4
native_system/queue/running_reg/C	native_system/queue/queue_reg[0][1445]/CE	-0.753	8.076	4
native_system/queue/running_reg/C	native_system/queue/active_reg[1776]/CE	-0.753	8.076	3
native_system/queue/running_reg/C	native_system/queue/active_reg[624]/CE	-0.753	8.076	3
native_system/queue/running_reg/C	native_system/queue/active_reg[753]/CE	-0.753	8.076	3
native_system/digital/boundary_reg/C	native_system/digital/bank/active_requested_reg[21][2]/CE	-0.751	8.038	1
native_system/digital/boundary_reg/C	native_system/digital/bank/active_requested_reg[21][3]/CE	-0.751	8.038	1
native_system/digital/master_phase_reg[0]_rep/C	native_system/digital/serial/captured_reg[83]/D	-0.751	8.140	4
native_system/digital/master_phase_reg[0]_rep/C	native_system/digital/serial/serial_data_reg[23]/D	-0.750	8.319	5
native_system/digital/cfg_reg[21][1]/C	native_system/digital/bank/shadow_requested_reg[123][7]/CE	-0.749	7.828	1
native_system/digital/boundary_reg/C	native_system/digital/bank/active_calibration_reg[19][1]/CE	-0.749	8.036	1
native_system/digital/boundary_reg/C	native_system/digital/bank/active_calibration_reg[19][2]/CE	-0.749	8.036	1
native_system/digital/boundary_reg/C	native_system/digital/bank/active_calibration_reg[19][6]/CE	-0.749	8.036	1
native_system/digital/boundary_reg/C	native_system/digital/bank/active_requested_reg[19][6]/CE	-0.749	8.036	1
native_system/queue/running_reg/C	native_system/queue/queue_reg[1][1036]/CE	-0.749	8.036	4
native_system/queue/running_reg/C	native_system/queue/queue_reg[1][1193]/CE	-0.749	8.036	4
native_system/queue/running_reg/C	native_system/queue/queue_reg[1][424]/CE	-0.749	8.036	4
native_system/queue/running_reg/C	native_system/queue/queue_reg[1][595]/CE	-0.749	8.036	4
native_system/queue/running_reg/C	native_system/queue/queue_reg[1][701]/CE	-0.749	8.036	4
native_system/queue/running_reg/C	native_system/queue/queue_reg[1][738]/CE	-0.749	8.036	4
native_system/queue/running_reg/C	native_system/queue/queue_reg[1][829]/CE	-0.749	8.036	4
native_system/queue/running_reg/C	native_system/queue/queue_reg[1][960]/CE	-0.749	8.036	4
native_system/queue/running_reg/C	native_system/queue/queue_reg[0][1005]/CE	-0.748	8.035	4
native_system/queue/running_reg/C	native_system/queue/queue_reg[0][2110]/CE	-0.748	8.035	4
native_system/queue/running_reg/C	native_system/queue/queue_reg[0][530]/CE	-0.748	8.035	4
native_system/queue/running_reg/C	native_system/queue/queue_reg[0][699]/CE	-0.748	8.035	4
native_system/digital/cfg_reg[10][0]/C	native_system/digital/scheduler/capture_sequence_reg[4]/CE	-0.747	8.070	13
native_system/digital/cfg_reg[10][0]/C	native_system/digital/scheduler/capture_sequence_reg[5]/CE	-0.747	8.070	13
native_system/digital/cfg_reg[10][0]/C	native_system/digital/scheduler/capture_sequence_reg[7]/CE	-0.747	8.070	13
native_system/digital/boundary_reg/C	native_system/digital/bank/active_calibration_reg[0][0]/CE	-0.747	8.070	1
native_system/digital/boundary_reg/C	native_system/digital/bank/active_calibration_reg[0][1]/CE	-0.747	8.070	1
native_system/digital/boundary_reg/C	native_system/digital/bank/active_calibration_reg[0][5]/CE	-0.747	8.070	1
native_system/digital/boundary_reg/C	native_system/digital/bank/active_calibration_reg[0][6]/CE	-0.747	8.070	1
native_system/digital/boundary_reg/C	native_system/digital/bank/active_requested_reg[0][6]/CE	-0.747	8.070	1
native_system/digital/boundary_reg/C	native_system/digital/bank/active_requested_reg[0][7]/CE	-0.747	8.070	1
native_system/digital/boundary_reg/C	native_system/digital/bank/active_requested_reg[49][1]/CE	-0.747	8.070	1
native_system/digital/boundary_reg/C	native_system/digital/bank/active_requested_reg[49][2]/CE	-0.747	8.070	1
native_system/queue/running_reg/C	native_system/queue/queue_reg[2][1160]/CE	-0.746	8.033	4
native_system/queue/running_reg/C	native_system/queue/queue_reg[2][1224]/CE	-0.746	8.033	4
native_system/queue/running_reg/C	native_system/queue/queue_reg[2][1300]/CE	-0.746	8.033	4
native_system/queue/running_reg/C	native_system/queue/queue_reg[2][1401]/CE	-0.746	8.033	4
native_system/queue/running_reg/C	native_system/queue/queue_reg[2][1428]/CE	-0.746	8.033	4
native_system/queue/running_reg/C	native_system/queue/queue_reg[2][1525]/CE	-0.746	8.033	4
native_system/queue/running_reg/C	native_system/queue/queue_reg[2][554]/CE	-0.746	8.033	4
native_system/queue/running_reg/C	native_system/queue/queue_reg[2][936]/CE	-0.746	8.033	4
native_system/digital/reset_sync_reg[1]/C	native_system/digital/adc/FSM_sequential_state_reg[1]/CLR	-0.745	7.918	1
native_system/digital/reset_sync_reg[1]/C	native_system/digital/adc/FSM_sequential_state_reg[2]/CLR	-0.745	7.918	1
native_system/digital/master_phase_reg[4]/C	native_system/digital/serial/captured_reg[91]/D	-0.745	8.221	3
native_system/digital/reset_sync_reg[1]/C	native_system/digital/scheduler/capture_ready_reg/CLR	-0.745	7.832	1
native_system/digital/cfg_reg[21][4]/C	native_system/digital/bank/shadow_calibration_reg[124][0]/CE	-0.744	7.827	1
native_system/digital/cfg_reg[21][4]/C	native_system/digital/bank/shadow_calibration_reg[124][5]/CE	-0.744	7.827	1
native_system/digital/cfg_reg[21][4]/C	native_system/digital/bank/shadow_requested_reg[124][1]/CE	-0.744	7.827	1
native_system/digital/cfg_reg[21][4]/C	native_system/digital/bank/shadow_requested_reg[124][5]/CE	-0.744	7.827	1
native_system/queue/running_reg/C	native_system/queue/queue_reg[1][1545]/CE	-0.744	8.031	4
native_system/queue/running_reg/C	native_system/queue/queue_reg[1][416]/CE	-0.744	8.031	4
native_system/queue/running_reg/C	native_system/queue/queue_reg[1][562]/CE	-0.744	8.031	4
native_system/queue/running_reg/C	native_system/queue/queue_reg[1][591]/CE	-0.744	8.031	4
native_system/queue/running_reg/C	native_system/queue/queue_reg[1][621]/CE	-0.744	8.031	4
native_system/queue/running_reg/C	native_system/queue/queue_reg[1][674]/CE	-0.744	8.031	4
native_system/queue/running_reg/C	native_system/queue/queue_reg[1][682]/CE	-0.744	8.031	4
native_system/queue/running_reg/C	native_system/queue/queue_reg[1][755]/CE	-0.744	8.031	4
native_system/queue/running_reg/C	native_system/queue/queue_reg[1][1037]/CE	-0.743	8.030	4
native_system/queue/running_reg/C	native_system/queue/queue_reg[1][1180]/CE	-0.743	8.030	4
native_system/queue/running_reg/C	native_system/queue/queue_reg[1][1219]/CE	-0.743	8.030	4
native_system/queue/running_reg/C	native_system/queue/queue_reg[1][1397]/CE	-0.743	8.030	4
native_system/digital/boundary_reg/C	native_system/digital/bank/active_calibration_reg[13][2]/CE	-0.743	8.066	1
native_system/digital/boundary_reg/C	native_system/digital/bank/active_calibration_reg[13][3]/CE	-0.743	8.066	1
native_system/digital/boundary_reg/C	native_system/digital/bank/active_calibration_reg[13][5]/CE	-0.743	8.066	1
native_system/digital/boundary_reg/C	native_system/digital/bank/active_calibration_reg[13][6]/CE	-0.743	8.066	1
native_system/digital/boundary_reg/C	native_system/digital/bank/active_requested_reg[13][0]/CE	-0.743	8.066	1
native_system/digital/boundary_reg/C	native_system/digital/bank/active_requested_reg[13][1]/CE	-0.743	8.066	1
native_system/digital/boundary_reg/C	native_system/digital/bank/active_requested_reg[13][4]/CE	-0.743	8.066	1
native_system/queue/running_reg/C	native_system/queue/queue_reg[2][1252]/CE	-0.742	8.029	4
native_system/queue/running_reg/C	native_system/queue/queue_reg[2][1340]/CE	-0.742	8.029	4
native_system/queue/running_reg/C	native_system/queue/queue_reg[2][1475]/CE	-0.742	8.029	4
native_system/queue/running_reg/C	native_system/queue/queue_reg[2][345]/CE	-0.742	8.029	4
native_system/queue/running_reg/C	native_system/queue/queue_reg[2][685]/CE	-0.742	8.029	4
native_system/queue/running_reg/C	native_system/queue/queue_reg[2][737]/CE	-0.742	8.029	4
native_system/queue/running_reg/C	native_system/queue/queue_reg[2][880]/CE	-0.742	8.029	4
native_system/digital/boundary_reg/C	native_system/digital/bank/active_calibration_reg[37][2]/CE	-0.742	8.065	1
native_system/digital/boundary_reg/C	native_system/digital/bank/active_requested_reg[37][4]/CE	-0.742	8.065	1
native_system/digital/cfg_reg[22][14]/C	native_system/digital/bank/shadow_calibration_reg[95][6]/D	-0.740	8.151	0
native_system/queue/running_reg/C	native_system/queue/active_reg[1039]/CE	-0.739	8.026	3
native_system/queue/running_reg/C	native_system/queue/active_reg[1152]/CE	-0.739	8.026	3
native_system/queue/running_reg/C	native_system/queue/active_reg[1362]/CE	-0.739	8.026	3
native_system/queue/running_reg/C	native_system/queue/queue_reg[0][1624]/CE	-0.739	8.026	4
native_system/queue/running_reg/C	native_system/queue/queue_reg[0][1778]/CE	-0.739	8.026	4
native_system/queue/running_reg/C	native_system/queue/queue_reg[0][1880]/CE	-0.739	8.026	4
native_system/queue/running_reg/C	native_system/queue/queue_reg[0][1976]/CE	-0.739	8.026	4
native_system/queue/running_reg/C	native_system/queue/queue_reg[0][548]/CE	-0.739	8.026	4
native_system/queue/running_reg/C	native_system/queue/queue_reg[0][757]/CE	-0.739	8.026	4
native_system/queue/running_reg/C	native_system/queue/queue_reg[0][825]/CE	-0.739	8.026	4
native_system/queue/running_reg/C	native_system/queue/queue_reg[0][981]/CE	-0.739	8.026	4
native_system/digital/cfg_reg[22][10]/C	native_system/digital/bank/shadow_calibration_reg[72][2]/D	-0.739	8.184	0
native_system/queue/running_reg/C	native_system/queue/queue_reg[3][1013]/CE	-0.738	8.025	4
native_system/queue/running_reg/C	native_system/queue/queue_reg[3][1111]/CE	-0.738	8.025	4
native_system/queue/running_reg/C	native_system/queue/queue_reg[3][1398]/CE	-0.738	8.025	4
native_system/queue/running_reg/C	native_system/queue/queue_reg[3][1634]/CE	-0.738	8.025	4
native_system/queue/running_reg/C	native_system/queue/queue_reg[3][565]/CE	-0.738	8.025	4
native_system/queue/running_reg/C	native_system/queue/queue_reg[3][672]/CE	-0.738	8.025	4
native_system/queue/running_reg/C	native_system/queue/queue_reg[3][720]/CE	-0.738	8.025	4
native_system/queue/running_reg/C	native_system/queue/queue_reg[3][909]/CE	-0.738	8.025	4
native_system/queue/running_reg/C	native_system/queue/queue_reg[1][1280]/CE	-0.738	8.025	4
native_system/queue/running_reg/C	native_system/queue/queue_reg[1][1710]/CE	-0.738	8.025	4
native_system/queue/running_reg/C	native_system/queue/queue_reg[1][540]/CE	-0.738	8.025	4
native_system/queue/running_reg/C	native_system/queue/queue_reg[1][881]/CE	-0.738	8.025	4
native_system/digital/cfg_reg[22][10]/C	native_system/digital/bank/shadow_calibration_reg[8][2]/D	-0.738	8.185	0
native_system/queue/running_reg/C	native_system/queue/queue_reg[0][1021]/CE	-0.738	8.061	4
native_system/queue/running_reg/C	native_system/queue/queue_reg[0][1153]/CE	-0.738	8.061	4
native_system/queue/running_reg/C	native_system/queue/queue_reg[0][1240]/CE	-0.738	8.061	4
native_system/queue/running_reg/C	native_system/queue/queue_reg[0][1252]/CE	-0.738	8.061	4
native_system/queue/running_reg/C	native_system/queue/queue_reg[0][1261]/CE	-0.738	8.061	4
native_system/queue/running_reg/C	native_system/queue/queue_reg[0][1335]/CE	-0.738	8.061	4
native_system/queue/running_reg/C	native_system/queue/queue_reg[0][1533]/CE	-0.738	8.061	4
native_system/queue/running_reg/C	native_system/queue/queue_reg[0][738]/CE	-0.738	8.061	4
native_system/queue/bus_wdata_reg[29]/C	native_system/digital/cfg_reg[3][9]/CE	-0.737	8.024	6
native_system/digital/cfg_reg[10][0]/C	native_system/digital/scheduler/total_reg[31]/CE	-0.733	8.020	13
native_system/digital/reset_sync_reg[1]/C	native_system/digital/bank/active_calibration_reg[20][2]/CLR	-0.732	7.905	1
native_system/digital/reset_sync_reg[1]/C	native_system/digital/bank/active_calibration_reg[20][5]/CLR	-0.732	7.905	1
native_system/digital/reset_sync_reg[1]/C	native_system/digital/bank/active_calibration_reg[20][6]/CLR	-0.732	7.905	1
native_system/digital/reset_sync_reg[1]/C	native_system/digital/bank/active_requested_reg[20][5]/CLR	-0.732	7.905	1
native_system/digital/reset_sync_reg[1]/C	native_system/digital/scheduler/issued_reg[0]/CLR	-0.732	7.819	1
native_system/digital/reset_sync_reg[1]/C	native_system/digital/scheduler/issued_reg[10]/CLR	-0.732	7.819	1
native_system/digital/reset_sync_reg[1]/C	native_system/digital/scheduler/issued_reg[11]/CLR	-0.732	7.819	1
native_system/digital/reset_sync_reg[1]/C	native_system/digital/scheduler/issued_reg[1]/CLR	-0.732	7.819	1
native_system/digital/reset_sync_reg[1]/C	native_system/digital/scheduler/issued_reg[8]/CLR	-0.732	7.819	1
native_system/digital/reset_sync_reg[1]/C	native_system/digital/scheduler/issued_reg[9]/CLR	-0.732	7.819	1
native_system/queue/running_reg/C	native_system/queue/queue_reg[0][1086]/CE	-0.732	8.019	4
native_system/queue/running_reg/C	native_system/queue/queue_reg[0][1087]/CE	-0.732	8.019	4
native_system/queue/running_reg/C	native_system/queue/queue_reg[0][1376]/CE	-0.732	8.019	4
native_system/queue/running_reg/C	native_system/queue/queue_reg[0][1639]/CE	-0.732	8.019	4
native_system/queue/running_reg/C	native_system/queue/queue_reg[0][1704]/CE	-0.732	8.019	4
native_system/queue/running_reg/C	native_system/queue/queue_reg[0][2152]/CE	-0.732	8.019	4
native_system/queue/running_reg/C	native_system/queue/queue_reg[0][676]/CE	-0.732	8.019	4
native_system/queue/running_reg/C	native_system/queue/queue_reg[0][756]/CE	-0.732	8.019	4
native_system/queue/bus_wdata_reg[29]/C	native_system/digital/cfg_reg[3][11]/CE	-0.731	8.018	6
native_system/queue/bus_wdata_reg[29]/C	native_system/digital/cfg_reg[3][1]/CE	-0.731	8.018	6
native_system/queue/bus_wdata_reg[29]/C	native_system/digital/cfg_reg[3][6]/CE	-0.731	8.018	6
native_system/queue/bus_wdata_reg[29]/C	native_system/digital/cfg_reg[3][7]/CE	-0.731	8.018	6
native_system/queue/running_reg/C	native_system/queue/queue_reg[0][567]/CE	-0.729	8.016	4
native_system/queue/running_reg/C	native_system/queue/queue_reg[0][635]/CE	-0.729	8.016	4
native_system/queue/running_reg/C	native_system/queue/queue_reg[0][718]/CE	-0.729	8.016	4
native_system/queue/running_reg/C	native_system/queue/queue_reg[0][792]/CE	-0.729	8.016	4
native_system/digital/cfg_reg[22][6]/C	native_system/digital/bank/shadow_requested_reg[48][6]/D	-0.729	8.193	0
native_system/digital/reset_sync_reg[1]/C	native_system/digital/adc/spi/received_reg[48]/CLR	-0.729	7.816	1
native_system/digital/reset_sync_reg[1]/C	native_system/digital/adc/spi/received_reg[65]/CLR	-0.729	7.816	1
native_system/digital/reset_sync_reg[1]/C	native_system/digital/adc/spi/received_reg[66]/CLR	-0.729	7.816	1
native_system/digital/reset_sync_reg[1]/C	native_system/digital/adc/spi/received_reg[71]/CLR	-0.729	7.816	1
native_system/queue/running_reg/C	native_system/queue/queue_reg[3][1546]/CE	-0.728	8.015	4
native_system/queue/running_reg/C	native_system/queue/queue_reg[3][1680]/CE	-0.728	8.015	4
native_system/queue/running_reg/C	native_system/queue/queue_reg[3][2120]/CE	-0.728	8.015	4
native_system/queue/running_reg/C	native_system/queue/queue_reg[3][568]/CE	-0.728	8.015	4
native_system/queue/running_reg/C	native_system/queue/queue_reg[3][789]/CE	-0.728	8.015	4
native_system/queue/running_reg/C	native_system/queue/queue_reg[3][824]/CE	-0.728	8.015	4
native_system/queue/running_reg/C	native_system/queue/queue_reg[3][840]/CE	-0.728	8.015	4
native_system/queue/running_reg/C	native_system/queue/queue_reg[3][857]/CE	-0.728	8.015	4
native_system/queue/rd_reg[1]_rep__7/C	native_system/queue/active_reg[996]/D	-0.727	8.251	1
native_system/digital/reset_sync_reg[1]/C	native_system/digital/scheduler/error_reg/CLR	-0.726	7.813	1
native_system/digital/reset_sync_reg[1]/C	native_system/digital/scheduler/state_reg[0]/CLR	-0.726	7.813	1
native_system/digital/master_phase_reg[0]_rep/C	native_system/digital/serial/serial_data_reg[20]/D	-0.725	8.294	5
native_system/queue/running_reg/C	native_system/queue/active_reg[1113]/CE	-0.724	8.047	3
native_system/queue/running_reg/C	native_system/queue/active_reg[1359]/CE	-0.724	8.047	3
native_system/queue/running_reg/C	native_system/queue/active_reg[1447]/CE	-0.724	8.047	3
native_system/queue/running_reg/C	native_system/queue/active_reg[1514]/CE	-0.724	8.047	3
native_system/queue/running_reg/C	native_system/queue/queue_reg[3][1316]/CE	-0.724	8.011	4
native_system/queue/running_reg/C	native_system/queue/queue_reg[2][356]/CE	-0.724	8.011	4
native_system/queue/running_reg/C	native_system/queue/queue_reg[2][420]/CE	-0.724	8.011	4
native_system/queue/running_reg/C	native_system/queue/queue_reg[2][488]/CE	-0.724	8.011	4
native_system/queue/running_reg/C	native_system/queue/queue_reg[1][1013]/CE	-0.723	8.010	4
native_system/queue/running_reg/C	native_system/queue/queue_reg[1][1032]/CE	-0.723	8.010	4
native_system/queue/running_reg/C	native_system/queue/queue_reg[1][1215]/CE	-0.723	8.010	4
native_system/queue/running_reg/C	native_system/queue/queue_reg[1][1408]/CE	-0.723	8.010	4
native_system/queue/running_reg/C	native_system/queue/queue_reg[1][1546]/CE	-0.723	8.010	4
native_system/queue/running_reg/C	native_system/queue/queue_reg[1][1639]/CE	-0.723	8.010	4
native_system/queue/running_reg/C	native_system/queue/queue_reg[1][672]/CE	-0.723	8.010	4
native_system/queue/running_reg/C	native_system/queue/queue_reg[1][720]/CE	-0.723	8.010	4
native_system/queue/running_reg/C	native_system/queue/queue_reg[2][1085]/CE	-0.722	8.045	4
native_system/queue/running_reg/C	native_system/queue/queue_reg[2][1108]/CE	-0.722	8.045	4
native_system/queue/running_reg/C	native_system/queue/queue_reg[2][1137]/CE	-0.722	8.045	4
native_system/queue/running_reg/C	native_system/queue/queue_reg[2][1435]/CE	-0.722	8.045	4
native_system/queue/running_reg/C	native_system/queue/queue_reg[3][1560]/CE	-0.722	8.009	4
native_system/queue/running_reg/C	native_system/queue/queue_reg[3][440]/CE	-0.722	8.009	4
native_system/queue/running_reg/C	native_system/queue/queue_reg[3][608]/CE	-0.722	8.009	4
native_system/queue/running_reg/C	native_system/queue/queue_reg[3][661]/CE	-0.722	8.009	4
native_system/queue/running_reg/C	native_system/queue/queue_reg[3][721]/CE	-0.722	8.009	4
native_system/queue/running_reg/C	native_system/queue/queue_reg[3][1093]/CE	-0.722	8.009	4
native_system/queue/running_reg/C	native_system/queue/queue_reg[3][1279]/CE	-0.722	8.009	4
native_system/queue/running_reg/C	native_system/queue/queue_reg[3][1320]/CE	-0.722	8.009	4
native_system/queue/running_reg/C	native_system/queue/queue_reg[3][745]/CE	-0.722	8.009	4
native_system/digital/master_phase_reg[0]_rep/C	native_system/digital/serial/captured_reg[81]/D	-0.722	8.245	4
native_system/digital/cfg_reg[22][10]/C	native_system/digital/bank/shadow_calibration_reg[93][2]/D	-0.721	8.182	0
native_system/queue/running_reg/C	native_system/queue/queue_reg[0][176]/CE	-0.721	8.008	4
native_system/queue/running_reg/C	native_system/queue/queue_reg[0][2093]/CE	-0.721	8.008	4
native_system/queue/running_reg/C	native_system/queue/queue_reg[0][970]/CE	-0.721	8.008	4
native_system/digital/cfg_reg[22][6]/C	native_system/digital/bank/shadow_requested_reg[94][6]/D	-0.720	8.145	0
native_system/digital/boundary_reg/C	native_system/digital/bank/active_calibration_reg[2][4]/CE	-0.717	8.040	1
native_system/digital/boundary_reg/C	native_system/digital/bank/active_calibration_reg[2][6]/CE	-0.717	8.040	1
native_system/digital/boundary_reg/C	native_system/digital/bank/active_requested_reg[12][6]/CE	-0.717	8.040	1
native_system/digital/boundary_reg/C	native_system/digital/bank/active_requested_reg[2][7]/CE	-0.717	8.040	1
native_system/digital/cfg_reg[21][4]/C	native_system/digital/bank/shadow_requested_reg[121][0]/CE	-0.716	8.003	1
native_system/queue/running_reg/C	native_system/queue/queue_reg[1][212]/CE	-0.715	8.002	4
native_system/queue/running_reg/C	native_system/queue/queue_reg[1][328]/CE	-0.715	8.002	4
native_system/queue/running_reg/C	native_system/queue/queue_reg[1][400]/CE	-0.715	8.002	4
native_system/queue/running_reg/C	native_system/queue/queue_reg[1][448]/CE	-0.715	8.002	4
native_system/queue/running_reg/C	native_system/queue/queue_reg[1][631]/CE	-0.715	8.002	4
native_system/queue/running_reg/C	native_system/queue/queue_reg[1][727]/CE	-0.715	8.002	4
native_system/queue/running_reg/C	native_system/queue/queue_reg[1][937]/CE	-0.715	8.002	4
native_system/queue/running_reg/C	native_system/queue/queue_reg[1][956]/CE	-0.715	8.002	4
native_system/queue/running_reg/C	native_system/queue/queue_reg[2][212]/CE	-0.715	8.038	4
native_system/queue/running_reg/C	native_system/queue/queue_reg[2][328]/CE	-0.715	8.038	4
native_system/queue/running_reg/C	native_system/queue/queue_reg[2][584]/CE	-0.715	8.038	4
native_system/queue/running_reg/C	native_system/queue/queue_reg[2][631]/CE	-0.715	8.038	4
native_system/queue/running_reg/C	native_system/queue/queue_reg[2][727]/CE	-0.715	8.038	4
native_system/queue/running_reg/C	native_system/queue/queue_reg[2][778]/CE	-0.715	8.038	4
native_system/queue/running_reg/C	native_system/queue/queue_reg[2][834]/CE	-0.715	8.038	4
native_system/queue/running_reg/C	native_system/queue/queue_reg[2][864]/CE	-0.715	8.038	4
native_system/queue/running_reg/C	native_system/queue/queue_reg[3][1545]/CE	-0.712	7.999	4
native_system/queue/running_reg/C	native_system/queue/queue_reg[3][416]/CE	-0.712	7.999	4
native_system/queue/running_reg/C	native_system/queue/queue_reg[3][584]/CE	-0.712	7.999	4
native_system/queue/running_reg/C	native_system/queue/queue_reg[3][591]/CE	-0.712	7.999	4
native_system/queue/running_reg/C	native_system/queue/queue_reg[3][674]/CE	-0.712	7.999	4
native_system/queue/running_reg/C	native_system/queue/queue_reg[3][679]/CE	-0.712	7.999	4
native_system/queue/running_reg/C	native_system/queue/queue_reg[3][755]/CE	-0.712	7.999	4
native_system/queue/running_reg/C	native_system/queue/queue_reg[3][834]/CE	-0.712	7.999	4
native_system/queue/running_reg/C	native_system/queue/queue_reg[1][1093]/CE	-0.712	8.035	4
native_system/queue/running_reg/C	native_system/queue/queue_reg[1][1258]/CE	-0.712	8.035	4
native_system/queue/running_reg/C	native_system/queue/queue_reg[1][533]/CE	-0.712	8.035	4
native_system/queue/running_reg/C	native_system/queue/queue_reg[1][717]/CE	-0.712	8.035	4
native_system/queue/running_reg/C	native_system/queue/queue_reg[1][735]/CE	-0.712	8.035	4
native_system/digital/cfg_reg[21][4]/C	native_system/digital/bank/shadow_calibration_reg[125][7]/CE	-0.711	7.790	1
native_system/digital/cfg_reg[21][4]/C	native_system/digital/bank/shadow_requested_reg[125][0]/CE	-0.711	7.790	1
native_system/digital/cfg_reg[21][4]/C	native_system/digital/bank/shadow_requested_reg[125][1]/CE	-0.711	7.790	1
native_system/digital/cfg_reg[21][4]/C	native_system/digital/bank/shadow_requested_reg[125][3]/CE	-0.711	7.790	1
native_system/queue/running_reg/C	native_system/queue/queue_reg[3][1037]/CE	-0.711	7.998	4
native_system/queue/running_reg/C	native_system/queue/queue_reg[3][1116]/CE	-0.711	7.998	4
native_system/queue/running_reg/C	native_system/queue/queue_reg[3][1397]/CE	-0.711	7.998	4
native_system/queue/running_reg/C	native_system/queue/queue_reg[3][1492]/CE	-0.711	7.998	4
native_system/queue/running_reg/C	native_system/queue/queue_reg[3][543]/CE	-0.711	7.998	4
native_system/queue/running_reg/C	native_system/queue/queue_reg[3][617]/CE	-0.711	7.998	4
native_system/queue/running_reg/C	native_system/queue/queue_reg[3][796]/CE	-0.711	7.998	4
native_system/queue/running_reg/C	native_system/queue/queue_reg[3][847]/CE	-0.711	7.998	4
native_system/queue/running_reg/C	native_system/queue/active_reg[288]/CE	-0.710	8.033	3
native_system/queue/running_reg/C	native_system/queue/active_reg[595]/CE	-0.710	8.033	3
native_system/queue/running_reg/C	native_system/queue/active_reg[960]/CE	-0.710	8.033	3
native_system/queue/running_reg/C	native_system/queue/active_reg[971]/CE	-0.710	8.033	3
native_system/queue/running_reg/C	native_system/queue/queue_reg[2][1105]/CE	-0.710	7.997	4
native_system/queue/running_reg/C	native_system/queue/queue_reg[2][1209]/CE	-0.710	7.997	4
native_system/queue/running_reg/C	native_system/queue/queue_reg[2][1212]/CE	-0.710	7.997	4
native_system/queue/running_reg/C	native_system/queue/queue_reg[2][1331]/CE	-0.710	7.997	4
native_system/queue/running_reg/C	native_system/queue/queue_reg[0][315]/CE	-0.710	7.997	4
native_system/queue/running_reg/C	native_system/queue/queue_reg[0][419]/CE	-0.710	7.997	4
native_system/queue/running_reg/C	native_system/queue/queue_reg[1][1267]/CE	-0.708	8.031	4
native_system/queue/running_reg/C	native_system/queue/queue_reg[1][1344]/CE	-0.708	8.031	4
native_system/queue/running_reg/C	native_system/queue/queue_reg[1][1418]/CE	-0.708	8.031	4
native_system/queue/running_reg/C	native_system/queue/queue_reg[1][1483]/CE	-0.708	8.031	4
native_system/queue/running_reg/C	native_system/queue/queue_reg[1][1568]/CE	-0.708	8.031	4
native_system/queue/running_reg/C	native_system/queue/queue_reg[1][844]/CE	-0.708	8.031	4
native_system/queue/running_reg/C	native_system/queue/queue_reg[1][901]/CE	-0.708	8.031	4
native_system/queue/running_reg/C	native_system/queue/queue_reg[0][1016]/CE	-0.707	7.994	4
native_system/queue/running_reg/C	native_system/queue/queue_reg[0][1347]/CE	-0.707	7.994	4
native_system/queue/running_reg/C	native_system/queue/queue_reg[0][1397]/CE	-0.707	7.994	4
native_system/queue/running_reg/C	native_system/queue/queue_reg[0][352]/CE	-0.707	7.994	4
native_system/queue/running_reg/C	native_system/queue/queue_reg[0][531]/CE	-0.707	7.994	4
native_system/queue/running_reg/C	native_system/queue/queue_reg[0][543]/CE	-0.707	7.994	4
native_system/queue/running_reg/C	native_system/queue/queue_reg[0][617]/CE	-0.707	7.994	4
native_system/queue/running_reg/C	native_system/queue/queue_reg[0][847]/CE	-0.707	7.994	4
native_system/queue/running_reg/C	native_system/queue/queue_reg[1][464]/CE	-0.706	7.993	4
native_system/queue/running_reg/C	native_system/queue/queue_reg[1][584]/CE	-0.706	7.993	4
native_system/queue/running_reg/C	native_system/queue/queue_reg[1][778]/CE	-0.706	7.993	4
native_system/queue/running_reg/C	native_system/queue/queue_reg[1][834]/CE	-0.706	7.993	4
native_system/queue/running_reg/C	native_system/queue/queue_reg[1][864]/CE	-0.706	7.993	4
native_system/queue/running_reg/C	native_system/queue/queue_reg[0][1065]/CE	-0.706	7.993	4
native_system/queue/running_reg/C	native_system/queue/queue_reg[0][1121]/CE	-0.706	7.993	4
native_system/queue/running_reg/C	native_system/queue/queue_reg[0][1156]/CE	-0.706	7.993	4
native_system/queue/running_reg/C	native_system/queue/queue_reg[0][1185]/CE	-0.706	7.993	4
native_system/queue/running_reg/C	native_system/queue/queue_reg[0][1268]/CE	-0.706	7.993	4
native_system/queue/running_reg/C	native_system/queue/queue_reg[0][1349]/CE	-0.706	7.993	4
native_system/queue/running_reg/C	native_system/queue/queue_reg[0][1477]/CE	-0.706	7.993	4
native_system/digital/cfg_reg[21][2]/C	native_system/digital/bank/shadow_requested_reg[36][5]/CE	-0.704	7.788	1
native_system/digital/cfg_reg[21][2]/C	native_system/digital/bank/shadow_requested_reg[36][7]/CE	-0.704	7.788	1
native_system/queue/running_reg/C	native_system/queue/queue_reg[2][1114]/CE	-0.704	7.991	4
native_system/queue/running_reg/C	native_system/queue/queue_reg[2][1347]/CE	-0.704	7.991	4
native_system/queue/running_reg/C	native_system/queue/queue_reg[2][1404]/CE	-0.704	7.991	4
native_system/queue/running_reg/C	native_system/queue/queue_reg[2][1489]/CE	-0.704	7.991	4
native_system/queue/running_reg/C	native_system/queue/queue_reg[2][640]/CE	-0.704	7.991	4
native_system/queue/running_reg/C	native_system/queue/queue_reg[2][697]/CE	-0.704	7.991	4
native_system/queue/running_reg/C	native_system/queue/queue_reg[2][796]/CE	-0.704	7.991	4
native_system/queue/running_reg/C	native_system/queue/queue_reg[2][912]/CE	-0.704	7.991	4
native_system/queue/running_reg/C	native_system/queue/queue_reg[0][456]/CE	-0.703	7.990	4
native_system/queue/running_reg/C	native_system/queue/queue_reg[0][687]/CE	-0.703	7.990	4
native_system/queue/running_reg/C	native_system/queue/active_reg[1088]/CE	-0.703	8.026	3
native_system/queue/running_reg/C	native_system/queue/active_reg[1126]/CE	-0.703	8.026	3
native_system/queue/running_reg/C	native_system/queue/active_reg[1322]/CE	-0.703	8.026	3
native_system/queue/running_reg/C	native_system/queue/active_reg[1453]/CE	-0.703	8.026	3
native_system/digital/cfg_reg[21][4]/C	native_system/digital/bank/shadow_calibration_reg[121][0]/CE	-0.702	7.989	1
native_system/digital/cfg_reg[21][4]/C	native_system/digital/bank/shadow_calibration_reg[121][4]/CE	-0.702	7.989	1
native_system/digital/cfg_reg[21][4]/C	native_system/digital/bank/shadow_requested_reg[121][5]/CE	-0.702	7.989	1
native_system/digital/cfg_reg[21][4]/C	native_system/digital/bank/shadow_requested_reg[121][6]/CE	-0.702	7.989	1
native_system/queue/running_reg/C	native_system/queue/active_reg[1067]/CE	-0.702	8.025	3
native_system/queue/running_reg/C	native_system/queue/active_reg[1118]/CE	-0.702	8.025	3
native_system/queue/running_reg/C	native_system/queue/active_reg[1294]/CE	-0.702	8.025	3
native_system/queue/running_reg/C	native_system/queue/active_reg[1490]/CE	-0.702	8.025	3
native_system/queue/running_reg/C	native_system/queue/queue_reg[2][148]/CE	-0.702	7.989	4
native_system/queue/running_reg/C	native_system/queue/queue_reg[2][363]/CE	-0.702	7.989	4
native_system/queue/running_reg/C	native_system/queue/queue_reg[2][370]/CE	-0.702	7.989	4
native_system/queue/running_reg/C	native_system/queue/queue_reg[2][427]/CE	-0.702	7.989	4
native_system/queue/running_reg/C	native_system/queue/queue_reg[2][483]/CE	-0.702	7.989	4
native_system/queue/running_reg/C	native_system/queue/queue_reg[2][498]/CE	-0.702	7.989	4
native_system/queue/running_reg/C	native_system/queue/queue_reg[2][84]/CE	-0.702	7.989	4
native_system/queue/running_reg/C	native_system/queue/queue_reg[2][1244]/CE	-0.699	7.986	4
native_system/queue/running_reg/C	native_system/queue/queue_reg[2][1335]/CE	-0.699	7.986	4
native_system/queue/running_reg/C	native_system/queue/queue_reg[2][352]/CE	-0.699	7.986	4
native_system/queue/running_reg/C	native_system/queue/queue_reg[2][531]/CE	-0.699	7.986	4
native_system/queue/running_reg/C	native_system/queue/queue_reg[2][669]/CE	-0.699	7.986	4
native_system/queue/running_reg/C	native_system/queue/queue_reg[2][741]/CE	-0.699	7.986	4
native_system/queue/running_reg/C	native_system/queue/queue_reg[2][847]/CE	-0.699	7.986	4
native_system/queue/running_reg/C	native_system/queue/queue_reg[2][911]/CE	-0.699	7.986	4
native_system/digital/cfg_reg[22][6]/C	native_system/digital/bank/shadow_requested_reg[31][6]/D	-0.698	8.162	0
native_system/queue/running_reg/C	native_system/queue/queue_reg[1][618]/CE	-0.697	8.020	4
native_system/queue/running_reg/C	native_system/queue/active_reg[965]/CE	-0.697	7.984	3
native_system/queue/running_reg/C	native_system/queue/active_reg[1059]/CE	-0.696	7.983	3
native_system/queue/running_reg/C	native_system/queue/active_reg[1070]/CE	-0.696	7.983	3
native_system/queue/running_reg/C	native_system/queue/active_reg[620]/CE	-0.696	7.983	3
native_system/queue/running_reg/C	native_system/queue/active_reg[749]/CE	-0.696	7.983	3
native_system/queue/running_reg/C	native_system/queue/active_reg[549]/CE	-0.695	7.982	3
native_system/digital/cfg_reg[21][4]/C	native_system/digital/bank/shadow_calibration_reg[122][5]/CE	-0.695	7.780	1
native_system/digital/cfg_reg[21][4]/C	native_system/digital/bank/shadow_calibration_reg[122][6]/CE	-0.695	7.780	1
native_system/digital/cfg_reg[21][4]/C	native_system/digital/bank/shadow_requested_reg[122][5]/CE	-0.695	7.780	1
native_system/queue/running_reg/C	native_system/queue/active_reg[1120]/CE	-0.694	7.981	3
native_system/queue/running_reg/C	native_system/queue/active_reg[1234]/CE	-0.694	7.981	3
native_system/queue/running_reg/C	native_system/queue/active_reg[1254]/CE	-0.694	7.981	3
native_system/queue/running_reg/C	native_system/queue/active_reg[1717]/CE	-0.694	7.981	3
native_system/queue/bus_address_reg[4]/C	bridge/s_rdata_reg[12]/D	-0.692	8.213	7
native_system/digital/cfg_reg[21][1]/C	native_system/digital/bank/shadow_calibration_reg[117][1]/CE	-0.691	7.811	1
native_system/digital/cfg_reg[21][1]/C	native_system/digital/bank/shadow_calibration_reg[117][2]/CE	-0.691	7.811	1
native_system/digital/cfg_reg[21][1]/C	native_system/digital/bank/shadow_mask_reg[117]/CE	-0.691	7.811	1
native_system/digital/cfg_reg[21][1]/C	native_system/digital/bank/shadow_requested_reg[117][0]/CE	-0.691	7.811	1
native_system/digital/cfg_reg[21][1]/C	native_system/digital/bank/shadow_requested_reg[117][3]/CE	-0.691	7.811	1
native_system/digital/master_phase_reg[4]/C	native_system/digital/serial/captured_reg[106]/D	-0.691	8.214	3
native_system/queue/running_reg/C	native_system/queue/queue_reg[2][1066]/CE	-0.690	7.977	4
native_system/queue/running_reg/C	native_system/queue/queue_reg[2][1044]/CE	-0.687	8.010	4
native_system/queue/running_reg/C	native_system/queue/queue_reg[2][1094]/CE	-0.687	8.010	4
native_system/queue/running_reg/C	native_system/queue/queue_reg[2][1158]/CE	-0.687	8.010	4
native_system/queue/running_reg/C	native_system/queue/queue_reg[2][1236]/CE	-0.687	8.010	4
native_system/queue/running_reg/C	native_system/queue/queue_reg[2][1409]/CE	-0.687	8.010	4
native_system/queue/running_reg/C	native_system/queue/queue_reg[2][1427]/CE	-0.687	8.010	4
native_system/queue/running_reg/C	native_system/queue/queue_reg[2][1429]/CE	-0.687	8.010	4
native_system/queue/running_reg/C	native_system/queue/queue_reg[2][1433]/CE	-0.687	8.010	4
native_system/digital/boundary_reg/C	native_system/digital/bank/active_calibration_reg[33][6]/CE	-0.687	8.010	1
native_system/digital/boundary_reg/C	native_system/digital/bank/active_requested_reg[33][5]/CE	-0.687	8.010	1
native_system/digital/boundary_reg/C	native_system/digital/bank/active_calibration_reg[23][4]/CE	-0.687	8.010	1
native_system/digital/boundary_reg/C	native_system/digital/bank/active_calibration_reg[23][5]/CE	-0.687	8.010	1
native_system/digital/boundary_reg/C	native_system/digital/bank/active_calibration_reg[23][6]/CE	-0.687	8.010	1
native_system/digital/boundary_reg/C	native_system/digital/bank/active_requested_reg[19][1]/CE	-0.687	8.010	1
native_system/digital/boundary_reg/C	native_system/digital/bank/active_requested_reg[19][3]/CE	-0.687	8.010	1
native_system/digital/boundary_reg/C	native_system/digital/bank/active_requested_reg[23][2]/CE	-0.687	8.010	1
native_system/queue/running_reg/C	native_system/queue/active_reg[1474]/CE	-0.687	7.974	3
native_system/queue/running_reg/C	native_system/queue/active_reg[1724]/CE	-0.687	7.974	3
native_system/queue/running_reg/C	native_system/queue/active_reg[1727]/CE	-0.687	7.974	3
native_system/queue/running_reg/C	native_system/queue/active_reg[889]/CE	-0.687	7.974	3
native_system/queue/running_reg/C	native_system/queue/queue_reg[2][1072]/CE	-0.687	7.974	4
native_system/queue/running_reg/C	native_system/queue/queue_reg[2][1081]/CE	-0.687	7.974	4
native_system/queue/running_reg/C	native_system/queue/queue_reg[2][1179]/CE	-0.687	7.974	4
native_system/queue/running_reg/C	native_system/queue/queue_reg[2][1246]/CE	-0.687	7.974	4
native_system/queue/running_reg/C	native_system/queue/active_reg[336]/CE	-0.686	7.973	3
native_system/queue/running_reg/C	native_system/queue/active_reg[404]/CE	-0.686	7.973	3
native_system/queue/running_reg/C	native_system/queue/active_reg[432]/CE	-0.686	7.973	3
native_system/digital/boundary_reg/C	native_system/digital/bank/active_calibration_reg[11][0]/CE	-0.686	8.009	1
native_system/digital/boundary_reg/C	native_system/digital/bank/active_calibration_reg[12][6]/CE	-0.686	8.009	1
native_system/digital/boundary_reg/C	native_system/digital/bank/active_requested_reg[11][1]/CE	-0.686	8.009	1
native_system/digital/boundary_reg/C	native_system/digital/bank/active_requested_reg[12][0]/CE	-0.686	8.009	1
native_system/queue/running_reg/C	native_system/queue/active_reg[1720]/CE	-0.685	8.008	3
native_system/queue/running_reg/C	native_system/queue/active_reg[835]/CE	-0.685	8.008	3
native_system/queue/running_reg/C	native_system/queue/active_reg[842]/CE	-0.685	8.008	3
native_system/queue/running_reg/C	native_system/queue/active_reg[957]/CE	-0.685	8.008	3
native_system/digital/cfg_reg[22][5]/C	native_system/digital/bank/shadow_requested_reg[92][5]/D	-0.685	8.116	0
native_system/queue/bus_wdata_reg[29]/C	native_system/digital/cfg_reg[3][13]/CE	-0.685	7.972	6
native_system/queue/running_reg/C	native_system/queue/queue_reg[2][1562]/CE	-0.684	7.971	4
native_system/queue/running_reg/C	native_system/queue/queue_reg[2][1734]/CE	-0.684	7.971	4
native_system/queue/running_reg/C	native_system/queue/queue_reg[2][1766]/CE	-0.684	7.971	4
native_system/queue/running_reg/C	native_system/queue/queue_reg[2][612]/CE	-0.684	7.971	4
native_system/queue/running_reg/C	native_system/queue/queue_reg[2][740]/CE	-0.684	7.971	4
native_system/queue/running_reg/C	native_system/queue/queue_reg[2][788]/CE	-0.684	7.971	4
native_system/queue/running_reg/C	native_system/queue/active_reg[1297]/CE	-0.683	7.970	3
native_system/queue/running_reg/C	native_system/queue/active_reg[1500]/CE	-0.683	7.970	3
native_system/queue/running_reg/C	native_system/queue/active_reg[1696]/CE	-0.683	7.970	3
native_system/queue/running_reg/C	native_system/queue/active_reg[655]/CE	-0.683	7.970	3
native_system/digital/map_commit_reg/C	native_system/digital/bank/shadow_calibration_reg[95][1]/CE	-0.682	7.767	2
native_system/digital/map_commit_reg/C	native_system/digital/bank/shadow_calibration_reg[95][2]/CE	-0.682	7.767	2
native_system/digital/map_commit_reg/C	native_system/digital/bank/shadow_requested_reg[95][0]/CE	-0.682	7.767	2
native_system/digital/map_commit_reg/C	native_system/digital/bank/shadow_requested_reg[95][1]/CE	-0.682	7.767	2
native_system/digital/boundary_reg/C	native_system/digital/bank/active_calibration_reg[44][0]/CE	-0.681	8.004	1
native_system/digital/boundary_reg/C	native_system/digital/bank/active_calibration_reg[57][6]/CE	-0.681	8.004	1
native_system/digital/boundary_reg/C	native_system/digital/bank/active_requested_reg[44][3]/CE	-0.681	8.004	1
native_system/digital/boundary_reg/C	native_system/digital/bank/active_requested_reg[57][7]/CE	-0.681	8.004	1
native_system/queue/running_reg/C	native_system/queue/active_reg[1123]/CE	-0.681	7.968	3
native_system/queue/running_reg/C	native_system/queue/active_reg[1541]/CE	-0.681	7.968	3
native_system/queue/running_reg/C	native_system/queue/active_reg[689]/CE	-0.681	7.968	3
native_system/queue/running_reg/C	native_system/queue/active_reg[769]/CE	-0.681	7.968	3
native_system/queue/running_reg/C	native_system/queue/queue_reg[1][1097]/CE	-0.681	7.968	4
native_system/queue/running_reg/C	native_system/queue/queue_reg[1][1114]/CE	-0.681	7.968	4
native_system/queue/running_reg/C	native_system/queue/queue_reg[1][1155]/CE	-0.681	7.968	4
native_system/queue/running_reg/C	native_system/queue/queue_reg[1][1161]/CE	-0.681	7.968	4
native_system/queue/running_reg/C	native_system/queue/queue_reg[1][1379]/CE	-0.681	7.968	4
native_system/queue/running_reg/C	native_system/queue/queue_reg[1][1461]/CE	-0.681	7.968	4
native_system/queue/running_reg/C	native_system/queue/queue_reg[1][1712]/CE	-0.681	7.968	4
native_system/queue/running_reg/C	native_system/queue/queue_reg[1][609]/CE	-0.681	7.968	4
native_system/digital/reset_sync_reg[1]/C	native_system/digital/adc/conversion_age_reg[16]/CLR	-0.681	7.768	1
native_system/digital/reset_sync_reg[1]/C	native_system/digital/adc/conversion_age_reg[17]/CLR	-0.681	7.768	1
native_system/digital/reset_sync_reg[1]/C	native_system/digital/adc/conversion_age_reg[18]/CLR	-0.681	7.768	1
native_system/digital/reset_sync_reg[1]/C	native_system/digital/adc/conversion_age_reg[19]/CLR	-0.681	7.768	1
native_system/queue/running_reg/C	native_system/queue/queue_reg[0][668]/CE	-0.680	7.967	4
native_system/queue/running_reg/C	native_system/queue/queue_reg[0][688]/CE	-0.680	7.967	4
native_system/queue/bus_wdata_reg[29]/C	native_system/digital/cfg_reg[3][10]/CE	-0.680	7.967	6
native_system/queue/running_reg/C	native_system/queue/active_reg[546]/CE	-0.679	7.966	3
native_system/queue/running_reg/C	native_system/queue/active_reg[716]/CE	-0.679	7.966	3
native_system/queue/running_reg/C	native_system/queue/active_reg[898]/CE	-0.679	7.966	3
native_system/queue/running_reg/C	native_system/queue/active_reg[920]/CE	-0.679	7.966	3
native_system/queue/running_reg/C	native_system/queue/queue_reg[0][1312]/CE	-0.677	7.964	4
native_system/queue/running_reg/C	native_system/queue/queue_reg[0][1487]/CE	-0.677	7.964	4
native_system/queue/running_reg/C	native_system/queue/queue_reg[0][777]/CE	-0.677	7.964	4
native_system/queue/running_reg/C	native_system/queue/queue_reg[0][440]/CE	-0.677	7.964	4
native_system/queue/running_reg/C	native_system/queue/queue_reg[0][644]/CE	-0.677	7.964	4
native_system/queue/bus_wdata_reg[29]/C	native_system/digital/cfg_reg[10][3]/CE	-0.676	7.963	7
native_system/queue/bus_wdata_reg[29]/C	native_system/digital/cfg_reg[10][5]/CE	-0.676	7.963	7
native_system/queue/running_reg/C	native_system/queue/queue_reg[2][1159]/CE	-0.675	7.998	4
native_system/queue/running_reg/C	native_system/queue/queue_reg[2][1278]/CE	-0.675	7.998	4
native_system/queue/running_reg/C	native_system/queue/queue_reg[2][1356]/CE	-0.675	7.998	4
native_system/queue/running_reg/C	native_system/queue/queue_reg[0][1103]/CE	-0.674	7.961	4
native_system/queue/running_reg/C	native_system/queue/queue_reg[0][1204]/CE	-0.674	7.961	4
native_system/queue/running_reg/C	native_system/queue/queue_reg[0][1459]/CE	-0.674	7.961	4
native_system/queue/running_reg/C	native_system/queue/queue_reg[0][1508]/CE	-0.674	7.961	4
native_system/queue/running_reg/C	native_system/queue/queue_reg[0][1059]/CE	-0.673	7.960	4
native_system/queue/running_reg/C	native_system/queue/queue_reg[0][1316]/CE	-0.673	7.960	4
native_system/digital/reset_sync_reg[1]/C	native_system/digital/bank/shadow_calibration_reg[1][1]/CLR	-0.673	7.760	1
native_system/digital/reset_sync_reg[1]/C	native_system/digital/bank/shadow_calibration_reg[1][2]/CLR	-0.673	7.760	1
native_system/digital/reset_sync_reg[1]/C	native_system/digital/bank/shadow_calibration_reg[1][3]/CLR	-0.673	7.760	1
native_system/digital/reset_sync_reg[1]/C	native_system/digital/bank/shadow_calibration_reg[1][4]/CLR	-0.673	7.760	1
native_system/digital/reset_sync_reg[1]/C	native_system/digital/bank/shadow_calibration_reg[1][7]/CLR	-0.673	7.760	1
native_system/digital/reset_sync_reg[1]/C	native_system/digital/bank/shadow_requested_reg[1][2]/CLR	-0.673	7.760	1
native_system/digital/reset_sync_reg[1]/C	native_system/digital/bank/shadow_requested_reg[1][3]/CLR	-0.673	7.760	1
native_system/digital/reset_sync_reg[1]/C	native_system/digital/bank/active_calibration_reg[20][1]/CLR	-0.673	7.760	1
native_system/digital/reset_sync_reg[1]/C	native_system/digital/bank/active_calibration_reg[20][3]/CLR	-0.673	7.760	1
native_system/digital/reset_sync_reg[1]/C	native_system/digital/bank/active_mask_reg[20]/CLR	-0.673	7.760	1
native_system/digital/reset_sync_reg[1]/C	native_system/digital/bank/active_mask_reg[21]/CLR	-0.673	7.760	1
native_system/digital/reset_sync_reg[1]/C	native_system/digital/bank/active_mask_reg[22]/CLR	-0.673	7.760	1
native_system/digital/reset_sync_reg[1]/C	native_system/digital/bank/active_requested_reg[20][3]/CLR	-0.673	7.760	1
native_system/digital/reset_sync_reg[1]/C	native_system/digital/bank/active_requested_reg[24][1]/CLR	-0.673	7.760	1
native_system/digital/reset_sync_reg[1]/C	native_system/digital/adc/count_reg[22]/CLR	-0.672	7.759	1
native_system/digital/reset_sync_reg[1]/C	native_system/digital/adc/count_reg[23]/CLR	-0.672	7.759	1
native_system/queue/running_reg/C	native_system/queue/queue_reg[1][1576]/CE	-0.672	7.995	4
native_system/queue/running_reg/C	native_system/queue/queue_reg[1][804]/CE	-0.672	7.995	4
native_system/queue/running_reg/C	native_system/queue/queue_reg[0][1173]/CE	-0.672	7.995	4
native_system/queue/running_reg/C	native_system/queue/queue_reg[0][1213]/CE	-0.672	7.995	4
native_system/queue/running_reg/C	native_system/queue/queue_reg[0][1253]/CE	-0.672	7.995	4
native_system/queue/running_reg/C	native_system/queue/queue_reg[0][1323]/CE	-0.672	7.995	4
native_system/digital/reset_sync_reg[1]/C	native_system/digital/cfg_reg[9][2]/CLR	-0.672	7.845	1
native_system/digital/boundary_reg/C	native_system/digital/bank/active_calibration_reg[1][2]/CE	-0.672	7.959	1
native_system/digital/boundary_reg/C	native_system/digital/bank/active_calibration_reg[5][0]/CE	-0.672	7.959	1
native_system/digital/boundary_reg/C	native_system/digital/bank/active_calibration_reg[5][1]/CE	-0.672	7.959	1
native_system/digital/boundary_reg/C	native_system/digital/bank/active_requested_reg[5][2]/CE	-0.672	7.959	1
native_system/queue/running_reg/C	native_system/queue/queue_reg[3][1112]/CE	-0.672	7.959	4
native_system/queue/running_reg/C	native_system/queue/queue_reg[3][633]/CE	-0.672	7.959	4
native_system/queue/running_reg/C	native_system/queue/queue_reg[3][636]/CE	-0.672	7.959	4
native_system/queue/running_reg/C	native_system/queue/queue_reg[3][797]/CE	-0.672	7.959	4
native_system/queue/running_reg/C	native_system/queue/queue_reg[3][933]/CE	-0.672	7.959	4
native_system/digital/reset_sync_reg[1]/C	native_system/digital/adc/spi/tx_reg[0]/CLR	-0.671	7.758	1
native_system/queue/running_reg/C	native_system/queue/queue_reg[3][1509]/CE	-0.670	7.957	4
native_system/queue/running_reg/C	native_system/queue/queue_reg[3][575]/CE	-0.670	7.957	4
native_system/queue/running_reg/C	native_system/queue/queue_reg[3][618]/CE	-0.670	7.957	4
native_system/queue/running_reg/C	native_system/queue/queue_reg[3][873]/CE	-0.670	7.957	4
native_system/queue/running_reg/C	native_system/queue/queue_reg[3][929]/CE	-0.670	7.957	4
native_system/queue/running_reg/C	native_system/queue/active_reg[562]/CE	-0.670	7.957	3
native_system/queue/running_reg/C	native_system/queue/active_reg[591]/CE	-0.670	7.957	3
native_system/queue/running_reg/C	native_system/queue/active_reg[621]/CE	-0.670	7.957	3
native_system/queue/running_reg/C	native_system/queue/active_reg[679]/CE	-0.670	7.957	3
native_system/digital/reset_sync_reg[1]/C	native_system/digital/bank/shadow_calibration_reg[78][4]/CLR	-0.670	7.843	1
native_system/digital/reset_sync_reg[1]/C	native_system/digital/bank/shadow_calibration_reg[78][5]/CLR	-0.670	7.843	1
native_system/digital/reset_sync_reg[1]/C	native_system/digital/bank/shadow_calibration_reg[78][6]/CLR	-0.670	7.843	1
native_system/digital/reset_sync_reg[1]/C	native_system/digital/bank/shadow_calibration_reg[78][7]/CLR	-0.670	7.843	1
native_system/queue/running_reg/C	native_system/queue/queue_reg[0][1093]/CE	-0.669	7.992	4
native_system/queue/running_reg/C	native_system/queue/queue_reg[0][1308]/CE	-0.669	7.992	4
native_system/queue/running_reg/C	native_system/queue/queue_reg[0][1419]/CE	-0.669	7.992	4
native_system/queue/running_reg/C	native_system/queue/queue_reg[0][600]/CE	-0.669	7.992	4
native_system/queue/running_reg/C	native_system/queue/queue_reg[0][601]/CE	-0.669	7.992	4
native_system/queue/running_reg/C	native_system/queue/queue_reg[0][684]/CE	-0.669	7.992	4
native_system/queue/running_reg/C	native_system/queue/queue_reg[0][700]/CE	-0.669	7.992	4
native_system/queue/running_reg/C	native_system/queue/queue_reg[0][705]/CE	-0.669	7.992	4
native_system/queue/running_reg/C	native_system/queue/queue_reg[0][1085]/CE	-0.669	7.992	4
native_system/queue/running_reg/C	native_system/queue/queue_reg[0][1108]/CE	-0.669	7.992	4
native_system/queue/running_reg/C	native_system/queue/queue_reg[0][1137]/CE	-0.669	7.992	4
native_system/queue/running_reg/C	native_system/queue/queue_reg[0][1435]/CE	-0.669	7.992	4
native_system/queue/rd_reg[1]_rep__18/C	native_system/queue/active_reg[320]/D	-0.669	8.190	1
native_system/queue/bus_wdata_reg[29]/C	native_system/digital/cfg_reg[3][2]/CE	-0.669	7.956	6
native_system/queue/bus_wdata_reg[29]/C	native_system/digital/cfg_reg[3][3]/CE	-0.669	7.956	6
native_system/queue/bus_wdata_reg[29]/C	native_system/digital/cfg_reg[3][4]/CE	-0.669	7.956	6
native_system/digital/reset_sync_reg[1]/C	native_system/digital/bank/active_calibration_reg[1][3]/CLR	-0.669	7.756	1
native_system/digital/reset_sync_reg[1]/C	native_system/digital/bank/active_calibration_reg[1][4]/CLR	-0.669	7.756	1
native_system/digital/reset_sync_reg[1]/C	native_system/digital/bank/active_requested_reg[1][2]/CLR	-0.669	7.756	1
native_system/digital/reset_sync_reg[1]/C	native_system/digital/bank/active_requested_reg[1][3]/CLR	-0.669	7.756	1
native_system/digital/cfg_reg[22][11]/C	native_system/digital/bank/shadow_calibration_reg[123][3]/D	-0.668	8.093	0
native_system/digital/reset_sync_reg[1]/C	native_system/digital/adc/count_reg[24]/CLR	-0.668	7.755	1
native_system/digital/cfg_reg[22][2]/C	native_system/digital/bank/shadow_requested_reg[48][2]/D	-0.667	8.051	0
native_system/queue/running_reg/C	native_system/queue/active_reg[1049]/CE	-0.667	7.954	3
native_system/queue/running_reg/C	native_system/queue/active_reg[1259]/CE	-0.667	7.954	3
native_system/queue/running_reg/C	native_system/queue/active_reg[1457]/CE	-0.667	7.954	3
native_system/queue/running_reg/C	native_system/queue/active_reg[1469]/CE	-0.667	7.954	3
native_system/queue/running_reg/C	native_system/queue/queue_reg[0][1220]/CE	-0.667	7.954	4
native_system/queue/running_reg/C	native_system/queue/queue_reg[0][1270]/CE	-0.667	7.954	4
native_system/queue/running_reg/C	native_system/queue/queue_reg[0][1273]/CE	-0.667	7.954	4
native_system/queue/running_reg/C	native_system/queue/queue_reg[0][1314]/CE	-0.667	7.954	4
native_system/queue/running_reg/C	native_system/queue/queue_reg[0][1339]/CE	-0.667	7.954	4
native_system/queue/running_reg/C	native_system/queue/queue_reg[0][1399]/CE	-0.667	7.954	4
native_system/queue/running_reg/C	native_system/queue/queue_reg[0][1405]/CE	-0.667	7.954	4
native_system/queue/running_reg/C	native_system/queue/queue_reg[0][1495]/CE	-0.667	7.954	4
native_system/queue/running_reg/C	native_system/queue/queue_reg[0][1319]/CE	-0.666	7.953	4
native_system/queue/running_reg/C	native_system/queue/queue_reg[0][1450]/CE	-0.666	7.953	4
native_system/queue/running_reg/C	native_system/queue/queue_reg[1][1021]/CE	-0.665	7.952	4
native_system/queue/running_reg/C	native_system/queue/queue_reg[1][1069]/CE	-0.665	7.952	4
native_system/queue/running_reg/C	native_system/queue/queue_reg[1][1116]/CE	-0.665	7.952	4
native_system/queue/running_reg/C	native_system/queue/queue_reg[1][1240]/CE	-0.665	7.952	4
native_system/queue/running_reg/C	native_system/queue/queue_reg[1][1261]/CE	-0.665	7.952	4
native_system/queue/running_reg/C	native_system/queue/queue_reg[1][1492]/CE	-0.665	7.952	4
native_system/queue/running_reg/C	native_system/queue/queue_reg[1][553]/CE	-0.665	7.952	4
native_system/queue/running_reg/C	native_system/queue/queue_reg[1][776]/CE	-0.665	7.952	4
native_system/digital/boundary_reg/C	native_system/digital/bank/active_requested_reg[8][0]/CE	-0.665	7.952	1
native_system/digital/boundary_reg/C	native_system/digital/bank/active_requested_reg[8][1]/CE	-0.665	7.952	1
native_system/digital/boundary_reg/C	native_system/digital/bank/active_requested_reg[8][2]/CE	-0.665	7.952	1
native_system/digital/boundary_reg/C	native_system/digital/bank/active_requested_reg[8][3]/CE	-0.665	7.952	1
native_system/queue/running_reg/C	native_system/queue/queue_reg[3][336]/CE	-0.665	7.988	4
native_system/queue/running_reg/C	native_system/queue/queue_reg[3][404]/CE	-0.665	7.988	4
native_system/queue/running_reg/C	native_system/queue/queue_reg[3][432]/CE	-0.665	7.988	4
native_system/queue/running_reg/C	native_system/queue/queue_reg[3][1572]/CE	-0.665	7.952	4
native_system/queue/running_reg/C	native_system/queue/queue_reg[3][1701]/CE	-0.665	7.952	4
native_system/queue/running_reg/C	native_system/queue/queue_reg[3][1880]/CE	-0.665	7.952	4
native_system/queue/running_reg/C	native_system/queue/queue_reg[3][1976]/CE	-0.665	7.952	4
native_system/queue/running_reg/C	native_system/queue/queue_reg[3][676]/CE	-0.665	7.952	4
native_system/queue/running_reg/C	native_system/queue/queue_reg[3][825]/CE	-0.665	7.952	4
native_system/queue/running_reg/C	native_system/queue/queue_reg[3][945]/CE	-0.665	7.952	4
native_system/queue/running_reg/C	native_system/queue/queue_reg[3][981]/CE	-0.665	7.952	4
native_system/queue/running_reg/C	native_system/queue/queue_reg[0][1342]/CE	-0.664	7.951	4
native_system/queue/running_reg/C	native_system/queue/queue_reg[0][680]/CE	-0.664	7.951	4
native_system/queue/running_reg/C	native_system/queue/queue_reg[0][740]/CE	-0.664	7.951	4
native_system/queue/running_reg/C	native_system/queue/queue_reg[0][905]/CE	-0.664	7.951	4
native_system/queue/running_reg/C	native_system/queue/queue_reg[0][925]/CE	-0.664	7.951	4
native_system/queue/running_reg/C	native_system/queue/queue_reg[0][1106]/CE	-0.664	7.951	4
native_system/queue/running_reg/C	native_system/queue/queue_reg[0][1325]/CE	-0.664	7.951	4
native_system/queue/running_reg/C	native_system/queue/queue_reg[0][1389]/CE	-0.664	7.951	4
native_system/queue/running_reg/C	native_system/queue/queue_reg[0][1451]/CE	-0.664	7.951	4
native_system/queue/bus_wdata_reg[29]/C	native_system/digital/cfg_reg[6][1]/CE	-0.662	7.949	6
native_system/digital/scheduler/memory_reg_2/CLKBWRCLK	bridge/s_rdata_reg[2]/D	-0.661	8.230	6
native_system/queue/running_reg/C	native_system/queue/active_reg[1354]/CE	-0.661	7.984	3
native_system/queue/running_reg/C	native_system/queue/active_reg[1452]/CE	-0.661	7.984	3
native_system/queue/running_reg/C	native_system/queue/active_reg[1663]/CE	-0.661	7.984	3
native_system/queue/running_reg/C	native_system/queue/queue_reg[0][1090]/CE	-0.659	7.982	4
native_system/queue/running_reg/C	native_system/queue/queue_reg[0][1141]/CE	-0.659	7.982	4
native_system/queue/running_reg/C	native_system/queue/queue_reg[0][1166]/CE	-0.659	7.982	4
native_system/queue/running_reg/C	native_system/queue/queue_reg[0][1206]/CE	-0.659	7.982	4
native_system/queue/running_reg/C	native_system/queue/queue_reg[0][1283]/CE	-0.659	7.982	4
native_system/queue/running_reg/C	native_system/queue/queue_reg[0][1290]/CE	-0.659	7.982	4
native_system/queue/running_reg/C	native_system/queue/queue_reg[0][1529]/CE	-0.659	7.982	4
native_system/queue/running_reg/C	native_system/queue/queue_reg[0][1535]/CE	-0.659	7.982	4
native_system/queue/running_reg/C	native_system/queue/queue_reg[1][1038]/CE	-0.658	7.945	4
native_system/queue/running_reg/C	native_system/queue/queue_reg[1][1235]/CE	-0.658	7.945	4
native_system/queue/running_reg/C	native_system/queue/queue_reg[1][1239]/CE	-0.658	7.945	4
native_system/queue/running_reg/C	native_system/queue/queue_reg[1][1628]/CE	-0.658	7.945	4
native_system/queue/running_reg/C	native_system/queue/queue_reg[1][2120]/CE	-0.658	7.945	4
native_system/queue/running_reg/C	native_system/queue/queue_reg[1][789]/CE	-0.658	7.945	4
native_system/queue/running_reg/C	native_system/queue/queue_reg[1][909]/CE	-0.658	7.945	4
native_system/queue/running_reg/C	native_system/queue/queue_reg[1][989]/CE	-0.658	7.945	4
native_system/queue/running_reg/C	native_system/queue/queue_reg[3][1004]/CE	-0.658	7.945	4
native_system/queue/running_reg/C	native_system/queue/queue_reg[3][1520]/CE	-0.658	7.945	4
native_system/queue/running_reg/C	native_system/queue/queue_reg[3][1870]/CE	-0.658	7.945	4
native_system/queue/running_reg/C	native_system/queue/queue_reg[3][852]/CE	-0.658	7.945	4
native_system/queue/running_reg/C	native_system/queue/active_reg[1146]/CE	-0.658	7.945	3
native_system/queue/running_reg/C	native_system/queue/active_reg[1197]/CE	-0.658	7.945	3
native_system/queue/running_reg/C	native_system/queue/active_reg[1384]/CE	-0.658	7.945	3
native_system/queue/running_reg/C	native_system/queue/active_reg[696]/CE	-0.658	7.945	3
native_system/queue/running_reg/C	native_system/queue/queue_reg[1][1050]/CE	-0.657	7.944	4
native_system/queue/running_reg/C	native_system/queue/queue_reg[1][1247]/CE	-0.657	7.944	4
native_system/queue/running_reg/C	native_system/queue/queue_reg[1][1714]/CE	-0.657	7.944	4
native_system/queue/running_reg/C	native_system/queue/queue_reg[1][1870]/CE	-0.657	7.944	4
native_system/queue/running_reg/C	native_system/queue/queue_reg[0][1168]/CE	-0.656	7.979	4
native_system/queue/running_reg/C	native_system/queue/queue_reg[0][1232]/CE	-0.656	7.979	4
native_system/digital/boundary_reg/C	native_system/digital/bank/active_calibration_reg[10][0]/CE	-0.656	7.943	1
native_system/digital/boundary_reg/C	native_system/digital/bank/active_calibration_reg[10][1]/CE	-0.656	7.943	1
native_system/digital/boundary_reg/C	native_system/digital/bank/active_calibration_reg[10][6]/CE	-0.656	7.943	1
native_system/digital/boundary_reg/C	native_system/digital/bank/active_calibration_reg[50][4]/CE	-0.656	7.943	1
native_system/digital/boundary_reg/C	native_system/digital/bank/active_calibration_reg[50][7]/CE	-0.656	7.943	1
native_system/digital/boundary_reg/C	native_system/digital/bank/active_requested_reg[10][1]/CE	-0.656	7.943	1
native_system/digital/boundary_reg/C	native_system/digital/bank/active_requested_reg[10][6]/CE	-0.656	7.943	1
native_system/digital/boundary_reg/C	native_system/digital/bank/active_requested_reg[50][3]/CE	-0.656	7.943	1
native_system/queue/running_reg/C	native_system/queue/queue_reg[2][1245]/CE	-0.656	7.979	4
native_system/queue/running_reg/C	native_system/queue/queue_reg[1][1135]/CE	-0.655	7.942	4
native_system/queue/running_reg/C	native_system/queue/active_reg[1056]/CE	-0.655	7.978	3
native_system/queue/running_reg/C	native_system/queue/active_reg[1060]/CE	-0.655	7.978	3
native_system/queue/running_reg/C	native_system/queue/active_reg[1170]/CE	-0.655	7.978	3
native_system/queue/running_reg/C	native_system/queue/active_reg[1251]/CE	-0.655	7.978	3
native_system/queue/running_reg/C	native_system/queue/queue_reg[0][1081]/CE	-0.655	7.978	4
native_system/queue/running_reg/C	native_system/queue/queue_reg[0][1179]/CE	-0.655	7.978	4
native_system/queue/running_reg/C	native_system/queue/queue_reg[0][1246]/CE	-0.655	7.978	4
native_system/queue/running_reg/C	native_system/queue/queue_reg[0][1033]/CE	-0.654	7.977	4
native_system/queue/running_reg/C	native_system/queue/queue_reg[0][1198]/CE	-0.654	7.977	4
native_system/queue/running_reg/C	native_system/queue/queue_reg[0][1279]/CE	-0.654	7.977	4
native_system/queue/running_reg/C	native_system/queue/queue_reg[0][1518]/CE	-0.654	7.977	4
native_system/queue/running_reg/C	native_system/queue/queue_reg[0][781]/CE	-0.654	7.977	4
native_system/queue/running_reg/C	native_system/queue/queue_reg[0][852]/CE	-0.654	7.977	4
native_system/queue/running_reg/C	native_system/queue/queue_reg[0][980]/CE	-0.654	7.977	4
native_system/queue/running_reg/C	native_system/queue/active_reg[1052]/CE	-0.654	7.941	3
native_system/queue/running_reg/C	native_system/queue/active_reg[1428]/CE	-0.654	7.941	3
native_system/queue/running_reg/C	native_system/queue/active_reg[1653]/CE	-0.654	7.941	3
native_system/queue/running_reg/C	native_system/queue/active_reg[554]/CE	-0.654	7.941	3
native_system/queue/bus_wdata_reg[29]/C	native_system/digital/cfg_reg[6][4]/CE	-0.654	7.941	6
native_system/queue/bus_wdata_reg[29]/C	native_system/digital/cfg_reg[6][7]/CE	-0.654	7.941	6
native_system/queue/bus_wdata_reg[29]/C	native_system/digital/cfg_reg[6][8]/CE	-0.654	7.941	6
native_system/queue/rd_reg[1]_rep__7/C	native_system/queue/active_reg[820]/D	-0.652	8.223	1
native_system/queue/running_reg/C	native_system/queue/queue_reg[0][584]/CE	-0.651	7.974	4
native_system/queue/running_reg/C	native_system/queue/queue_reg[0][778]/CE	-0.651	7.974	4
native_system/queue/running_reg/C	native_system/queue/queue_reg[0][834]/CE	-0.651	7.974	4
native_system/queue/running_reg/C	native_system/queue/queue_reg[0][864]/CE	-0.651	7.974	4
native_system/digital/reset_sync_reg[1]/C	native_system/digital/scheduler/frame_count_reg[3]/CLR	-0.650	7.823	1
native_system/digital/reset_sync_reg[1]/C	native_system/digital/scheduler/frame_count_reg[5]/CLR	-0.650	7.823	1
native_system/queue/running_reg/C	native_system/queue/active_reg[1545]/CE	-0.650	7.973	3
native_system/queue/running_reg/C	native_system/queue/active_reg[416]/CE	-0.650	7.973	3
native_system/queue/running_reg/C	native_system/queue/active_reg[674]/CE	-0.650	7.973	3
native_system/queue/running_reg/C	native_system/queue/active_reg[755]/CE	-0.650	7.973	3
native_system/queue/running_reg/C	native_system/queue/queue_reg[0][1097]/CE	-0.650	7.937	4
native_system/queue/running_reg/C	native_system/queue/queue_reg[0][1161]/CE	-0.650	7.937	4
native_system/queue/running_reg/C	native_system/queue/queue_reg[0][1379]/CE	-0.650	7.937	4
native_system/queue/running_reg/C	native_system/queue/queue_reg[0][1461]/CE	-0.650	7.937	4
native_system/queue/running_reg/C	native_system/queue/queue_reg[0][553]/CE	-0.650	7.937	4
native_system/queue/running_reg/C	native_system/queue/queue_reg[0][609]/CE	-0.650	7.937	4
native_system/queue/running_reg/C	native_system/queue/queue_reg[0][649]/CE	-0.650	7.937	4
native_system/queue/running_reg/C	native_system/queue/queue_reg[0][735]/CE	-0.650	7.937	4
native_system/queue/running_reg/C	native_system/queue/queue_reg[3][1027]/CE	-0.650	7.937	4
native_system/queue/running_reg/C	native_system/queue/queue_reg[3][1069]/CE	-0.650	7.937	4
native_system/queue/running_reg/C	native_system/queue/queue_reg[3][1184]/CE	-0.650	7.937	4
native_system/queue/running_reg/C	native_system/queue/queue_reg[3][552]/CE	-0.650	7.937	4
native_system/queue/running_reg/C	native_system/queue/queue_reg[3][600]/CE	-0.650	7.937	4
native_system/queue/running_reg/C	native_system/queue/queue_reg[3][605]/CE	-0.650	7.937	4
native_system/queue/running_reg/C	native_system/queue/queue_reg[3][719]/CE	-0.650	7.937	4
native_system/queue/running_reg/C	native_system/queue/queue_reg[3][846]/CE	-0.650	7.937	4
native_system/queue/running_reg/C	native_system/queue/active_reg[1029]/CE	-0.650	7.937	3
native_system/queue/running_reg/C	native_system/queue/active_reg[1293]/CE	-0.650	7.937	3
native_system/queue/running_reg/C	native_system/queue/active_reg[1346]/CE	-0.650	7.937	3
native_system/queue/running_reg/C	native_system/queue/active_reg[1501]/CE	-0.650	7.937	3
native_system/queue/running_reg/C	native_system/queue/queue_reg[0][1034]/CE	-0.649	7.936	4
native_system/queue/running_reg/C	native_system/queue/queue_reg[0][1176]/CE	-0.649	7.936	4
native_system/queue/running_reg/C	native_system/queue/queue_reg[0][1238]/CE	-0.649	7.936	4
native_system/queue/running_reg/C	native_system/queue/queue_reg[0][1436]/CE	-0.649	7.936	4
native_system/queue/running_reg/C	native_system/queue/queue_reg[0][1512]/CE	-0.649	7.936	4
native_system/queue/running_reg/C	native_system/queue/queue_reg[0][532]/CE	-0.649	7.936	4
native_system/queue/running_reg/C	native_system/queue/queue_reg[0][572]/CE	-0.649	7.936	4
native_system/queue/running_reg/C	native_system/queue/queue_reg[0][673]/CE	-0.649	7.936	4
native_system/digital/boundary_reg/C	native_system/digital/bank/active_calibration_reg[74][0]/CE	-0.648	7.935	1
native_system/digital/boundary_reg/C	native_system/digital/bank/active_calibration_reg[74][1]/CE	-0.648	7.935	1
native_system/digital/boundary_reg/C	native_system/digital/bank/active_calibration_reg[74][2]/CE	-0.648	7.935	1
native_system/digital/boundary_reg/C	native_system/digital/bank/active_requested_reg[74][0]/CE	-0.648	7.935	1
native_system/digital/boundary_reg/C	native_system/digital/bank/active_requested_reg[74][2]/CE	-0.648	7.935	1
native_system/digital/boundary_reg/C	native_system/digital/bank/active_requested_reg[74][6]/CE	-0.648	7.935	1
native_system/queue/running_reg/C	native_system/queue/queue_reg[3][1053]/CE	-0.648	7.935	4
native_system/queue/running_reg/C	native_system/queue/queue_reg[3][1092]/CE	-0.648	7.935	4
native_system/queue/running_reg/C	native_system/queue/queue_reg[3][1245]/CE	-0.648	7.935	4
native_system/queue/running_reg/C	native_system/queue/queue_reg[3][1264]/CE	-0.648	7.935	4
native_system/queue/running_reg/C	native_system/queue/queue_reg[3][1301]/CE	-0.648	7.935	4
native_system/queue/running_reg/C	native_system/queue/queue_reg[3][1032]/CE	-0.648	7.971	4
native_system/queue/running_reg/C	native_system/queue/queue_reg[3][1271]/CE	-0.648	7.971	4
native_system/queue/running_reg/C	native_system/queue/queue_reg[3][1637]/CE	-0.648	7.971	4
native_system/queue/running_reg/C	native_system/queue/queue_reg[3][1670]/CE	-0.648	7.971	4
native_system/queue/running_reg/C	native_system/queue/queue_reg[3][1700]/CE	-0.648	7.971	4
native_system/queue/running_reg/C	native_system/queue/queue_reg[3][2152]/CE	-0.648	7.971	4
native_system/queue/running_reg/C	native_system/queue/queue_reg[3][625]/CE	-0.648	7.971	4
native_system/queue/running_reg/C	native_system/queue/queue_reg[3][836]/CE	-0.648	7.971	4
native_system/queue/running_reg/C	native_system/queue/queue_reg[1][1412]/CE	-0.647	7.934	4
native_system/queue/running_reg/C	native_system/queue/queue_reg[1][368]/CE	-0.647	7.934	4
native_system/queue/running_reg/C	native_system/queue/queue_reg[1][569]/CE	-0.647	7.934	4
native_system/queue/running_reg/C	native_system/queue/queue_reg[3][1176]/CE	-0.646	7.933	4
native_system/queue/running_reg/C	native_system/queue/queue_reg[3][1393]/CE	-0.646	7.933	4
native_system/queue/running_reg/C	native_system/queue/queue_reg[3][1419]/CE	-0.646	7.933	4
native_system/queue/running_reg/C	native_system/queue/queue_reg[3][1448]/CE	-0.646	7.933	4
native_system/queue/running_reg/C	native_system/queue/queue_reg[3][1512]/CE	-0.646	7.933	4
native_system/queue/running_reg/C	native_system/queue/queue_reg[3][572]/CE	-0.646	7.933	4
native_system/queue/running_reg/C	native_system/queue/queue_reg[3][768]/CE	-0.646	7.933	4
native_system/digital/reset_sync_reg[1]/C	native_system/digital/scheduler/period_count_reg[1]/CLR	-0.646	7.819	1
native_system/queue/running_reg/C	native_system/queue/active_reg[1028]/CE	-0.645	7.968	3
native_system/queue/running_reg/C	native_system/queue/active_reg[1262]/CE	-0.645	7.968	3
native_system/queue/running_reg/C	native_system/queue/active_reg[1478]/CE	-0.645	7.968	3
native_system/queue/running_reg/C	native_system/queue/active_reg[793]/CE	-0.645	7.968	3
native_system/digital/boundary_reg/C	native_system/digital/bank/active_calibration_reg[14][4]/CE	-0.645	7.932	1
native_system/digital/boundary_reg/C	native_system/digital/bank/active_calibration_reg[14][6]/CE	-0.645	7.932	1
native_system/digital/boundary_reg/C	native_system/digital/bank/active_requested_reg[14][3]/CE	-0.645	7.932	1
native_system/digital/boundary_reg/C	native_system/digital/bank/active_requested_reg[14][6]/CE	-0.645	7.932	1
native_system/queue/running_reg/C	native_system/queue/active_reg[1110]/CE	-0.644	7.931	3
native_system/queue/running_reg/C	native_system/queue/active_reg[545]/CE	-0.644	7.931	3
native_system/queue/running_reg/C	native_system/queue/active_reg[627]/CE	-0.644	7.931	3
native_system/queue/running_reg/C	native_system/queue/active_reg[841]/CE	-0.644	7.931	3
native_system/queue/running_reg/C	native_system/queue/queue_reg[1][1053]/CE	-0.643	7.930	4
native_system/queue/running_reg/C	native_system/queue/queue_reg[1][1072]/CE	-0.643	7.930	4
native_system/queue/running_reg/C	native_system/queue/queue_reg[1][1092]/CE	-0.643	7.930	4
native_system/queue/running_reg/C	native_system/queue/queue_reg[1][1179]/CE	-0.643	7.930	4
native_system/queue/running_reg/C	native_system/queue/queue_reg[1][1208]/CE	-0.643	7.930	4
native_system/queue/running_reg/C	native_system/queue/queue_reg[1][1264]/CE	-0.643	7.930	4
native_system/queue/running_reg/C	native_system/queue/queue_reg[1][1301]/CE	-0.643	7.930	4
native_system/queue/running_reg/C	native_system/queue/queue_reg[1][1330]/CE	-0.643	7.930	4
native_system/digital/reset_sync_reg[1]/C	native_system/digital/adc/frame_reg[71]/CLR	-0.643	7.816	1
native_system/queue/running_reg/C	native_system/queue/active_reg[1420]/CE	-0.643	7.930	3
native_system/queue/running_reg/C	native_system/queue/active_reg[1431]/CE	-0.643	7.930	3
native_system/queue/running_reg/C	native_system/queue/active_reg[1468]/CE	-0.643	7.930	3
native_system/queue/running_reg/C	native_system/queue/active_reg[1506]/CE	-0.643	7.930	3
native_system/digital/master_phase_reg[0]_rep/C	native_system/digital/serial/captured_reg[104]/D	-0.643	8.164	4
native_system/digital/reset_sync_reg[1]/C	native_system/digital/bank/active_calibration_reg[13][5]/CLR	-0.643	7.816	1
native_system/digital/reset_sync_reg[1]/C	native_system/digital/bank/active_calibration_reg[13][6]/CLR	-0.643	7.816	1
native_system/digital/reset_sync_reg[1]/C	native_system/digital/bank/active_requested_reg[13][4]/CLR	-0.643	7.816	1
native_system/queue/running_reg/C	native_system/queue/queue_reg[0][1393]/CE	-0.642	7.929	4
native_system/queue/running_reg/C	native_system/queue/queue_reg[0][1448]/CE	-0.642	7.929	4
native_system/queue/running_reg/C	native_system/queue/queue_reg[0][1576]/CE	-0.642	7.929	4
native_system/queue/running_reg/C	native_system/queue/queue_reg[0][768]/CE	-0.642	7.929	4
native_system/queue/running_reg/C	native_system/queue/queue_reg[0][804]/CE	-0.642	7.929	4
native_system/digital/boundary_reg/C	native_system/digital/bank/active_calibration_reg[14][2]/CE	-0.641	7.928	1
native_system/queue/bus_wdata_reg[29]/C	native_system/digital/cfg_reg[4][0]/CE	-0.641	7.928	6
native_system/queue/bus_wdata_reg[29]/C	native_system/digital/cfg_reg[4][11]/CE	-0.641	7.928	6
native_system/queue/bus_wdata_reg[29]/C	native_system/digital/cfg_reg[4][7]/CE	-0.641	7.928	6
native_system/digital/cfg_reg[22][6]/C	native_system/digital/bank/shadow_requested_reg[100][6]/D	-0.638	8.028	0
native_system/queue/running_reg/C	native_system/queue/queue_reg[2][1430]/CE	-0.638	7.925	4
native_system/queue/running_reg/C	native_system/queue/queue_reg[2][1464]/CE	-0.638	7.925	4
native_system/queue/running_reg/C	native_system/queue/queue_reg[2][1606]/CE	-0.638	7.925	4
native_system/queue/running_reg/C	native_system/queue/queue_reg[2][1654]/CE	-0.638	7.925	4
native_system/queue/running_reg/C	native_system/queue/queue_reg[2][1896]/CE	-0.638	7.925	4
native_system/queue/running_reg/C	native_system/queue/queue_reg[2][629]/CE	-0.638	7.925	4
native_system/queue/running_reg/C	native_system/queue/queue_reg[2][660]/CE	-0.638	7.925	4
native_system/queue/running_reg/C	native_system/queue/queue_reg[2][809]/CE	-0.638	7.925	4
native_system/queue/running_reg/C	native_system/queue/active_reg[1190]/CE	-0.638	7.925	3
native_system/queue/running_reg/C	native_system/queue/active_reg[1207]/CE	-0.638	7.925	3
native_system/queue/running_reg/C	native_system/queue/active_reg[1210]/CE	-0.638	7.925	3
native_system/queue/running_reg/C	native_system/queue/active_reg[1414]/CE	-0.638	7.925	3
native_system/queue/running_reg/C	native_system/queue/active_reg[604]/CE	-0.638	7.925	3
native_system/queue/running_reg/C	native_system/queue/active_reg[773]/CE	-0.638	7.925	3
native_system/queue/running_reg/C	native_system/queue/active_reg[845]/CE	-0.638	7.925	3
native_system/queue/running_reg/C	native_system/queue/active_reg[961]/CE	-0.638	7.925	3
native_system/queue/running_reg/C	native_system/queue/active_reg[1278]/CE	-0.638	7.961	3
native_system/digital/master_phase_reg[2]_rep/C	native_system/digital/serial/captured_reg[86]/D	-0.638	8.161	3
native_system/queue/bus_address_reg[4]/C	bridge/s_rdata_reg[24]/D	-0.637	8.158	7
native_system/queue/running_reg/C	native_system/queue/queue_reg[2][1047]/CE	-0.636	7.923	4
native_system/queue/running_reg/C	native_system/queue/queue_reg[2][1178]/CE	-0.636	7.923	4
native_system/queue/running_reg/C	native_system/queue/queue_reg[2][1199]/CE	-0.636	7.923	4
native_system/queue/running_reg/C	native_system/queue/queue_reg[2][1540]/CE	-0.636	7.923	4
native_system/queue/running_reg/C	native_system/queue/queue_reg[2][1590]/CE	-0.636	7.923	4
native_system/queue/running_reg/C	native_system/queue/queue_reg[2][1642]/CE	-0.636	7.923	4
native_system/queue/running_reg/C	native_system/queue/queue_reg[2][616]/CE	-0.636	7.923	4
native_system/queue/running_reg/C	native_system/queue/queue_reg[0][1149]/CE	-0.636	7.959	4
native_system/queue/running_reg/C	native_system/queue/queue_reg[0][1276]/CE	-0.636	7.959	4
native_system/queue/running_reg/C	native_system/queue/active_reg[1272]/CE	-0.635	7.922	3
native_system/queue/running_reg/C	native_system/queue/active_reg[377]/CE	-0.635	7.922	3
native_system/queue/running_reg/C	native_system/queue/active_reg[659]/CE	-0.635	7.922	3
native_system/queue/running_reg/C	native_system/queue/active_reg[675]/CE	-0.635	7.922	3
native_system/queue/running_reg/C	native_system/queue/active_reg[1341]/CE	-0.635	7.922	3
native_system/queue/running_reg/C	native_system/queue/active_reg[1505]/CE	-0.635	7.922	3
native_system/queue/running_reg/C	native_system/queue/active_reg[1513]/CE	-0.635	7.922	3
native_system/queue/running_reg/C	native_system/queue/active_reg[775]/CE	-0.635	7.922	3
native_system/queue/bus_wdata_reg[29]/C	native_system/digital/cfg_reg[10][21]/CE	-0.634	7.957	7
native_system/queue/bus_wdata_reg[29]/C	native_system/digital/cfg_reg[10][22]/CE	-0.634	7.957	7
native_system/queue/bus_wdata_reg[29]/C	native_system/digital/cfg_reg[10][23]/CE	-0.634	7.957	7
native_system/queue/bus_wdata_reg[29]/C	native_system/digital/cfg_reg[10][31]/CE	-0.634	7.957	7
native_system/digital/boundary_reg/C	native_system/digital/bank/active_calibration_reg[27][4]/CE	-0.633	7.919	1
native_system/digital/boundary_reg/C	native_system/digital/bank/active_calibration_reg[27][5]/CE	-0.633	7.919	1
native_system/digital/boundary_reg/C	native_system/digital/bank/active_calibration_reg[27][6]/CE	-0.633	7.919	1
native_system/digital/boundary_reg/C	native_system/digital/bank/active_calibration_reg[27][7]/CE	-0.633	7.919	1
native_system/digital/cfg_reg[21][1]/C	native_system/digital/bank/shadow_calibration_reg[101][0]/CE	-0.632	7.919	1
native_system/digital/cfg_reg[21][1]/C	native_system/digital/bank/shadow_calibration_reg[101][1]/CE	-0.632	7.919	1
native_system/digital/cfg_reg[21][1]/C	native_system/digital/bank/shadow_calibration_reg[101][5]/CE	-0.632	7.919	1
native_system/digital/cfg_reg[21][1]/C	native_system/digital/bank/shadow_requested_reg[101][0]/CE	-0.632	7.919	1
native_system/queue/running_reg/C	native_system/queue/active_reg[1042]/CE	-0.632	7.955	3
native_system/queue/running_reg/C	native_system/queue/active_reg[1117]/CE	-0.632	7.955	3
native_system/queue/running_reg/C	native_system/queue/active_reg[1249]/CE	-0.632	7.955	3
native_system/queue/running_reg/C	native_system/queue/active_reg[1507]/CE	-0.632	7.955	3
native_system/queue/running_reg/C	native_system/queue/queue_reg[2][1146]/CE	-0.631	7.918	4
native_system/digital/cfg_reg[22][7]/C	native_system/digital/bank/shadow_requested_reg[122][7]/D	-0.631	8.022	0
native_system/queue/running_reg/C	native_system/queue/queue_reg[1][1096]/CE	-0.631	7.918	4
native_system/queue/running_reg/C	native_system/queue/queue_reg[1][1151]/CE	-0.631	7.918	4
native_system/queue/running_reg/C	native_system/queue/queue_reg[1][1297]/CE	-0.631	7.918	4
native_system/queue/running_reg/C	native_system/queue/queue_reg[1][1372]/CE	-0.631	7.918	4
native_system/queue/running_reg/C	native_system/queue/queue_reg[1][1696]/CE	-0.631	7.918	4
native_system/queue/running_reg/C	native_system/queue/queue_reg[1][580]/CE	-0.631	7.918	4
native_system/queue/running_reg/C	native_system/queue/queue_reg[1][677]/CE	-0.631	7.918	4
native_system/queue/running_reg/C	native_system/queue/queue_reg[1][932]/CE	-0.631	7.918	4
native_system/digital/reset_sync_reg[1]/C	native_system/digital/bank/shadow_calibration_reg[20][6]/CLR	-0.629	7.760	1
native_system/digital/reset_sync_reg[1]/C	native_system/digital/bank/shadow_calibration_reg[20][7]/CLR	-0.629	7.760	1
native_system/digital/reset_sync_reg[1]/C	native_system/digital/bank/shadow_requested_reg[20][3]/CLR	-0.629	7.760	1
native_system/digital/reset_sync_reg[1]/C	native_system/digital/bank/shadow_requested_reg[20][5]/CLR	-0.629	7.760	1
native_system/queue/running_reg/C	native_system/queue/queue_reg[1][1748]/CE	-0.629	7.916	4
native_system/queue/running_reg/C	native_system/queue/queue_reg[1][1832]/CE	-0.629	7.916	4
native_system/queue/running_reg/C	native_system/queue/queue_reg[1][529]/CE	-0.629	7.916	4
native_system/queue/running_reg/C	native_system/queue/queue_reg[1][544]/CE	-0.629	7.916	4
native_system/queue/running_reg/C	bridge/s_rdata_reg[15]/D	-0.627	8.194	8
native_system/digital/reset_sync_reg[1]/C	native_system/digital/adc/spi/done_reg/CLR	-0.627	7.758	1
native_system/digital/cfg_reg[21][1]/C	native_system/digital/bank/shadow_calibration_reg[101][3]/CE	-0.626	7.913	1
native_system/digital/cfg_reg[21][1]/C	native_system/digital/bank/shadow_requested_reg[101][1]/CE	-0.626	7.913	1
native_system/digital/cfg_reg[21][1]/C	native_system/digital/bank/shadow_requested_reg[101][2]/CE	-0.626	7.913	1
native_system/digital/cfg_reg[21][1]/C	native_system/digital/bank/shadow_requested_reg[101][3]/CE	-0.626	7.913	1
native_system/digital/cfg_reg[22][7]/C	native_system/digital/bank/shadow_requested_reg[94][7]/D	-0.625	8.072	0
native_system/queue/bus_wdata_reg[29]/C	native_system/digital/cfg_reg[3][12]/CE	-0.623	7.910	6
native_system/queue/running_reg/C	native_system/queue/queue_reg[2][1004]/CE	-0.623	7.910	4
native_system/queue/running_reg/C	native_system/queue/queue_reg[0][1042]/CE	-0.621	7.944	4
native_system/queue/running_reg/C	native_system/queue/queue_reg[0][1117]/CE	-0.621	7.944	4
native_system/queue/running_reg/C	native_system/queue/queue_reg[0][1249]/CE	-0.621	7.944	4
native_system/queue/running_reg/C	native_system/queue/queue_reg[0][1294]/CE	-0.621	7.944	4
native_system/queue/running_reg/C	native_system/queue/queue_reg[0][1507]/CE	-0.621	7.944	4
native_system/queue/running_reg/C	native_system/queue/queue_reg[0][1514]/CE	-0.621	7.944	4
native_system/queue/running_reg/C	native_system/queue/queue_reg[0][1616]/CE	-0.621	7.944	4
native_system/queue/running_reg/C	native_system/queue/queue_reg[0][837]/CE	-0.621	7.944	4
native_system/queue/running_reg/C	native_system/queue/queue_reg[1][164]/CE	-0.621	7.908	4
native_system/queue/running_reg/C	native_system/queue/queue_reg[1][299]/CE	-0.621	7.908	4
native_system/queue/running_reg/C	native_system/queue/queue_reg[1][376]/CE	-0.621	7.908	4
native_system/queue/running_reg/C	native_system/queue/queue_reg[1][499]/CE	-0.621	7.908	4
native_system/queue/running_reg/C	native_system/queue/queue_reg[1][599]/CE	-0.621	7.908	4
native_system/queue/running_reg/C	native_system/queue/queue_reg[1][626]/CE	-0.621	7.908	4
native_system/queue/running_reg/C	native_system/queue/queue_reg[1][690]/CE	-0.621	7.908	4
native_system/queue/running_reg/C	native_system/queue/queue_reg[1][714]/CE	-0.621	7.908	4
native_system/queue/running_reg/C	native_system/queue/active_reg[1033]/CE	-0.620	7.943	3
native_system/queue/running_reg/C	native_system/queue/active_reg[1198]/CE	-0.620	7.943	3
native_system/queue/running_reg/C	native_system/queue/active_reg[1518]/CE	-0.620	7.943	3
native_system/queue/running_reg/C	native_system/queue/active_reg[781]/CE	-0.620	7.943	3
native_system/queue/running_reg/C	native_system/queue/active_reg[1026]/CE	-0.619	7.942	3
native_system/queue/running_reg/C	native_system/queue/active_reg[1295]/CE	-0.619	7.942	3
native_system/queue/running_reg/C	native_system/queue/active_reg[441]/CE	-0.619	7.942	3
native_system/queue/running_reg/C	native_system/queue/active_reg[903]/CE	-0.619	7.942	3
native_system/queue/running_reg/C	native_system/queue/queue_reg[1][1225]/CE	-0.619	7.942	4
native_system/queue/running_reg/C	native_system/queue/queue_reg[1][1300]/CE	-0.619	7.942	4
native_system/queue/running_reg/C	native_system/queue/queue_reg[1][2122]/CE	-0.619	7.942	4
native_system/queue/running_reg/C	native_system/queue/queue_reg[1][622]/CE	-0.619	7.942	4
native_system/queue/running_reg/C	native_system/queue/queue_reg[1][637]/CE	-0.619	7.942	4
native_system/queue/running_reg/C	native_system/queue/queue_reg[1][812]/CE	-0.619	7.942	4
native_system/queue/running_reg/C	native_system/queue/queue_reg[1][911]/CE	-0.619	7.942	4
native_system/digital/cfg_reg[21][4]/C	native_system/digital/bank/shadow_calibration_reg[98][7]/CE	-0.619	7.704	1
native_system/digital/cfg_reg[21][1]/C	native_system/digital/bank/shadow_calibration_reg[99][1]/CE	-0.618	7.703	1
native_system/digital/cfg_reg[21][1]/C	native_system/digital/bank/shadow_calibration_reg[99][3]/CE	-0.618	7.703	1
native_system/digital/cfg_reg[21][1]/C	native_system/digital/bank/shadow_requested_reg[99][2]/CE	-0.618	7.703	1
native_system/digital/boundary_reg/C	native_system/digital/bank/active_requested_reg[1][5]/CE	-0.617	7.940	1
native_system/queue/running_reg/C	native_system/queue/queue_reg[3][1342]/CE	-0.617	7.904	4
native_system/queue/running_reg/C	native_system/queue/queue_reg[3][1406]/CE	-0.617	7.904	4
native_system/queue/running_reg/C	native_system/queue/queue_reg[3][1734]/CE	-0.617	7.904	4
native_system/queue/running_reg/C	native_system/queue/queue_reg[3][1766]/CE	-0.617	7.904	4
native_system/queue/running_reg/C	native_system/queue/queue_reg[3][557]/CE	-0.617	7.904	4
native_system/queue/running_reg/C	native_system/queue/queue_reg[3][612]/CE	-0.617	7.904	4
native_system/queue/running_reg/C	native_system/queue/queue_reg[3][698]/CE	-0.617	7.904	4
native_system/queue/running_reg/C	native_system/queue/queue_reg[3][925]/CE	-0.617	7.904	4
native_system/digital/reset_sync_reg[1]/C	native_system/digital/bank/shadow_calibration_reg[24][0]/CLR	-0.616	7.703	1
native_system/digital/reset_sync_reg[1]/C	native_system/digital/bank/shadow_calibration_reg[24][2]/CLR	-0.616	7.703	1
native_system/digital/reset_sync_reg[1]/C	native_system/digital/bank/shadow_calibration_reg[24][3]/CLR	-0.616	7.703	1
native_system/digital/reset_sync_reg[1]/C	native_system/digital/bank/shadow_calibration_reg[24][4]/CLR	-0.616	7.703	1
native_system/digital/reset_sync_reg[1]/C	native_system/digital/bank/shadow_calibration_reg[24][5]/CLR	-0.616	7.703	1
native_system/digital/reset_sync_reg[1]/C	native_system/digital/bank/shadow_calibration_reg[24][7]/CLR	-0.616	7.703	1
native_system/digital/reset_sync_reg[1]/C	native_system/digital/bank/shadow_requested_reg[24][2]/CLR	-0.616	7.703	1
native_system/digital/reset_sync_reg[1]/C	native_system/digital/bank/shadow_requested_reg[24][3]/CLR	-0.616	7.703	1
native_system/digital/cfg_reg[21][4]/C	native_system/digital/bank/shadow_calibration_reg[97][6]/CE	-0.615	7.902	1
native_system/digital/cfg_reg[21][4]/C	native_system/digital/bank/shadow_requested_reg[97][1]/CE	-0.615	7.902	1
native_system/digital/cfg_reg[21][4]/C	native_system/digital/bank/shadow_requested_reg[97][4]/CE	-0.615	7.902	1
native_system/digital/cfg_reg[21][4]/C	native_system/digital/bank/shadow_requested_reg[97][5]/CE	-0.615	7.902	1
native_system/digital/cfg_reg[21][4]/C	native_system/digital/bank/shadow_requested_reg[97][7]/CE	-0.615	7.902	1
native_system/digital/master_phase_reg[0]_rep/C	native_system/digital/serial/captured_reg[65]/D	-0.615	8.188	4
native_system/queue/running_reg/C	native_system/queue/queue_reg[3][1087]/CE	-0.615	7.902	4
native_system/queue/running_reg/C	native_system/queue/queue_reg[3][1710]/CE	-0.615	7.902	4
native_system/queue/running_reg/C	native_system/queue/queue_reg[3][821]/CE	-0.615	7.902	4
native_system/queue/running_reg/C	native_system/queue/queue_reg[3][969]/CE	-0.615	7.902	4
native_system/digital/cfg_reg[22][7]/C	native_system/digital/bank/shadow_requested_reg[97][7]/D	-0.614	8.059	0
native_system/queue/running_reg/C	native_system/queue/active_reg[1075]/CE	-0.613	7.936	3
native_system/queue/running_reg/C	native_system/queue/active_reg[1316]/CE	-0.613	7.936	3
native_system/queue/running_reg/C	native_system/queue/active_reg[1484]/CE	-0.613	7.936	3
native_system/queue/running_reg/C	native_system/queue/active_reg[1672]/CE	-0.613	7.936	3
native_system/queue/bus_wdata_reg[29]/C	native_system/digital/cfg_reg[3][0]/CE	-0.612	7.935	6
native_system/queue/bus_wdata_reg[29]/C	native_system/digital/cfg_reg[3][5]/CE	-0.612	7.935	6
native_system/digital/boundary_reg/C	native_system/digital/bank/active_calibration_reg[8][0]/CE	-0.612	7.935	1
native_system/digital/boundary_reg/C	native_system/digital/bank/active_calibration_reg[8][2]/CE	-0.612	7.935	1
native_system/digital/reset_sync_reg[1]/C	native_system/digital/bank/shadow_requested_reg[24][0]/CLR	-0.611	7.698	1
native_system/digital/reset_sync_reg[1]/C	native_system/digital/bank/shadow_requested_reg[24][1]/CLR	-0.611	7.698	1
native_system/digital/reset_sync_reg[1]/C	native_system/digital/bank/shadow_requested_reg[24][5]/CLR	-0.611	7.698	1
native_system/digital/reset_sync_reg[1]/C	native_system/digital/bank/shadow_requested_reg[24][6]/CLR	-0.611	7.698	1
native_system/digital/reset_sync_reg[1]/C	native_system/digital/bank/shadow_requested_reg[24][7]/CLR	-0.611	7.698	1
native_system/queue/running_reg/C	native_system/queue/queue_reg[2][1036]/CE	-0.611	7.898	4
native_system/queue/running_reg/C	native_system/queue/queue_reg[2][1161]/CE	-0.611	7.898	4
native_system/queue/running_reg/C	native_system/queue/queue_reg[2][1240]/CE	-0.611	7.898	4
native_system/queue/running_reg/C	native_system/queue/queue_reg[2][1379]/CE	-0.611	7.898	4
native_system/queue/running_reg/C	native_system/queue/queue_reg[2][1533]/CE	-0.611	7.898	4
native_system/queue/running_reg/C	native_system/queue/queue_reg[2][553]/CE	-0.611	7.898	4
native_system/queue/running_reg/C	native_system/queue/queue_reg[2][701]/CE	-0.611	7.898	4
native_system/queue/running_reg/C	native_system/queue/queue_reg[2][738]/CE	-0.611	7.898	4
native_system/digital/boundary_reg/C	native_system/digital/bank/active_calibration_reg[18][1]/CE	-0.610	7.933	1
native_system/digital/boundary_reg/C	native_system/digital/bank/active_calibration_reg[18][2]/CE	-0.610	7.933	1
native_system/digital/boundary_reg/C	native_system/digital/bank/active_requested_reg[18][1]/CE	-0.610	7.933	1
native_system/digital/boundary_reg/C	native_system/digital/bank/active_requested_reg[18][3]/CE	-0.610	7.933	1
native_system/digital/boundary_reg/C	native_system/digital/bank/active_calibration_reg[33][1]/CE	-0.610	7.897	1
native_system/digital/boundary_reg/C	native_system/digital/bank/active_calibration_reg[33][3]/CE	-0.610	7.897	1
native_system/digital/boundary_reg/C	native_system/digital/bank/active_requested_reg[33][1]/CE	-0.610	7.897	1
native_system/digital/boundary_reg/C	native_system/digital/bank/active_requested_reg[33][3]/CE	-0.610	7.897	1
native_system/digital/cfg_reg[21][4]/C	native_system/digital/bank/written_reg[122]/D	-0.610	8.133	2
native_system/digital/boundary_reg/C	native_system/digital/bank/active_calibration_reg[33][4]/CE	-0.610	7.933	1
native_system/digital/boundary_reg/C	native_system/digital/bank/active_calibration_reg[33][5]/CE	-0.610	7.933	1
native_system/queue/running_reg/C	native_system/queue/queue_reg[3][1005]/CE	-0.608	7.895	4
native_system/queue/running_reg/C	native_system/queue/queue_reg[3][164]/CE	-0.608	7.895	4
native_system/queue/running_reg/C	native_system/queue/queue_reg[3][2088]/CE	-0.608	7.895	4
native_system/queue/running_reg/C	native_system/queue/queue_reg[3][2110]/CE	-0.608	7.895	4
native_system/queue/running_reg/C	native_system/queue/queue_reg[3][530]/CE	-0.608	7.895	4
native_system/queue/running_reg/C	native_system/queue/queue_reg[3][671]/CE	-0.608	7.895	4
native_system/queue/running_reg/C	native_system/queue/queue_reg[3][699]/CE	-0.608	7.895	4
native_system/queue/running_reg/C	native_system/queue/queue_reg[3][892]/CE	-0.608	7.895	4
native_system/queue/running_reg/C	native_system/queue/queue_reg[3][1086]/CE	-0.608	7.895	4
native_system/queue/running_reg/C	native_system/queue/queue_reg[3][1215]/CE	-0.608	7.895	4
native_system/queue/running_reg/C	native_system/queue/queue_reg[3][1648]/CE	-0.608	7.895	4
native_system/queue/running_reg/C	native_system/queue/queue_reg[3][881]/CE	-0.608	7.895	4
native_system/queue/running_reg/C	native_system/queue/queue_reg[0][384]/CE	-0.605	7.892	4
native_system/queue/running_reg/C	native_system/queue/queue_reg[0][512]/CE	-0.605	7.892	4
native_system/queue/running_reg/C	native_system/queue/queue_reg[0][588]/CE	-0.605	7.892	4
native_system/queue/running_reg/C	native_system/queue/queue_reg[0][963]/CE	-0.605	7.892	4
native_system/queue/bus_wdata_reg[29]/C	native_system/digital/cfg_reg[4][2]/CE	-0.604	7.891	6
native_system/queue/bus_wdata_reg[29]/C	native_system/digital/cfg_reg[4][5]/CE	-0.604	7.891	6
native_system/queue/bus_wdata_reg[29]/C	native_system/digital/cfg_reg[4][6]/CE	-0.604	7.891	6
native_system/queue/bus_wdata_reg[29]/C	native_system/digital/cfg_reg[4][8]/CE	-0.604	7.891	6
native_system/digital/boundary_reg/C	native_system/digital/bank/active_calibration_reg[1][0]/CE	-0.604	7.927	1
native_system/digital/boundary_reg/C	native_system/digital/bank/active_calibration_reg[5][2]/CE	-0.604	7.927	1
native_system/digital/boundary_reg/C	native_system/digital/bank/active_requested_reg[1][0]/CE	-0.604	7.927	1
native_system/digital/boundary_reg/C	native_system/digital/bank/active_calibration_reg[13][0]/CE	-0.603	7.926	1
native_system/digital/boundary_reg/C	native_system/digital/bank/active_calibration_reg[13][4]/CE	-0.603	7.926	1
native_system/digital/boundary_reg/C	native_system/digital/bank/active_requested_reg[13][5]/CE	-0.603	7.926	1
native_system/digital/boundary_reg/C	native_system/digital/bank/active_requested_reg[13][6]/CE	-0.603	7.926	1
native_system/queue/running_reg/C	native_system/queue/active_reg[1034]/CE	-0.602	7.889	3
native_system/queue/running_reg/C	native_system/queue/active_reg[733]/CE	-0.602	7.889	3
native_system/queue/running_reg/C	native_system/queue/active_reg[980]/CE	-0.602	7.889	3
native_system/queue/running_reg/C	native_system/queue/active_reg[813]/CE	-0.602	7.925	3
native_system/queue/running_reg/C	native_system/queue/active_reg[940]/CE	-0.602	7.925	3
native_system/queue/running_reg/C	native_system/queue/queue_reg[0][1083]/CE	-0.601	7.924	4
native_system/queue/running_reg/C	native_system/queue/queue_reg[0][1084]/CE	-0.601	7.924	4
native_system/queue/running_reg/C	native_system/queue/queue_reg[0][1189]/CE	-0.601	7.924	4
native_system/queue/running_reg/C	native_system/queue/queue_reg[0][1211]/CE	-0.601	7.924	4
native_system/queue/running_reg/C	native_system/queue/queue_reg[0][1322]/CE	-0.601	7.924	4
native_system/queue/running_reg/C	native_system/queue/queue_reg[0][1370]/CE	-0.601	7.924	4
native_system/queue/running_reg/C	native_system/queue/queue_reg[0][1498]/CE	-0.601	7.924	4
native_system/queue/running_reg/C	native_system/queue/queue_reg[0][1519]/CE	-0.601	7.924	4
native_system/queue/bus_address_reg[4]/C	bridge/s_rdata_reg[17]/D	-0.601	8.211	7
native_system/queue/running_reg/C	native_system/queue/queue_reg[3][1063]/CE	-0.601	7.888	4
native_system/queue/running_reg/C	native_system/queue/queue_reg[3][1376]/CE	-0.601	7.888	4
native_system/queue/running_reg/C	native_system/queue/queue_reg[3][1639]/CE	-0.601	7.888	4
native_system/queue/running_reg/C	native_system/queue/queue_reg[3][1704]/CE	-0.601	7.888	4
native_system/queue/running_reg/C	native_system/queue/queue_reg[3][2054]/CE	-0.601	7.888	4
native_system/queue/running_reg/C	native_system/queue/queue_reg[3][548]/CE	-0.601	7.888	4
native_system/queue/running_reg/C	native_system/queue/queue_reg[3][756]/CE	-0.601	7.888	4
native_system/queue/running_reg/C	native_system/queue/queue_reg[3][757]/CE	-0.601	7.888	4
native_system/queue/bus_address_reg[4]/C	bridge/s_rdata_reg[6]/D	-0.601	8.122	8
native_system/queue/running_reg/C	native_system/queue/active_reg[1046]/CE	-0.601	7.924	3
native_system/queue/running_reg/C	native_system/queue/active_reg[1133]/CE	-0.601	7.924	3
native_system/queue/running_reg/C	native_system/queue/active_reg[1476]/CE	-0.601	7.924	3
native_system/queue/running_reg/C	native_system/queue/active_reg[833]/CE	-0.601	7.924	3
native_system/queue/running_reg/C	native_system/queue/queue_reg[2][2089]/CE	-0.601	7.888	4
native_system/queue/running_reg/C	native_system/queue/queue_reg[2][301]/CE	-0.601	7.888	4
native_system/queue/running_reg/C	native_system/queue/queue_reg[2][607]/CE	-0.601	7.888	4
native_system/queue/running_reg/C	native_system/queue/queue_reg[2][962]/CE	-0.601	7.888	4
native_system/queue/running_reg/C	bridge/s_rdata_reg[3]/D	-0.600	8.210	7
native_system/queue/running_reg/C	native_system/queue/queue_reg[0][1057]/CE	-0.600	7.887	4
native_system/queue/running_reg/C	native_system/queue/queue_reg[0][1080]/CE	-0.600	7.887	4
native_system/queue/running_reg/C	native_system/queue/queue_reg[0][1134]/CE	-0.600	7.887	4
native_system/queue/running_reg/C	native_system/queue/queue_reg[0][1138]/CE	-0.600	7.887	4
native_system/queue/running_reg/C	native_system/queue/queue_reg[0][1282]/CE	-0.600	7.887	4
native_system/queue/running_reg/C	native_system/queue/queue_reg[0][1549]/CE	-0.600	7.887	4
native_system/queue/running_reg/C	native_system/queue/queue_reg[3][1097]/CE	-0.600	7.887	4
native_system/queue/running_reg/C	native_system/queue/queue_reg[3][1161]/CE	-0.600	7.887	4
native_system/queue/running_reg/C	native_system/queue/queue_reg[3][1167]/CE	-0.600	7.887	4
native_system/queue/running_reg/C	native_system/queue/queue_reg[3][1180]/CE	-0.600	7.887	4
native_system/queue/running_reg/C	native_system/queue/queue_reg[3][1461]/CE	-0.600	7.887	4
native_system/queue/running_reg/C	native_system/queue/queue_reg[3][1521]/CE	-0.600	7.887	4
native_system/queue/running_reg/C	native_system/queue/queue_reg[3][1712]/CE	-0.600	7.887	4
native_system/queue/running_reg/C	native_system/queue/queue_reg[3][735]/CE	-0.600	7.887	4
native_system/digital/boundary_reg/C	native_system/digital/bank/active_calibration_reg[19][0]/CE	-0.599	7.886	1
native_system/digital/boundary_reg/C	native_system/digital/bank/active_calibration_reg[19][5]/CE	-0.599	7.886	1
native_system/digital/boundary_reg/C	native_system/digital/bank/active_requested_reg[19][4]/CE	-0.599	7.886	1
native_system/digital/boundary_reg/C	native_system/digital/bank/active_requested_reg[19][7]/CE	-0.599	7.886	1
native_system/queue/running_reg/C	native_system/queue/queue_reg[1][1066]/CE	-0.597	7.884	4
native_system/queue/running_reg/C	native_system/queue/queue_reg[1][1347]/CE	-0.597	7.884	4
native_system/queue/running_reg/C	native_system/queue/queue_reg[1][1404]/CE	-0.597	7.884	4
native_system/queue/running_reg/C	native_system/queue/queue_reg[1][640]/CE	-0.597	7.884	4
native_system/queue/running_reg/C	native_system/queue/queue_reg[1][697]/CE	-0.597	7.884	4
native_system/queue/running_reg/C	native_system/queue/queue_reg[1][796]/CE	-0.597	7.884	4
native_system/queue/running_reg/C	native_system/queue/queue_reg[1][912]/CE	-0.597	7.884	4
native_system/queue/running_reg/C	native_system/queue/queue_reg[1][1184]/CE	-0.594	7.917	4
native_system/queue/running_reg/C	native_system/queue/queue_reg[1][1320]/CE	-0.594	7.917	4
native_system/queue/running_reg/C	native_system/queue/queue_reg[1][532]/CE	-0.594	7.917	4
native_system/queue/running_reg/C	native_system/queue/queue_reg[0][2127]/CE	-0.594	7.881	4
native_system/queue/running_reg/C	native_system/queue/queue_reg[0][566]/CE	-0.594	7.881	4
native_system/queue/running_reg/C	native_system/queue/queue_reg[0][587]/CE	-0.594	7.881	4
native_system/queue/running_reg/C	native_system/queue/queue_reg[0][763]/CE	-0.594	7.881	4
native_system/digital/cfg_reg[22][0]/C	native_system/digital/bank/shadow_requested_reg[67][0]/D	-0.594	7.981	0
native_system/digital/reset_sync_reg[1]/C	native_system/digital/bank/shadow_calibration_reg[13][4]/CLR	-0.594	7.767	1
native_system/digital/reset_sync_reg[1]/C	native_system/digital/bank/shadow_calibration_reg[13][5]/CLR	-0.594	7.767	1
native_system/digital/reset_sync_reg[1]/C	native_system/digital/bank/shadow_calibration_reg[13][6]/CLR	-0.594	7.767	1
native_system/digital/reset_sync_reg[1]/C	native_system/digital/bank/shadow_requested_reg[13][4]/CLR	-0.594	7.767	1
native_system/queue/running_reg/C	native_system/queue/queue_reg[0][1175]/CE	-0.593	7.880	4
native_system/queue/running_reg/C	native_system/queue/queue_reg[0][1573]/CE	-0.593	7.880	4
native_system/queue/running_reg/C	native_system/queue/queue_reg[0][1654]/CE	-0.593	7.880	4
native_system/queue/running_reg/C	native_system/queue/queue_reg[0][1734]/CE	-0.593	7.880	4
native_system/queue/running_reg/C	native_system/queue/queue_reg[0][1896]/CE	-0.593	7.880	4
native_system/queue/running_reg/C	native_system/queue/queue_reg[0][2046]/CE	-0.593	7.880	4
native_system/queue/running_reg/C	native_system/queue/queue_reg[0][629]/CE	-0.593	7.880	4
native_system/queue/running_reg/C	native_system/queue/queue_reg[0][692]/CE	-0.593	7.880	4
native_system/digital/boundary_reg/C	native_system/digital/bank/active_calibration_reg[12][0]/CE	-0.591	7.878	1
native_system/digital/boundary_reg/C	native_system/digital/bank/active_calibration_reg[12][2]/CE	-0.591	7.878	1
native_system/digital/boundary_reg/C	native_system/digital/bank/active_requested_reg[11][5]/CE	-0.591	7.878	1
native_system/digital/boundary_reg/C	native_system/digital/bank/active_requested_reg[11][7]/CE	-0.591	7.878	1
native_system/queue/running_reg/C	native_system/queue/queue_reg[1][721]/CE	-0.590	7.913	4
native_system/digital/boundary_reg/C	native_system/digital/bank/active_requested_reg[44][0]/CE	-0.589	7.876	1
native_system/digital/boundary_reg/C	native_system/digital/bank/active_requested_reg[44][2]/CE	-0.589	7.876	1
native_system/queue/running_reg/C	native_system/queue/active_reg[1372]/CE	-0.589	7.876	3
native_system/queue/running_reg/C	native_system/queue/active_reg[580]/CE	-0.589	7.876	3
native_system/queue/running_reg/C	native_system/queue/active_reg[677]/CE	-0.589	7.876	3
native_system/queue/running_reg/C	native_system/queue/active_reg[932]/CE	-0.589	7.876	3
native_system/queue/running_reg/C	native_system/queue/queue_reg[2][1716]/CE	-0.588	7.911	4
native_system/queue/running_reg/C	native_system/queue/queue_reg[2][821]/CE	-0.588	7.911	4
native_system/queue/running_reg/C	native_system/queue/queue_reg[2][881]/CE	-0.588	7.911	4
native_system/digital/reset_sync_reg[1]/C	native_system/digital/adc/frame_reg[66]/CLR	-0.588	7.675	1
native_system/digital/cfg_reg[21][4]/C	native_system/digital/bank/shadow_requested_reg[126][3]/CE	-0.587	7.910	1
native_system/digital/reset_sync_reg[1]/C	native_system/digital/scheduler/issued_reg[14]/CLR	-0.587	7.674	1
native_system/digital/reset_sync_reg[1]/C	native_system/digital/scheduler/issued_reg[15]/CLR	-0.587	7.674	1
native_system/digital/reset_sync_reg[1]/C	native_system/digital/scheduler/issued_reg[18]/CLR	-0.587	7.674	1
native_system/digital/reset_sync_reg[1]/C	native_system/digital/scheduler/issued_reg[19]/CLR	-0.587	7.674	1
native_system/digital/reset_sync_reg[1]/C	native_system/digital/scheduler/issued_reg[20]/CLR	-0.587	7.674	1
native_system/digital/reset_sync_reg[1]/C	native_system/digital/scheduler/issued_reg[21]/CLR	-0.587	7.674	1
native_system/queue/running_reg/C	native_system/queue/active_reg[1425]/CE	-0.587	7.910	3
native_system/queue/running_reg/C	native_system/queue/active_reg[409]/CE	-0.587	7.910	3
native_system/queue/running_reg/C	native_system/queue/active_reg[585]/CE	-0.587	7.910	3
native_system/queue/running_reg/C	native_system/queue/active_reg[739]/CE	-0.587	7.910	3
native_system/digital/reset_sync_reg[1]/C	native_system/digital/bank/shadow_calibration_reg[20][1]/CLR	-0.587	7.760	1
native_system/digital/reset_sync_reg[1]/C	native_system/digital/bank/shadow_calibration_reg[20][2]/CLR	-0.587	7.760	1
native_system/digital/reset_sync_reg[1]/C	native_system/digital/bank/shadow_calibration_reg[20][3]/CLR	-0.587	7.760	1
native_system/digital/reset_sync_reg[1]/C	native_system/digital/bank/shadow_calibration_reg[20][5]/CLR	-0.587	7.760	1
native_system/digital/cfg_reg[21][1]/C	native_system/digital/bank/shadow_calibration_reg[99][0]/CE	-0.586	7.707	1
native_system/digital/cfg_reg[21][1]/C	native_system/digital/bank/shadow_calibration_reg[99][2]/CE	-0.586	7.707	1
native_system/digital/cfg_reg[21][1]/C	native_system/digital/bank/shadow_calibration_reg[99][6]/CE	-0.586	7.707	1
native_system/digital/cfg_reg[21][1]/C	native_system/digital/bank/shadow_requested_reg[99][5]/CE	-0.586	7.707	1
native_system/queue/running_reg/C	native_system/queue/queue_reg[1][1416]/CE	-0.585	7.872	4
native_system/queue/running_reg/C	native_system/queue/queue_reg[1][1422]/CE	-0.585	7.872	4
native_system/queue/running_reg/C	native_system/queue/queue_reg[1][1637]/CE	-0.585	7.872	4
native_system/queue/running_reg/C	native_system/queue/queue_reg[1][1658]/CE	-0.585	7.872	4
native_system/queue/running_reg/C	native_system/queue/queue_reg[1][1670]/CE	-0.585	7.872	4
native_system/queue/running_reg/C	native_system/queue/queue_reg[1][1700]/CE	-0.585	7.872	4
native_system/queue/running_reg/C	native_system/queue/queue_reg[1][625]/CE	-0.585	7.872	4
native_system/queue/running_reg/C	native_system/queue/queue_reg[1][825]/CE	-0.585	7.872	4
native_system/digital/reset_sync_reg[1]/C	native_system/digital/adc/FSM_sequential_state_reg[0]/CLR	-0.585	7.758	1
native_system/digital/master_phase_reg[1]/C	native_system/digital/serial/serial_data_reg[6]/D	-0.585	8.108	5
native_system/queue/running_reg/C	native_system/queue/queue_reg[2][1487]/CE	-0.585	7.872	4
native_system/queue/running_reg/C	native_system/queue/queue_reg[2][1624]/CE	-0.585	7.872	4
native_system/queue/running_reg/C	native_system/queue/queue_reg[2][1778]/CE	-0.585	7.872	4
native_system/queue/running_reg/C	native_system/queue/queue_reg[2][2152]/CE	-0.585	7.872	4
native_system/queue/running_reg/C	native_system/queue/queue_reg[2][676]/CE	-0.585	7.872	4
native_system/queue/running_reg/C	native_system/queue/queue_reg[2][692]/CE	-0.585	7.872	4
native_system/queue/running_reg/C	native_system/queue/queue_reg[2][757]/CE	-0.585	7.872	4
native_system/queue/running_reg/C	native_system/queue/queue_reg[2][777]/CE	-0.585	7.872	4
native_system/queue/running_reg/C	native_system/queue/active_reg[1153]/CE	-0.584	7.907	3
native_system/queue/running_reg/C	native_system/queue/active_reg[1252]/CE	-0.584	7.907	3
native_system/queue/running_reg/C	native_system/queue/active_reg[1335]/CE	-0.584	7.907	3
native_system/queue/running_reg/C	native_system/queue/active_reg[1533]/CE	-0.584	7.907	3
native_system/queue/running_reg/C	native_system/queue/queue_reg[2][1063]/CE	-0.583	7.870	4
native_system/queue/running_reg/C	native_system/queue/queue_reg[2][1127]/CE	-0.583	7.870	4
native_system/queue/running_reg/C	native_system/queue/queue_reg[2][1215]/CE	-0.583	7.870	4
native_system/queue/running_reg/C	native_system/queue/queue_reg[2][1271]/CE	-0.583	7.870	4
native_system/queue/running_reg/C	native_system/queue/queue_reg[2][1470]/CE	-0.583	7.870	4
native_system/queue/running_reg/C	native_system/queue/queue_reg[2][1572]/CE	-0.583	7.870	4
native_system/queue/running_reg/C	native_system/queue/queue_reg[2][1670]/CE	-0.583	7.870	4
native_system/queue/running_reg/C	native_system/queue/queue_reg[2][1700]/CE	-0.583	7.870	4
native_system/queue/running_reg/C	native_system/queue/queue_reg[3][2089]/CE	-0.582	7.905	4
native_system/queue/running_reg/C	native_system/queue/queue_reg[3][2159]/CE	-0.582	7.905	4
native_system/queue/running_reg/C	native_system/queue/queue_reg[3][280]/CE	-0.582	7.905	4
native_system/queue/running_reg/C	native_system/queue/queue_reg[3][301]/CE	-0.582	7.905	4
native_system/queue/running_reg/C	native_system/queue/queue_reg[3][417]/CE	-0.582	7.905	4
native_system/queue/running_reg/C	native_system/queue/queue_reg[3][607]/CE	-0.582	7.905	4
native_system/queue/running_reg/C	native_system/queue/queue_reg[3][750]/CE	-0.582	7.905	4
native_system/queue/running_reg/C	native_system/queue/queue_reg[3][962]/CE	-0.582	7.905	4
native_system/queue/running_reg/C	native_system/queue/queue_reg[2][1594]/CE	-0.582	7.869	4
native_system/queue/running_reg/C	native_system/queue/queue_reg[2][1876]/CE	-0.582	7.869	4
native_system/queue/running_reg/C	native_system/queue/queue_reg[2][1966]/CE	-0.582	7.869	4
native_system/queue/running_reg/C	native_system/queue/queue_reg[2][1982]/CE	-0.582	7.869	4
native_system/queue/running_reg/C	native_system/queue/queue_reg[2][2039]/CE	-0.582	7.869	4
native_system/queue/running_reg/C	native_system/queue/queue_reg[2][2149]/CE	-0.582	7.869	4
native_system/queue/running_reg/C	native_system/queue/queue_reg[2][573]/CE	-0.582	7.869	4
native_system/queue/running_reg/C	native_system/queue/queue_reg[2][853]/CE	-0.582	7.869	4
native_system/queue/running_reg/C	native_system/queue/queue_reg[3][1404]/CE	-0.581	7.904	4
native_system/queue/running_reg/C	native_system/queue/queue_reg[3][609]/CE	-0.581	7.904	4
native_system/queue/running_reg/C	native_system/queue/queue_reg[3][860]/CE	-0.581	7.904	4
native_system/queue/running_reg/C	native_system/queue/queue_reg[1][1005]/CE	-0.580	7.903	4
native_system/queue/running_reg/C	native_system/queue/queue_reg[1][2088]/CE	-0.580	7.903	4
native_system/queue/running_reg/C	native_system/queue/queue_reg[1][475]/CE	-0.580	7.903	4
native_system/queue/running_reg/C	native_system/queue/queue_reg[1][530]/CE	-0.580	7.903	4
native_system/queue/running_reg/C	native_system/queue/queue_reg[1][666]/CE	-0.580	7.903	4
native_system/queue/running_reg/C	native_system/queue/queue_reg[1][671]/CE	-0.580	7.903	4
native_system/queue/running_reg/C	native_system/queue/queue_reg[1][892]/CE	-0.580	7.903	4
native_system/queue/running_reg/C	native_system/queue/queue_reg[0][1004]/CE	-0.580	7.903	4
native_system/digital/cfg_reg[21][4]/C	native_system/digital/bank/shadow_calibration_reg[100][1]/CE	-0.579	7.866	1
native_system/digital/cfg_reg[21][4]/C	native_system/digital/bank/shadow_requested_reg[100][2]/CE	-0.579	7.866	1
native_system/digital/cfg_reg[21][4]/C	native_system/digital/bank/shadow_requested_reg[100][7]/CE	-0.579	7.866	1
native_system/queue/running_reg/C	native_system/queue/queue_reg[1][897]/CE	-0.579	7.866	4
native_system/queue/running_reg/C	native_system/queue/active_reg[1107]/CE	-0.579	7.866	3
native_system/queue/running_reg/C	native_system/queue/active_reg[1302]/CE	-0.579	7.866	3
native_system/queue/running_reg/C	native_system/queue/active_reg[1788]/CE	-0.579	7.866	3
native_system/queue/running_reg/C	native_system/queue/queue_reg[3][340]/CE	-0.578	7.865	4
native_system/queue/running_reg/C	native_system/queue/queue_reg[3][355]/CE	-0.578	7.865	4
native_system/digital/reset_sync_reg[1]/C	native_system/digital/scheduler/state_reg[2]/CLR	-0.578	7.665	1
native_system/queue/running_reg/C	native_system/queue/queue_reg[3][680]/CE	-0.578	7.865	4
native_system/queue/running_reg/C	native_system/queue/queue_reg[3][771]/CE	-0.578	7.865	4
native_system/queue/running_reg/C	native_system/queue/queue_reg[3][905]/CE	-0.578	7.865	4
native_system/queue/running_reg/C	native_system/queue/queue_reg[2][1560]/CE	-0.576	7.863	4
native_system/queue/running_reg/C	native_system/queue/queue_reg[2][440]/CE	-0.576	7.863	4
native_system/queue/running_reg/C	native_system/queue/queue_reg[2][608]/CE	-0.576	7.863	4
native_system/queue/running_reg/C	native_system/queue/queue_reg[2][661]/CE	-0.576	7.863	4
native_system/queue/running_reg/C	native_system/queue/queue_reg[2][721]/CE	-0.576	7.863	4
native_system/queue/running_reg/C	native_system/queue/queue_reg[2][873]/CE	-0.576	7.863	4
native_system/queue/running_reg/C	native_system/queue/queue_reg[0][1143]/CE	-0.576	7.863	4
native_system/queue/running_reg/C	native_system/queue/queue_reg[1][1701]/CE	-0.575	7.862	4
native_system/queue/running_reg/C	native_system/queue/queue_reg[1][1880]/CE	-0.575	7.862	4
native_system/queue/running_reg/C	native_system/queue/queue_reg[1][1976]/CE	-0.575	7.862	4
native_system/queue/running_reg/C	native_system/queue/queue_reg[1][2036]/CE	-0.575	7.862	4
native_system/queue/running_reg/C	native_system/queue/queue_reg[1][2054]/CE	-0.575	7.862	4
native_system/queue/running_reg/C	native_system/queue/queue_reg[1][744]/CE	-0.575	7.862	4
native_system/queue/running_reg/C	native_system/queue/queue_reg[1][945]/CE	-0.575	7.862	4
native_system/queue/running_reg/C	native_system/queue/queue_reg[1][981]/CE	-0.575	7.862	4
native_system/queue/rd_reg[0]_rep__16/C	native_system/queue/active_reg[304]/D	-0.575	8.096	1
native_system/queue/bus_wdata_reg[29]/C	native_system/digital/cfg_reg[10][6]/CE	-0.575	7.862	7
native_system/queue/bus_wdata_reg[29]/C	native_system/digital/cfg_reg[10][7]/CE	-0.575	7.862	7
native_system/queue/running_reg/C	native_system/queue/queue_reg[0][1187]/CE	-0.572	7.895	4
native_system/queue/running_reg/C	native_system/queue/queue_reg[0][1560]/CE	-0.572	7.895	4
native_system/queue/running_reg/C	native_system/queue/queue_reg[0][661]/CE	-0.572	7.895	4
native_system/queue/running_reg/C	native_system/queue/queue_reg[2][306]/CE	-0.572	7.859	4
native_system/queue/running_reg/C	native_system/queue/queue_reg[2][507]/CE	-0.572	7.859	4
native_system/queue/running_reg/C	native_system/queue/queue_reg[2][652]/CE	-0.572	7.859	4
native_system/queue/running_reg/C	native_system/queue/queue_reg[1][949]/CE	-0.571	7.894	4
native_system/queue/running_reg/C	native_system/queue/queue_reg[3][1799]/CE	-0.570	7.857	4
native_system/queue/running_reg/C	native_system/queue/queue_reg[3][1952]/CE	-0.570	7.857	4
native_system/queue/running_reg/C	native_system/queue/queue_reg[3][2039]/CE	-0.570	7.857	4
native_system/queue/running_reg/C	native_system/queue/queue_reg[3][2149]/CE	-0.570	7.857	4
native_system/queue/running_reg/C	native_system/queue/queue_reg[3][573]/CE	-0.570	7.857	4
native_system/queue/running_reg/C	native_system/queue/queue_reg[3][853]/CE	-0.570	7.857	4
native_system/queue/running_reg/C	native_system/queue/queue_reg[3][964]/CE	-0.570	7.857	4
native_system/queue/running_reg/C	native_system/queue/queue_reg[3][985]/CE	-0.570	7.857	4
native_system/queue/running_reg/C	native_system/queue/queue_reg[0][1352]/CE	-0.570	7.857	4
native_system/queue/running_reg/C	native_system/queue/queue_reg[0][1540]/CE	-0.570	7.857	4
native_system/queue/running_reg/C	native_system/queue/queue_reg[0][1556]/CE	-0.570	7.857	4
native_system/queue/running_reg/C	native_system/queue/queue_reg[0][1580]/CE	-0.570	7.857	4
native_system/queue/running_reg/C	native_system/queue/queue_reg[0][1714]/CE	-0.570	7.857	4
native_system/queue/running_reg/C	native_system/queue/queue_reg[0][1764]/CE	-0.570	7.857	4
native_system/queue/running_reg/C	native_system/queue/queue_reg[0][616]/CE	-0.570	7.857	4
native_system/queue/running_reg/C	native_system/queue/queue_reg[0][977]/CE	-0.570	7.857	4
native_system/queue/running_reg/C	native_system/queue/active_reg[1079]/CE	-0.570	7.857	3
native_system/queue/running_reg/C	native_system/queue/active_reg[1539]/CE	-0.570	7.857	3
native_system/queue/running_reg/C	native_system/queue/active_reg[1547]/CE	-0.570	7.857	3
native_system/queue/running_reg/C	native_system/queue/active_reg[996]/CE	-0.570	7.857	3
native_system/digital/cfg_reg[22][13]/C	native_system/digital/bank/shadow_calibration_reg[90][5]/D	-0.569	7.968	0
native_system/queue/running_reg/C	native_system/queue/queue_reg[0][112]/CE	-0.569	7.856	4
native_system/queue/running_reg/C	native_system/queue/queue_reg[0][168]/CE	-0.569	7.856	4
native_system/queue/running_reg/C	native_system/queue/queue_reg[0][36]/CE	-0.569	7.856	4
native_system/queue/running_reg/C	native_system/queue/queue_reg[0][571]/CE	-0.569	7.856	4
native_system/queue/running_reg/C	native_system/queue/queue_reg[0][695]/CE	-0.569	7.856	4
native_system/digital/boundary_reg/C	native_system/digital/bank/active_calibration_reg[33][7]/CE	-0.568	7.855	1
native_system/digital/boundary_reg/C	native_system/digital/bank/active_requested_reg[33][4]/CE	-0.568	7.855	1
native_system/digital/boundary_reg/C	native_system/digital/bank/active_requested_reg[33][6]/CE	-0.568	7.855	1
native_system/digital/boundary_reg/C	native_system/digital/bank/active_requested_reg[33][7]/CE	-0.568	7.855	1
native_system/queue/running_reg/C	native_system/queue/queue_reg[2][1176]/CE	-0.568	7.855	4
native_system/queue/running_reg/C	native_system/queue/queue_reg[2][1393]/CE	-0.568	7.855	4
native_system/queue/running_reg/C	native_system/queue/queue_reg[2][1448]/CE	-0.568	7.855	4
native_system/queue/running_reg/C	native_system/queue/queue_reg[2][1512]/CE	-0.568	7.855	4
native_system/queue/running_reg/C	native_system/queue/queue_reg[2][768]/CE	-0.568	7.855	4
native_system/digital/boundary_reg/C	native_system/digital/bank/active_calibration_reg[11][3]/CE	-0.568	7.891	1
native_system/digital/boundary_reg/C	native_system/digital/bank/active_calibration_reg[11][6]/CE	-0.568	7.891	1
native_system/digital/boundary_reg/C	native_system/digital/bank/active_calibration_reg[21][0]/CE	-0.568	7.891	1
native_system/digital/boundary_reg/C	native_system/digital/bank/active_calibration_reg[21][1]/CE	-0.568	7.891	1
native_system/digital/boundary_reg/C	native_system/digital/bank/active_requested_reg[11][4]/CE	-0.568	7.891	1
native_system/digital/boundary_reg/C	native_system/digital/bank/active_requested_reg[11][6]/CE	-0.568	7.891	1
native_system/digital/boundary_reg/C	native_system/digital/bank/active_requested_reg[21][0]/CE	-0.568	7.891	1
native_system/digital/boundary_reg/C	native_system/digital/bank/active_requested_reg[21][1]/CE	-0.568	7.891	1
native_system/queue/running_reg/C	native_system/queue/queue_reg[2][1167]/CE	-0.566	7.889	4
native_system/queue/running_reg/C	native_system/queue/queue_reg[2][1412]/CE	-0.566	7.889	4
native_system/queue/running_reg/C	native_system/queue/queue_reg[2][1790]/CE	-0.566	7.889	4
native_system/queue/running_reg/C	native_system/queue/queue_reg[2][368]/CE	-0.566	7.889	4
native_system/queue/running_reg/C	native_system/queue/queue_reg[2][569]/CE	-0.566	7.889	4
native_system/queue/running_reg/C	native_system/queue/queue_reg[2][579]/CE	-0.566	7.889	4
native_system/queue/running_reg/C	native_system/queue/queue_reg[2][764]/CE	-0.566	7.889	4
native_system/queue/running_reg/C	native_system/queue/queue_reg[2][765]/CE	-0.566	7.889	4
native_system/queue/running_reg/C	native_system/queue/queue_reg[0][1094]/CE	-0.565	7.852	4
native_system/queue/running_reg/C	native_system/queue/queue_reg[0][1158]/CE	-0.565	7.852	4
native_system/queue/running_reg/C	native_system/queue/queue_reg[0][1236]/CE	-0.565	7.852	4
native_system/queue/running_reg/C	native_system/queue/queue_reg[0][1337]/CE	-0.565	7.852	4
native_system/queue/running_reg/C	native_system/queue/queue_reg[0][1427]/CE	-0.565	7.852	4
native_system/queue/running_reg/C	native_system/queue/queue_reg[0][1433]/CE	-0.565	7.852	4
native_system/queue/running_reg/C	native_system/queue/queue_reg[0][1473]/CE	-0.565	7.852	4
native_system/queue/running_reg/C	native_system/queue/queue_reg[0][1530]/CE	-0.565	7.852	4
native_system/queue/running_reg/C	native_system/queue/queue_reg[2][1316]/CE	-0.565	7.852	4
native_system/queue/bus_address_reg[4]/C	bridge/s_rdata_reg[29]/D	-0.565	8.132	7
native_system/queue/running_reg/C	native_system/queue/queue_reg[2][1077]/CE	-0.565	7.888	4
native_system/queue/running_reg/C	native_system/queue/queue_reg[2][1139]/CE	-0.565	7.888	4
native_system/queue/running_reg/C	native_system/queue/queue_reg[2][1200]/CE	-0.565	7.888	4
native_system/queue/running_reg/C	native_system/queue/queue_reg[2][1204]/CE	-0.565	7.888	4
native_system/queue/running_reg/C	native_system/queue/queue_reg[2][1303]/CE	-0.565	7.888	4
native_system/queue/running_reg/C	native_system/queue/queue_reg[2][1434]/CE	-0.565	7.888	4
native_system/queue/running_reg/C	native_system/queue/queue_reg[2][1467]/CE	-0.565	7.888	4
native_system/queue/running_reg/C	native_system/queue/queue_reg[2][1508]/CE	-0.565	7.888	4
native_system/queue/running_reg/C	native_system/queue/queue_reg[0][1716]/CE	-0.563	7.850	4
native_system/queue/running_reg/C	native_system/queue/queue_reg[0][975]/CE	-0.563	7.850	4
native_system/queue/running_reg/C	native_system/queue/queue_reg[2][1032]/CE	-0.563	7.886	4
native_system/queue/running_reg/C	native_system/queue/queue_reg[2][1280]/CE	-0.563	7.886	4
native_system/queue/running_reg/C	native_system/queue/queue_reg[2][1336]/CE	-0.563	7.886	4
native_system/queue/running_reg/C	native_system/queue/queue_reg[2][1710]/CE	-0.563	7.886	4
native_system/queue/running_reg/C	native_system/queue/queue_reg[2][540]/CE	-0.563	7.886	4
native_system/queue/running_reg/C	native_system/queue/queue_reg[0][2089]/CE	-0.563	7.850	4
native_system/queue/running_reg/C	native_system/queue/queue_reg[0][301]/CE	-0.563	7.850	4
native_system/queue/running_reg/C	native_system/queue/queue_reg[0][347]/CE	-0.563	7.850	4
native_system/queue/running_reg/C	native_system/queue/queue_reg[0][607]/CE	-0.563	7.850	4
native_system/queue/running_reg/C	native_system/queue/queue_reg[0][60]/CE	-0.563	7.850	4
native_system/queue/running_reg/C	native_system/queue/queue_reg[0][614]/CE	-0.563	7.850	4
native_system/queue/running_reg/C	native_system/queue/queue_reg[0][962]/CE	-0.563	7.850	4
native_system/queue/running_reg/C	native_system/queue/queue_reg[1][1009]/CE	-0.562	7.849	4
native_system/queue/running_reg/C	native_system/queue/queue_reg[1][1255]/CE	-0.562	7.849	4
native_system/queue/running_reg/C	native_system/queue/queue_reg[1][1562]/CE	-0.562	7.849	4
native_system/queue/running_reg/C	native_system/queue/queue_reg[1][1624]/CE	-0.562	7.849	4
native_system/queue/running_reg/C	native_system/queue/queue_reg[1][1778]/CE	-0.562	7.849	4
native_system/queue/running_reg/C	native_system/queue/queue_reg[1][698]/CE	-0.562	7.849	4
native_system/queue/running_reg/C	native_system/queue/queue_reg[1][757]/CE	-0.562	7.849	4
native_system/queue/running_reg/C	native_system/queue/queue_reg[1][900]/CE	-0.562	7.849	4
native_system/digital/master_phase_reg[2]_rep/C	native_system/digital/serial/captured_reg[105]/D	-0.562	8.085	4
native_system/queue/running_reg/C	native_system/queue/queue_reg[0][283]/CE	-0.562	7.885	4
native_system/queue/running_reg/C	native_system/queue/queue_reg[0][339]/CE	-0.562	7.885	4
native_system/queue/running_reg/C	native_system/queue/queue_reg[0][379]/CE	-0.562	7.885	4
native_system/queue/running_reg/C	native_system/queue/queue_reg[0][411]/CE	-0.562	7.885	4
native_system/queue/running_reg/C	native_system/queue/queue_reg[0][465]/CE	-0.562	7.885	4
native_system/queue/running_reg/C	native_system/queue/queue_reg[3][1540]/CE	-0.561	7.884	4
native_system/queue/running_reg/C	native_system/queue/queue_reg[3][1567]/CE	-0.561	7.884	4
native_system/queue/running_reg/C	native_system/queue/queue_reg[3][1614]/CE	-0.561	7.884	4
native_system/queue/running_reg/C	native_system/queue/queue_reg[3][1756]/CE	-0.561	7.884	4
native_system/queue/running_reg/C	native_system/queue/queue_reg[3][1801]/CE	-0.561	7.884	4
native_system/queue/running_reg/C	native_system/queue/queue_reg[3][2030]/CE	-0.561	7.884	4
native_system/queue/running_reg/C	native_system/queue/queue_reg[3][923]/CE	-0.561	7.884	4
native_system/queue/running_reg/C	native_system/queue/queue_reg[2][384]/CE	-0.560	7.847	4
native_system/queue/running_reg/C	native_system/queue/queue_reg[2][512]/CE	-0.560	7.847	4
native_system/queue/running_reg/C	native_system/queue/queue_reg[2][515]/CE	-0.560	7.847	4
native_system/queue/running_reg/C	native_system/queue/queue_reg[2][588]/CE	-0.560	7.847	4
native_system/queue/running_reg/C	native_system/queue/queue_reg[2][647]/CE	-0.560	7.847	4
native_system/queue/running_reg/C	native_system/queue/queue_reg[2][663]/CE	-0.560	7.847	4
native_system/queue/running_reg/C	native_system/queue/queue_reg[2][754]/CE	-0.560	7.847	4
native_system/queue/running_reg/C	native_system/queue/queue_reg[2][963]/CE	-0.560	7.847	4
native_system/queue/running_reg/C	native_system/queue/queue_reg[3][1143]/CE	-0.560	7.883	4
native_system/queue/running_reg/C	native_system/queue/queue_reg[3][1250]/CE	-0.560	7.883	4
native_system/queue/running_reg/C	native_system/queue/queue_reg[3][772]/CE	-0.560	7.883	4
native_system/queue/running_reg/C	native_system/queue/queue_reg[3][820]/CE	-0.560	7.883	4
native_system/queue/running_reg/C	native_system/queue/queue_reg[3][100]/CE	-0.560	7.847	4
native_system/queue/running_reg/C	native_system/queue/queue_reg[3][20]/CE	-0.560	7.847	4
native_system/queue/running_reg/C	native_system/queue/queue_reg[3][217]/CE	-0.560	7.847	4
native_system/queue/running_reg/C	native_system/queue/queue_reg[3][376]/CE	-0.560	7.847	4
native_system/queue/running_reg/C	native_system/queue/queue_reg[3][456]/CE	-0.560	7.847	4
native_system/queue/running_reg/C	native_system/queue/queue_reg[3][520]/CE	-0.560	7.847	4
native_system/queue/running_reg/C	native_system/queue/queue_reg[3][687]/CE	-0.560	7.847	4
native_system/queue/running_reg/C	native_system/queue/queue_reg[3][690]/CE	-0.560	7.847	4
native_system/queue/running_reg/C	native_system/queue/queue_reg[3][714]/CE	-0.560	7.847	4
native_system/queue/running_reg/C	native_system/queue/queue_reg[3][1047]/CE	-0.559	7.846	4
native_system/queue/running_reg/C	native_system/queue/queue_reg[3][1183]/CE	-0.559	7.846	4
native_system/queue/running_reg/C	native_system/queue/queue_reg[3][1800]/CE	-0.559	7.846	4
native_system/queue/running_reg/C	native_system/queue/queue_reg[3][785]/CE	-0.559	7.846	4
native_system/queue/running_reg/C	native_system/queue/queue_reg[3][904]/CE	-0.559	7.846	4
native_system/digital/master_phase_reg[0]_rep/C	native_system/digital/serial/captured_reg[95]/D	-0.559	8.004	4
native_system/queue/running_reg/C	native_system/queue/queue_reg[2][1274]/CE	-0.559	7.846	4
native_system/queue/running_reg/C	native_system/queue/queue_reg[1][100]/CE	-0.558	7.881	4
native_system/queue/running_reg/C	native_system/queue/queue_reg[1][20]/CE	-0.558	7.881	4
native_system/queue/running_reg/C	native_system/queue/queue_reg[1][217]/CE	-0.558	7.881	4
native_system/queue/running_reg/C	native_system/queue/queue_reg[1][315]/CE	-0.558	7.881	4
native_system/queue/running_reg/C	native_system/queue/queue_reg[1][419]/CE	-0.558	7.881	4
native_system/queue/running_reg/C	native_system/queue/queue_reg[1][456]/CE	-0.558	7.881	4
native_system/queue/running_reg/C	native_system/queue/queue_reg[1][520]/CE	-0.558	7.881	4
native_system/queue/running_reg/C	native_system/queue/queue_reg[1][687]/CE	-0.558	7.881	4
native_system/queue/rd_reg[0]_rep__16/C	native_system/queue/active_reg[409]/D	-0.558	8.131	1
native_system/queue/running_reg/C	native_system/queue/queue_reg[0][1030]/CE	-0.557	7.844	4
native_system/queue/running_reg/C	native_system/queue/queue_reg[0][1160]/CE	-0.557	7.844	4
native_system/queue/running_reg/C	native_system/queue/queue_reg[0][1225]/CE	-0.557	7.844	4
native_system/queue/running_reg/C	native_system/queue/queue_reg[0][1300]/CE	-0.557	7.844	4
native_system/queue/running_reg/C	native_system/queue/queue_reg[0][1361]/CE	-0.557	7.844	4
native_system/queue/running_reg/C	native_system/queue/queue_reg[0][637]/CE	-0.557	7.844	4
native_system/queue/running_reg/C	native_system/queue/queue_reg[0][911]/CE	-0.557	7.844	4
native_system/queue/running_reg/C	native_system/queue/queue_reg[0][936]/CE	-0.557	7.844	4
native_system/queue/running_reg/C	native_system/queue/active_reg[1532]/CE	-0.557	7.844	3
native_system/queue/running_reg/C	native_system/queue/active_reg[828]/CE	-0.557	7.844	3
native_system/queue/running_reg/C	native_system/queue/active_reg[869]/CE	-0.557	7.844	3
native_system/queue/running_reg/C	native_system/queue/active_reg[997]/CE	-0.557	7.844	3
native_system/digital/cfg_reg[22][10]/C	native_system/digital/bank/shadow_calibration_reg[51][2]/D	-0.557	8.018	0
native_system/queue/running_reg/C	native_system/queue/queue_reg[1][1406]/CE	-0.557	7.844	4
native_system/queue/running_reg/C	native_system/queue/queue_reg[1][1430]/CE	-0.557	7.844	4
native_system/queue/running_reg/C	native_system/queue/queue_reg[1][1464]/CE	-0.557	7.844	4
native_system/queue/running_reg/C	native_system/queue/queue_reg[1][1556]/CE	-0.557	7.844	4
native_system/queue/running_reg/C	native_system/queue/queue_reg[1][1766]/CE	-0.557	7.844	4
native_system/queue/running_reg/C	native_system/queue/queue_reg[1][660]/CE	-0.557	7.844	4
native_system/queue/running_reg/C	native_system/queue/queue_reg[1][749]/CE	-0.557	7.844	4
native_system/queue/running_reg/C	native_system/queue/queue_reg[1][809]/CE	-0.557	7.844	4
native_system/digital/cfg_reg[22][2]/C	native_system/digital/bank/shadow_requested_reg[59][2]/D	-0.556	8.017	0
native_system/digital/master_phase_reg[4]/C	native_system/digital/serial/captured_reg[93]/D	-0.555	8.078	3
native_system/queue/running_reg/C	native_system/queue/queue_reg[0][164]/CE	-0.555	7.842	4
native_system/queue/running_reg/C	native_system/queue/queue_reg[0][20]/CE	-0.555	7.842	4
native_system/queue/running_reg/C	native_system/queue/queue_reg[0][217]/CE	-0.555	7.842	4
native_system/queue/running_reg/C	native_system/queue/queue_reg[0][299]/CE	-0.555	7.842	4
native_system/queue/running_reg/C	native_system/queue/queue_reg[0][376]/CE	-0.555	7.842	4
native_system/queue/running_reg/C	native_system/queue/queue_reg[0][499]/CE	-0.555	7.842	4
native_system/queue/running_reg/C	native_system/queue/queue_reg[0][626]/CE	-0.555	7.842	4
native_system/queue/running_reg/C	native_system/queue/queue_reg[0][714]/CE	-0.555	7.842	4
native_system/queue/running_reg/C	native_system/queue/queue_reg[0][2075]/CE	-0.555	7.878	4
native_system/queue/running_reg/C	native_system/queue/queue_reg[0][303]/CE	-0.555	7.878	4
native_system/queue/running_reg/C	native_system/queue/queue_reg[0][351]/CE	-0.555	7.878	4
native_system/queue/running_reg/C	native_system/queue/queue_reg[0][651]/CE	-0.555	7.878	4
native_system/queue/running_reg/C	native_system/queue/queue_reg[0][1269]/CE	-0.554	7.841	4
native_system/queue/running_reg/C	native_system/queue/queue_reg[0][1309]/CE	-0.554	7.841	4
native_system/queue/running_reg/C	native_system/queue/queue_reg[0][1367]/CE	-0.554	7.841	4
native_system/queue/running_reg/C	native_system/queue/queue_reg[0][1378]/CE	-0.554	7.841	4
native_system/digital/cfg_reg[21][4]/C	native_system/digital/bank/shadow_calibration_reg[125][0]/CE	-0.554	7.633	1
native_system/digital/cfg_reg[21][4]/C	native_system/digital/bank/shadow_calibration_reg[125][3]/CE	-0.554	7.633	1
native_system/digital/cfg_reg[21][4]/C	native_system/digital/bank/shadow_calibration_reg[125][5]/CE	-0.554	7.633	1
native_system/digital/cfg_reg[21][4]/C	native_system/digital/bank/shadow_calibration_reg[125][6]/CE	-0.554	7.633	1
native_system/digital/cfg_reg[21][4]/C	native_system/digital/bank/shadow_requested_reg[125][4]/CE	-0.554	7.633	1
native_system/digital/cfg_reg[21][4]/C	native_system/digital/bank/shadow_requested_reg[125][5]/CE	-0.554	7.633	1
native_system/digital/cfg_reg[21][4]/C	native_system/digital/bank/shadow_requested_reg[125][6]/CE	-0.554	7.633	1
native_system/digital/cfg_reg[21][4]/C	native_system/digital/bank/shadow_requested_reg[125][7]/CE	-0.554	7.633	1
native_system/queue/running_reg/C	native_system/queue/queue_reg[2][1112]/CE	-0.554	7.841	4
native_system/queue/running_reg/C	native_system/queue/queue_reg[2][1155]/CE	-0.554	7.841	4
native_system/queue/running_reg/C	native_system/queue/queue_reg[2][1187]/CE	-0.554	7.841	4
native_system/queue/running_reg/C	native_system/queue/queue_reg[2][575]/CE	-0.554	7.841	4
native_system/queue/running_reg/C	native_system/queue/queue_reg[2][618]/CE	-0.554	7.841	4
native_system/queue/running_reg/C	native_system/queue/queue_reg[2][712]/CE	-0.554	7.841	4
native_system/queue/running_reg/C	native_system/queue/queue_reg[2][929]/CE	-0.554	7.841	4
native_system/digital/master_phase_reg[1]_rep/C	native_system/digital/serial/serial_data_reg[21]/D	-0.554	8.077	4
native_system/queue/running_reg/C	native_system/queue/queue_reg[2][2136]/CE	-0.553	7.840	4
native_system/queue/running_reg/C	native_system/queue/queue_reg[2][504]/CE	-0.553	7.840	4
native_system/queue/running_reg/C	native_system/queue/queue_reg[2][519]/CE	-0.553	7.840	4
native_system/queue/running_reg/C	native_system/queue/queue_reg[2][574]/CE	-0.553	7.840	4
native_system/queue/running_reg/C	native_system/queue/queue_reg[2][603]/CE	-0.553	7.840	4
native_system/queue/running_reg/C	native_system/queue/active_reg[1214]/CE	-0.552	7.839	3
native_system/queue/running_reg/C	native_system/queue/active_reg[1494]/CE	-0.552	7.839	3
native_system/queue/running_reg/C	native_system/queue/queue_reg[1][1279]/CE	-0.552	7.839	4
native_system/queue/running_reg/C	native_system/queue/queue_reg[1][1448]/CE	-0.552	7.839	4
native_system/queue/running_reg/C	native_system/queue/queue_reg[0][1358]/CE	-0.552	7.839	4
native_system/queue/running_reg/C	native_system/queue/queue_reg[0][1366]/CE	-0.552	7.839	4
native_system/queue/running_reg/C	native_system/queue/queue_reg[0][1575]/CE	-0.552	7.839	4
native_system/queue/running_reg/C	native_system/queue/queue_reg[0][1623]/CE	-0.552	7.839	4
native_system/queue/running_reg/C	native_system/queue/queue_reg[0][1992]/CE	-0.552	7.839	4
native_system/queue/running_reg/C	native_system/queue/queue_reg[0][2000]/CE	-0.552	7.839	4
native_system/queue/running_reg/C	native_system/queue/queue_reg[0][561]/CE	-0.552	7.839	4
native_system/queue/running_reg/C	native_system/queue/queue_reg[0][724]/CE	-0.552	7.839	4
native_system/digital/cfg_reg[10][0]/C	native_system/digital/scheduler/total_reg[28]/CE	-0.551	7.874	13
native_system/digital/cfg_reg[10][0]/C	native_system/digital/scheduler/total_reg[29]/CE	-0.551	7.874	13
native_system/digital/cfg_reg[10][0]/C	native_system/digital/scheduler/total_reg[30]/CE	-0.551	7.874	13
native_system/queue/running_reg/C	native_system/queue/queue_reg[3][212]/CE	-0.549	7.836	4
native_system/queue/running_reg/C	native_system/queue/queue_reg[3][328]/CE	-0.549	7.836	4
native_system/queue/running_reg/C	native_system/queue/queue_reg[3][586]/CE	-0.549	7.836	4
native_system/queue/running_reg/C	native_system/queue/queue_reg[3][611]/CE	-0.549	7.836	4
native_system/queue/running_reg/C	native_system/queue/queue_reg[3][746]/CE	-0.549	7.836	4
native_system/queue/running_reg/C	native_system/queue/queue_reg[3][778]/CE	-0.549	7.836	4
native_system/queue/running_reg/C	native_system/queue/queue_reg[3][864]/CE	-0.549	7.836	4
native_system/queue/running_reg/C	native_system/queue/queue_reg[3][944]/CE	-0.549	7.836	4
native_system/queue/running_reg/C	native_system/queue/queue_reg[0][156]/CE	-0.549	7.836	4
native_system/queue/running_reg/C	native_system/queue/queue_reg[0][240]/CE	-0.549	7.836	4
native_system/queue/running_reg/C	native_system/queue/queue_reg[0][293]/CE	-0.549	7.836	4
native_system/queue/running_reg/C	native_system/queue/queue_reg[0][444]/CE	-0.549	7.836	4
native_system/queue/running_reg/C	native_system/queue/queue_reg[0][594]/CE	-0.549	7.836	4
native_system/queue/running_reg/C	native_system/queue/queue_reg[0][639]/CE	-0.549	7.836	4
native_system/queue/running_reg/C	native_system/queue/queue_reg[0][708]/CE	-0.549	7.836	4
native_system/queue/running_reg/C	native_system/queue/queue_reg[0][722]/CE	-0.549	7.836	4
native_system/queue/running_reg/C	native_system/queue/queue_reg[1][1534]/CE	-0.549	7.836	4
native_system/queue/running_reg/C	native_system/queue/queue_reg[1][1573]/CE	-0.549	7.836	4
native_system/queue/running_reg/C	native_system/queue/queue_reg[1][1606]/CE	-0.549	7.836	4
native_system/queue/running_reg/C	native_system/queue/queue_reg[1][1654]/CE	-0.549	7.836	4
native_system/queue/running_reg/C	native_system/queue/queue_reg[1][1754]/CE	-0.549	7.836	4
native_system/queue/running_reg/C	native_system/queue/queue_reg[1][1896]/CE	-0.549	7.836	4
native_system/queue/running_reg/C	native_system/queue/queue_reg[1][629]/CE	-0.549	7.836	4
native_system/queue/running_reg/C	native_system/queue/queue_reg[1][692]/CE	-0.549	7.836	4
native_system/queue/running_reg/C	native_system/queue/queue_reg[0][2124]/CE	-0.548	7.835	4
native_system/queue/running_reg/C	native_system/queue/queue_reg[0][2155]/CE	-0.548	7.835	4
native_system/queue/running_reg/C	native_system/queue/queue_reg[0][2159]/CE	-0.548	7.835	4
native_system/queue/running_reg/C	native_system/queue/queue_reg[0][280]/CE	-0.548	7.835	4
native_system/queue/running_reg/C	native_system/queue/queue_reg[0][417]/CE	-0.548	7.835	4
native_system/queue/running_reg/C	native_system/queue/queue_reg[0][715]/CE	-0.548	7.835	4
native_system/queue/running_reg/C	native_system/queue/queue_reg[0][750]/CE	-0.548	7.835	4
native_system/queue/running_reg/C	native_system/queue/queue_reg[0][910]/CE	-0.548	7.835	4
native_system/queue/running_reg/C	native_system/queue/queue_reg[0][346]/CE	-0.548	7.835	4
native_system/queue/running_reg/C	native_system/queue/queue_reg[0][392]/CE	-0.548	7.835	4
native_system/queue/running_reg/C	native_system/queue/queue_reg[0][40]/CE	-0.548	7.835	4
native_system/queue/running_reg/C	native_system/queue/queue_reg[0][452]/CE	-0.548	7.835	4
native_system/queue/running_reg/C	native_system/queue/queue_reg[0][493]/CE	-0.548	7.835	4
native_system/queue/running_reg/C	native_system/queue/queue_reg[0][521]/CE	-0.548	7.835	4
native_system/queue/running_reg/C	native_system/queue/queue_reg[3][1470]/CE	-0.548	7.835	4
native_system/queue/running_reg/C	native_system/queue/queue_reg[2][1037]/CE	-0.547	7.834	4
native_system/queue/running_reg/C	native_system/queue/queue_reg[2][1219]/CE	-0.547	7.834	4
native_system/queue/running_reg/C	native_system/queue/queue_reg[2][2122]/CE	-0.547	7.834	4
native_system/queue/running_reg/C	native_system/queue/queue_reg[2][551]/CE	-0.547	7.834	4
native_system/queue/running_reg/C	native_system/queue/active_reg[320]/CE	-0.547	7.834	3
native_system/queue/running_reg/C	native_system/queue/active_reg[770]/CE	-0.547	7.834	3
native_system/queue/running_reg/C	native_system/queue/active_reg[780]/CE	-0.547	7.834	3
native_system/queue/bus_wdata_reg[29]/C	native_system/digital/cfg_reg[4][3]/CE	-0.547	7.834	6
native_system/queue/bus_wdata_reg[29]/C	native_system/digital/cfg_reg[4][4]/CE	-0.547	7.834	6
native_system/digital/cfg_reg[22][0]/C	native_system/digital/bank/shadow_requested_reg[57][0]/D	-0.546	7.971	0
native_system/queue/running_reg/C	native_system/queue/queue_reg[2][1009]/CE	-0.546	7.833	4
native_system/queue/running_reg/C	native_system/queue/queue_reg[2][1175]/CE	-0.546	7.833	4
native_system/queue/running_reg/C	native_system/queue/queue_reg[2][1472]/CE	-0.546	7.833	4
native_system/queue/running_reg/C	native_system/queue/queue_reg[2][1573]/CE	-0.546	7.833	4
native_system/queue/running_reg/C	native_system/queue/queue_reg[2][1990]/CE	-0.546	7.833	4
native_system/queue/running_reg/C	native_system/queue/queue_reg[2][2046]/CE	-0.546	7.833	4
native_system/queue/running_reg/C	native_system/queue/queue_reg[2][945]/CE	-0.546	7.833	4
native_system/queue/running_reg/C	native_system/queue/queue_reg[2][968]/CE	-0.546	7.833	4
native_system/digital/master_phase_reg[0]_rep/C	native_system/digital/serial/serial_data_reg[15]/D	-0.545	8.066	5
native_system/queue/running_reg/C	native_system/queue/queue_reg[0][1171]/CE	-0.544	7.831	4
native_system/queue/running_reg/C	native_system/queue/queue_reg[0][933]/CE	-0.544	7.831	4
native_system/digital/reset_sync_reg[1]/C	native_system/digital/scheduler/frame_count_reg[0]/CLR	-0.544	7.675	1
native_system/queue/running_reg/C	native_system/queue/queue_reg[2][311]/CE	-0.543	7.830	4
native_system/queue/running_reg/C	native_system/queue/queue_reg[2][407]/CE	-0.543	7.830	4
native_system/queue/running_reg/C	native_system/queue/queue_reg[0][100]/CE	-0.542	7.865	4
native_system/queue/running_reg/C	native_system/queue/queue_reg[0][104]/CE	-0.542	7.865	4
native_system/queue/running_reg/C	native_system/queue/queue_reg[0][2117]/CE	-0.542	7.865	4
native_system/queue/running_reg/C	native_system/queue/queue_reg[0][538]/CE	-0.542	7.865	4
native_system/queue/running_reg/C	native_system/queue/queue_reg[0][711]/CE	-0.542	7.865	4
native_system/queue/running_reg/C	native_system/queue/queue_reg[1][753]/CE	-0.542	7.829	4
native_system/queue/running_reg/C	native_system/queue/queue_reg[2][340]/CE	-0.542	7.829	4
native_system/queue/running_reg/C	native_system/queue/queue_reg[2][355]/CE	-0.542	7.829	4
native_system/queue/running_reg/C	native_system/queue/queue_reg[2][402]/CE	-0.542	7.829	4
native_system/queue/running_reg/C	native_system/queue/queue_reg[2][468]/CE	-0.542	7.829	4
native_system/queue/running_reg/C	native_system/queue/active_reg[1089]/CE	-0.542	7.865	3
native_system/queue/running_reg/C	native_system/queue/active_reg[1291]/CE	-0.542	7.865	3
native_system/queue/running_reg/C	native_system/queue/active_reg[605]/CE	-0.542	7.865	3
native_system/queue/running_reg/C	native_system/queue/active_reg[805]/CE	-0.542	7.865	3
native_system/queue/running_reg/C	native_system/queue/queue_reg[2][644]/CE	-0.541	7.828	4
native_system/queue/running_reg/C	native_system/queue/queue_reg[1][1063]/CE	-0.540	7.827	4
native_system/queue/running_reg/C	native_system/queue/queue_reg[1][1086]/CE	-0.540	7.827	4
native_system/queue/running_reg/C	native_system/queue/queue_reg[1][1087]/CE	-0.540	7.827	4
native_system/queue/running_reg/C	native_system/queue/queue_reg[1][1398]/CE	-0.540	7.827	4
native_system/queue/running_reg/C	native_system/queue/queue_reg[1][1704]/CE	-0.540	7.827	4
native_system/queue/running_reg/C	native_system/queue/queue_reg[1][548]/CE	-0.540	7.827	4
native_system/queue/running_reg/C	native_system/queue/queue_reg[1][676]/CE	-0.540	7.827	4
native_system/queue/running_reg/C	native_system/queue/queue_reg[1][849]/CE	-0.540	7.827	4
native_system/digital/cfg_reg[21][4]/C	native_system/digital/bank/shadow_calibration_reg[121][6]/CE	-0.539	7.862	1
native_system/digital/cfg_reg[21][4]/C	native_system/digital/bank/shadow_calibration_reg[121][7]/CE	-0.539	7.862	1
native_system/digital/cfg_reg[21][4]/C	native_system/digital/bank/shadow_requested_reg[121][2]/CE	-0.539	7.862	1
native_system/digital/cfg_reg[21][4]/C	native_system/digital/bank/shadow_requested_reg[121][7]/CE	-0.539	7.862	1
native_system/queue/running_reg/C	native_system/queue/queue_reg[0][1074]/CE	-0.538	7.825	4
native_system/queue/running_reg/C	native_system/queue/queue_reg[0][1174]/CE	-0.538	7.825	4
native_system/queue/running_reg/C	native_system/queue/queue_reg[0][1222]/CE	-0.538	7.825	4
native_system/queue/running_reg/C	native_system/queue/queue_reg[0][1353]/CE	-0.538	7.825	4
native_system/queue/running_reg/C	native_system/queue/queue_reg[0][1390]/CE	-0.538	7.825	4
native_system/queue/running_reg/C	native_system/queue/queue_reg[0][1471]/CE	-0.538	7.825	4
native_system/queue/running_reg/C	native_system/queue/queue_reg[0][1527]/CE	-0.538	7.825	4
native_system/queue/running_reg/C	native_system/queue/active_reg[1344]/CE	-0.538	7.861	3
native_system/queue/running_reg/C	native_system/queue/active_reg[1418]/CE	-0.538	7.861	3
native_system/queue/running_reg/C	native_system/queue/active_reg[901]/CE	-0.538	7.861	3
native_system/queue/running_reg/C	native_system/queue/active_reg[973]/CE	-0.538	7.861	3
native_system/queue/running_reg/C	native_system/queue/queue_reg[2][1149]/CE	-0.538	7.861	4
native_system/queue/running_reg/C	native_system/queue/queue_reg[2][1208]/CE	-0.538	7.861	4
native_system/queue/running_reg/C	native_system/queue/queue_reg[2][1276]/CE	-0.538	7.861	4
native_system/queue/running_reg/C	native_system/queue/queue_reg[2][1330]/CE	-0.538	7.861	4
native_system/queue/running_reg/C	native_system/queue/queue_reg[1][1016]/CE	-0.537	7.824	4
native_system/queue/running_reg/C	native_system/queue/queue_reg[1][1153]/CE	-0.537	7.824	4
native_system/queue/running_reg/C	native_system/queue/queue_reg[1][1244]/CE	-0.537	7.824	4
native_system/queue/running_reg/C	native_system/queue/queue_reg[1][1252]/CE	-0.537	7.824	4
native_system/queue/running_reg/C	native_system/queue/queue_reg[1][436]/CE	-0.537	7.824	4
native_system/queue/running_reg/C	native_system/queue/queue_reg[1][669]/CE	-0.537	7.824	4
native_system/queue/running_reg/C	native_system/queue/queue_reg[1][741]/CE	-0.537	7.824	4
native_system/queue/running_reg/C	native_system/queue/queue_reg[1][761]/CE	-0.537	7.824	4
native_system/queue/running_reg/C	native_system/queue/queue_reg[0][340]/CE	-0.537	7.824	4
native_system/queue/running_reg/C	native_system/queue/queue_reg[0][355]/CE	-0.537	7.824	4
native_system/queue/running_reg/C	native_system/queue/queue_reg[0][402]/CE	-0.537	7.824	4
native_system/queue/running_reg/C	native_system/queue/queue_reg[0][466]/CE	-0.537	7.824	4
native_system/queue/running_reg/C	native_system/queue/queue_reg[0][468]/CE	-0.537	7.824	4
native_system/queue/bus_address_reg[4]/C	bridge/s_rdata_reg[26]/D	-0.537	8.058	7
native_system/queue/bus_wdata_reg[29]/C	native_system/digital/bus_error_reg/D	-0.537	8.106	7
native_system/queue/running_reg/C	native_system/queue/queue_reg[0][1374]/CE	-0.536	7.823	4
native_system/queue/running_reg/C	native_system/queue/queue_reg[0][1472]/CE	-0.536	7.823	4
native_system/queue/running_reg/C	native_system/queue/queue_reg[0][1544]/CE	-0.536	7.823	4
native_system/queue/running_reg/C	native_system/queue/queue_reg[0][1558]/CE	-0.536	7.823	4
native_system/queue/running_reg/C	native_system/queue/queue_reg[0][1690]/CE	-0.536	7.823	4
native_system/queue/running_reg/C	native_system/queue/queue_reg[0][1890]/CE	-0.536	7.823	4
native_system/queue/running_reg/C	native_system/queue/queue_reg[0][1919]/CE	-0.536	7.823	4
native_system/queue/running_reg/C	native_system/queue/queue_reg[0][968]/CE	-0.536	7.823	4
native_system/queue/running_reg/C	native_system/queue/queue_reg[3][1336]/CE	-0.536	7.823	4
native_system/queue/running_reg/C	native_system/queue/queue_reg[3][1408]/CE	-0.536	7.823	4
native_system/queue/running_reg/C	native_system/queue/queue_reg[3][1416]/CE	-0.536	7.823	4
native_system/queue/running_reg/C	native_system/queue/queue_reg[3][1422]/CE	-0.536	7.823	4
native_system/queue/running_reg/C	native_system/queue/queue_reg[3][1550]/CE	-0.536	7.823	4
native_system/queue/running_reg/C	native_system/queue/queue_reg[3][1608]/CE	-0.536	7.823	4
native_system/queue/running_reg/C	native_system/queue/queue_reg[3][1646]/CE	-0.536	7.823	4
native_system/queue/running_reg/C	native_system/queue/queue_reg[0][389]/CE	-0.535	7.822	4
native_system/queue/running_reg/C	native_system/queue/queue_reg[0][426]/CE	-0.535	7.822	4
native_system/queue/running_reg/C	native_system/queue/queue_reg[0][433]/CE	-0.535	7.822	4
native_system/queue/running_reg/C	native_system/queue/queue_reg[0][525]/CE	-0.535	7.822	4
native_system/queue/running_reg/C	native_system/queue/queue_reg[0][1047]/CE	-0.535	7.822	4
native_system/queue/running_reg/C	native_system/queue/queue_reg[0][1071]/CE	-0.535	7.822	4
native_system/queue/running_reg/C	native_system/queue/queue_reg[0][1178]/CE	-0.535	7.822	4
native_system/queue/running_reg/C	native_system/queue/queue_reg[0][1642]/CE	-0.535	7.822	4
native_system/queue/running_reg/C	native_system/queue/queue_reg[0][1882]/CE	-0.535	7.822	4
native_system/queue/running_reg/C	native_system/queue/queue_reg[0][2030]/CE	-0.535	7.822	4
native_system/queue/running_reg/C	native_system/queue/queue_reg[0][560]/CE	-0.535	7.822	4
native_system/digital/reset_sync_reg[1]/C	native_system/digital/bank/active_calibration_reg[32][4]/CLR	-0.534	7.621	1
native_system/digital/reset_sync_reg[1]/C	native_system/digital/bank/active_calibration_reg[32][6]/CLR	-0.534	7.621	1
native_system/digital/reset_sync_reg[1]/C	native_system/digital/bank/active_requested_reg[32][4]/CLR	-0.534	7.621	1
native_system/digital/reset_sync_reg[1]/C	native_system/digital/bank/active_requested_reg[32][7]/CLR	-0.534	7.621	1
native_system/queue/running_reg/C	native_system/queue/active_reg[1648]/CE	-0.534	7.857	3
native_system/queue/running_reg/C	native_system/queue/active_reg[568]/CE	-0.534	7.857	3
native_system/queue/running_reg/C	native_system/queue/active_reg[824]/CE	-0.534	7.857	3
native_system/queue/running_reg/C	native_system/queue/active_reg[857]/CE	-0.534	7.857	3
native_system/queue/running_reg/C	native_system/queue/active_reg[1130]/CE	-0.534	7.821	3
native_system/queue/running_reg/C	native_system/queue/active_reg[1568]/CE	-0.534	7.821	3
native_system/queue/running_reg/C	native_system/queue/active_reg[1744]/CE	-0.534	7.821	3
native_system/queue/running_reg/C	native_system/queue/active_reg[953]/CE	-0.534	7.821	3
native_system/queue/running_reg/C	native_system/queue/queue_reg[2][1076]/CE	-0.533	7.856	4
native_system/queue/running_reg/C	native_system/queue/queue_reg[2][1140]/CE	-0.533	7.856	4
native_system/queue/running_reg/C	native_system/queue/queue_reg[2][1266]/CE	-0.533	7.856	4
native_system/queue/running_reg/C	native_system/queue/queue_reg[2][1275]/CE	-0.533	7.856	4
native_system/queue/running_reg/C	native_system/queue/queue_reg[2][1345]/CE	-0.533	7.856	4
native_system/queue/running_reg/C	native_system/queue/queue_reg[2][1357]/CE	-0.533	7.856	4
native_system/queue/running_reg/C	native_system/queue/queue_reg[2][1444]/CE	-0.533	7.856	4
native_system/queue/running_reg/C	native_system/queue/queue_reg[2][1458]/CE	-0.533	7.856	4
native_system/queue/running_reg/C	native_system/queue/active_reg[969]/CE	-0.533	7.820	3
native_system/digital/reset_sync_reg[1]/C	native_system/digital/adc/conversion_age_reg[12]/CLR	-0.532	7.619	1
native_system/digital/reset_sync_reg[1]/C	native_system/digital/adc/conversion_age_reg[13]/CLR	-0.532	7.619	1
native_system/digital/reset_sync_reg[1]/C	native_system/digital/adc/conversion_age_reg[14]/CLR	-0.532	7.619	1
native_system/digital/reset_sync_reg[1]/C	native_system/digital/adc/conversion_age_reg[15]/CLR	-0.532	7.619	1
native_system/queue/running_reg/C	native_system/queue/queue_reg[2][1897]/CE	-0.531	7.818	4
native_system/queue/running_reg/C	native_system/queue/queue_reg[2][678]/CE	-0.531	7.818	4
native_system/queue/running_reg/C	native_system/queue/queue_reg[2][800]/CE	-0.531	7.818	4
native_system/queue/running_reg/C	native_system/queue/queue_reg[2][934]/CE	-0.531	7.818	4
native_system/queue/running_reg/C	native_system/queue/queue_reg[2][1520]/CE	-0.531	7.818	4
native_system/queue/running_reg/C	native_system/queue/queue_reg[2][2146]/CE	-0.531	7.818	4
native_system/queue/running_reg/C	native_system/queue/queue_reg[2][632]/CE	-0.531	7.818	4
native_system/queue/running_reg/C	native_system/queue/queue_reg[2][771]/CE	-0.531	7.818	4
native_system/queue/running_reg/C	native_system/queue/queue_reg[1][384]/CE	-0.531	7.818	4
native_system/queue/running_reg/C	native_system/queue/queue_reg[1][512]/CE	-0.531	7.818	4
native_system/queue/running_reg/C	native_system/queue/queue_reg[1][588]/CE	-0.531	7.818	4
native_system/queue/running_reg/C	native_system/queue/queue_reg[1][963]/CE	-0.531	7.818	4
native_system/digital/boundary_reg/C	native_system/digital/bank/active_calibration_reg[19][3]/CE	-0.531	7.854	1
native_system/digital/boundary_reg/C	native_system/digital/bank/active_calibration_reg[19][7]/CE	-0.531	7.854	1
native_system/digital/boundary_reg/C	native_system/digital/bank/active_requested_reg[19][0]/CE	-0.531	7.854	1
native_system/digital/boundary_reg/C	native_system/digital/bank/active_requested_reg[19][2]/CE	-0.531	7.854	1
native_system/digital/cfg_reg[22][6]/C	native_system/digital/bank/shadow_requested_reg[113][6]/D	-0.530	7.914	0
native_system/digital/reset_sync_reg[1]/C	native_system/digital/adc/count_reg[25]/CLR	-0.530	7.617	1
native_system/digital/reset_sync_reg[1]/C	native_system/digital/adc/count_reg[26]/CLR	-0.530	7.617	1
native_system/digital/reset_sync_reg[1]/C	native_system/digital/adc/count_reg[29]/CLR	-0.530	7.617	1
native_system/digital/reset_sync_reg[1]/C	native_system/digital/adc/count_reg[31]/CLR	-0.530	7.617	1
native_system/queue/running_reg/C	native_system/queue/queue_reg[0][124]/CE	-0.530	7.817	4
native_system/queue/running_reg/C	native_system/queue/queue_reg[0][2094]/CE	-0.530	7.817	4
native_system/queue/running_reg/C	native_system/queue/queue_reg[0][220]/CE	-0.530	7.817	4
native_system/queue/running_reg/C	native_system/queue/queue_reg[0][252]/CE	-0.530	7.817	4
native_system/queue/running_reg/C	native_system/queue/queue_reg[0][28]/CE	-0.530	7.817	4
native_system/queue/running_reg/C	native_system/queue/queue_reg[0][312]/CE	-0.530	7.817	4
native_system/queue/running_reg/C	native_system/queue/queue_reg[0][435]/CE	-0.530	7.817	4
native_system/queue/running_reg/C	native_system/queue/queue_reg[0][1118]/CE	-0.530	7.853	4
native_system/queue/running_reg/C	native_system/queue/queue_reg[0][1324]/CE	-0.530	7.853	4
native_system/queue/running_reg/C	native_system/queue/queue_reg[0][1453]/CE	-0.530	7.853	4
native_system/queue/running_reg/C	native_system/queue/queue_reg[0][1490]/CE	-0.530	7.853	4
native_system/queue/running_reg/C	native_system/queue/active_reg[296]/CE	-0.528	7.815	3
native_system/queue/running_reg/C	native_system/queue/active_reg[489]/CE	-0.528	7.815	3
native_system/queue/running_reg/C	native_system/queue/active_reg[944]/CE	-0.528	7.815	3
native_system/queue/running_reg/C	native_system/queue/queue_reg[0][356]/CE	-0.527	7.850	4
native_system/queue/running_reg/C	native_system/queue/queue_reg[0][420]/CE	-0.527	7.850	4
native_system/queue/running_reg/C	native_system/queue/queue_reg[0][475]/CE	-0.527	7.850	4
native_system/queue/running_reg/C	native_system/queue/queue_reg[0][488]/CE	-0.527	7.850	4
native_system/queue/running_reg/C	native_system/queue/queue_reg[0][515]/CE	-0.527	7.850	4
native_system/queue/running_reg/C	native_system/queue/queue_reg[0][647]/CE	-0.527	7.850	4
native_system/queue/running_reg/C	native_system/queue/queue_reg[0][663]/CE	-0.527	7.850	4
native_system/queue/running_reg/C	native_system/queue/queue_reg[0][754]/CE	-0.527	7.850	4
native_system/queue/running_reg/C	native_system/queue/queue_reg[1][644]/CE	-0.527	7.814	4
native_system/digital/cfg_reg[21][4]/C	native_system/digital/bank/shadow_calibration_reg[88][0]/CE	-0.526	7.849	1
native_system/digital/cfg_reg[21][4]/C	native_system/digital/bank/shadow_calibration_reg[88][6]/CE	-0.526	7.849	1
native_system/digital/cfg_reg[21][4]/C	native_system/digital/bank/shadow_requested_reg[88][5]/CE	-0.526	7.849	1
native_system/queue/running_reg/C	native_system/queue/queue_reg[2][1017]/CE	-0.526	7.813	4
native_system/queue/running_reg/C	native_system/queue/queue_reg[2][1050]/CE	-0.526	7.813	4
native_system/queue/running_reg/C	native_system/queue/queue_reg[2][1406]/CE	-0.526	7.813	4
native_system/queue/running_reg/C	native_system/queue/queue_reg[2][925]/CE	-0.526	7.813	4
native_system/digital/cfg_reg[22][10]/C	native_system/digital/bank/shadow_calibration_reg[42][2]/D	-0.525	7.924	0
native_system/digital/cfg_reg[22][3]/C	native_system/digital/bank/shadow_requested_reg[34][3]/D	-0.525	7.986	0
native_system/queue/running_reg/C	native_system/queue/queue_reg[3][567]/CE	-0.523	7.810	4
native_system/queue/running_reg/C	native_system/queue/queue_reg[3][635]/CE	-0.523	7.810	4
native_system/queue/running_reg/C	native_system/queue/queue_reg[3][718]/CE	-0.523	7.810	4
native_system/queue/running_reg/C	native_system/queue/queue_reg[3][792]/CE	-0.523	7.810	4
native_system/digital/cfg_reg[22][11]/C	native_system/digital/bank/shadow_calibration_reg[96][3]/D	-0.523	7.910	0
native_system/queue/running_reg/C	native_system/queue/active_reg[1193]/CE	-0.523	7.846	3
native_system/queue/running_reg/C	native_system/queue/active_reg[424]/CE	-0.523	7.846	3
native_system/queue/running_reg/C	native_system/queue/active_reg[505]/CE	-0.523	7.846	3
native_system/queue/running_reg/C	native_system/queue/active_reg[829]/CE	-0.523	7.846	3
native_system/digital/cfg_reg[22][3]/C	native_system/digital/bank/shadow_requested_reg[41][3]/D	-0.523	7.948	0
native_system/queue/running_reg/C	native_system/queue/queue_reg[0][101]/CE	-0.522	7.809	4
native_system/queue/running_reg/C	native_system/queue/queue_reg[0][241]/CE	-0.522	7.809	4
native_system/queue/running_reg/C	native_system/queue/queue_reg[0][2168]/CE	-0.522	7.845	4
native_system/queue/running_reg/C	native_system/queue/queue_reg[0][371]/CE	-0.522	7.845	4
native_system/queue/running_reg/C	native_system/queue/queue_reg[0][650]/CE	-0.522	7.845	4
native_system/queue/running_reg/C	native_system/queue/queue_reg[0][658]/CE	-0.522	7.845	4
native_system/queue/running_reg/C	native_system/queue/queue_reg[0][666]/CE	-0.522	7.845	4
native_system/queue/running_reg/C	native_system/queue/queue_reg[0][703]/CE	-0.522	7.845	4
native_system/queue/running_reg/C	native_system/queue/queue_reg[0][751]/CE	-0.522	7.845	4
native_system/queue/bus_address_reg[4]/C	bridge/s_rdata_reg[18]/D	-0.521	8.042	7
native_system/queue/running_reg/C	native_system/queue/queue_reg[0][1044]/CE	-0.521	7.808	4
native_system/queue/running_reg/C	native_system/queue/queue_reg[0][1409]/CE	-0.521	7.808	4
native_system/queue/running_reg/C	native_system/queue/queue_reg[0][1429]/CE	-0.521	7.808	4
native_system/queue/running_reg/C	native_system/queue/queue_reg[1][1107]/CE	-0.521	7.808	4
native_system/queue/running_reg/C	native_system/queue/queue_reg[1][1541]/CE	-0.521	7.808	4
native_system/queue/running_reg/C	native_system/queue/queue_reg[1][689]/CE	-0.521	7.808	4
native_system/queue/running_reg/C	native_system/queue/queue_reg[1][933]/CE	-0.521	7.808	4
native_system/queue/running_reg/C	native_system/queue/queue_reg[0][1430]/CE	-0.519	7.806	4
native_system/queue/running_reg/C	native_system/queue/queue_reg[0][1464]/CE	-0.519	7.806	4
native_system/queue/running_reg/C	native_system/queue/queue_reg[0][1636]/CE	-0.519	7.806	4
native_system/queue/running_reg/C	native_system/queue/queue_reg[0][1655]/CE	-0.519	7.806	4
native_system/queue/running_reg/C	native_system/queue/queue_reg[0][1662]/CE	-0.519	7.806	4
native_system/queue/running_reg/C	native_system/queue/queue_reg[0][1758]/CE	-0.519	7.806	4
native_system/queue/running_reg/C	native_system/queue/queue_reg[0][596]/CE	-0.519	7.806	4
native_system/queue/running_reg/C	native_system/queue/queue_reg[0][660]/CE	-0.519	7.806	4
native_system/queue/running_reg/C	native_system/queue/queue_reg[2][299]/CE	-0.519	7.806	4
native_system/queue/running_reg/C	native_system/queue/queue_reg[2][475]/CE	-0.519	7.806	4
native_system/queue/running_reg/C	native_system/queue/queue_reg[2][499]/CE	-0.519	7.806	4
native_system/queue/running_reg/C	native_system/queue/queue_reg[2][626]/CE	-0.519	7.806	4
native_system/queue/running_reg/C	native_system/queue/queue_reg[3][293]/CE	-0.518	7.805	4
native_system/queue/running_reg/C	native_system/queue/queue_reg[3][60]/CE	-0.518	7.805	4
native_system/queue/running_reg/C	native_system/queue/queue_reg[3][614]/CE	-0.518	7.805	4
native_system/queue/running_reg/C	native_system/queue/queue_reg[3][722]/CE	-0.518	7.805	4
native_system/digital/cfg_reg[21][1]/C	native_system/digital/bank/shadow_mask_reg[103]/CE	-0.518	7.805	1
native_system/digital/cfg_reg[21][1]/C	native_system/digital/bank/shadow_calibration_reg[99][4]/CE	-0.518	7.639	1
native_system/digital/cfg_reg[21][1]/C	native_system/digital/bank/shadow_calibration_reg[99][5]/CE	-0.518	7.639	1
native_system/digital/cfg_reg[21][1]/C	native_system/digital/bank/shadow_calibration_reg[99][7]/CE	-0.518	7.639	1
native_system/digital/cfg_reg[21][1]/C	native_system/digital/bank/shadow_requested_reg[99][0]/CE	-0.518	7.639	1
native_system/digital/cfg_reg[21][1]/C	native_system/digital/bank/shadow_requested_reg[99][3]/CE	-0.518	7.639	1
native_system/digital/cfg_reg[21][1]/C	native_system/digital/bank/shadow_requested_reg[99][4]/CE	-0.518	7.639	1
native_system/digital/cfg_reg[21][1]/C	native_system/digital/bank/shadow_requested_reg[99][6]/CE	-0.518	7.639	1
native_system/digital/cfg_reg[21][1]/C	native_system/digital/bank/shadow_requested_reg[99][7]/CE	-0.518	7.639	1
native_system/digital/cfg_reg[22][10]/C	native_system/digital/bank/shadow_calibration_reg[99][2]/D	-0.518	7.951	0
native_system/digital/cfg_reg[22][14]/C	native_system/digital/bank/shadow_calibration_reg[123][6]/D	-0.518	7.929	0
native_system/queue/running_reg/C	native_system/queue/queue_reg[1][543]/CE	-0.518	7.841	4
native_system/queue/running_reg/C	native_system/queue/queue_reg[1][551]/CE	-0.518	7.841	4
native_system/queue/running_reg/C	native_system/queue/queue_reg[1][617]/CE	-0.518	7.841	4
native_system/queue/running_reg/C	native_system/queue/queue_reg[1][847]/CE	-0.518	7.841	4
native_system/digital/boundary_reg/C	native_system/digital/bank/active_calibration_reg[27][3]/CE	-0.517	7.840	1
native_system/digital/boundary_reg/C	native_system/digital/bank/active_requested_reg[27][0]/CE	-0.517	7.840	1
native_system/digital/boundary_reg/C	native_system/digital/bank/active_requested_reg[27][4]/CE	-0.517	7.840	1
native_system/queue/running_reg/C	native_system/queue/queue_reg[0][311]/CE	-0.517	7.804	4
native_system/queue/running_reg/C	native_system/queue/queue_reg[0][407]/CE	-0.517	7.804	4
native_system/queue/running_reg/C	native_system/queue/queue_reg[0][434]/CE	-0.517	7.804	4
native_system/queue/running_reg/C	native_system/queue/queue_reg[0][517]/CE	-0.517	7.804	4
native_system/queue/running_reg/C	native_system/queue/queue_reg[0][602]/CE	-0.517	7.804	4
native_system/queue/bus_wdata_reg[29]/C	native_system/digital/cfg_reg[3][15]/CE	-0.516	7.803	6
native_system/queue/running_reg/C	native_system/queue/queue_reg[0][1067]/CE	-0.516	7.803	4
native_system/queue/running_reg/C	native_system/queue/queue_reg[0][1150]/CE	-0.516	7.803	4
native_system/queue/running_reg/C	native_system/queue/queue_reg[0][1216]/CE	-0.516	7.803	4
native_system/queue/running_reg/C	native_system/queue/queue_reg[0][1260]/CE	-0.516	7.803	4
native_system/queue/running_reg/C	native_system/queue/queue_reg[0][1265]/CE	-0.516	7.803	4
native_system/queue/running_reg/C	native_system/queue/queue_reg[0][1381]/CE	-0.516	7.803	4
native_system/queue/running_reg/C	native_system/queue/queue_reg[0][1386]/CE	-0.516	7.803	4
native_system/queue/running_reg/C	native_system/queue/queue_reg[0][1499]/CE	-0.516	7.803	4
native_system/digital/boundary_reg/C	native_system/digital/bank/active_calibration_reg[15][2]/CE	-0.516	7.803	1
native_system/digital/boundary_reg/C	native_system/digital/bank/active_calibration_reg[15][3]/CE	-0.516	7.803	1
native_system/digital/boundary_reg/C	native_system/digital/bank/active_calibration_reg[8][4]/CE	-0.516	7.803	1
native_system/digital/boundary_reg/C	native_system/digital/bank/active_calibration_reg[8][6]/CE	-0.516	7.803	1
native_system/queue/running_reg/C	native_system/queue/active_reg[1038]/CE	-0.515	7.802	3
native_system/queue/running_reg/C	native_system/queue/active_reg[1239]/CE	-0.515	7.802	3
native_system/queue/running_reg/C	native_system/queue/active_reg[1628]/CE	-0.515	7.802	3
native_system/queue/running_reg/C	native_system/queue/active_reg[989]/CE	-0.515	7.802	3
native_system/queue/running_reg/C	native_system/queue/queue_reg[3][1748]/CE	-0.515	7.802	4
native_system/queue/running_reg/C	native_system/queue/queue_reg[3][544]/CE	-0.515	7.802	4
native_system/queue/running_reg/C	native_system/queue/active_reg[1096]/CE	-0.514	7.801	3
native_system/queue/running_reg/C	native_system/queue/active_reg[1333]/CE	-0.514	7.801	3
native_system/queue/running_reg/C	native_system/queue/active_reg[1656]/CE	-0.514	7.801	3
native_system/queue/running_reg/C	native_system/queue/active_reg[593]/CE	-0.514	7.801	3
native_system/queue/running_reg/C	native_system/queue/queue_reg[0][1088]/CE	-0.514	7.837	4
native_system/queue/running_reg/C	native_system/queue/queue_reg[0][1126]/CE	-0.514	7.837	4
native_system/queue/running_reg/C	native_system/queue/queue_reg[0][1278]/CE	-0.514	7.837	4
native_system/queue/running_reg/C	native_system/queue/queue_reg[0][1356]/CE	-0.514	7.837	4
native_system/queue/running_reg/C	native_system/queue/queue_reg[0][1362]/CE	-0.514	7.837	4
native_system/queue/running_reg/C	native_system/queue/queue_reg[1][1342]/CE	-0.514	7.801	4
native_system/queue/running_reg/C	native_system/queue/queue_reg[1][680]/CE	-0.514	7.801	4
native_system/queue/running_reg/C	native_system/queue/queue_reg[1][771]/CE	-0.514	7.801	4
native_system/queue/running_reg/C	native_system/queue/queue_reg[1][905]/CE	-0.514	7.801	4
native_system/digital/master_phase_reg[5]_rep/C	native_system/digital/serial/captured_reg[34]/D	-0.513	8.034	3
native_system/digital/reset_sync_reg[1]/C	native_system/digital/adc/spi_command_reg[0]/CLR	-0.513	7.600	1
native_system/digital/reset_sync_reg[1]/C	native_system/digital/adc/spi_command_reg[10]/CLR	-0.513	7.600	1
native_system/digital/reset_sync_reg[1]/C	native_system/digital/adc/spi_command_reg[4]/CLR	-0.513	7.600	1
native_system/digital/reset_sync_reg[1]/C	native_system/digital/adc/spi_command_reg[9]/CLR	-0.513	7.600	1
native_system/queue/running_reg/C	native_system/queue/queue_reg[2][1255]/CE	-0.512	7.835	4
native_system/queue/running_reg/C	native_system/queue/queue_reg[2][1534]/CE	-0.512	7.835	4
native_system/queue/running_reg/C	native_system/queue/queue_reg[2][1736]/CE	-0.512	7.835	4
native_system/queue/running_reg/C	native_system/queue/queue_reg[2][1751]/CE	-0.512	7.835	4
native_system/queue/running_reg/C	native_system/queue/queue_reg[2][1754]/CE	-0.512	7.835	4
native_system/queue/running_reg/C	native_system/queue/queue_reg[2][1757]/CE	-0.512	7.835	4
native_system/queue/running_reg/C	native_system/queue/queue_reg[2][1894]/CE	-0.512	7.835	4
native_system/queue/running_reg/C	native_system/queue/queue_reg[2][817]/CE	-0.512	7.835	4
native_system/digital/master_phase_reg[0]_rep/C	native_system/digital/serial/captured_reg[63]/D	-0.511	7.956	4
native_system/queue/running_reg/C	native_system/queue/active_reg[759]/CE	-0.510	7.797	3
native_system/queue/running_reg/C	native_system/queue/active_reg[767]/CE	-0.510	7.797	3
native_system/queue/running_reg/C	native_system/queue/active_reg[848]/CE	-0.510	7.797	3
native_system/queue/running_reg/C	native_system/queue/active_reg[974]/CE	-0.510	7.797	3
native_system/digital/reset_sync_reg[1]/C	native_system/digital/bank/shadow_calibration_reg[77][1]/CLR	-0.509	7.596	1
native_system/digital/reset_sync_reg[1]/C	native_system/digital/bank/shadow_calibration_reg[77][4]/CLR	-0.509	7.596	1
native_system/digital/reset_sync_reg[1]/C	native_system/digital/bank/shadow_calibration_reg[77][7]/CLR	-0.509	7.596	1
native_system/digital/reset_sync_reg[1]/C	native_system/digital/bank/shadow_mask_reg[77]/CLR	-0.509	7.596	1
native_system/digital/reset_sync_reg[1]/C	native_system/digital/bank/shadow_requested_reg[77][4]/CLR	-0.509	7.596	1
native_system/digital/reset_sync_reg[1]/C	native_system/digital/bank/shadow_requested_reg[77][5]/CLR	-0.509	7.596	1
native_system/digital/reset_sync_reg[1]/C	native_system/digital/bank/shadow_requested_reg[77][6]/CLR	-0.509	7.596	1
native_system/digital/reset_sync_reg[1]/C	native_system/digital/bank/shadow_requested_reg[77][7]/CLR	-0.509	7.596	1
native_system/queue/running_reg/C	native_system/queue/active_reg[1093]/CE	-0.508	7.795	3
native_system/queue/running_reg/C	native_system/queue/active_reg[633]/CE	-0.508	7.795	3
native_system/queue/running_reg/C	native_system/queue/active_reg[745]/CE	-0.508	7.795	3
native_system/queue/running_reg/C	native_system/queue/queue_reg[2][1174]/CE	-0.507	7.794	4
native_system/queue/running_reg/C	native_system/queue/queue_reg[2][1206]/CE	-0.507	7.794	4
native_system/queue/running_reg/C	native_system/queue/queue_reg[2][1283]/CE	-0.507	7.794	4
native_system/queue/running_reg/C	native_system/queue/queue_reg[2][1290]/CE	-0.507	7.794	4
native_system/queue/running_reg/C	native_system/queue/queue_reg[2][1390]/CE	-0.507	7.794	4
native_system/queue/running_reg/C	native_system/queue/queue_reg[2][1527]/CE	-0.507	7.794	4
native_system/queue/running_reg/C	native_system/queue/queue_reg[2][1529]/CE	-0.507	7.794	4
native_system/queue/running_reg/C	native_system/queue/queue_reg[2][1535]/CE	-0.507	7.794	4
native_system/digital/reset_sync_reg[1]/C	native_system/digital/bank/shadow_mask_reg[21]/CLR	-0.507	7.594	1
native_system/queue/running_reg/C	native_system/queue/queue_reg[0][1725]/CE	-0.507	7.794	4
native_system/queue/running_reg/C	native_system/queue/queue_reg[0][1759]/CE	-0.507	7.794	4
native_system/queue/running_reg/C	native_system/queue/queue_reg[0][1768]/CE	-0.507	7.794	4
native_system/queue/running_reg/C	native_system/queue/queue_reg[0][1806]/CE	-0.507	7.794	4
native_system/queue/running_reg/C	native_system/queue/queue_reg[0][1847]/CE	-0.507	7.794	4
native_system/queue/running_reg/C	native_system/queue/queue_reg[0][1952]/CE	-0.507	7.794	4
native_system/queue/running_reg/C	native_system/queue/queue_reg[0][809]/CE	-0.507	7.794	4
native_system/queue/running_reg/C	native_system/queue/queue_reg[0][985]/CE	-0.507	7.794	4
native_system/digital/boundary_reg/C	native_system/digital/bank/active_calibration_reg[117][0]/CE	-0.506	7.793	1
native_system/digital/boundary_reg/C	native_system/digital/bank/active_calibration_reg[117][3]/CE	-0.506	7.793	1
native_system/digital/boundary_reg/C	native_system/digital/bank/active_calibration_reg[117][4]/CE	-0.506	7.793	1
native_system/digital/boundary_reg/C	native_system/digital/bank/active_requested_reg[117][6]/CE	-0.506	7.793	1
native_system/queue/running_reg/C	native_system/queue/queue_reg[0][1122]/CE	-0.506	7.793	4
native_system/queue/running_reg/C	native_system/queue/queue_reg[0][1154]/CE	-0.506	7.793	4
native_system/queue/running_reg/C	native_system/queue/queue_reg[0][1380]/CE	-0.506	7.793	4
native_system/queue/running_reg/C	native_system/queue/queue_reg[0][1388]/CE	-0.506	7.793	4
native_system/queue/running_reg/C	native_system/queue/queue_reg[0][1491]/CE	-0.506	7.793	4
native_system/queue/running_reg/C	native_system/queue/queue_reg[0][1516]/CE	-0.506	7.793	4
native_system/queue/running_reg/C	native_system/queue/queue_reg[1][1031]/CE	-0.506	7.793	4
native_system/queue/running_reg/C	native_system/queue/queue_reg[1][1110]/CE	-0.506	7.793	4
native_system/queue/running_reg/C	native_system/queue/queue_reg[1][1596]/CE	-0.506	7.793	4
native_system/queue/running_reg/C	native_system/queue/queue_reg[1][1791]/CE	-0.506	7.793	4
native_system/queue/running_reg/C	native_system/queue/queue_reg[1][627]/CE	-0.506	7.793	4
native_system/queue/running_reg/C	native_system/queue/queue_reg[1][769]/CE	-0.506	7.793	4
native_system/queue/running_reg/C	native_system/queue/queue_reg[1][852]/CE	-0.506	7.793	4
native_system/queue/bus_wdata_reg[29]/C	native_system/digital/cfg_reg[6][15]/CE	-0.505	7.792	6
native_system/queue/running_reg/C	native_system/queue/queue_reg[0][1188]/CE	-0.505	7.792	4
native_system/queue/running_reg/C	native_system/queue/queue_reg[0][1285]/CE	-0.505	7.792	4
native_system/queue/running_reg/C	native_system/queue/queue_reg[0][1355]/CE	-0.505	7.792	4
native_system/queue/running_reg/C	native_system/queue/queue_reg[0][1415]/CE	-0.505	7.792	4
native_system/queue/running_reg/C	native_system/queue/queue_reg[0][1437]/CE	-0.505	7.792	4
native_system/queue/running_reg/C	native_system/queue/queue_reg[0][1497]/CE	-0.505	7.792	4
native_system/queue/running_reg/C	native_system/queue/queue_reg[0][1503]/CE	-0.505	7.792	4
native_system/queue/running_reg/C	native_system/queue/queue_reg[3][1517]/CE	-0.504	7.791	4
native_system/digital/cfg_reg[22][5]/C	native_system/digital/bank/shadow_requested_reg[101][5]/D	-0.504	7.968	0
native_system/digital/cfg_reg[21][1]/C	native_system/digital/bank/shadow_calibration_reg[96][1]/CE	-0.504	7.583	1
native_system/digital/cfg_reg[21][1]/C	native_system/digital/bank/shadow_calibration_reg[96][5]/CE	-0.504	7.583	1
native_system/digital/cfg_reg[21][1]/C	native_system/digital/bank/shadow_requested_reg[96][0]/CE	-0.504	7.583	1
native_system/digital/cfg_reg[21][1]/C	native_system/digital/bank/shadow_requested_reg[96][1]/CE	-0.504	7.583	1
native_system/queue/running_reg/C	native_system/queue/active_reg[1031]/CE	-0.504	7.791	3
native_system/queue/running_reg/C	native_system/queue/active_reg[1596]/CE	-0.504	7.791	3
native_system/queue/running_reg/C	native_system/queue/active_reg[1791]/CE	-0.504	7.791	3
native_system/queue/running_reg/C	native_system/queue/active_reg[852]/CE	-0.504	7.791	3
native_system/queue/running_reg/C	native_system/queue/queue_reg[1][1047]/CE	-0.503	7.790	4
native_system/queue/running_reg/C	native_system/queue/queue_reg[1][1642]/CE	-0.503	7.790	4
native_system/digital/cfg_reg[21][4]/C	native_system/digital/bank/shadow_requested_reg[98][0]/CE	-0.503	7.624	1
native_system/digital/cfg_reg[21][4]/C	native_system/digital/bank/shadow_requested_reg[98][6]/CE	-0.503	7.624	1
native_system/queue/running_reg/C	native_system/queue/queue_reg[3][156]/CE	-0.502	7.789	4
native_system/queue/running_reg/C	native_system/queue/queue_reg[3][240]/CE	-0.502	7.789	4
native_system/queue/running_reg/C	native_system/queue/queue_reg[3][40]/CE	-0.502	7.789	4
native_system/queue/running_reg/C	native_system/queue/queue_reg[3][444]/CE	-0.502	7.789	4
native_system/queue/running_reg/C	native_system/queue/queue_reg[3][452]/CE	-0.502	7.789	4
native_system/queue/running_reg/C	native_system/queue/queue_reg[3][594]/CE	-0.502	7.789	4
native_system/queue/running_reg/C	native_system/queue/queue_reg[3][708]/CE	-0.502	7.789	4
native_system/digital/cfg_reg[22][7]/C	native_system/digital/bank/shadow_requested_reg[100][7]/D	-0.502	7.933	0
native_system/queue/running_reg/C	native_system/queue/queue_reg[3][384]/CE	-0.502	7.789	4
native_system/queue/running_reg/C	native_system/queue/queue_reg[3][499]/CE	-0.502	7.789	4
native_system/queue/running_reg/C	native_system/queue/queue_reg[3][512]/CE	-0.502	7.789	4
native_system/queue/running_reg/C	native_system/queue/queue_reg[3][588]/CE	-0.502	7.789	4
native_system/queue/running_reg/C	native_system/queue/queue_reg[3][647]/CE	-0.502	7.789	4
native_system/queue/running_reg/C	native_system/queue/queue_reg[3][963]/CE	-0.502	7.789	4
native_system/queue/running_reg/C	native_system/queue/queue_reg[0][1041]/CE	-0.502	7.825	4
native_system/queue/running_reg/C	native_system/queue/queue_reg[0][1136]/CE	-0.502	7.825	4
native_system/queue/running_reg/C	native_system/queue/queue_reg[0][1145]/CE	-0.502	7.825	4
native_system/queue/running_reg/C	native_system/queue/queue_reg[0][1281]/CE	-0.502	7.825	4
native_system/queue/running_reg/C	native_system/queue/queue_reg[0][1463]/CE	-0.502	7.825	4
native_system/queue/rd_reg[1]_rep__18/C	native_system/queue/active_reg[640]/D	-0.502	8.025	1
native_system/digital/boundary_reg/C	native_system/digital/bank/active_calibration_reg[10][3]/CE	-0.502	7.789	1
native_system/digital/boundary_reg/C	native_system/digital/bank/active_calibration_reg[50][0]/CE	-0.502	7.789	1
native_system/digital/boundary_reg/C	native_system/digital/bank/active_requested_reg[10][0]/CE	-0.502	7.789	1
native_system/digital/boundary_reg/C	native_system/digital/bank/active_requested_reg[50][2]/CE	-0.502	7.789	1
native_system/digital/reset_sync_reg[1]/C	native_system/digital/scheduler/frame_count_reg[8]/CLR	-0.502	7.675	1
native_system/queue/running_reg/C	native_system/queue/queue_reg[2][567]/CE	-0.502	7.789	4
native_system/queue/running_reg/C	native_system/queue/queue_reg[2][635]/CE	-0.502	7.789	4
native_system/queue/running_reg/C	native_system/queue/queue_reg[2][718]/CE	-0.502	7.789	4
native_system/queue/running_reg/C	native_system/queue/queue_reg[2][792]/CE	-0.502	7.789	4
native_system/queue/running_reg/C	native_system/queue/queue_reg[2][156]/CE	-0.502	7.825	4
native_system/queue/running_reg/C	native_system/queue/queue_reg[2][240]/CE	-0.502	7.825	4
native_system/queue/running_reg/C	native_system/queue/queue_reg[2][594]/CE	-0.502	7.825	4
native_system/queue/running_reg/C	native_system/queue/queue_reg[2][639]/CE	-0.502	7.825	4
native_system/queue/running_reg/C	native_system/queue/queue_reg[2][708]/CE	-0.502	7.825	4
native_system/digital/cfg_reg[21][4]/C	native_system/digital/bank/shadow_requested_reg[94][6]/CE	-0.501	7.788	1
native_system/queue/running_reg/C	native_system/queue/queue_reg[0][1113]/CE	-0.500	7.787	4
native_system/queue/running_reg/C	native_system/queue/queue_reg[0][1359]/CE	-0.500	7.787	4
native_system/queue/running_reg/C	native_system/queue/queue_reg[0][1420]/CE	-0.500	7.787	4
native_system/queue/running_reg/C	native_system/queue/queue_reg[0][1431]/CE	-0.500	7.787	4
native_system/queue/running_reg/C	native_system/queue/queue_reg[0][1447]/CE	-0.500	7.787	4
native_system/queue/running_reg/C	native_system/queue/queue_reg[0][1468]/CE	-0.500	7.787	4
native_system/queue/running_reg/C	native_system/queue/queue_reg[0][1506]/CE	-0.500	7.787	4
native_system/queue/bus_wdata_reg[29]/C	native_system/digital/cfg_reg[10][24]/CE	-0.500	7.823	7
native_system/queue/bus_wdata_reg[29]/C	native_system/digital/cfg_reg[10][25]/CE	-0.500	7.823	7
native_system/queue/bus_wdata_reg[29]/C	native_system/digital/cfg_reg[10][26]/CE	-0.500	7.823	7
native_system/queue/bus_wdata_reg[29]/C	native_system/digital/cfg_reg[10][2]/CE	-0.500	7.823	7
native_system/queue/bus_wdata_reg[29]/C	native_system/digital/cfg_reg[10][30]/CE	-0.500	7.823	7
native_system/queue/bus_wdata_reg[29]/C	native_system/digital/cfg_reg[10][8]/CE	-0.500	7.823	7
native_system/queue/running_reg/C	native_system/queue/queue_reg[3][299]/CE	-0.499	7.786	4
native_system/queue/running_reg/C	native_system/queue/queue_reg[3][475]/CE	-0.499	7.786	4
native_system/queue/running_reg/C	native_system/queue/queue_reg[3][515]/CE	-0.499	7.786	4
native_system/queue/running_reg/C	native_system/queue/queue_reg[3][599]/CE	-0.499	7.786	4
native_system/queue/running_reg/C	native_system/queue/queue_reg[3][626]/CE	-0.499	7.786	4
native_system/queue/running_reg/C	native_system/queue/queue_reg[3][652]/CE	-0.499	7.786	4
native_system/queue/running_reg/C	native_system/queue/queue_reg[3][663]/CE	-0.499	7.786	4
native_system/queue/running_reg/C	native_system/queue/queue_reg[3][754]/CE	-0.499	7.786	4
native_system/queue/bus_address_reg[4]/C	bridge/s_rdata_reg[5]/D	-0.499	8.066	7
native_system/digital/cfg_reg[22][2]/C	native_system/digital/bank/shadow_requested_reg[34][2]/D	-0.499	7.882	0
native_system/queue/running_reg/C	native_system/queue/queue_reg[2][176]/CE	-0.499	7.786	4
native_system/queue/running_reg/C	native_system/queue/queue_reg[2][2093]/CE	-0.499	7.786	4
native_system/queue/running_reg/C	native_system/queue/queue_reg[2][970]/CE	-0.499	7.786	4
native_system/queue/bus_wdata_reg[0]/C	native_system/digital/cfg_reg[8][0]/CE	-0.498	7.821	5
native_system/queue/bus_wdata_reg[0]/C	native_system/digital/cfg_reg[8][1]/CE	-0.498	7.821	5
native_system/queue/bus_wdata_reg[0]/C	native_system/digital/cfg_reg[8][2]/CE	-0.498	7.821	5
native_system/queue/bus_wdata_reg[0]/C	native_system/digital/cfg_reg[8][3]/CE	-0.498	7.821	5
native_system/queue/bus_wdata_reg[0]/C	native_system/digital/cfg_reg[8][6]/CE	-0.498	7.821	5
native_system/queue/bus_wdata_reg[0]/C	native_system/digital/cfg_reg[8][7]/CE	-0.498	7.821	5
native_system/queue/running_reg/C	native_system/queue/queue_reg[2][1054]/CE	-0.498	7.821	4
native_system/queue/running_reg/C	native_system/queue/queue_reg[2][1062]/CE	-0.498	7.821	4
native_system/queue/running_reg/C	native_system/queue/queue_reg[2][1169]/CE	-0.498	7.821	4
native_system/queue/running_reg/C	native_system/queue/queue_reg[2][1182]/CE	-0.498	7.821	4
native_system/queue/running_reg/C	native_system/queue/queue_reg[2][1277]/CE	-0.498	7.821	4
native_system/queue/running_reg/C	native_system/queue/queue_reg[2][1307]/CE	-0.498	7.821	4
native_system/queue/running_reg/C	native_system/queue/queue_reg[2][1421]/CE	-0.498	7.821	4
native_system/queue/running_reg/C	native_system/queue/queue_reg[2][1523]/CE	-0.498	7.821	4
native_system/queue/running_reg/C	native_system/queue/queue_reg[3][1017]/CE	-0.498	7.821	4
native_system/queue/running_reg/C	native_system/queue/queue_reg[3][1050]/CE	-0.498	7.821	4
native_system/queue/running_reg/C	native_system/queue/queue_reg[3][1464]/CE	-0.498	7.821	4
native_system/queue/running_reg/C	native_system/queue/queue_reg[3][1590]/CE	-0.498	7.821	4
native_system/queue/running_reg/C	native_system/queue/queue_reg[3][1606]/CE	-0.498	7.821	4
native_system/queue/running_reg/C	native_system/queue/queue_reg[3][1888]/CE	-0.498	7.821	4
native_system/queue/running_reg/C	native_system/queue/queue_reg[3][2146]/CE	-0.498	7.821	4
native_system/queue/running_reg/C	native_system/queue/queue_reg[3][629]/CE	-0.498	7.821	4
native_system/digital/cfg_reg[21][1]/C	native_system/digital/bank/shadow_calibration_reg[101][4]/CE	-0.498	7.785	1
native_system/digital/cfg_reg[21][1]/C	native_system/digital/bank/shadow_requested_reg[101][6]/CE	-0.498	7.785	1
native_system/queue/running_reg/C	native_system/queue/queue_reg[0][1596]/CE	-0.498	7.785	4
native_system/queue/running_reg/C	native_system/queue/queue_reg[0][1800]/CE	-0.498	7.785	4
native_system/queue/running_reg/C	native_system/queue/queue_reg[0][544]/CE	-0.498	7.785	4
native_system/queue/running_reg/C	native_system/queue/queue_reg[0][732]/CE	-0.498	7.785	4
native_system/queue/running_reg/C	native_system/queue/queue_reg[0][785]/CE	-0.498	7.785	4
native_system/queue/running_reg/C	native_system/queue/queue_reg[0][904]/CE	-0.498	7.785	4
native_system/queue/running_reg/C	native_system/queue/queue_reg[0][1064]/CE	-0.498	7.821	4
native_system/queue/running_reg/C	native_system/queue/queue_reg[0][1109]/CE	-0.498	7.821	4
native_system/queue/running_reg/C	native_system/queue/queue_reg[0][1128]/CE	-0.498	7.821	4
native_system/queue/running_reg/C	native_system/queue/queue_reg[0][1192]/CE	-0.498	7.821	4
native_system/queue/running_reg/C	native_system/queue/queue_reg[0][1237]/CE	-0.498	7.821	4
native_system/queue/running_reg/C	native_system/queue/queue_reg[0][1257]/CE	-0.498	7.821	4
native_system/queue/running_reg/C	native_system/queue/queue_reg[0][1515]/CE	-0.498	7.821	4
native_system/queue/running_reg/C	native_system/queue/queue_reg[0][1078]/CE	-0.498	7.785	4
native_system/queue/running_reg/C	native_system/queue/queue_reg[0][1241]/CE	-0.498	7.785	4
native_system/queue/running_reg/C	native_system/queue/queue_reg[0][1284]/CE	-0.498	7.785	4
native_system/queue/running_reg/C	native_system/queue/queue_reg[0][1411]/CE	-0.498	7.785	4
native_system/queue/running_reg/C	native_system/queue/queue_reg[0][1446]/CE	-0.498	7.785	4
native_system/queue/running_reg/C	native_system/queue/queue_reg[0][1454]/CE	-0.498	7.785	4
native_system/queue/running_reg/C	native_system/queue/queue_reg[0][1493]/CE	-0.498	7.785	4
native_system/queue/running_reg/C	native_system/queue/queue_reg[0][1522]/CE	-0.498	7.785	4
native_system/digital/cfg_reg[22][3]/C	native_system/digital/bank/shadow_requested_reg[56][3]/D	-0.497	7.961	0
native_system/queue/running_reg/C	native_system/queue/queue_reg[0][1660]/CE	-0.495	7.782	4
native_system/queue/running_reg/C	native_system/queue/queue_reg[0][1762]/CE	-0.495	7.782	4
native_system/queue/running_reg/C	native_system/queue/queue_reg[0][1911]/CE	-0.495	7.782	4
native_system/queue/running_reg/C	native_system/queue/queue_reg[0][1928]/CE	-0.495	7.782	4
native_system/queue/running_reg/C	native_system/queue/queue_reg[0][1934]/CE	-0.495	7.782	4
native_system/queue/running_reg/C	native_system/queue/queue_reg[0][1975]/CE	-0.495	7.782	4
native_system/queue/running_reg/C	native_system/queue/queue_reg[0][2156]/CE	-0.495	7.782	4
native_system/queue/running_reg/C	native_system/queue/queue_reg[0][941]/CE	-0.495	7.782	4
native_system/queue/running_reg/C	native_system/queue/queue_reg[2][2092]/CE	-0.494	7.781	4
native_system/queue/running_reg/C	native_system/queue/queue_reg[2][314]/CE	-0.494	7.781	4
native_system/queue/running_reg/C	native_system/queue/queue_reg[2][342]/CE	-0.494	7.781	4
native_system/queue/running_reg/C	native_system/queue/queue_reg[2][457]/CE	-0.494	7.781	4
native_system/queue/running_reg/C	native_system/queue/queue_reg[2][477]/CE	-0.494	7.781	4
native_system/queue/running_reg/C	native_system/queue/queue_reg[2][686]/CE	-0.494	7.781	4
native_system/queue/running_reg/C	native_system/queue/queue_reg[2][743]/CE	-0.494	7.781	4
native_system/queue/running_reg/C	native_system/queue/queue_reg[2][92]/CE	-0.494	7.781	4
native_system/digital/cfg_reg[22][6]/C	native_system/digital/bank/shadow_requested_reg[68][6]/D	-0.494	7.946	0
native_system/queue/running_reg/C	native_system/queue/active_reg[1531]/CE	-0.493	7.816	3
native_system/queue/running_reg/C	native_system/queue/active_reg[541]/CE	-0.493	7.816	3
native_system/queue/running_reg/C	native_system/queue/active_reg[700]/CE	-0.493	7.816	3
native_system/queue/running_reg/C	native_system/queue/active_reg[1225]/CE	-0.493	7.780	3
native_system/queue/running_reg/C	native_system/queue/active_reg[1300]/CE	-0.493	7.780	3
native_system/queue/running_reg/C	native_system/queue/active_reg[637]/CE	-0.493	7.780	3
native_system/queue/running_reg/C	native_system/queue/active_reg[911]/CE	-0.493	7.780	3
native_system/queue/running_reg/C	native_system/queue/queue_reg[1][1734]/CE	-0.493	7.780	4
native_system/queue/running_reg/C	native_system/queue/queue_reg[1][557]/CE	-0.493	7.780	4
native_system/queue/running_reg/C	native_system/queue/queue_reg[1][612]/CE	-0.493	7.780	4
native_system/queue/running_reg/C	native_system/queue/queue_reg[1][740]/CE	-0.493	7.780	4
native_system/queue/running_reg/C	native_system/queue/queue_reg[1][788]/CE	-0.493	7.780	4
native_system/queue/running_reg/C	native_system/queue/queue_reg[1][925]/CE	-0.493	7.780	4
native_system/digital/cfg_reg[21][4]/C	native_system/digital/bank/shadow_calibration_reg[94][5]/CE	-0.492	7.815	1
native_system/digital/cfg_reg[21][4]/C	native_system/digital/bank/shadow_requested_reg[94][7]/CE	-0.492	7.815	1
native_system/queue/bus_wdata_reg[29]/C	native_system/digital/cfg_reg[4][17]/CE	-0.492	7.779	6
native_system/queue/running_reg/C	native_system/queue/active_reg[1650]/CE	-0.492	7.779	3
native_system/queue/running_reg/C	native_system/queue/active_reg[1760]/CE	-0.492	7.779	3
native_system/queue/running_reg/C	native_system/queue/active_reg[668]/CE	-0.492	7.779	3
native_system/queue/running_reg/C	native_system/queue/active_reg[688]/CE	-0.492	7.779	3
native_system/digital/boundary_reg/C	native_system/digital/bank/active_calibration_reg[14][0]/CE	-0.491	7.778	1
native_system/digital/boundary_reg/C	native_system/digital/bank/active_calibration_reg[14][3]/CE	-0.491	7.778	1
native_system/digital/boundary_reg/C	native_system/digital/bank/active_calibration_reg[14][7]/CE	-0.491	7.778	1
native_system/digital/boundary_reg/C	native_system/digital/bank/active_requested_reg[14][0]/CE	-0.491	7.778	1
native_system/digital/boundary_reg/C	native_system/digital/bank/active_calibration_reg[10][5]/CE	-0.491	7.778	1
native_system/digital/boundary_reg/C	native_system/digital/bank/active_requested_reg[10][4]/CE	-0.491	7.778	1
native_system/digital/boundary_reg/C	native_system/digital/bank/active_requested_reg[50][4]/CE	-0.491	7.778	1
native_system/digital/boundary_reg/C	native_system/digital/bank/active_requested_reg[50][6]/CE	-0.491	7.778	1
native_system/digital/cfg_reg[21][4]/C	native_system/digital/bank/shadow_calibration_reg[122][0]/CE	-0.491	7.576	1
native_system/digital/cfg_reg[21][4]/C	native_system/digital/bank/shadow_requested_reg[122][0]/CE	-0.491	7.576	1
native_system/digital/cfg_reg[21][4]/C	native_system/digital/bank/shadow_requested_reg[122][1]/CE	-0.491	7.576	1
native_system/digital/cfg_reg[21][4]/C	native_system/digital/bank/shadow_requested_reg[122][2]/CE	-0.491	7.576	1
native_system/digital/reset_sync_reg[1]/C	native_system/digital/scheduler/capture_sequence_reg[4]/CLR	-0.490	7.663	1
native_system/digital/reset_sync_reg[1]/C	native_system/digital/scheduler/capture_sequence_reg[5]/CLR	-0.490	7.663	1
native_system/digital/reset_sync_reg[1]/C	native_system/digital/scheduler/capture_sequence_reg[7]/CLR	-0.490	7.663	1
native_system/queue/running_reg/C	native_system/queue/queue_reg[3][389]/CE	-0.490	7.777	4
native_system/queue/running_reg/C	native_system/queue/queue_reg[0][1132]/CE	-0.490	7.813	4
native_system/queue/running_reg/C	native_system/queue/queue_reg[0][1142]/CE	-0.490	7.813	4
native_system/queue/running_reg/C	native_system/queue/queue_reg[0][1148]/CE	-0.490	7.813	4
native_system/queue/running_reg/C	native_system/queue/queue_reg[0][1162]/CE	-0.490	7.813	4
native_system/queue/running_reg/C	native_system/queue/queue_reg[0][1218]/CE	-0.490	7.813	4
native_system/queue/running_reg/C	native_system/queue/queue_reg[0][1375]/CE	-0.490	7.813	4
native_system/queue/running_reg/C	native_system/queue/queue_reg[0][1382]/CE	-0.490	7.813	4
native_system/queue/running_reg/C	native_system/queue/queue_reg[0][1479]/CE	-0.490	7.813	4
native_system/queue/bus_address_reg[4]/C	bridge/s_rdata_reg[21]/D	-0.489	8.056	8
native_system/queue/running_reg/C	native_system/queue/queue_reg[3][1424]/CE	-0.489	7.776	4
native_system/queue/running_reg/C	native_system/queue/queue_reg[3][1432]/CE	-0.489	7.776	4
native_system/queue/running_reg/C	native_system/queue/queue_reg[3][1620]/CE	-0.489	7.776	4
native_system/queue/running_reg/C	native_system/queue/queue_reg[3][1640]/CE	-0.489	7.776	4
native_system/queue/running_reg/C	native_system/queue/queue_reg[3][1702]/CE	-0.489	7.776	4
native_system/queue/running_reg/C	native_system/queue/queue_reg[3][1786]/CE	-0.489	7.776	4
native_system/queue/running_reg/C	native_system/queue/queue_reg[3][1972]/CE	-0.489	7.776	4
native_system/queue/running_reg/C	native_system/queue/queue_reg[3][2038]/CE	-0.489	7.776	4
native_system/queue/rd_reg[1]_rep__7/C	native_system/queue/active_reg[989]/D	-0.488	8.012	1
native_system/digital/boundary_reg/C	native_system/digital/bank/active_requested_reg[5][1]/CE	-0.488	7.775	1
native_system/digital/cfg_reg[22][2]/C	native_system/digital/bank/shadow_requested_reg[72][2]/D	-0.488	7.922	0
native_system/queue/bus_wdata_reg[29]/C	native_system/digital/cfg_reg[10][12]/CE	-0.488	7.775	7
native_system/queue/bus_wdata_reg[29]/C	native_system/digital/cfg_reg[10][27]/CE	-0.488	7.775	7
native_system/queue/bus_wdata_reg[29]/C	native_system/digital/cfg_reg[10][28]/CE	-0.488	7.775	7
native_system/queue/bus_wdata_reg[29]/C	native_system/digital/cfg_reg[10][29]/CE	-0.488	7.775	7
native_system/queue/running_reg/C	native_system/queue/queue_reg[3][245]/CE	-0.488	7.775	4
native_system/queue/running_reg/C	native_system/queue/queue_reg[3][256]/CE	-0.488	7.775	4
native_system/queue/running_reg/C	native_system/queue/queue_reg[3][279]/CE	-0.488	7.775	4
native_system/queue/running_reg/C	native_system/queue/queue_reg[3][300]/CE	-0.488	7.775	4
native_system/queue/running_reg/C	native_system/queue/queue_reg[0][1679]/CE	-0.488	7.775	4
native_system/queue/running_reg/C	native_system/queue/queue_reg[0][1901]/CE	-0.488	7.775	4
native_system/queue/running_reg/C	native_system/queue/queue_reg[0][2106]/CE	-0.488	7.775	4
native_system/queue/running_reg/C	native_system/queue/queue_reg[0][888]/CE	-0.488	7.775	4
native_system/queue/running_reg/C	native_system/queue/queue_reg[1][356]/CE	-0.487	7.774	4
native_system/queue/running_reg/C	native_system/queue/queue_reg[1][420]/CE	-0.487	7.774	4
native_system/queue/running_reg/C	native_system/queue/queue_reg[1][488]/CE	-0.487	7.774	4
native_system/queue/bus_wdata_reg[29]/C	native_system/digital/cfg_reg[4][10]/CE	-0.487	7.774	6
native_system/queue/bus_wdata_reg[29]/C	native_system/digital/cfg_reg[4][12]/CE	-0.487	7.774	6
native_system/queue/running_reg/C	native_system/queue/queue_reg[0][1520]/CE	-0.486	7.809	4
native_system/queue/running_reg/C	native_system/queue/queue_reg[0][557]/CE	-0.486	7.809	4
native_system/queue/running_reg/C	native_system/queue/queue_reg[0][632]/CE	-0.486	7.809	4
native_system/queue/running_reg/C	native_system/queue/queue_reg[0][771]/CE	-0.486	7.809	4
native_system/queue/running_reg/C	native_system/queue/queue_reg[2][1005]/CE	-0.486	7.773	4
native_system/queue/running_reg/C	native_system/queue/queue_reg[2][164]/CE	-0.486	7.773	4
native_system/queue/running_reg/C	native_system/queue/queue_reg[2][2088]/CE	-0.486	7.773	4
native_system/queue/running_reg/C	native_system/queue/queue_reg[2][376]/CE	-0.486	7.773	4
native_system/queue/running_reg/C	native_system/queue/queue_reg[2][530]/CE	-0.486	7.773	4
native_system/queue/running_reg/C	native_system/queue/queue_reg[2][599]/CE	-0.486	7.773	4
native_system/queue/running_reg/C	native_system/queue/queue_reg[2][690]/CE	-0.486	7.773	4
native_system/queue/running_reg/C	native_system/queue/queue_reg[2][699]/CE	-0.486	7.773	4
native_system/queue/running_reg/C	native_system/queue/queue_reg[0][1114]/CE	-0.485	7.772	4
native_system/queue/running_reg/C	native_system/queue/queue_reg[0][1167]/CE	-0.485	7.772	4
native_system/queue/running_reg/C	native_system/queue/queue_reg[0][1521]/CE	-0.485	7.772	4
native_system/queue/running_reg/C	native_system/queue/queue_reg[0][1712]/CE	-0.485	7.772	4
native_system/queue/running_reg/C	native_system/queue/queue_reg[0][1750]/CE	-0.485	7.772	4
native_system/queue/running_reg/C	native_system/queue/queue_reg[0][723]/CE	-0.485	7.772	4
native_system/queue/running_reg/C	native_system/queue/queue_reg[0][761]/CE	-0.485	7.772	4
native_system/queue/running_reg/C	native_system/queue/queue_reg[0][797]/CE	-0.485	7.772	4
native_system/digital/boundary_reg/C	native_system/digital/bank/active_calibration_reg[74][4]/CE	-0.485	7.772	1
native_system/digital/boundary_reg/C	native_system/digital/bank/active_calibration_reg[74][6]/CE	-0.485	7.772	1
native_system/digital/boundary_reg/C	native_system/digital/bank/active_calibration_reg[74][7]/CE	-0.485	7.772	1
native_system/digital/boundary_reg/C	native_system/digital/bank/active_requested_reg[74][4]/CE	-0.485	7.772	1
native_system/queue/running_reg/C	native_system/queue/queue_reg[3][644]/CE	-0.485	7.772	4
native_system/queue/running_reg/C	native_system/queue/queue_reg[1][1238]/CE	-0.484	7.771	4
native_system/queue/running_reg/C	native_system/queue/queue_reg[1][1436]/CE	-0.484	7.771	4
native_system/queue/running_reg/C	native_system/queue/queue_reg[1][1656]/CE	-0.484	7.771	4
native_system/queue/running_reg/C	native_system/queue/queue_reg[1][572]/CE	-0.484	7.771	4
native_system/queue/running_reg/C	native_system/queue/queue_reg[1][593]/CE	-0.484	7.771	4
native_system/queue/running_reg/C	native_system/queue/queue_reg[1][673]/CE	-0.484	7.771	4
native_system/queue/running_reg/C	native_system/queue/queue_reg[1][846]/CE	-0.484	7.771	4
native_system/queue/running_reg/C	native_system/queue/queue_reg[1][903]/CE	-0.484	7.771	4
native_system/queue/running_reg/C	native_system/queue/queue_reg[0][1231]/CE	-0.484	7.771	4
native_system/queue/running_reg/C	native_system/queue/queue_reg[0][923]/CE	-0.484	7.771	4
native_system/queue/running_reg/C	native_system/queue/queue_reg[0][446]/CE	-0.484	7.807	4
native_system/queue/running_reg/C	native_system/queue/queue_reg[0][478]/CE	-0.484	7.807	4
native_system/queue/running_reg/C	native_system/queue/queue_reg[0][490]/CE	-0.484	7.807	4
native_system/queue/running_reg/C	native_system/queue/queue_reg[0][49]/CE	-0.484	7.807	4
native_system/queue/running_reg/C	native_system/queue/queue_reg[2][1342]/CE	-0.484	7.771	4
native_system/queue/running_reg/C	native_system/queue/queue_reg[2][897]/CE	-0.484	7.771	4
native_system/queue/running_reg/C	native_system/queue/queue_reg[2][905]/CE	-0.484	7.771	4
native_system/queue/running_reg/C	native_system/queue/queue_reg[1][104]/CE	-0.484	7.771	4
native_system/queue/running_reg/C	native_system/queue/queue_reg[1][176]/CE	-0.484	7.771	4
native_system/queue/running_reg/C	native_system/queue/queue_reg[1][2093]/CE	-0.484	7.771	4
native_system/queue/running_reg/C	native_system/queue/queue_reg[1][2117]/CE	-0.484	7.771	4
native_system/queue/running_reg/C	native_system/queue/queue_reg[1][538]/CE	-0.484	7.771	4
native_system/queue/running_reg/C	native_system/queue/queue_reg[1][711]/CE	-0.484	7.771	4
native_system/queue/running_reg/C	native_system/queue/queue_reg[1][970]/CE	-0.484	7.771	4
native_system/queue/running_reg/C	native_system/queue/queue_reg[2][1528]/CE	-0.484	7.771	4
native_system/queue/running_reg/C	native_system/queue/queue_reg[2][1575]/CE	-0.484	7.771	4
native_system/queue/running_reg/C	native_system/queue/queue_reg[2][1580]/CE	-0.484	7.771	4
native_system/queue/running_reg/C	native_system/queue/queue_reg[2][1706]/CE	-0.484	7.771	4
native_system/queue/running_reg/C	native_system/queue/queue_reg[2][1888]/CE	-0.484	7.771	4
native_system/queue/running_reg/C	native_system/queue/queue_reg[2][913]/CE	-0.484	7.771	4
native_system/queue/running_reg/C	native_system/queue/queue_reg[2][917]/CE	-0.484	7.771	4
native_system/queue/running_reg/C	native_system/queue/queue_reg[2][977]/CE	-0.484	7.771	4
native_system/queue/running_reg/C	native_system/queue/queue_reg[0][633]/CE	-0.484	7.771	4
native_system/queue/rd_reg[0]_rep__2/C	native_system/queue/active_reg[1414]/D	-0.484	8.007	1
native_system/queue/running_reg/C	native_system/queue/active_reg[1131]/CE	-0.484	7.771	3
native_system/queue/running_reg/C	native_system/queue/active_reg[1652]/CE	-0.484	7.771	3
native_system/queue/running_reg/C	native_system/queue/active_reg[536]/CE	-0.484	7.771	3
native_system/queue/running_reg/C	native_system/queue/active_reg[885]/CE	-0.484	7.771	3
native_system/queue/running_reg/C	native_system/queue/queue_reg[3][1149]/CE	-0.483	7.770	4
native_system/queue/running_reg/C	native_system/queue/queue_reg[3][1208]/CE	-0.483	7.770	4
native_system/queue/running_reg/C	native_system/queue/queue_reg[3][1276]/CE	-0.483	7.770	4
native_system/queue/running_reg/C	native_system/queue/queue_reg[3][1330]/CE	-0.483	7.770	4
native_system/queue/running_reg/C	native_system/queue/queue_reg[1][1560]/CE	-0.483	7.770	4
native_system/queue/running_reg/C	native_system/queue/queue_reg[1][1790]/CE	-0.483	7.770	4
native_system/queue/running_reg/C	native_system/queue/queue_reg[1][440]/CE	-0.483	7.770	4
native_system/queue/running_reg/C	native_system/queue/queue_reg[1][712]/CE	-0.483	7.770	4
native_system/digital/reset_sync_reg[1]/C	native_system/digital/bank/active_requested_reg[34][6]/CLR	-0.483	7.614	1
native_system/digital/reset_sync_reg[1]/C	native_system/digital/bank/shadow_requested_reg[1][5]/CLR	-0.482	7.655	1
native_system/queue/running_reg/C	native_system/queue/queue_reg[3][306]/CE	-0.482	7.769	4
native_system/queue/running_reg/C	native_system/queue/queue_reg[3][356]/CE	-0.482	7.769	4
native_system/queue/running_reg/C	native_system/queue/queue_reg[3][363]/CE	-0.482	7.769	4
native_system/queue/running_reg/C	native_system/queue/queue_reg[3][370]/CE	-0.482	7.769	4
native_system/queue/running_reg/C	native_system/queue/queue_reg[3][420]/CE	-0.482	7.769	4
native_system/queue/running_reg/C	native_system/queue/queue_reg[3][488]/CE	-0.482	7.769	4
native_system/queue/running_reg/C	native_system/queue/queue_reg[3][498]/CE	-0.482	7.769	4
native_system/queue/running_reg/C	native_system/queue/queue_reg[3][507]/CE	-0.482	7.769	4
native_system/queue/running_reg/C	native_system/queue/queue_reg[0][2173]/CE	-0.482	7.769	4
native_system/queue/rd_reg[0]_rep__3/C	native_system/queue/active_reg[1482]/D	-0.482	8.005	1
native_system/digital/boundary_reg/C	native_system/digital/bank/active_calibration_reg[5][6]/CE	-0.482	7.769	1
native_system/digital/boundary_reg/C	native_system/digital/bank/active_requested_reg[5][5]/CE	-0.482	7.769	1
native_system/digital/boundary_reg/C	native_system/digital/bank/active_calibration_reg[15][1]/CE	-0.481	7.768	1
native_system/digital/boundary_reg/C	native_system/digital/bank/active_calibration_reg[51][5]/CE	-0.481	7.768	1
native_system/queue/running_reg/C	native_system/queue/queue_reg[3][346]/CE	-0.481	7.768	4
native_system/queue/running_reg/C	native_system/queue/queue_reg[3][392]/CE	-0.481	7.768	4
native_system/queue/running_reg/C	native_system/queue/queue_reg[3][493]/CE	-0.481	7.768	4
native_system/queue/running_reg/C	native_system/queue/queue_reg[3][521]/CE	-0.481	7.768	4
native_system/digital/boundary_reg/C	native_system/digital/bank/active_calibration_reg[10][4]/CE	-0.480	7.803	1
native_system/digital/boundary_reg/C	native_system/digital/bank/active_calibration_reg[10][7]/CE	-0.480	7.803	1
native_system/digital/boundary_reg/C	native_system/digital/bank/active_requested_reg[10][5]/CE	-0.480	7.803	1
native_system/digital/boundary_reg/C	native_system/digital/bank/active_requested_reg[50][7]/CE	-0.480	7.803	1
native_system/digital/cfg_reg[21][4]/C	native_system/digital/bank/shadow_calibration_reg[39][0]/CE	-0.480	7.600	1
native_system/digital/cfg_reg[21][4]/C	native_system/digital/bank/shadow_calibration_reg[39][4]/CE	-0.480	7.600	1
native_system/digital/cfg_reg[21][4]/C	native_system/digital/bank/shadow_calibration_reg[39][5]/CE	-0.480	7.600	1
native_system/digital/cfg_reg[21][4]/C	native_system/digital/bank/shadow_calibration_reg[39][7]/CE	-0.480	7.600	1
native_system/digital/cfg_reg[21][4]/C	native_system/digital/bank/shadow_requested_reg[39][4]/CE	-0.480	7.600	1
native_system/digital/cfg_reg[21][4]/C	native_system/digital/bank/shadow_requested_reg[39][5]/CE	-0.480	7.600	1
native_system/digital/cfg_reg[21][4]/C	native_system/digital/bank/shadow_requested_reg[39][6]/CE	-0.480	7.600	1
native_system/digital/cfg_reg[21][4]/C	native_system/digital/bank/shadow_requested_reg[39][7]/CE	-0.480	7.600	1
native_system/digital/boundary_reg/C	native_system/digital/bank/active_calibration_reg[8][7]/CE	-0.480	7.803	1
native_system/digital/cfg_reg[21][4]/C	native_system/digital/bank/shadow_calibration_reg[98][6]/CE	-0.480	7.565	1
native_system/queue/running_reg/C	native_system/queue/queue_reg[2][143]/CE	-0.480	7.803	4
native_system/queue/running_reg/C	native_system/queue/queue_reg[2][1860]/CE	-0.480	7.803	4
native_system/queue/running_reg/C	native_system/queue/queue_reg[2][1871]/CE	-0.480	7.803	4
native_system/queue/running_reg/C	native_system/queue/queue_reg[2][2079]/CE	-0.480	7.803	4
native_system/queue/running_reg/C	native_system/queue/queue_reg[2][2166]/CE	-0.480	7.803	4
native_system/queue/running_reg/C	native_system/queue/queue_reg[2][224]/CE	-0.480	7.803	4
native_system/queue/running_reg/C	native_system/queue/queue_reg[2][774]/CE	-0.480	7.803	4
native_system/queue/running_reg/C	native_system/queue/queue_reg[2][928]/CE	-0.480	7.803	4
native_system/queue/running_reg/C	native_system/queue/queue_reg[3][260]/CE	-0.480	7.767	4
native_system/queue/running_reg/C	native_system/queue/queue_reg[3][286]/CE	-0.480	7.767	4
native_system/digital/cfg_reg[21][4]/C	native_system/digital/bank/shadow_calibration_reg[88][5]/CE	-0.479	7.802	1
native_system/digital/cfg_reg[21][1]/C	native_system/digital/bank/shadow_calibration_reg[123][3]/CE	-0.478	7.557	1
native_system/digital/cfg_reg[21][1]/C	native_system/digital/bank/shadow_requested_reg[123][0]/CE	-0.478	7.557	1
native_system/digital/cfg_reg[21][1]/C	native_system/digital/bank/shadow_requested_reg[123][2]/CE	-0.478	7.557	1
native_system/digital/cfg_reg[21][1]/C	native_system/digital/bank/shadow_requested_reg[123][3]/CE	-0.478	7.557	1
native_system/queue/running_reg/C	native_system/queue/queue_reg[2][1064]/CE	-0.478	7.801	4
native_system/queue/running_reg/C	native_system/queue/queue_reg[2][1109]/CE	-0.478	7.801	4
native_system/queue/running_reg/C	native_system/queue/queue_reg[2][1173]/CE	-0.478	7.801	4
native_system/queue/running_reg/C	native_system/queue/queue_reg[2][1213]/CE	-0.478	7.801	4
native_system/queue/running_reg/C	native_system/queue/queue_reg[2][1253]/CE	-0.478	7.801	4
native_system/queue/running_reg/C	native_system/queue/queue_reg[2][1323]/CE	-0.478	7.801	4
native_system/queue/running_reg/C	native_system/queue/queue_reg[2][1515]/CE	-0.478	7.801	4
native_system/digital/boundary_reg/C	native_system/digital/bank/active_calibration_reg[1][6]/CE	-0.477	7.764	1
native_system/digital/boundary_reg/C	native_system/digital/bank/active_requested_reg[1][1]/CE	-0.477	7.764	1
native_system/digital/boundary_reg/C	native_system/digital/bank/active_requested_reg[1][4]/CE	-0.477	7.764	1
native_system/digital/boundary_reg/C	native_system/digital/bank/active_requested_reg[1][6]/CE	-0.477	7.764	1
native_system/digital/boundary_reg/C	native_system/digital/bank/active_requested_reg[1][7]/CE	-0.477	7.764	1
native_system/digital/boundary_reg/C	native_system/digital/bank/active_requested_reg[5][3]/CE	-0.477	7.764	1
native_system/queue/running_reg/C	native_system/queue/active_reg[1025]/CE	-0.477	7.800	3
native_system/queue/running_reg/C	native_system/queue/active_reg[1151]/CE	-0.477	7.800	3
native_system/queue/running_reg/C	native_system/queue/active_reg[1373]/CE	-0.477	7.800	3
native_system/queue/running_reg/C	native_system/queue/active_reg[610]/CE	-0.477	7.800	3
native_system/queue/bus_wdata_reg[29]/C	native_system/digital/cfg_reg[6][12]/CE	-0.476	7.763	6
native_system/queue/bus_wdata_reg[29]/C	native_system/digital/cfg_reg[6][14]/CE	-0.476	7.763	6
native_system/queue/bus_wdata_reg[29]/C	native_system/digital/cfg_reg[6][9]/CE	-0.476	7.763	6
native_system/queue/running_reg/C	native_system/queue/queue_reg[1][1187]/CE	-0.476	7.799	4
native_system/queue/running_reg/C	native_system/queue/queue_reg[1][1489]/CE	-0.476	7.799	4
native_system/queue/running_reg/C	native_system/queue/queue_reg[1][575]/CE	-0.476	7.799	4
native_system/queue/running_reg/C	native_system/queue/queue_reg[1][579]/CE	-0.476	7.799	4
native_system/queue/running_reg/C	native_system/queue/queue_reg[1][764]/CE	-0.476	7.799	4
native_system/queue/running_reg/C	native_system/queue/queue_reg[1][765]/CE	-0.476	7.799	4
native_system/queue/running_reg/C	native_system/queue/queue_reg[1][929]/CE	-0.476	7.799	4
native_system/queue/running_reg/C	native_system/queue/queue_reg[3][1009]/CE	-0.476	7.763	4
native_system/queue/running_reg/C	native_system/queue/queue_reg[3][1255]/CE	-0.476	7.763	4
native_system/queue/running_reg/C	native_system/queue/queue_reg[3][1562]/CE	-0.476	7.763	4
native_system/queue/running_reg/C	native_system/queue/queue_reg[3][1654]/CE	-0.476	7.763	4
native_system/queue/running_reg/C	native_system/queue/queue_reg[3][1754]/CE	-0.476	7.763	4
native_system/queue/running_reg/C	native_system/queue/queue_reg[3][1894]/CE	-0.476	7.763	4
native_system/queue/running_reg/C	native_system/queue/queue_reg[3][1896]/CE	-0.476	7.763	4
native_system/queue/running_reg/C	native_system/queue/queue_reg[3][2046]/CE	-0.476	7.763	4
native_system/digital/cfg_reg[22][6]/C	native_system/digital/bank/shadow_requested_reg[51][6]/D	-0.476	7.910	0
native_system/queue/bus_wdata_reg[29]/C	native_system/digital/cfg_reg[4][13]/CE	-0.476	7.799	6
native_system/queue/bus_wdata_reg[29]/C	native_system/digital/cfg_reg[4][1]/CE	-0.476	7.799	6
native_system/queue/bus_wdata_reg[29]/C	native_system/digital/cfg_reg[4][9]/CE	-0.476	7.799	6
native_system/queue/running_reg/C	native_system/queue/queue_reg[1][306]/CE	-0.476	7.763	4
native_system/queue/running_reg/C	native_system/queue/queue_reg[1][363]/CE	-0.476	7.763	4
native_system/queue/running_reg/C	native_system/queue/queue_reg[1][507]/CE	-0.476	7.763	4
native_system/queue/running_reg/C	native_system/queue/queue_reg[1][515]/CE	-0.476	7.763	4
native_system/queue/running_reg/C	native_system/queue/queue_reg[1][647]/CE	-0.476	7.763	4
native_system/queue/running_reg/C	native_system/queue/queue_reg[1][652]/CE	-0.476	7.763	4
native_system/queue/running_reg/C	native_system/queue/queue_reg[1][663]/CE	-0.476	7.763	4
native_system/queue/running_reg/C	native_system/queue/queue_reg[1][754]/CE	-0.476	7.763	4
native_system/queue/running_reg/C	native_system/queue/queue_reg[1][265]/CE	-0.475	7.762	4
native_system/queue/running_reg/C	native_system/queue/queue_reg[1][362]/CE	-0.475	7.762	4
native_system/queue/running_reg/C	native_system/queue/queue_reg[1][366]/CE	-0.475	7.762	4
native_system/queue/running_reg/C	native_system/queue/queue_reg[1][385]/CE	-0.475	7.762	4
native_system/queue/running_reg/C	native_system/queue/queue_reg[1][1472]/CE	-0.475	7.762	4
native_system/queue/running_reg/C	native_system/queue/queue_reg[1][1636]/CE	-0.475	7.762	4
native_system/queue/running_reg/C	native_system/queue/queue_reg[1][1655]/CE	-0.475	7.762	4
native_system/queue/running_reg/C	native_system/queue/queue_reg[1][1736]/CE	-0.475	7.762	4
native_system/queue/running_reg/C	native_system/queue/queue_reg[1][1758]/CE	-0.475	7.762	4
native_system/queue/running_reg/C	native_system/queue/queue_reg[1][1894]/CE	-0.475	7.762	4
native_system/queue/running_reg/C	native_system/queue/queue_reg[1][596]/CE	-0.475	7.762	4
native_system/queue/running_reg/C	native_system/queue/queue_reg[1][817]/CE	-0.475	7.762	4
native_system/queue/running_reg/C	native_system/queue/active_reg[1244]/CE	-0.475	7.762	3
native_system/queue/running_reg/C	native_system/queue/active_reg[436]/CE	-0.475	7.762	3
native_system/queue/running_reg/C	native_system/queue/active_reg[531]/CE	-0.475	7.762	3
native_system/queue/running_reg/C	native_system/queue/active_reg[761]/CE	-0.475	7.762	3
native_system/digital/cfg_reg[21][2]/C	native_system/digital/bank/shadow_requested_reg[36][6]/CE	-0.475	7.559	1
native_system/queue/running_reg/C	native_system/queue/queue_reg[0][1190]/CE	-0.475	7.762	4
native_system/queue/running_reg/C	native_system/queue/queue_reg[0][1207]/CE	-0.475	7.762	4
native_system/queue/running_reg/C	native_system/queue/queue_reg[0][1234]/CE	-0.475	7.762	4
native_system/queue/running_reg/C	native_system/queue/queue_reg[0][1254]/CE	-0.475	7.762	4
native_system/queue/running_reg/C	native_system/queue/queue_reg[0][1414]/CE	-0.475	7.762	4
native_system/queue/running_reg/C	native_system/queue/queue_reg[0][773]/CE	-0.475	7.762	4
native_system/queue/running_reg/C	native_system/queue/queue_reg[0][845]/CE	-0.475	7.762	4
native_system/queue/running_reg/C	native_system/queue/queue_reg[0][961]/CE	-0.475	7.762	4
native_system/queue/running_reg/C	native_system/queue/queue_reg[0][2088]/CE	-0.474	7.761	4
native_system/queue/running_reg/C	native_system/queue/queue_reg[0][599]/CE	-0.474	7.761	4
native_system/queue/running_reg/C	native_system/queue/queue_reg[0][671]/CE	-0.474	7.761	4
native_system/queue/running_reg/C	native_system/queue/queue_reg[0][690]/CE	-0.474	7.761	4
native_system/queue/running_reg/C	native_system/queue/queue_reg[0][892]/CE	-0.474	7.761	4
native_system/queue/running_reg/C	native_system/queue/queue_reg[2][100]/CE	-0.473	7.760	4
native_system/queue/running_reg/C	native_system/queue/queue_reg[2][20]/CE	-0.473	7.760	4
native_system/queue/running_reg/C	native_system/queue/queue_reg[2][217]/CE	-0.473	7.760	4
native_system/queue/running_reg/C	native_system/queue/queue_reg[2][315]/CE	-0.473	7.760	4
native_system/queue/running_reg/C	native_system/queue/queue_reg[2][419]/CE	-0.473	7.760	4
native_system/queue/running_reg/C	native_system/queue/queue_reg[2][456]/CE	-0.473	7.760	4
native_system/queue/running_reg/C	native_system/queue/queue_reg[2][520]/CE	-0.473	7.760	4
native_system/queue/running_reg/C	native_system/queue/queue_reg[2][714]/CE	-0.473	7.760	4
native_system/queue/running_reg/C	native_system/queue/queue_reg[0][1102]/CE	-0.473	7.796	4
native_system/queue/running_reg/C	native_system/queue/queue_reg[0][1147]/CE	-0.473	7.796	4
native_system/queue/running_reg/C	native_system/queue/queue_reg[0][1230]/CE	-0.473	7.796	4
native_system/queue/running_reg/C	native_system/queue/queue_reg[0][1318]/CE	-0.473	7.796	4
native_system/queue/running_reg/C	native_system/queue/queue_reg[1][346]/CE	-0.473	7.760	4
native_system/queue/running_reg/C	native_system/queue/queue_reg[1][392]/CE	-0.473	7.760	4
native_system/queue/running_reg/C	native_system/queue/queue_reg[1][40]/CE	-0.473	7.760	4
native_system/queue/running_reg/C	native_system/queue/queue_reg[1][452]/CE	-0.473	7.760	4
native_system/queue/running_reg/C	native_system/queue/queue_reg[1][493]/CE	-0.473	7.760	4
native_system/queue/running_reg/C	native_system/queue/queue_reg[1][521]/CE	-0.473	7.760	4
native_system/queue/running_reg/C	native_system/queue/queue_reg[0][1440]/CE	-0.472	7.759	4
native_system/queue/running_reg/C	native_system/queue/queue_reg[0][1563]/CE	-0.472	7.759	4
native_system/queue/running_reg/C	native_system/queue/queue_reg[0][1598]/CE	-0.472	7.759	4
native_system/queue/running_reg/C	native_system/queue/queue_reg[0][1618]/CE	-0.472	7.759	4
native_system/queue/running_reg/C	native_system/queue/queue_reg[0][1822]/CE	-0.472	7.759	4
native_system/queue/running_reg/C	native_system/queue/queue_reg[0][1830]/CE	-0.472	7.759	4
native_system/queue/running_reg/C	native_system/queue/queue_reg[0][2022]/CE	-0.472	7.759	4
native_system/queue/running_reg/C	native_system/queue/queue_reg[0][2148]/CE	-0.472	7.759	4
native_system/queue/bus_address_reg[4]/C	bridge/s_rdata_reg[14]/D	-0.470	7.991	8
native_system/queue/running_reg/C	native_system/queue/queue_reg[3][117]/CE	-0.470	7.792	4
native_system/queue/running_reg/C	native_system/queue/queue_reg[3][378]/CE	-0.470	7.792	4
native_system/queue/running_reg/C	native_system/queue/queue_reg[3][381]/CE	-0.470	7.792	4
native_system/queue/running_reg/C	native_system/queue/queue_reg[3][501]/CE	-0.470	7.792	4
native_system/queue/running_reg/C	native_system/queue/active_reg[1171]/CE	-0.469	7.756	3
native_system/queue/running_reg/C	native_system/queue/active_reg[933]/CE	-0.469	7.756	3
native_system/digital/reset_sync_reg[1]/C	native_system/digital/bank/active_calibration_reg[24][5]/CLR	-0.466	7.553	1
native_system/digital/reset_sync_reg[1]/C	native_system/digital/bank/active_calibration_reg[76][4]/CLR	-0.466	7.553	1
native_system/digital/reset_sync_reg[1]/C	native_system/digital/bank/active_calibration_reg[77][1]/CLR	-0.466	7.553	1
native_system/digital/reset_sync_reg[1]/C	native_system/digital/bank/active_calibration_reg[77][6]/CLR	-0.466	7.553	1
native_system/digital/reset_sync_reg[1]/C	native_system/digital/bank/active_calibration_reg[77][7]/CLR	-0.466	7.553	1
native_system/digital/reset_sync_reg[1]/C	native_system/digital/bank/active_requested_reg[24][0]/CLR	-0.466	7.553	1
native_system/digital/reset_sync_reg[1]/C	native_system/digital/bank/active_requested_reg[24][6]/CLR	-0.466	7.553	1
native_system/digital/reset_sync_reg[1]/C	native_system/digital/bank/active_requested_reg[77][7]/CLR	-0.466	7.553	1
native_system/digital/reset_sync_reg[1]/C	native_system/digital/bank/active_requested_reg[77][5]/CLR	-0.465	7.596	1
native_system/digital/reset_sync_reg[1]/C	native_system/digital/bank/active_requested_reg[77][6]/CLR	-0.465	7.596	1
native_system/digital/reset_sync_reg[1]/C	native_system/digital/bank/active_requested_reg[78][3]/CLR	-0.465	7.596	1
native_system/digital/reset_sync_reg[1]/C	native_system/digital/bank/active_requested_reg[78][7]/CLR	-0.465	7.596	1
native_system/queue/running_reg/C	native_system/queue/queue_reg[2][1370]/CE	-0.463	7.750	4
native_system/digital/reset_sync_reg[1]/C	native_system/digital/boundary_reg/CLR	-0.463	7.594	1
native_system/queue/bus_wdata_reg[29]/C	native_system/digital/cfg_reg[6][13]/CE	-0.463	7.750	6
native_system/queue/running_reg/C	native_system/queue/queue_reg[0][1646]/CE	-0.462	7.749	4
native_system/queue/running_reg/C	native_system/queue/queue_reg[0][1658]/CE	-0.462	7.749	4
native_system/queue/running_reg/C	native_system/queue/queue_reg[0][1670]/CE	-0.462	7.749	4
native_system/queue/running_reg/C	native_system/queue/queue_reg[0][1701]/CE	-0.462	7.749	4
native_system/queue/running_reg/C	native_system/queue/queue_reg[0][1789]/CE	-0.462	7.749	4
native_system/queue/running_reg/C	native_system/queue/queue_reg[0][945]/CE	-0.462	7.749	4
native_system/digital/cfg_reg[21][4]/C	native_system/digital/bank/shadow_calibration_reg[97][0]/CE	-0.461	7.748	1
native_system/digital/cfg_reg[21][4]/C	native_system/digital/bank/shadow_calibration_reg[97][1]/CE	-0.461	7.748	1
native_system/digital/cfg_reg[21][4]/C	native_system/digital/bank/shadow_calibration_reg[97][2]/CE	-0.461	7.748	1
native_system/digital/cfg_reg[21][4]/C	native_system/digital/bank/shadow_calibration_reg[97][3]/CE	-0.461	7.748	1
native_system/digital/cfg_reg[21][4]/C	native_system/digital/bank/shadow_calibration_reg[97][4]/CE	-0.461	7.748	1
native_system/digital/cfg_reg[21][4]/C	native_system/digital/bank/shadow_calibration_reg[97][5]/CE	-0.461	7.748	1
native_system/digital/cfg_reg[21][4]/C	native_system/digital/bank/shadow_calibration_reg[97][7]/CE	-0.461	7.748	1
native_system/digital/boundary_reg/C	native_system/digital/bank/active_requested_reg[51][7]/CE	-0.459	7.782	1
native_system/digital/map_commit_reg/C	native_system/digital/bank/shadow_calibration_reg[95][4]/CE	-0.459	7.544	2
native_system/digital/map_commit_reg/C	native_system/digital/bank/shadow_calibration_reg[95][6]/CE	-0.459	7.544	2
native_system/digital/cfg_reg[22][7]/C	native_system/digital/bank/shadow_requested_reg[105][7]/D	-0.458	7.910	0
native_system/queue/rd_reg[0]_rep__6/C	native_system/queue/active_reg[1656]/D	-0.458	7.981	1
native_system/queue/running_reg/C	native_system/queue/queue_reg[1][1158]/CE	-0.457	7.744	4
native_system/queue/running_reg/C	native_system/queue/queue_reg[1][1217]/CE	-0.457	7.744	4
native_system/queue/running_reg/C	native_system/queue/queue_reg[1][1248]/CE	-0.457	7.744	4
native_system/queue/running_reg/C	native_system/queue/queue_reg[1][1306]/CE	-0.457	7.744	4
native_system/queue/running_reg/C	native_system/queue/queue_reg[1][1351]/CE	-0.457	7.744	4
native_system/queue/running_reg/C	native_system/queue/queue_reg[1][1357]/CE	-0.457	7.744	4
native_system/queue/running_reg/C	native_system/queue/queue_reg[1][1434]/CE	-0.457	7.744	4
native_system/queue/running_reg/C	native_system/queue/queue_reg[1][1444]/CE	-0.457	7.744	4
native_system/queue/running_reg/C	native_system/queue/queue_reg[1][1017]/CE	-0.457	7.744	4
native_system/queue/running_reg/C	native_system/queue/queue_reg[1][1590]/CE	-0.457	7.744	4
native_system/queue/running_reg/C	native_system/queue/queue_reg[1][1597]/CE	-0.457	7.744	4
native_system/queue/running_reg/C	native_system/queue/queue_reg[1][1772]/CE	-0.457	7.744	4
native_system/queue/running_reg/C	native_system/queue/queue_reg[1][1888]/CE	-0.457	7.744	4
native_system/queue/running_reg/C	native_system/queue/queue_reg[1][2146]/CE	-0.457	7.744	4
native_system/queue/running_reg/C	native_system/queue/queue_reg[1][913]/CE	-0.457	7.744	4
native_system/queue/running_reg/C	native_system/queue/queue_reg[1][917]/CE	-0.457	7.744	4
native_system/queue/rd_reg[1]_rep__16/C	native_system/queue/active_reg[1540]/D	-0.456	7.977	1
native_system/queue/running_reg/C	native_system/queue/queue_reg[1][1245]/CE	-0.456	7.779	4
native_system/digital/cfg_reg[21][4]/C	native_system/digital/bank/shadow_calibration_reg[35][2]/CE	-0.455	7.742	1
native_system/digital/cfg_reg[21][4]/C	native_system/digital/bank/shadow_calibration_reg[35][3]/CE	-0.455	7.742	1
native_system/digital/cfg_reg[21][4]/C	native_system/digital/bank/shadow_calibration_reg[35][4]/CE	-0.455	7.742	1
native_system/digital/cfg_reg[21][4]/C	native_system/digital/bank/shadow_calibration_reg[35][6]/CE	-0.455	7.742	1
native_system/digital/cfg_reg[21][4]/C	native_system/digital/bank/shadow_calibration_reg[35][7]/CE	-0.455	7.742	1
native_system/digital/cfg_reg[21][4]/C	native_system/digital/bank/shadow_requested_reg[35][2]/CE	-0.455	7.742	1
native_system/digital/cfg_reg[21][4]/C	native_system/digital/bank/shadow_requested_reg[35][4]/CE	-0.455	7.742	1
native_system/digital/cfg_reg[21][4]/C	native_system/digital/bank/shadow_requested_reg[35][6]/CE	-0.455	7.742	1
native_system/queue/running_reg/C	native_system/queue/queue_reg[3][157]/CE	-0.454	7.741	4
native_system/queue/running_reg/C	native_system/queue/queue_reg[3][201]/CE	-0.454	7.741	4
native_system/queue/running_reg/C	native_system/queue/queue_reg[3][221]/CE	-0.454	7.741	4
native_system/queue/running_reg/C	native_system/queue/queue_reg[3][257]/CE	-0.454	7.741	4
native_system/queue/running_reg/C	native_system/queue/queue_reg[3][282]/CE	-0.454	7.741	4
native_system/queue/running_reg/C	native_system/queue/queue_reg[3][348]/CE	-0.454	7.741	4
native_system/queue/running_reg/C	native_system/queue/queue_reg[3][509]/CE	-0.454	7.741	4
native_system/queue/running_reg/C	native_system/queue/queue_reg[3][578]/CE	-0.454	7.741	4
native_system/digital/cfg_reg[21][4]/C	native_system/digital/bank/shadow_requested_reg[97][3]/CE	-0.453	7.740	1
native_system/digital/cfg_reg[22][10]/C	native_system/digital/bank/shadow_calibration_reg[58][2]/D	-0.452	7.841	0
native_system/digital/boundary_reg/C	native_system/digital/bank/active_calibration_reg[21][5]/CE	-0.451	7.738	1
native_system/digital/boundary_reg/C	native_system/digital/bank/active_calibration_reg[21][6]/CE	-0.451	7.738	1
native_system/digital/boundary_reg/C	native_system/digital/bank/active_calibration_reg[23][1]/CE	-0.451	7.738	1
native_system/digital/boundary_reg/C	native_system/digital/bank/active_calibration_reg[23][2]/CE	-0.451	7.738	1
native_system/digital/boundary_reg/C	native_system/digital/bank/active_requested_reg[21][5]/CE	-0.451	7.738	1
native_system/digital/boundary_reg/C	native_system/digital/bank/active_requested_reg[21][7]/CE	-0.451	7.738	1
native_system/digital/boundary_reg/C	native_system/digital/bank/active_requested_reg[23][0]/CE	-0.451	7.738	1
native_system/digital/boundary_reg/C	native_system/digital/bank/active_requested_reg[23][6]/CE	-0.451	7.738	1
native_system/digital/cfg_reg[21][4]/C	native_system/digital/bank/shadow_calibration_reg[126][2]/CE	-0.451	7.738	1
native_system/digital/cfg_reg[21][4]/C	native_system/digital/bank/shadow_calibration_reg[126][5]/CE	-0.451	7.738	1
native_system/digital/cfg_reg[21][4]/C	native_system/digital/bank/shadow_calibration_reg[126][6]/CE	-0.451	7.738	1
native_system/digital/cfg_reg[21][4]/C	native_system/digital/bank/shadow_calibration_reg[126][7]/CE	-0.451	7.738	1
native_system/queue/bus_address_reg[4]/C	bridge/s_rdata_reg[16]/D	-0.451	8.020	7
native_system/queue/running_reg/C	native_system/queue/queue_reg[0][1112]/CE	-0.451	7.738	4
native_system/queue/running_reg/C	native_system/queue/queue_reg[0][575]/CE	-0.451	7.738	4
native_system/queue/running_reg/C	native_system/queue/queue_reg[3][1066]/CE	-0.451	7.738	4
native_system/queue/running_reg/C	native_system/queue/queue_reg[3][1347]/CE	-0.451	7.738	4
native_system/queue/running_reg/C	native_system/queue/queue_reg[3][1412]/CE	-0.451	7.738	4
native_system/queue/running_reg/C	native_system/queue/queue_reg[3][368]/CE	-0.451	7.738	4
native_system/queue/running_reg/C	native_system/queue/queue_reg[3][569]/CE	-0.451	7.738	4
native_system/queue/running_reg/C	native_system/queue/queue_reg[3][640]/CE	-0.451	7.738	4
native_system/queue/running_reg/C	native_system/queue/queue_reg[3][912]/CE	-0.451	7.738	4
native_system/queue/running_reg/C	native_system/queue/queue_reg[1][1025]/CE	-0.450	7.773	4
native_system/queue/running_reg/C	native_system/queue/queue_reg[1][1026]/CE	-0.450	7.773	4
native_system/queue/running_reg/C	native_system/queue/queue_reg[1][1033]/CE	-0.450	7.773	4
native_system/queue/running_reg/C	native_system/queue/queue_reg[1][1198]/CE	-0.450	7.773	4
native_system/queue/running_reg/C	native_system/queue/queue_reg[1][1373]/CE	-0.450	7.773	4
native_system/queue/running_reg/C	native_system/queue/queue_reg[1][441]/CE	-0.450	7.773	4
native_system/queue/running_reg/C	native_system/queue/queue_reg[1][610]/CE	-0.450	7.773	4
native_system/queue/running_reg/C	native_system/queue/queue_reg[1][781]/CE	-0.450	7.773	4
native_system/queue/running_reg/C	native_system/queue/active_reg[1021]/CE	-0.450	7.773	3
native_system/queue/running_reg/C	native_system/queue/active_reg[1240]/CE	-0.450	7.773	3
native_system/queue/running_reg/C	native_system/queue/active_reg[1261]/CE	-0.450	7.773	3
native_system/queue/running_reg/C	native_system/queue/active_reg[553]/CE	-0.450	7.773	3
native_system/digital/boundary_reg/C	native_system/digital/bank/active_calibration_reg[33][0]/CE	-0.449	7.772	1
native_system/digital/boundary_reg/C	native_system/digital/bank/active_calibration_reg[33][2]/CE	-0.449	7.772	1
native_system/digital/boundary_reg/C	native_system/digital/bank/active_requested_reg[33][0]/CE	-0.449	7.772	1
native_system/digital/boundary_reg/C	native_system/digital/bank/active_requested_reg[33][2]/CE	-0.449	7.772	1
native_system/queue/running_reg/C	native_system/queue/queue_reg[2][1368]/CE	-0.449	7.736	4
native_system/queue/running_reg/C	native_system/queue/queue_reg[2][1424]/CE	-0.449	7.736	4
native_system/queue/running_reg/C	native_system/queue/queue_reg[2][1432]/CE	-0.449	7.736	4
native_system/queue/running_reg/C	native_system/queue/queue_reg[2][1496]/CE	-0.449	7.736	4
native_system/queue/running_reg/C	native_system/queue/queue_reg[2][1551]/CE	-0.449	7.736	4
native_system/queue/running_reg/C	native_system/queue/queue_reg[2][1620]/CE	-0.449	7.736	4
native_system/queue/running_reg/C	native_system/queue/queue_reg[2][1822]/CE	-0.449	7.736	4
native_system/queue/running_reg/C	native_system/queue/queue_reg[2][2148]/CE	-0.449	7.736	4
native_system/queue/bus_wdata_reg[29]/C	native_system/digital/cfg_reg[3][17]/CE	-0.449	7.736	6
native_system/queue/bus_wdata_reg[29]/C	native_system/digital/cfg_reg[3][20]/CE	-0.449	7.736	6
native_system/queue/bus_wdata_reg[29]/C	native_system/digital/cfg_reg[3][22]/CE	-0.449	7.736	6
native_system/queue/running_reg/C	native_system/queue/queue_reg[1][1236]/CE	-0.449	7.736	4
native_system/queue/running_reg/C	native_system/queue/queue_reg[1][1427]/CE	-0.449	7.736	4
native_system/queue/running_reg/C	native_system/queue/queue_reg[1][1433]/CE	-0.449	7.736	4
native_system/queue/running_reg/C	native_system/queue/queue_reg[1][1200]/CE	-0.449	7.736	4
native_system/queue/running_reg/C	native_system/queue/queue_reg[1][1266]/CE	-0.449	7.736	4
native_system/queue/running_reg/C	native_system/queue/queue_reg[1][1303]/CE	-0.449	7.736	4
native_system/digital/reset_sync_reg[1]/C	native_system/digital/bank/active_calibration_reg[117][6]/CLR	-0.448	7.621	1
native_system/queue/running_reg/C	native_system/queue/queue_reg[0][1534]/CE	-0.448	7.735	4
native_system/queue/running_reg/C	native_system/queue/queue_reg[0][1736]/CE	-0.448	7.735	4
native_system/queue/running_reg/C	native_system/queue/queue_reg[0][1751]/CE	-0.448	7.735	4
native_system/queue/running_reg/C	native_system/queue/queue_reg[0][1757]/CE	-0.448	7.735	4
native_system/queue/running_reg/C	native_system/queue/queue_reg[0][1864]/CE	-0.448	7.735	4
native_system/queue/running_reg/C	native_system/queue/queue_reg[0][1894]/CE	-0.448	7.735	4
native_system/queue/running_reg/C	native_system/queue/queue_reg[0][1990]/CE	-0.448	7.735	4
native_system/queue/running_reg/C	native_system/queue/queue_reg[0][817]/CE	-0.448	7.735	4
native_system/digital/cfg_reg[21][4]/C	native_system/digital/bank/shadow_mask_reg[97]/CE	-0.447	7.734	1
native_system/digital/cfg_reg[21][4]/C	native_system/digital/bank/shadow_requested_reg[97][0]/CE	-0.447	7.734	1
native_system/digital/cfg_reg[21][4]/C	native_system/digital/bank/shadow_calibration_reg[124][4]/CE	-0.447	7.530	1
native_system/digital/cfg_reg[21][4]/C	native_system/digital/bank/shadow_calibration_reg[124][6]/CE	-0.447	7.530	1
native_system/digital/cfg_reg[21][4]/C	native_system/digital/bank/shadow_calibration_reg[124][7]/CE	-0.447	7.530	1
native_system/digital/cfg_reg[21][4]/C	native_system/digital/bank/shadow_requested_reg[124][2]/CE	-0.447	7.530	1
native_system/digital/cfg_reg[21][4]/C	native_system/digital/bank/shadow_requested_reg[124][3]/CE	-0.447	7.530	1
native_system/digital/cfg_reg[21][4]/C	native_system/digital/bank/shadow_requested_reg[124][4]/CE	-0.447	7.530	1
native_system/digital/cfg_reg[21][4]/C	native_system/digital/bank/shadow_requested_reg[124][7]/CE	-0.447	7.530	1
native_system/queue/running_reg/C	native_system/queue/queue_reg[3][347]/CE	-0.447	7.734	4
native_system/queue/running_reg/C	native_system/queue/queue_reg[3][371]/CE	-0.447	7.734	4
native_system/queue/running_reg/C	native_system/queue/queue_reg[3][666]/CE	-0.447	7.734	4
native_system/queue/running_reg/C	native_system/queue/queue_reg[3][703]/CE	-0.447	7.734	4
native_system/queue/running_reg/C	native_system/queue/queue_reg[3][751]/CE	-0.447	7.734	4
native_system/digital/map_commit_reg/C	native_system/digital/bank/shadow_calibration_reg[95][0]/CE	-0.446	7.531	2
native_system/digital/map_commit_reg/C	native_system/digital/bank/shadow_requested_reg[95][3]/CE	-0.446	7.531	2
native_system/digital/map_commit_reg/C	native_system/digital/bank/shadow_requested_reg[95][7]/CE	-0.446	7.531	2
native_system/queue/running_reg/C	native_system/queue/queue_reg[1][1129]/CE	-0.446	7.733	4
native_system/queue/running_reg/C	native_system/queue/queue_reg[1][1287]/CE	-0.446	7.733	4
native_system/queue/running_reg/C	native_system/queue/queue_reg[1][1308]/CE	-0.446	7.733	4
native_system/queue/running_reg/C	native_system/queue/queue_reg[1][600]/CE	-0.446	7.733	4
native_system/queue/running_reg/C	native_system/queue/queue_reg[1][601]/CE	-0.446	7.733	4
native_system/queue/running_reg/C	native_system/queue/queue_reg[1][684]/CE	-0.446	7.733	4
native_system/queue/running_reg/C	native_system/queue/queue_reg[1][705]/CE	-0.446	7.733	4
native_system/queue/running_reg/C	native_system/queue/queue_reg[1][719]/CE	-0.446	7.733	4
native_system/queue/running_reg/C	native_system/queue/queue_reg[1][112]/CE	-0.445	7.732	4
native_system/queue/running_reg/C	native_system/queue/queue_reg[1][36]/CE	-0.445	7.732	4
native_system/queue/running_reg/C	native_system/queue/queue_reg[1][571]/CE	-0.445	7.732	4
native_system/queue/running_reg/C	native_system/queue/queue_reg[1][695]/CE	-0.445	7.732	4
native_system/queue/running_reg/C	native_system/queue/queue_reg[2][1256]/CE	-0.445	7.732	4
native_system/queue/running_reg/C	native_system/queue/queue_reg[1][148]/CE	-0.444	7.731	4
native_system/queue/running_reg/C	native_system/queue/queue_reg[1][427]/CE	-0.444	7.731	4
native_system/queue/running_reg/C	native_system/queue/queue_reg[1][483]/CE	-0.444	7.731	4
native_system/queue/running_reg/C	native_system/queue/queue_reg[1][84]/CE	-0.444	7.731	4
native_system/queue/rd_reg[0]_rep__2/C	native_system/queue/active_reg[972]/D	-0.444	7.967	1
native_system/digital/reset_sync_reg[1]/C	native_system/digital/bank/active_requested_reg[1][5]/CLR	-0.443	7.616	1
native_system/digital/cfg_reg[22][10]/C	native_system/digital/bank/shadow_calibration_reg[88][2]/D	-0.442	7.880	0
native_system/digital/cfg_reg[22][4]/C	native_system/digital/bank/shadow_requested_reg[100][4]/D	-0.442	7.865	0
native_system/queue/running_reg/C	native_system/queue/active_reg[1043]/CE	-0.441	7.728	3
native_system/queue/running_reg/C	native_system/queue/active_reg[1350]/CE	-0.441	7.728	3
native_system/queue/running_reg/C	native_system/queue/active_reg[1482]/CE	-0.441	7.728	3
native_system/queue/running_reg/C	native_system/queue/active_reg[1552]/CE	-0.441	7.728	3
native_system/digital/reset_sync_reg[1]/C	native_system/digital/bank/active_calibration_reg[34][0]/CLR	-0.441	7.614	1
native_system/digital/reset_sync_reg[1]/C	native_system/digital/bank/active_calibration_reg[34][1]/CLR	-0.441	7.614	1
native_system/digital/reset_sync_reg[1]/C	native_system/digital/bank/active_calibration_reg[34][3]/CLR	-0.441	7.614	1
native_system/digital/reset_sync_reg[1]/C	native_system/digital/bank/active_mask_reg[119]/CLR	-0.441	7.614	1
native_system/digital/boundary_reg/C	native_system/digital/bank/active_requested_reg[127][4]/CE	-0.440	7.763	1
native_system/queue/running_reg/C	native_system/queue/queue_reg[1][1081]/CE	-0.440	7.727	4
native_system/queue/running_reg/C	native_system/queue/queue_reg[1][1085]/CE	-0.440	7.727	4
native_system/queue/running_reg/C	native_system/queue/queue_reg[1][1108]/CE	-0.440	7.727	4
native_system/queue/running_reg/C	native_system/queue/queue_reg[1][1137]/CE	-0.440	7.727	4
native_system/queue/running_reg/C	native_system/queue/queue_reg[1][1246]/CE	-0.440	7.727	4
native_system/queue/running_reg/C	native_system/queue/queue_reg[1][1435]/CE	-0.440	7.727	4
native_system/digital/cfg_reg[21][1]/C	native_system/digital/bank/shadow_calibration_reg[93][7]/CE	-0.439	7.726	1
native_system/queue/running_reg/C	native_system/queue/queue_reg[1][347]/CE	-0.439	7.726	4
native_system/queue/running_reg/C	native_system/queue/queue_reg[1][371]/CE	-0.439	7.726	4
native_system/queue/running_reg/C	native_system/queue/queue_reg[1][703]/CE	-0.439	7.726	4
native_system/queue/running_reg/C	native_system/queue/queue_reg[1][751]/CE	-0.439	7.726	4
native_system/queue/running_reg/C	native_system/queue/queue_reg[1][397]/CE	-0.439	7.762	4
native_system/digital/cfg_reg[21][1]/C	native_system/digital/bank/shadow_requested_reg[101][7]/CE	-0.439	7.762	1
native_system/digital/cfg_reg[21][4]/C	native_system/digital/bank/shadow_calibration_reg[100][0]/CE	-0.439	7.726	1
native_system/digital/cfg_reg[21][4]/C	native_system/digital/bank/shadow_calibration_reg[100][6]/CE	-0.438	7.725	1
native_system/digital/cfg_reg[21][4]/C	native_system/digital/bank/shadow_calibration_reg[100][7]/CE	-0.438	7.725	1
native_system/digital/cfg_reg[21][4]/C	native_system/digital/bank/shadow_requested_reg[100][5]/CE	-0.438	7.725	1
native_system/digital/cfg_reg[21][4]/C	native_system/digital/bank/shadow_requested_reg[100][6]/CE	-0.438	7.725	1
native_system/queue/bus_wdata_reg[29]/C	native_system/digital/cfg_reg[10][0]/CE	-0.438	7.725	7
native_system/queue/bus_wdata_reg[29]/C	native_system/digital/cfg_reg[10][10]/CE	-0.438	7.725	7
native_system/queue/bus_wdata_reg[29]/C	native_system/digital/cfg_reg[10][16]/CE	-0.438	7.725	7
native_system/queue/bus_wdata_reg[29]/C	native_system/digital/cfg_reg[10][17]/CE	-0.438	7.725	7
native_system/queue/bus_wdata_reg[29]/C	native_system/digital/cfg_reg[10][18]/CE	-0.438	7.725	7
native_system/queue/bus_wdata_reg[29]/C	native_system/digital/cfg_reg[10][19]/CE	-0.438	7.725	7
native_system/queue/bus_wdata_reg[29]/C	native_system/digital/cfg_reg[10][1]/CE	-0.438	7.725	7
native_system/queue/bus_wdata_reg[29]/C	native_system/digital/cfg_reg[10][20]/CE	-0.438	7.725	7
native_system/digital/boundary_reg/C	native_system/digital/bank/active_calibration_reg[50][3]/CE	-0.436	7.759	1
native_system/digital/boundary_reg/C	native_system/digital/bank/active_calibration_reg[50][5]/CE	-0.436	7.759	1
native_system/digital/boundary_reg/C	native_system/digital/bank/active_requested_reg[0][5]/CE	-0.436	7.759	1
native_system/digital/boundary_reg/C	native_system/digital/bank/active_requested_reg[50][1]/CE	-0.436	7.759	1
native_system/queue/running_reg/C	native_system/queue/queue_reg[1][2110]/CE	-0.436	7.723	4
native_system/queue/running_reg/C	native_system/queue/queue_reg[1][2168]/CE	-0.436	7.723	4
native_system/queue/running_reg/C	native_system/queue/queue_reg[1][650]/CE	-0.436	7.723	4
native_system/queue/running_reg/C	native_system/queue/queue_reg[1][658]/CE	-0.436	7.723	4
native_system/queue/running_reg/C	native_system/queue/queue_reg[1][699]/CE	-0.436	7.723	4
native_system/queue/running_reg/C	native_system/queue/queue_reg[2][1106]/CE	-0.435	7.758	4
native_system/queue/running_reg/C	native_system/queue/queue_reg[2][1125]/CE	-0.435	7.758	4
native_system/queue/running_reg/C	native_system/queue/queue_reg[2][1319]/CE	-0.435	7.758	4
native_system/queue/running_reg/C	native_system/queue/queue_reg[2][1389]/CE	-0.435	7.758	4
native_system/queue/running_reg/C	native_system/queue/queue_reg[2][1450]/CE	-0.435	7.758	4
native_system/queue/running_reg/C	native_system/queue/queue_reg[2][1511]/CE	-0.435	7.758	4
native_system/queue/running_reg/C	native_system/queue/queue_reg[2][1074]/CE	-0.435	7.722	4
native_system/queue/running_reg/C	native_system/queue/queue_reg[2][1136]/CE	-0.435	7.722	4
native_system/queue/running_reg/C	native_system/queue/queue_reg[2][1148]/CE	-0.435	7.722	4
native_system/queue/running_reg/C	native_system/queue/queue_reg[2][1166]/CE	-0.435	7.722	4
native_system/queue/running_reg/C	native_system/queue/queue_reg[2][1241]/CE	-0.435	7.722	4
native_system/queue/running_reg/C	native_system/queue/queue_reg[2][1446]/CE	-0.435	7.722	4
native_system/queue/running_reg/C	native_system/queue/queue_reg[2][1493]/CE	-0.435	7.722	4
native_system/queue/running_reg/C	native_system/queue/queue_reg[2][1522]/CE	-0.435	7.722	4
native_system/queue/running_reg/C	native_system/queue/queue_reg[0][1082]/CE	-0.434	7.721	4
native_system/queue/running_reg/C	native_system/queue/queue_reg[0][1095]/CE	-0.434	7.721	4
native_system/queue/running_reg/C	native_system/queue/queue_reg[0][1104]/CE	-0.434	7.721	4
native_system/queue/running_reg/C	native_system/queue/queue_reg[0][1159]/CE	-0.434	7.721	4
native_system/queue/running_reg/C	native_system/queue/queue_reg[0][1194]/CE	-0.434	7.721	4
native_system/queue/running_reg/C	native_system/queue/queue_reg[0][1195]/CE	-0.434	7.721	4
native_system/queue/running_reg/C	native_system/queue/queue_reg[0][1223]/CE	-0.434	7.721	4
native_system/queue/running_reg/C	native_system/queue/queue_reg[0][908]/CE	-0.434	7.721	4
native_system/queue/running_reg/C	native_system/queue/queue_reg[2][293]/CE	-0.434	7.721	4
native_system/queue/running_reg/C	native_system/queue/queue_reg[2][444]/CE	-0.434	7.721	4
native_system/queue/running_reg/C	native_system/queue/queue_reg[2][60]/CE	-0.434	7.721	4
native_system/queue/running_reg/C	native_system/queue/queue_reg[2][614]/CE	-0.434	7.721	4
native_system/queue/running_reg/C	native_system/queue/queue_reg[2][722]/CE	-0.434	7.721	4
native_system/digital/cfg_reg[22][6]/C	native_system/digital/bank/shadow_requested_reg[90][6]/D	-0.433	7.864	0
native_system/digital/boundary_reg/C	native_system/digital/bank/active_calibration_reg[44][3]/CE	-0.432	7.719	1
native_system/digital/boundary_reg/C	native_system/digital/bank/active_requested_reg[44][1]/CE	-0.432	7.719	1
native_system/queue/running_reg/C	native_system/queue/queue_reg[2][1312]/CE	-0.432	7.719	4
native_system/queue/running_reg/C	native_system/queue/queue_reg[2][672]/CE	-0.432	7.719	4
native_system/queue/running_reg/C	native_system/queue/queue_reg[2][698]/CE	-0.432	7.719	4
native_system/queue/running_reg/C	native_system/queue/queue_reg[2][900]/CE	-0.432	7.719	4
native_system/queue/running_reg/C	native_system/queue/queue_reg[0][2170]/CE	-0.432	7.719	4
native_system/queue/running_reg/C	native_system/queue/queue_reg[0][278]/CE	-0.432	7.719	4
native_system/queue/running_reg/C	native_system/queue/queue_reg[0][324]/CE	-0.432	7.719	4
native_system/queue/running_reg/C	native_system/queue/queue_reg[0][367]/CE	-0.432	7.719	4
native_system/queue/running_reg/C	native_system/queue/queue_reg[0][481]/CE	-0.432	7.719	4
native_system/queue/running_reg/C	native_system/queue/queue_reg[0][902]/CE	-0.432	7.719	4
native_system/digital/cfg_reg[21][4]/C	native_system/digital/bank/shadow_calibration_reg[90][0]/CE	-0.431	7.510	1
native_system/queue/running_reg/C	native_system/queue/queue_reg[3][1430]/CE	-0.431	7.718	4
native_system/queue/running_reg/C	native_system/queue/queue_reg[3][1534]/CE	-0.431	7.718	4
native_system/queue/running_reg/C	native_system/queue/queue_reg[3][1636]/CE	-0.431	7.718	4
native_system/queue/running_reg/C	native_system/queue/queue_reg[3][1706]/CE	-0.431	7.718	4
native_system/queue/running_reg/C	native_system/queue/queue_reg[3][1772]/CE	-0.431	7.718	4
native_system/queue/running_reg/C	native_system/queue/queue_reg[3][561]/CE	-0.431	7.718	4
native_system/queue/running_reg/C	native_system/queue/queue_reg[3][809]/CE	-0.431	7.718	4
native_system/queue/running_reg/C	native_system/queue/queue_reg[3][917]/CE	-0.431	7.718	4
native_system/digital/cfg_reg[22][7]/C	native_system/digital/bank/shadow_requested_reg[125][7]/D	-0.430	7.882	0
native_system/digital/reset_sync_reg[1]/C	native_system/digital/scheduler/frame_count_reg[4]/CLR	-0.429	7.516	1
native_system/digital/reset_sync_reg[1]/C	native_system/digital/scheduler/frame_count_reg[7]/CLR	-0.429	7.516	1
native_system/queue/running_reg/C	native_system/queue/queue_reg[2][1135]/CE	-0.429	7.716	4
native_system/queue/running_reg/C	native_system/queue/queue_reg[2][1637]/CE	-0.429	7.716	4
native_system/queue/running_reg/C	native_system/queue/queue_reg[2][1658]/CE	-0.429	7.716	4
native_system/queue/running_reg/C	native_system/queue/queue_reg[2][1701]/CE	-0.429	7.716	4
native_system/queue/running_reg/C	native_system/queue/queue_reg[2][1976]/CE	-0.429	7.716	4
native_system/queue/running_reg/C	native_system/queue/queue_reg[2][2036]/CE	-0.429	7.716	4
native_system/queue/running_reg/C	native_system/queue/queue_reg[2][548]/CE	-0.429	7.716	4
native_system/queue/running_reg/C	native_system/queue/queue_reg[2][825]/CE	-0.429	7.716	4
native_system/queue/running_reg/C	native_system/queue/queue_reg[2][981]/CE	-0.429	7.716	4
native_system/digital/cfg_reg[22][14]/C	native_system/digital/bank/shadow_calibration_reg[98][6]/D	-0.429	7.854	0
native_system/digital/reset_sync_reg[1]/C	native_system/digital/scheduler/period_count_reg[2]/CLR	-0.429	7.516	1
native_system/digital/reset_sync_reg[1]/C	native_system/digital/scheduler/period_count_reg[3]/CLR	-0.429	7.516	1
native_system/queue/running_reg/C	native_system/queue/active_reg[1475]/CE	-0.428	7.715	3
native_system/queue/running_reg/C	native_system/queue/active_reg[685]/CE	-0.428	7.715	3
native_system/queue/running_reg/C	native_system/queue/active_reg[717]/CE	-0.428	7.715	3
native_system/queue/running_reg/C	native_system/queue/active_reg[776]/CE	-0.428	7.715	3
native_system/queue/running_reg/C	native_system/queue/queue_reg[2][1045]/CE	-0.426	7.713	4
native_system/queue/running_reg/C	native_system/queue/queue_reg[2][1061]/CE	-0.426	7.713	4
native_system/queue/running_reg/C	native_system/queue/queue_reg[2][1068]/CE	-0.426	7.713	4
native_system/queue/running_reg/C	native_system/queue/queue_reg[2][1237]/CE	-0.426	7.713	4
native_system/queue/running_reg/C	native_system/queue/queue_reg[2][1387]/CE	-0.426	7.713	4
native_system/queue/bus_wdata_reg[29]/C	native_system/digital/cfg_reg[10][11]/CE	-0.426	7.713	7
native_system/queue/bus_wdata_reg[29]/C	native_system/digital/cfg_reg[10][13]/CE	-0.426	7.713	7
native_system/queue/running_reg/C	bridge/s_rdata_reg[4]/D	-0.425	7.946	7
native_system/queue/running_reg/C	native_system/queue/queue_reg[0][344]/CE	-0.425	7.712	4
native_system/queue/running_reg/C	native_system/queue/queue_reg[0][406]/CE	-0.425	7.712	4
native_system/queue/running_reg/C	native_system/queue/queue_reg[0][506]/CE	-0.425	7.712	4
native_system/queue/running_reg/C	native_system/queue/queue_reg[0][870]/CE	-0.425	7.712	4
native_system/queue/running_reg/C	native_system/queue/queue_reg[2][112]/CE	-0.425	7.712	4
native_system/queue/running_reg/C	native_system/queue/queue_reg[2][36]/CE	-0.425	7.712	4
native_system/queue/running_reg/C	native_system/queue/queue_reg[2][571]/CE	-0.425	7.712	4
native_system/queue/running_reg/C	native_system/queue/queue_reg[2][695]/CE	-0.425	7.712	4
native_system/digital/cfg_reg[22][2]/C	native_system/digital/bank/shadow_requested_reg[101][2]/D	-0.424	7.855	0
native_system/queue/running_reg/C	native_system/queue/queue_reg[2][1354]/CE	-0.424	7.711	4
native_system/digital/reset_sync_reg[1]/C	native_system/digital/bank/active_calibration_reg[77][4]/CLR	-0.423	7.596	1
native_system/digital/reset_sync_reg[1]/C	native_system/digital/bank/active_calibration_reg[78][5]/CLR	-0.423	7.596	1
native_system/digital/reset_sync_reg[1]/C	native_system/digital/bank/active_mask_reg[77]/CLR	-0.423	7.596	1
native_system/digital/reset_sync_reg[1]/C	native_system/digital/bank/active_requested_reg[71][2]/CLR	-0.423	7.596	1
native_system/queue/running_reg/C	native_system/queue/active_reg[1235]/CE	-0.422	7.709	3
native_system/queue/running_reg/C	native_system/queue/active_reg[789]/CE	-0.422	7.709	3
native_system/queue/running_reg/C	native_system/queue/active_reg[840]/CE	-0.422	7.709	3
native_system/digital/cfg_reg[22][5]/C	native_system/digital/bank/shadow_requested_reg[110][5]/D	-0.421	7.855	0
native_system/digital/reset_sync_reg[1]/C	native_system/digital/bank/written_reg[28]/CLR	-0.421	7.594	1
native_system/digital/reset_sync_reg[1]/C	native_system/digital/bank/written_reg[29]/CLR	-0.421	7.594	1
native_system/digital/reset_sync_reg[1]/C	native_system/digital/bank/written_reg[30]/CLR	-0.421	7.594	1
native_system/digital/boundary_reg/C	native_system/digital/bank/active_calibration_reg[5][5]/CE	-0.420	7.743	1
native_system/digital/boundary_reg/C	native_system/digital/bank/active_mask_reg[1]/CE	-0.420	7.743	1
native_system/digital/boundary_reg/C	native_system/digital/bank/active_requested_reg[5][7]/CE	-0.420	7.743	1
native_system/digital/cfg_reg[22][2]/C	native_system/digital/bank/shadow_requested_reg[120][2]/D	-0.420	7.841	0
native_system/queue/running_reg/C	native_system/queue/queue_reg[0][1256]/CE	-0.420	7.707	4
native_system/queue/running_reg/C	native_system/queue/queue_reg[0][265]/CE	-0.419	7.706	4
native_system/queue/running_reg/C	native_system/queue/queue_reg[0][277]/CE	-0.419	7.706	4
native_system/queue/running_reg/C	native_system/queue/queue_reg[0][321]/CE	-0.419	7.706	4
native_system/queue/running_reg/C	native_system/queue/queue_reg[0][333]/CE	-0.419	7.706	4
native_system/queue/running_reg/C	native_system/queue/queue_reg[0][362]/CE	-0.419	7.706	4
native_system/queue/running_reg/C	native_system/queue/queue_reg[0][366]/CE	-0.419	7.706	4
native_system/queue/running_reg/C	native_system/queue/queue_reg[0][385]/CE	-0.419	7.706	4
native_system/queue/running_reg/C	native_system/queue/queue_reg[0][397]/CE	-0.419	7.706	4
native_system/digital/reset_sync_reg[1]/C	native_system/digital/scheduler/issued_reg[12]/CLR	-0.419	7.506	1
native_system/digital/reset_sync_reg[1]/C	native_system/digital/scheduler/issued_reg[13]/CLR	-0.419	7.506	1
native_system/digital/reset_sync_reg[1]/C	native_system/digital/scheduler/issued_reg[2]/CLR	-0.419	7.506	1
native_system/digital/reset_sync_reg[1]/C	native_system/digital/scheduler/issued_reg[3]/CLR	-0.419	7.506	1
native_system/digital/reset_sync_reg[1]/C	native_system/digital/scheduler/issued_reg[4]/CLR	-0.419	7.506	1
native_system/digital/reset_sync_reg[1]/C	native_system/digital/scheduler/issued_reg[5]/CLR	-0.419	7.506	1
native_system/digital/reset_sync_reg[1]/C	native_system/digital/scheduler/issued_reg[6]/CLR	-0.419	7.506	1
native_system/digital/reset_sync_reg[1]/C	native_system/digital/scheduler/issued_reg[7]/CLR	-0.419	7.506	1
native_system/digital/cfg_reg[21][4]/C	native_system/digital/bank/shadow_calibration_reg[90][7]/CE	-0.418	7.497	1
native_system/digital/cfg_reg[21][4]/C	native_system/digital/bank/shadow_requested_reg[90][4]/CE	-0.418	7.497	1
native_system/digital/cfg_reg[21][4]/C	native_system/digital/bank/shadow_requested_reg[90][5]/CE	-0.418	7.497	1
native_system/digital/boundary_reg/C	native_system/digital/bank/active_calibration_reg[11][5]/CE	-0.418	7.741	1
native_system/digital/boundary_reg/C	native_system/digital/bank/active_calibration_reg[11][7]/CE	-0.418	7.741	1
native_system/digital/boundary_reg/C	native_system/digital/bank/active_calibration_reg[21][2]/CE	-0.418	7.741	1
native_system/digital/boundary_reg/C	native_system/digital/bank/active_calibration_reg[21][3]/CE	-0.418	7.741	1
native_system/queue/running_reg/C	native_system/queue/active_reg[1035]/CE	-0.415	7.702	3
native_system/queue/running_reg/C	native_system/queue/active_reg[1377]/CE	-0.415	7.702	3
native_system/queue/running_reg/C	native_system/queue/active_reg[748]/CE	-0.415	7.702	3
native_system/queue/running_reg/C	native_system/queue/active_reg[988]/CE	-0.415	7.702	3
native_system/queue/running_reg/C	native_system/queue/queue_reg[3][1012]/CE	-0.415	7.738	4
native_system/queue/running_reg/C	native_system/queue/queue_reg[3][1114]/CE	-0.415	7.738	4
native_system/queue/running_reg/C	native_system/queue/queue_reg[3][1155]/CE	-0.415	7.738	4
native_system/queue/running_reg/C	native_system/queue/queue_reg[3][1287]/CE	-0.415	7.738	4
native_system/queue/running_reg/C	native_system/queue/queue_reg[3][1379]/CE	-0.415	7.738	4
native_system/queue/running_reg/C	native_system/queue/queue_reg[3][1750]/CE	-0.415	7.738	4
native_system/queue/running_reg/C	native_system/queue/queue_reg[3][697]/CE	-0.415	7.738	4
native_system/queue/running_reg/C	native_system/queue/queue_reg[3][723]/CE	-0.415	7.738	4
native_system/queue/running_reg/C	native_system/queue/active_reg[1393]/CE	-0.414	7.701	3
native_system/queue/running_reg/C	native_system/queue/active_reg[1448]/CE	-0.414	7.701	3
native_system/queue/running_reg/C	native_system/queue/active_reg[768]/CE	-0.414	7.701	3
native_system/queue/running_reg/C	native_system/queue/queue_reg[0][148]/CE	-0.414	7.701	4
native_system/queue/running_reg/C	native_system/queue/queue_reg[0][427]/CE	-0.414	7.701	4
native_system/queue/running_reg/C	native_system/queue/queue_reg[0][483]/CE	-0.414	7.701	4
native_system/queue/running_reg/C	native_system/queue/queue_reg[0][520]/CE	-0.414	7.701	4
native_system/queue/running_reg/C	native_system/queue/queue_reg[0][652]/CE	-0.414	7.701	4
native_system/queue/running_reg/C	native_system/queue/queue_reg[0][84]/CE	-0.414	7.701	4
native_system/digital/cfg_reg[22][10]/C	native_system/digital/bank/shadow_calibration_reg[56][2]/D	-0.413	7.860	0
native_system/queue/running_reg/C	native_system/queue/queue_reg[1][1062]/CE	-0.412	7.735	4
native_system/queue/running_reg/C	native_system/queue/queue_reg[1][1182]/CE	-0.412	7.735	4
native_system/queue/running_reg/C	native_system/queue/queue_reg[1][1421]/CE	-0.412	7.735	4
native_system/digital/boundary_reg/C	native_system/digital/bank/active_calibration_reg[21][4]/CE	-0.412	7.699	1
native_system/digital/boundary_reg/C	native_system/digital/bank/active_calibration_reg[21][7]/CE	-0.412	7.699	1
native_system/digital/boundary_reg/C	native_system/digital/bank/active_requested_reg[21][4]/CE	-0.412	7.699	1
native_system/digital/boundary_reg/C	native_system/digital/bank/active_requested_reg[21][6]/CE	-0.412	7.699	1
native_system/digital/cfg_reg[21][4]/C	native_system/digital/bank/shadow_calibration_reg[124][1]/CE	-0.412	7.495	1
native_system/digital/cfg_reg[21][4]/C	native_system/digital/bank/shadow_calibration_reg[124][2]/CE	-0.412	7.495	1
native_system/digital/cfg_reg[21][4]/C	native_system/digital/bank/shadow_calibration_reg[124][3]/CE	-0.412	7.495	1
native_system/digital/cfg_reg[21][4]/C	native_system/digital/bank/shadow_requested_reg[124][0]/CE	-0.412	7.495	1
native_system/digital/reset_sync_reg[1]/C	native_system/digital/bank/shadow_calibration_reg[117][3]/CLR	-0.411	7.584	1
native_system/digital/reset_sync_reg[1]/C	native_system/digital/bank/shadow_calibration_reg[117][6]/CLR	-0.411	7.584	1
native_system/digital/reset_sync_reg[1]/C	native_system/digital/bank/shadow_requested_reg[117][2]/CLR	-0.411	7.584	1
native_system/digital/reset_sync_reg[1]/C	native_system/digital/bank/shadow_requested_reg[117][5]/CLR	-0.411	7.584	1
native_system/queue/running_reg/C	native_system/queue/queue_reg[3][1818]/CE	-0.411	7.698	4
native_system/queue/running_reg/C	native_system/queue/queue_reg[3][1878]/CE	-0.411	7.698	4
native_system/queue/running_reg/C	native_system/queue/queue_reg[3][849]/CE	-0.411	7.698	4
native_system/queue/running_reg/C	native_system/queue/queue_reg[2][1065]/CE	-0.410	7.733	4
native_system/queue/running_reg/C	native_system/queue/queue_reg[2][1122]/CE	-0.410	7.733	4
native_system/queue/running_reg/C	native_system/queue/queue_reg[2][1154]/CE	-0.410	7.733	4
native_system/queue/running_reg/C	native_system/queue/queue_reg[2][1185]/CE	-0.410	7.733	4
native_system/queue/running_reg/C	native_system/queue/queue_reg[2][1268]/CE	-0.410	7.733	4
native_system/queue/running_reg/C	native_system/queue/queue_reg[2][1349]/CE	-0.410	7.733	4
native_system/queue/running_reg/C	native_system/queue/queue_reg[2][1380]/CE	-0.410	7.733	4
native_system/queue/running_reg/C	native_system/queue/queue_reg[2][1491]/CE	-0.410	7.733	4
native_system/queue/running_reg/C	native_system/queue/active_reg[1348]/CE	-0.409	7.696	3
native_system/queue/running_reg/C	native_system/queue/active_reg[533]/CE	-0.409	7.696	3
native_system/queue/running_reg/C	native_system/queue/active_reg[719]/CE	-0.409	7.696	3
native_system/queue/running_reg/C	native_system/queue/active_reg[725]/CE	-0.409	7.696	3
native_system/queue/running_reg/C	native_system/queue/queue_reg[2][1041]/CE	-0.409	7.732	4
native_system/queue/running_reg/C	native_system/queue/queue_reg[2][1217]/CE	-0.409	7.732	4
native_system/queue/running_reg/C	native_system/queue/queue_reg[2][1248]/CE	-0.409	7.732	4
native_system/queue/running_reg/C	native_system/queue/queue_reg[2][1306]/CE	-0.409	7.732	4
native_system/queue/running_reg/C	native_system/queue/queue_reg[2][1337]/CE	-0.409	7.732	4
native_system/queue/running_reg/C	native_system/queue/queue_reg[2][1351]/CE	-0.409	7.732	4
native_system/queue/running_reg/C	native_system/queue/queue_reg[2][1473]/CE	-0.409	7.732	4
native_system/queue/running_reg/C	native_system/queue/queue_reg[2][1530]/CE	-0.409	7.732	4
native_system/queue/running_reg/C	native_system/queue/queue_reg[0][1054]/CE	-0.408	7.695	4
native_system/queue/running_reg/C	native_system/queue/queue_reg[0][1177]/CE	-0.408	7.695	4
native_system/queue/running_reg/C	native_system/queue/queue_reg[0][1201]/CE	-0.408	7.695	4
native_system/queue/running_reg/C	native_system/queue/queue_reg[0][1277]/CE	-0.408	7.695	4
native_system/queue/running_reg/C	native_system/queue/queue_reg[0][1395]/CE	-0.408	7.695	4
native_system/queue/running_reg/C	native_system/queue/queue_reg[0][1423]/CE	-0.408	7.695	4
native_system/queue/running_reg/C	native_system/queue/queue_reg[0][1455]/CE	-0.408	7.695	4
native_system/queue/running_reg/C	native_system/queue/queue_reg[0][1509]/CE	-0.408	7.695	4
native_system/queue/running_reg/C	native_system/queue/queue_reg[2][601]/CE	-0.408	7.695	4
native_system/queue/running_reg/C	native_system/queue/queue_reg[2][633]/CE	-0.408	7.695	4
native_system/queue/running_reg/C	native_system/queue/active_reg[600]/CE	-0.408	7.731	3
native_system/queue/running_reg/C	native_system/queue/active_reg[684]/CE	-0.408	7.731	3
native_system/queue/running_reg/C	native_system/queue/active_reg[705]/CE	-0.408	7.731	3
native_system/digital/reset_sync_reg[1]/C	native_system/digital/bank/shadow_calibration_reg[4][0]/CLR	-0.407	7.494	1
native_system/digital/reset_sync_reg[1]/C	native_system/digital/bank/shadow_calibration_reg[4][1]/CLR	-0.407	7.494	1
native_system/digital/reset_sync_reg[1]/C	native_system/digital/bank/shadow_calibration_reg[4][2]/CLR	-0.407	7.494	1
native_system/digital/reset_sync_reg[1]/C	native_system/digital/bank/shadow_calibration_reg[4][3]/CLR	-0.407	7.494	1
native_system/digital/reset_sync_reg[1]/C	native_system/digital/bank/shadow_calibration_reg[4][6]/CLR	-0.407	7.494	1
native_system/digital/reset_sync_reg[1]/C	native_system/digital/bank/shadow_requested_reg[4][2]/CLR	-0.407	7.494	1
native_system/digital/reset_sync_reg[1]/C	native_system/digital/bank/shadow_requested_reg[4][4]/CLR	-0.407	7.494	1
native_system/queue/running_reg/C	native_system/queue/queue_reg[1][1091]/CE	-0.407	7.694	4
native_system/queue/running_reg/C	native_system/queue/queue_reg[1][1227]/CE	-0.407	7.694	4
native_system/queue/running_reg/C	native_system/queue/queue_reg[1][1338]/CE	-0.407	7.694	4
native_system/queue/running_reg/C	native_system/queue/queue_reg[1][1460]/CE	-0.407	7.694	4
native_system/queue/running_reg/C	native_system/queue/queue_reg[1][1481]/CE	-0.407	7.694	4
native_system/queue/running_reg/C	native_system/queue/queue_reg[1][1424]/CE	-0.406	7.693	4
native_system/queue/running_reg/C	native_system/queue/queue_reg[1][1432]/CE	-0.406	7.693	4
native_system/queue/running_reg/C	native_system/queue/queue_reg[1][1496]/CE	-0.406	7.693	4
native_system/queue/running_reg/C	native_system/queue/queue_reg[1][1620]/CE	-0.406	7.693	4
native_system/queue/running_reg/C	native_system/queue/queue_reg[1][1640]/CE	-0.406	7.693	4
native_system/queue/running_reg/C	native_system/queue/queue_reg[1][1722]/CE	-0.406	7.693	4
native_system/queue/running_reg/C	native_system/queue/queue_reg[1][1886]/CE	-0.406	7.693	4
native_system/queue/running_reg/C	native_system/queue/queue_reg[1][2038]/CE	-0.406	7.693	4
native_system/digital/boundary_reg/C	native_system/digital/bank/active_calibration_reg[19][4]/CE	-0.406	7.729	1
native_system/digital/boundary_reg/C	native_system/digital/bank/active_requested_reg[19][5]/CE	-0.406	7.729	1
native_system/digital/master_phase_reg[1]_rep/C	native_system/digital/serial/captured_reg[87]/D	-0.405	7.850	3
native_system/queue/bus_wdata_reg[29]/C	native_system/digital/cfg_reg[3][14]/CE	-0.404	7.691	6
native_system/queue/running_reg/C	native_system/queue/queue_reg[3][1171]/CE	-0.403	7.690	4
native_system/queue/running_reg/C	native_system/queue/queue_reg[3][1544]/CE	-0.403	7.690	4
native_system/queue/running_reg/C	native_system/queue/queue_reg[3][1558]/CE	-0.403	7.690	4
native_system/queue/running_reg/C	native_system/queue/queue_reg[3][1624]/CE	-0.403	7.690	4
native_system/queue/running_reg/C	native_system/queue/queue_reg[3][1658]/CE	-0.403	7.690	4
native_system/queue/running_reg/C	native_system/queue/queue_reg[3][2036]/CE	-0.403	7.690	4
native_system/queue/running_reg/C	native_system/queue/queue_reg[3][744]/CE	-0.403	7.690	4
native_system/queue/running_reg/C	native_system/queue/queue_reg[3][900]/CE	-0.403	7.690	4
native_system/queue/running_reg/C	native_system/queue/queue_reg[2][1040]/CE	-0.403	7.690	4
native_system/queue/running_reg/C	native_system/queue/queue_reg[2][1168]/CE	-0.403	7.690	4
native_system/queue/running_reg/C	native_system/queue/queue_reg[2][1317]/CE	-0.403	7.690	4
native_system/queue/running_reg/C	native_system/queue/queue_reg[2][1517]/CE	-0.403	7.690	4
native_system/queue/running_reg/C	native_system/queue/queue_reg[3][1158]/CE	-0.402	7.689	4
native_system/queue/running_reg/C	native_system/queue/queue_reg[3][1217]/CE	-0.402	7.689	4
native_system/queue/running_reg/C	native_system/queue/queue_reg[3][1236]/CE	-0.402	7.689	4
native_system/queue/running_reg/C	native_system/queue/queue_reg[3][1248]/CE	-0.402	7.689	4
native_system/queue/running_reg/C	native_system/queue/queue_reg[3][1306]/CE	-0.402	7.689	4
native_system/queue/running_reg/C	native_system/queue/queue_reg[3][1351]/CE	-0.402	7.689	4
native_system/queue/running_reg/C	native_system/queue/queue_reg[3][1427]/CE	-0.402	7.689	4
native_system/queue/running_reg/C	native_system/queue/queue_reg[3][1433]/CE	-0.402	7.689	4
native_system/queue/running_reg/C	native_system/queue/queue_reg[2][1640]/CE	-0.402	7.689	4
native_system/queue/running_reg/C	native_system/queue/queue_reg[2][1742]/CE	-0.402	7.689	4
native_system/queue/running_reg/C	native_system/queue/queue_reg[2][1749]/CE	-0.402	7.689	4
native_system/queue/running_reg/C	native_system/queue/queue_reg[2][1911]/CE	-0.402	7.689	4
native_system/queue/running_reg/C	native_system/queue/queue_reg[2][2038]/CE	-0.402	7.689	4
native_system/queue/running_reg/C	native_system/queue/queue_reg[2][2050]/CE	-0.402	7.689	4
native_system/queue/running_reg/C	native_system/queue/queue_reg[2][2082]/CE	-0.402	7.689	4
native_system/queue/running_reg/C	native_system/queue/queue_reg[2][592]/CE	-0.402	7.689	4
native_system/digital/cfg_reg[22][0]/C	native_system/digital/bank/shadow_requested_reg[64][0]/D	-0.400	7.834	0
native_system/queue/running_reg/C	native_system/queue/queue_reg[1][1467]/CE	-0.400	7.687	4
native_system/digital/cfg_reg[21][4]/C	native_system/digital/bank/written_reg[121]/D	-0.399	7.920	2
native_system/digital/cfg_reg[21][4]/C	native_system/digital/bank/shadow_calibration_reg[39][1]/CE	-0.399	7.483	1
native_system/digital/cfg_reg[21][4]/C	native_system/digital/bank/shadow_calibration_reg[39][6]/CE	-0.399	7.483	1
native_system/queue/running_reg/C	native_system/queue/queue_reg[2][1090]/CE	-0.398	7.721	4
native_system/queue/running_reg/C	native_system/queue/queue_reg[2][1141]/CE	-0.398	7.721	4
native_system/queue/running_reg/C	native_system/queue/queue_reg[2][1281]/CE	-0.398	7.721	4
native_system/queue/running_reg/C	native_system/queue/queue_reg[2][1463]/CE	-0.398	7.721	4
native_system/digital/master_phase_reg[4]/C	native_system/digital/serial/captured_reg[123]/D	-0.398	7.843	3
native_system/digital/phase_remainder_reg[11]/C	native_system/digital/boundary_reg/D	-0.398	7.874	8
native_system/queue/running_reg/C	native_system/queue/queue_reg[3][104]/CE	-0.398	7.685	4
native_system/queue/running_reg/C	native_system/queue/queue_reg[3][112]/CE	-0.398	7.685	4
native_system/queue/running_reg/C	native_system/queue/queue_reg[3][2117]/CE	-0.398	7.685	4
native_system/queue/running_reg/C	native_system/queue/queue_reg[3][36]/CE	-0.398	7.685	4
native_system/queue/running_reg/C	native_system/queue/queue_reg[3][538]/CE	-0.398	7.685	4
native_system/queue/running_reg/C	native_system/queue/queue_reg[3][571]/CE	-0.398	7.685	4
native_system/queue/running_reg/C	native_system/queue/queue_reg[3][695]/CE	-0.398	7.685	4
native_system/queue/running_reg/C	native_system/queue/queue_reg[3][711]/CE	-0.398	7.685	4
native_system/queue/running_reg/C	native_system/queue/queue_reg[2][1086]/CE	-0.397	7.684	4
native_system/queue/running_reg/C	native_system/queue/queue_reg[2][1376]/CE	-0.397	7.684	4
native_system/queue/running_reg/C	native_system/queue/queue_reg[2][1639]/CE	-0.397	7.684	4
native_system/queue/running_reg/C	native_system/queue/queue_reg[2][1704]/CE	-0.397	7.684	4
native_system/queue/running_reg/C	native_system/queue/queue_reg[2][625]/CE	-0.397	7.684	4
native_system/queue/running_reg/C	native_system/queue/queue_reg[2][756]/CE	-0.397	7.684	4
native_system/queue/running_reg/C	native_system/queue/queue_reg[0][274]/CE	-0.397	7.720	4
native_system/queue/running_reg/C	native_system/queue/queue_reg[1][1040]/CE	-0.397	7.684	4
native_system/queue/running_reg/C	native_system/queue/queue_reg[1][1054]/CE	-0.397	7.684	4
native_system/queue/running_reg/C	native_system/queue/queue_reg[1][1169]/CE	-0.397	7.684	4
native_system/queue/running_reg/C	native_system/queue/queue_reg[1][1201]/CE	-0.397	7.684	4
native_system/queue/running_reg/C	native_system/queue/queue_reg[1][1277]/CE	-0.397	7.684	4
native_system/queue/running_reg/C	native_system/queue/queue_reg[1][1317]/CE	-0.397	7.684	4
native_system/queue/running_reg/C	native_system/queue/queue_reg[3][457]/CE	-0.396	7.683	4
native_system/queue/running_reg/C	native_system/queue/queue_reg[3][731]/CE	-0.396	7.683	4
native_system/queue/running_reg/C	native_system/queue/queue_reg[3][92]/CE	-0.396	7.683	4
native_system/queue/running_reg/C	native_system/queue/active_reg[1176]/CE	-0.395	7.682	3
native_system/queue/running_reg/C	native_system/queue/active_reg[1419]/CE	-0.395	7.682	3
native_system/queue/running_reg/C	native_system/queue/active_reg[1512]/CE	-0.395	7.682	3
native_system/queue/running_reg/C	native_system/queue/active_reg[1716]/CE	-0.395	7.682	3
native_system/queue/running_reg/C	native_system/queue/active_reg[975]/CE	-0.395	7.682	3
native_system/digital/cfg_reg[22][10]/C	native_system/digital/bank/shadow_calibration_reg[126][2]/D	-0.395	7.784	0
native_system/queue/running_reg/C	bridge/s_rdata_reg[28]/D	-0.395	7.916	8
native_system/queue/running_reg/C	native_system/queue/queue_reg[2][40]/CE	-0.395	7.718	4
native_system/queue/running_reg/C	native_system/queue/queue_reg[2][452]/CE	-0.395	7.718	4
native_system/digital/cfg_reg[10][0]/C	native_system/digital/scheduler/error_reg/D	-0.394	7.917	14
native_system/queue/running_reg/C	native_system/queue/queue_reg[0][1263]/CE	-0.394	7.681	4
native_system/queue/running_reg/C	native_system/queue/queue_reg[0][729]/CE	-0.394	7.681	4
native_system/queue/running_reg/C	native_system/queue/queue_reg[0][949]/CE	-0.394	7.681	4
native_system/queue/running_reg/C	native_system/queue/queue_reg[3][148]/CE	-0.393	7.680	4
native_system/queue/running_reg/C	native_system/queue/queue_reg[3][315]/CE	-0.393	7.680	4
native_system/queue/running_reg/C	native_system/queue/queue_reg[3][419]/CE	-0.393	7.680	4
native_system/queue/running_reg/C	native_system/queue/queue_reg[3][427]/CE	-0.393	7.680	4
native_system/queue/running_reg/C	native_system/queue/queue_reg[3][483]/CE	-0.393	7.680	4
native_system/queue/running_reg/C	native_system/queue/queue_reg[3][84]/CE	-0.393	7.680	4
native_system/queue/running_reg/C	native_system/queue/queue_reg[2][2094]/CE	-0.393	7.680	4
native_system/queue/running_reg/C	native_system/queue/queue_reg[2][252]/CE	-0.393	7.680	4
native_system/queue/running_reg/C	native_system/queue/queue_reg[2][365]/CE	-0.393	7.680	4
native_system/queue/running_reg/C	native_system/queue/queue_reg[2][415]/CE	-0.393	7.680	4
native_system/queue/running_reg/C	native_system/queue/queue_reg[2][429]/CE	-0.393	7.680	4
native_system/queue/running_reg/C	native_system/queue/queue_reg[2][439]/CE	-0.393	7.680	4
native_system/queue/running_reg/C	native_system/queue/queue_reg[2][481]/CE	-0.393	7.680	4
native_system/queue/running_reg/C	native_system/queue/queue_reg[2][902]/CE	-0.393	7.680	4
native_system/queue/running_reg/C	native_system/queue/queue_reg[3][1328]/CE	-0.393	7.680	4
native_system/queue/running_reg/C	native_system/queue/queue_reg[3][1480]/CE	-0.393	7.680	4
native_system/queue/running_reg/C	native_system/queue/queue_reg[3][1504]/CE	-0.393	7.680	4
native_system/queue/running_reg/C	native_system/queue/queue_reg[3][1548]/CE	-0.393	7.680	4
native_system/queue/running_reg/C	native_system/queue/queue_reg[3][1631]/CE	-0.393	7.680	4
native_system/queue/running_reg/C	native_system/queue/queue_reg[3][1685]/CE	-0.393	7.680	4
native_system/queue/running_reg/C	native_system/queue/queue_reg[3][1854]/CE	-0.393	7.680	4
native_system/queue/running_reg/C	native_system/queue/queue_reg[3][948]/CE	-0.393	7.680	4
native_system/digital/master_phase_reg[7]/C	native_system/digital/serial/bit_index_reg[0]/CE	-0.393	7.680	3
native_system/digital/master_phase_reg[7]/C	native_system/digital/serial/bit_index_reg[1]/CE	-0.393	7.680	3
native_system/digital/master_phase_reg[7]/C	native_system/digital/serial/bit_index_reg[2]/CE	-0.393	7.680	3
native_system/digital/master_phase_reg[7]/C	native_system/digital/serial/bit_index_reg[3]/CE	-0.393	7.680	3
native_system/queue/bus_wdata_reg[0]/C	native_system/digital/cfg_reg[8][11]/CE	-0.392	7.679	5
native_system/queue/bus_wdata_reg[0]/C	native_system/digital/cfg_reg[8][8]/CE	-0.392	7.679	5
native_system/queue/running_reg/C	native_system/queue/queue_reg[1][1143]/CE	-0.392	7.679	4
native_system/queue/running_reg/C	native_system/queue/queue_reg[1][1271]/CE	-0.392	7.679	4
native_system/queue/running_reg/C	native_system/queue/queue_reg[1][1336]/CE	-0.392	7.679	4
native_system/queue/running_reg/C	native_system/queue/queue_reg[1][1376]/CE	-0.392	7.679	4
native_system/queue/running_reg/C	native_system/queue/queue_reg[1][1572]/CE	-0.392	7.679	4
native_system/queue/running_reg/C	native_system/queue/queue_reg[1][2152]/CE	-0.392	7.679	4
native_system/queue/running_reg/C	native_system/queue/queue_reg[1][756]/CE	-0.392	7.679	4
native_system/queue/running_reg/C	native_system/queue/queue_reg[1][836]/CE	-0.392	7.679	4
native_system/queue/bus_wdata_reg[29]/C	native_system/digital/cfg_reg[4][14]/CE	-0.392	7.679	6
native_system/queue/bus_wdata_reg[29]/C	native_system/digital/cfg_reg[4][16]/CE	-0.392	7.679	6
native_system/queue/bus_wdata_reg[29]/C	native_system/digital/cfg_reg[4][18]/CE	-0.392	7.679	6
native_system/queue/bus_wdata_reg[29]/C	native_system/digital/cfg_reg[4][20]/CE	-0.392	7.679	6
native_system/queue/running_reg/C	native_system/queue/queue_reg[0][1029]/CE	-0.392	7.679	4
native_system/queue/running_reg/C	native_system/queue/queue_reg[0][1293]/CE	-0.392	7.679	4
native_system/queue/running_reg/C	native_system/queue/queue_reg[0][1346]/CE	-0.392	7.679	4
native_system/queue/running_reg/C	native_system/queue/queue_reg[0][1410]/CE	-0.392	7.679	4
native_system/queue/running_reg/C	native_system/queue/queue_reg[0][1501]/CE	-0.392	7.679	4
native_system/queue/running_reg/C	native_system/queue/queue_reg[0][1578]/CE	-0.392	7.679	4
native_system/queue/running_reg/C	native_system/queue/queue_reg[0][556]/CE	-0.392	7.679	4
native_system/queue/running_reg/C	native_system/queue/queue_reg[0][907]/CE	-0.392	7.679	4
native_system/digital/cfg_reg[21][4]/C	native_system/digital/bank/shadow_requested_reg[85][0]/CE	-0.391	7.506	1
native_system/digital/cfg_reg[21][4]/C	native_system/digital/bank/shadow_requested_reg[85][3]/CE	-0.391	7.506	1
native_system/digital/cfg_reg[21][4]/C	native_system/digital/bank/shadow_requested_reg[85][5]/CE	-0.391	7.506	1
native_system/digital/cfg_reg[21][4]/C	native_system/digital/bank/shadow_requested_reg[85][6]/CE	-0.391	7.506	1
native_system/queue/running_reg/C	native_system/queue/queue_reg[2][1073]/CE	-0.390	7.677	4
native_system/queue/running_reg/C	native_system/queue/queue_reg[2][1121]/CE	-0.390	7.677	4
native_system/queue/running_reg/C	native_system/queue/queue_reg[2][1156]/CE	-0.390	7.677	4
native_system/queue/running_reg/C	native_system/queue/queue_reg[2][1203]/CE	-0.390	7.677	4
native_system/queue/running_reg/C	native_system/queue/queue_reg[2][1371]/CE	-0.390	7.677	4
native_system/queue/running_reg/C	native_system/queue/queue_reg[2][1403]/CE	-0.390	7.677	4
native_system/queue/running_reg/C	native_system/queue/queue_reg[2][1459]/CE	-0.390	7.677	4
native_system/queue/running_reg/C	native_system/queue/queue_reg[2][1477]/CE	-0.390	7.677	4
native_system/queue/running_reg/C	native_system/queue/queue_reg[2][1538]/CE	-0.390	7.677	4
native_system/queue/running_reg/C	native_system/queue/queue_reg[2][1557]/CE	-0.390	7.677	4
native_system/queue/running_reg/C	native_system/queue/queue_reg[2][1623]/CE	-0.390	7.677	4
native_system/queue/running_reg/C	native_system/queue/queue_reg[2][1764]/CE	-0.390	7.677	4
native_system/queue/running_reg/C	native_system/queue/queue_reg[2][1772]/CE	-0.390	7.677	4
native_system/queue/running_reg/C	native_system/queue/queue_reg[2][1992]/CE	-0.390	7.677	4
native_system/queue/running_reg/C	native_system/queue/queue_reg[2][2000]/CE	-0.390	7.677	4
native_system/queue/running_reg/C	native_system/queue/queue_reg[2][665]/CE	-0.390	7.677	4
native_system/queue/rd_reg[1]_rep__7/C	native_system/queue/active_reg[825]/D	-0.390	7.914	1
native_system/queue/running_reg/C	native_system/queue/queue_reg[3][274]/CE	-0.388	7.675	4
native_system/queue/running_reg/C	native_system/queue/queue_reg[1][1105]/CE	-0.388	7.675	4
native_system/queue/running_reg/C	native_system/queue/queue_reg[1][1209]/CE	-0.388	7.675	4
native_system/queue/running_reg/C	native_system/queue/queue_reg[1][1212]/CE	-0.388	7.675	4
native_system/queue/running_reg/C	native_system/queue/queue_reg[1][1331]/CE	-0.388	7.675	4
native_system/queue/running_reg/C	native_system/queue/queue_reg[1][1517]/CE	-0.388	7.675	4
native_system/queue/bus_address_reg[4]/C	bridge/s_rdata_reg[22]/D	-0.387	7.908	7
native_system/queue/running_reg/C	native_system/queue/queue_reg[0][1528]/CE	-0.387	7.710	4
native_system/queue/running_reg/C	native_system/queue/queue_reg[0][1557]/CE	-0.387	7.710	4
native_system/queue/running_reg/C	native_system/queue/queue_reg[0][1597]/CE	-0.387	7.710	4
native_system/queue/running_reg/C	native_system/queue/queue_reg[0][1706]/CE	-0.387	7.710	4
native_system/queue/running_reg/C	native_system/queue/queue_reg[0][1772]/CE	-0.387	7.710	4
native_system/queue/running_reg/C	native_system/queue/queue_reg[0][1888]/CE	-0.387	7.710	4
native_system/queue/running_reg/C	native_system/queue/queue_reg[0][913]/CE	-0.387	7.710	4
native_system/queue/running_reg/C	native_system/queue/queue_reg[0][917]/CE	-0.387	7.710	4
native_system/queue/running_reg/C	native_system/queue/queue_reg[3][1360]/CE	-0.386	7.709	4
native_system/queue/running_reg/C	native_system/queue/queue_reg[3][1815]/CE	-0.386	7.709	4
native_system/queue/running_reg/C	native_system/queue/queue_reg[3][560]/CE	-0.386	7.709	4
native_system/queue/running_reg/C	native_system/queue/queue_reg[3][752]/CE	-0.386	7.709	4
native_system/digital/reset_sync_reg[1]/C	native_system/digital/scheduler/frame_count_reg[9]/CLR	-0.385	7.516	1
native_system/queue/running_reg/C	native_system/queue/active_reg[804]/CE	-0.385	7.708	3
native_system/digital/reset_sync_reg[1]/C	native_system/digital/adc/conversion_age_reg[10]/CLR	-0.384	7.471	1
native_system/digital/reset_sync_reg[1]/C	native_system/digital/adc/conversion_age_reg[11]/CLR	-0.384	7.471	1
native_system/digital/reset_sync_reg[1]/C	native_system/digital/adc/conversion_age_reg[8]/CLR	-0.384	7.471	1
native_system/digital/reset_sync_reg[1]/C	native_system/digital/adc/conversion_age_reg[9]/CLR	-0.384	7.471	1
native_system/digital/master_phase_reg[2]/C	native_system/digital/serial/captured_reg[35]/D	-0.384	7.814	3
native_system/digital/reset_sync_reg[1]/C	native_system/digital/scheduler/capture_sequence_reg[2]/CLR	-0.384	7.515	1
native_system/digital/cfg_reg[22][5]/C	native_system/digital/bank/shadow_requested_reg[122][5]/D	-0.382	7.765	0
native_system/digital/cfg_reg[22][11]/C	native_system/digital/bank/shadow_calibration_reg[91][3]/D	-0.381	7.768	0
native_system/queue/running_reg/C	native_system/queue/queue_reg[0][613]/CE	-0.381	7.704	4
native_system/queue/bus_wdata_reg[29]/C	native_system/digital/cfg_reg[6][16]/CE	-0.381	7.668	6
native_system/queue/bus_wdata_reg[29]/C	native_system/digital/cfg_reg[6][17]/CE	-0.381	7.668	6
native_system/queue/bus_wdata_reg[29]/C	native_system/digital/cfg_reg[6][18]/CE	-0.381	7.668	6
native_system/queue/bus_wdata_reg[29]/C	native_system/digital/cfg_reg[6][19]/CE	-0.381	7.668	6
native_system/queue/bus_wdata_reg[29]/C	native_system/digital/cfg_reg[6][20]/CE	-0.381	7.668	6
native_system/queue/bus_wdata_reg[29]/C	native_system/digital/cfg_reg[6][21]/CE	-0.381	7.668	6
native_system/queue/bus_wdata_reg[29]/C	native_system/digital/cfg_reg[6][23]/CE	-0.381	7.668	6
native_system/digital/master_phase_reg[0]_rep/C	native_system/digital/serial/captured_reg[111]/D	-0.381	7.826	4
native_system/queue/running_reg/C	native_system/queue/queue_reg[3][298]/CE	-0.380	7.703	4
native_system/queue/running_reg/C	native_system/queue/queue_reg[3][382]/CE	-0.380	7.703	4
native_system/queue/running_reg/C	native_system/queue/queue_reg[3][414]/CE	-0.380	7.703	4
native_system/queue/running_reg/C	native_system/queue/queue_reg[3][61]/CE	-0.380	7.703	4
native_system/queue/running_reg/C	native_system/queue/queue_reg[3][1334]/CE	-0.378	7.665	4
native_system/queue/running_reg/C	native_system/queue/queue_reg[3][1438]/CE	-0.378	7.665	4
native_system/queue/running_reg/C	native_system/queue/queue_reg[3][1655]/CE	-0.378	7.665	4
native_system/queue/running_reg/C	native_system/queue/queue_reg[3][1662]/CE	-0.378	7.665	4
native_system/queue/running_reg/C	native_system/queue/queue_reg[3][1736]/CE	-0.378	7.665	4
native_system/queue/running_reg/C	native_system/queue/queue_reg[3][1751]/CE	-0.378	7.665	4
native_system/queue/running_reg/C	native_system/queue/queue_reg[3][1758]/CE	-0.378	7.665	4
native_system/queue/running_reg/C	native_system/queue/queue_reg[3][1864]/CE	-0.378	7.665	4
native_system/queue/running_reg/C	native_system/queue/queue_reg[3][1496]/CE	-0.377	7.664	4
native_system/queue/running_reg/C	native_system/queue/queue_reg[3][2082]/CE	-0.377	7.664	4
native_system/queue/running_reg/C	native_system/queue/queue_reg[3][2156]/CE	-0.377	7.664	4
native_system/queue/running_reg/C	native_system/queue/queue_reg[3][865]/CE	-0.377	7.664	4
native_system/queue/running_reg/C	native_system/queue/queue_reg[3][1062]/CE	-0.377	7.664	4
native_system/queue/running_reg/C	native_system/queue/queue_reg[3][1085]/CE	-0.377	7.664	4
native_system/queue/running_reg/C	native_system/queue/queue_reg[3][1108]/CE	-0.377	7.664	4
native_system/queue/running_reg/C	native_system/queue/queue_reg[3][1182]/CE	-0.377	7.664	4
native_system/queue/running_reg/C	native_system/queue/queue_reg[3][1246]/CE	-0.377	7.664	4
native_system/queue/running_reg/C	native_system/queue/queue_reg[3][1421]/CE	-0.377	7.664	4
native_system/queue/running_reg/C	native_system/queue/queue_reg[3][1435]/CE	-0.377	7.664	4
native_system/digital/reset_sync_reg[1]/C	native_system/digital/adc/frame_valid_reg/CLR	-0.377	7.464	1
native_system/digital/reset_sync_reg[1]/C	native_system/digital/adc/ready_reg/CLR	-0.377	7.464	1
native_system/queue/running_reg/C	native_system/queue/queue_reg[2][273]/CE	-0.376	7.663	4
native_system/queue/running_reg/C	native_system/queue/queue_reg[2][283]/CE	-0.376	7.663	4
native_system/queue/running_reg/C	native_system/queue/queue_reg[2][338]/CE	-0.376	7.663	4
native_system/queue/running_reg/C	native_system/queue/queue_reg[2][339]/CE	-0.376	7.663	4
native_system/queue/running_reg/C	native_system/queue/queue_reg[2][379]/CE	-0.376	7.663	4
native_system/queue/running_reg/C	native_system/queue/queue_reg[2][403]/CE	-0.376	7.663	4
native_system/queue/running_reg/C	native_system/queue/queue_reg[2][411]/CE	-0.376	7.663	4
native_system/queue/running_reg/C	native_system/queue/queue_reg[2][418]/CE	-0.376	7.663	4
native_system/queue/running_reg/C	native_system/queue/queue_reg[2][1196]/CE	-0.375	7.698	4
native_system/queue/running_reg/C	native_system/queue/queue_reg[2][1223]/CE	-0.375	7.698	4
native_system/queue/running_reg/C	native_system/queue/queue_reg[2][1286]/CE	-0.375	7.698	4
native_system/queue/running_reg/C	native_system/queue/queue_reg[2][1298]/CE	-0.375	7.698	4
native_system/queue/running_reg/C	native_system/queue/queue_reg[2][1327]/CE	-0.375	7.698	4
native_system/queue/running_reg/C	native_system/queue/queue_reg[2][1519]/CE	-0.375	7.698	4
native_system/queue/running_reg/C	native_system/queue/queue_reg[2][687]/CE	-0.375	7.662	4
native_system/queue/running_reg/C	native_system/queue/queue_reg[2][711]/CE	-0.375	7.662	4
native_system/queue/running_reg/C	native_system/queue/active_reg[1238]/CE	-0.375	7.662	3
native_system/queue/running_reg/C	native_system/queue/active_reg[1436]/CE	-0.375	7.662	3
native_system/queue/running_reg/C	native_system/queue/active_reg[572]/CE	-0.375	7.662	3
native_system/queue/running_reg/C	native_system/queue/active_reg[673]/CE	-0.375	7.662	3
native_system/queue/running_reg/C	native_system/queue/queue_reg[0][306]/CE	-0.375	7.698	4
native_system/queue/running_reg/C	native_system/queue/queue_reg[0][363]/CE	-0.375	7.698	4
native_system/queue/running_reg/C	native_system/queue/queue_reg[0][370]/CE	-0.375	7.698	4
native_system/queue/running_reg/C	native_system/queue/queue_reg[0][498]/CE	-0.375	7.698	4
native_system/queue/running_reg/C	native_system/queue/queue_reg[0][507]/CE	-0.375	7.698	4
native_system/digital/master_phase_reg[0]_rep/C	native_system/digital/serial/captured_reg[116]/D	-0.374	7.895	4
native_system/queue/running_reg/C	native_system/queue/queue_reg[1][1192]/CE	-0.374	7.697	4
native_system/queue/running_reg/C	native_system/queue/queue_reg[1][1237]/CE	-0.374	7.697	4
native_system/queue/rd_reg[0]_rep__16/C	native_system/queue/active_reg[505]/D	-0.373	7.944	1
native_system/queue/running_reg/C	native_system/queue/queue_reg[2][1181]/CE	-0.373	7.696	4
native_system/queue/running_reg/C	native_system/queue/queue_reg[2][1202]/CE	-0.373	7.696	4
native_system/queue/running_reg/C	native_system/queue/queue_reg[2][1232]/CE	-0.373	7.696	4
native_system/queue/running_reg/C	native_system/queue/queue_reg[2][1233]/CE	-0.373	7.696	4
native_system/queue/running_reg/C	native_system/queue/queue_reg[2][1243]/CE	-0.373	7.696	4
native_system/digital/reset_sync_reg[1]/C	native_system/digital/adc/conversion_age_reg[0]/CLR	-0.373	7.460	1
native_system/digital/reset_sync_reg[1]/C	native_system/digital/adc/conversion_age_reg[1]/CLR	-0.373	7.460	1
native_system/digital/reset_sync_reg[1]/C	native_system/digital/adc/conversion_age_reg[2]/CLR	-0.373	7.460	1
native_system/digital/reset_sync_reg[1]/C	native_system/digital/adc/conversion_age_reg[3]/CLR	-0.373	7.460	1
native_system/digital/reset_sync_reg[1]/C	native_system/digital/adc/spi_bits_reg[5]/CLR	-0.372	7.459	1
native_system/digital/reset_sync_reg[1]/C	native_system/digital/adc/spi_command_reg[14]/CLR	-0.372	7.459	1
native_system/digital/reset_sync_reg[1]/C	native_system/digital/adc/spi_command_reg[8]/CLR	-0.372	7.459	1
native_system/digital/reset_sync_reg[1]/C	native_system/digital/adc/error_reg/CLR	-0.372	7.459	1
native_system/queue/running_reg/C	native_system/queue/queue_reg[0][1581]/CE	-0.372	7.659	4
native_system/queue/running_reg/C	native_system/queue/queue_reg[0][1691]/CE	-0.372	7.659	4
native_system/queue/running_reg/C	native_system/queue/queue_reg[0][1885]/CE	-0.372	7.659	4
native_system/queue/running_reg/C	native_system/queue/queue_reg[0][1893]/CE	-0.372	7.659	4
native_system/queue/running_reg/C	native_system/queue/queue_reg[0][2139]/CE	-0.372	7.659	4
native_system/queue/running_reg/C	native_system/queue/queue_reg[0][811]/CE	-0.372	7.659	4
native_system/queue/running_reg/C	native_system/queue/active_reg[1048]/CE	-0.371	7.694	3
native_system/queue/running_reg/C	native_system/queue/active_reg[1144]/CE	-0.371	7.694	3
native_system/queue/running_reg/C	native_system/queue/active_reg[1329]/CE	-0.371	7.694	3
native_system/queue/running_reg/C	native_system/queue/active_reg[473]/CE	-0.371	7.694	3
native_system/queue/rd_reg[1]_rep__21/C	native_system/queue/active_reg[2091]/D	-0.370	7.893	1
native_system/queue/running_reg/C	native_system/queue/queue_reg[2][1548]/CE	-0.370	7.657	4
native_system/queue/running_reg/C	native_system/queue/queue_reg[2][1631]/CE	-0.370	7.657	4
native_system/queue/running_reg/C	native_system/queue/queue_reg[2][1685]/CE	-0.370	7.657	4
native_system/queue/running_reg/C	native_system/queue/queue_reg[2][1946]/CE	-0.370	7.657	4
native_system/queue/running_reg/C	native_system/queue/queue_reg[2][2016]/CE	-0.370	7.657	4
native_system/queue/running_reg/C	native_system/queue/queue_reg[2][2091]/CE	-0.370	7.657	4
native_system/queue/running_reg/C	native_system/queue/queue_reg[2][865]/CE	-0.370	7.657	4
native_system/queue/running_reg/C	native_system/queue/queue_reg[2][948]/CE	-0.370	7.657	4
native_system/queue/rd_reg[0]_rep__6/C	native_system/queue/active_reg[1712]/D	-0.370	7.894	1
native_system/digital/master_phase_reg[4]_rep/C	native_system/digital/serial/captured_reg[58]/D	-0.369	7.892	3
native_system/queue/running_reg/C	native_system/queue/queue_reg[0][1017]/CE	-0.369	7.656	4
native_system/queue/running_reg/C	native_system/queue/queue_reg[0][1050]/CE	-0.369	7.656	4
native_system/queue/running_reg/C	native_system/queue/queue_reg[0][1590]/CE	-0.369	7.656	4
native_system/queue/running_reg/C	native_system/queue/queue_reg[0][1606]/CE	-0.369	7.656	4
native_system/queue/running_reg/C	native_system/queue/queue_reg[0][1708]/CE	-0.369	7.656	4
native_system/queue/running_reg/C	native_system/queue/queue_reg[0][1870]/CE	-0.369	7.656	4
native_system/queue/running_reg/C	native_system/queue/queue_reg[0][2146]/CE	-0.369	7.656	4
native_system/queue/running_reg/C	native_system/queue/queue_reg[0][752]/CE	-0.369	7.656	4
native_system/digital/cfg_reg[21][4]/C	native_system/digital/bank/written_reg[106]/D	-0.369	7.940	2
native_system/digital/master_phase_reg[5]/C	native_system/digital/serial/captured_reg[57]/D	-0.369	7.890	3
native_system/queue/running_reg/C	native_system/queue/queue_reg[3][1001]/CE	-0.367	7.654	4
native_system/queue/running_reg/C	native_system/queue/queue_reg[3][1584]/CE	-0.367	7.654	4
native_system/queue/running_reg/C	native_system/queue/queue_reg[3][1599]/CE	-0.367	7.654	4
native_system/queue/running_reg/C	native_system/queue/queue_reg[3][1632]/CE	-0.367	7.654	4
native_system/queue/running_reg/C	native_system/queue/queue_reg[3][1752]/CE	-0.367	7.654	4
native_system/queue/running_reg/C	native_system/queue/queue_reg[3][1944]/CE	-0.367	7.654	4
native_system/queue/running_reg/C	native_system/queue/queue_reg[3][2043]/CE	-0.367	7.654	4
native_system/queue/running_reg/C	native_system/queue/queue_reg[3][992]/CE	-0.367	7.654	4
native_system/queue/running_reg/C	native_system/queue/queue_reg[2][1231]/CE	-0.367	7.654	4
native_system/queue/running_reg/C	native_system/queue/queue_reg[2][1567]/CE	-0.367	7.654	4
native_system/queue/running_reg/C	native_system/queue/queue_reg[2][1614]/CE	-0.367	7.654	4
native_system/queue/running_reg/C	native_system/queue/queue_reg[2][1756]/CE	-0.367	7.654	4
native_system/queue/running_reg/C	native_system/queue/queue_reg[2][1801]/CE	-0.367	7.654	4
native_system/queue/running_reg/C	native_system/queue/queue_reg[2][923]/CE	-0.367	7.654	4
native_system/digital/cfg_reg[22][6]/C	native_system/digital/bank/shadow_requested_reg[118][6]/D	-0.367	7.801	0
native_system/queue/running_reg/C	native_system/queue/queue_reg[2][1679]/CE	-0.367	7.654	4
native_system/queue/running_reg/C	native_system/queue/queue_reg[2][1901]/CE	-0.367	7.654	4
native_system/queue/running_reg/C	native_system/queue/queue_reg[2][2106]/CE	-0.367	7.654	4
native_system/queue/running_reg/C	native_system/queue/queue_reg[2][811]/CE	-0.367	7.654	4
native_system/queue/running_reg/C	native_system/queue/queue_reg[2][871]/CE	-0.367	7.654	4
native_system/queue/running_reg/C	native_system/queue/queue_reg[2][888]/CE	-0.367	7.654	4
native_system/queue/running_reg/C	native_system/queue/queue_reg[2][2075]/CE	-0.367	7.654	4
native_system/queue/running_reg/C	native_system/queue/queue_reg[2][2078]/CE	-0.367	7.654	4
native_system/queue/running_reg/C	native_system/queue/queue_reg[2][303]/CE	-0.367	7.654	4
native_system/queue/running_reg/C	native_system/queue/queue_reg[2][351]/CE	-0.367	7.654	4
native_system/queue/running_reg/C	native_system/queue/queue_reg[2][651]/CE	-0.367	7.654	4
native_system/queue/running_reg/C	native_system/queue/queue_reg[3][1072]/CE	-0.366	7.653	4
native_system/queue/running_reg/C	native_system/queue/queue_reg[3][1081]/CE	-0.366	7.653	4
native_system/queue/running_reg/C	native_system/queue/queue_reg[3][1105]/CE	-0.366	7.653	4
native_system/queue/running_reg/C	native_system/queue/queue_reg[3][1137]/CE	-0.366	7.653	4
native_system/queue/running_reg/C	native_system/queue/queue_reg[3][1179]/CE	-0.366	7.653	4
native_system/queue/running_reg/C	native_system/queue/queue_reg[3][1209]/CE	-0.366	7.653	4
native_system/queue/running_reg/C	native_system/queue/queue_reg[3][1212]/CE	-0.366	7.653	4
native_system/queue/running_reg/C	native_system/queue/queue_reg[3][1331]/CE	-0.366	7.653	4
native_system/queue/running_reg/C	native_system/queue/queue_reg[3][283]/CE	-0.366	7.653	4
native_system/queue/running_reg/C	native_system/queue/queue_reg[3][338]/CE	-0.366	7.653	4
native_system/queue/running_reg/C	native_system/queue/queue_reg[3][339]/CE	-0.366	7.653	4
native_system/queue/running_reg/C	native_system/queue/queue_reg[3][379]/CE	-0.366	7.653	4
native_system/queue/running_reg/C	native_system/queue/queue_reg[3][402]/CE	-0.366	7.653	4
native_system/queue/running_reg/C	native_system/queue/queue_reg[3][411]/CE	-0.366	7.653	4
native_system/queue/running_reg/C	native_system/queue/queue_reg[3][465]/CE	-0.366	7.653	4
native_system/queue/running_reg/C	native_system/queue/queue_reg[3][468]/CE	-0.366	7.653	4
native_system/queue/running_reg/C	native_system/queue/queue_reg[3][265]/CE	-0.365	7.652	4
native_system/queue/running_reg/C	native_system/queue/queue_reg[3][362]/CE	-0.365	7.652	4
native_system/queue/running_reg/C	native_system/queue/queue_reg[3][366]/CE	-0.365	7.652	4
native_system/queue/running_reg/C	native_system/queue/queue_reg[3][385]/CE	-0.365	7.652	4
native_system/digital/cfg_reg[22][10]/C	native_system/digital/bank/shadow_calibration_reg[48][2]/D	-0.365	7.752	0
native_system/queue/running_reg/C	native_system/queue/queue_reg[3][693]/CE	-0.365	7.652	4
native_system/queue/bus_wdata_reg[29]/C	native_system/digital/cfg_reg[3][21]/CE	-0.365	7.652	6
native_system/queue/bus_wdata_reg[29]/C	native_system/digital/cfg_reg[3][23]/CE	-0.365	7.652	6
native_system/queue/running_reg/C	native_system/queue/queue_reg[1][2124]/CE	-0.365	7.652	4
native_system/queue/running_reg/C	native_system/queue/queue_reg[1][2155]/CE	-0.365	7.652	4
native_system/queue/running_reg/C	native_system/queue/queue_reg[1][567]/CE	-0.365	7.652	4
native_system/queue/running_reg/C	native_system/queue/queue_reg[1][635]/CE	-0.365	7.652	4
native_system/queue/running_reg/C	native_system/queue/queue_reg[1][715]/CE	-0.365	7.652	4
native_system/queue/running_reg/C	native_system/queue/queue_reg[1][718]/CE	-0.365	7.652	4
native_system/queue/running_reg/C	native_system/queue/queue_reg[1][792]/CE	-0.365	7.652	4
native_system/queue/running_reg/C	native_system/queue/queue_reg[1][910]/CE	-0.365	7.652	4
native_system/queue/running_reg/C	native_system/queue/queue_reg[1][1168]/CE	-0.365	7.652	4
native_system/queue/running_reg/C	native_system/queue/queue_reg[1][1232]/CE	-0.365	7.652	4
native_system/queue/running_reg/C	native_system/queue/queue_reg[1][1243]/CE	-0.365	7.652	4
native_system/digital/cfg_reg[21][4]/C	native_system/digital/bank/shadow_calibration_reg[39][2]/CE	-0.364	7.448	1
native_system/digital/cfg_reg[21][4]/C	native_system/digital/bank/shadow_requested_reg[39][1]/CE	-0.364	7.448	1
native_system/digital/reset_sync_reg[1]/C	native_system/digital/bank/shadow_calibration_reg[76][4]/CLR	-0.364	7.451	1
native_system/digital/reset_sync_reg[1]/C	native_system/digital/bank/shadow_requested_reg[76][6]/CLR	-0.364	7.451	1
native_system/digital/reset_sync_reg[1]/C	native_system/digital/bank/shadow_requested_reg[76][7]/CLR	-0.364	7.451	1
native_system/queue/running_reg/C	native_system/queue/queue_reg[0][1400]/CE	-0.363	7.650	4
native_system/queue/running_reg/C	native_system/queue/queue_reg[0][1559]/CE	-0.363	7.650	4
native_system/queue/running_reg/C	native_system/queue/queue_reg[0][1589]/CE	-0.363	7.650	4
native_system/queue/running_reg/C	native_system/queue/queue_reg[0][1684]/CE	-0.363	7.650	4
native_system/queue/running_reg/C	native_system/queue/queue_reg[0][1726]/CE	-0.363	7.650	4
native_system/queue/running_reg/C	native_system/queue/queue_reg[0][1818]/CE	-0.363	7.650	4
native_system/queue/running_reg/C	native_system/queue/queue_reg[0][1876]/CE	-0.363	7.650	4
native_system/queue/running_reg/C	native_system/queue/queue_reg[0][1878]/CE	-0.363	7.650	4
native_system/digital/reset_sync_reg[1]/C	native_system/digital/bank/active_calibration_reg[4][3]/CLR	-0.363	7.494	1
native_system/digital/reset_sync_reg[1]/C	native_system/digital/bank/active_calibration_reg[4][6]/CLR	-0.363	7.494	1
native_system/digital/reset_sync_reg[1]/C	native_system/digital/bank/active_requested_reg[4][2]/CLR	-0.363	7.494	1
native_system/digital/reset_sync_reg[1]/C	native_system/digital/bank/active_requested_reg[4][4]/CLR	-0.363	7.494	1
native_system/queue/running_reg/C	native_system/queue/queue_reg[0][2078]/CE	-0.363	7.686	4
native_system/queue/running_reg/C	native_system/queue/queue_reg[0][2141]/CE	-0.363	7.686	4
native_system/queue/running_reg/C	native_system/queue/queue_reg[0][48]/CE	-0.363	7.686	4
native_system/queue/running_reg/C	native_system/queue/queue_reg[0][603]/CE	-0.363	7.686	4
native_system/queue/running_reg/C	native_system/queue/queue_reg[0][109]/CE	-0.363	7.686	4
native_system/queue/running_reg/C	native_system/queue/queue_reg[0][141]/CE	-0.363	7.686	4
native_system/queue/running_reg/C	native_system/queue/queue_reg[0][157]/CE	-0.363	7.686	4
native_system/queue/running_reg/C	native_system/queue/queue_reg[0][237]/CE	-0.363	7.686	4
native_system/queue/running_reg/C	native_system/queue/queue_reg[0][276]/CE	-0.363	7.686	4
native_system/queue/running_reg/C	native_system/queue/queue_reg[0][428]/CE	-0.363	7.686	4
native_system/queue/running_reg/C	native_system/queue/queue_reg[0][474]/CE	-0.363	7.686	4
native_system/queue/running_reg/C	native_system/queue/queue_reg[0][503]/CE	-0.363	7.686	4
native_system/queue/bus_wdata_reg[29]/C	native_system/digital/cfg_reg[3][16]/CE	-0.363	7.650	6
native_system/queue/bus_wdata_reg[29]/C	native_system/digital/cfg_reg[3][19]/CE	-0.363	7.650	6
native_system/queue/running_reg/C	native_system/queue/queue_reg[2][1091]/CE	-0.362	7.649	4
native_system/queue/running_reg/C	native_system/queue/queue_reg[2][1162]/CE	-0.362	7.649	4
native_system/queue/running_reg/C	native_system/queue/queue_reg[2][1222]/CE	-0.362	7.649	4
native_system/queue/running_reg/C	native_system/queue/queue_reg[2][1353]/CE	-0.362	7.649	4
native_system/queue/running_reg/C	native_system/queue/queue_reg[2][1471]/CE	-0.362	7.649	4
native_system/queue/running_reg/C	native_system/queue/queue_reg[0][1334]/CE	-0.362	7.649	4
native_system/queue/running_reg/C	native_system/queue/queue_reg[0][1743]/CE	-0.362	7.649	4
native_system/queue/running_reg/C	native_system/queue/queue_reg[0][2118]/CE	-0.362	7.649	4
native_system/queue/running_reg/C	native_system/queue/queue_reg[0][528]/CE	-0.362	7.649	4
native_system/queue/running_reg/C	native_system/queue/queue_reg[2][1087]/CE	-0.361	7.684	4
native_system/queue/running_reg/C	native_system/queue/queue_reg[2][1143]/CE	-0.361	7.684	4
native_system/queue/running_reg/C	native_system/queue/queue_reg[2][1416]/CE	-0.361	7.684	4
native_system/queue/running_reg/C	native_system/queue/queue_reg[2][1422]/CE	-0.361	7.684	4
native_system/queue/running_reg/C	native_system/queue/queue_reg[2][1550]/CE	-0.361	7.684	4
native_system/queue/running_reg/C	native_system/queue/queue_reg[2][1646]/CE	-0.361	7.684	4
native_system/queue/running_reg/C	native_system/queue/queue_reg[2][836]/CE	-0.361	7.684	4
native_system/queue/running_reg/C	native_system/queue/queue_reg[1][1181]/CE	-0.361	7.648	4
native_system/queue/running_reg/C	native_system/queue/queue_reg[1][1202]/CE	-0.361	7.648	4
native_system/queue/running_reg/C	native_system/queue/queue_reg[1][1233]/CE	-0.361	7.648	4
native_system/digital/cfg_reg[21][1]/C	native_system/digital/bank/shadow_calibration_reg[123][0]/CE	-0.361	7.440	1
native_system/digital/cfg_reg[21][1]/C	native_system/digital/bank/shadow_calibration_reg[123][4]/CE	-0.361	7.440	1
native_system/digital/cfg_reg[21][1]/C	native_system/digital/bank/shadow_calibration_reg[123][5]/CE	-0.361	7.440	1
native_system/digital/cfg_reg[21][1]/C	native_system/digital/bank/shadow_requested_reg[123][4]/CE	-0.361	7.440	1
native_system/digital/cfg_reg[21][4]/C	native_system/digital/bank/shadow_mask_reg[110]/CE	-0.360	7.683	1
native_system/queue/running_reg/C	native_system/queue/queue_reg[1][1064]/CE	-0.360	7.647	4
native_system/queue/running_reg/C	native_system/queue/queue_reg[1][1109]/CE	-0.360	7.647	4
native_system/queue/running_reg/C	native_system/queue/queue_reg[1][1257]/CE	-0.360	7.647	4
native_system/queue/running_reg/C	native_system/queue/queue_reg[1][1515]/CE	-0.360	7.647	4
native_system/digital/reset_sync_reg[1]/C	native_system/digital/bank/active_calibration_reg[77][5]/CLR	-0.359	7.446	1
native_system/digital/reset_sync_reg[1]/C	native_system/digital/bank/active_mask_reg[7]/CLR	-0.359	7.446	1
native_system/digital/reset_sync_reg[1]/C	native_system/digital/bank/active_requested_reg[76][6]/CLR	-0.359	7.446	1
native_system/digital/reset_sync_reg[1]/C	native_system/digital/bank/active_requested_reg[76][7]/CLR	-0.359	7.446	1
native_system/queue/running_reg/C	native_system/queue/queue_reg[1][1544]/CE	-0.358	7.645	4
native_system/queue/running_reg/C	native_system/queue/queue_reg[1][1558]/CE	-0.358	7.645	4
native_system/queue/running_reg/C	native_system/queue/queue_reg[1][1725]/CE	-0.358	7.645	4
native_system/queue/running_reg/C	native_system/queue/queue_reg[1][1743]/CE	-0.358	7.645	4
native_system/queue/running_reg/C	native_system/queue/queue_reg[1][1789]/CE	-0.358	7.645	4
native_system/queue/running_reg/C	native_system/queue/queue_reg[1][1919]/CE	-0.358	7.645	4
native_system/queue/running_reg/C	native_system/queue/queue_reg[1][2118]/CE	-0.358	7.645	4
native_system/queue/running_reg/C	native_system/queue/queue_reg[1][528]/CE	-0.358	7.645	4
native_system/queue/running_reg/C	native_system/queue/queue_reg[2][1191]/CE	-0.357	7.644	4
native_system/queue/running_reg/C	native_system/queue/queue_reg[2][1800]/CE	-0.357	7.644	4
native_system/queue/running_reg/C	native_system/queue/queue_reg[2][557]/CE	-0.357	7.644	4
native_system/queue/running_reg/C	native_system/queue/queue_reg[2][732]/CE	-0.357	7.644	4
native_system/queue/running_reg/C	native_system/queue/queue_reg[2][785]/CE	-0.357	7.644	4
native_system/queue/running_reg/C	native_system/queue/queue_reg[2][904]/CE	-0.357	7.644	4
native_system/queue/running_reg/C	native_system/queue/queue_reg[0][143]/CE	-0.357	7.644	4
native_system/queue/running_reg/C	native_system/queue/queue_reg[0][1860]/CE	-0.357	7.644	4
native_system/queue/running_reg/C	native_system/queue/queue_reg[0][1897]/CE	-0.357	7.644	4
native_system/queue/running_reg/C	native_system/queue/queue_reg[0][678]/CE	-0.357	7.644	4
native_system/queue/running_reg/C	native_system/queue/queue_reg[0][774]/CE	-0.357	7.644	4
native_system/queue/running_reg/C	native_system/queue/queue_reg[0][800]/CE	-0.357	7.644	4
native_system/queue/running_reg/C	native_system/queue/queue_reg[0][827]/CE	-0.357	7.644	4
native_system/queue/running_reg/C	native_system/queue/queue_reg[0][928]/CE	-0.357	7.644	4
native_system/queue/running_reg/C	native_system/queue/queue_reg[1][1175]/CE	-0.356	7.643	4
native_system/queue/running_reg/C	native_system/queue/queue_reg[1][1438]/CE	-0.356	7.643	4
native_system/queue/running_reg/C	native_system/queue/queue_reg[1][1751]/CE	-0.356	7.643	4
native_system/queue/running_reg/C	native_system/queue/queue_reg[1][1757]/CE	-0.356	7.643	4
native_system/queue/running_reg/C	native_system/queue/queue_reg[1][1864]/CE	-0.356	7.643	4
native_system/queue/running_reg/C	native_system/queue/queue_reg[1][1990]/CE	-0.356	7.643	4
native_system/queue/running_reg/C	native_system/queue/queue_reg[1][2046]/CE	-0.356	7.643	4
native_system/queue/running_reg/C	native_system/queue/queue_reg[1][968]/CE	-0.356	7.643	4
native_system/queue/running_reg/C	native_system/queue/queue_reg[3][1071]/CE	-0.356	7.643	4
native_system/queue/running_reg/C	native_system/queue/queue_reg[3][1178]/CE	-0.356	7.643	4
native_system/queue/running_reg/C	native_system/queue/queue_reg[3][1642]/CE	-0.356	7.643	4
native_system/queue/running_reg/C	native_system/queue/queue_reg[3][1764]/CE	-0.356	7.643	4
native_system/queue/running_reg/C	native_system/queue/queue_reg[3][2150]/CE	-0.356	7.643	4
native_system/queue/running_reg/C	native_system/queue/queue_reg[3][616]/CE	-0.356	7.643	4
native_system/queue/running_reg/C	native_system/queue/queue_reg[3][660]/CE	-0.356	7.643	4
native_system/queue/running_reg/C	native_system/queue/queue_reg[2][1536]/CE	-0.356	7.643	4
native_system/queue/running_reg/C	native_system/queue/queue_reg[2][1746]/CE	-0.356	7.643	4
native_system/queue/running_reg/C	native_system/queue/queue_reg[2][1830]/CE	-0.356	7.643	4
native_system/queue/running_reg/C	native_system/queue/queue_reg[2][1846]/CE	-0.356	7.643	4
native_system/queue/running_reg/C	native_system/queue/queue_reg[2][1972]/CE	-0.356	7.643	4
native_system/queue/running_reg/C	native_system/queue/queue_reg[2][2018]/CE	-0.356	7.643	4
native_system/queue/running_reg/C	native_system/queue/queue_reg[2][2022]/CE	-0.356	7.643	4
native_system/queue/running_reg/C	native_system/queue/queue_reg[2][2024]/CE	-0.356	7.643	4
native_system/digital/map_commit_reg/C	native_system/digital/bank/shadow_calibration_reg[91][7]/CE	-0.355	7.470	2
native_system/digital/map_commit_reg/C	native_system/digital/bank/shadow_requested_reg[91][4]/CE	-0.355	7.470	2
native_system/digital/map_commit_reg/C	native_system/digital/bank/shadow_requested_reg[91][7]/CE	-0.355	7.470	2
native_system/queue/running_reg/C	native_system/queue/queue_reg[2][2124]/CE	-0.355	7.642	4
native_system/queue/running_reg/C	native_system/queue/queue_reg[2][2155]/CE	-0.355	7.642	4
native_system/queue/running_reg/C	native_system/queue/queue_reg[2][2159]/CE	-0.355	7.642	4
native_system/queue/running_reg/C	native_system/queue/queue_reg[2][280]/CE	-0.355	7.642	4
native_system/queue/running_reg/C	native_system/queue/queue_reg[2][417]/CE	-0.355	7.642	4
native_system/queue/running_reg/C	native_system/queue/queue_reg[2][715]/CE	-0.355	7.642	4
native_system/queue/running_reg/C	native_system/queue/queue_reg[2][750]/CE	-0.355	7.642	4
native_system/queue/running_reg/C	native_system/queue/queue_reg[2][910]/CE	-0.355	7.642	4
native_system/digital/cfg_reg[22][14]/C	native_system/digital/bank/shadow_calibration_reg[96][6]/D	-0.354	7.753	0
native_system/queue/running_reg/C	native_system/queue/queue_reg[0][273]/CE	-0.354	7.641	4
native_system/queue/running_reg/C	native_system/queue/queue_reg[0][338]/CE	-0.354	7.641	4
native_system/queue/running_reg/C	native_system/queue/queue_reg[0][341]/CE	-0.354	7.641	4
native_system/queue/running_reg/C	native_system/queue/queue_reg[0][403]/CE	-0.354	7.641	4
native_system/queue/running_reg/C	native_system/queue/queue_reg[0][418]/CE	-0.354	7.641	4
native_system/queue/running_reg/C	native_system/queue/queue_reg[0][469]/CE	-0.354	7.641	4
native_system/queue/running_reg/C	native_system/queue/queue_reg[0][1586]/CE	-0.354	7.641	4
native_system/queue/running_reg/C	native_system/queue/queue_reg[0][1765]/CE	-0.354	7.641	4
native_system/queue/running_reg/C	native_system/queue/queue_reg[0][1834]/CE	-0.354	7.641	4
native_system/queue/running_reg/C	native_system/queue/queue_reg[0][1849]/CE	-0.354	7.641	4
native_system/queue/running_reg/C	native_system/queue/queue_reg[0][1962]/CE	-0.354	7.641	4
native_system/queue/running_reg/C	native_system/queue/queue_reg[0][2005]/CE	-0.354	7.641	4
native_system/queue/running_reg/C	native_system/queue/queue_reg[0][875]/CE	-0.354	7.641	4
native_system/queue/running_reg/C	native_system/queue/queue_reg[0][931]/CE	-0.354	7.641	4
native_system/digital/cfg_reg[22][6]/C	native_system/digital/bank/shadow_requested_reg[107][6]/D	-0.354	7.803	0
native_system/queue/running_reg/C	native_system/queue/queue_reg[2][1687]/CE	-0.354	7.677	4
native_system/queue/running_reg/C	native_system/queue/queue_reg[2][1904]/CE	-0.354	7.677	4
native_system/queue/running_reg/C	native_system/queue/queue_reg[2][2086]/CE	-0.354	7.677	4
native_system/queue/running_reg/C	native_system/queue/queue_reg[2][2150]/CE	-0.354	7.677	4
native_system/queue/running_reg/C	native_system/queue/queue_reg[2][693]/CE	-0.353	7.676	4
native_system/digital/bank/command_error_reg/C	native_system/digital/serial/serial_data_reg[12]/D	-0.352	7.873	5
native_system/queue/running_reg/C	native_system/queue/queue_reg[0][1644]/CE	-0.351	7.638	4
native_system/queue/running_reg/C	native_system/queue/queue_reg[0][1685]/CE	-0.351	7.638	4
native_system/queue/running_reg/C	native_system/queue/queue_reg[0][2016]/CE	-0.351	7.638	4
native_system/queue/running_reg/C	native_system/queue/queue_reg[0][2091]/CE	-0.351	7.638	4
native_system/queue/running_reg/C	native_system/queue/queue_reg[0][573]/CE	-0.351	7.638	4
native_system/queue/running_reg/C	native_system/queue/queue_reg[0][665]/CE	-0.351	7.638	4
native_system/queue/running_reg/C	native_system/queue/queue_reg[0][921]/CE	-0.351	7.638	4
native_system/queue/running_reg/C	native_system/queue/queue_reg[0][966]/CE	-0.351	7.638	4
native_system/digital/reset_sync_reg[1]/C	native_system/digital/serial/captured_reg[12]/CLR	-0.351	7.438	1
native_system/digital/reset_sync_reg[1]/C	native_system/digital/serial/captured_reg[14]/CLR	-0.351	7.438	1
native_system/queue/running_reg/C	native_system/queue/queue_reg[2][1051]/CE	-0.350	7.637	4
native_system/queue/running_reg/C	native_system/queue/queue_reg[2][1201]/CE	-0.350	7.637	4
native_system/queue/running_reg/C	native_system/queue/queue_reg[2][1265]/CE	-0.350	7.637	4
native_system/queue/running_reg/C	native_system/queue/queue_reg[2][1395]/CE	-0.350	7.637	4
native_system/queue/running_reg/C	native_system/queue/queue_reg[2][1423]/CE	-0.350	7.637	4
native_system/queue/running_reg/C	native_system/queue/queue_reg[2][1445]/CE	-0.350	7.637	4
native_system/queue/running_reg/C	native_system/queue/queue_reg[2][1455]/CE	-0.350	7.637	4
native_system/queue/running_reg/C	native_system/queue/queue_reg[2][1509]/CE	-0.350	7.637	4
native_system/queue/running_reg/C	native_system/queue/queue_reg[3][1090]/CE	-0.350	7.637	4
native_system/queue/running_reg/C	native_system/queue/queue_reg[3][1141]/CE	-0.350	7.637	4
native_system/queue/running_reg/C	native_system/queue/queue_reg[3][1529]/CE	-0.350	7.637	4
native_system/queue/running_reg/C	native_system/queue/queue_reg[3][1535]/CE	-0.350	7.637	4
native_system/queue/running_reg/C	native_system/queue/active_reg[1127]/CE	-0.350	7.637	3
native_system/queue/running_reg/C	native_system/queue/active_reg[1215]/CE	-0.350	7.637	3
native_system/queue/running_reg/C	native_system/queue/active_reg[1408]/CE	-0.350	7.637	3
native_system/queue/running_reg/C	native_system/queue/active_reg[1680]/CE	-0.350	7.637	3
native_system/queue/running_reg/C	native_system/queue/queue_reg[0][1012]/CE	-0.350	7.637	4
native_system/queue/running_reg/C	native_system/queue/queue_reg[0][636]/CE	-0.350	7.637	4
native_system/queue/running_reg/C	native_system/queue/queue_reg[0][745]/CE	-0.350	7.637	4
native_system/queue/running_reg/C	native_system/queue/queue_reg[0][1368]/CE	-0.349	7.636	4
native_system/queue/running_reg/C	native_system/queue/queue_reg[0][1424]/CE	-0.349	7.636	4
native_system/queue/running_reg/C	native_system/queue/queue_reg[0][1432]/CE	-0.349	7.636	4
native_system/queue/running_reg/C	native_system/queue/queue_reg[0][1496]/CE	-0.349	7.636	4
native_system/queue/running_reg/C	native_system/queue/queue_reg[0][1640]/CE	-0.349	7.636	4
native_system/queue/running_reg/C	native_system/queue/queue_reg[0][1682]/CE	-0.349	7.636	4
native_system/queue/running_reg/C	native_system/queue/queue_reg[0][2038]/CE	-0.349	7.636	4
native_system/queue/running_reg/C	native_system/queue/queue_reg[0][2158]/CE	-0.349	7.636	4
native_system/digital/cfg_reg[22][13]/C	native_system/digital/bank/shadow_calibration_reg[100][5]/D	-0.349	7.736	0
native_system/queue/running_reg/C	native_system/queue/queue_reg[3][1563]/CE	-0.349	7.636	4
native_system/queue/running_reg/C	native_system/queue/queue_reg[3][1574]/CE	-0.349	7.636	4
native_system/queue/running_reg/C	native_system/queue/queue_reg[3][1621]/CE	-0.349	7.636	4
native_system/queue/running_reg/C	native_system/queue/queue_reg[3][1629]/CE	-0.349	7.636	4
native_system/queue/running_reg/C	native_system/queue/queue_reg[3][1630]/CE	-0.349	7.636	4
native_system/queue/running_reg/C	native_system/queue/queue_reg[3][1826]/CE	-0.349	7.636	4
native_system/queue/running_reg/C	native_system/queue/queue_reg[3][1958]/CE	-0.349	7.636	4
native_system/queue/running_reg/C	native_system/queue/queue_reg[3][2022]/CE	-0.349	7.636	4
native_system/queue/running_reg/C	native_system/queue/queue_reg[0][1456]/CE	-0.349	7.636	4
native_system/queue/running_reg/C	native_system/queue/queue_reg[0][1692]/CE	-0.349	7.636	4
native_system/queue/running_reg/C	native_system/queue/queue_reg[0][2084]/CE	-0.349	7.636	4
native_system/queue/running_reg/C	native_system/queue/queue_reg[0][656]/CE	-0.349	7.636	4
native_system/digital/boundary_reg/C	native_system/digital/bank/active_calibration_reg[44][1]/CE	-0.349	7.672	1
native_system/digital/boundary_reg/C	native_system/digital/bank/active_calibration_reg[44][2]/CE	-0.349	7.672	1
native_system/digital/cfg_reg[21][4]/C	native_system/digital/bank/shadow_calibration_reg[122][1]/CE	-0.348	7.433	1
native_system/digital/cfg_reg[21][4]/C	native_system/digital/bank/shadow_calibration_reg[122][2]/CE	-0.348	7.433	1
native_system/digital/cfg_reg[21][4]/C	native_system/digital/bank/shadow_calibration_reg[122][3]/CE	-0.348	7.433	1
native_system/digital/cfg_reg[21][4]/C	native_system/digital/bank/shadow_requested_reg[122][3]/CE	-0.348	7.433	1
native_system/digital/cfg_reg[22][6]/C	native_system/digital/bank/shadow_requested_reg[124][6]/D	-0.348	7.773	0
native_system/queue/running_reg/C	native_system/queue/queue_reg[3][1034]/CE	-0.348	7.635	4
native_system/queue/running_reg/C	native_system/queue/queue_reg[3][1518]/CE	-0.348	7.635	4
native_system/queue/running_reg/C	native_system/queue/queue_reg[3][545]/CE	-0.348	7.635	4
native_system/queue/running_reg/C	native_system/queue/queue_reg[3][627]/CE	-0.348	7.635	4
native_system/queue/running_reg/C	native_system/queue/queue_reg[3][769]/CE	-0.348	7.635	4
native_system/queue/running_reg/C	native_system/queue/queue_reg[3][781]/CE	-0.348	7.635	4
native_system/queue/running_reg/C	native_system/queue/queue_reg[3][793]/CE	-0.348	7.635	4
native_system/queue/running_reg/C	native_system/queue/queue_reg[3][841]/CE	-0.348	7.635	4
native_system/digital/boundary_reg/C	native_system/digital/bank/active_calibration_reg[5][7]/CE	-0.348	7.635	1
native_system/digital/boundary_reg/C	native_system/digital/bank/active_requested_reg[5][0]/CE	-0.348	7.635	1
native_system/queue/running_reg/C	native_system/queue/active_reg[1160]/CE	-0.348	7.635	3
native_system/queue/running_reg/C	native_system/queue/active_reg[1224]/CE	-0.348	7.635	3
native_system/queue/running_reg/C	native_system/queue/active_reg[1401]/CE	-0.348	7.635	3
native_system/queue/running_reg/C	native_system/queue/active_reg[1525]/CE	-0.348	7.635	3
native_system/digital/map_commit_reg/C	native_system/digital/bank/shadow_calibration_reg[34][6]/CE	-0.345	7.632	2
native_system/digital/map_commit_reg/C	native_system/digital/bank/shadow_requested_reg[34][5]/CE	-0.345	7.632	2
native_system/queue/running_reg/C	native_system/queue/queue_reg[2][2110]/CE	-0.345	7.632	4
native_system/queue/running_reg/C	native_system/queue/queue_reg[2][2168]/CE	-0.345	7.632	4
native_system/queue/running_reg/C	native_system/queue/queue_reg[2][650]/CE	-0.345	7.632	4
native_system/queue/running_reg/C	native_system/queue/queue_reg[2][658]/CE	-0.345	7.632	4
native_system/queue/running_reg/C	native_system/queue/queue_reg[2][666]/CE	-0.345	7.632	4
native_system/queue/running_reg/C	native_system/queue/queue_reg[2][671]/CE	-0.345	7.632	4
native_system/queue/running_reg/C	native_system/queue/queue_reg[2][892]/CE	-0.345	7.632	4
native_system/queue/running_reg/C	native_system/queue/queue_reg[2][1325]/CE	-0.344	7.631	4
native_system/queue/running_reg/C	native_system/queue/queue_reg[2][1451]/CE	-0.344	7.631	4
native_system/queue/running_reg/C	native_system/queue/queue_reg[3][1263]/CE	-0.344	7.631	4
native_system/queue/running_reg/C	native_system/queue/queue_reg[3][729]/CE	-0.344	7.631	4
native_system/queue/running_reg/C	native_system/queue/queue_reg[3][949]/CE	-0.344	7.631	4
native_system/digital/cfg_reg[21][4]/C	native_system/digital/bank/shadow_requested_reg[83][2]/CE	-0.344	7.631	1
native_system/digital/reset_sync_reg[1]/C	native_system/digital/scheduler/frame_count_reg[10]/CLR	-0.343	7.516	1
native_system/queue/running_reg/C	native_system/queue/queue_reg[0][1119]/CE	-0.343	7.630	4
native_system/queue/running_reg/C	native_system/queue/queue_reg[0][1566]/CE	-0.343	7.630	4
native_system/queue/running_reg/C	native_system/queue/queue_reg[0][1622]/CE	-0.343	7.630	4
native_system/queue/running_reg/C	native_system/queue/queue_reg[0][1872]/CE	-0.343	7.630	4
native_system/queue/running_reg/C	native_system/queue/queue_reg[0][1926]/CE	-0.343	7.630	4
native_system/queue/running_reg/C	native_system/queue/queue_reg[0][1998]/CE	-0.343	7.630	4
native_system/queue/running_reg/C	native_system/queue/queue_reg[0][2041]/CE	-0.343	7.630	4
native_system/queue/running_reg/C	native_system/queue/queue_reg[0][2153]/CE	-0.343	7.630	4
native_system/queue/running_reg/C	native_system/queue/queue_reg[2][1334]/CE	-0.342	7.629	4
native_system/queue/running_reg/C	native_system/queue/queue_reg[2][1374]/CE	-0.342	7.629	4
native_system/queue/running_reg/C	native_system/queue/queue_reg[2][1690]/CE	-0.342	7.629	4
native_system/queue/running_reg/C	native_system/queue/queue_reg[2][1725]/CE	-0.342	7.629	4
native_system/queue/running_reg/C	native_system/queue/queue_reg[2][1768]/CE	-0.342	7.629	4
native_system/queue/running_reg/C	native_system/queue/queue_reg[2][1806]/CE	-0.342	7.629	4
native_system/queue/running_reg/C	native_system/queue/queue_reg[2][1847]/CE	-0.342	7.629	4
native_system/queue/running_reg/C	native_system/queue/queue_reg[2][1890]/CE	-0.342	7.629	4
native_system/digital/reset_sync_reg[1]/C	native_system/digital/scheduler/capture_sequence_reg[0]/CLR	-0.342	7.515	1
native_system/digital/reset_sync_reg[1]/C	native_system/digital/scheduler/capture_sequence_reg[1]/CLR	-0.342	7.515	1
native_system/digital/reset_sync_reg[1]/C	native_system/digital/scheduler/capture_sequence_reg[3]/CLR	-0.342	7.515	1
native_system/digital/reset_sync_reg[1]/C	native_system/digital/scheduler/capture_sequence_reg[6]/CLR	-0.342	7.515	1
native_system/queue/running_reg/C	native_system/queue/queue_reg[0][1328]/CE	-0.342	7.629	4
native_system/queue/running_reg/C	native_system/queue/queue_reg[0][1462]/CE	-0.342	7.629	4
native_system/queue/running_reg/C	native_system/queue/queue_reg[0][1480]/CE	-0.342	7.629	4
native_system/queue/running_reg/C	native_system/queue/queue_reg[0][1504]/CE	-0.342	7.629	4
native_system/queue/running_reg/C	native_system/queue/queue_reg[0][1538]/CE	-0.342	7.629	4
native_system/queue/running_reg/C	native_system/queue/queue_reg[0][1548]/CE	-0.342	7.629	4
native_system/queue/running_reg/C	native_system/queue/queue_reg[0][853]/CE	-0.342	7.629	4
native_system/queue/running_reg/C	native_system/queue/queue_reg[0][948]/CE	-0.342	7.629	4
native_system/digital/boundary_reg/C	native_system/digital/bank/active_calibration_reg[48][0]/CE	-0.341	7.628	1
native_system/queue/bus_address_reg[4]/C	bridge/s_rdata_reg[13]/D	-0.341	7.908	7
native_system/queue/running_reg/C	native_system/queue/queue_reg[1][273]/CE	-0.341	7.664	4
native_system/queue/running_reg/C	native_system/queue/queue_reg[1][274]/CE	-0.341	7.664	4
native_system/queue/running_reg/C	native_system/queue/queue_reg[1][338]/CE	-0.341	7.664	4
native_system/queue/running_reg/C	native_system/queue/queue_reg[1][403]/CE	-0.341	7.664	4
native_system/queue/running_reg/C	native_system/queue/queue_reg[1][418]/CE	-0.341	7.664	4
native_system/queue/running_reg/C	native_system/queue/queue_reg[1][466]/CE	-0.341	7.664	4
native_system/queue/running_reg/C	native_system/queue/queue_reg[2][1071]/CE	-0.340	7.627	4
native_system/queue/running_reg/C	native_system/queue/queue_reg[2][1456]/CE	-0.340	7.627	4
native_system/queue/running_reg/C	native_system/queue/queue_reg[2][1692]/CE	-0.340	7.627	4
native_system/queue/running_reg/C	native_system/queue/queue_reg[2][1882]/CE	-0.340	7.627	4
native_system/queue/running_reg/C	native_system/queue/queue_reg[2][2084]/CE	-0.340	7.627	4
native_system/queue/running_reg/C	native_system/queue/queue_reg[2][560]/CE	-0.340	7.627	4
native_system/queue/running_reg/C	native_system/queue/queue_reg[2][561]/CE	-0.340	7.627	4
native_system/queue/running_reg/C	native_system/queue/queue_reg[2][656]/CE	-0.340	7.627	4
native_system/queue/running_reg/C	native_system/queue/queue_reg[2][279]/CE	-0.340	7.627	4
native_system/queue/running_reg/C	native_system/queue/queue_reg[2][430]/CE	-0.340	7.627	4
native_system/digital/cfg_reg[21][4]/C	native_system/digital/bank/shadow_calibration_reg[83][2]/CE	-0.339	7.626	1
native_system/digital/cfg_reg[21][4]/C	native_system/digital/bank/shadow_calibration_reg[83][4]/CE	-0.339	7.626	1
native_system/digital/cfg_reg[21][4]/C	native_system/digital/bank/shadow_requested_reg[83][5]/CE	-0.339	7.626	1
native_system/digital/cfg_reg[21][4]/C	native_system/digital/bank/shadow_requested_reg[83][7]/CE	-0.339	7.626	1
native_system/digital/master_phase_reg[7]/C	native_system/digital/serial/captured_reg[120]/CE	-0.339	7.626	2
native_system/digital/master_phase_reg[7]/C	native_system/digital/serial/captured_reg[121]/CE	-0.339	7.626	2
native_system/digital/master_phase_reg[7]/C	native_system/digital/serial/captured_reg[123]/CE	-0.339	7.626	2
native_system/digital/master_phase_reg[7]/C	native_system/digital/serial/captured_reg[126]/CE	-0.339	7.626	2
native_system/queue/running_reg/C	native_system/queue/queue_reg[0][1019]/CE	-0.339	7.626	4
native_system/queue/running_reg/C	native_system/queue/queue_reg[0][1899]/CE	-0.339	7.626	4
native_system/queue/running_reg/C	native_system/queue/queue_reg[0][1903]/CE	-0.339	7.626	4
native_system/queue/running_reg/C	native_system/queue/queue_reg[0][1983]/CE	-0.339	7.626	4
native_system/queue/running_reg/C	native_system/queue/queue_reg[0][1999]/CE	-0.339	7.626	4
native_system/queue/running_reg/C	native_system/queue/queue_reg[0][227]/CE	-0.339	7.626	4
native_system/queue/running_reg/C	native_system/queue/queue_reg[0][786]/CE	-0.339	7.626	4
native_system/queue/running_reg/C	native_system/queue/queue_reg[0][938]/CE	-0.339	7.626	4
native_system/queue/running_reg/C	native_system/queue/queue_reg[0][1392]/CE	-0.339	7.626	4
native_system/queue/running_reg/C	native_system/queue/queue_reg[0][1592]/CE	-0.339	7.626	4
native_system/queue/running_reg/C	native_system/queue/queue_reg[0][1661]/CE	-0.339	7.626	4
native_system/queue/running_reg/C	native_system/queue/queue_reg[0][1781]/CE	-0.339	7.626	4
native_system/queue/running_reg/C	native_system/queue/queue_reg[0][1782]/CE	-0.339	7.626	4
native_system/queue/running_reg/C	native_system/queue/queue_reg[0][1786]/CE	-0.339	7.626	4
native_system/queue/running_reg/C	native_system/queue/queue_reg[0][801]/CE	-0.339	7.626	4
native_system/queue/running_reg/C	native_system/queue/queue_reg[0][877]/CE	-0.339	7.626	4
native_system/queue/running_reg/C	native_system/queue/queue_reg[2][111]/CE	-0.339	7.626	4
native_system/queue/running_reg/C	native_system/queue/queue_reg[2][1803]/CE	-0.339	7.626	4
native_system/queue/running_reg/C	native_system/queue/queue_reg[2][1807]/CE	-0.339	7.626	4
native_system/queue/running_reg/C	native_system/queue/queue_reg[2][1899]/CE	-0.339	7.626	4
native_system/queue/running_reg/C	native_system/queue/queue_reg[2][1903]/CE	-0.339	7.626	4
native_system/queue/running_reg/C	native_system/queue/queue_reg[2][1983]/CE	-0.339	7.626	4
native_system/queue/running_reg/C	native_system/queue/queue_reg[2][1989]/CE	-0.339	7.626	4
native_system/queue/running_reg/C	native_system/queue/queue_reg[0][1953]/CE	-0.339	7.662	4
native_system/queue/running_reg/C	native_system/queue/queue_reg[0][1988]/CE	-0.339	7.662	4
native_system/queue/running_reg/C	native_system/queue/queue_reg[0][2055]/CE	-0.339	7.662	4
native_system/queue/running_reg/C	native_system/queue/queue_reg[0][2059]/CE	-0.339	7.662	4
native_system/queue/running_reg/C	native_system/queue/queue_reg[0][207]/CE	-0.339	7.662	4
native_system/queue/running_reg/C	native_system/queue/queue_reg[0][787]/CE	-0.339	7.662	4
native_system/queue/running_reg/C	native_system/queue/queue_reg[0][802]/CE	-0.339	7.662	4
native_system/queue/running_reg/C	native_system/queue/queue_reg[0][915]/CE	-0.339	7.662	4
native_system/digital/cfg_reg[21][4]/C	native_system/digital/bank/shadow_calibration_reg[120][5]/CE	-0.339	7.424	1
native_system/queue/running_reg/C	native_system/queue/active_reg[1027]/CE	-0.338	7.661	3
native_system/queue/running_reg/C	native_system/queue/active_reg[1069]/CE	-0.338	7.661	3
native_system/queue/running_reg/C	native_system/queue/active_reg[552]/CE	-0.338	7.661	3
native_system/queue/running_reg/C	native_system/queue/active_reg[846]/CE	-0.338	7.661	3
native_system/digital/cfg_reg[22][3]/C	native_system/digital/bank/shadow_requested_reg[44][3]/D	-0.337	7.720	0
native_system/queue/running_reg/C	native_system/queue/queue_reg[3][1698]/CE	-0.337	7.624	4
native_system/queue/running_reg/C	native_system/queue/queue_reg[3][1728]/CE	-0.337	7.624	4
native_system/queue/running_reg/C	native_system/queue/queue_reg[3][1730]/CE	-0.337	7.624	4
native_system/queue/running_reg/C	native_system/queue/queue_reg[3][1746]/CE	-0.337	7.624	4
native_system/queue/running_reg/C	native_system/queue/queue_reg[3][1814]/CE	-0.337	7.624	4
native_system/queue/running_reg/C	native_system/queue/queue_reg[3][1846]/CE	-0.337	7.624	4
native_system/queue/running_reg/C	native_system/queue/queue_reg[3][2010]/CE	-0.337	7.624	4
native_system/queue/rd_reg[1]_rep__16/C	native_system/queue/active_reg[1544]/D	-0.337	7.906	1
native_system/digital/cfg_reg[22][10]/C	native_system/digital/bank/shadow_calibration_reg[95][2]/D	-0.336	7.747	0
native_system/digital/cfg_reg[21][4]/C	native_system/digital/bank/shadow_mask_reg[121]/CE	-0.336	7.659	1
native_system/queue/running_reg/C	native_system/queue/queue_reg[3][176]/CE	-0.335	7.622	4
native_system/queue/running_reg/C	native_system/queue/queue_reg[3][2093]/CE	-0.335	7.622	4
native_system/queue/running_reg/C	native_system/queue/queue_reg[3][2168]/CE	-0.335	7.622	4
native_system/queue/running_reg/C	native_system/queue/queue_reg[3][650]/CE	-0.335	7.622	4
native_system/queue/running_reg/C	native_system/queue/queue_reg[3][658]/CE	-0.335	7.622	4
native_system/queue/running_reg/C	native_system/queue/queue_reg[3][970]/CE	-0.335	7.622	4
native_system/queue/running_reg/C	native_system/queue/queue_reg[3][101]/CE	-0.335	7.622	4
native_system/queue/running_reg/C	native_system/queue/queue_reg[3][205]/CE	-0.335	7.622	4
native_system/queue/running_reg/C	native_system/queue/queue_reg[3][241]/CE	-0.335	7.622	4
native_system/queue/running_reg/C	native_system/queue/queue_reg[3][413]/CE	-0.335	7.622	4
native_system/digital/boundary_reg/C	native_system/digital/bank/active_calibration_reg[5][3]/CE	-0.335	7.622	1
native_system/digital/boundary_reg/C	native_system/digital/bank/active_calibration_reg[5][4]/CE	-0.335	7.622	1
native_system/digital/boundary_reg/C	native_system/digital/bank/active_requested_reg[17][3]/CE	-0.335	7.622	1
native_system/digital/boundary_reg/C	native_system/digital/bank/active_requested_reg[5][4]/CE	-0.335	7.622	1
native_system/queue/running_reg/C	native_system/queue/queue_reg[3][1353]/CE	-0.334	7.621	4
native_system/queue/running_reg/C	native_system/queue/queue_reg[3][1471]/CE	-0.334	7.621	4
native_system/queue/running_reg/C	native_system/queue/queue_reg[3][1493]/CE	-0.334	7.621	4
native_system/queue/running_reg/C	native_system/queue/queue_reg[3][1522]/CE	-0.334	7.621	4
native_system/queue/running_reg/C	native_system/queue/queue_reg[1][283]/CE	-0.334	7.621	4
native_system/queue/running_reg/C	native_system/queue/queue_reg[1][339]/CE	-0.334	7.621	4
native_system/queue/running_reg/C	native_system/queue/queue_reg[1][379]/CE	-0.334	7.621	4
native_system/queue/running_reg/C	native_system/queue/queue_reg[1][411]/CE	-0.334	7.621	4
native_system/queue/running_reg/C	native_system/queue/queue_reg[1][465]/CE	-0.334	7.621	4
native_system/digital/boundary_reg/C	native_system/digital/bank/active_calibration_reg[51][4]/CE	-0.334	7.657	1
native_system/digital/boundary_reg/C	native_system/digital/bank/active_calibration_reg[51][6]/CE	-0.334	7.657	1
native_system/digital/boundary_reg/C	native_system/digital/bank/active_requested_reg[51][2]/CE	-0.334	7.657	1
native_system/digital/boundary_reg/C	native_system/digital/bank/active_requested_reg[51][6]/CE	-0.334	7.657	1
native_system/queue/running_reg/C	native_system/queue/queue_reg[0][188]/CE	-0.334	7.621	4
native_system/queue/running_reg/C	native_system/queue/queue_reg[0][228]/CE	-0.334	7.621	4
native_system/queue/running_reg/C	native_system/queue/queue_reg[0][232]/CE	-0.334	7.621	4
native_system/queue/running_reg/C	native_system/queue/queue_reg[0][291]/CE	-0.334	7.621	4
native_system/queue/running_reg/C	native_system/queue/queue_reg[0][421]/CE	-0.334	7.621	4
native_system/queue/running_reg/C	native_system/queue/queue_reg[0][491]/CE	-0.334	7.621	4
native_system/queue/running_reg/C	native_system/queue/queue_reg[0][583]/CE	-0.334	7.621	4
native_system/queue/running_reg/C	native_system/queue/queue_reg[0][1055]/CE	-0.333	7.620	4
native_system/queue/running_reg/C	native_system/queue/queue_reg[0][1183]/CE	-0.333	7.620	4
native_system/queue/running_reg/C	native_system/queue/queue_reg[0][1191]/CE	-0.333	7.620	4
native_system/queue/running_reg/C	native_system/queue/queue_reg[0][1199]/CE	-0.333	7.620	4
native_system/queue/running_reg/C	native_system/queue/queue_reg[0][1360]/CE	-0.333	7.620	4
native_system/queue/running_reg/C	native_system/queue/queue_reg[0][2040]/CE	-0.333	7.620	4
native_system/queue/running_reg/C	native_system/queue/queue_reg[0][2114]/CE	-0.333	7.620	4
native_system/queue/running_reg/C	native_system/queue/queue_reg[0][993]/CE	-0.333	7.620	4
native_system/queue/running_reg/C	native_system/queue/queue_reg[0][1502]/CE	-0.333	7.656	4
native_system/queue/running_reg/C	native_system/queue/queue_reg[0][1565]/CE	-0.333	7.656	4
native_system/queue/running_reg/C	native_system/queue/queue_reg[0][1678]/CE	-0.333	7.656	4
native_system/queue/running_reg/C	native_system/queue/queue_reg[0][1693]/CE	-0.333	7.656	4
native_system/queue/running_reg/C	native_system/queue/queue_reg[0][1774]/CE	-0.333	7.656	4
native_system/queue/running_reg/C	native_system/queue/queue_reg[0][1798]/CE	-0.333	7.656	4
native_system/queue/running_reg/C	native_system/queue/queue_reg[0][2006]/CE	-0.333	7.656	4
native_system/queue/running_reg/C	native_system/queue/queue_reg[0][964]/CE	-0.333	7.656	4
native_system/queue/running_reg/C	native_system/queue/queue_reg[0][1129]/CE	-0.333	7.656	4
native_system/queue/running_reg/C	native_system/queue/queue_reg[0][1184]/CE	-0.333	7.656	4
native_system/queue/running_reg/C	native_system/queue/queue_reg[0][1320]/CE	-0.333	7.656	4
native_system/queue/running_reg/C	native_system/queue/queue_reg[3][1064]/CE	-0.333	7.620	4
native_system/queue/running_reg/C	native_system/queue/queue_reg[3][1109]/CE	-0.333	7.620	4
native_system/queue/running_reg/C	native_system/queue/queue_reg[3][1192]/CE	-0.333	7.620	4
native_system/queue/running_reg/C	native_system/queue/queue_reg[3][1237]/CE	-0.333	7.620	4
native_system/queue/running_reg/C	native_system/queue/queue_reg[3][1256]/CE	-0.333	7.620	4
native_system/queue/running_reg/C	native_system/queue/queue_reg[3][1257]/CE	-0.333	7.620	4
native_system/queue/running_reg/C	native_system/queue/queue_reg[3][1288]/CE	-0.333	7.620	4
native_system/queue/running_reg/C	native_system/queue/queue_reg[3][1515]/CE	-0.333	7.620	4
native_system/queue/running_reg/C	native_system/queue/queue_reg[1][1045]/CE	-0.333	7.620	4
native_system/queue/running_reg/C	native_system/queue/queue_reg[1][1061]/CE	-0.333	7.620	4
native_system/queue/running_reg/C	native_system/queue/queue_reg[1][1068]/CE	-0.333	7.620	4
native_system/queue/running_reg/C	native_system/queue/queue_reg[1][1298]/CE	-0.333	7.620	4
native_system/queue/running_reg/C	native_system/queue/queue_reg[1][1327]/CE	-0.333	7.620	4
native_system/queue/running_reg/C	native_system/queue/queue_reg[1][1387]/CE	-0.333	7.620	4
native_system/digital/reset_sync_reg[1]/C	native_system/digital/adc/frame_reg[101]/CLR	-0.333	7.506	1
native_system/digital/reset_sync_reg[1]/C	native_system/digital/adc/frame_reg[83]/CLR	-0.333	7.506	1
native_system/queue/running_reg/C	native_system/queue/queue_reg[0][2136]/CE	-0.332	7.655	4
native_system/queue/running_reg/C	native_system/queue/queue_reg[0][504]/CE	-0.332	7.655	4
native_system/queue/running_reg/C	native_system/queue/queue_reg[0][519]/CE	-0.332	7.655	4
native_system/digital/reset_sync_reg[1]/C	native_system/digital/bank/active_calibration_reg[117][1]/CLR	-0.330	7.417	1
native_system/digital/reset_sync_reg[1]/C	native_system/digital/bank/active_calibration_reg[32][2]/CLR	-0.330	7.417	1
native_system/digital/reset_sync_reg[1]/C	native_system/digital/bank/active_calibration_reg[32][3]/CLR	-0.330	7.417	1
native_system/digital/reset_sync_reg[1]/C	native_system/digital/bank/active_requested_reg[117][0]/CLR	-0.330	7.417	1
native_system/digital/reset_sync_reg[1]/C	native_system/digital/bank/active_requested_reg[36][1]/CLR	-0.330	7.417	1
native_system/queue/running_reg/C	native_system/queue/queue_reg[0][162]/CE	-0.329	7.616	4
native_system/queue/running_reg/C	native_system/queue/queue_reg[0][1861]/CE	-0.329	7.616	4
native_system/queue/running_reg/C	native_system/queue/queue_reg[0][1914]/CE	-0.329	7.616	4
native_system/queue/running_reg/C	native_system/queue/queue_reg[0][2083]/CE	-0.329	7.616	4
native_system/queue/running_reg/C	native_system/queue/queue_reg[0][838]/CE	-0.329	7.616	4
native_system/queue/running_reg/C	native_system/queue/queue_reg[0][984]/CE	-0.329	7.616	4
native_system/queue/running_reg/C	native_system/queue/queue_reg[0][1629]/CE	-0.329	7.616	4
native_system/queue/running_reg/C	native_system/queue/queue_reg[0][1689]/CE	-0.329	7.616	4
native_system/queue/running_reg/C	native_system/queue/queue_reg[0][1915]/CE	-0.329	7.616	4
native_system/queue/running_reg/C	native_system/queue/queue_reg[0][1974]/CE	-0.329	7.616	4
native_system/queue/running_reg/C	native_system/queue/queue_reg[0][2018]/CE	-0.329	7.616	4
native_system/queue/running_reg/C	native_system/queue/queue_reg[0][2024]/CE	-0.329	7.616	4
native_system/queue/running_reg/C	native_system/queue/queue_reg[0][736]/CE	-0.329	7.616	4
native_system/queue/running_reg/C	native_system/queue/queue_reg[0][916]/CE	-0.329	7.616	4
native_system/digital/map_commit_reg/C	native_system/digital/bank/shadow_calibration_reg[95][3]/CE	-0.329	7.414	2
native_system/digital/map_commit_reg/C	native_system/digital/bank/shadow_requested_reg[95][5]/CE	-0.329	7.414	2
native_system/queue/running_reg/C	native_system/queue/queue_reg[0][1091]/CE	-0.329	7.616	4
native_system/queue/running_reg/C	native_system/queue/queue_reg[0][1115]/CE	-0.329	7.616	4
native_system/queue/running_reg/C	native_system/queue/queue_reg[0][1338]/CE	-0.329	7.616	4
native_system/queue/running_reg/C	native_system/queue/queue_reg[0][1363]/CE	-0.329	7.616	4
native_system/queue/running_reg/C	native_system/queue/queue_reg[0][1394]/CE	-0.329	7.616	4
native_system/queue/running_reg/C	native_system/queue/queue_reg[0][1460]/CE	-0.329	7.616	4
native_system/queue/running_reg/C	native_system/queue/queue_reg[0][1465]/CE	-0.329	7.616	4
native_system/queue/running_reg/C	native_system/queue/queue_reg[0][1481]/CE	-0.329	7.616	4
native_system/digital/cfg_reg[21][1]/C	native_system/digital/bank/shadow_calibration_reg[101][2]/CE	-0.328	7.615	1
native_system/digital/cfg_reg[21][1]/C	native_system/digital/bank/shadow_calibration_reg[101][7]/CE	-0.328	7.615	1
native_system/queue/running_reg/C	native_system/queue/queue_reg[3][1181]/CE	-0.328	7.615	4
native_system/queue/running_reg/C	native_system/queue/queue_reg[3][1202]/CE	-0.328	7.615	4
native_system/queue/running_reg/C	native_system/queue/queue_reg[3][1233]/CE	-0.328	7.615	4
native_system/queue/running_reg/C	native_system/queue/queue_reg[3][1243]/CE	-0.328	7.615	4
native_system/digital/reset_sync_reg[1]/C	native_system/digital/adc/spi/tx_reg[8]/CLR	-0.328	7.459	1
native_system/digital/reset_sync_reg[1]/C	native_system/digital/adc/spi/tx_reg[9]/CLR	-0.328	7.459	1
native_system/queue/running_reg/C	native_system/queue/queue_reg[0][1205]/CE	-0.328	7.651	4
native_system/queue/running_reg/C	native_system/queue/queue_reg[0][1299]/CE	-0.328	7.651	4
native_system/queue/running_reg/C	native_system/queue/queue_reg[0][1385]/CE	-0.328	7.651	4
native_system/queue/running_reg/C	native_system/queue/queue_reg[0][1439]/CE	-0.328	7.651	4
native_system/queue/running_reg/C	native_system/queue/queue_reg[0][1449]/CE	-0.328	7.651	4
native_system/queue/running_reg/C	native_system/queue/queue_reg[0][1466]/CE	-0.328	7.651	4
native_system/queue/running_reg/C	native_system/queue/queue_reg[0][1510]/CE	-0.328	7.651	4
native_system/queue/running_reg/C	native_system/queue/queue_reg[0][1524]/CE	-0.328	7.651	4
native_system/queue/running_reg/C	native_system/queue/queue_reg[3][1125]/CE	-0.327	7.614	4
native_system/queue/running_reg/C	native_system/queue/queue_reg[3][1319]/CE	-0.327	7.614	4
native_system/queue/running_reg/C	native_system/queue/queue_reg[3][1450]/CE	-0.327	7.614	4
native_system/queue/running_reg/C	native_system/queue/queue_reg[3][1511]/CE	-0.327	7.614	4
native_system/digital/boundary_reg/C	native_system/digital/bank/active_calibration_reg[73][2]/CE	-0.327	7.614	1
native_system/digital/boundary_reg/C	native_system/digital/bank/active_calibration_reg[73][7]/CE	-0.327	7.614	1
native_system/digital/boundary_reg/C	native_system/digital/bank/active_mask_reg[10]/CE	-0.327	7.614	1
native_system/digital/boundary_reg/C	native_system/digital/bank/active_requested_reg[73][4]/CE	-0.327	7.614	1
native_system/digital/boundary_reg/C	native_system/digital/bank/active_requested_reg[73][6]/CE	-0.327	7.614	1
native_system/digital/boundary_reg/C	native_system/digital/bank/active_requested_reg[73][7]/CE	-0.327	7.614	1
native_system/digital/boundary_reg/C	native_system/digital/bank/active_requested_reg[9][2]/CE	-0.327	7.614	1
native_system/queue/running_reg/C	native_system/queue/queue_reg[3][2122]/CE	-0.327	7.614	4
native_system/queue/running_reg/C	native_system/queue/queue_reg[3][551]/CE	-0.327	7.614	4
native_system/queue/running_reg/C	native_system/queue/queue_reg[3][1272]/CE	-0.327	7.614	4
native_system/queue/running_reg/C	native_system/queue/queue_reg[3][377]/CE	-0.327	7.614	4
native_system/queue/running_reg/C	native_system/queue/queue_reg[3][576]/CE	-0.327	7.614	4
native_system/queue/running_reg/C	native_system/queue/queue_reg[3][580]/CE	-0.327	7.614	4
native_system/queue/running_reg/C	native_system/queue/queue_reg[3][581]/CE	-0.327	7.614	4
native_system/queue/running_reg/C	native_system/queue/queue_reg[3][659]/CE	-0.327	7.614	4
native_system/queue/running_reg/C	native_system/queue/queue_reg[3][675]/CE	-0.327	7.614	4
native_system/queue/running_reg/C	native_system/queue/queue_reg[3][842]/CE	-0.327	7.614	4
native_system/digital/reset_sync_reg[1]/C	native_system/digital/adc/spi_bits_reg[4]/PRE	-0.326	7.459	1
native_system/queue/running_reg/C	native_system/queue/queue_reg[1][1222]/CE	-0.326	7.613	4
native_system/queue/running_reg/C	native_system/queue/queue_reg[1][1353]/CE	-0.326	7.613	4
native_system/queue/running_reg/C	native_system/queue/queue_reg[1][1471]/CE	-0.326	7.613	4
native_system/queue/running_reg/C	native_system/queue/queue_reg[2][1171]/CE	-0.326	7.649	4
native_system/queue/running_reg/C	native_system/queue/queue_reg[2][813]/CE	-0.326	7.649	4
native_system/queue/running_reg/C	native_system/queue/queue_reg[2][933]/CE	-0.326	7.649	4
native_system/queue/running_reg/C	native_system/queue/queue_reg[2][965]/CE	-0.326	7.649	4
native_system/queue/running_reg/C	native_system/queue/queue_reg[0][144]/CE	-0.325	7.612	4
native_system/queue/running_reg/C	native_system/queue/queue_reg[0][21]/CE	-0.325	7.612	4
native_system/digital/cfg_reg[22][10]/C	native_system/digital/bank/shadow_calibration_reg[92][2]/D	-0.325	7.712	0
native_system/queue/running_reg/C	native_system/queue/queue_reg[3][1175]/CE	-0.325	7.612	4
native_system/queue/running_reg/C	native_system/queue/queue_reg[3][1472]/CE	-0.325	7.612	4
native_system/queue/running_reg/C	native_system/queue/queue_reg[3][1573]/CE	-0.325	7.612	4
native_system/queue/running_reg/C	native_system/queue/queue_reg[3][1757]/CE	-0.325	7.612	4
native_system/queue/running_reg/C	native_system/queue/queue_reg[3][1990]/CE	-0.325	7.612	4
native_system/queue/running_reg/C	native_system/queue/queue_reg[3][692]/CE	-0.325	7.612	4
native_system/queue/running_reg/C	native_system/queue/queue_reg[3][817]/CE	-0.325	7.612	4
native_system/queue/running_reg/C	native_system/queue/queue_reg[3][968]/CE	-0.325	7.612	4
native_system/digital/cfg_reg[22][5]/C	native_system/digital/bank/shadow_requested_reg[126][5]/D	-0.324	7.785	0
native_system/queue/bus_wdata_reg[29]/C	native_system/digital/cfg_reg[3][27]/CE	-0.324	7.611	6
native_system/queue/running_reg/C	native_system/queue/queue_reg[2][1093]/CE	-0.324	7.611	4
native_system/queue/running_reg/C	native_system/queue/queue_reg[2][1129]/CE	-0.324	7.611	4
native_system/queue/running_reg/C	native_system/queue/queue_reg[2][1184]/CE	-0.324	7.611	4
native_system/queue/running_reg/C	native_system/queue/queue_reg[2][1320]/CE	-0.324	7.611	4
native_system/queue/running_reg/C	native_system/queue/queue_reg[2][1419]/CE	-0.324	7.611	4
native_system/queue/running_reg/C	native_system/queue/queue_reg[2][745]/CE	-0.324	7.611	4
native_system/queue/running_reg/C	native_system/queue/active_reg[540]/CE	-0.323	7.646	3
native_system/queue/running_reg/C	native_system/queue/active_reg[881]/CE	-0.323	7.646	3
native_system/queue/running_reg/C	native_system/queue/queue_reg[0][1046]/CE	-0.323	7.610	4
native_system/queue/running_reg/C	native_system/queue/queue_reg[0][1107]/CE	-0.323	7.610	4
native_system/queue/running_reg/C	native_system/queue/queue_reg[0][1242]/CE	-0.323	7.610	4
native_system/queue/running_reg/C	native_system/queue/queue_reg[0][1258]/CE	-0.323	7.610	4
native_system/queue/running_reg/C	native_system/queue/queue_reg[0][1384]/CE	-0.323	7.610	4
native_system/queue/running_reg/C	native_system/queue/queue_reg[0][1688]/CE	-0.323	7.610	4
native_system/queue/running_reg/C	native_system/queue/queue_reg[0][1788]/CE	-0.323	7.610	4
native_system/queue/running_reg/C	native_system/queue/queue_reg[0][760]/CE	-0.323	7.610	4
native_system/queue/running_reg/C	native_system/queue/queue_reg[3][277]/CE	-0.322	7.609	4
native_system/queue/running_reg/C	native_system/queue/queue_reg[3][321]/CE	-0.322	7.609	4
native_system/queue/running_reg/C	native_system/queue/queue_reg[3][333]/CE	-0.322	7.609	4
native_system/queue/running_reg/C	native_system/queue/queue_reg[3][341]/CE	-0.322	7.609	4
native_system/queue/running_reg/C	native_system/queue/queue_reg[3][397]/CE	-0.322	7.609	4
native_system/queue/running_reg/C	native_system/queue/queue_reg[3][469]/CE	-0.322	7.609	4
native_system/queue/running_reg/C	native_system/queue/queue_reg[2][274]/CE	-0.322	7.609	4
native_system/digital/reset_sync_reg[1]/C	native_system/digital/master_phase_reg[6]/CLR	-0.322	7.409	1
native_system/digital/reset_sync_reg[1]/C	native_system/digital/master_phase_reg[6]_rep/CLR	-0.322	7.409	1
native_system/digital/reset_sync_reg[1]/C	native_system/digital/master_phase_reg[6]_rep__0/CLR	-0.322	7.409	1
native_system/queue/running_reg/C	native_system/queue/queue_reg[2][1388]/CE	-0.321	7.608	4
native_system/queue/running_reg/C	native_system/queue/queue_reg[2][1399]/CE	-0.321	7.608	4
native_system/queue/running_reg/C	native_system/queue/queue_reg[2][1405]/CE	-0.321	7.608	4
native_system/queue/running_reg/C	native_system/queue/queue_reg[2][1479]/CE	-0.321	7.608	4
native_system/queue/running_reg/C	native_system/queue/queue_reg[2][1516]/CE	-0.321	7.608	4
native_system/digital/reset_sync_reg[1]/C	native_system/digital/bank/active_calibration_reg[1][5]/CLR	-0.321	7.494	1
native_system/digital/reset_sync_reg[1]/C	native_system/digital/bank/active_calibration_reg[4][0]/CLR	-0.321	7.494	1
native_system/digital/reset_sync_reg[1]/C	native_system/digital/bank/active_calibration_reg[4][1]/CLR	-0.321	7.494	1
native_system/digital/reset_sync_reg[1]/C	native_system/digital/bank/active_calibration_reg[4][2]/CLR	-0.321	7.494	1
native_system/queue/running_reg/C	native_system/queue/queue_reg[0][1396]/CE	-0.321	7.644	4
native_system/queue/running_reg/C	native_system/queue/queue_reg[0][1441]/CE	-0.321	7.644	4
native_system/queue/running_reg/C	native_system/queue/queue_reg[0][622]/CE	-0.321	7.644	4
native_system/queue/running_reg/C	native_system/queue/queue_reg[0][779]/CE	-0.321	7.644	4
native_system/queue/running_reg/C	native_system/queue/queue_reg[0][843]/CE	-0.321	7.644	4
native_system/digital/cfg_reg[22][2]/C	native_system/digital/bank/shadow_requested_reg[95][2]/D	-0.321	7.782	0
native_system/queue/running_reg/C	native_system/queue/queue_reg[2][350]/CE	-0.321	7.608	4
native_system/queue/running_reg/C	native_system/queue/queue_reg[2][389]/CE	-0.321	7.608	4
native_system/queue/running_reg/C	native_system/queue/queue_reg[2][426]/CE	-0.321	7.608	4
native_system/queue/running_reg/C	native_system/queue/queue_reg[2][433]/CE	-0.321	7.608	4
native_system/queue/running_reg/C	native_system/queue/queue_reg[2][446]/CE	-0.321	7.608	4
native_system/queue/running_reg/C	native_system/queue/queue_reg[2][490]/CE	-0.321	7.608	4
native_system/queue/running_reg/C	native_system/queue/queue_reg[2][525]/CE	-0.321	7.608	4
native_system/queue/running_reg/C	native_system/queue/queue_reg[3][1302]/CE	-0.320	7.607	4
native_system/queue/running_reg/C	native_system/queue/queue_reg[3][1714]/CE	-0.320	7.607	4
native_system/queue/running_reg/C	native_system/queue/queue_reg[3][1832]/CE	-0.320	7.607	4
native_system/queue/running_reg/C	native_system/queue/queue_reg[3][529]/CE	-0.320	7.607	4
native_system/queue/running_reg/C	native_system/queue/queue_reg[3][732]/CE	-0.320	7.607	4
native_system/digital/reset_sync_reg[1]/C	native_system/digital/bank/shadow_requested_reg[20][1]/CLR	-0.319	7.406	1
native_system/digital/reset_sync_reg[1]/C	native_system/digital/bank/shadow_requested_reg[20][2]/CLR	-0.319	7.406	1
native_system/digital/reset_sync_reg[1]/C	native_system/digital/bank/shadow_requested_reg[20][4]/CLR	-0.319	7.406	1
native_system/digital/reset_sync_reg[1]/C	native_system/digital/bank/shadow_requested_reg[20][6]/CLR	-0.319	7.406	1
native_system/digital/reset_sync_reg[1]/C	native_system/digital/bank/shadow_requested_reg[20][7]/CLR	-0.319	7.406	1
native_system/queue/running_reg/C	native_system/queue/queue_reg[0][1028]/CE	-0.319	7.606	4
native_system/queue/running_reg/C	native_system/queue/queue_reg[0][1262]/CE	-0.319	7.606	4
native_system/queue/running_reg/C	native_system/queue/queue_reg[0][1478]/CE	-0.319	7.606	4
native_system/queue/running_reg/C	native_system/queue/queue_reg[0][1541]/CE	-0.319	7.606	4
native_system/queue/running_reg/C	native_system/queue/queue_reg[0][627]/CE	-0.319	7.606	4
native_system/queue/running_reg/C	native_system/queue/queue_reg[0][689]/CE	-0.319	7.606	4
native_system/queue/running_reg/C	native_system/queue/queue_reg[0][769]/CE	-0.319	7.606	4
native_system/queue/running_reg/C	native_system/queue/queue_reg[0][793]/CE	-0.319	7.606	4
native_system/queue/running_reg/C	native_system/queue/active_reg[1012]/CE	-0.319	7.606	3
native_system/queue/running_reg/C	native_system/queue/active_reg[636]/CE	-0.319	7.606	3
native_system/queue/running_reg/C	native_system/queue/active_reg[649]/CE	-0.319	7.606	3
native_system/queue/running_reg/C	native_system/queue/queue_reg[3][1106]/CE	-0.318	7.605	4
native_system/queue/running_reg/C	native_system/queue/queue_reg[3][1325]/CE	-0.318	7.605	4
native_system/queue/running_reg/C	native_system/queue/queue_reg[3][1389]/CE	-0.318	7.605	4
native_system/queue/running_reg/C	native_system/queue/queue_reg[3][1451]/CE	-0.318	7.605	4
native_system/digital/reset_sync_reg[1]/C	native_system/digital/master_phase_reg[3]/CLR	-0.318	7.405	1
native_system/digital/reset_sync_reg[1]/C	native_system/digital/master_phase_reg[3]_rep/CLR	-0.318	7.405	1
native_system/digital/reset_sync_reg[1]/C	native_system/digital/master_phase_reg[7]/CLR	-0.318	7.405	1
native_system/digital/boundary_reg/C	native_system/digital/bank/active_calibration_reg[8][5]/CE	-0.318	7.641	1
native_system/queue/running_reg/C	native_system/queue/queue_reg[2][1102]/CE	-0.317	7.604	4
native_system/queue/running_reg/C	native_system/queue/queue_reg[2][1145]/CE	-0.317	7.604	4
native_system/queue/running_reg/C	native_system/queue/queue_reg[2][1147]/CE	-0.317	7.604	4
native_system/queue/running_reg/C	native_system/queue/queue_reg[2][1218]/CE	-0.317	7.604	4
native_system/queue/running_reg/C	native_system/queue/queue_reg[2][1220]/CE	-0.317	7.604	4
native_system/queue/running_reg/C	native_system/queue/queue_reg[2][1230]/CE	-0.317	7.604	4
native_system/queue/running_reg/C	native_system/queue/queue_reg[2][1318]/CE	-0.317	7.604	4
native_system/queue/running_reg/C	native_system/queue/queue_reg[2][1326]/CE	-0.317	7.604	4
native_system/digital/boundary_reg/C	native_system/digital/bank/active_requested_reg[48][0]/CE	-0.316	7.639	1
native_system/digital/boundary_reg/C	native_system/digital/bank/active_requested_reg[48][1]/CE	-0.316	7.639	1
native_system/digital/boundary_reg/C	native_system/digital/bank/active_requested_reg[48][6]/CE	-0.316	7.639	1
native_system/digital/boundary_reg/C	native_system/digital/bank/active_requested_reg[48][7]/CE	-0.316	7.639	1
native_system/digital/cfg_reg[22][11]/C	native_system/digital/bank/shadow_calibration_reg[126][3]/D	-0.316	7.765	0
native_system/queue/running_reg/C	native_system/queue/queue_reg[2][232]/CE	-0.316	7.603	4
native_system/queue/running_reg/C	native_system/queue/queue_reg[2][291]/CE	-0.316	7.603	4
native_system/queue/running_reg/C	native_system/queue/queue_reg[2][583]/CE	-0.316	7.603	4
native_system/digital/cfg_reg[22][7]/C	native_system/digital/bank/shadow_requested_reg[109][7]/D	-0.316	7.707	0
native_system/queue/running_reg/C	native_system/queue/queue_reg[3][1368]/CE	-0.315	7.602	4
native_system/queue/running_reg/C	native_system/queue/queue_reg[3][1488]/CE	-0.315	7.602	4
native_system/queue/running_reg/C	native_system/queue/queue_reg[3][1661]/CE	-0.315	7.602	4
native_system/queue/running_reg/C	native_system/queue/queue_reg[3][1686]/CE	-0.315	7.602	4
native_system/queue/running_reg/C	native_system/queue/queue_reg[3][1694]/CE	-0.315	7.602	4
native_system/queue/running_reg/C	native_system/queue/queue_reg[3][1749]/CE	-0.315	7.602	4
native_system/queue/running_reg/C	native_system/queue/queue_reg[3][2158]/CE	-0.315	7.602	4
native_system/queue/running_reg/C	native_system/queue/queue_reg[3][592]/CE	-0.315	7.602	4
native_system/digital/reset_sync_reg[1]/C	native_system/digital/bank/shadow_calibration_reg[20][0]/CLR	-0.315	7.402	1
native_system/digital/reset_sync_reg[1]/C	native_system/digital/bank/shadow_calibration_reg[20][4]/CLR	-0.315	7.402	1
native_system/digital/reset_sync_reg[1]/C	native_system/digital/bank/shadow_mask_reg[20]/CLR	-0.315	7.402	1
native_system/digital/reset_sync_reg[1]/C	native_system/digital/bank/shadow_requested_reg[20][0]/CLR	-0.315	7.402	1
native_system/queue/running_reg/C	native_system/queue/queue_reg[2][277]/CE	-0.315	7.638	4
native_system/queue/running_reg/C	native_system/queue/queue_reg[2][321]/CE	-0.315	7.638	4
native_system/queue/running_reg/C	native_system/queue/queue_reg[2][333]/CE	-0.315	7.638	4
native_system/queue/running_reg/C	native_system/queue/queue_reg[2][397]/CE	-0.315	7.638	4
native_system/queue/running_reg/C	native_system/queue/queue_reg[1][1178]/CE	-0.315	7.602	4
native_system/queue/running_reg/C	native_system/queue/queue_reg[1][1800]/CE	-0.315	7.602	4
native_system/queue/running_reg/C	native_system/queue/queue_reg[1][732]/CE	-0.315	7.602	4
native_system/queue/running_reg/C	native_system/queue/queue_reg[1][904]/CE	-0.315	7.602	4
native_system/queue/running_reg/C	native_system/queue/queue_reg[2][300]/CE	-0.314	7.601	4
native_system/queue/running_reg/C	native_system/queue/queue_reg[2][337]/CE	-0.314	7.601	4
native_system/queue/running_reg/C	native_system/queue/queue_reg[2][369]/CE	-0.314	7.601	4
native_system/queue/running_reg/C	native_system/queue/queue_reg[2][405]/CE	-0.314	7.601	4
native_system/queue/running_reg/C	native_system/queue/queue_reg[2][492]/CE	-0.314	7.601	4
native_system/queue/running_reg/C	native_system/queue/queue_reg[2][494]/CE	-0.314	7.601	4
native_system/queue/running_reg/C	native_system/queue/queue_reg[2][510]/CE	-0.314	7.601	4
native_system/queue/rd_reg[0]_rep__6/C	native_system/queue/active_reg[1652]/D	-0.314	7.837	1
native_system/queue/running_reg/C	native_system/queue/queue_reg[0][284]/CE	-0.313	7.600	4
native_system/queue/running_reg/C	native_system/queue/queue_reg[0][318]/CE	-0.313	7.600	4
native_system/queue/running_reg/C	native_system/queue/queue_reg[0][350]/CE	-0.313	7.600	4
native_system/queue/running_reg/C	native_system/queue/queue_reg[0][1098]/CE	-0.313	7.636	4
native_system/queue/running_reg/C	native_system/queue/queue_reg[0][1226]/CE	-0.313	7.636	4
native_system/queue/running_reg/C	native_system/queue/queue_reg[0][1313]/CE	-0.313	7.636	4
native_system/queue/running_reg/C	native_system/queue/queue_reg[0][1364]/CE	-0.313	7.636	4
native_system/queue/running_reg/C	native_system/queue/queue_reg[0][1442]/CE	-0.313	7.636	4
native_system/queue/running_reg/C	native_system/queue/queue_reg[0][1784]/CE	-0.313	7.636	4
native_system/queue/running_reg/C	native_system/queue/queue_reg[0][597]/CE	-0.313	7.636	4
native_system/queue/running_reg/C	native_system/queue/queue_reg[0][657]/CE	-0.313	7.636	4
native_system/digital/boundary_reg/C	native_system/digital/bank/commit_ack_reg/D	-0.313	7.779	1
native_system/queue/running_reg/C	native_system/queue/queue_reg[1][1136]/CE	-0.312	7.599	4
native_system/queue/running_reg/C	native_system/queue/queue_reg[1][1145]/CE	-0.312	7.599	4
native_system/queue/running_reg/C	native_system/queue/queue_reg[1][1147]/CE	-0.312	7.599	4
native_system/queue/running_reg/C	native_system/queue/queue_reg[1][1166]/CE	-0.312	7.599	4
native_system/queue/running_reg/C	native_system/queue/queue_reg[1][1206]/CE	-0.312	7.599	4
native_system/queue/running_reg/C	native_system/queue/queue_reg[1][1281]/CE	-0.312	7.599	4
native_system/queue/running_reg/C	native_system/queue/queue_reg[1][1290]/CE	-0.312	7.599	4
native_system/queue/running_reg/C	native_system/queue/queue_reg[1][1463]/CE	-0.312	7.599	4
native_system/queue/running_reg/C	native_system/queue/queue_reg[3][1054]/CE	-0.312	7.635	4
native_system/queue/running_reg/C	native_system/queue/queue_reg[3][1169]/CE	-0.312	7.635	4
native_system/queue/rd_reg[0]_rep__16/C	native_system/queue/active_reg[441]/D	-0.310	7.881	1
native_system/digital/cfg_reg[22][6]/C	native_system/digital/bank/shadow_requested_reg[84][6]/D	-0.309	7.788	0
native_system/queue/running_reg/C	native_system/queue/active_reg[1267]/CE	-0.309	7.632	3
native_system/queue/running_reg/C	native_system/queue/active_reg[1483]/CE	-0.309	7.632	3
native_system/queue/running_reg/C	native_system/queue/active_reg[844]/CE	-0.309	7.632	3
native_system/queue/running_reg/C	native_system/queue/active_reg[884]/CE	-0.309	7.632	3
native_system/digital/boundary_reg/C	native_system/digital/bank/active_calibration_reg[18][5]/CE	-0.308	7.595	1
native_system/digital/boundary_reg/C	native_system/digital/bank/active_calibration_reg[18][6]/CE	-0.308	7.595	1
native_system/digital/boundary_reg/C	native_system/digital/bank/active_mask_reg[50]/CE	-0.308	7.595	1
native_system/digital/boundary_reg/C	native_system/digital/bank/active_mask_reg[8]/CE	-0.308	7.595	1
native_system/digital/boundary_reg/C	native_system/digital/bank/active_requested_reg[18][7]/CE	-0.308	7.595	1
native_system/queue/running_reg/C	native_system/queue/queue_reg[1][1149]/CE	-0.308	7.595	4
native_system/queue/running_reg/C	native_system/queue/queue_reg[1][1276]/CE	-0.308	7.595	4
native_system/queue/running_reg/C	native_system/queue/queue_reg[2][1818]/CE	-0.307	7.594	4
native_system/queue/running_reg/C	native_system/queue/queue_reg[2][1878]/CE	-0.307	7.594	4
native_system/queue/running_reg/C	native_system/queue/queue_reg[2][1880]/CE	-0.307	7.594	4
native_system/queue/running_reg/C	native_system/queue/queue_reg[2][2054]/CE	-0.307	7.594	4
native_system/queue/running_reg/C	native_system/queue/queue_reg[2][744]/CE	-0.307	7.594	4
native_system/queue/running_reg/C	native_system/queue/queue_reg[2][849]/CE	-0.307	7.594	4
native_system/queue/running_reg/C	native_system/queue/queue_reg[3][466]/CE	-0.307	7.630	4
native_system/queue/running_reg/C	native_system/queue/queue_reg[0][1124]/CE	-0.307	7.594	4
native_system/queue/running_reg/C	native_system/queue/queue_reg[0][1164]/CE	-0.307	7.594	4
native_system/queue/running_reg/C	native_system/queue/queue_reg[0][1221]/CE	-0.307	7.594	4
native_system/queue/running_reg/C	native_system/queue/queue_reg[0][1292]/CE	-0.307	7.594	4
native_system/queue/running_reg/C	native_system/queue/queue_reg[0][1315]/CE	-0.307	7.594	4
native_system/queue/running_reg/C	native_system/queue/queue_reg[0][1443]/CE	-0.307	7.594	4
native_system/queue/running_reg/C	native_system/queue/queue_reg[0][304]/CE	-0.307	7.594	4
native_system/queue/running_reg/C	native_system/queue/queue_reg[0][896]/CE	-0.307	7.594	4
native_system/queue/running_reg/C	native_system/queue/queue_reg[1][1263]/CE	-0.306	7.593	4
native_system/queue/running_reg/C	native_system/queue/queue_reg[1][729]/CE	-0.306	7.593	4
native_system/queue/running_reg/C	native_system/queue/queue_reg[0][1620]/CE	-0.306	7.593	4
native_system/queue/running_reg/C	native_system/queue/queue_reg[0][1694]/CE	-0.306	7.593	4
native_system/queue/running_reg/C	native_system/queue/queue_reg[0][1702]/CE	-0.306	7.593	4
native_system/queue/running_reg/C	native_system/queue/queue_reg[0][1718]/CE	-0.306	7.593	4
native_system/queue/running_reg/C	native_system/queue/queue_reg[0][1722]/CE	-0.306	7.593	4
native_system/queue/running_reg/C	native_system/queue/queue_reg[0][1826]/CE	-0.306	7.593	4
native_system/queue/running_reg/C	native_system/queue/queue_reg[0][2050]/CE	-0.306	7.593	4
native_system/queue/running_reg/C	native_system/queue/queue_reg[0][592]/CE	-0.306	7.593	4
native_system/queue/running_reg/C	native_system/queue/queue_reg[2][341]/CE	-0.306	7.629	4
native_system/queue/running_reg/C	native_system/queue/queue_reg[2][469]/CE	-0.306	7.629	4
native_system/queue/running_reg/C	native_system/queue/queue_reg[2][2141]/CE	-0.305	7.592	4
native_system/queue/running_reg/C	native_system/queue/queue_reg[2][344]/CE	-0.305	7.592	4
native_system/queue/running_reg/C	native_system/queue/queue_reg[2][406]/CE	-0.305	7.592	4
native_system/queue/running_reg/C	native_system/queue/queue_reg[2][48]/CE	-0.305	7.592	4
native_system/queue/running_reg/C	native_system/queue/queue_reg[2][506]/CE	-0.305	7.592	4
native_system/queue/running_reg/C	native_system/queue/queue_reg[2][870]/CE	-0.305	7.592	4
native_system/queue/bus_wdata_reg[29]/C	native_system/digital/cfg_reg[4][21]/CE	-0.304	7.627	6
native_system/queue/bus_wdata_reg[29]/C	native_system/digital/cfg_reg[4][22]/CE	-0.304	7.627	6
native_system/queue/bus_wdata_reg[29]/C	native_system/digital/cfg_reg[4][23]/CE	-0.304	7.627	6
native_system/queue/running_reg/C	native_system/queue/queue_reg[2][1113]/CE	-0.303	7.590	4
native_system/queue/running_reg/C	native_system/queue/queue_reg[2][1359]/CE	-0.303	7.590	4
native_system/queue/running_reg/C	native_system/queue/queue_reg[2][1420]/CE	-0.303	7.590	4
native_system/queue/running_reg/C	native_system/queue/queue_reg[2][1431]/CE	-0.303	7.590	4
native_system/queue/running_reg/C	native_system/queue/queue_reg[2][1447]/CE	-0.303	7.590	4
native_system/queue/running_reg/C	native_system/queue/queue_reg[2][1468]/CE	-0.303	7.590	4
native_system/queue/running_reg/C	native_system/queue/queue_reg[2][1506]/CE	-0.303	7.590	4
native_system/queue/running_reg/C	native_system/queue/queue_reg[2][1514]/CE	-0.303	7.590	4
native_system/queue/running_reg/C	native_system/queue/queue_reg[3][228]/CE	-0.303	7.590	4
native_system/queue/running_reg/C	native_system/queue/queue_reg[3][307]/CE	-0.303	7.590	4
native_system/queue/running_reg/C	native_system/queue/queue_reg[3][357]/CE	-0.303	7.590	4
native_system/queue/running_reg/C	native_system/queue/queue_reg[3][467]/CE	-0.303	7.590	4
native_system/queue/running_reg/C	native_system/queue/queue_reg[1][1550]/CE	-0.302	7.589	4
native_system/queue/running_reg/C	native_system/queue/queue_reg[1][1646]/CE	-0.302	7.589	4
native_system/queue/running_reg/C	native_system/queue/queue_reg[1][693]/CE	-0.302	7.625	4
native_system/queue/running_reg/C	native_system/queue/active_reg[1008]/CE	-0.302	7.589	3
native_system/queue/running_reg/C	native_system/queue/active_reg[728]/CE	-0.302	7.589	3
native_system/queue/running_reg/C	native_system/queue/active_reg[876]/CE	-0.302	7.589	3
native_system/queue/running_reg/C	native_system/queue/active_reg[967]/CE	-0.302	7.589	3
native_system/queue/running_reg/C	native_system/queue/queue_reg[3][172]/CE	-0.302	7.625	4
native_system/queue/running_reg/C	native_system/queue/queue_reg[3][253]/CE	-0.302	7.625	4
native_system/queue/running_reg/C	native_system/queue/queue_reg[3][268]/CE	-0.302	7.625	4
native_system/queue/running_reg/C	native_system/queue/queue_reg[3][319]/CE	-0.302	7.625	4
native_system/queue/running_reg/C	native_system/queue/queue_reg[3][447]/CE	-0.302	7.625	4
native_system/queue/running_reg/C	native_system/queue/queue_reg[3][65]/CE	-0.302	7.625	4
native_system/queue/running_reg/C	native_system/queue/queue_reg[3][137]/CE	-0.301	7.624	4
native_system/queue/running_reg/C	native_system/queue/queue_reg[3][305]/CE	-0.301	7.624	4
native_system/queue/running_reg/C	native_system/queue/queue_reg[3][412]/CE	-0.301	7.624	4
native_system/queue/running_reg/C	native_system/queue/queue_reg[3][486]/CE	-0.301	7.624	4
native_system/queue/bus_wdata_reg[29]/C	native_system/digital/cfg_reg[4][15]/CE	-0.301	7.588	6
native_system/queue/bus_wdata_reg[29]/C	native_system/digital/cfg_reg[4][19]/CE	-0.301	7.588	6
native_system/queue/bus_wdata_reg[29]/C	native_system/digital/cfg_reg[4][24]/CE	-0.301	7.588	6
native_system/queue/bus_wdata_reg[29]/C	native_system/digital/cfg_reg[4][25]/CE	-0.301	7.588	6
native_system/queue/bus_wdata_reg[29]/C	native_system/digital/cfg_reg[4][26]/CE	-0.301	7.588	6
native_system/queue/bus_wdata_reg[29]/C	native_system/digital/cfg_reg[4][27]/CE	-0.301	7.588	6
native_system/queue/bus_wdata_reg[29]/C	native_system/digital/cfg_reg[4][30]/CE	-0.301	7.588	6
native_system/queue/bus_wdata_reg[29]/C	native_system/digital/cfg_reg[4][31]/CE	-0.301	7.588	6
native_system/queue/running_reg/C	native_system/queue/queue_reg[0][137]/CE	-0.301	7.624	4
native_system/queue/running_reg/C	native_system/queue/queue_reg[0][205]/CE	-0.301	7.624	4
native_system/queue/running_reg/C	native_system/queue/queue_reg[0][378]/CE	-0.301	7.624	4
native_system/queue/running_reg/C	native_system/queue/queue_reg[0][381]/CE	-0.301	7.624	4
native_system/queue/running_reg/C	native_system/queue/queue_reg[0][501]/CE	-0.301	7.624	4
native_system/digital/cfg_reg[22][0]/C	native_system/digital/bank/shadow_requested_reg[69][0]/D	-0.301	7.712	0
native_system/queue/running_reg/C	bridge/s_rdata_reg[25]/D	-0.301	7.868	7
native_system/queue/running_reg/C	native_system/queue/queue_reg[3][369]/CE	-0.300	7.623	4
native_system/queue/running_reg/C	native_system/queue/queue_reg[3][430]/CE	-0.300	7.623	4
native_system/queue/running_reg/C	native_system/queue/queue_reg[3][494]/CE	-0.300	7.623	4
native_system/queue/running_reg/C	native_system/queue/queue_reg[3][510]/CE	-0.300	7.623	4
native_system/queue/running_reg/C	native_system/queue/queue_reg[0][1172]/CE	-0.300	7.587	4
native_system/queue/running_reg/C	native_system/queue/queue_reg[0][1227]/CE	-0.300	7.587	4
native_system/queue/running_reg/C	native_system/queue/queue_reg[0][1289]/CE	-0.300	7.587	4
native_system/queue/running_reg/C	native_system/queue/queue_reg[0][1305]/CE	-0.300	7.587	4
native_system/queue/running_reg/C	native_system/queue/queue_reg[0][1332]/CE	-0.300	7.587	4
native_system/queue/running_reg/C	native_system/queue/queue_reg[2][245]/CE	-0.300	7.623	4
native_system/queue/running_reg/C	native_system/queue/queue_reg[2][256]/CE	-0.300	7.623	4
native_system/queue/running_reg/C	native_system/queue/queue_reg[2][260]/CE	-0.300	7.623	4
native_system/digital/cfg_reg[22][10]/C	native_system/digital/bank/shadow_calibration_reg[44][2]/D	-0.299	7.710	0
native_system/digital/cfg_reg[21][1]/C	native_system/digital/bank/shadow_calibration_reg[101][6]/CE	-0.299	7.622	1
native_system/digital/cfg_reg[21][1]/C	native_system/digital/bank/shadow_requested_reg[101][4]/CE	-0.299	7.622	1
native_system/digital/cfg_reg[21][1]/C	native_system/digital/bank/shadow_requested_reg[101][5]/CE	-0.299	7.622	1
native_system/queue/running_reg/C	native_system/queue/queue_reg[2][1124]/CE	-0.298	7.585	4
native_system/queue/running_reg/C	native_system/queue/queue_reg[2][1221]/CE	-0.298	7.585	4
native_system/queue/running_reg/C	native_system/queue/queue_reg[2][1259]/CE	-0.298	7.585	4
native_system/queue/running_reg/C	native_system/queue/queue_reg[2][1346]/CE	-0.298	7.585	4
native_system/queue/running_reg/C	native_system/queue/queue_reg[2][1443]/CE	-0.298	7.585	4
native_system/queue/running_reg/C	native_system/queue/queue_reg[2][1501]/CE	-0.298	7.585	4
native_system/queue/running_reg/C	native_system/queue/queue_reg[2][896]/CE	-0.298	7.585	4
native_system/queue/running_reg/C	native_system/queue/queue_reg[0][1821]/CE	-0.298	7.585	4
native_system/queue/running_reg/C	native_system/queue/queue_reg[0][1881]/CE	-0.298	7.585	4
native_system/queue/running_reg/C	native_system/queue/queue_reg[0][2028]/CE	-0.298	7.585	4
native_system/queue/running_reg/C	native_system/queue/queue_reg[0][2109]/CE	-0.298	7.585	4
native_system/queue/running_reg/C	native_system/queue/queue_reg[0][935]/CE	-0.298	7.585	4
native_system/queue/running_reg/C	native_system/queue/queue_reg[0][986]/CE	-0.298	7.585	4
native_system/queue/running_reg/C	native_system/queue/queue_reg[0][991]/CE	-0.298	7.585	4
native_system/digital/cfg_reg[22][2]/C	native_system/digital/bank/shadow_requested_reg[94][2]/D	-0.298	7.685	0
native_system/queue/running_reg/C	native_system/queue/active_reg[622]/CE	-0.297	7.620	3
native_system/queue/running_reg/C	native_system/queue/active_reg[681]/CE	-0.297	7.620	3
native_system/queue/running_reg/C	native_system/queue/active_reg[812]/CE	-0.297	7.620	3
native_system/queue/running_reg/C	native_system/queue/active_reg[952]/CE	-0.297	7.620	3
native_system/queue/running_reg/C	native_system/queue/queue_reg[0][305]/CE	-0.297	7.620	4
native_system/queue/running_reg/C	native_system/queue/queue_reg[0][412]/CE	-0.297	7.620	4
native_system/queue/running_reg/C	native_system/queue/queue_reg[0][413]/CE	-0.297	7.620	4
native_system/queue/running_reg/C	native_system/queue/queue_reg[0][486]/CE	-0.297	7.620	4
native_system/queue/running_reg/C	native_system/queue/queue_reg[2][124]/CE	-0.296	7.583	4
native_system/queue/running_reg/C	native_system/queue/queue_reg[2][2085]/CE	-0.296	7.583	4
native_system/queue/running_reg/C	native_system/queue/queue_reg[2][220]/CE	-0.296	7.583	4
native_system/queue/running_reg/C	native_system/queue/queue_reg[2][28]/CE	-0.296	7.583	4
native_system/queue/running_reg/C	native_system/queue/queue_reg[2][312]/CE	-0.296	7.583	4
native_system/queue/running_reg/C	native_system/queue/queue_reg[2][435]/CE	-0.296	7.583	4
native_system/queue/running_reg/C	native_system/queue/queue_reg[2][731]/CE	-0.296	7.583	4
native_system/queue/running_reg/C	native_system/queue/queue_reg[2][742]/CE	-0.296	7.583	4
native_system/queue/rd_reg[0]_rep__6/C	native_system/queue/active_reg[1596]/D	-0.296	7.819	1
native_system/queue/running_reg/C	native_system/queue/queue_reg[0][1567]/CE	-0.296	7.619	4
native_system/queue/running_reg/C	native_system/queue/queue_reg[0][1614]/CE	-0.296	7.619	4
native_system/queue/running_reg/C	native_system/queue/queue_reg[0][1756]/CE	-0.296	7.619	4
native_system/queue/running_reg/C	native_system/queue/queue_reg[0][1801]/CE	-0.296	7.619	4
native_system/queue/running_reg/C	native_system/queue/queue_reg[0][1070]/CE	-0.294	7.617	4
native_system/queue/running_reg/C	native_system/queue/queue_reg[0][1120]/CE	-0.294	7.617	4
native_system/queue/running_reg/C	native_system/queue/queue_reg[0][1210]/CE	-0.294	7.617	4
native_system/queue/running_reg/C	native_system/queue/queue_reg[0][1717]/CE	-0.294	7.617	4
native_system/queue/running_reg/C	native_system/queue/queue_reg[0][549]/CE	-0.294	7.617	4
native_system/queue/running_reg/C	native_system/queue/queue_reg[0][604]/CE	-0.294	7.617	4
native_system/queue/running_reg/C	native_system/queue/queue_reg[0][620]/CE	-0.294	7.617	4
native_system/queue/running_reg/C	native_system/queue/queue_reg[0][749]/CE	-0.294	7.617	4
native_system/digital/cfg_reg[22][2]/C	native_system/digital/bank/shadow_requested_reg[47][2]/D	-0.294	7.725	0
native_system/queue/running_reg/C	native_system/queue/queue_reg[2][284]/CE	-0.293	7.616	4
native_system/queue/running_reg/C	native_system/queue/queue_reg[2][318]/CE	-0.293	7.616	4
native_system/queue/running_reg/C	native_system/queue/queue_reg[2][478]/CE	-0.293	7.616	4
native_system/queue/running_reg/C	native_system/queue/queue_reg[2][49]/CE	-0.293	7.616	4
native_system/queue/running_reg/C	native_system/queue/queue_reg[1][1368]/CE	-0.293	7.580	4
native_system/queue/running_reg/C	native_system/queue/queue_reg[1][1563]/CE	-0.293	7.580	4
native_system/queue/running_reg/C	native_system/queue/queue_reg[1][1570]/CE	-0.293	7.580	4
native_system/queue/running_reg/C	native_system/queue/queue_reg[1][1813]/CE	-0.293	7.580	4
native_system/queue/running_reg/C	native_system/queue/queue_reg[1][2018]/CE	-0.293	7.580	4
native_system/queue/running_reg/C	native_system/queue/queue_reg[1][2022]/CE	-0.293	7.580	4
native_system/queue/running_reg/C	native_system/queue/queue_reg[1][2024]/CE	-0.293	7.580	4
native_system/queue/running_reg/C	native_system/queue/queue_reg[1][564]/CE	-0.293	7.580	4
native_system/queue/running_reg/C	native_system/queue/active_reg[1111]/CE	-0.293	7.616	3
native_system/queue/running_reg/C	native_system/queue/active_reg[1398]/CE	-0.293	7.616	3
native_system/queue/running_reg/C	native_system/queue/active_reg[1608]/CE	-0.293	7.616	3
native_system/queue/running_reg/C	native_system/queue/active_reg[672]/CE	-0.293	7.616	3
native_system/digital/master_phase_reg[4]/C	native_system/digital/serial/captured_reg[103]/D	-0.292	7.760	3
native_system/queue/running_reg/C	native_system/queue/queue_reg[2][1132]/CE	-0.292	7.579	4
native_system/queue/running_reg/C	native_system/queue/queue_reg[2][1142]/CE	-0.292	7.579	4
native_system/queue/running_reg/C	native_system/queue/queue_reg[2][1188]/CE	-0.292	7.579	4
native_system/queue/running_reg/C	native_system/queue/queue_reg[2][1273]/CE	-0.292	7.579	4
native_system/queue/running_reg/C	native_system/queue/queue_reg[2][1382]/CE	-0.292	7.579	4
native_system/queue/running_reg/C	native_system/queue/queue_reg[2][1415]/CE	-0.292	7.579	4
native_system/queue/running_reg/C	native_system/queue/queue_reg[2][1437]/CE	-0.292	7.579	4
native_system/queue/running_reg/C	native_system/queue/queue_reg[2][1503]/CE	-0.292	7.579	4
native_system/queue/running_reg/C	native_system/queue/queue_reg[2][465]/CE	-0.292	7.579	4
native_system/queue/running_reg/C	native_system/queue/queue_reg[2][466]/CE	-0.292	7.579	4
native_system/digital/cfg_reg[22][4]/C	native_system/digital/bank/shadow_requested_reg[93][4]/D	-0.291	7.702	0
native_system/queue/running_reg/C	native_system/queue/queue_reg[0][1817]/CE	-0.291	7.578	4
native_system/queue/running_reg/C	native_system/queue/queue_reg[0][1898]/CE	-0.291	7.578	4
native_system/queue/running_reg/C	native_system/queue/queue_reg[0][1967]/CE	-0.291	7.578	4
native_system/queue/running_reg/C	native_system/queue/queue_reg[0][856]/CE	-0.291	7.578	4
native_system/queue/running_reg/C	native_system/queue/queue_reg[1][409]/CE	-0.290	7.577	4
native_system/queue/running_reg/C	native_system/queue/queue_reg[1][547]/CE	-0.290	7.577	4
native_system/queue/running_reg/C	native_system/queue/queue_reg[1][576]/CE	-0.290	7.577	4
native_system/queue/running_reg/C	native_system/queue/queue_reg[1][585]/CE	-0.290	7.577	4
native_system/queue/running_reg/C	native_system/queue/queue_reg[1][643]/CE	-0.290	7.577	4
native_system/queue/running_reg/C	native_system/queue/queue_reg[1][653]/CE	-0.290	7.577	4
native_system/queue/running_reg/C	native_system/queue/queue_reg[1][707]/CE	-0.290	7.577	4
native_system/queue/running_reg/C	native_system/queue/queue_reg[1][783]/CE	-0.290	7.577	4
native_system/queue/running_reg/C	native_system/queue/queue_reg[2][101]/CE	-0.290	7.613	4
native_system/queue/running_reg/C	native_system/queue/queue_reg[2][241]/CE	-0.290	7.613	4
native_system/queue/running_reg/C	native_system/queue/queue_reg[2][413]/CE	-0.290	7.613	4
native_system/queue/running_reg/C	native_system/queue/queue_reg[1][1557]/CE	-0.290	7.577	4
native_system/queue/running_reg/C	native_system/queue/queue_reg[1][1575]/CE	-0.290	7.577	4
native_system/queue/running_reg/C	native_system/queue/queue_reg[1][1580]/CE	-0.290	7.577	4
native_system/queue/running_reg/C	native_system/queue/queue_reg[1][1764]/CE	-0.290	7.577	4
native_system/queue/running_reg/C	native_system/queue/queue_reg[1][561]/CE	-0.290	7.577	4
native_system/queue/running_reg/C	native_system/queue/queue_reg[1][616]/CE	-0.290	7.577	4
native_system/queue/running_reg/C	native_system/queue/queue_reg[1][752]/CE	-0.290	7.577	4
native_system/queue/running_reg/C	native_system/queue/queue_reg[1][977]/CE	-0.290	7.577	4
native_system/digital/master_phase_reg[7]/C	native_system/digital/serial/captured_reg[118]/CE	-0.290	7.577	2
native_system/digital/master_phase_reg[7]/C	native_system/digital/serial/captured_reg[86]/CE	-0.290	7.577	2
native_system/digital/master_phase_reg[7]/C	native_system/digital/serial/captured_reg[87]/CE	-0.290	7.577	2
native_system/queue/running_reg/C	native_system/queue/queue_reg[1][1400]/CE	-0.290	7.613	4
native_system/queue/running_reg/C	native_system/queue/queue_reg[1][1876]/CE	-0.290	7.613	4
native_system/queue/running_reg/C	native_system/queue/queue_reg[1][853]/CE	-0.290	7.613	4
native_system/queue/rd_reg[1]_rep__16/C	native_system/queue/active_reg[2146]/D	-0.289	7.813	1
native_system/queue/running_reg/C	native_system/queue/queue_reg[3][426]/CE	-0.289	7.612	4
native_system/queue/running_reg/C	native_system/queue/queue_reg[3][433]/CE	-0.289	7.612	4
native_system/queue/running_reg/C	native_system/queue/queue_reg[3][525]/CE	-0.289	7.612	4
native_system/queue/running_reg/C	native_system/queue/queue_reg[3][1136]/CE	-0.289	7.576	4
native_system/queue/running_reg/C	native_system/queue/queue_reg[3][1206]/CE	-0.289	7.576	4
native_system/queue/running_reg/C	native_system/queue/queue_reg[3][1281]/CE	-0.289	7.576	4
native_system/queue/running_reg/C	native_system/queue/queue_reg[3][1463]/CE	-0.289	7.576	4
native_system/queue/running_reg/C	native_system/queue/active_reg[1143]/CE	-0.289	7.612	3
native_system/queue/running_reg/C	native_system/queue/active_reg[1271]/CE	-0.289	7.612	3
native_system/queue/running_reg/C	native_system/queue/active_reg[1572]/CE	-0.289	7.612	3
native_system/queue/running_reg/C	native_system/queue/active_reg[836]/CE	-0.289	7.612	3
native_system/queue/running_reg/C	native_system/queue/queue_reg[1][1334]/CE	-0.288	7.575	4
native_system/queue/running_reg/C	native_system/queue/queue_reg[1][1690]/CE	-0.288	7.575	4
native_system/queue/running_reg/C	native_system/queue/queue_reg[1][1726]/CE	-0.288	7.575	4
native_system/queue/running_reg/C	native_system/queue/queue_reg[1][1768]/CE	-0.288	7.575	4
native_system/queue/running_reg/C	native_system/queue/queue_reg[1][1798]/CE	-0.288	7.575	4
native_system/queue/running_reg/C	native_system/queue/queue_reg[1][1806]/CE	-0.288	7.575	4
native_system/queue/running_reg/C	native_system/queue/queue_reg[1][1847]/CE	-0.288	7.575	4
native_system/queue/running_reg/C	native_system/queue/queue_reg[1][1890]/CE	-0.288	7.575	4
native_system/digital/cfg_reg[21][4]/C	native_system/digital/bank/shadow_calibration_reg[86][6]/CE	-0.287	7.372	1
native_system/queue/running_reg/C	native_system/queue/queue_reg[1][969]/CE	-0.287	7.610	4
native_system/queue/running_reg/C	native_system/queue/queue_reg[1][1055]/CE	-0.287	7.574	4
native_system/queue/running_reg/C	native_system/queue/queue_reg[1][1183]/CE	-0.287	7.574	4
native_system/queue/running_reg/C	native_system/queue/queue_reg[1][1191]/CE	-0.287	7.574	4
native_system/queue/running_reg/C	native_system/queue/queue_reg[1][1934]/CE	-0.287	7.574	4
native_system/queue/running_reg/C	native_system/queue/queue_reg[1][2086]/CE	-0.287	7.574	4
native_system/queue/running_reg/C	native_system/queue/queue_reg[1][2114]/CE	-0.287	7.574	4
native_system/queue/running_reg/C	native_system/queue/queue_reg[1][2150]/CE	-0.287	7.574	4
native_system/queue/running_reg/C	native_system/queue/queue_reg[1][785]/CE	-0.287	7.574	4
native_system/queue/bus_wdata_reg[29]/C	native_system/digital/cfg_reg[11][16]/CE	-0.287	7.610	6
native_system/queue/bus_wdata_reg[29]/C	native_system/digital/cfg_reg[11][17]/CE	-0.287	7.610	6
native_system/queue/bus_wdata_reg[29]/C	native_system/digital/cfg_reg[11][19]/CE	-0.287	7.610	6
native_system/digital/bank/command_error_reg/C	native_system/digital/serial/serial_data_reg[16]/D	-0.286	7.807	5
native_system/digital/reset_sync_reg[1]/C	native_system/digital/adc/spi/length_reg[5]/CLR	-0.286	7.459	1
native_system/digital/reset_sync_reg[1]/C	native_system/digital/adc/spi/tx_reg[10]/CLR	-0.286	7.459	1
native_system/digital/reset_sync_reg[1]/C	native_system/digital/adc/spi/tx_reg[14]/CLR	-0.286	7.459	1
native_system/digital/reset_sync_reg[1]/C	native_system/digital/adc/spi/tx_reg[4]/CLR	-0.286	7.459	1
native_system/digital/cfg_reg[21][4]/C	native_system/digital/bank/shadow_calibration_reg[120][2]/CE	-0.286	7.371	1
native_system/digital/cfg_reg[21][4]/C	native_system/digital/bank/shadow_calibration_reg[120][4]/CE	-0.286	7.371	1
native_system/digital/cfg_reg[21][4]/C	native_system/digital/bank/shadow_calibration_reg[120][7]/CE	-0.286	7.371	1
native_system/digital/cfg_reg[21][4]/C	native_system/digital/bank/shadow_requested_reg[120][4]/CE	-0.286	7.371	1
native_system/digital/cfg_reg[21][4]/C	native_system/digital/bank/shadow_requested_reg[120][6]/CE	-0.286	7.371	1
native_system/queue/running_reg/C	native_system/queue/queue_reg[3][1055]/CE	-0.286	7.573	4
native_system/queue/running_reg/C	native_system/queue/queue_reg[3][1191]/CE	-0.286	7.573	4
native_system/queue/running_reg/C	native_system/queue/queue_reg[3][1199]/CE	-0.286	7.573	4
native_system/queue/running_reg/C	native_system/queue/queue_reg[3][1231]/CE	-0.286	7.573	4
native_system/queue/running_reg/C	native_system/queue/queue_reg[3][1882]/CE	-0.286	7.573	4
native_system/queue/running_reg/C	native_system/queue/queue_reg[3][1918]/CE	-0.286	7.573	4
native_system/queue/running_reg/C	native_system/queue/queue_reg[3][2114]/CE	-0.286	7.573	4
native_system/queue/running_reg/C	native_system/queue/queue_reg[1][1621]/CE	-0.286	7.608	4
native_system/queue/running_reg/C	native_system/queue/queue_reg[1][1629]/CE	-0.286	7.608	4
native_system/queue/running_reg/C	native_system/queue/queue_reg[1][1630]/CE	-0.286	7.608	4
native_system/queue/running_reg/C	native_system/queue/queue_reg[1][1694]/CE	-0.286	7.608	4
native_system/queue/running_reg/C	native_system/queue/queue_reg[1][1958]/CE	-0.286	7.608	4
native_system/queue/running_reg/C	native_system/queue/queue_reg[1][1993]/CE	-0.286	7.608	4
native_system/queue/running_reg/C	native_system/queue/queue_reg[1][2043]/CE	-0.286	7.608	4
native_system/queue/running_reg/C	native_system/queue/queue_reg[1][992]/CE	-0.286	7.608	4
native_system/queue/running_reg/C	native_system/queue/queue_reg[0][269]/CE	-0.285	7.572	4
native_system/queue/running_reg/C	native_system/queue/queue_reg[0][316]/CE	-0.285	7.572	4
native_system/queue/running_reg/C	native_system/queue/queue_reg[0][453]/CE	-0.285	7.572	4
native_system/queue/running_reg/C	native_system/queue/queue_reg[0][497]/CE	-0.285	7.572	4
native_system/queue/running_reg/C	native_system/queue/queue_reg[1][1041]/CE	-0.285	7.608	4
native_system/queue/running_reg/C	native_system/queue/queue_reg[1][1044]/CE	-0.285	7.608	4
native_system/queue/running_reg/C	native_system/queue/queue_reg[1][1094]/CE	-0.285	7.608	4
native_system/queue/running_reg/C	native_system/queue/queue_reg[1][1337]/CE	-0.285	7.608	4
native_system/queue/running_reg/C	native_system/queue/queue_reg[1][1409]/CE	-0.285	7.608	4
native_system/queue/running_reg/C	native_system/queue/queue_reg[1][1429]/CE	-0.285	7.608	4
native_system/queue/running_reg/C	native_system/queue/queue_reg[1][1473]/CE	-0.285	7.608	4
native_system/queue/running_reg/C	native_system/queue/queue_reg[1][1530]/CE	-0.285	7.608	4
native_system/queue/running_reg/C	native_system/queue/queue_reg[1][1090]/CE	-0.285	7.572	4
native_system/queue/running_reg/C	native_system/queue/queue_reg[1][1141]/CE	-0.285	7.572	4
native_system/queue/running_reg/C	native_system/queue/queue_reg[1][1174]/CE	-0.285	7.572	4
native_system/queue/running_reg/C	native_system/queue/queue_reg[1][1283]/CE	-0.285	7.572	4
native_system/queue/running_reg/C	native_system/queue/queue_reg[1][1390]/CE	-0.285	7.572	4
native_system/queue/running_reg/C	native_system/queue/queue_reg[1][1527]/CE	-0.285	7.572	4
native_system/queue/running_reg/C	native_system/queue/queue_reg[1][1529]/CE	-0.285	7.572	4
native_system/queue/running_reg/C	native_system/queue/queue_reg[1][1535]/CE	-0.285	7.572	4
native_system/digital/master_phase_reg[7]/C	native_system/digital/serial/serial_data_reg[12]/CE	-0.285	7.572	3
native_system/digital/master_phase_reg[7]/C	native_system/digital/serial/serial_data_reg[4]/CE	-0.285	7.572	3
native_system/digital/cfg_reg[21][4]/C	native_system/digital/bank/shadow_mask_reg[122]/CE	-0.285	7.406	1
native_system/digital/cfg_reg[21][4]/C	native_system/digital/bank/shadow_mask_reg[106]/CE	-0.284	7.369	1
native_system/queue/bus_wdata_reg[29]/C	native_system/digital/cfg_reg[3][28]/CE	-0.284	7.571	6
native_system/queue/bus_wdata_reg[29]/C	native_system/digital/cfg_reg[3][30]/CE	-0.284	7.571	6
native_system/queue/rd_reg[1]_rep__7/C	native_system/queue/active_reg[1004]/D	-0.283	7.856	1
native_system/queue/running_reg/C	native_system/queue/queue_reg[2][228]/CE	-0.283	7.606	4
native_system/queue/running_reg/C	native_system/queue/queue_reg[2][307]/CE	-0.283	7.606	4
native_system/queue/running_reg/C	native_system/queue/queue_reg[2][392]/CE	-0.283	7.606	4
native_system/queue/running_reg/C	native_system/queue/queue_reg[2][467]/CE	-0.283	7.606	4
native_system/queue/running_reg/C	native_system/queue/queue_reg[2][493]/CE	-0.283	7.606	4
native_system/queue/running_reg/C	native_system/queue/queue_reg[2][521]/CE	-0.283	7.606	4
native_system/queue/running_reg/C	native_system/queue/queue_reg[0][1247]/CE	-0.282	7.605	4
native_system/queue/running_reg/C	native_system/queue/queue_reg[0][1815]/CE	-0.282	7.605	4
native_system/queue/running_reg/C	native_system/queue/queue_reg[0][1918]/CE	-0.282	7.605	4
native_system/queue/running_reg/C	native_system/queue/queue_reg[2][1226]/CE	-0.282	7.569	4
native_system/queue/running_reg/C	native_system/queue/queue_reg[2][1269]/CE	-0.282	7.569	4
native_system/queue/running_reg/C	native_system/queue/queue_reg[2][1293]/CE	-0.282	7.569	4
native_system/queue/running_reg/C	native_system/queue/queue_reg[2][1309]/CE	-0.282	7.569	4
native_system/queue/running_reg/C	native_system/queue/queue_reg[2][1367]/CE	-0.282	7.569	4
native_system/queue/running_reg/C	native_system/queue/queue_reg[2][1378]/CE	-0.282	7.569	4
native_system/queue/running_reg/C	native_system/queue/queue_reg[2][1442]/CE	-0.282	7.569	4
native_system/queue/running_reg/C	native_system/queue/queue_reg[2][1784]/CE	-0.282	7.569	4
native_system/queue/bus_wdata_reg[29]/C	native_system/digital/cfg_reg[10][14]/CE	-0.282	7.569	7
native_system/queue/bus_wdata_reg[29]/C	native_system/digital/cfg_reg[10][15]/CE	-0.282	7.569	7
native_system/queue/bus_wdata_reg[29]/C	native_system/digital/cfg_reg[10][4]/CE	-0.282	7.569	7
native_system/queue/bus_wdata_reg[29]/C	native_system/digital/cfg_reg[10][9]/CE	-0.282	7.569	7
native_system/queue/running_reg/C	native_system/queue/queue_reg[1][314]/CE	-0.282	7.605	4
native_system/queue/running_reg/C	native_system/queue/queue_reg[1][367]/CE	-0.282	7.605	4
native_system/queue/running_reg/C	native_system/queue/queue_reg[1][477]/CE	-0.282	7.605	4
native_system/queue/running_reg/C	native_system/queue/queue_reg[1][481]/CE	-0.282	7.605	4
native_system/queue/running_reg/C	native_system/queue/queue_reg[1][686]/CE	-0.282	7.605	4
native_system/queue/running_reg/C	native_system/queue/queue_reg[1][743]/CE	-0.282	7.605	4
native_system/queue/running_reg/C	native_system/queue/queue_reg[1][902]/CE	-0.282	7.605	4
native_system/digital/boundary_reg/C	native_system/digital/bank/active_calibration_reg[32][0]/CE	-0.281	7.604	1
native_system/digital/boundary_reg/C	native_system/digital/bank/active_requested_reg[117][7]/CE	-0.281	7.604	1
native_system/digital/boundary_reg/C	native_system/digital/bank/active_requested_reg[32][6]/CE	-0.281	7.604	1
native_system/digital/boundary_reg/C	native_system/digital/bank/active_requested_reg[36][7]/CE	-0.281	7.604	1
native_system/digital/reset_sync_reg[1]/C	native_system/digital/adc/frame_reg[99]/CLR	-0.280	7.367	1
native_system/queue/running_reg/C	native_system/queue/queue_reg[3][1073]/CE	-0.280	7.567	4
native_system/queue/running_reg/C	native_system/queue/queue_reg[3][1103]/CE	-0.280	7.567	4
native_system/queue/running_reg/C	native_system/queue/queue_reg[3][1203]/CE	-0.280	7.567	4
native_system/queue/running_reg/C	native_system/queue/queue_reg[3][1204]/CE	-0.280	7.567	4
native_system/queue/running_reg/C	native_system/queue/queue_reg[3][1371]/CE	-0.280	7.567	4
native_system/queue/running_reg/C	native_system/queue/queue_reg[3][1403]/CE	-0.280	7.567	4
native_system/queue/running_reg/C	native_system/queue/queue_reg[3][1459]/CE	-0.280	7.567	4
native_system/queue/running_reg/C	native_system/queue/queue_reg[3][1508]/CE	-0.280	7.567	4
native_system/digital/master_phase_reg[4]/C	native_system/digital/serial/serial_data_reg[25]/D	-0.280	7.801	4
native_system/queue/running_reg/C	native_system/queue/queue_reg[3][1322]/CE	-0.279	7.566	4
native_system/queue/running_reg/C	native_system/queue/queue_reg[3][1489]/CE	-0.279	7.566	4
native_system/queue/running_reg/C	native_system/queue/queue_reg[3][579]/CE	-0.279	7.566	4
native_system/queue/running_reg/C	native_system/queue/queue_reg[3][712]/CE	-0.279	7.566	4
native_system/queue/running_reg/C	native_system/queue/queue_reg[3][764]/CE	-0.279	7.566	4
native_system/queue/running_reg/C	native_system/queue/queue_reg[3][765]/CE	-0.279	7.566	4
native_system/queue/rd_reg[1]_rep__18/C	native_system/queue/active_reg[448]/D	-0.279	7.802	1
native_system/queue/running_reg/C	native_system/queue/queue_reg[3][1762]/CE	-0.279	7.566	4
native_system/queue/running_reg/C	native_system/queue/queue_reg[3][1975]/CE	-0.279	7.566	4
native_system/queue/running_reg/C	native_system/queue/queue_reg[3][2007]/CE	-0.279	7.566	4
native_system/queue/running_reg/C	native_system/queue/queue_reg[3][2016]/CE	-0.279	7.566	4
native_system/queue/running_reg/C	native_system/queue/queue_reg[3][2091]/CE	-0.279	7.566	4
native_system/queue/running_reg/C	native_system/queue/queue_reg[3][877]/CE	-0.279	7.566	4
native_system/queue/running_reg/C	native_system/queue/queue_reg[3][921]/CE	-0.279	7.566	4
native_system/queue/running_reg/C	native_system/queue/queue_reg[3][966]/CE	-0.279	7.566	4
native_system/queue/bus_wdata_reg[29]/C	native_system/digital/cfg_reg[3][18]/CE	-0.279	7.602	6
native_system/digital/cfg_reg[21][4]/C	native_system/digital/bank/shadow_requested_reg[124][6]/CE	-0.279	7.362	1
native_system/queue/running_reg/C	native_system/queue/queue_reg[1][1374]/CE	-0.278	7.565	4
native_system/queue/running_reg/C	native_system/queue/queue_reg[1][1589]/CE	-0.278	7.565	4
native_system/queue/running_reg/C	native_system/queue/queue_reg[1][1684]/CE	-0.278	7.565	4
native_system/queue/running_reg/C	native_system/queue/queue_reg[1][1818]/CE	-0.278	7.565	4
native_system/queue/running_reg/C	native_system/queue/queue_reg[1][1878]/CE	-0.278	7.565	4
native_system/queue/running_reg/C	native_system/queue/queue_reg[1][1685]/CE	-0.278	7.565	4
native_system/queue/running_reg/C	native_system/queue/queue_reg[1][1759]/CE	-0.278	7.565	4
native_system/queue/running_reg/C	native_system/queue/queue_reg[1][1966]/CE	-0.278	7.565	4
native_system/queue/running_reg/C	native_system/queue/queue_reg[1][2039]/CE	-0.278	7.565	4
native_system/queue/running_reg/C	native_system/queue/queue_reg[1][2149]/CE	-0.278	7.565	4
native_system/queue/running_reg/C	native_system/queue/queue_reg[1][573]/CE	-0.278	7.565	4
native_system/queue/running_reg/C	native_system/queue/queue_reg[1][948]/CE	-0.278	7.565	4
native_system/queue/running_reg/C	native_system/queue/queue_reg[1][985]/CE	-0.278	7.565	4
native_system/digital/master_phase_reg[7]/C	native_system/digital/serial/serial_data_reg[18]/CE	-0.278	7.565	3
native_system/digital/master_phase_reg[7]/C	native_system/digital/serial/serial_data_reg[2]/CE	-0.278	7.565	3
native_system/queue/running_reg/C	native_system/queue/queue_reg[2][1039]/CE	-0.278	7.565	4
native_system/queue/running_reg/C	native_system/queue/queue_reg[2][1084]/CE	-0.278	7.565	4
native_system/queue/running_reg/C	native_system/queue/queue_reg[2][1088]/CE	-0.278	7.565	4
native_system/queue/running_reg/C	native_system/queue/queue_reg[2][1126]/CE	-0.278	7.565	4
native_system/queue/running_reg/C	native_system/queue/queue_reg[2][1189]/CE	-0.278	7.565	4
native_system/queue/running_reg/C	native_system/queue/queue_reg[2][1322]/CE	-0.278	7.565	4
native_system/queue/running_reg/C	native_system/queue/queue_reg[2][1453]/CE	-0.278	7.565	4
native_system/queue/running_reg/C	native_system/queue/queue_reg[2][1498]/CE	-0.278	7.565	4
native_system/queue/running_reg/C	native_system/queue/queue_reg[1][1486]/CE	-0.277	7.564	4
native_system/queue/running_reg/C	native_system/queue/queue_reg[1][1526]/CE	-0.277	7.564	4
native_system/queue/running_reg/C	native_system/queue/queue_reg[1][1542]/CE	-0.277	7.564	4
native_system/queue/running_reg/C	native_system/queue/queue_reg[1][1626]/CE	-0.277	7.564	4
native_system/queue/running_reg/C	native_system/queue/queue_reg[3][1594]/CE	-0.277	7.600	4
native_system/queue/running_reg/C	native_system/queue/active_reg[1287]/CE	-0.277	7.564	3
native_system/queue/running_reg/C	native_system/queue/active_reg[1308]/CE	-0.277	7.564	3
native_system/queue/running_reg/C	native_system/queue/active_reg[601]/CE	-0.277	7.564	3
native_system/queue/running_reg/C	native_system/queue/queue_reg[0][300]/CE	-0.277	7.600	4
native_system/queue/running_reg/C	native_system/queue/queue_reg[0][337]/CE	-0.277	7.600	4
native_system/queue/running_reg/C	native_system/queue/queue_reg[0][369]/CE	-0.277	7.600	4
native_system/queue/running_reg/C	native_system/queue/queue_reg[0][405]/CE	-0.277	7.600	4
native_system/queue/running_reg/C	native_system/queue/queue_reg[0][492]/CE	-0.277	7.600	4
native_system/queue/running_reg/C	native_system/queue/queue_reg[0][494]/CE	-0.277	7.600	4
native_system/queue/running_reg/C	native_system/queue/queue_reg[3][1200]/CE	-0.277	7.564	4
native_system/queue/running_reg/C	native_system/queue/queue_reg[3][1266]/CE	-0.277	7.564	4
native_system/queue/running_reg/C	native_system/queue/queue_reg[3][1275]/CE	-0.277	7.564	4
native_system/queue/running_reg/C	native_system/queue/queue_reg[3][1303]/CE	-0.277	7.564	4
native_system/queue/running_reg/C	native_system/queue/queue_reg[3][1345]/CE	-0.277	7.564	4
native_system/queue/running_reg/C	native_system/queue/queue_reg[3][1357]/CE	-0.277	7.564	4
native_system/queue/running_reg/C	native_system/queue/queue_reg[3][1434]/CE	-0.277	7.564	4
native_system/queue/running_reg/C	native_system/queue/queue_reg[3][1444]/CE	-0.277	7.564	4
native_system/queue/running_reg/C	native_system/queue/queue_reg[1][156]/CE	-0.277	7.564	4
native_system/queue/running_reg/C	native_system/queue/queue_reg[1][2089]/CE	-0.277	7.564	4
native_system/queue/running_reg/C	native_system/queue/queue_reg[1][240]/CE	-0.277	7.564	4
native_system/queue/running_reg/C	native_system/queue/queue_reg[1][301]/CE	-0.277	7.564	4
native_system/queue/running_reg/C	native_system/queue/queue_reg[1][594]/CE	-0.277	7.564	4
native_system/queue/running_reg/C	native_system/queue/queue_reg[1][607]/CE	-0.277	7.564	4
native_system/queue/running_reg/C	native_system/queue/queue_reg[1][708]/CE	-0.277	7.564	4
native_system/queue/running_reg/C	native_system/queue/queue_reg[1][962]/CE	-0.277	7.564	4
native_system/queue/running_reg/C	native_system/queue/queue_reg[2][1075]/CE	-0.275	7.562	4
native_system/queue/running_reg/C	native_system/queue/queue_reg[2][1484]/CE	-0.275	7.562	4
native_system/queue/running_reg/C	native_system/queue/queue_reg[2][1672]/CE	-0.275	7.562	4
native_system/queue/running_reg/C	native_system/queue/queue_reg[2][1776]/CE	-0.275	7.562	4
native_system/queue/running_reg/C	native_system/queue/queue_reg[2][624]/CE	-0.275	7.562	4
native_system/queue/running_reg/C	native_system/queue/queue_reg[2][753]/CE	-0.275	7.562	4
native_system/queue/running_reg/C	native_system/queue/queue_reg[3][1142]/CE	-0.275	7.562	4
native_system/queue/running_reg/C	native_system/queue/queue_reg[3][1162]/CE	-0.275	7.562	4
native_system/queue/running_reg/C	native_system/queue/queue_reg[3][1174]/CE	-0.275	7.562	4
native_system/queue/running_reg/C	native_system/queue/queue_reg[3][1222]/CE	-0.275	7.562	4
native_system/queue/running_reg/C	native_system/queue/queue_reg[3][1241]/CE	-0.275	7.562	4
native_system/queue/running_reg/C	native_system/queue/queue_reg[3][1283]/CE	-0.275	7.562	4
native_system/queue/running_reg/C	native_system/queue/queue_reg[3][1390]/CE	-0.275	7.562	4
native_system/queue/running_reg/C	native_system/queue/queue_reg[3][1527]/CE	-0.275	7.562	4
native_system/queue/rd_reg[0]_rep__16/C	native_system/queue/active_reg[308]/D	-0.275	7.796	1
native_system/digital/cfg_reg[22][10]/C	native_system/digital/bank/shadow_calibration_reg[34][2]/D	-0.274	7.705	0
native_system/queue/running_reg/C	native_system/queue/queue_reg[2][153]/CE	-0.274	7.561	4
native_system/queue/running_reg/C	native_system/queue/queue_reg[2][25]/CE	-0.274	7.561	4
native_system/queue/running_reg/C	native_system/queue/queue_reg[2][276]/CE	-0.274	7.561	4
native_system/queue/running_reg/C	native_system/queue/queue_reg[2][290]/CE	-0.274	7.561	4
native_system/queue/running_reg/C	native_system/queue/queue_reg[2][354]/CE	-0.274	7.561	4
native_system/queue/running_reg/C	native_system/queue/queue_reg[2][401]/CE	-0.274	7.561	4
native_system/queue/running_reg/C	native_system/queue/queue_reg[2][443]/CE	-0.274	7.561	4
native_system/queue/running_reg/C	native_system/queue/queue_reg[2][45]/CE	-0.274	7.561	4
native_system/queue/running_reg/C	native_system/queue/queue_reg[3][287]/CE	-0.274	7.561	4
native_system/queue/running_reg/C	native_system/queue/queue_reg[3][393]/CE	-0.274	7.561	4
native_system/queue/running_reg/C	native_system/queue/queue_reg[3][442]/CE	-0.274	7.561	4
native_system/queue/running_reg/C	native_system/queue/queue_reg[3][471]/CE	-0.274	7.561	4
native_system/digital/reset_sync_reg[1]/C	native_system/digital/scheduler/frame_count_reg[6]/CLR	-0.274	7.361	1
native_system/queue/running_reg/C	native_system/queue/queue_reg[3][1119]/CE	-0.273	7.560	4
native_system/queue/running_reg/C	native_system/queue/queue_reg[3][1592]/CE	-0.273	7.560	4
native_system/queue/running_reg/C	native_system/queue/queue_reg[3][1660]/CE	-0.273	7.560	4
native_system/queue/running_reg/C	native_system/queue/queue_reg[3][1687]/CE	-0.273	7.560	4
native_system/queue/running_reg/C	native_system/queue/queue_reg[3][1998]/CE	-0.273	7.560	4
native_system/queue/running_reg/C	native_system/queue/queue_reg[3][2040]/CE	-0.273	7.560	4
native_system/queue/running_reg/C	native_system/queue/queue_reg[3][2056]/CE	-0.273	7.560	4
native_system/queue/running_reg/C	native_system/queue/queue_reg[3][993]/CE	-0.273	7.560	4
native_system/queue/running_reg/C	native_system/queue/queue_reg[2][1020]/CE	-0.273	7.560	4
native_system/queue/running_reg/C	native_system/queue/queue_reg[2][1763]/CE	-0.273	7.560	4
native_system/queue/running_reg/C	native_system/queue/queue_reg[2][2175]/CE	-0.273	7.560	4
native_system/queue/running_reg/C	native_system/queue/queue_reg[2][80]/CE	-0.273	7.560	4
native_system/queue/running_reg/C	native_system/queue/active_reg[532]/CE	-0.272	7.559	3
native_system/queue/running_reg/C	native_system/queue/queue_reg[1][1004]/CE	-0.272	7.559	4
native_system/queue/running_reg/C	native_system/queue/queue_reg[1][1520]/CE	-0.272	7.559	4
native_system/queue/running_reg/C	native_system/queue/queue_reg[1][632]/CE	-0.272	7.559	4
native_system/queue/running_reg/C	native_system/queue/queue_reg[1][1148]/CE	-0.272	7.559	4
native_system/queue/running_reg/C	native_system/queue/queue_reg[1][1218]/CE	-0.272	7.559	4
native_system/queue/running_reg/C	native_system/queue/queue_reg[1][1220]/CE	-0.272	7.559	4
native_system/queue/running_reg/C	native_system/queue/queue_reg[1][1230]/CE	-0.272	7.559	4
native_system/queue/running_reg/C	native_system/queue/queue_reg[1][1273]/CE	-0.272	7.559	4
native_system/queue/running_reg/C	native_system/queue/queue_reg[1][1318]/CE	-0.272	7.559	4
native_system/queue/running_reg/C	native_system/queue/queue_reg[1][1382]/CE	-0.272	7.559	4
native_system/queue/running_reg/C	native_system/queue/queue_reg[1][1479]/CE	-0.272	7.559	4
native_system/queue/running_reg/C	native_system/queue/queue_reg[3][1638]/CE	-0.272	7.559	4
native_system/queue/running_reg/C	native_system/queue/queue_reg[3][1781]/CE	-0.272	7.559	4
native_system/queue/running_reg/C	native_system/queue/queue_reg[3][1782]/CE	-0.272	7.559	4
native_system/queue/running_reg/C	native_system/queue/queue_reg[3][1928]/CE	-0.272	7.559	4
native_system/queue/running_reg/C	native_system/queue/queue_reg[3][1934]/CE	-0.272	7.559	4
native_system/queue/running_reg/C	native_system/queue/queue_reg[3][2086]/CE	-0.272	7.559	4
native_system/queue/running_reg/C	native_system/queue/queue_reg[3][801]/CE	-0.272	7.559	4
native_system/queue/running_reg/C	native_system/queue/queue_reg[3][941]/CE	-0.272	7.559	4
native_system/queue/running_reg/C	native_system/queue/queue_reg[0][173]/CE	-0.272	7.595	4
native_system/queue/running_reg/C	native_system/queue/queue_reg[0][25]/CE	-0.272	7.595	4
native_system/queue/running_reg/C	native_system/queue/queue_reg[0][443]/CE	-0.272	7.595	4
native_system/queue/running_reg/C	native_system/queue/queue_reg[0][482]/CE	-0.272	7.595	4
native_system/queue/running_reg/C	native_system/queue/queue_reg[2][2127]/CE	-0.271	7.558	4
native_system/queue/running_reg/C	native_system/queue/queue_reg[2][2170]/CE	-0.271	7.558	4
native_system/queue/running_reg/C	native_system/queue/queue_reg[2][278]/CE	-0.271	7.558	4
native_system/queue/running_reg/C	native_system/queue/queue_reg[2][324]/CE	-0.271	7.558	4
native_system/queue/running_reg/C	native_system/queue/queue_reg[2][367]/CE	-0.271	7.558	4
native_system/queue/running_reg/C	native_system/queue/queue_reg[2][566]/CE	-0.271	7.558	4
native_system/queue/running_reg/C	native_system/queue/queue_reg[2][587]/CE	-0.271	7.558	4
native_system/queue/running_reg/C	native_system/queue/queue_reg[2][763]/CE	-0.271	7.558	4
native_system/queue/running_reg/C	native_system/queue/queue_reg[3][273]/CE	-0.271	7.594	4
native_system/queue/running_reg/C	native_system/queue/queue_reg[3][403]/CE	-0.271	7.594	4
native_system/queue/running_reg/C	native_system/queue/queue_reg[3][418]/CE	-0.271	7.594	4
native_system/digital/cfg_reg[22][13]/C	native_system/digital/bank/shadow_calibration_reg[94][5]/D	-0.270	7.731	0
native_system/queue/running_reg/C	native_system/queue/queue_reg[3][168]/CE	-0.270	7.557	4
native_system/queue/running_reg/C	native_system/queue/queue_reg[3][188]/CE	-0.270	7.557	4
native_system/queue/running_reg/C	native_system/queue/queue_reg[3][421]/CE	-0.270	7.557	4
native_system/queue/running_reg/C	native_system/queue/queue_reg[3][491]/CE	-0.270	7.557	4
native_system/queue/bus_wdata_reg[0]/C	native_system/digital/cfg_reg[8][10]/CE	-0.270	7.593	5
native_system/queue/bus_wdata_reg[0]/C	native_system/digital/cfg_reg[8][4]/CE	-0.270	7.593	5
native_system/queue/bus_wdata_reg[0]/C	native_system/digital/cfg_reg[8][5]/CE	-0.270	7.593	5
native_system/queue/bus_wdata_reg[0]/C	native_system/digital/cfg_reg[8][9]/CE	-0.270	7.593	5
native_system/queue/running_reg/C	native_system/queue/queue_reg[3][1076]/CE	-0.269	7.556	4
native_system/queue/running_reg/C	native_system/queue/queue_reg[3][1140]/CE	-0.269	7.556	4
native_system/queue/running_reg/C	native_system/queue/queue_reg[3][1326]/CE	-0.269	7.556	4
native_system/queue/running_reg/C	native_system/queue/queue_reg[3][1458]/CE	-0.269	7.556	4
native_system/queue/running_reg/C	native_system/queue/queue_reg[2][1270]/CE	-0.269	7.592	4
native_system/queue/running_reg/C	native_system/queue/queue_reg[2][1292]/CE	-0.269	7.592	4
native_system/queue/running_reg/C	native_system/queue/queue_reg[2][1314]/CE	-0.269	7.592	4
native_system/queue/running_reg/C	native_system/queue/queue_reg[2][1339]/CE	-0.269	7.592	4
native_system/queue/running_reg/C	native_system/queue/queue_reg[2][1355]/CE	-0.269	7.592	4
native_system/queue/running_reg/C	native_system/queue/queue_reg[2][1375]/CE	-0.269	7.592	4
native_system/queue/running_reg/C	native_system/queue/queue_reg[2][1495]/CE	-0.269	7.592	4
native_system/queue/running_reg/C	native_system/queue/queue_reg[2][832]/CE	-0.269	7.592	4
native_system/queue/running_reg/C	native_system/queue/queue_reg[1][228]/CE	-0.269	7.592	4
native_system/queue/running_reg/C	native_system/queue/queue_reg[1][232]/CE	-0.269	7.592	4
native_system/queue/running_reg/C	native_system/queue/queue_reg[1][291]/CE	-0.269	7.592	4
native_system/queue/running_reg/C	native_system/queue/queue_reg[1][583]/CE	-0.269	7.592	4
native_system/queue/running_reg/C	native_system/queue/queue_reg[1][124]/CE	-0.268	7.591	4
native_system/queue/running_reg/C	native_system/queue/queue_reg[1][2173]/CE	-0.268	7.591	4
native_system/queue/running_reg/C	native_system/queue/queue_reg[1][220]/CE	-0.268	7.591	4
native_system/queue/running_reg/C	native_system/queue/queue_reg[1][435]/CE	-0.268	7.591	4
native_system/queue/running_reg/C	native_system/queue/queue_reg[3][1586]/CE	-0.268	7.555	4
native_system/queue/running_reg/C	native_system/queue/queue_reg[3][1765]/CE	-0.268	7.555	4
native_system/queue/running_reg/C	native_system/queue/queue_reg[3][1834]/CE	-0.268	7.555	4
native_system/queue/running_reg/C	native_system/queue/queue_reg[3][1849]/CE	-0.268	7.555	4
native_system/queue/running_reg/C	native_system/queue/queue_reg[3][1858]/CE	-0.268	7.555	4
native_system/queue/running_reg/C	native_system/queue/queue_reg[3][2059]/CE	-0.268	7.555	4
native_system/queue/running_reg/C	native_system/queue/queue_reg[3][875]/CE	-0.268	7.555	4
native_system/queue/running_reg/C	native_system/queue/queue_reg[3][947]/CE	-0.268	7.555	4
native_system/queue/running_reg/C	native_system/queue/queue_reg[3][1365]/CE	-0.268	7.555	4
native_system/queue/running_reg/C	native_system/queue/queue_reg[3][1402]/CE	-0.268	7.555	4
native_system/queue/running_reg/C	native_system/queue/queue_reg[3][1407]/CE	-0.268	7.555	4
native_system/queue/running_reg/C	native_system/queue/queue_reg[3][1413]/CE	-0.268	7.555	4
native_system/queue/running_reg/C	native_system/queue/queue_reg[3][1417]/CE	-0.268	7.555	4
native_system/queue/running_reg/C	native_system/queue/queue_reg[3][648]/CE	-0.268	7.555	4
native_system/queue/running_reg/C	native_system/queue/queue_reg[3][808]/CE	-0.268	7.555	4
native_system/queue/running_reg/C	native_system/queue/queue_reg[3][899]/CE	-0.268	7.555	4
native_system/queue/running_reg/C	native_system/queue/queue_reg[3][1374]/CE	-0.268	7.555	4
native_system/queue/running_reg/C	native_system/queue/queue_reg[3][1589]/CE	-0.268	7.555	4
native_system/queue/running_reg/C	native_system/queue/queue_reg[3][1684]/CE	-0.268	7.555	4
native_system/queue/running_reg/C	native_system/queue/queue_reg[3][1690]/CE	-0.268	7.555	4
native_system/queue/running_reg/C	native_system/queue/queue_reg[3][1768]/CE	-0.268	7.555	4
native_system/queue/running_reg/C	native_system/queue/queue_reg[3][1789]/CE	-0.268	7.555	4
native_system/queue/running_reg/C	native_system/queue/queue_reg[3][1890]/CE	-0.268	7.555	4
native_system/queue/running_reg/C	native_system/queue/queue_reg[3][1919]/CE	-0.268	7.555	4
native_system/queue/running_reg/C	native_system/queue/active_reg[1576]/CE	-0.267	7.590	3
native_system/queue/running_reg/C	native_system/queue/queue_reg[0][279]/CE	-0.267	7.554	4
native_system/queue/running_reg/C	native_system/queue/queue_reg[0][430]/CE	-0.267	7.554	4
native_system/queue/running_reg/C	native_system/queue/queue_reg[0][510]/CE	-0.267	7.554	4
native_system/queue/running_reg/C	native_system/queue/queue_reg[2][1214]/CE	-0.266	7.589	4
native_system/queue/running_reg/C	native_system/queue/queue_reg[2][1239]/CE	-0.266	7.589	4
native_system/queue/running_reg/C	native_system/queue/queue_reg[2][1267]/CE	-0.266	7.589	4
native_system/queue/running_reg/C	native_system/queue/queue_reg[2][1344]/CE	-0.266	7.589	4
native_system/queue/running_reg/C	native_system/queue/queue_reg[2][1483]/CE	-0.266	7.589	4
native_system/queue/running_reg/C	native_system/queue/queue_reg[2][1494]/CE	-0.266	7.589	4
native_system/queue/running_reg/C	native_system/queue/queue_reg[2][884]/CE	-0.266	7.589	4
native_system/queue/running_reg/C	native_system/queue/queue_reg[2][973]/CE	-0.266	7.589	4
native_system/queue/rd_reg[0]_rep__16/C	native_system/queue/active_reg[496]/D	-0.266	7.789	1
native_system/queue/running_reg/C	native_system/queue/queue_reg[1][308]/CE	-0.266	7.553	4
native_system/queue/running_reg/C	native_system/queue/queue_reg[1][496]/CE	-0.266	7.553	4
native_system/queue/running_reg/C	native_system/queue/queue_reg[1][505]/CE	-0.266	7.553	4
native_system/queue/running_reg/C	native_system/queue/queue_reg[1][581]/CE	-0.266	7.553	4
native_system/queue/running_reg/C	native_system/queue/queue_reg[1][839]/CE	-0.266	7.553	4
native_system/queue/running_reg/C	native_system/queue/queue_reg[1][924]/CE	-0.266	7.553	4
native_system/digital/reset_sync_reg[1]/C	native_system/digital/serial/captured_reg[6]/CLR	-0.265	7.438	1
native_system/digital/cfg_reg[21][4]/C	native_system/digital/bank/written_reg[110]/D	-0.265	7.788	2
native_system/queue/running_reg/C	native_system/queue/queue_reg[1][1231]/CE	-0.265	7.552	4
native_system/queue/running_reg/C	native_system/queue/queue_reg[1][1567]/CE	-0.265	7.552	4
native_system/queue/running_reg/C	native_system/queue/queue_reg[1][1614]/CE	-0.265	7.552	4
native_system/queue/running_reg/C	native_system/queue/queue_reg[1][1756]/CE	-0.265	7.552	4
native_system/queue/running_reg/C	native_system/queue/queue_reg[1][1801]/CE	-0.265	7.552	4
native_system/queue/running_reg/C	native_system/queue/queue_reg[1][923]/CE	-0.265	7.552	4
native_system/queue/running_reg/C	native_system/queue/queue_reg[0][153]/CE	-0.264	7.587	4
native_system/queue/running_reg/C	native_system/queue/queue_reg[0][275]/CE	-0.264	7.587	4
native_system/queue/running_reg/C	native_system/queue/queue_reg[0][290]/CE	-0.264	7.587	4
native_system/queue/running_reg/C	native_system/queue/queue_reg[0][354]/CE	-0.264	7.587	4
native_system/queue/running_reg/C	native_system/queue/queue_reg[0][401]/CE	-0.264	7.587	4
native_system/queue/running_reg/C	native_system/queue/queue_reg[0][45]/CE	-0.264	7.587	4
native_system/queue/running_reg/C	native_system/queue/queue_reg[2][1128]/CE	-0.264	7.551	4
native_system/queue/running_reg/C	native_system/queue/queue_reg[2][1192]/CE	-0.264	7.551	4
native_system/queue/running_reg/C	native_system/queue/queue_reg[2][1257]/CE	-0.264	7.551	4
native_system/queue/running_reg/C	native_system/queue/queue_reg[2][1288]/CE	-0.264	7.551	4
native_system/queue/running_reg/C	native_system/queue/queue_reg[2][1426]/CE	-0.264	7.551	4
native_system/digital/reset_sync_reg[1]/C	native_system/digital/bank/shadow_calibration_reg[1][5]/CLR	-0.263	7.436	1
native_system/digital/cfg_reg[21][1]/C	native_system/digital/bank/shadow_requested_reg[99][1]/CE	-0.263	7.384	1
native_system/queue/running_reg/C	native_system/queue/queue_reg[2][1636]/CE	-0.262	7.549	4
native_system/queue/running_reg/C	native_system/queue/queue_reg[2][1655]/CE	-0.262	7.549	4
native_system/queue/running_reg/C	native_system/queue/queue_reg[2][1662]/CE	-0.262	7.549	4
native_system/queue/running_reg/C	native_system/queue/queue_reg[2][1693]/CE	-0.262	7.549	4
native_system/queue/running_reg/C	native_system/queue/queue_reg[2][1758]/CE	-0.262	7.549	4
native_system/queue/running_reg/C	native_system/queue/queue_reg[2][1864]/CE	-0.262	7.549	4
native_system/queue/running_reg/C	native_system/queue/queue_reg[2][596]/CE	-0.262	7.549	4
native_system/queue/running_reg/C	native_system/queue/queue_reg[2][724]/CE	-0.262	7.549	4
native_system/digital/cfg_reg[21][4]/C	native_system/digital/bank/shadow_calibration_reg[100][2]/CE	-0.262	7.549	1
native_system/digital/cfg_reg[21][4]/C	native_system/digital/bank/shadow_calibration_reg[100][5]/CE	-0.262	7.549	1
native_system/digital/cfg_reg[21][4]/C	native_system/digital/bank/shadow_requested_reg[100][0]/CE	-0.262	7.549	1
native_system/digital/cfg_reg[21][4]/C	native_system/digital/bank/shadow_requested_reg[100][4]/CE	-0.262	7.549	1
native_system/queue/running_reg/C	native_system/queue/queue_reg[2][1581]/CE	-0.262	7.549	4
native_system/queue/running_reg/C	native_system/queue/queue_reg[2][1691]/CE	-0.262	7.549	4
native_system/queue/running_reg/C	native_system/queue/queue_reg[2][1893]/CE	-0.262	7.549	4
native_system/queue/running_reg/C	native_system/queue/queue_reg[2][1962]/CE	-0.262	7.549	4
native_system/queue/running_reg/C	native_system/queue/queue_reg[2][2005]/CE	-0.262	7.549	4
native_system/queue/running_reg/C	native_system/queue/queue_reg[2][2055]/CE	-0.262	7.549	4
native_system/queue/running_reg/C	native_system/queue/queue_reg[2][802]/CE	-0.262	7.549	4
native_system/queue/running_reg/C	native_system/queue/queue_reg[2][827]/CE	-0.262	7.549	4
native_system/queue/running_reg/C	native_system/queue/active_reg[1175]/CE	-0.262	7.549	3
native_system/queue/running_reg/C	native_system/queue/active_reg[1573]/CE	-0.262	7.549	3
native_system/queue/running_reg/C	native_system/queue/active_reg[2046]/CE	-0.262	7.549	3
native_system/queue/running_reg/C	native_system/queue/active_reg[692]/CE	-0.262	7.549	3
native_system/queue/running_reg/C	native_system/queue/queue_reg[2][1227]/CE	-0.262	7.549	4
native_system/queue/running_reg/C	native_system/queue/queue_reg[2][1338]/CE	-0.262	7.549	4
native_system/queue/running_reg/C	native_system/queue/queue_reg[2][1363]/CE	-0.262	7.549	4
native_system/queue/running_reg/C	native_system/queue/queue_reg[2][1439]/CE	-0.262	7.549	4
native_system/queue/running_reg/C	native_system/queue/queue_reg[2][1449]/CE	-0.262	7.549	4
native_system/queue/running_reg/C	native_system/queue/queue_reg[2][1460]/CE	-0.262	7.549	4
native_system/queue/running_reg/C	native_system/queue/queue_reg[2][1465]/CE	-0.262	7.549	4
native_system/queue/running_reg/C	native_system/queue/queue_reg[2][1481]/CE	-0.262	7.549	4
native_system/queue/running_reg/C	native_system/queue/queue_reg[3][278]/CE	-0.262	7.549	4
native_system/queue/running_reg/C	native_system/queue/queue_reg[3][324]/CE	-0.262	7.549	4
native_system/queue/running_reg/C	native_system/queue/queue_reg[3][481]/CE	-0.262	7.549	4
native_system/queue/running_reg/C	native_system/queue/queue_reg[3][566]/CE	-0.262	7.549	4
native_system/queue/running_reg/C	native_system/queue/queue_reg[3][587]/CE	-0.262	7.549	4
native_system/queue/running_reg/C	native_system/queue/queue_reg[3][763]/CE	-0.262	7.549	4
native_system/queue/running_reg/C	native_system/queue/queue_reg[3][902]/CE	-0.262	7.549	4
native_system/queue/running_reg/C	native_system/queue/queue_reg[1][1128]/CE	-0.261	7.548	4
native_system/queue/running_reg/C	native_system/queue/queue_reg[1][1256]/CE	-0.261	7.548	4
native_system/queue/running_reg/C	native_system/queue/queue_reg[1][1286]/CE	-0.261	7.548	4
native_system/queue/running_reg/C	native_system/queue/queue_reg[1][1288]/CE	-0.261	7.548	4
native_system/queue/running_reg/C	native_system/queue/queue_reg[1][1426]/CE	-0.261	7.548	4
native_system/queue/bus_wdata_reg[29]/C	native_system/digital/cfg_reg[7][0]/CE	-0.261	7.584	6
native_system/queue/bus_wdata_reg[29]/C	native_system/digital/cfg_reg[7][1]/CE	-0.261	7.584	6
native_system/queue/bus_wdata_reg[29]/C	native_system/digital/cfg_reg[7][3]/CE	-0.261	7.584	6
native_system/queue/bus_wdata_reg[29]/C	native_system/digital/cfg_reg[7][4]/CE	-0.261	7.584	6
native_system/queue/bus_wdata_reg[29]/C	native_system/digital/cfg_reg[7][5]/CE	-0.261	7.584	6
native_system/queue/bus_wdata_reg[29]/C	native_system/digital/cfg_reg[7][7]/CE	-0.261	7.584	6
native_system/queue/running_reg/C	native_system/queue/queue_reg[3][2078]/CE	-0.261	7.548	4
native_system/queue/running_reg/C	native_system/queue/queue_reg[3][603]/CE	-0.261	7.548	4
native_system/queue/running_reg/C	native_system/queue/queue_reg[0][2085]/CE	-0.260	7.547	4
native_system/queue/running_reg/C	native_system/queue/queue_reg[0][2092]/CE	-0.260	7.547	4
native_system/queue/running_reg/C	native_system/queue/queue_reg[0][342]/CE	-0.260	7.547	4
native_system/queue/running_reg/C	native_system/queue/queue_reg[0][457]/CE	-0.260	7.547	4
native_system/queue/running_reg/C	native_system/queue/queue_reg[0][731]/CE	-0.260	7.547	4
native_system/queue/running_reg/C	native_system/queue/queue_reg[0][742]/CE	-0.260	7.547	4
native_system/queue/running_reg/C	native_system/queue/queue_reg[0][92]/CE	-0.260	7.547	4
native_system/queue/bus_wdata_reg[29]/C	native_system/digital/cfg_reg[3][29]/CE	-0.260	7.583	6
native_system/queue/running_reg/C	native_system/queue/queue_reg[1][1508]/CE	-0.259	7.546	4
native_system/queue/running_reg/C	native_system/queue/queue_reg[3][1041]/CE	-0.259	7.546	4
native_system/queue/running_reg/C	native_system/queue/queue_reg[3][1044]/CE	-0.259	7.546	4
native_system/queue/running_reg/C	native_system/queue/queue_reg[3][1094]/CE	-0.259	7.546	4
native_system/queue/running_reg/C	native_system/queue/queue_reg[3][1337]/CE	-0.259	7.546	4
native_system/queue/running_reg/C	native_system/queue/queue_reg[3][1409]/CE	-0.259	7.546	4
native_system/queue/running_reg/C	native_system/queue/queue_reg[3][1429]/CE	-0.259	7.546	4
native_system/queue/running_reg/C	native_system/queue/queue_reg[3][1473]/CE	-0.259	7.546	4
native_system/queue/running_reg/C	native_system/queue/queue_reg[3][1530]/CE	-0.259	7.546	4
native_system/queue/rd_reg[1]_rep__11/C	native_system/queue/active_reg[1316]/D	-0.256	7.829	1
native_system/queue/bus_address_reg[4]/C	bridge/s_rdata_reg[27]/D	-0.256	7.823	8
native_system/queue/running_reg/C	native_system/queue/queue_reg[3][2094]/CE	-0.256	7.543	4
native_system/queue/running_reg/C	native_system/queue/queue_reg[3][252]/CE	-0.256	7.543	4
native_system/queue/running_reg/C	native_system/queue/queue_reg[3][28]/CE	-0.256	7.543	4
native_system/queue/running_reg/C	native_system/queue/queue_reg[3][312]/CE	-0.256	7.543	4
native_system/queue/running_reg/C	native_system/queue/queue_reg[3][342]/CE	-0.256	7.543	4
native_system/queue/running_reg/C	native_system/queue/queue_reg[3][477]/CE	-0.256	7.543	4
native_system/queue/running_reg/C	native_system/queue/queue_reg[3][686]/CE	-0.256	7.543	4
native_system/queue/running_reg/C	native_system/queue/queue_reg[3][743]/CE	-0.256	7.543	4
native_system/queue/running_reg/C	native_system/queue/queue_reg[1][1051]/CE	-0.256	7.543	4
native_system/queue/running_reg/C	native_system/queue/queue_reg[2][104]/CE	-0.255	7.578	4
native_system/queue/running_reg/C	native_system/queue/queue_reg[2][2117]/CE	-0.255	7.578	4
native_system/queue/running_reg/C	native_system/queue/queue_reg[2][346]/CE	-0.255	7.578	4
native_system/queue/running_reg/C	native_system/queue/queue_reg[2][347]/CE	-0.255	7.578	4
native_system/queue/running_reg/C	native_system/queue/queue_reg[2][371]/CE	-0.255	7.578	4
native_system/queue/running_reg/C	native_system/queue/queue_reg[2][538]/CE	-0.255	7.578	4
native_system/queue/running_reg/C	native_system/queue/queue_reg[2][703]/CE	-0.255	7.578	4
native_system/queue/running_reg/C	native_system/queue/queue_reg[2][751]/CE	-0.255	7.578	4
native_system/digital/master_phase_reg[7]/C	native_system/digital/serial/serial_data_reg[10]/CE	-0.254	7.541	3
native_system/digital/master_phase_reg[7]/C	native_system/digital/serial/serial_data_reg[14]/CE	-0.254	7.541	3
native_system/digital/master_phase_reg[7]/C	native_system/digital/serial/serial_data_reg[26]/CE	-0.254	7.541	3
native_system/digital/master_phase_reg[7]/C	native_system/digital/serial/serial_data_reg[30]/CE	-0.254	7.541	3
native_system/queue/running_reg/C	native_system/queue/queue_reg[1][1305]/CE	-0.253	7.540	4
native_system/queue/running_reg/C	native_system/queue/queue_reg[1][1332]/CE	-0.253	7.540	4
native_system/queue/running_reg/C	native_system/queue/queue_reg[3][1310]/CE	-0.252	7.539	4
native_system/queue/running_reg/C	native_system/queue/queue_reg[3][1400]/CE	-0.252	7.539	4
native_system/queue/running_reg/C	native_system/queue/queue_reg[3][1462]/CE	-0.252	7.539	4
native_system/queue/running_reg/C	native_system/queue/queue_reg[3][1554]/CE	-0.252	7.539	4
native_system/queue/running_reg/C	native_system/queue/queue_reg[3][1886]/CE	-0.252	7.539	4
native_system/queue/running_reg/C	native_system/queue/queue_reg[3][1966]/CE	-0.252	7.539	4
native_system/queue/running_reg/C	native_system/queue/queue_reg[3][1982]/CE	-0.252	7.539	4
native_system/queue/running_reg/C	native_system/queue/queue_reg[3][2008]/CE	-0.252	7.539	4
native_system/queue/bus_wdata_reg[29]/C	native_system/digital/cfg_reg[6][25]/CE	-0.252	7.539	6
native_system/queue/bus_wdata_reg[29]/C	native_system/digital/cfg_reg[6][28]/CE	-0.252	7.539	6
native_system/queue/bus_wdata_reg[29]/C	native_system/digital/cfg_reg[6][30]/CE	-0.252	7.539	6
native_system/queue/bus_wdata_reg[29]/C	native_system/digital/cfg_reg[6][31]/CE	-0.252	7.539	6
native_system/digital/cfg_reg[22][0]/C	native_system/digital/bank/shadow_requested_reg[44][0]/D	-0.251	7.676	0
native_system/digital/boundary_reg/C	native_system/digital/bank/active_calibration_reg[61][5]/CE	-0.250	7.573	1
native_system/digital/boundary_reg/C	native_system/digital/bank/active_calibration_reg[67][0]/CE	-0.250	7.573	1
native_system/digital/boundary_reg/C	native_system/digital/bank/active_requested_reg[61][6]/CE	-0.250	7.573	1
native_system/digital/boundary_reg/C	native_system/digital/bank/active_requested_reg[57][0]/CE	-0.249	7.536	1
native_system/digital/boundary_reg/C	native_system/digital/bank/active_requested_reg[57][1]/CE	-0.249	7.536	1
native_system/digital/boundary_reg/C	native_system/digital/bank/active_requested_reg[57][2]/CE	-0.249	7.536	1
native_system/digital/boundary_reg/C	native_system/digital/bank/active_requested_reg[57][3]/CE	-0.249	7.536	1
native_system/digital/cfg_reg[22][10]/C	native_system/digital/bank/shadow_calibration_reg[36][2]/D	-0.249	7.636	0
native_system/queue/rd_reg[0]_rep__14/C	native_system/queue/active_reg[749]/D	-0.249	7.773	1
native_system/digital/cfg_reg[21][4]/C	native_system/digital/bank/written_reg[125]/D	-0.248	7.769	2
native_system/digital/cfg_reg[22][0]/C	native_system/digital/bank/shadow_requested_reg[63][0]/D	-0.248	7.659	0
native_system/queue/running_reg/C	native_system/queue/queue_reg[0][117]/CE	-0.248	7.571	4
native_system/queue/running_reg/C	native_system/queue/queue_reg[0][245]/CE	-0.248	7.571	4
native_system/queue/running_reg/C	native_system/queue/queue_reg[0][256]/CE	-0.248	7.571	4
native_system/queue/running_reg/C	native_system/queue/queue_reg[0][260]/CE	-0.248	7.571	4
native_system/queue/running_reg/C	native_system/queue/queue_reg[0][286]/CE	-0.248	7.571	4
native_system/queue/running_reg/C	native_system/queue/queue_reg[0][1763]/CE	-0.248	7.571	4
native_system/queue/running_reg/C	native_system/queue/queue_reg[0][2104]/CE	-0.248	7.571	4
native_system/queue/running_reg/C	native_system/queue/queue_reg[0][871]/CE	-0.248	7.571	4
native_system/digital/master_phase_reg[0]_rep/C	native_system/digital/serial/captured_reg[46]/D	-0.247	7.820	4
native_system/digital/cfg_reg[21][4]/C	native_system/digital/bank/shadow_calibration_reg[109][0]/CE	-0.247	7.332	1
native_system/digital/cfg_reg[21][4]/C	native_system/digital/bank/shadow_calibration_reg[109][2]/CE	-0.247	7.332	1
native_system/digital/cfg_reg[21][4]/C	native_system/digital/bank/shadow_requested_reg[109][1]/CE	-0.247	7.332	1
native_system/digital/cfg_reg[21][4]/C	native_system/digital/bank/shadow_requested_reg[109][3]/CE	-0.247	7.332	1
native_system/digital/cfg_reg[21][4]/C	native_system/digital/bank/shadow_calibration_reg[116][0]/CE	-0.246	7.331	1
native_system/queue/rd_reg[1]_rep__7/C	native_system/queue/active_reg[953]/D	-0.246	7.770	1
native_system/queue/running_reg/C	native_system/queue/queue_reg[3][290]/CE	-0.246	7.533	4
native_system/queue/running_reg/C	native_system/queue/queue_reg[3][354]/CE	-0.246	7.533	4
native_system/queue/running_reg/C	native_system/queue/queue_reg[3][443]/CE	-0.246	7.533	4
native_system/queue/running_reg/C	native_system/queue/queue_reg[0][181]/CE	-0.246	7.533	4
native_system/queue/running_reg/C	native_system/queue/queue_reg[0][29]/CE	-0.246	7.533	4
native_system/queue/running_reg/C	native_system/queue/queue_reg[0][53]/CE	-0.246	7.533	4
native_system/queue/running_reg/C	native_system/queue/queue_reg[0][93]/CE	-0.246	7.533	4
native_system/queue/running_reg/C	native_system/queue/queue_reg[2][1190]/CE	-0.245	7.532	4
native_system/queue/running_reg/C	native_system/queue/queue_reg[2][1207]/CE	-0.245	7.532	4
native_system/queue/running_reg/C	native_system/queue/queue_reg[2][1210]/CE	-0.245	7.532	4
native_system/queue/running_reg/C	native_system/queue/queue_reg[2][1234]/CE	-0.245	7.532	4
native_system/queue/running_reg/C	native_system/queue/queue_reg[2][1414]/CE	-0.245	7.532	4
native_system/queue/running_reg/C	native_system/queue/queue_reg[2][549]/CE	-0.245	7.532	4
native_system/queue/running_reg/C	native_system/queue/queue_reg[2][604]/CE	-0.245	7.532	4
native_system/queue/running_reg/C	native_system/queue/queue_reg[2][845]/CE	-0.245	7.532	4
native_system/digital/boundary_reg/C	native_system/digital/bank/active_requested_reg[23][1]/CE	-0.244	7.531	1
native_system/digital/boundary_reg/C	native_system/digital/bank/active_requested_reg[23][4]/CE	-0.244	7.531	1
native_system/digital/boundary_reg/C	native_system/digital/bank/active_requested_reg[23][5]/CE	-0.244	7.531	1
native_system/digital/boundary_reg/C	native_system/digital/bank/active_requested_reg[23][7]/CE	-0.244	7.531	1
native_system/digital/cfg_reg[22][2]/C	native_system/digital/bank/shadow_requested_reg[91][2]/D	-0.243	7.719	0
native_system/digital/cfg_reg[22][1]/C	native_system/digital/bank/shadow_requested_reg[72][1]/D	-0.243	7.674	0
native_system/queue/running_reg/C	native_system/queue/queue_reg[2][1078]/CE	-0.242	7.529	4
native_system/queue/running_reg/C	native_system/queue/queue_reg[2][1284]/CE	-0.242	7.529	4
native_system/queue/running_reg/C	native_system/queue/queue_reg[2][1385]/CE	-0.242	7.529	4
native_system/queue/running_reg/C	native_system/queue/queue_reg[2][1394]/CE	-0.242	7.529	4
native_system/queue/running_reg/C	native_system/queue/queue_reg[2][1411]/CE	-0.242	7.529	4
native_system/queue/running_reg/C	native_system/queue/queue_reg[2][1454]/CE	-0.242	7.529	4
native_system/queue/running_reg/C	native_system/queue/queue_reg[2][1466]/CE	-0.242	7.529	4
native_system/queue/running_reg/C	native_system/queue/queue_reg[2][1341]/CE	-0.242	7.529	4
native_system/queue/running_reg/C	native_system/queue/queue_reg[2][1457]/CE	-0.242	7.529	4
native_system/queue/running_reg/C	native_system/queue/queue_reg[2][1469]/CE	-0.242	7.529	4
native_system/queue/running_reg/C	native_system/queue/queue_reg[2][1497]/CE	-0.242	7.529	4
native_system/queue/running_reg/C	native_system/queue/queue_reg[2][547]/CE	-0.242	7.529	4
native_system/queue/running_reg/C	native_system/queue/queue_reg[2][581]/CE	-0.242	7.529	4
native_system/queue/running_reg/C	native_system/queue/queue_reg[2][610]/CE	-0.242	7.529	4
native_system/digital/cfg_reg[21][4]/C	native_system/digital/bank/shadow_calibration_reg[110][1]/CE	-0.242	7.529	1
native_system/digital/cfg_reg[21][4]/C	native_system/digital/bank/shadow_calibration_reg[110][6]/CE	-0.242	7.529	1
native_system/digital/cfg_reg[21][4]/C	native_system/digital/bank/shadow_requested_reg[110][2]/CE	-0.242	7.529	1
native_system/queue/running_reg/C	native_system/queue/queue_reg[2][1107]/CE	-0.242	7.529	4
native_system/queue/running_reg/C	native_system/queue/queue_reg[2][1197]/CE	-0.242	7.529	4
native_system/queue/running_reg/C	native_system/queue/queue_reg[2][1242]/CE	-0.242	7.529	4
native_system/queue/running_reg/C	native_system/queue/queue_reg[2][1302]/CE	-0.242	7.529	4
native_system/queue/running_reg/C	native_system/queue/queue_reg[2][1384]/CE	-0.242	7.529	4
native_system/queue/running_reg/C	native_system/queue/queue_reg[2][1788]/CE	-0.242	7.529	4
native_system/queue/running_reg/C	native_system/queue/queue_reg[1][389]/CE	-0.242	7.565	4
native_system/queue/running_reg/C	native_system/queue/queue_reg[1][426]/CE	-0.242	7.565	4
native_system/queue/running_reg/C	native_system/queue/queue_reg[1][433]/CE	-0.242	7.565	4
native_system/queue/running_reg/C	native_system/queue/queue_reg[1][525]/CE	-0.242	7.565	4
native_system/queue/running_reg/C	native_system/queue/queue_reg[3][269]/CE	-0.242	7.529	4
native_system/queue/running_reg/C	native_system/queue/queue_reg[3][316]/CE	-0.242	7.529	4
native_system/queue/running_reg/C	native_system/queue/queue_reg[3][453]/CE	-0.242	7.529	4
native_system/queue/running_reg/C	native_system/queue/queue_reg[3][497]/CE	-0.242	7.529	4
native_system/queue/running_reg/C	native_system/queue/queue_reg[3][1102]/CE	-0.242	7.529	4
native_system/queue/running_reg/C	native_system/queue/queue_reg[3][1122]/CE	-0.242	7.529	4
native_system/queue/running_reg/C	native_system/queue/queue_reg[3][1147]/CE	-0.242	7.529	4
native_system/queue/running_reg/C	native_system/queue/queue_reg[3][1154]/CE	-0.242	7.529	4
native_system/queue/running_reg/C	native_system/queue/queue_reg[3][1268]/CE	-0.242	7.529	4
native_system/queue/running_reg/C	native_system/queue/queue_reg[3][1349]/CE	-0.242	7.529	4
native_system/queue/running_reg/C	native_system/queue/queue_reg[3][1380]/CE	-0.242	7.529	4
native_system/queue/running_reg/C	native_system/queue/queue_reg[3][1491]/CE	-0.242	7.529	4
native_system/digital/master_phase_reg[7]/C	native_system/digital/serial/serial_data_reg[15]/CE	-0.241	7.528	3
native_system/digital/master_phase_reg[7]/C	native_system/digital/serial/serial_data_reg[31]/CE	-0.241	7.528	3
native_system/queue/running_reg/C	native_system/queue/queue_reg[1][1354]/CE	-0.241	7.528	4
native_system/queue/running_reg/C	native_system/queue/queue_reg[1][549]/CE	-0.241	7.528	4
native_system/queue/running_reg/C	native_system/queue/queue_reg[1][613]/CE	-0.241	7.528	4
native_system/queue/running_reg/C	native_system/queue/queue_reg[1][965]/CE	-0.241	7.528	4
native_system/digital/bus_error_reg/C	native_system/queue/bus_wdata_reg[26]/CE	-0.241	7.528	2
native_system/digital/bus_error_reg/C	native_system/queue/bus_wdata_reg[7]/CE	-0.241	7.528	2
native_system/queue/bus_wdata_reg[29]/C	native_system/digital/cfg_reg[6][22]/CE	-0.241	7.528	6
native_system/queue/bus_wdata_reg[29]/C	native_system/digital/cfg_reg[6][27]/CE	-0.241	7.528	6
native_system/queue/running_reg/C	native_system/queue/queue_reg[2][1821]/CE	-0.241	7.528	4
native_system/queue/running_reg/C	native_system/queue/queue_reg[2][1836]/CE	-0.241	7.528	4
native_system/queue/running_reg/C	native_system/queue/queue_reg[2][1861]/CE	-0.241	7.528	4
native_system/queue/running_reg/C	native_system/queue/queue_reg[2][1884]/CE	-0.241	7.528	4
native_system/queue/running_reg/C	native_system/queue/queue_reg[2][1965]/CE	-0.241	7.528	4
native_system/queue/running_reg/C	native_system/queue/queue_reg[2][2028]/CE	-0.241	7.528	4
native_system/queue/running_reg/C	native_system/queue/queue_reg[2][984]/CE	-0.241	7.528	4
native_system/queue/running_reg/C	native_system/queue/queue_reg[3][2173]/CE	-0.241	7.528	4
native_system/queue/running_reg/C	native_system/queue/queue_reg[3][434]/CE	-0.241	7.528	4
native_system/queue/running_reg/C	native_system/queue/queue_reg[3][602]/CE	-0.241	7.528	4
native_system/queue/running_reg/C	native_system/queue/queue_reg[3][1003]/CE	-0.241	7.528	4
native_system/queue/running_reg/C	native_system/queue/queue_reg[3][1593]/CE	-0.241	7.528	4
native_system/queue/running_reg/C	native_system/queue/queue_reg[3][1885]/CE	-0.241	7.528	4
native_system/queue/running_reg/C	native_system/queue/queue_reg[3][2083]/CE	-0.241	7.528	4
native_system/queue/running_reg/C	native_system/queue/queue_reg[3][2139]/CE	-0.241	7.528	4
native_system/queue/running_reg/C	native_system/queue/queue_reg[3][888]/CE	-0.241	7.528	4
native_system/queue/running_reg/C	native_system/queue/queue_reg[1][1392]/CE	-0.240	7.563	4
native_system/queue/running_reg/C	native_system/queue/queue_reg[1][1456]/CE	-0.240	7.563	4
native_system/queue/running_reg/C	native_system/queue/queue_reg[1][1592]/CE	-0.240	7.563	4
native_system/queue/running_reg/C	native_system/queue/queue_reg[1][1692]/CE	-0.240	7.563	4
native_system/queue/running_reg/C	native_system/queue/queue_reg[1][1882]/CE	-0.240	7.563	4
native_system/queue/running_reg/C	native_system/queue/queue_reg[1][2084]/CE	-0.240	7.563	4
native_system/queue/running_reg/C	native_system/queue/queue_reg[1][560]/CE	-0.240	7.563	4
native_system/queue/running_reg/C	native_system/queue/queue_reg[1][861]/CE	-0.240	7.563	4
native_system/digital/master_phase_reg[7]/C	native_system/digital/serial/captured_reg[103]/CE	-0.240	7.563	2
native_system/queue/running_reg/C	native_system/queue/queue_reg[3][1040]/CE	-0.240	7.527	4
native_system/queue/running_reg/C	native_system/queue/queue_reg[3][1168]/CE	-0.240	7.527	4
native_system/queue/running_reg/C	native_system/queue/queue_reg[3][1232]/CE	-0.240	7.527	4
native_system/queue/running_reg/C	native_system/queue/queue_reg[3][1317]/CE	-0.240	7.527	4
native_system/digital/boundary_reg/C	native_system/digital/bank/active_requested_reg[9][6]/CE	-0.239	7.526	1
native_system/queue/running_reg/C	native_system/queue/queue_reg[1][287]/CE	-0.238	7.561	4
native_system/queue/running_reg/C	native_system/queue/queue_reg[1][393]/CE	-0.238	7.561	4
native_system/queue/running_reg/C	native_system/queue/queue_reg[1][442]/CE	-0.238	7.561	4
native_system/queue/running_reg/C	native_system/queue/queue_reg[1][471]/CE	-0.238	7.561	4
native_system/queue/running_reg/C	native_system/queue/queue_reg[0][2073]/CE	-0.238	7.525	4
native_system/queue/running_reg/C	native_system/queue/queue_reg[0][2142]/CE	-0.238	7.525	4
native_system/queue/running_reg/C	native_system/queue/queue_reg[0][2143]/CE	-0.238	7.525	4
native_system/queue/running_reg/C	native_system/queue/queue_reg[0][2163]/CE	-0.238	7.525	4
native_system/queue/running_reg/C	native_system/queue/queue_reg[0][2107]/CE	-0.237	7.560	4
native_system/queue/running_reg/C	native_system/queue/queue_reg[0][470]/CE	-0.237	7.560	4
native_system/queue/running_reg/C	native_system/queue/queue_reg[0][516]/CE	-0.237	7.560	4
native_system/queue/running_reg/C	native_system/queue/queue_reg[0][89]/CE	-0.237	7.560	4
native_system/digital/reset_sync_reg[1]/C	native_system/digital/scheduler/issued_reg[17]/CLR	-0.236	7.367	1
native_system/digital/cfg_reg[22][13]/C	native_system/digital/bank/shadow_calibration_reg[60][5]/D	-0.236	7.661	0
native_system/digital/reset_sync_reg[1]/C	native_system/digital/adc/conversion_age_reg[4]/CLR	-0.236	7.323	1
native_system/digital/reset_sync_reg[1]/C	native_system/digital/adc/conversion_age_reg[5]/CLR	-0.236	7.323	1
native_system/digital/reset_sync_reg[1]/C	native_system/digital/adc/conversion_age_reg[6]/CLR	-0.236	7.323	1
native_system/digital/reset_sync_reg[1]/C	native_system/digital/adc/conversion_age_reg[7]/CLR	-0.236	7.323	1
native_system/queue/running_reg/C	native_system/queue/queue_reg[2][1881]/CE	-0.236	7.559	4
native_system/queue/running_reg/C	native_system/queue/queue_reg[2][2104]/CE	-0.236	7.559	4
native_system/queue/running_reg/C	native_system/queue/queue_reg[2][2109]/CE	-0.236	7.559	4
native_system/queue/running_reg/C	native_system/queue/queue_reg[2][935]/CE	-0.236	7.559	4
native_system/digital/reset_sync_reg[1]/C	native_system/digital/adc/spi_start_reg/CLR	-0.236	7.323	1
native_system/queue/running_reg/C	native_system/queue/queue_reg[2][1049]/CE	-0.236	7.523	4
native_system/queue/running_reg/C	native_system/queue/queue_reg[2][1131]/CE	-0.236	7.523	4
native_system/queue/running_reg/C	native_system/queue/queue_reg[2][1541]/CE	-0.236	7.523	4
native_system/queue/running_reg/C	native_system/queue/queue_reg[2][1652]/CE	-0.236	7.523	4
native_system/queue/running_reg/C	native_system/queue/queue_reg[2][1727]/CE	-0.236	7.523	4
native_system/queue/running_reg/C	native_system/queue/queue_reg[2][769]/CE	-0.236	7.523	4
native_system/queue/running_reg/C	native_system/queue/queue_reg[2][885]/CE	-0.236	7.523	4
native_system/queue/running_reg/C	native_system/queue/queue_reg[2][889]/CE	-0.236	7.523	4
native_system/queue/running_reg/C	native_system/queue/queue_reg[2][188]/CE	-0.235	7.522	4
native_system/queue/running_reg/C	native_system/queue/queue_reg[2][421]/CE	-0.235	7.522	4
native_system/queue/running_reg/C	native_system/queue/queue_reg[2][491]/CE	-0.235	7.522	4
native_system/digital/cfg_reg[21][2]/C	native_system/digital/bank/shadow_calibration_reg[32][1]/CE	-0.235	7.558	1
native_system/digital/cfg_reg[21][2]/C	native_system/digital/bank/shadow_calibration_reg[32][2]/CE	-0.235	7.558	1
native_system/digital/cfg_reg[21][2]/C	native_system/digital/bank/shadow_calibration_reg[32][3]/CE	-0.235	7.558	1
native_system/digital/cfg_reg[21][2]/C	native_system/digital/bank/shadow_calibration_reg[32][4]/CE	-0.235	7.558	1
native_system/digital/cfg_reg[21][2]/C	native_system/digital/bank/shadow_calibration_reg[32][6]/CE	-0.235	7.558	1
native_system/digital/cfg_reg[21][2]/C	native_system/digital/bank/shadow_calibration_reg[32][7]/CE	-0.235	7.558	1
native_system/digital/cfg_reg[21][2]/C	native_system/digital/bank/shadow_requested_reg[32][4]/CE	-0.235	7.558	1
native_system/digital/cfg_reg[21][2]/C	native_system/digital/bank/shadow_requested_reg[32][7]/CE	-0.235	7.558	1
native_system/queue/running_reg/C	native_system/queue/queue_reg[3][124]/CE	-0.234	7.521	4
native_system/queue/running_reg/C	native_system/queue/queue_reg[3][220]/CE	-0.234	7.521	4
native_system/queue/running_reg/C	native_system/queue/queue_reg[3][311]/CE	-0.234	7.521	4
native_system/queue/running_reg/C	native_system/queue/queue_reg[3][407]/CE	-0.234	7.521	4
native_system/queue/running_reg/C	native_system/queue/queue_reg[3][435]/CE	-0.234	7.521	4
native_system/queue/running_reg/C	native_system/queue/queue_reg[3][639]/CE	-0.234	7.521	4
native_system/digital/cfg_reg[22][14]/C	native_system/digital/bank/shadow_calibration_reg[34][6]/D	-0.234	7.659	0
native_system/queue/running_reg/C	native_system/queue/queue_reg[0][1003]/CE	-0.234	7.521	4
native_system/queue/running_reg/C	native_system/queue/queue_reg[0][1649]/CE	-0.234	7.521	4
native_system/queue/running_reg/C	native_system/queue/queue_reg[0][1659]/CE	-0.234	7.521	4
native_system/queue/running_reg/C	native_system/queue/queue_reg[0][1829]/CE	-0.234	7.521	4
native_system/queue/running_reg/C	native_system/queue/queue_reg[0][1858]/CE	-0.234	7.521	4
native_system/queue/running_reg/C	native_system/queue/queue_reg[0][1900]/CE	-0.234	7.521	4
native_system/queue/running_reg/C	native_system/queue/queue_reg[0][35]/CE	-0.234	7.521	4
native_system/queue/running_reg/C	native_system/queue/queue_reg[0][98]/CE	-0.234	7.521	4
native_system/queue/running_reg/C	native_system/queue/queue_reg[3][1566]/CE	-0.233	7.520	4
native_system/queue/running_reg/C	native_system/queue/queue_reg[3][1622]/CE	-0.233	7.520	4
native_system/queue/running_reg/C	native_system/queue/queue_reg[3][1872]/CE	-0.233	7.520	4
native_system/queue/running_reg/C	native_system/queue/queue_reg[3][1904]/CE	-0.233	7.520	4
native_system/queue/running_reg/C	native_system/queue/queue_reg[3][2153]/CE	-0.233	7.520	4
native_system/digital/cfg_reg[21][4]/C	native_system/digital/bank/written_reg[107]/D	-0.233	7.754	2
native_system/queue/running_reg/C	native_system/queue/queue_reg[3][1570]/CE	-0.233	7.520	4
native_system/queue/running_reg/C	native_system/queue/queue_reg[3][1813]/CE	-0.233	7.520	4
native_system/queue/running_reg/C	native_system/queue/queue_reg[3][1862]/CE	-0.233	7.520	4
native_system/queue/running_reg/C	native_system/queue/queue_reg[3][1912]/CE	-0.233	7.520	4
native_system/queue/running_reg/C	native_system/queue/queue_reg[3][1926]/CE	-0.233	7.520	4
native_system/queue/running_reg/C	native_system/queue/queue_reg[3][1993]/CE	-0.233	7.520	4
native_system/queue/running_reg/C	native_system/queue/queue_reg[3][2041]/CE	-0.233	7.520	4
native_system/queue/running_reg/C	native_system/queue/queue_reg[3][564]/CE	-0.233	7.520	4
native_system/digital/cfg_reg[21][4]/C	native_system/digital/bank/shadow_requested_reg[109][2]/CE	-0.233	7.318	1
native_system/digital/cfg_reg[21][4]/C	native_system/digital/bank/shadow_requested_reg[109][4]/CE	-0.233	7.318	1
native_system/digital/cfg_reg[21][4]/C	native_system/digital/bank/shadow_requested_reg[109][6]/CE	-0.233	7.318	1
native_system/digital/master_phase_reg[2]/C	native_system/digital/serial/captured_reg[31]/D	-0.232	7.677	4
native_system/queue/running_reg/C	native_system/queue/queue_reg[3][1718]/CE	-0.232	7.519	4
native_system/queue/running_reg/C	native_system/queue/queue_reg[3][1722]/CE	-0.232	7.519	4
native_system/digital/cfg_reg[22][0]/C	native_system/digital/bank/shadow_requested_reg[113][0]/D	-0.232	7.663	0
native_system/digital/reset_sync_reg[1]/C	native_system/digital/adc/reading_reg/CLR	-0.231	7.318	1
native_system/digital/reset_sync_reg[1]/C	native_system/digital/adc/spi/busy_reg/CLR	-0.231	7.318	1
native_system/digital/reset_sync_reg[1]/C	native_system/digital/adc/spi/divider_reg[0]/CLR	-0.231	7.318	1
native_system/digital/reset_sync_reg[1]/C	native_system/digital/adc/spi/divider_reg[1]/CLR	-0.231	7.318	1
native_system/digital/cfg_reg[21][4]/C	native_system/digital/bank/shadow_calibration_reg[88][4]/CE	-0.231	7.554	1
native_system/digital/cfg_reg[21][4]/C	native_system/digital/bank/shadow_requested_reg[88][3]/CE	-0.231	7.554	1
native_system/digital/cfg_reg[21][4]/C	native_system/digital/bank/shadow_requested_reg[88][4]/CE	-0.231	7.554	1
native_system/digital/cfg_reg[21][4]/C	native_system/digital/bank/shadow_requested_reg[88][7]/CE	-0.231	7.554	1
native_system/digital/cfg_reg[22][0]/C	native_system/digital/bank/shadow_requested_reg[61][0]/D	-0.231	7.676	0
native_system/queue/running_reg/C	native_system/queue/active_reg[1135]/CE	-0.230	7.517	3
native_system/digital/cfg_reg[21][1]/C	native_system/digital/bank/shadow_requested_reg[123][5]/CE	-0.230	7.309	1
native_system/digital/cfg_reg[21][1]/C	native_system/digital/bank/shadow_requested_reg[123][6]/CE	-0.230	7.309	1
native_system/queue/running_reg/C	native_system/queue/queue_reg[2][1082]/CE	-0.229	7.516	4
native_system/queue/running_reg/C	native_system/queue/queue_reg[2][1095]/CE	-0.229	7.516	4
native_system/queue/running_reg/C	native_system/queue/queue_reg[2][1104]/CE	-0.229	7.516	4
native_system/queue/running_reg/C	native_system/queue/queue_reg[2][1195]/CE	-0.229	7.516	4
native_system/queue/running_reg/C	native_system/queue/queue_reg[2][1383]/CE	-0.229	7.516	4
native_system/queue/running_reg/C	native_system/queue/queue_reg[2][1663]/CE	-0.229	7.516	4
native_system/queue/running_reg/C	native_system/queue/queue_reg[2][908]/CE	-0.229	7.516	4
native_system/digital/boundary_reg/C	native_system/digital/bank/active_requested_reg[73][5]/CE	-0.229	7.516	1
native_system/queue/running_reg/C	native_system/queue/active_reg[1340]/CE	-0.228	7.515	3
native_system/queue/running_reg/C	native_system/queue/active_reg[345]/CE	-0.228	7.515	3
native_system/queue/running_reg/C	native_system/queue/active_reg[737]/CE	-0.228	7.515	3
native_system/queue/running_reg/C	native_system/queue/active_reg[880]/CE	-0.228	7.515	3
native_system/digital/map_commit_reg/C	native_system/digital/bank/shadow_requested_reg[95][6]/CE	-0.228	7.349	2
native_system/queue/running_reg/C	native_system/queue/queue_reg[3][181]/CE	-0.227	7.514	4
native_system/queue/running_reg/C	native_system/queue/queue_reg[3][29]/CE	-0.227	7.514	4
native_system/queue/running_reg/C	native_system/queue/queue_reg[3][53]/CE	-0.227	7.514	4
native_system/queue/running_reg/C	native_system/queue/queue_reg[3][93]/CE	-0.227	7.514	4
native_system/digital/reset_sync_reg[1]/C	native_system/digital/adc/spi/index_reg[2]/CLR	-0.227	7.314	1
native_system/digital/reset_sync_reg[1]/C	native_system/digital/adc/spi/index_reg[3]/CLR	-0.227	7.314	1
native_system/queue/running_reg/C	native_system/queue/active_reg[1472]/CE	-0.226	7.549	3
native_system/queue/running_reg/C	native_system/queue/active_reg[1534]/CE	-0.226	7.549	3
native_system/queue/running_reg/C	native_system/queue/active_reg[1894]/CE	-0.226	7.549	3
native_system/digital/cfg_reg[21][4]/C	native_system/digital/bank/shadow_requested_reg[115][4]/CE	-0.225	7.346	1
native_system/queue/running_reg/C	native_system/queue/active_reg[1280]/CE	-0.225	7.512	3
native_system/queue/running_reg/C	native_system/queue/active_reg[1710]/CE	-0.225	7.512	3
native_system/queue/running_reg/C	native_system/queue/active_reg[821]/CE	-0.225	7.512	3
native_system/queue/running_reg/C	native_system/queue/queue_reg[3][1096]/CE	-0.224	7.511	4
native_system/queue/running_reg/C	native_system/queue/queue_reg[3][1333]/CE	-0.224	7.511	4
native_system/queue/running_reg/C	native_system/queue/queue_reg[3][1436]/CE	-0.224	7.511	4
native_system/queue/running_reg/C	native_system/queue/queue_reg[3][1531]/CE	-0.224	7.511	4
native_system/queue/running_reg/C	native_system/queue/queue_reg[3][1656]/CE	-0.224	7.511	4
native_system/queue/running_reg/C	native_system/queue/queue_reg[3][541]/CE	-0.224	7.511	4
native_system/queue/running_reg/C	native_system/queue/queue_reg[3][593]/CE	-0.224	7.511	4
native_system/queue/running_reg/C	native_system/queue/queue_reg[3][673]/CE	-0.224	7.511	4
native_system/queue/running_reg/C	native_system/queue/queue_reg[2][1029]/CE	-0.224	7.511	4
native_system/queue/running_reg/C	native_system/queue/queue_reg[2][1205]/CE	-0.224	7.511	4
native_system/queue/running_reg/C	native_system/queue/queue_reg[2][1285]/CE	-0.224	7.511	4
native_system/queue/running_reg/C	native_system/queue/queue_reg[2][1410]/CE	-0.224	7.511	4
native_system/queue/running_reg/C	native_system/queue/queue_reg[2][1524]/CE	-0.224	7.511	4
native_system/queue/running_reg/C	native_system/queue/queue_reg[2][1578]/CE	-0.224	7.511	4
native_system/queue/running_reg/C	native_system/queue/queue_reg[2][536]/CE	-0.224	7.511	4
native_system/queue/running_reg/C	native_system/queue/queue_reg[2][556]/CE	-0.224	7.511	4
native_system/queue/running_reg/C	native_system/queue/queue_reg[0][1066]/CE	-0.224	7.511	4
native_system/queue/running_reg/C	native_system/queue/queue_reg[0][1155]/CE	-0.224	7.511	4
native_system/queue/running_reg/C	native_system/queue/queue_reg[0][1489]/CE	-0.224	7.511	4
native_system/queue/running_reg/C	native_system/queue/queue_reg[0][579]/CE	-0.224	7.511	4
native_system/queue/running_reg/C	native_system/queue/queue_reg[0][712]/CE	-0.224	7.511	4
native_system/queue/running_reg/C	native_system/queue/queue_reg[0][764]/CE	-0.224	7.511	4
native_system/queue/running_reg/C	native_system/queue/queue_reg[0][765]/CE	-0.224	7.511	4
native_system/queue/running_reg/C	native_system/queue/queue_reg[0][929]/CE	-0.224	7.511	4
native_system/queue/running_reg/C	native_system/queue/queue_reg[1][101]/CE	-0.223	7.510	4
native_system/queue/running_reg/C	native_system/queue/queue_reg[1][205]/CE	-0.223	7.510	4
native_system/queue/running_reg/C	native_system/queue/queue_reg[1][241]/CE	-0.223	7.510	4
native_system/queue/running_reg/C	native_system/queue/queue_reg[1][413]/CE	-0.223	7.510	4
native_system/queue/running_reg/C	native_system/queue/queue_reg[1][501]/CE	-0.223	7.510	4
native_system/queue/running_reg/C	native_system/queue/queue_reg[1][1003]/CE	-0.223	7.546	4
native_system/queue/running_reg/C	native_system/queue/queue_reg[1][1593]/CE	-0.223	7.546	4
native_system/queue/running_reg/C	native_system/queue/queue_reg[1][1885]/CE	-0.223	7.546	4
native_system/queue/running_reg/C	native_system/queue/queue_reg[1][984]/CE	-0.223	7.546	4
native_system/queue/running_reg/C	native_system/queue/queue_reg[0][1486]/CE	-0.222	7.509	4
native_system/queue/running_reg/C	native_system/queue/queue_reg[0][1526]/CE	-0.222	7.509	4
native_system/queue/running_reg/C	native_system/queue/queue_reg[0][1542]/CE	-0.222	7.509	4
native_system/queue/running_reg/C	native_system/queue/queue_reg[0][1554]/CE	-0.222	7.509	4
native_system/queue/running_reg/C	native_system/queue/queue_reg[0][1626]/CE	-0.222	7.509	4
native_system/queue/running_reg/C	native_system/queue/queue_reg[0][1631]/CE	-0.222	7.509	4
native_system/queue/running_reg/C	native_system/queue/queue_reg[0][1854]/CE	-0.222	7.509	4
native_system/queue/running_reg/C	native_system/queue/queue_reg[0][2008]/CE	-0.222	7.509	4
native_system/queue/running_reg/C	native_system/queue/queue_reg[3][1881]/CE	-0.221	7.508	4
native_system/queue/running_reg/C	native_system/queue/queue_reg[3][1884]/CE	-0.221	7.508	4
native_system/queue/running_reg/C	native_system/queue/queue_reg[3][2028]/CE	-0.221	7.508	4
native_system/queue/running_reg/C	native_system/queue/queue_reg[3][2109]/CE	-0.221	7.508	4
native_system/queue/running_reg/C	native_system/queue/queue_reg[3][1026]/CE	-0.220	7.507	4
native_system/queue/running_reg/C	native_system/queue/queue_reg[3][1033]/CE	-0.220	7.507	4
native_system/queue/running_reg/C	native_system/queue/queue_reg[3][1238]/CE	-0.220	7.507	4
native_system/queue/running_reg/C	native_system/queue/queue_reg[3][1295]/CE	-0.220	7.507	4
native_system/queue/running_reg/C	native_system/queue/queue_reg[3][441]/CE	-0.220	7.507	4
native_system/queue/running_reg/C	native_system/queue/queue_reg[3][733]/CE	-0.220	7.507	4
native_system/queue/running_reg/C	native_system/queue/queue_reg[3][903]/CE	-0.220	7.507	4
native_system/queue/running_reg/C	native_system/queue/queue_reg[3][980]/CE	-0.220	7.507	4
native_system/queue/running_reg/C	native_system/queue/queue_reg[1][1076]/CE	-0.220	7.543	4
native_system/queue/running_reg/C	native_system/queue/queue_reg[1][1140]/CE	-0.220	7.543	4
native_system/queue/running_reg/C	native_system/queue/queue_reg[1][1275]/CE	-0.220	7.543	4
native_system/queue/running_reg/C	native_system/queue/queue_reg[1][1326]/CE	-0.220	7.543	4
native_system/queue/running_reg/C	native_system/queue/queue_reg[1][1345]/CE	-0.220	7.543	4
native_system/queue/running_reg/C	native_system/queue/queue_reg[1][1458]/CE	-0.220	7.543	4
native_system/queue/running_reg/C	native_system/queue/active_reg[1036]/CE	-0.220	7.543	3
native_system/queue/running_reg/C	native_system/queue/active_reg[537]/CE	-0.220	7.543	3
native_system/queue/running_reg/C	native_system/queue/active_reg[701]/CE	-0.220	7.543	3
native_system/queue/running_reg/C	native_system/queue/active_reg[738]/CE	-0.220	7.543	3
native_system/queue/running_reg/C	native_system/queue/queue_reg[1][1082]/CE	-0.220	7.543	4
native_system/queue/running_reg/C	native_system/queue/queue_reg[1][1095]/CE	-0.220	7.543	4
native_system/queue/running_reg/C	native_system/queue/queue_reg[1][1104]/CE	-0.220	7.543	4
native_system/queue/running_reg/C	native_system/queue/queue_reg[1][1195]/CE	-0.220	7.543	4
native_system/queue/running_reg/C	native_system/queue/queue_reg[1][1278]/CE	-0.220	7.543	4
native_system/queue/running_reg/C	native_system/queue/queue_reg[1][1519]/CE	-0.220	7.543	4
native_system/queue/running_reg/C	native_system/queue/queue_reg[1][1663]/CE	-0.220	7.543	4
native_system/queue/running_reg/C	native_system/queue/queue_reg[1][908]/CE	-0.220	7.543	4
native_system/queue/running_reg/C	native_system/queue/queue_reg[2][1584]/CE	-0.220	7.507	4
native_system/queue/running_reg/C	native_system/queue/queue_reg[2][1660]/CE	-0.220	7.507	4
native_system/queue/running_reg/C	native_system/queue/queue_reg[2][1781]/CE	-0.220	7.507	4
native_system/queue/running_reg/C	native_system/queue/queue_reg[2][1912]/CE	-0.220	7.507	4
native_system/queue/running_reg/C	native_system/queue/queue_reg[2][1926]/CE	-0.220	7.507	4
native_system/queue/running_reg/C	native_system/queue/queue_reg[2][1928]/CE	-0.220	7.507	4
native_system/queue/running_reg/C	native_system/queue/queue_reg[2][1975]/CE	-0.220	7.507	4
native_system/queue/running_reg/C	native_system/queue/queue_reg[2][2007]/CE	-0.220	7.507	4
native_system/queue/bus_wdata_reg[29]/C	native_system/digital/cfg_reg[9][13]/CE	-0.219	7.506	6
native_system/queue/bus_wdata_reg[29]/C	native_system/digital/cfg_reg[9][14]/CE	-0.219	7.506	6
native_system/queue/bus_wdata_reg[29]/C	native_system/digital/cfg_reg[9][15]/CE	-0.219	7.506	6
native_system/queue/bus_wdata_reg[29]/C	native_system/digital/cfg_reg[9][18]/CE	-0.219	7.506	6
native_system/queue/bus_wdata_reg[29]/C	native_system/digital/cfg_reg[9][19]/CE	-0.219	7.506	6
native_system/queue/running_reg/C	native_system/queue/queue_reg[0][105]/CE	-0.219	7.506	4
native_system/queue/running_reg/C	native_system/queue/queue_reg[0][149]/CE	-0.219	7.506	4
native_system/queue/running_reg/C	native_system/queue/queue_reg[0][213]/CE	-0.219	7.506	4
native_system/queue/running_reg/C	native_system/queue/queue_reg[0][229]/CE	-0.219	7.506	4
native_system/queue/running_reg/C	native_system/queue/queue_reg[1][269]/CE	-0.219	7.506	4
native_system/queue/running_reg/C	native_system/queue/queue_reg[1][316]/CE	-0.219	7.506	4
native_system/queue/running_reg/C	native_system/queue/queue_reg[1][453]/CE	-0.219	7.506	4
native_system/queue/running_reg/C	native_system/queue/queue_reg[1][497]/CE	-0.219	7.506	4
native_system/digital/bank/command_error_reg/C	native_system/digital/serial/captured_reg[71]/D	-0.219	7.606	4
native_system/digital/cfg_reg[22][11]/C	native_system/digital/bank/shadow_calibration_reg[92][3]/D	-0.218	7.643	0
native_system/queue/running_reg/C	native_system/queue/queue_reg[0][302]/CE	-0.218	7.541	4
native_system/queue/running_reg/C	native_system/queue/queue_reg[0][410]/CE	-0.218	7.541	4
native_system/queue/running_reg/C	native_system/queue/queue_reg[1][434]/CE	-0.217	7.504	4
native_system/queue/running_reg/C	native_system/queue/queue_reg[1][602]/CE	-0.217	7.504	4
native_system/queue/running_reg/C	native_system/queue/queue_reg[2][287]/CE	-0.217	7.504	4
native_system/queue/running_reg/C	native_system/queue/queue_reg[2][357]/CE	-0.217	7.504	4
native_system/queue/running_reg/C	native_system/queue/queue_reg[2][393]/CE	-0.217	7.504	4
native_system/queue/running_reg/C	native_system/queue/queue_reg[2][442]/CE	-0.217	7.504	4
native_system/queue/running_reg/C	native_system/queue/queue_reg[2][471]/CE	-0.217	7.504	4
native_system/digital/master_phase_reg[2]/C	native_system/digital/serial/serial_data_reg[7]/D	-0.217	7.790	5
native_system/queue/running_reg/C	native_system/queue/active_reg[1250]/CE	-0.217	7.540	3
native_system/queue/running_reg/C	native_system/queue/active_reg[772]/CE	-0.217	7.540	3
native_system/queue/running_reg/C	native_system/queue/active_reg[820]/CE	-0.217	7.540	3
native_system/queue/running_reg/C	native_system/queue/active_reg[909]/CE	-0.217	7.540	3
native_system/queue/running_reg/C	native_system/queue/queue_reg[1][1352]/CE	-0.217	7.504	4
native_system/queue/running_reg/C	native_system/queue/queue_reg[1][1366]/CE	-0.217	7.504	4
native_system/queue/running_reg/C	native_system/queue/queue_reg[1][1528]/CE	-0.217	7.504	4
native_system/queue/running_reg/C	native_system/queue/queue_reg[1][1540]/CE	-0.217	7.504	4
native_system/queue/running_reg/C	native_system/queue/queue_reg[1][1706]/CE	-0.217	7.504	4
native_system/queue/running_reg/C	native_system/queue/queue_reg[1][1708]/CE	-0.217	7.504	4
native_system/queue/running_reg/C	native_system/queue/queue_reg[1][2030]/CE	-0.217	7.504	4
native_system/queue/running_reg/C	native_system/queue/queue_reg[1][724]/CE	-0.217	7.504	4
native_system/queue/running_reg/C	native_system/queue/queue_reg[0][325]/CE	-0.216	7.503	4
native_system/queue/running_reg/C	native_system/queue/queue_reg[0][449]/CE	-0.216	7.503	4
native_system/queue/running_reg/C	native_system/queue/queue_reg[0][513]/CE	-0.216	7.503	4
native_system/queue/running_reg/C	native_system/queue/queue_reg[0][73]/CE	-0.216	7.503	4
native_system/digital/cfg_reg[21][4]/C	native_system/digital/bank/shadow_calibration_reg[122][4]/CE	-0.216	7.301	1
native_system/digital/cfg_reg[21][4]/C	native_system/digital/bank/shadow_calibration_reg[122][7]/CE	-0.216	7.301	1
native_system/digital/cfg_reg[21][4]/C	native_system/digital/bank/shadow_requested_reg[122][6]/CE	-0.216	7.301	1
native_system/digital/cfg_reg[21][4]/C	native_system/digital/bank/shadow_requested_reg[122][7]/CE	-0.216	7.301	1
native_system/queue/running_reg/C	native_system/queue/queue_reg[2][1238]/CE	-0.215	7.502	4
native_system/queue/running_reg/C	native_system/queue/queue_reg[2][1295]/CE	-0.215	7.502	4
native_system/queue/running_reg/C	native_system/queue/queue_reg[2][1436]/CE	-0.215	7.502	4
native_system/queue/running_reg/C	native_system/queue/queue_reg[2][1518]/CE	-0.215	7.502	4
native_system/queue/running_reg/C	native_system/queue/queue_reg[2][552]/CE	-0.215	7.502	4
native_system/queue/running_reg/C	native_system/queue/queue_reg[2][572]/CE	-0.215	7.502	4
native_system/queue/running_reg/C	native_system/queue/queue_reg[2][673]/CE	-0.215	7.502	4
native_system/queue/running_reg/C	native_system/queue/queue_reg[2][903]/CE	-0.215	7.502	4
native_system/queue/running_reg/C	native_system/queue/queue_reg[2][1134]/CE	-0.215	7.502	4
native_system/queue/running_reg/C	native_system/queue/queue_reg[2][1138]/CE	-0.215	7.502	4
native_system/queue/running_reg/C	native_system/queue/queue_reg[2][1150]/CE	-0.215	7.502	4
native_system/queue/running_reg/C	native_system/queue/queue_reg[2][1216]/CE	-0.215	7.502	4
native_system/queue/running_reg/C	native_system/queue/queue_reg[2][1260]/CE	-0.215	7.502	4
native_system/queue/running_reg/C	native_system/queue/queue_reg[2][1282]/CE	-0.215	7.502	4
native_system/queue/running_reg/C	native_system/queue/queue_reg[2][1324]/CE	-0.215	7.502	4
native_system/queue/running_reg/C	native_system/queue/queue_reg[2][1386]/CE	-0.215	7.502	4
native_system/digital/cfg_reg[22][2]/C	native_system/digital/bank/shadow_requested_reg[8][2]/D	-0.214	7.645	0
native_system/digital/boundary_reg/C	native_system/digital/bank/active_calibration_reg[57][1]/CE	-0.213	7.536	1
native_system/digital/boundary_reg/C	native_system/digital/bank/active_calibration_reg[57][3]/CE	-0.213	7.536	1
native_system/queue/running_reg/C	native_system/queue/queue_reg[2][1358]/CE	-0.213	7.500	4
native_system/queue/running_reg/C	native_system/queue/queue_reg[2][1366]/CE	-0.213	7.500	4
native_system/queue/running_reg/C	native_system/queue/queue_reg[2][1565]/CE	-0.213	7.500	4
native_system/queue/running_reg/C	native_system/queue/queue_reg[2][1678]/CE	-0.213	7.500	4
native_system/queue/running_reg/C	native_system/queue/queue_reg[2][1774]/CE	-0.213	7.500	4
native_system/queue/running_reg/C	native_system/queue/queue_reg[2][1798]/CE	-0.213	7.500	4
native_system/queue/running_reg/C	native_system/queue/queue_reg[2][752]/CE	-0.213	7.500	4
native_system/queue/running_reg/C	native_system/queue/queue_reg[2][964]/CE	-0.213	7.500	4
native_system/digital/master_phase_reg[0]_rep/C	native_system/digital/serial/captured_reg[60]/D	-0.213	7.734	4
native_system/queue/running_reg/C	native_system/queue/queue_reg[2][1098]/CE	-0.213	7.536	4
native_system/queue/running_reg/C	native_system/queue/queue_reg[2][1313]/CE	-0.213	7.536	4
native_system/queue/running_reg/C	native_system/queue/queue_reg[2][1364]/CE	-0.213	7.536	4
native_system/queue/running_reg/C	native_system/queue/queue_reg[2][1549]/CE	-0.213	7.536	4
native_system/queue/running_reg/C	native_system/queue/queue_reg[2][1616]/CE	-0.213	7.536	4
native_system/queue/running_reg/C	native_system/queue/queue_reg[2][597]/CE	-0.213	7.536	4
native_system/queue/running_reg/C	native_system/queue/queue_reg[2][657]/CE	-0.213	7.536	4
native_system/queue/running_reg/C	native_system/queue/queue_reg[2][961]/CE	-0.213	7.536	4
native_system/queue/bus_wdata_reg[29]/C	native_system/digital/cfg_reg[9][10]/CE	-0.212	7.499	6
native_system/queue/bus_wdata_reg[29]/C	native_system/digital/cfg_reg[9][12]/CE	-0.212	7.499	6
native_system/queue/running_reg/C	native_system/queue/queue_reg[0][375]/CE	-0.210	7.533	4
native_system/queue/running_reg/C	native_system/queue/queue_reg[0][422]/CE	-0.210	7.533	4
native_system/queue/running_reg/C	native_system/queue/queue_reg[2][1059]/CE	-0.210	7.497	4
native_system/queue/running_reg/C	native_system/queue/queue_reg[2][1070]/CE	-0.210	7.497	4
native_system/queue/running_reg/C	native_system/queue/queue_reg[2][1120]/CE	-0.210	7.497	4
native_system/queue/running_reg/C	native_system/queue/queue_reg[2][1254]/CE	-0.210	7.497	4
native_system/queue/running_reg/C	native_system/queue/queue_reg[2][1717]/CE	-0.210	7.497	4
native_system/queue/running_reg/C	native_system/queue/queue_reg[2][620]/CE	-0.210	7.497	4
native_system/queue/running_reg/C	native_system/queue/queue_reg[2][749]/CE	-0.210	7.497	4
native_system/queue/running_reg/C	native_system/queue/queue_reg[1][1075]/CE	-0.210	7.497	4
native_system/queue/running_reg/C	native_system/queue/queue_reg[1][1316]/CE	-0.210	7.497	4
native_system/queue/running_reg/C	native_system/queue/queue_reg[1][1484]/CE	-0.210	7.497	4
native_system/queue/running_reg/C	native_system/queue/queue_reg[1][1672]/CE	-0.210	7.497	4
native_system/queue/running_reg/C	native_system/queue/queue_reg[1][1776]/CE	-0.210	7.497	4
native_system/queue/running_reg/C	native_system/queue/queue_reg[1][624]/CE	-0.210	7.497	4
native_system/digital/cfg_reg[22][10]/C	native_system/digital/bank/shadow_calibration_reg[90][2]/D	-0.209	7.606	0
native_system/queue/running_reg/C	native_system/queue/queue_reg[2][1194]/CE	-0.209	7.496	4
native_system/queue/running_reg/C	native_system/queue/queue_reg[3][105]/CE	-0.209	7.496	4
native_system/queue/running_reg/C	native_system/queue/queue_reg[3][149]/CE	-0.209	7.496	4
native_system/queue/running_reg/C	native_system/queue/queue_reg[3][213]/CE	-0.209	7.496	4
native_system/queue/running_reg/C	native_system/queue/queue_reg[3][229]/CE	-0.209	7.496	4
native_system/queue/running_reg/C	native_system/queue/queue_reg[1][1071]/CE	-0.209	7.496	4
native_system/queue/running_reg/C	native_system/queue/queue_reg[1][1199]/CE	-0.209	7.496	4
native_system/queue/running_reg/C	native_system/queue/queue_reg[1][1360]/CE	-0.209	7.496	4
native_system/queue/running_reg/C	native_system/queue/queue_reg[1][1815]/CE	-0.209	7.496	4
native_system/queue/running_reg/C	native_system/queue/queue_reg[0][1001]/CE	-0.207	7.494	4
native_system/queue/running_reg/C	native_system/queue/queue_reg[0][1599]/CE	-0.207	7.494	4
native_system/queue/running_reg/C	native_system/queue/queue_reg[0][1621]/CE	-0.207	7.494	4
native_system/queue/running_reg/C	native_system/queue/queue_reg[0][1630]/CE	-0.207	7.494	4
native_system/queue/running_reg/C	native_system/queue/queue_reg[0][1632]/CE	-0.207	7.494	4
native_system/queue/running_reg/C	native_system/queue/queue_reg[0][1958]/CE	-0.207	7.494	4
native_system/queue/running_reg/C	native_system/queue/queue_reg[0][1993]/CE	-0.207	7.494	4
native_system/queue/running_reg/C	native_system/queue/queue_reg[0][2043]/CE	-0.207	7.494	4
native_system/queue/running_reg/C	native_system/queue/queue_reg[2][795]/CE	-0.207	7.494	4
native_system/queue/running_reg/C	native_system/queue/queue_reg[2][995]/CE	-0.207	7.494	4
native_system/queue/running_reg/C	native_system/queue/queue_reg[2][2173]/CE	-0.206	7.493	4
native_system/queue/running_reg/C	native_system/queue/queue_reg[2][434]/CE	-0.206	7.493	4
native_system/queue/running_reg/C	native_system/queue/queue_reg[2][602]/CE	-0.206	7.493	4
native_system/queue/rd_reg[1]_rep__7/C	native_system/queue/active_reg[945]/D	-0.205	7.728	1
native_system/queue/running_reg/C	native_system/queue/queue_reg[3][1486]/CE	-0.205	7.492	4
native_system/queue/running_reg/C	native_system/queue/queue_reg[3][1542]/CE	-0.205	7.492	4
native_system/queue/running_reg/C	native_system/queue/queue_reg[3][1742]/CE	-0.205	7.492	4
native_system/queue/running_reg/C	native_system/queue/queue_reg[3][1946]/CE	-0.205	7.492	4
native_system/queue/bus_wdata_reg[29]/C	native_system/digital/cfg_reg[6][26]/CE	-0.205	7.492	6
native_system/queue/bus_wdata_reg[29]/C	native_system/digital/cfg_reg[6][29]/CE	-0.205	7.492	6
native_system/queue/bus_wdata_reg[29]/C	native_system/digital/cfg_reg[9][2]/CE	-0.204	7.527	6
native_system/queue/running_reg/C	native_system/queue/queue_reg[3][169]/CE	-0.204	7.491	4
native_system/queue/running_reg/C	native_system/queue/queue_reg[3][177]/CE	-0.204	7.491	4
native_system/queue/running_reg/C	native_system/queue/queue_reg[3][1020]/CE	-0.204	7.491	4
native_system/queue/running_reg/C	native_system/queue/queue_reg[3][2075]/CE	-0.204	7.491	4
native_system/queue/running_reg/C	native_system/queue/queue_reg[3][2127]/CE	-0.204	7.491	4
native_system/queue/running_reg/C	native_system/queue/queue_reg[3][2175]/CE	-0.204	7.491	4
native_system/queue/running_reg/C	native_system/queue/queue_reg[3][303]/CE	-0.204	7.491	4
native_system/queue/running_reg/C	native_system/queue/queue_reg[3][351]/CE	-0.204	7.491	4
native_system/queue/running_reg/C	native_system/queue/queue_reg[3][651]/CE	-0.204	7.491	4
native_system/queue/running_reg/C	native_system/queue/queue_reg[3][80]/CE	-0.204	7.491	4
native_system/queue/running_reg/C	native_system/queue/queue_reg[2][1592]/CE	-0.204	7.491	4
native_system/queue/running_reg/C	native_system/queue/queue_reg[2][1638]/CE	-0.204	7.491	4
native_system/queue/running_reg/C	native_system/queue/queue_reg[2][1661]/CE	-0.204	7.491	4
native_system/queue/running_reg/C	native_system/queue/queue_reg[2][1762]/CE	-0.204	7.491	4
native_system/queue/running_reg/C	native_system/queue/queue_reg[2][1782]/CE	-0.204	7.491	4
native_system/queue/running_reg/C	native_system/queue/queue_reg[2][1786]/CE	-0.204	7.491	4
native_system/queue/running_reg/C	native_system/queue/queue_reg[2][801]/CE	-0.204	7.491	4
native_system/queue/running_reg/C	native_system/queue/queue_reg[2][941]/CE	-0.204	7.491	4
native_system/queue/rd_reg[1]_rep__7/C	native_system/queue/active_reg[917]/D	-0.204	7.775	1
native_system/queue/running_reg/C	native_system/queue/queue_reg[2][1183]/CE	-0.203	7.490	4
native_system/queue/running_reg/C	native_system/queue/queue_reg[2][1352]/CE	-0.203	7.490	4
native_system/queue/running_reg/C	native_system/queue/queue_reg[2][1360]/CE	-0.203	7.490	4
native_system/queue/running_reg/C	native_system/queue/queue_reg[2][1597]/CE	-0.203	7.490	4
native_system/queue/running_reg/C	native_system/queue/queue_reg[2][1708]/CE	-0.203	7.490	4
native_system/queue/running_reg/C	native_system/queue/queue_reg[2][1815]/CE	-0.203	7.490	4
native_system/queue/running_reg/C	native_system/queue/queue_reg[2][1918]/CE	-0.203	7.490	4
native_system/queue/running_reg/C	native_system/queue/queue_reg[2][2114]/CE	-0.203	7.490	4
native_system/queue/running_reg/C	native_system/queue/queue_reg[2][1172]/CE	-0.203	7.490	4
native_system/queue/running_reg/C	native_system/queue/queue_reg[2][1289]/CE	-0.203	7.490	4
native_system/queue/running_reg/C	native_system/queue/queue_reg[2][1305]/CE	-0.203	7.490	4
native_system/queue/running_reg/C	native_system/queue/queue_reg[2][1332]/CE	-0.203	7.490	4
native_system/digital/cfg_reg[21][2]/C	native_system/digital/bank/shadow_requested_reg[36][0]/CE	-0.203	7.287	1
native_system/digital/cfg_reg[21][4]/C	native_system/digital/bank/shadow_requested_reg[122][4]/CE	-0.202	7.287	1
native_system/queue/running_reg/C	native_system/queue/queue_reg[0][2171]/CE	-0.202	7.525	4
native_system/queue/running_reg/C	native_system/queue/queue_reg[0][539]/CE	-0.202	7.525	4
native_system/queue/running_reg/C	native_system/queue/queue_reg[0][747]/CE	-0.202	7.525	4
native_system/queue/running_reg/C	native_system/queue/queue_reg[0][891]/CE	-0.202	7.525	4
native_system/queue/running_reg/C	native_system/queue/queue_reg[0][1488]/CE	-0.201	7.488	4
native_system/queue/running_reg/C	native_system/queue/queue_reg[0][1574]/CE	-0.201	7.488	4
native_system/queue/running_reg/C	native_system/queue/queue_reg[0][1742]/CE	-0.201	7.488	4
native_system/queue/running_reg/C	native_system/queue/queue_reg[0][1749]/CE	-0.201	7.488	4
native_system/queue/running_reg/C	native_system/queue/queue_reg[0][1886]/CE	-0.201	7.488	4
native_system/queue/running_reg/C	native_system/queue/queue_reg[0][1946]/CE	-0.201	7.488	4
native_system/queue/running_reg/C	native_system/queue/queue_reg[0][2082]/CE	-0.201	7.488	4
native_system/queue/running_reg/C	native_system/queue/queue_reg[0][865]/CE	-0.201	7.488	4
native_system/queue/running_reg/C	native_system/queue/queue_reg[2][2073]/CE	-0.201	7.488	4
native_system/queue/running_reg/C	native_system/queue/queue_reg[2][2107]/CE	-0.201	7.488	4
native_system/queue/running_reg/C	native_system/queue/queue_reg[2][470]/CE	-0.201	7.488	4
native_system/queue/running_reg/C	native_system/queue/queue_reg[2][516]/CE	-0.201	7.488	4
native_system/queue/running_reg/C	native_system/queue/queue_reg[2][539]/CE	-0.201	7.488	4
native_system/queue/running_reg/C	native_system/queue/queue_reg[2][747]/CE	-0.201	7.488	4
native_system/queue/running_reg/C	native_system/queue/queue_reg[2][891]/CE	-0.201	7.488	4
native_system/queue/running_reg/C	native_system/queue/queue_reg[2][89]/CE	-0.201	7.488	4
native_system/queue/running_reg/C	native_system/queue/queue_reg[1][1328]/CE	-0.201	7.488	4
native_system/queue/running_reg/C	native_system/queue/queue_reg[1][1462]/CE	-0.201	7.488	4
native_system/queue/running_reg/C	native_system/queue/queue_reg[1][1504]/CE	-0.201	7.488	4
native_system/queue/running_reg/C	native_system/queue/queue_reg[1][1554]/CE	-0.201	7.488	4
native_system/queue/running_reg/C	native_system/queue/queue_reg[1][2016]/CE	-0.201	7.488	4
native_system/queue/running_reg/C	native_system/queue/queue_reg[1][2091]/CE	-0.201	7.488	4
native_system/queue/running_reg/C	native_system/queue/queue_reg[1][921]/CE	-0.201	7.488	4
native_system/queue/running_reg/C	native_system/queue/queue_reg[1][966]/CE	-0.201	7.488	4
native_system/queue/rd_reg[1]_rep__18/C	native_system/queue/active_reg[588]/D	-0.200	7.723	1
native_system/queue/running_reg/C	native_system/queue/queue_reg[2][1055]/CE	-0.200	7.487	4
native_system/queue/running_reg/C	native_system/queue/queue_reg[2][1752]/CE	-0.200	7.487	4
native_system/queue/running_reg/C	native_system/queue/queue_reg[2][1934]/CE	-0.200	7.487	4
native_system/queue/running_reg/C	native_system/queue/queue_reg[2][1998]/CE	-0.200	7.487	4
native_system/queue/running_reg/C	native_system/queue/queue_reg[2][2040]/CE	-0.200	7.487	4
native_system/queue/running_reg/C	native_system/queue/queue_reg[2][2056]/CE	-0.200	7.487	4
native_system/queue/running_reg/C	native_system/queue/queue_reg[2][861]/CE	-0.200	7.487	4
native_system/queue/running_reg/C	native_system/queue/queue_reg[2][993]/CE	-0.200	7.487	4
native_system/queue/running_reg/C	native_system/queue/queue_reg[1][1106]/CE	-0.199	7.486	4
native_system/queue/running_reg/C	native_system/queue/queue_reg[1][1325]/CE	-0.199	7.486	4
native_system/queue/running_reg/C	native_system/queue/queue_reg[1][1389]/CE	-0.199	7.486	4
native_system/queue/running_reg/C	native_system/queue/queue_reg[1][1451]/CE	-0.199	7.486	4
native_system/queue/running_reg/C	native_system/queue/queue_reg[3][1042]/CE	-0.198	7.485	4
native_system/queue/running_reg/C	native_system/queue/queue_reg[3][1117]/CE	-0.198	7.485	4
native_system/queue/running_reg/C	native_system/queue/queue_reg[3][1150]/CE	-0.198	7.485	4
native_system/queue/running_reg/C	native_system/queue/queue_reg[3][1216]/CE	-0.198	7.485	4
native_system/queue/running_reg/C	native_system/queue/queue_reg[3][1381]/CE	-0.198	7.485	4
native_system/queue/running_reg/C	native_system/queue/queue_reg[3][1386]/CE	-0.198	7.485	4
native_system/queue/running_reg/C	native_system/queue/queue_reg[3][1616]/CE	-0.198	7.485	4
native_system/queue/running_reg/C	native_system/queue/queue_reg[3][837]/CE	-0.198	7.485	4
native_system/queue/running_reg/C	native_system/queue/active_reg[1880]/CE	-0.198	7.485	3
native_system/queue/running_reg/C	native_system/queue/active_reg[2054]/CE	-0.198	7.485	3
native_system/queue/running_reg/C	native_system/queue/active_reg[548]/CE	-0.198	7.485	3
native_system/queue/running_reg/C	native_system/queue/active_reg[825]/CE	-0.198	7.485	3
native_system/queue/running_reg/C	native_system/queue/queue_reg[3][649]/CE	-0.197	7.520	4
native_system/queue/running_reg/C	native_system/queue/queue_reg[3][284]/CE	-0.197	7.484	4
native_system/queue/running_reg/C	native_system/queue/queue_reg[3][318]/CE	-0.197	7.484	4
native_system/queue/running_reg/C	native_system/queue/queue_reg[3][350]/CE	-0.197	7.484	4
native_system/queue/running_reg/C	native_system/queue/queue_reg[3][446]/CE	-0.197	7.484	4
native_system/queue/running_reg/C	native_system/queue/queue_reg[3][478]/CE	-0.197	7.484	4
native_system/queue/running_reg/C	native_system/queue/queue_reg[3][490]/CE	-0.197	7.484	4
native_system/queue/running_reg/C	native_system/queue/queue_reg[3][49]/CE	-0.197	7.484	4
native_system/digital/reset_sync_reg[1]/C	native_system/digital/bank/shadow_requested_reg[4][1]/CLR	-0.196	7.283	1
native_system/digital/reset_sync_reg[1]/C	native_system/digital/bank/shadow_requested_reg[4][6]/CLR	-0.196	7.283	1
native_system/digital/reset_sync_reg[1]/C	native_system/digital/bank/shadow_requested_reg[4][7]/CLR	-0.196	7.283	1
native_system/digital/cfg_reg[22][14]/C	native_system/digital/bank/shadow_calibration_reg[88][6]/D	-0.196	7.643	0
native_system/queue/running_reg/C	native_system/queue/queue_reg[1][1067]/CE	-0.195	7.518	4
native_system/queue/running_reg/C	native_system/queue/queue_reg[1][1234]/CE	-0.195	7.518	4
native_system/queue/running_reg/C	native_system/queue/queue_reg[1][1294]/CE	-0.195	7.518	4
native_system/queue/running_reg/C	native_system/queue/queue_reg[1][1362]/CE	-0.195	7.518	4
native_system/queue/running_reg/C	native_system/queue/queue_reg[1][1452]/CE	-0.195	7.518	4
native_system/queue/running_reg/C	native_system/queue/queue_reg[1][1490]/CE	-0.195	7.518	4
native_system/queue/running_reg/C	native_system/queue/queue_reg[1][1717]/CE	-0.195	7.518	4
native_system/queue/running_reg/C	native_system/queue/queue_reg[1][773]/CE	-0.195	7.518	4
native_system/queue/running_reg/C	native_system/queue/queue_reg[3][1725]/CE	-0.194	7.481	4
native_system/queue/running_reg/C	native_system/queue/queue_reg[3][1726]/CE	-0.194	7.481	4
native_system/queue/running_reg/C	native_system/queue/queue_reg[3][1743]/CE	-0.194	7.481	4
native_system/queue/running_reg/C	native_system/queue/queue_reg[3][1806]/CE	-0.194	7.481	4
native_system/queue/running_reg/C	native_system/queue/queue_reg[3][1847]/CE	-0.194	7.481	4
native_system/queue/running_reg/C	native_system/queue/queue_reg[3][2118]/CE	-0.194	7.481	4
native_system/queue/running_reg/C	native_system/queue/queue_reg[3][528]/CE	-0.194	7.481	4
native_system/queue/running_reg/C	native_system/queue/queue_reg[3][596]/CE	-0.194	7.481	4
native_system/digital/reset_sync_reg[1]/C	native_system/digital/scheduler/issued_reg[16]/CLR	-0.194	7.367	1
native_system/digital/cfg_reg[22][14]/C	native_system/digital/bank/shadow_calibration_reg[93][6]/D	-0.194	7.619	0
native_system/digital/cfg_reg[22][3]/C	native_system/digital/bank/shadow_requested_reg[58][3]/D	-0.194	7.658	0
native_system/queue/running_reg/C	native_system/queue/queue_reg[1][1034]/CE	-0.194	7.481	4
native_system/queue/running_reg/C	native_system/queue/queue_reg[1][1176]/CE	-0.194	7.481	4
native_system/queue/running_reg/C	native_system/queue/queue_reg[1][1393]/CE	-0.194	7.481	4
native_system/queue/running_reg/C	native_system/queue/queue_reg[1][1419]/CE	-0.194	7.481	4
native_system/queue/running_reg/C	native_system/queue/queue_reg[1][1512]/CE	-0.194	7.481	4
native_system/queue/running_reg/C	native_system/queue/queue_reg[1][733]/CE	-0.194	7.481	4
native_system/queue/running_reg/C	native_system/queue/queue_reg[1][768]/CE	-0.194	7.481	4
native_system/queue/running_reg/C	native_system/queue/queue_reg[1][980]/CE	-0.194	7.481	4
native_system/digital/cfg_reg[21][2]/C	native_system/digital/bank/shadow_requested_reg[32][1]/CE	-0.194	7.481	1
native_system/digital/cfg_reg[22][4]/C	native_system/digital/bank/shadow_requested_reg[97][4]/D	-0.194	7.625	0
native_system/queue/rd_reg[0]_rep__18/C	native_system/queue/active_reg[224]/D	-0.193	7.764	1
native_system/queue/running_reg/C	native_system/queue/queue_reg[1][2141]/CE	-0.193	7.480	4
native_system/queue/running_reg/C	native_system/queue/queue_reg[1][344]/CE	-0.193	7.480	4
native_system/queue/running_reg/C	native_system/queue/queue_reg[1][406]/CE	-0.193	7.480	4
native_system/queue/running_reg/C	native_system/queue/queue_reg[1][48]/CE	-0.193	7.480	4
native_system/queue/running_reg/C	native_system/queue/queue_reg[1][506]/CE	-0.193	7.480	4
native_system/queue/running_reg/C	native_system/queue/queue_reg[1][870]/CE	-0.193	7.480	4
native_system/queue/running_reg/C	native_system/queue/active_reg[1086]/CE	-0.192	7.479	3
native_system/queue/running_reg/C	native_system/queue/active_reg[2152]/CE	-0.192	7.479	3
native_system/queue/running_reg/C	native_system/queue/active_reg[676]/CE	-0.192	7.479	3
native_system/queue/running_reg/C	native_system/queue/queue_reg[2][1024]/CE	-0.192	7.479	4
native_system/queue/running_reg/C	native_system/queue/queue_reg[2][1067]/CE	-0.192	7.479	4
native_system/queue/running_reg/C	native_system/queue/queue_reg[2][1118]/CE	-0.192	7.479	4
native_system/queue/running_reg/C	native_system/queue/queue_reg[2][1152]/CE	-0.192	7.479	4
native_system/queue/running_reg/C	native_system/queue/queue_reg[2][1294]/CE	-0.192	7.479	4
native_system/queue/running_reg/C	native_system/queue/queue_reg[2][1362]/CE	-0.192	7.479	4
native_system/queue/running_reg/C	native_system/queue/queue_reg[2][1452]/CE	-0.192	7.479	4
native_system/queue/running_reg/C	native_system/queue/queue_reg[2][1490]/CE	-0.192	7.479	4
native_system/digital/cfg_reg[21][4]/C	native_system/digital/bank/shadow_calibration_reg[94][0]/CE	-0.192	7.479	1
native_system/digital/cfg_reg[21][4]/C	native_system/digital/bank/shadow_calibration_reg[94][1]/CE	-0.192	7.479	1
native_system/digital/cfg_reg[21][4]/C	native_system/digital/bank/shadow_calibration_reg[94][2]/CE	-0.192	7.479	1
native_system/digital/cfg_reg[21][4]/C	native_system/digital/bank/shadow_calibration_reg[94][3]/CE	-0.192	7.479	1
native_system/digital/cfg_reg[21][4]/C	native_system/digital/bank/shadow_requested_reg[94][1]/CE	-0.192	7.479	1
native_system/digital/cfg_reg[21][4]/C	native_system/digital/bank/shadow_requested_reg[94][2]/CE	-0.192	7.479	1
native_system/digital/cfg_reg[21][4]/C	native_system/digital/bank/shadow_calibration_reg[106][0]/CE	-0.192	7.277	1
native_system/digital/cfg_reg[21][4]/C	native_system/digital/bank/shadow_calibration_reg[106][1]/CE	-0.192	7.277	1
native_system/digital/cfg_reg[21][4]/C	native_system/digital/bank/shadow_calibration_reg[106][2]/CE	-0.192	7.277	1
native_system/digital/cfg_reg[21][4]/C	native_system/digital/bank/shadow_calibration_reg[106][3]/CE	-0.192	7.277	1
native_system/digital/cfg_reg[21][4]/C	native_system/digital/bank/shadow_calibration_reg[106][6]/CE	-0.192	7.277	1
native_system/digital/cfg_reg[21][4]/C	native_system/digital/bank/shadow_requested_reg[106][0]/CE	-0.192	7.277	1
native_system/digital/cfg_reg[21][4]/C	native_system/digital/bank/shadow_requested_reg[106][2]/CE	-0.192	7.277	1
native_system/digital/cfg_reg[21][4]/C	native_system/digital/bank/shadow_calibration_reg[94][4]/CE	-0.191	7.478	1
native_system/digital/cfg_reg[21][4]/C	native_system/digital/bank/shadow_calibration_reg[94][6]/CE	-0.191	7.478	1
native_system/digital/cfg_reg[21][4]/C	native_system/digital/bank/shadow_requested_reg[94][4]/CE	-0.191	7.478	1
native_system/digital/boundary_reg/C	native_system/digital/bank/active_calibration_reg[15][4]/CE	-0.190	7.477	1
native_system/digital/boundary_reg/C	native_system/digital/bank/active_calibration_reg[15][5]/CE	-0.190	7.477	1
native_system/digital/reset_sync_reg[1]/C	native_system/digital/adc/spi/cs_n_reg/PRE	-0.190	7.323	1
native_system/queue/running_reg/C	native_system/queue/queue_reg[2][1027]/CE	-0.189	7.476	4
native_system/queue/running_reg/C	native_system/queue/queue_reg[2][1097]/CE	-0.189	7.476	4
native_system/queue/running_reg/C	native_system/queue/queue_reg[2][1261]/CE	-0.189	7.476	4
native_system/queue/running_reg/C	native_system/queue/queue_reg[2][1461]/CE	-0.189	7.476	4
native_system/queue/running_reg/C	native_system/queue/queue_reg[2][609]/CE	-0.189	7.476	4
native_system/queue/running_reg/C	native_system/queue/queue_reg[2][717]/CE	-0.189	7.476	4
native_system/queue/running_reg/C	native_system/queue/queue_reg[2][735]/CE	-0.189	7.476	4
native_system/queue/running_reg/C	native_system/queue/queue_reg[2][776]/CE	-0.189	7.476	4
native_system/queue/running_reg/C	native_system/queue/queue_reg[0][1100]/CE	-0.189	7.476	4
native_system/queue/running_reg/C	native_system/queue/queue_reg[0][1157]/CE	-0.189	7.476	4
native_system/queue/running_reg/C	native_system/queue/queue_reg[0][1165]/CE	-0.189	7.476	4
native_system/queue/running_reg/C	native_system/queue/queue_reg[0][1229]/CE	-0.189	7.476	4
native_system/queue/running_reg/C	native_system/queue/queue_reg[0][1369]/CE	-0.189	7.476	4
native_system/queue/running_reg/C	native_system/queue/queue_reg[0][297]/CE	-0.189	7.476	4
native_system/queue/running_reg/C	native_system/queue/queue_reg[0][484]/CE	-0.189	7.476	4
native_system/queue/running_reg/C	native_system/queue/queue_reg[0][872]/CE	-0.189	7.476	4
native_system/digital/boundary_reg/C	native_system/digital/bank/active_calibration_reg[57][0]/CE	-0.188	7.511	1
native_system/digital/boundary_reg/C	native_system/digital/bank/active_calibration_reg[57][2]/CE	-0.188	7.511	1
native_system/queue/running_reg/C	native_system/queue/queue_reg[0][1000]/CE	-0.188	7.475	4
native_system/queue/running_reg/C	native_system/queue/queue_reg[0][272]/CE	-0.188	7.475	4
native_system/queue/running_reg/C	native_system/queue/queue_reg[0][296]/CE	-0.188	7.475	4
native_system/queue/running_reg/C	native_system/queue/queue_reg[0][313]/CE	-0.188	7.475	4
native_system/queue/running_reg/C	native_system/queue/queue_reg[0][784]/CE	-0.188	7.475	4
native_system/queue/running_reg/C	native_system/queue/queue_reg[0][876]/CE	-0.188	7.475	4
native_system/queue/running_reg/C	native_system/queue/queue_reg[0][944]/CE	-0.188	7.475	4
native_system/queue/running_reg/C	native_system/queue/queue_reg[0][967]/CE	-0.188	7.475	4
native_system/queue/running_reg/C	native_system/queue/queue_reg[1][1591]/CE	-0.188	7.475	4
native_system/queue/running_reg/C	native_system/queue/queue_reg[1][1689]/CE	-0.188	7.475	4
native_system/queue/running_reg/C	native_system/queue/queue_reg[1][1906]/CE	-0.188	7.475	4
native_system/queue/running_reg/C	native_system/queue/queue_reg[1][1915]/CE	-0.188	7.475	4
native_system/queue/running_reg/C	native_system/queue/queue_reg[1][1945]/CE	-0.188	7.475	4
native_system/queue/running_reg/C	native_system/queue/queue_reg[1][1974]/CE	-0.188	7.475	4
native_system/queue/running_reg/C	native_system/queue/queue_reg[1][736]/CE	-0.188	7.475	4
native_system/queue/running_reg/C	native_system/queue/queue_reg[1][916]/CE	-0.188	7.475	4
native_system/digital/cfg_reg[21][4]/C	native_system/digital/bank/shadow_mask_reg[125]/CE	-0.187	7.302	1
native_system/queue/running_reg/C	native_system/queue/queue_reg[3][1078]/CE	-0.187	7.474	4
native_system/queue/running_reg/C	native_system/queue/queue_reg[3][1227]/CE	-0.187	7.474	4
native_system/queue/running_reg/C	native_system/queue/queue_reg[3][1284]/CE	-0.187	7.474	4
native_system/queue/running_reg/C	native_system/queue/queue_reg[3][1363]/CE	-0.187	7.474	4
native_system/queue/running_reg/C	native_system/queue/queue_reg[3][1385]/CE	-0.187	7.474	4
native_system/queue/running_reg/C	native_system/queue/queue_reg[3][1394]/CE	-0.187	7.474	4
native_system/queue/running_reg/C	native_system/queue/queue_reg[3][1411]/CE	-0.187	7.474	4
native_system/queue/running_reg/C	native_system/queue/queue_reg[3][1437]/CE	-0.187	7.474	4
native_system/queue/running_reg/C	native_system/queue/queue_reg[3][1439]/CE	-0.187	7.474	4
native_system/queue/running_reg/C	native_system/queue/queue_reg[3][1449]/CE	-0.187	7.474	4
native_system/queue/running_reg/C	native_system/queue/queue_reg[3][1454]/CE	-0.187	7.474	4
native_system/queue/running_reg/C	native_system/queue/queue_reg[3][1465]/CE	-0.187	7.474	4
native_system/queue/running_reg/C	native_system/queue/queue_reg[3][1503]/CE	-0.187	7.474	4
native_system/queue/running_reg/C	native_system/queue/queue_reg[2][1025]/CE	-0.187	7.510	4
native_system/queue/running_reg/C	native_system/queue/queue_reg[2][1425]/CE	-0.187	7.510	4
native_system/queue/running_reg/C	native_system/queue/queue_reg[2][643]/CE	-0.187	7.510	4
native_system/queue/running_reg/C	native_system/queue/queue_reg[2][653]/CE	-0.187	7.510	4
native_system/queue/running_reg/C	native_system/queue/queue_reg[2][707]/CE	-0.187	7.510	4
native_system/queue/running_reg/C	native_system/queue/queue_reg[2][713]/CE	-0.187	7.510	4
native_system/queue/running_reg/C	native_system/queue/queue_reg[2][739]/CE	-0.187	7.510	4
native_system/queue/running_reg/C	native_system/queue/queue_reg[2][783]/CE	-0.187	7.510	4
native_system/queue/running_reg/C	native_system/queue/queue_reg[3][1763]/CE	-0.187	7.474	4
native_system/queue/running_reg/C	native_system/queue/queue_reg[3][871]/CE	-0.187	7.474	4
native_system/digital/cfg_reg[21][4]/C	native_system/digital/bank/shadow_calibration_reg[83][1]/CE	-0.187	7.474	1
native_system/digital/cfg_reg[21][4]/C	native_system/digital/bank/shadow_requested_reg[83][3]/CE	-0.187	7.474	1
native_system/digital/cfg_reg[21][4]/C	native_system/digital/bank/shadow_requested_reg[83][4]/CE	-0.187	7.474	1
native_system/queue/running_reg/C	native_system/queue/queue_reg[3][1045]/CE	-0.187	7.474	4
native_system/queue/running_reg/C	native_system/queue/queue_reg[3][1061]/CE	-0.187	7.474	4
native_system/queue/running_reg/C	native_system/queue/queue_reg[3][1068]/CE	-0.187	7.474	4
native_system/queue/running_reg/C	native_system/queue/queue_reg[3][1173]/CE	-0.187	7.474	4
native_system/queue/running_reg/C	native_system/queue/queue_reg[3][1213]/CE	-0.187	7.474	4
native_system/queue/running_reg/C	native_system/queue/queue_reg[3][1253]/CE	-0.187	7.474	4
native_system/queue/running_reg/C	native_system/queue/queue_reg[3][1323]/CE	-0.187	7.474	4
native_system/queue/running_reg/C	native_system/queue/queue_reg[3][1387]/CE	-0.187	7.474	4
native_system/queue/running_reg/C	native_system/queue/queue_reg[0][1008]/CE	-0.187	7.474	4
native_system/queue/running_reg/C	native_system/queue/queue_reg[0][1543]/CE	-0.187	7.474	4
native_system/queue/running_reg/C	native_system/queue/queue_reg[0][320]/CE	-0.187	7.474	4
native_system/queue/running_reg/C	native_system/queue/queue_reg[0][360]/CE	-0.187	7.474	4
native_system/queue/running_reg/C	native_system/queue/queue_reg[0][691]/CE	-0.187	7.474	4
native_system/queue/running_reg/C	native_system/queue/queue_reg[0][770]/CE	-0.187	7.474	4
native_system/queue/running_reg/C	native_system/queue/queue_reg[0][780]/CE	-0.187	7.474	4
native_system/queue/running_reg/C	native_system/queue/queue_reg[0][906]/CE	-0.187	7.474	4
native_system/digital/cfg_reg[22][6]/C	native_system/digital/bank/shadow_requested_reg[122][6]/D	-0.186	7.570	0
native_system/queue/running_reg/C	native_system/queue/queue_reg[3][1082]/CE	-0.186	7.473	4
native_system/queue/running_reg/C	native_system/queue/queue_reg[3][1128]/CE	-0.186	7.473	4
native_system/queue/running_reg/C	native_system/queue/queue_reg[3][1286]/CE	-0.186	7.473	4
native_system/queue/running_reg/C	native_system/queue/queue_reg[3][1298]/CE	-0.186	7.473	4
native_system/queue/running_reg/C	native_system/queue/queue_reg[3][1327]/CE	-0.186	7.473	4
native_system/queue/running_reg/C	native_system/queue/queue_reg[3][1426]/CE	-0.186	7.473	4
native_system/queue/running_reg/C	native_system/queue/queue_reg[3][1519]/CE	-0.186	7.473	4
native_system/queue/running_reg/C	native_system/queue/queue_reg[3][1211]/CE	-0.186	7.473	4
native_system/digital/master_phase_reg[2]/C	native_system/digital/serial/serial_data_reg[8]/D	-0.185	7.758	4
native_system/queue/running_reg/C	native_system/queue/queue_reg[3][1304]/CE	-0.185	7.472	4
native_system/queue/running_reg/C	native_system/queue/queue_reg[3][1526]/CE	-0.185	7.472	4
native_system/queue/running_reg/C	native_system/queue/queue_reg[3][1559]/CE	-0.185	7.472	4
native_system/queue/running_reg/C	native_system/queue/queue_reg[3][1626]/CE	-0.185	7.472	4
native_system/queue/running_reg/C	native_system/queue/queue_reg[3][1688]/CE	-0.185	7.472	4
native_system/queue/running_reg/C	native_system/queue/queue_reg[3][1876]/CE	-0.185	7.472	4
native_system/queue/running_reg/C	native_system/queue/queue_reg[0][1024]/CE	-0.185	7.472	4
native_system/queue/running_reg/C	native_system/queue/queue_reg[0][1031]/CE	-0.185	7.472	4
native_system/queue/running_reg/C	native_system/queue/queue_reg[0][1146]/CE	-0.185	7.472	4
native_system/queue/running_reg/C	native_system/queue/queue_reg[0][1197]/CE	-0.185	7.472	4
native_system/queue/running_reg/C	native_system/queue/queue_reg[0][1302]/CE	-0.185	7.472	4
native_system/queue/running_reg/C	native_system/queue/queue_reg[0][696]/CE	-0.185	7.472	4
native_system/queue/running_reg/C	native_system/queue/queue_reg[0][813]/CE	-0.185	7.472	4
native_system/queue/running_reg/C	native_system/queue/queue_reg[0][940]/CE	-0.185	7.472	4
native_system/digital/cfg_reg[22][5]/C	native_system/digital/bank/shadow_requested_reg[91][5]/D	-0.185	7.664	0
native_system/digital/cfg_reg[22][0]/C	native_system/digital/bank/shadow_requested_reg[75][0]/D	-0.185	7.572	0
native_system/queue/running_reg/C	native_system/queue/queue_reg[0][1101]/CE	-0.185	7.471	4
native_system/queue/running_reg/C	native_system/queue/queue_reg[0][292]/CE	-0.185	7.471	4
native_system/queue/running_reg/C	native_system/queue/queue_reg[0][336]/CE	-0.185	7.471	4
native_system/queue/running_reg/C	native_system/queue/queue_reg[0][400]/CE	-0.185	7.471	4
native_system/queue/running_reg/C	native_system/queue/queue_reg[0][404]/CE	-0.185	7.471	4
native_system/queue/running_reg/C	native_system/queue/queue_reg[0][432]/CE	-0.185	7.471	4
native_system/queue/running_reg/C	native_system/queue/queue_reg[0][448]/CE	-0.185	7.471	4
native_system/queue/running_reg/C	native_system/queue/queue_reg[0][709]/CE	-0.185	7.471	4
native_system/queue/running_reg/C	native_system/queue/queue_reg[0][2070]/CE	-0.184	7.471	4
native_system/queue/running_reg/C	native_system/queue/queue_reg[0][2072]/CE	-0.184	7.471	4
native_system/queue/running_reg/C	native_system/queue/queue_reg[0][2134]/CE	-0.184	7.471	4
native_system/queue/running_reg/C	native_system/queue/queue_reg[0][2164]/CE	-0.184	7.471	4
native_system/queue/running_reg/C	native_system/queue/queue_reg[0][634]/CE	-0.184	7.471	4
native_system/queue/running_reg/C	native_system/queue/queue_reg[3][1296]/CE	-0.184	7.471	4
native_system/queue/running_reg/C	native_system/queue/queue_reg[3][1600]/CE	-0.184	7.471	4
native_system/queue/running_reg/C	native_system/queue/queue_reg[3][1602]/CE	-0.184	7.471	4
native_system/queue/running_reg/C	native_system/queue/queue_reg[3][1666]/CE	-0.184	7.471	4
native_system/queue/running_reg/C	native_system/queue/queue_reg[3][1682]/CE	-0.184	7.471	4
native_system/queue/running_reg/C	native_system/queue/queue_reg[3][1830]/CE	-0.184	7.471	4
native_system/queue/running_reg/C	native_system/queue/queue_reg[3][2018]/CE	-0.184	7.471	4
native_system/queue/running_reg/C	native_system/queue/queue_reg[3][2024]/CE	-0.184	7.471	4
native_system/queue/running_reg/C	native_system/queue/queue_reg[2][1279]/CE	-0.183	7.506	4
native_system/queue/running_reg/C	native_system/queue/queue_reg[2][532]/CE	-0.183	7.506	4
native_system/digital/reset_sync_reg[1]/C	native_system/digital/adc/spi/index_reg[5]/CLR	-0.183	7.314	1
native_system/queue/running_reg/C	native_system/queue/queue_reg[2][1057]/CE	-0.182	7.505	4
native_system/queue/running_reg/C	native_system/queue/queue_reg[2][1080]/CE	-0.182	7.505	4
native_system/queue/running_reg/C	native_system/queue/queue_reg[2][1083]/CE	-0.182	7.505	4
native_system/queue/running_reg/C	native_system/queue/queue_reg[2][1103]/CE	-0.182	7.505	4
native_system/queue/running_reg/C	native_system/queue/queue_reg[2][1177]/CE	-0.182	7.505	4
native_system/queue/running_reg/C	native_system/queue/queue_reg[2][1211]/CE	-0.182	7.505	4
native_system/queue/running_reg/C	native_system/queue/queue_reg[2][1391]/CE	-0.182	7.505	4
native_system/queue/running_reg/C	native_system/queue/queue_reg[1][1667]/CE	-0.182	7.505	4
native_system/queue/running_reg/C	native_system/queue/queue_reg[1][1877]/CE	-0.182	7.505	4
native_system/queue/running_reg/C	native_system/queue/queue_reg[1][1929]/CE	-0.182	7.505	4
native_system/queue/running_reg/C	native_system/queue/queue_reg[1][2029]/CE	-0.182	7.505	4
native_system/queue/running_reg/C	native_system/queue/queue_reg[1][227]/CE	-0.182	7.505	4
native_system/queue/running_reg/C	native_system/queue/queue_reg[1][914]/CE	-0.182	7.505	4
native_system/queue/running_reg/C	native_system/queue/queue_reg[1][938]/CE	-0.182	7.505	4
native_system/queue/running_reg/C	native_system/queue/queue_reg[1][429]/CE	-0.182	7.505	4
native_system/queue/running_reg/C	native_system/queue/queue_reg[1][439]/CE	-0.182	7.505	4
native_system/queue/running_reg/C	native_system/queue/queue_reg[0][1049]/CE	-0.181	7.468	4
native_system/queue/running_reg/C	native_system/queue/queue_reg[0][1058]/CE	-0.181	7.468	4
native_system/queue/running_reg/C	native_system/queue/queue_reg[0][1186]/CE	-0.181	7.468	4
native_system/queue/running_reg/C	native_system/queue/queue_reg[0][1259]/CE	-0.181	7.468	4
native_system/queue/running_reg/C	native_system/queue/queue_reg[0][1457]/CE	-0.181	7.468	4
native_system/queue/running_reg/C	native_system/queue/queue_reg[0][1469]/CE	-0.181	7.468	4
native_system/queue/running_reg/C	native_system/queue/queue_reg[0][1485]/CE	-0.181	7.468	4
native_system/queue/running_reg/C	native_system/queue/queue_reg[0][610]/CE	-0.181	7.468	4
native_system/digital/bank/command_error_reg/C	native_system/digital/serial/serial_data_reg[18]/D	-0.181	7.702	5
native_system/queue/running_reg/C	native_system/queue/queue_reg[0][1133]/CE	-0.181	7.468	4
native_system/queue/running_reg/C	native_system/queue/queue_reg[0][1474]/CE	-0.181	7.468	4
native_system/queue/running_reg/C	native_system/queue/queue_reg[0][1476]/CE	-0.181	7.468	4
native_system/queue/running_reg/C	native_system/queue/queue_reg[0][1564]/CE	-0.181	7.468	4
native_system/queue/running_reg/C	native_system/queue/queue_reg[0][1724]/CE	-0.181	7.468	4
native_system/queue/running_reg/C	native_system/queue/queue_reg[0][1727]/CE	-0.181	7.468	4
native_system/queue/running_reg/C	native_system/queue/queue_reg[0][833]/CE	-0.181	7.468	4
native_system/queue/running_reg/C	native_system/queue/queue_reg[0][889]/CE	-0.181	7.468	4
native_system/queue/running_reg/C	native_system/queue/queue_reg[0][1593]/CE	-0.180	7.467	4
native_system/queue/running_reg/C	native_system/queue/queue_reg[0][1836]/CE	-0.180	7.467	4
native_system/queue/running_reg/C	native_system/queue/queue_reg[0][1884]/CE	-0.180	7.467	4
native_system/queue/running_reg/C	native_system/queue/queue_reg[0][1961]/CE	-0.180	7.467	4
native_system/queue/running_reg/C	native_system/queue/queue_reg[0][1965]/CE	-0.180	7.467	4
native_system/queue/running_reg/C	native_system/queue/queue_reg[0][598]/CE	-0.180	7.467	4
native_system/queue/running_reg/C	native_system/queue/queue_reg[0][791]/CE	-0.180	7.467	4
native_system/queue/running_reg/C	native_system/queue/queue_reg[0][806]/CE	-0.180	7.467	4
native_system/queue/bus_wdata_reg[29]/C	native_system/digital/cfg_reg[11][0]/CE	-0.180	7.467	6
native_system/queue/bus_wdata_reg[29]/C	native_system/digital/cfg_reg[11][1]/CE	-0.180	7.467	6
native_system/queue/bus_wdata_reg[29]/C	native_system/digital/cfg_reg[11][3]/CE	-0.180	7.467	6
native_system/queue/bus_wdata_reg[29]/C	native_system/digital/cfg_reg[11][5]/CE	-0.180	7.467	6
native_system/queue/running_reg/C	native_system/queue/queue_reg[2][137]/CE	-0.179	7.466	4
native_system/queue/running_reg/C	native_system/queue/queue_reg[2][305]/CE	-0.179	7.466	4
native_system/queue/running_reg/C	native_system/queue/queue_reg[2][412]/CE	-0.179	7.466	4
native_system/queue/running_reg/C	native_system/queue/queue_reg[2][486]/CE	-0.179	7.466	4
native_system/queue/running_reg/C	native_system/queue/queue_reg[0][281]/CE	-0.179	7.466	4
native_system/queue/running_reg/C	native_system/queue/queue_reg[0][425]/CE	-0.179	7.466	4
native_system/queue/running_reg/C	native_system/queue/queue_reg[0][489]/CE	-0.179	7.466	4
native_system/queue/running_reg/C	native_system/queue/queue_reg[0][577]/CE	-0.179	7.466	4
native_system/queue/running_reg/C	native_system/queue/queue_reg[0][641]/CE	-0.179	7.466	4
native_system/queue/running_reg/C	native_system/queue/queue_reg[0][728]/CE	-0.179	7.466	4
native_system/queue/running_reg/C	native_system/queue/queue_reg[0][816]/CE	-0.179	7.466	4
native_system/queue/running_reg/C	native_system/queue/queue_reg[0][1296]/CE	-0.179	7.466	4
native_system/queue/running_reg/C	native_system/queue/queue_reg[0][1638]/CE	-0.179	7.466	4
native_system/queue/running_reg/C	native_system/queue/queue_reg[0][1686]/CE	-0.179	7.466	4
native_system/queue/running_reg/C	native_system/queue/queue_reg[0][1862]/CE	-0.179	7.466	4
native_system/queue/running_reg/C	native_system/queue/queue_reg[0][1912]/CE	-0.179	7.466	4
native_system/queue/running_reg/C	native_system/queue/queue_reg[0][2007]/CE	-0.179	7.466	4
native_system/queue/running_reg/C	native_system/queue/queue_reg[0][2056]/CE	-0.179	7.466	4
native_system/queue/running_reg/C	native_system/queue/queue_reg[0][992]/CE	-0.179	7.466	4
native_system/queue/running_reg/C	native_system/queue/queue_reg[3][474]/CE	-0.179	7.466	4
native_system/queue/running_reg/C	native_system/queue/queue_reg[3][503]/CE	-0.179	7.466	4
native_system/queue/rd_reg[1]_rep__18/C	native_system/queue/active_reg[328]/D	-0.179	7.702	1
native_system/queue/running_reg/C	native_system/queue/queue_reg[0][1056]/CE	-0.178	7.465	4
native_system/queue/running_reg/C	native_system/queue/queue_reg[0][1060]/CE	-0.178	7.465	4
native_system/queue/running_reg/C	native_system/queue/queue_reg[0][1123]/CE	-0.178	7.465	4
native_system/queue/running_reg/C	native_system/queue/queue_reg[0][1170]/CE	-0.178	7.465	4
native_system/queue/running_reg/C	native_system/queue/queue_reg[0][1251]/CE	-0.178	7.465	4
native_system/queue/running_reg/C	native_system/queue/queue_reg[0][1652]/CE	-0.178	7.465	4
native_system/queue/running_reg/C	native_system/queue/queue_reg[0][545]/CE	-0.178	7.465	4
native_system/queue/running_reg/C	native_system/queue/queue_reg[0][885]/CE	-0.178	7.465	4
native_system/digital/master_phase_reg[1]_rep/C	native_system/digital/serial/captured_reg[118]/D	-0.178	7.699	4
native_system/queue/running_reg/C	native_system/queue/queue_reg[2][1586]/CE	-0.178	7.465	4
native_system/queue/running_reg/C	native_system/queue/queue_reg[2][1834]/CE	-0.178	7.465	4
native_system/queue/running_reg/C	native_system/queue/queue_reg[2][1849]/CE	-0.178	7.465	4
native_system/queue/running_reg/C	native_system/queue/queue_reg[2][1979]/CE	-0.178	7.465	4
native_system/queue/running_reg/C	native_system/queue/queue_reg[2][2019]/CE	-0.178	7.465	4
native_system/queue/running_reg/C	native_system/queue/queue_reg[2][855]/CE	-0.178	7.465	4
native_system/queue/running_reg/C	native_system/queue/queue_reg[2][931]/CE	-0.178	7.465	4
native_system/queue/running_reg/C	native_system/queue/queue_reg[2][947]/CE	-0.178	7.465	4
native_system/digital/cfg_reg[21][4]/C	native_system/digital/bank/shadow_calibration_reg[90][2]/CE	-0.178	7.257	1
native_system/digital/cfg_reg[21][4]/C	native_system/digital/bank/shadow_calibration_reg[90][3]/CE	-0.178	7.257	1
native_system/digital/cfg_reg[21][4]/C	native_system/digital/bank/shadow_calibration_reg[90][5]/CE	-0.178	7.257	1
native_system/digital/cfg_reg[21][4]/C	native_system/digital/bank/shadow_calibration_reg[90][6]/CE	-0.178	7.257	1
native_system/digital/cfg_reg[21][4]/C	native_system/digital/bank/shadow_mask_reg[90]/CE	-0.178	7.257	1
native_system/digital/cfg_reg[21][4]/C	native_system/digital/bank/shadow_requested_reg[90][1]/CE	-0.178	7.257	1
native_system/digital/cfg_reg[21][4]/C	native_system/digital/bank/shadow_requested_reg[90][7]/CE	-0.178	7.257	1
native_system/digital/reset_sync_reg[1]/C	native_system/digital/bank/written_reg[21]/CLR	-0.178	7.265	1
native_system/digital/reset_sync_reg[1]/C	native_system/digital/bank/written_reg[27]/CLR	-0.178	7.265	1
native_system/digital/reset_sync_reg[1]/C	native_system/digital/adc/spi/received_reg[83]/CLR	-0.177	7.350	1
native_system/queue/running_reg/C	native_system/queue/active_reg[1013]/CE	-0.177	7.464	3
native_system/queue/running_reg/C	native_system/queue/active_reg[1634]/CE	-0.177	7.464	3
native_system/queue/running_reg/C	native_system/queue/active_reg[565]/CE	-0.177	7.464	3
native_system/queue/running_reg/C	native_system/queue/active_reg[720]/CE	-0.177	7.464	3
native_system/queue/running_reg/C	native_system/queue/queue_reg[0][201]/CE	-0.177	7.464	4
native_system/queue/running_reg/C	native_system/queue/queue_reg[0][317]/CE	-0.177	7.464	4
native_system/queue/running_reg/C	native_system/queue/queue_reg[0][508]/CE	-0.177	7.464	4
native_system/queue/running_reg/C	native_system/queue/queue_reg[0][509]/CE	-0.177	7.464	4
native_system/queue/running_reg/C	native_system/queue/queue_reg[0][578]/CE	-0.177	7.464	4
native_system/queue/running_reg/C	native_system/queue/queue_reg[0][706]/CE	-0.177	7.464	4
native_system/digital/boundary_reg/C	native_system/digital/bank/active_calibration_reg[1][3]/CE	-0.177	7.464	1
native_system/digital/boundary_reg/C	native_system/digital/bank/active_calibration_reg[1][4]/CE	-0.177	7.464	1
native_system/digital/boundary_reg/C	native_system/digital/bank/active_requested_reg[1][2]/CE	-0.177	7.464	1
native_system/digital/boundary_reg/C	native_system/digital/bank/active_requested_reg[1][3]/CE	-0.177	7.464	1
native_system/digital/cfg_reg[22][11]/C	native_system/digital/bank/shadow_calibration_reg[98][3]/D	-0.176	7.623	0
native_system/queue/running_reg/C	native_system/queue/queue_reg[2][105]/CE	-0.176	7.463	4
native_system/queue/running_reg/C	native_system/queue/queue_reg[2][149]/CE	-0.176	7.463	4
native_system/queue/running_reg/C	native_system/queue/queue_reg[2][169]/CE	-0.176	7.463	4
native_system/queue/running_reg/C	native_system/queue/queue_reg[2][177]/CE	-0.176	7.463	4
native_system/queue/running_reg/C	native_system/queue/queue_reg[2][213]/CE	-0.176	7.463	4
native_system/queue/running_reg/C	native_system/queue/queue_reg[2][229]/CE	-0.176	7.463	4
native_system/queue/running_reg/C	native_system/queue/queue_reg[1][1125]/CE	-0.176	7.463	4
native_system/queue/running_reg/C	native_system/queue/queue_reg[1][1173]/CE	-0.176	7.463	4
native_system/queue/running_reg/C	native_system/queue/queue_reg[1][1213]/CE	-0.176	7.463	4
native_system/queue/running_reg/C	native_system/queue/queue_reg[1][1253]/CE	-0.176	7.463	4
native_system/queue/running_reg/C	native_system/queue/queue_reg[1][1319]/CE	-0.176	7.463	4
native_system/queue/running_reg/C	native_system/queue/queue_reg[1][1323]/CE	-0.176	7.463	4
native_system/queue/running_reg/C	native_system/queue/queue_reg[1][1450]/CE	-0.176	7.463	4
native_system/queue/running_reg/C	native_system/queue/queue_reg[1][1511]/CE	-0.176	7.463	4
native_system/digital/cfg_reg[22][6]/C	native_system/digital/bank/shadow_requested_reg[89][6]/D	-0.176	7.625	0
native_system/queue/running_reg/C	native_system/queue/queue_reg[1][2075]/CE	-0.176	7.463	4
native_system/queue/running_reg/C	native_system/queue/queue_reg[1][303]/CE	-0.176	7.463	4
native_system/queue/running_reg/C	native_system/queue/queue_reg[1][351]/CE	-0.176	7.463	4
native_system/queue/running_reg/C	native_system/queue/queue_reg[1][504]/CE	-0.176	7.463	4
native_system/queue/running_reg/C	native_system/queue/queue_reg[1][519]/CE	-0.176	7.463	4
native_system/queue/running_reg/C	native_system/queue/queue_reg[1][651]/CE	-0.176	7.463	4
native_system/queue/running_reg/C	native_system/queue/queue_reg[0][1020]/CE	-0.176	7.463	4
native_system/queue/running_reg/C	native_system/queue/queue_reg[0][1871]/CE	-0.176	7.463	4
native_system/queue/running_reg/C	native_system/queue/queue_reg[0][2079]/CE	-0.176	7.463	4
native_system/queue/running_reg/C	native_system/queue/queue_reg[0][2166]/CE	-0.176	7.463	4
native_system/queue/running_reg/C	native_system/queue/queue_reg[0][2175]/CE	-0.176	7.463	4
native_system/queue/running_reg/C	native_system/queue/queue_reg[0][224]/CE	-0.176	7.463	4
native_system/queue/running_reg/C	native_system/queue/queue_reg[0][80]/CE	-0.176	7.463	4
native_system/queue/running_reg/C	native_system/queue/queue_reg[0][934]/CE	-0.176	7.463	4
native_system/queue/running_reg/C	native_system/queue/queue_reg[2][1151]/CE	-0.175	7.462	4
native_system/queue/running_reg/C	native_system/queue/queue_reg[2][1474]/CE	-0.175	7.462	4
native_system/queue/running_reg/C	native_system/queue/queue_reg[2][1505]/CE	-0.175	7.462	4
native_system/queue/running_reg/C	native_system/queue/queue_reg[2][1513]/CE	-0.175	7.462	4
native_system/queue/running_reg/C	native_system/queue/queue_reg[2][1724]/CE	-0.175	7.462	4
native_system/queue/running_reg/C	native_system/queue/queue_reg[2][409]/CE	-0.175	7.462	4
native_system/queue/running_reg/C	native_system/queue/queue_reg[2][585]/CE	-0.175	7.462	4
native_system/queue/running_reg/C	native_system/queue/queue_reg[2][775]/CE	-0.175	7.462	4
native_system/digital/boundary_reg/C	native_system/digital/bank/active_calibration_reg[17][0]/CE	-0.175	7.462	1
native_system/digital/boundary_reg/C	native_system/digital/bank/active_calibration_reg[17][1]/CE	-0.175	7.462	1
native_system/digital/boundary_reg/C	native_system/digital/bank/active_requested_reg[17][0]/CE	-0.175	7.462	1
native_system/digital/cfg_reg[22][2]/C	native_system/digital/bank/shadow_requested_reg[16][2]/D	-0.175	7.606	0
native_system/digital/cfg_reg[21][4]/C	native_system/digital/bank/shadow_calibration_reg[83][3]/CE	-0.175	7.462	1
native_system/digital/cfg_reg[21][4]/C	native_system/digital/bank/shadow_calibration_reg[83][5]/CE	-0.175	7.462	1
native_system/digital/cfg_reg[21][4]/C	native_system/digital/bank/shadow_requested_reg[83][0]/CE	-0.175	7.462	1
native_system/queue/running_reg/C	native_system/queue/queue_reg[0][225]/CE	-0.174	7.497	4
native_system/queue/running_reg/C	native_system/queue/queue_reg[0][236]/CE	-0.174	7.497	4
native_system/queue/running_reg/C	native_system/queue/queue_reg[0][438]/CE	-0.174	7.497	4
native_system/queue/running_reg/C	native_system/queue/queue_reg[0][487]/CE	-0.174	7.497	4
native_system/queue/running_reg/C	native_system/queue/queue_reg[2][1028]/CE	-0.174	7.497	4
native_system/queue/running_reg/C	native_system/queue/queue_reg[2][1060]/CE	-0.174	7.497	4
native_system/queue/running_reg/C	native_system/queue/queue_reg[2][1170]/CE	-0.174	7.497	4
native_system/queue/running_reg/C	native_system/queue/queue_reg[2][1262]/CE	-0.174	7.497	4
native_system/digital/reset_sync_reg[1]/C	native_system/digital/bank/written_reg[19]/CLR	-0.173	7.260	1
native_system/digital/reset_sync_reg[1]/C	native_system/digital/bank/written_reg[20]/CLR	-0.173	7.260	1
native_system/digital/reset_sync_reg[1]/C	native_system/digital/bank/written_reg[22]/CLR	-0.173	7.260	1
native_system/queue/running_reg/C	native_system/queue/queue_reg[3][121]/CE	-0.173	7.460	4
native_system/queue/running_reg/C	native_system/queue/queue_reg[3][285]/CE	-0.173	7.460	4
native_system/queue/running_reg/C	native_system/queue/queue_reg[3][289]/CE	-0.173	7.460	4
native_system/queue/running_reg/C	native_system/queue/queue_reg[3][294]/CE	-0.173	7.460	4
native_system/queue/running_reg/C	native_system/queue/queue_reg[3][317]/CE	-0.173	7.460	4
native_system/queue/running_reg/C	native_system/queue/queue_reg[3][353]/CE	-0.173	7.460	4
native_system/queue/running_reg/C	native_system/queue/queue_reg[3][445]/CE	-0.173	7.460	4
native_system/queue/running_reg/C	native_system/queue/queue_reg[3][485]/CE	-0.173	7.460	4
native_system/queue/running_reg/C	native_system/queue/active_reg[1347]/CE	-0.173	7.460	3
native_system/queue/running_reg/C	native_system/queue/active_reg[640]/CE	-0.173	7.460	3
native_system/queue/running_reg/C	native_system/queue/active_reg[796]/CE	-0.173	7.460	3
native_system/queue/running_reg/C	native_system/queue/active_reg[912]/CE	-0.173	7.460	3
native_system/digital/cfg_reg[22][2]/C	native_system/digital/bank/shadow_requested_reg[98][2]/D	-0.173	7.649	0
native_system/queue/running_reg/C	native_system/queue/queue_reg[1][1270]/CE	-0.171	7.458	4
native_system/queue/running_reg/C	native_system/queue/queue_reg[1][1314]/CE	-0.171	7.458	4
native_system/queue/running_reg/C	native_system/queue/queue_reg[1][1339]/CE	-0.171	7.458	4
native_system/queue/running_reg/C	native_system/queue/queue_reg[1][1355]/CE	-0.171	7.458	4
native_system/queue/running_reg/C	native_system/queue/queue_reg[1][1375]/CE	-0.171	7.458	4
native_system/queue/running_reg/C	native_system/queue/queue_reg[1][1399]/CE	-0.171	7.458	4
native_system/queue/running_reg/C	native_system/queue/queue_reg[1][1495]/CE	-0.171	7.458	4
native_system/digital/master_phase_reg[7]/C	native_system/digital/serial/serial_data_reg[0]/CE	-0.170	7.457	3
native_system/digital/master_phase_reg[7]/C	native_system/digital/serial/serial_data_reg[16]/CE	-0.170	7.457	3
native_system/queue/rd_reg[0]_rep__14/C	native_system/queue/active_reg[657]/D	-0.170	7.741	1
native_system/digital/cfg_reg[22][14]/C	native_system/digital/bank/shadow_calibration_reg[86][6]/D	-0.169	7.556	0
native_system/queue/running_reg/C	native_system/queue/queue_reg[3][2170]/CE	-0.168	7.455	4
native_system/queue/running_reg/C	native_system/queue/queue_reg[3][367]/CE	-0.168	7.455	4
native_system/queue/bus_wdata_reg[29]/C	native_system/digital/cfg_reg[3][24]/CE	-0.167	7.454	6
native_system/queue/running_reg/C	native_system/queue/queue_reg[1][1861]/CE	-0.166	7.489	4
native_system/queue/running_reg/C	native_system/queue/queue_reg[1][1914]/CE	-0.166	7.489	4
native_system/queue/running_reg/C	native_system/queue/queue_reg[1][1965]/CE	-0.166	7.489	4
native_system/queue/running_reg/C	native_system/queue/queue_reg[3][1591]/CE	-0.166	7.453	4
native_system/queue/running_reg/C	native_system/queue/queue_reg[3][1689]/CE	-0.166	7.453	4
native_system/queue/running_reg/C	native_system/queue/queue_reg[3][1906]/CE	-0.166	7.453	4
native_system/queue/running_reg/C	native_system/queue/queue_reg[3][1915]/CE	-0.166	7.453	4
native_system/queue/running_reg/C	native_system/queue/queue_reg[3][1945]/CE	-0.166	7.453	4
native_system/queue/running_reg/C	native_system/queue/queue_reg[3][1974]/CE	-0.166	7.453	4
native_system/queue/running_reg/C	native_system/queue/queue_reg[3][736]/CE	-0.166	7.453	4
native_system/queue/running_reg/C	native_system/queue/queue_reg[3][916]/CE	-0.166	7.453	4
native_system/digital/cfg_reg[22][8]/C	native_system/digital/bank/shadow_calibration_reg[58][0]/D	-0.166	7.591	0
native_system/queue/running_reg/C	native_system/queue/queue_reg[2][165]/CE	-0.165	7.452	4
native_system/queue/running_reg/C	native_system/queue/queue_reg[2][189]/CE	-0.165	7.452	4
native_system/queue/running_reg/C	native_system/queue/queue_reg[2][41]/CE	-0.165	7.452	4
native_system/queue/running_reg/C	native_system/queue/queue_reg[2][52]/CE	-0.165	7.452	4
native_system/queue/running_reg/C	native_system/queue/queue_reg[1][1112]/CE	-0.165	7.452	4
native_system/queue/running_reg/C	native_system/queue/queue_reg[1][1521]/CE	-0.165	7.452	4
native_system/queue/running_reg/C	native_system/queue/queue_reg[1][636]/CE	-0.165	7.452	4
native_system/queue/running_reg/C	native_system/queue/queue_reg[1][649]/CE	-0.165	7.452	4
native_system/queue/running_reg/C	native_system/queue/queue_reg[1][797]/CE	-0.165	7.452	4
native_system/digital/cfg_reg[22][6]/C	native_system/digital/bank/shadow_requested_reg[42][6]/D	-0.164	7.616	0
native_system/queue/running_reg/C	native_system/queue/queue_reg[1][2085]/CE	-0.164	7.487	4
native_system/queue/running_reg/C	native_system/queue/queue_reg[1][2092]/CE	-0.164	7.487	4
native_system/queue/running_reg/C	native_system/queue/queue_reg[1][342]/CE	-0.164	7.487	4
native_system/queue/running_reg/C	native_system/queue/queue_reg[1][417]/CE	-0.164	7.487	4
native_system/queue/running_reg/C	native_system/queue/queue_reg[1][457]/CE	-0.164	7.487	4
native_system/queue/running_reg/C	native_system/queue/queue_reg[1][731]/CE	-0.164	7.487	4
native_system/queue/running_reg/C	native_system/queue/queue_reg[1][750]/CE	-0.164	7.487	4
native_system/queue/running_reg/C	native_system/queue/queue_reg[1][92]/CE	-0.164	7.487	4
native_system/queue/running_reg/C	native_system/queue/queue_reg[2][1058]/CE	-0.163	7.486	4
native_system/queue/running_reg/C	native_system/queue/queue_reg[2][1133]/CE	-0.163	7.486	4
native_system/queue/running_reg/C	native_system/queue/queue_reg[2][1186]/CE	-0.163	7.486	4
native_system/queue/running_reg/C	native_system/queue/queue_reg[2][1251]/CE	-0.163	7.486	4
native_system/queue/running_reg/C	native_system/queue/queue_reg[2][1315]/CE	-0.163	7.486	4
native_system/queue/running_reg/C	native_system/queue/queue_reg[2][1485]/CE	-0.163	7.486	4
native_system/queue/running_reg/C	native_system/queue/queue_reg[2][1564]/CE	-0.163	7.486	4
native_system/queue/running_reg/C	native_system/queue/queue_reg[2][907]/CE	-0.163	7.486	4
native_system/queue/running_reg/C	native_system/queue/active_reg[1560]/CE	-0.163	7.450	3
native_system/queue/running_reg/C	native_system/queue/active_reg[440]/CE	-0.163	7.450	3
native_system/queue/running_reg/C	native_system/queue/queue_reg[3][1352]/CE	-0.163	7.486	4
native_system/queue/running_reg/C	native_system/queue/queue_reg[3][1528]/CE	-0.163	7.486	4
native_system/queue/running_reg/C	native_system/queue/queue_reg[3][1557]/CE	-0.163	7.486	4
native_system/queue/running_reg/C	native_system/queue/queue_reg[3][1575]/CE	-0.163	7.486	4
native_system/queue/running_reg/C	native_system/queue/queue_reg[3][1580]/CE	-0.163	7.486	4
native_system/queue/running_reg/C	native_system/queue/queue_reg[3][1597]/CE	-0.163	7.486	4
native_system/queue/running_reg/C	native_system/queue/queue_reg[3][1692]/CE	-0.163	7.486	4
native_system/queue/running_reg/C	native_system/queue/queue_reg[3][1708]/CE	-0.163	7.486	4
native_system/digital/cfg_reg[21][4]/C	native_system/digital/bank/shadow_calibration_reg[98][2]/CE	-0.163	7.284	1
native_system/digital/cfg_reg[21][4]/C	native_system/digital/bank/shadow_calibration_reg[98][4]/CE	-0.163	7.284	1
native_system/digital/cfg_reg[21][4]/C	native_system/digital/bank/shadow_requested_reg[98][3]/CE	-0.163	7.284	1
native_system/digital/cfg_reg[21][4]/C	native_system/digital/bank/shadow_requested_reg[98][4]/CE	-0.163	7.284	1
native_system/queue/rd_reg[1]_rep__7/C	native_system/queue/active_reg[857]/D	-0.163	7.734	1
native_system/queue/bus_wdata_reg[29]/C	native_system/digital/cfg_reg[4][28]/CE	-0.163	7.450	6
native_system/queue/bus_wdata_reg[29]/C	native_system/digital/cfg_reg[4][29]/CE	-0.163	7.450	6
native_system/queue/running_reg/C	native_system/queue/queue_reg[1][168]/CE	-0.162	7.485	4
native_system/queue/running_reg/C	native_system/queue/queue_reg[1][188]/CE	-0.162	7.485	4
native_system/queue/running_reg/C	native_system/queue/queue_reg[1][421]/CE	-0.162	7.485	4
native_system/queue/running_reg/C	native_system/queue/queue_reg[1][491]/CE	-0.162	7.485	4
native_system/digital/master_phase_reg[7]/C	native_system/digital/serial/captured_reg[100]/CE	-0.162	7.485	2
native_system/digital/master_phase_reg[7]/C	native_system/digital/serial/captured_reg[102]/CE	-0.162	7.485	2
native_system/digital/master_phase_reg[7]/C	native_system/digital/serial/captured_reg[91]/CE	-0.162	7.485	2
native_system/queue/running_reg/C	native_system/queue/queue_reg[2][1042]/CE	-0.162	7.449	4
native_system/queue/running_reg/C	native_system/queue/queue_reg[2][1117]/CE	-0.162	7.449	4
native_system/queue/running_reg/C	native_system/queue/queue_reg[2][1249]/CE	-0.162	7.449	4
native_system/queue/running_reg/C	native_system/queue/queue_reg[2][1381]/CE	-0.162	7.449	4
native_system/queue/running_reg/C	native_system/queue/queue_reg[2][1499]/CE	-0.162	7.449	4
native_system/queue/running_reg/C	native_system/queue/queue_reg[2][1507]/CE	-0.162	7.449	4
native_system/queue/running_reg/C	native_system/queue/queue_reg[2][837]/CE	-0.162	7.449	4
native_system/queue/running_reg/C	native_system/queue/queue_reg[2][972]/CE	-0.162	7.449	4
native_system/digital/boundary_reg/C	native_system/digital/bank/active_calibration_reg[10][2]/CE	-0.162	7.449	1
native_system/digital/boundary_reg/C	native_system/digital/bank/active_requested_reg[10][2]/CE	-0.162	7.449	1
native_system/digital/boundary_reg/C	native_system/digital/bank/active_requested_reg[10][3]/CE	-0.162	7.449	1
native_system/queue/running_reg/C	native_system/queue/queue_reg[0][145]/CE	-0.162	7.449	4
native_system/queue/running_reg/C	native_system/queue/queue_reg[0][169]/CE	-0.162	7.449	4
native_system/queue/running_reg/C	native_system/queue/queue_reg[0][177]/CE	-0.162	7.449	4
native_system/queue/running_reg/C	native_system/queue/queue_reg[0][33]/CE	-0.162	7.449	4
native_system/queue/running_reg/C	native_system/queue/queue_reg[1][1536]/CE	-0.162	7.449	4
native_system/queue/running_reg/C	native_system/queue/queue_reg[1][1618]/CE	-0.162	7.449	4
native_system/queue/running_reg/C	native_system/queue/queue_reg[1][1746]/CE	-0.162	7.449	4
native_system/queue/running_reg/C	native_system/queue/queue_reg[1][1846]/CE	-0.162	7.449	4
native_system/queue/running_reg/C	native_system/queue/queue_reg[1][1848]/CE	-0.162	7.449	4
native_system/queue/running_reg/C	native_system/queue/queue_reg[1][2148]/CE	-0.162	7.449	4
native_system/queue/running_reg/C	native_system/queue/queue_reg[2][265]/CE	-0.162	7.485	4
native_system/queue/running_reg/C	native_system/queue/queue_reg[2][362]/CE	-0.162	7.485	4
native_system/queue/running_reg/C	native_system/queue/queue_reg[2][366]/CE	-0.162	7.485	4
native_system/queue/running_reg/C	native_system/queue/queue_reg[2][385]/CE	-0.162	7.485	4
native_system/queue/running_reg/C	native_system/queue/queue_reg[0][1570]/CE	-0.161	7.448	4
native_system/queue/running_reg/C	native_system/queue/queue_reg[0][1591]/CE	-0.161	7.448	4
native_system/queue/running_reg/C	native_system/queue/queue_reg[0][1813]/CE	-0.161	7.448	4
native_system/queue/running_reg/C	native_system/queue/queue_reg[0][1906]/CE	-0.161	7.448	4
native_system/queue/running_reg/C	native_system/queue/queue_reg[0][1945]/CE	-0.161	7.448	4
native_system/queue/running_reg/C	native_system/queue/queue_reg[0][564]/CE	-0.161	7.448	4
native_system/digital/cfg_reg[22][10]/C	native_system/digital/bank/shadow_calibration_reg[123][2]/D	-0.161	7.586	0
native_system/queue/rd_reg[0]_rep__6/C	native_system/queue/active_reg[1696]/D	-0.161	7.684	1
native_system/queue/running_reg/C	native_system/queue/queue_reg[2][1686]/CE	-0.161	7.448	4
native_system/queue/running_reg/C	native_system/queue/queue_reg[2][1702]/CE	-0.161	7.448	4
native_system/queue/running_reg/C	native_system/queue/queue_reg[2][1718]/CE	-0.161	7.448	4
native_system/queue/running_reg/C	native_system/queue/queue_reg[2][1722]/CE	-0.161	7.448	4
native_system/queue/running_reg/C	native_system/queue/queue_reg[2][2158]/CE	-0.161	7.448	4
native_system/queue/running_reg/C	native_system/queue/active_reg[1430]/CE	-0.160	7.447	3
native_system/queue/running_reg/C	native_system/queue/active_reg[1464]/CE	-0.160	7.447	3
native_system/queue/running_reg/C	native_system/queue/active_reg[1606]/CE	-0.160	7.447	3
native_system/queue/running_reg/C	native_system/queue/active_reg[1654]/CE	-0.160	7.447	3
native_system/queue/running_reg/C	native_system/queue/active_reg[1896]/CE	-0.160	7.447	3
native_system/queue/running_reg/C	native_system/queue/active_reg[629]/CE	-0.160	7.447	3
native_system/queue/running_reg/C	native_system/queue/active_reg[660]/CE	-0.160	7.447	3
native_system/queue/running_reg/C	native_system/queue/active_reg[809]/CE	-0.160	7.447	3
native_system/queue/running_reg/C	native_system/queue/active_reg[1087]/CE	-0.160	7.483	3
native_system/queue/running_reg/C	native_system/queue/queue_reg[1][1881]/CE	-0.160	7.447	4
native_system/queue/running_reg/C	native_system/queue/queue_reg[1][2109]/CE	-0.160	7.447	4
native_system/queue/running_reg/C	native_system/queue/queue_reg[1][986]/CE	-0.160	7.447	4
native_system/queue/running_reg/C	native_system/queue/queue_reg[1][991]/CE	-0.160	7.447	4
native_system/queue/rd_reg[1]_rep__3/C	native_system/queue/active_reg[345]/D	-0.160	7.683	1
native_system/queue/running_reg/C	native_system/queue/queue_reg[0][1099]/CE	-0.159	7.446	4
native_system/queue/running_reg/C	native_system/queue/queue_reg[0][1311]/CE	-0.159	7.446	4
native_system/queue/running_reg/C	native_system/queue/queue_reg[0][1321]/CE	-0.159	7.446	4
native_system/queue/running_reg/C	native_system/queue/queue_reg[0][1343]/CE	-0.159	7.446	4
native_system/queue/running_reg/C	native_system/queue/queue_reg[0][1365]/CE	-0.159	7.446	4
native_system/queue/running_reg/C	native_system/queue/queue_reg[0][1402]/CE	-0.159	7.446	4
native_system/queue/running_reg/C	native_system/queue/queue_reg[0][1407]/CE	-0.159	7.446	4
native_system/queue/running_reg/C	native_system/queue/queue_reg[0][1417]/CE	-0.159	7.446	4
native_system/queue/bus_wdata_reg[29]/C	native_system/digital/cfg_reg[9][0]/CE	-0.159	7.446	6
native_system/queue/bus_wdata_reg[29]/C	native_system/digital/cfg_reg[9][1]/CE	-0.159	7.446	6
native_system/queue/bus_wdata_reg[29]/C	native_system/digital/cfg_reg[9][3]/CE	-0.159	7.446	6
native_system/queue/bus_wdata_reg[29]/C	native_system/digital/cfg_reg[9][5]/CE	-0.159	7.446	6
native_system/queue/bus_wdata_reg[29]/C	native_system/digital/cfg_reg[9][6]/CE	-0.159	7.446	6
native_system/queue/bus_wdata_reg[29]/C	native_system/digital/cfg_reg[9][7]/CE	-0.159	7.446	6
native_system/queue/bus_wdata_reg[29]/C	native_system/digital/cfg_reg[9][8]/CE	-0.159	7.446	6
native_system/queue/running_reg/C	native_system/queue/queue_reg[3][165]/CE	-0.159	7.482	4
native_system/queue/running_reg/C	native_system/queue/queue_reg[3][189]/CE	-0.159	7.482	4
native_system/queue/running_reg/C	native_system/queue/queue_reg[3][41]/CE	-0.159	7.482	4
native_system/queue/running_reg/C	native_system/queue/queue_reg[3][52]/CE	-0.159	7.482	4
native_system/queue/running_reg/C	native_system/queue/active_reg[1546]/CE	-0.159	7.446	3
native_system/queue/running_reg/C	native_system/queue/active_reg[2120]/CE	-0.159	7.446	3
native_system/queue/running_reg/C	native_system/queue/queue_reg[0][1026]/CE	-0.158	7.445	4
native_system/queue/running_reg/C	native_system/queue/queue_reg[0][1110]/CE	-0.158	7.445	4
native_system/queue/running_reg/C	native_system/queue/queue_reg[0][1131]/CE	-0.158	7.445	4
native_system/queue/running_reg/C	native_system/queue/queue_reg[0][1791]/CE	-0.158	7.445	4
native_system/queue/running_reg/C	native_system/queue/queue_reg[0][441]/CE	-0.158	7.445	4
native_system/queue/running_reg/C	native_system/queue/queue_reg[0][536]/CE	-0.158	7.445	4
native_system/queue/running_reg/C	native_system/queue/queue_reg[0][841]/CE	-0.158	7.445	4
native_system/queue/running_reg/C	native_system/queue/queue_reg[0][903]/CE	-0.158	7.445	4
native_system/digital/cfg_reg[21][4]/C	native_system/digital/bank/shadow_mask_reg[104]/CE	-0.158	7.445	1
native_system/queue/running_reg/C	native_system/queue/queue_reg[0][253]/CE	-0.158	7.445	4
native_system/queue/running_reg/C	native_system/queue/queue_reg[0][268]/CE	-0.158	7.445	4
native_system/digital/cfg_reg[22][3]/C	native_system/digital/bank/shadow_requested_reg[57][3]/D	-0.157	7.591	0
native_system/queue/running_reg/C	native_system/queue/queue_reg[0][1804]/CE	-0.157	7.480	4
native_system/queue/running_reg/C	native_system/queue/queue_reg[0][2145]/CE	-0.157	7.480	4
native_system/queue/bus_wdata_reg[29]/C	native_system/digital/cfg_reg[21][19]/CE	-0.157	7.444	6
native_system/queue/bus_wdata_reg[29]/C	native_system/digital/cfg_reg[21][20]/CE	-0.157	7.444	6
native_system/queue/bus_wdata_reg[29]/C	native_system/digital/cfg_reg[21][23]/CE	-0.157	7.444	6
native_system/queue/bus_wdata_reg[29]/C	native_system/digital/cfg_reg[21][5]/CE	-0.157	7.444	6
native_system/queue/bus_wdata_reg[29]/C	native_system/digital/cfg_reg[21][6]/CE	-0.157	7.444	6
native_system/queue/running_reg/C	native_system/queue/queue_reg[1][143]/CE	-0.157	7.444	4
native_system/queue/running_reg/C	native_system/queue/queue_reg[1][1679]/CE	-0.157	7.444	4
native_system/queue/running_reg/C	native_system/queue/queue_reg[1][1860]/CE	-0.157	7.444	4
native_system/queue/running_reg/C	native_system/queue/queue_reg[1][1901]/CE	-0.157	7.444	4
native_system/queue/running_reg/C	native_system/queue/queue_reg[1][224]/CE	-0.157	7.444	4
native_system/queue/running_reg/C	native_system/queue/queue_reg[1][774]/CE	-0.157	7.444	4
native_system/queue/running_reg/C	native_system/queue/queue_reg[1][871]/CE	-0.157	7.444	4
native_system/queue/running_reg/C	native_system/queue/queue_reg[1][928]/CE	-0.157	7.444	4
native_system/queue/running_reg/C	native_system/queue/queue_reg[3][1057]/CE	-0.156	7.443	4
native_system/queue/running_reg/C	native_system/queue/queue_reg[3][1080]/CE	-0.156	7.443	4
native_system/queue/running_reg/C	native_system/queue/queue_reg[3][1134]/CE	-0.156	7.443	4
native_system/queue/running_reg/C	native_system/queue/queue_reg[3][1138]/CE	-0.156	7.443	4
native_system/queue/running_reg/C	native_system/queue/queue_reg[3][1265]/CE	-0.156	7.443	4
native_system/queue/running_reg/C	native_system/queue/queue_reg[3][1282]/CE	-0.156	7.443	4
native_system/queue/running_reg/C	native_system/queue/queue_reg[3][1499]/CE	-0.156	7.443	4
native_system/queue/running_reg/C	native_system/queue/queue_reg[3][1507]/CE	-0.156	7.443	4
native_system/digital/cfg_reg[21][1]/C	native_system/digital/bank/shadow_requested_reg[123][1]/CE	-0.156	7.235	1
native_system/queue/rd_reg[0]_rep__14/C	native_system/queue/active_reg[597]/D	-0.156	7.727	1
native_system/queue/running_reg/C	native_system/queue/queue_reg[3][1502]/CE	-0.156	7.443	4
native_system/queue/running_reg/C	native_system/queue/queue_reg[3][1538]/CE	-0.156	7.443	4
native_system/queue/running_reg/C	native_system/queue/queue_reg[3][1623]/CE	-0.156	7.443	4
native_system/queue/running_reg/C	native_system/queue/queue_reg[3][1644]/CE	-0.156	7.443	4
native_system/queue/running_reg/C	native_system/queue/queue_reg[3][1992]/CE	-0.156	7.443	4
native_system/queue/running_reg/C	native_system/queue/queue_reg[3][2000]/CE	-0.156	7.443	4
native_system/queue/running_reg/C	native_system/queue/queue_reg[3][2006]/CE	-0.156	7.443	4
native_system/queue/running_reg/C	native_system/queue/queue_reg[3][665]/CE	-0.156	7.443	4
native_system/queue/running_reg/C	native_system/queue/active_reg[1037]/CE	-0.155	7.478	3
native_system/queue/running_reg/C	native_system/queue/active_reg[1219]/CE	-0.155	7.478	3
native_system/queue/running_reg/C	native_system/queue/active_reg[2122]/CE	-0.155	7.478	3
native_system/queue/running_reg/C	native_system/queue/active_reg[551]/CE	-0.155	7.478	3
native_system/digital/boundary_reg/C	native_system/digital/bank/active_requested_reg[15][3]/CE	-0.154	7.477	1
native_system/digital/boundary_reg/C	native_system/digital/bank/active_requested_reg[15][4]/CE	-0.154	7.477	1
native_system/digital/boundary_reg/C	native_system/digital/bank/active_requested_reg[15][5]/CE	-0.154	7.477	1
native_system/digital/boundary_reg/C	native_system/digital/bank/active_requested_reg[15][7]/CE	-0.154	7.477	1
native_system/queue/running_reg/C	native_system/queue/queue_reg[0][129]/CE	-0.153	7.440	4
native_system/queue/running_reg/C	native_system/queue/queue_reg[0][257]/CE	-0.153	7.440	4
native_system/queue/running_reg/C	native_system/queue/queue_reg[0][282]/CE	-0.153	7.440	4
native_system/queue/running_reg/C	native_system/queue/queue_reg[0][309]/CE	-0.153	7.440	4
native_system/queue/running_reg/C	native_system/queue/queue_reg[0][348]/CE	-0.153	7.440	4
native_system/queue/running_reg/C	native_system/queue/queue_reg[0][364]/CE	-0.153	7.440	4
native_system/digital/master_phase_reg[7]/C	native_system/digital/serial/serial_data_reg[28]/CE	-0.153	7.440	3
native_system/queue/running_reg/C	native_system/queue/queue_reg[2][1645]/CE	-0.153	7.440	4
native_system/queue/running_reg/C	native_system/queue/queue_reg[2][1829]/CE	-0.153	7.440	4
native_system/queue/running_reg/C	native_system/queue/queue_reg[2][1858]/CE	-0.153	7.440	4
native_system/queue/running_reg/C	native_system/queue/queue_reg[2][1948]/CE	-0.153	7.440	4
native_system/queue/running_reg/C	native_system/queue/queue_reg[2][226]/CE	-0.153	7.440	4
native_system/queue/running_reg/C	native_system/queue/queue_reg[2][79]/CE	-0.153	7.440	4
native_system/queue/running_reg/C	native_system/queue/queue_reg[2][850]/CE	-0.153	7.440	4
native_system/queue/running_reg/C	native_system/queue/queue_reg[1][375]/CE	-0.153	7.440	4
native_system/queue/running_reg/C	native_system/queue/queue_reg[1][422]/CE	-0.153	7.440	4
native_system/queue/running_reg/C	native_system/queue/queue_reg[1][517]/CE	-0.153	7.440	4
native_system/digital/reset_sync_reg[1]/C	native_system/digital/bank/active_requested_reg[4][1]/CLR	-0.152	7.283	1
native_system/digital/reset_sync_reg[1]/C	native_system/digital/bank/active_requested_reg[4][6]/CLR	-0.152	7.283	1
native_system/digital/reset_sync_reg[1]/C	native_system/digital/bank/active_requested_reg[4][7]/CLR	-0.152	7.283	1
native_system/digital/master_phase_reg[1]/C	native_system/digital/serial/captured_reg[27]/D	-0.152	7.597	4
native_system/digital/reset_sync_reg[1]/C	native_system/digital/bank/shadow_calibration_reg[3][4]/CLR	-0.152	7.325	1
native_system/digital/reset_sync_reg[1]/C	native_system/digital/bank/shadow_requested_reg[3][0]/CLR	-0.152	7.325	1
native_system/queue/running_reg/C	native_system/queue/queue_reg[1][444]/CE	-0.152	7.439	4
native_system/queue/running_reg/C	native_system/queue/queue_reg[1][1763]/CE	-0.150	7.473	4
native_system/queue/running_reg/C	native_system/queue/queue_reg[1][2104]/CE	-0.150	7.473	4
native_system/queue/running_reg/C	native_system/queue/queue_reg[1][935]/CE	-0.150	7.473	4
native_system/queue/running_reg/C	native_system/queue/queue_reg[0][165]/CE	-0.150	7.437	4
native_system/queue/running_reg/C	native_system/queue/queue_reg[0][189]/CE	-0.150	7.437	4
native_system/queue/running_reg/C	native_system/queue/queue_reg[0][41]/CE	-0.150	7.437	4
native_system/queue/running_reg/C	native_system/queue/queue_reg[0][52]/CE	-0.150	7.437	4
native_system/queue/bus_wdata_reg[29]/C	native_system/digital/cfg_reg[9][11]/CE	-0.150	7.473	6
native_system/digital/master_phase_reg[7]/C	native_system/digital/serial/captured_reg[34]/CE	-0.149	7.436	2
native_system/digital/master_phase_reg[7]/C	native_system/digital/serial/captured_reg[36]/CE	-0.149	7.436	2
native_system/digital/master_phase_reg[7]/C	native_system/digital/serial/captured_reg[39]/CE	-0.149	7.436	2
native_system/queue/running_reg/C	native_system/queue/queue_reg[1][277]/CE	-0.148	7.435	4
native_system/queue/running_reg/C	native_system/queue/queue_reg[1][321]/CE	-0.148	7.435	4
native_system/queue/running_reg/C	native_system/queue/queue_reg[1][333]/CE	-0.148	7.435	4
native_system/queue/running_reg/C	native_system/queue/queue_reg[1][337]/CE	-0.148	7.435	4
native_system/queue/running_reg/C	native_system/queue/queue_reg[1][341]/CE	-0.148	7.435	4
native_system/queue/running_reg/C	native_system/queue/queue_reg[1][405]/CE	-0.148	7.435	4
native_system/queue/running_reg/C	native_system/queue/queue_reg[1][469]/CE	-0.148	7.435	4
native_system/queue/running_reg/C	native_system/queue/queue_reg[1][492]/CE	-0.148	7.435	4
native_system/digital/cfg_reg[22][2]/C	native_system/digital/bank/shadow_requested_reg[100][2]/D	-0.148	7.559	0
native_system/digital/cfg_reg[21][4]/C	native_system/digital/bank/shadow_calibration_reg[88][1]/CE	-0.148	7.471	1
native_system/digital/cfg_reg[21][4]/C	native_system/digital/bank/shadow_calibration_reg[88][7]/CE	-0.148	7.471	1
native_system/digital/cfg_reg[21][4]/C	native_system/digital/bank/shadow_requested_reg[88][0]/CE	-0.148	7.471	1
native_system/digital/cfg_reg[21][4]/C	native_system/digital/bank/shadow_requested_reg[88][6]/CE	-0.148	7.471	1
native_system/queue/bus_wdata_reg[29]/C	native_system/digital/cfg_reg[11][9]/CE	-0.147	7.470	6
native_system/queue/running_reg/C	native_system/queue/queue_reg[3][1679]/CE	-0.147	7.470	4
native_system/queue/running_reg/C	native_system/queue/queue_reg[3][1860]/CE	-0.147	7.470	4
native_system/queue/running_reg/C	native_system/queue/queue_reg[3][1871]/CE	-0.147	7.470	4
native_system/queue/running_reg/C	native_system/queue/queue_reg[3][1901]/CE	-0.147	7.470	4
native_system/queue/running_reg/C	native_system/queue/queue_reg[3][2106]/CE	-0.147	7.470	4
native_system/queue/running_reg/C	native_system/queue/queue_reg[3][774]/CE	-0.147	7.470	4
native_system/queue/running_reg/C	native_system/queue/queue_reg[3][928]/CE	-0.147	7.470	4
native_system/queue/running_reg/C	native_system/queue/queue_reg[1][1020]/CE	-0.147	7.434	4
native_system/queue/running_reg/C	native_system/queue/queue_reg[1][1871]/CE	-0.147	7.434	4
native_system/queue/running_reg/C	native_system/queue/queue_reg[1][2079]/CE	-0.147	7.434	4
native_system/queue/running_reg/C	native_system/queue/queue_reg[1][2166]/CE	-0.147	7.434	4
native_system/queue/running_reg/C	native_system/queue/queue_reg[1][2175]/CE	-0.147	7.434	4
native_system/queue/running_reg/C	native_system/queue/queue_reg[1][678]/CE	-0.147	7.434	4
native_system/queue/running_reg/C	native_system/queue/queue_reg[1][80]/CE	-0.147	7.434	4
native_system/queue/running_reg/C	native_system/queue/queue_reg[1][934]/CE	-0.147	7.434	4
native_system/queue/running_reg/C	native_system/queue/queue_reg[3][1366]/CE	-0.147	7.434	4
native_system/queue/running_reg/C	native_system/queue/queue_reg[3][1565]/CE	-0.147	7.434	4
native_system/queue/running_reg/C	native_system/queue/queue_reg[3][1678]/CE	-0.147	7.434	4
native_system/queue/running_reg/C	native_system/queue/queue_reg[3][1693]/CE	-0.147	7.434	4
native_system/queue/running_reg/C	native_system/queue/queue_reg[3][1759]/CE	-0.147	7.434	4
native_system/queue/running_reg/C	native_system/queue/queue_reg[3][1774]/CE	-0.147	7.434	4
native_system/queue/running_reg/C	native_system/queue/queue_reg[3][1798]/CE	-0.147	7.434	4
native_system/queue/running_reg/C	native_system/queue/queue_reg[3][913]/CE	-0.147	7.434	4
native_system/queue/bus_wdata_reg[29]/C	native_system/digital/cfg_reg[11][4]/CE	-0.147	7.470	6
native_system/queue/running_reg/C	native_system/queue/queue_reg[3][1091]/CE	-0.147	7.434	4
native_system/queue/running_reg/C	native_system/queue/queue_reg[3][1338]/CE	-0.147	7.434	4
native_system/queue/running_reg/C	native_system/queue/queue_reg[3][1460]/CE	-0.147	7.434	4
native_system/queue/running_reg/C	native_system/queue/queue_reg[3][1481]/CE	-0.147	7.434	4
native_system/queue/bus_wdata_reg[0]/C	native_system/digital/cfg_reg[8][22]/CE	-0.147	7.434	5
native_system/queue/running_reg/C	native_system/queue/queue_reg[0][1667]/CE	-0.146	7.469	4
native_system/queue/running_reg/C	native_system/queue/queue_reg[0][1979]/CE	-0.146	7.469	4
native_system/queue/running_reg/C	native_system/queue/queue_reg[0][2017]/CE	-0.146	7.469	4
native_system/queue/running_reg/C	native_system/queue/queue_reg[0][2019]/CE	-0.146	7.469	4
native_system/queue/running_reg/C	native_system/queue/queue_reg[0][2029]/CE	-0.146	7.469	4
native_system/queue/running_reg/C	native_system/queue/queue_reg[0][855]/CE	-0.146	7.469	4
native_system/queue/running_reg/C	native_system/queue/queue_reg[0][947]/CE	-0.146	7.469	4
native_system/queue/rd_reg[1]_rep__7/C	native_system/queue/active_reg[824]/D	-0.146	7.717	1
native_system/digital/cfg_reg[22][10]/C	native_system/digital/bank/shadow_calibration_reg[40][2]/D	-0.146	7.557	0
native_system/queue/running_reg/C	native_system/queue/queue_reg[1][1716]/CE	-0.145	7.432	4
native_system/queue/running_reg/C	native_system/queue/queue_reg[1][821]/CE	-0.145	7.432	4
native_system/queue/running_reg/C	native_system/queue/queue_reg[1][975]/CE	-0.145	7.432	4
native_system/queue/bus_wdata_reg[29]/C	native_system/digital/cfg_reg[3][26]/CE	-0.145	7.468	6
native_system/queue/running_reg/C	native_system/queue/queue_reg[0][808]/CE	-0.145	7.432	4
native_system/queue/running_reg/C	native_system/queue/queue_reg[0][1721]/CE	-0.144	7.431	4
native_system/queue/running_reg/C	native_system/queue/queue_reg[0][1833]/CE	-0.144	7.431	4
native_system/queue/running_reg/C	native_system/queue/queue_reg[0][1837]/CE	-0.144	7.431	4
native_system/queue/running_reg/C	native_system/queue/queue_reg[0][2021]/CE	-0.144	7.431	4
native_system/queue/running_reg/C	native_system/queue/queue_reg[0][798]/CE	-0.144	7.431	4
native_system/queue/running_reg/C	native_system/queue/queue_reg[0][858]/CE	-0.144	7.431	4
native_system/queue/running_reg/C	native_system/queue/queue_reg[0][91]/CE	-0.144	7.431	4
native_system/queue/running_reg/C	native_system/queue/active_reg[1004]/CE	-0.144	7.467	3
native_system/queue/running_reg/C	native_system/queue/queue_reg[1][1073]/CE	-0.144	7.467	4
native_system/queue/running_reg/C	native_system/queue/queue_reg[1][1121]/CE	-0.144	7.467	4
native_system/queue/running_reg/C	native_system/queue/queue_reg[1][1139]/CE	-0.144	7.467	4
native_system/queue/running_reg/C	native_system/queue/queue_reg[1][1156]/CE	-0.144	7.467	4
native_system/queue/running_reg/C	native_system/queue/queue_reg[1][1203]/CE	-0.144	7.467	4
native_system/queue/running_reg/C	native_system/queue/queue_reg[1][1307]/CE	-0.144	7.467	4
native_system/queue/running_reg/C	native_system/queue/queue_reg[1][1477]/CE	-0.144	7.467	4
native_system/queue/running_reg/C	native_system/queue/queue_reg[1][1523]/CE	-0.144	7.467	4
native_system/queue/bus_wdata_reg[29]/C	native_system/digital/cfg_reg[11][2]/CE	-0.144	7.467	6
native_system/queue/bus_wdata_reg[29]/C	native_system/digital/cfg_reg[11][6]/CE	-0.144	7.467	6
native_system/queue/bus_wdata_reg[29]/C	native_system/digital/cfg_reg[11][7]/CE	-0.144	7.467	6
native_system/queue/running_reg/C	native_system/queue/queue_reg[0][1935]/CE	-0.144	7.431	4
native_system/queue/running_reg/C	native_system/queue/queue_reg[0][814]/CE	-0.144	7.431	4
native_system/queue/running_reg/C	native_system/queue/queue_reg[0][878]/CE	-0.144	7.431	4
native_system/queue/running_reg/C	native_system/queue/queue_reg[0][946]/CE	-0.144	7.431	4
native_system/queue/running_reg/C	native_system/queue/queue_reg[0][983]/CE	-0.144	7.431	4
native_system/queue/running_reg/C	native_system/queue/queue_reg[0][994]/CE	-0.144	7.431	4
native_system/queue/running_reg/C	native_system/queue/queue_reg[3][1065]/CE	-0.143	7.430	4
native_system/queue/running_reg/C	native_system/queue/queue_reg[3][1113]/CE	-0.143	7.430	4
native_system/queue/running_reg/C	native_system/queue/queue_reg[3][1156]/CE	-0.143	7.430	4
native_system/queue/running_reg/C	native_system/queue/queue_reg[3][1249]/CE	-0.143	7.430	4
native_system/queue/running_reg/C	native_system/queue/queue_reg[3][1359]/CE	-0.143	7.430	4
native_system/queue/running_reg/C	native_system/queue/queue_reg[3][1447]/CE	-0.143	7.430	4
native_system/queue/running_reg/C	native_system/queue/queue_reg[3][1514]/CE	-0.143	7.430	4
native_system/queue/running_reg/C	native_system/queue/queue_reg[3][1549]/CE	-0.143	7.430	4
native_system/digital/map_commit_reg/C	native_system/digital/bank/shadow_calibration_reg[34][5]/CE	-0.143	7.430	2
native_system/queue/running_reg/C	native_system/queue/active_reg[1167]/CE	-0.143	7.466	3
native_system/queue/running_reg/C	native_system/queue/active_reg[1750]/CE	-0.143	7.466	3
native_system/queue/running_reg/C	native_system/queue/active_reg[723]/CE	-0.143	7.466	3
native_system/queue/running_reg/C	native_system/queue/queue_reg[3][1051]/CE	-0.143	7.466	4
native_system/queue/running_reg/C	native_system/queue/queue_reg[3][1077]/CE	-0.143	7.466	4
native_system/queue/running_reg/C	native_system/queue/queue_reg[3][1121]/CE	-0.143	7.466	4
native_system/queue/running_reg/C	native_system/queue/queue_reg[3][1139]/CE	-0.143	7.466	4
native_system/queue/running_reg/C	native_system/queue/queue_reg[3][1307]/CE	-0.143	7.466	4
native_system/queue/running_reg/C	native_system/queue/queue_reg[3][1467]/CE	-0.143	7.466	4
native_system/queue/running_reg/C	native_system/queue/queue_reg[3][1477]/CE	-0.143	7.466	4
native_system/queue/running_reg/C	native_system/queue/queue_reg[3][1523]/CE	-0.143	7.466	4
native_system/queue/running_reg/C	native_system/queue/queue_reg[0][298]/CE	-0.141	7.464	4
native_system/queue/running_reg/C	native_system/queue/queue_reg[0][382]/CE	-0.141	7.464	4
native_system/queue/running_reg/C	native_system/queue/queue_reg[0][61]/CE	-0.141	7.464	4
native_system/queue/running_reg/C	native_system/queue/queue_reg[0][125]/CE	-0.141	7.464	4
native_system/queue/running_reg/C	native_system/queue/queue_reg[0][16]/CE	-0.141	7.464	4
native_system/queue/running_reg/C	native_system/queue/queue_reg[0][295]/CE	-0.141	7.464	4
native_system/queue/running_reg/C	native_system/queue/queue_reg[0][44]/CE	-0.141	7.464	4
native_system/digital/master_phase_reg[7]/C	native_system/digital/serial/serial_data_reg[25]/CE	-0.141	7.428	3
native_system/digital/master_phase_reg[7]/C	native_system/digital/serial/serial_data_reg[9]/CE	-0.141	7.428	3
native_system/digital/reset_sync_reg[1]/C	native_system/digital/adc/spi/index_reg[0]/CLR	-0.141	7.314	1
native_system/digital/reset_sync_reg[1]/C	native_system/digital/adc/spi/index_reg[1]/CLR	-0.141	7.314	1
native_system/digital/reset_sync_reg[1]/C	native_system/digital/adc/spi/index_reg[4]/CLR	-0.141	7.314	1
native_system/queue/running_reg/C	native_system/queue/queue_reg[1][1115]/CE	-0.141	7.428	4
native_system/queue/running_reg/C	native_system/queue/queue_reg[1][1172]/CE	-0.141	7.428	4
native_system/queue/running_reg/C	native_system/queue/queue_reg[1][1289]/CE	-0.141	7.428	4
native_system/queue/running_reg/C	native_system/queue/queue_reg[1][1299]/CE	-0.141	7.428	4
native_system/queue/running_reg/C	native_system/queue/queue_reg[1][1439]/CE	-0.141	7.428	4
native_system/queue/running_reg/C	native_system/queue/queue_reg[1][1449]/CE	-0.141	7.428	4
native_system/queue/running_reg/C	native_system/queue/queue_reg[1][1466]/CE	-0.141	7.428	4
native_system/queue/running_reg/C	native_system/queue/queue_reg[1][1510]/CE	-0.141	7.428	4
native_system/queue/running_reg/C	native_system/queue/queue_reg[1][1505]/CE	-0.140	7.427	4
native_system/queue/running_reg/C	native_system/queue/queue_reg[1][1513]/CE	-0.140	7.427	4
native_system/queue/running_reg/C	native_system/queue/queue_reg[1][304]/CE	-0.140	7.427	4
native_system/queue/running_reg/C	native_system/queue/queue_reg[1][589]/CE	-0.140	7.427	4
native_system/queue/running_reg/C	native_system/queue/queue_reg[1][739]/CE	-0.140	7.427	4
native_system/queue/running_reg/C	native_system/queue/queue_reg[1][775]/CE	-0.140	7.427	4
native_system/queue/running_reg/C	native_system/queue/queue_reg[0][1341]/CE	-0.140	7.427	4
native_system/queue/running_reg/C	native_system/queue/queue_reg[0][1505]/CE	-0.140	7.427	4
native_system/queue/running_reg/C	native_system/queue/queue_reg[0][1513]/CE	-0.140	7.427	4
native_system/queue/running_reg/C	native_system/queue/queue_reg[0][589]/CE	-0.140	7.427	4
native_system/queue/running_reg/C	native_system/queue/queue_reg[0][645]/CE	-0.140	7.427	4
native_system/queue/running_reg/C	native_system/queue/queue_reg[0][775]/CE	-0.140	7.427	4
native_system/queue/running_reg/C	native_system/queue/queue_reg[0][832]/CE	-0.140	7.427	4
native_system/digital/boundary_reg/C	native_system/digital/bank/active_calibration_reg[75][1]/CE	-0.140	7.463	1
native_system/digital/boundary_reg/C	native_system/digital/bank/active_calibration_reg[75][2]/CE	-0.140	7.463	1
native_system/digital/boundary_reg/C	native_system/digital/bank/active_calibration_reg[75][3]/CE	-0.140	7.463	1
native_system/digital/boundary_reg/C	native_system/digital/bank/active_calibration_reg[75][7]/CE	-0.140	7.463	1
native_system/digital/boundary_reg/C	native_system/digital/bank/active_requested_reg[75][1]/CE	-0.140	7.463	1
native_system/digital/boundary_reg/C	native_system/digital/bank/active_requested_reg[75][3]/CE	-0.140	7.463	1
native_system/digital/boundary_reg/C	native_system/digital/bank/active_requested_reg[75][5]/CE	-0.140	7.463	1
native_system/queue/running_reg/C	native_system/queue/queue_reg[1][1581]/CE	-0.139	7.426	4
native_system/queue/running_reg/C	native_system/queue/queue_reg[1][1691]/CE	-0.139	7.426	4
native_system/queue/running_reg/C	native_system/queue/queue_reg[1][1893]/CE	-0.139	7.426	4
native_system/queue/running_reg/C	native_system/queue/queue_reg[1][1897]/CE	-0.139	7.426	4
native_system/queue/running_reg/C	native_system/queue/queue_reg[1][800]/CE	-0.139	7.426	4
native_system/queue/running_reg/C	native_system/queue/queue_reg[1][827]/CE	-0.139	7.426	4
native_system/queue/running_reg/C	native_system/queue/queue_reg[3][1962]/CE	-0.139	7.426	4
native_system/queue/running_reg/C	native_system/queue/queue_reg[3][2005]/CE	-0.139	7.426	4
native_system/queue/running_reg/C	native_system/queue/queue_reg[3][787]/CE	-0.139	7.426	4
native_system/queue/running_reg/C	native_system/queue/queue_reg[3][802]/CE	-0.139	7.426	4
native_system/queue/running_reg/C	native_system/queue/queue_reg[3][915]/CE	-0.139	7.426	4
native_system/queue/running_reg/C	native_system/queue/queue_reg[3][931]/CE	-0.139	7.426	4
native_system/digital/cfg_reg[21][4]/C	native_system/digital/bank/shadow_calibration_reg[69][6]/CE	-0.137	7.424	1
native_system/digital/boundary_reg/C	native_system/digital/bank/active_calibration_reg[42][3]/CE	-0.136	7.423	1
native_system/digital/boundary_reg/C	native_system/digital/bank/active_requested_reg[42][0]/CE	-0.136	7.423	1
native_system/digital/boundary_reg/C	native_system/digital/bank/active_requested_reg[42][2]/CE	-0.136	7.423	1
native_system/queue/running_reg/C	native_system/queue/queue_reg[3][1132]/CE	-0.136	7.423	4
native_system/queue/running_reg/C	native_system/queue/queue_reg[3][1270]/CE	-0.136	7.423	4
native_system/queue/running_reg/C	native_system/queue/queue_reg[3][1314]/CE	-0.136	7.423	4
native_system/queue/running_reg/C	native_system/queue/queue_reg[3][1339]/CE	-0.136	7.423	4
native_system/queue/running_reg/C	native_system/queue/queue_reg[3][1355]/CE	-0.136	7.423	4
native_system/queue/running_reg/C	native_system/queue/queue_reg[3][1388]/CE	-0.136	7.423	4
native_system/queue/running_reg/C	native_system/queue/queue_reg[3][1415]/CE	-0.136	7.423	4
native_system/queue/running_reg/C	native_system/queue/queue_reg[3][1495]/CE	-0.136	7.423	4
native_system/queue/running_reg/C	native_system/queue/queue_reg[0][1536]/CE	-0.136	7.423	4
native_system/queue/running_reg/C	native_system/queue/queue_reg[0][1600]/CE	-0.136	7.423	4
native_system/queue/running_reg/C	native_system/queue/queue_reg[0][1602]/CE	-0.136	7.423	4
native_system/queue/running_reg/C	native_system/queue/queue_reg[0][1666]/CE	-0.136	7.423	4
native_system/queue/running_reg/C	native_system/queue/queue_reg[0][1730]/CE	-0.136	7.423	4
native_system/queue/running_reg/C	native_system/queue/queue_reg[0][1746]/CE	-0.136	7.423	4
native_system/queue/running_reg/C	native_system/queue/queue_reg[0][1846]/CE	-0.136	7.423	4
native_system/digital/scheduler/period_count_reg[31]/C	native_system/digital/scheduler/period_count_reg[29]/D	-0.135	7.702	12
native_system/queue/running_reg/C	native_system/queue/active_reg[1114]/CE	-0.135	7.422	3
native_system/queue/running_reg/C	native_system/queue/active_reg[1161]/CE	-0.135	7.422	3
native_system/queue/running_reg/C	native_system/queue/active_reg[1379]/CE	-0.135	7.422	3
native_system/queue/running_reg/C	native_system/queue/active_reg[1712]/CE	-0.135	7.422	3
native_system/digital/cfg_reg[21][4]/C	native_system/digital/bank/written_reg[104]/D	-0.134	7.703	2
native_system/queue/running_reg/C	native_system/queue/queue_reg[3][1218]/CE	-0.134	7.421	4
native_system/queue/running_reg/C	native_system/queue/queue_reg[3][1220]/CE	-0.134	7.421	4
native_system/queue/running_reg/C	native_system/queue/queue_reg[3][1273]/CE	-0.134	7.421	4
native_system/queue/running_reg/C	native_system/queue/queue_reg[3][1375]/CE	-0.134	7.421	4
native_system/queue/running_reg/C	native_system/queue/queue_reg[3][1382]/CE	-0.134	7.421	4
native_system/queue/running_reg/C	native_system/queue/queue_reg[3][1399]/CE	-0.134	7.421	4
native_system/queue/running_reg/C	native_system/queue/queue_reg[3][1479]/CE	-0.134	7.421	4
native_system/queue/running_reg/C	native_system/queue/queue_reg[3][1516]/CE	-0.134	7.421	4
native_system/digital/master_phase_reg[7]/C	native_system/digital/serial/serial_data_reg[19]/CE	-0.134	7.457	3
native_system/digital/master_phase_reg[7]/C	native_system/digital/serial/serial_data_reg[3]/CE	-0.134	7.457	3
native_system/queue/running_reg/C	native_system/queue/queue_reg[0][581]/CE	-0.134	7.421	4
native_system/queue/running_reg/C	native_system/queue/queue_reg[0][643]/CE	-0.134	7.421	4
native_system/queue/running_reg/C	native_system/queue/queue_reg[0][653]/CE	-0.134	7.421	4
native_system/queue/running_reg/C	native_system/queue/queue_reg[0][707]/CE	-0.134	7.421	4
native_system/queue/running_reg/C	native_system/queue/queue_reg[0][713]/CE	-0.134	7.421	4
native_system/queue/running_reg/C	native_system/queue/queue_reg[0][783]/CE	-0.134	7.421	4
native_system/queue/running_reg/C	native_system/queue/queue_reg[0][839]/CE	-0.134	7.421	4
native_system/queue/running_reg/C	native_system/queue/queue_reg[0][924]/CE	-0.134	7.421	4
native_system/queue/running_reg/C	native_system/queue/queue_reg[0][1972]/CE	-0.134	7.457	4
native_system/digital/bank/command_error_reg/C	native_system/digital/serial/captured_reg[51]/D	-0.133	7.563	4
native_system/queue/running_reg/C	native_system/queue/queue_reg[1][2106]/CE	-0.133	7.420	4
native_system/queue/running_reg/C	native_system/queue/queue_reg[1][2139]/CE	-0.133	7.420	4
native_system/queue/running_reg/C	native_system/queue/queue_reg[1][811]/CE	-0.133	7.420	4
native_system/queue/running_reg/C	native_system/queue/queue_reg[1][838]/CE	-0.133	7.420	4
native_system/queue/running_reg/C	native_system/queue/queue_reg[1][888]/CE	-0.133	7.420	4
native_system/queue/running_reg/C	native_system/queue/queue_reg[2][1048]/CE	-0.132	7.455	4
native_system/queue/running_reg/C	native_system/queue/queue_reg[2][1144]/CE	-0.132	7.455	4
native_system/queue/running_reg/C	native_system/queue/queue_reg[2][1193]/CE	-0.132	7.455	4
native_system/queue/running_reg/C	native_system/queue/queue_reg[2][1329]/CE	-0.132	7.455	4
native_system/queue/running_reg/C	native_system/queue/queue_reg[2][424]/CE	-0.132	7.455	4
native_system/queue/running_reg/C	native_system/queue/queue_reg[2][473]/CE	-0.132	7.455	4
native_system/queue/running_reg/C	native_system/queue/queue_reg[2][605]/CE	-0.132	7.455	4
native_system/queue/running_reg/C	native_system/queue/queue_reg[2][846]/CE	-0.132	7.455	4
native_system/digital/cfg_reg[22][5]/C	native_system/digital/bank/shadow_requested_reg[99][5]/D	-0.131	7.589	0
native_system/queue/running_reg/C	native_system/queue/queue_reg[1][1077]/CE	-0.130	7.417	4
native_system/queue/running_reg/C	native_system/queue/queue_reg[1][1103]/CE	-0.130	7.417	4
native_system/queue/running_reg/C	native_system/queue/queue_reg[1][1185]/CE	-0.130	7.417	4
native_system/queue/running_reg/C	native_system/queue/queue_reg[1][1204]/CE	-0.130	7.417	4
native_system/queue/running_reg/C	native_system/queue/queue_reg[1][1268]/CE	-0.130	7.417	4
native_system/queue/running_reg/C	native_system/queue/queue_reg[1][1371]/CE	-0.130	7.417	4
native_system/queue/running_reg/C	native_system/queue/queue_reg[1][1403]/CE	-0.130	7.417	4
native_system/queue/running_reg/C	native_system/queue/queue_reg[1][1459]/CE	-0.130	7.417	4
native_system/queue/running_reg/C	native_system/queue/queue_reg[3][173]/CE	-0.130	7.417	4
native_system/queue/running_reg/C	native_system/queue/queue_reg[3][25]/CE	-0.130	7.417	4
native_system/queue/running_reg/C	native_system/queue/queue_reg[3][275]/CE	-0.130	7.417	4
native_system/queue/running_reg/C	native_system/queue/queue_reg[3][337]/CE	-0.130	7.417	4
native_system/queue/running_reg/C	native_system/queue/queue_reg[3][401]/CE	-0.130	7.417	4
native_system/queue/running_reg/C	native_system/queue/queue_reg[3][405]/CE	-0.130	7.417	4
native_system/queue/running_reg/C	native_system/queue/queue_reg[3][482]/CE	-0.130	7.417	4
native_system/queue/running_reg/C	native_system/queue/queue_reg[3][492]/CE	-0.130	7.417	4
native_system/queue/running_reg/C	native_system/queue/queue_reg[3][1029]/CE	-0.130	7.417	4
native_system/queue/running_reg/C	native_system/queue/queue_reg[3][1188]/CE	-0.130	7.417	4
native_system/queue/running_reg/C	native_system/queue/queue_reg[3][1226]/CE	-0.130	7.417	4
native_system/queue/running_reg/C	native_system/queue/queue_reg[3][1293]/CE	-0.130	7.417	4
native_system/queue/running_reg/C	native_system/queue/queue_reg[3][1346]/CE	-0.130	7.417	4
native_system/queue/running_reg/C	native_system/queue/queue_reg[3][1442]/CE	-0.130	7.417	4
native_system/queue/running_reg/C	native_system/queue/queue_reg[3][1501]/CE	-0.130	7.417	4
native_system/queue/running_reg/C	native_system/queue/queue_reg[3][1784]/CE	-0.130	7.417	4
native_system/queue/running_reg/C	native_system/queue/queue_reg[1][1119]/CE	-0.130	7.453	4
native_system/queue/running_reg/C	native_system/queue/queue_reg[1][1599]/CE	-0.130	7.453	4
native_system/queue/running_reg/C	native_system/queue/queue_reg[1][1632]/CE	-0.130	7.453	4
native_system/queue/running_reg/C	native_system/queue/queue_reg[1][1752]/CE	-0.130	7.453	4
native_system/queue/running_reg/C	native_system/queue/queue_reg[1][1912]/CE	-0.130	7.453	4
native_system/queue/running_reg/C	native_system/queue/queue_reg[1][1918]/CE	-0.130	7.453	4
native_system/queue/running_reg/C	native_system/queue/queue_reg[1][1926]/CE	-0.130	7.453	4
native_system/queue/running_reg/C	native_system/queue/queue_reg[1][2041]/CE	-0.130	7.453	4
native_system/queue/running_reg/C	native_system/queue/queue_reg[3][1046]/CE	-0.129	7.416	4
native_system/queue/running_reg/C	native_system/queue/queue_reg[3][1056]/CE	-0.129	7.416	4
native_system/queue/running_reg/C	native_system/queue/queue_reg[3][1060]/CE	-0.129	7.416	4
native_system/queue/running_reg/C	native_system/queue/queue_reg[3][1170]/CE	-0.129	7.416	4
native_system/queue/running_reg/C	native_system/queue/queue_reg[3][1262]/CE	-0.129	7.416	4
native_system/queue/running_reg/C	native_system/queue/queue_reg[3][1485]/CE	-0.129	7.416	4
native_system/queue/running_reg/C	native_system/queue/queue_reg[3][1564]/CE	-0.129	7.416	4
native_system/queue/running_reg/C	native_system/queue/queue_reg[3][833]/CE	-0.129	7.416	4
native_system/queue/running_reg/C	native_system/queue/queue_reg[3][109]/CE	-0.129	7.416	4
native_system/queue/running_reg/C	native_system/queue/queue_reg[3][153]/CE	-0.129	7.416	4
native_system/queue/running_reg/C	native_system/queue/queue_reg[3][237]/CE	-0.129	7.416	4
native_system/queue/running_reg/C	native_system/queue/queue_reg[3][276]/CE	-0.129	7.416	4
native_system/queue/running_reg/C	native_system/queue/queue_reg[3][302]/CE	-0.129	7.416	4
native_system/queue/running_reg/C	native_system/queue/queue_reg[3][410]/CE	-0.129	7.416	4
native_system/queue/running_reg/C	native_system/queue/queue_reg[3][428]/CE	-0.129	7.416	4
native_system/queue/running_reg/C	native_system/queue/queue_reg[3][45]/CE	-0.129	7.416	4
native_system/queue/running_reg/C	native_system/queue/queue_reg[2][1618]/CE	-0.129	7.452	4
native_system/queue/running_reg/C	native_system/queue/queue_reg[2][1698]/CE	-0.129	7.452	4
native_system/queue/running_reg/C	native_system/queue/queue_reg[2][1728]/CE	-0.129	7.452	4
native_system/queue/running_reg/C	native_system/queue/queue_reg[2][1814]/CE	-0.129	7.452	4
native_system/queue/running_reg/C	native_system/queue/queue_reg[2][1848]/CE	-0.129	7.452	4
native_system/queue/running_reg/C	native_system/queue/queue_reg[2][2010]/CE	-0.129	7.452	4
native_system/digital/master_phase_reg[7]/C	native_system/digital/serial/captured_reg[104]/CE	-0.129	7.416	2
native_system/digital/master_phase_reg[7]/C	native_system/digital/serial/captured_reg[105]/CE	-0.129	7.416	2
native_system/digital/master_phase_reg[7]/C	native_system/digital/serial/captured_reg[106]/CE	-0.129	7.416	2
native_system/queue/running_reg/C	native_system/queue/queue_reg[1][1078]/CE	-0.129	7.416	4
native_system/queue/running_reg/C	native_system/queue/queue_reg[1][1284]/CE	-0.129	7.416	4
native_system/queue/running_reg/C	native_system/queue/queue_reg[1][1363]/CE	-0.129	7.416	4
native_system/queue/running_reg/C	native_system/queue/queue_reg[1][1385]/CE	-0.129	7.416	4
native_system/queue/running_reg/C	native_system/queue/queue_reg[1][1394]/CE	-0.129	7.416	4
native_system/queue/running_reg/C	native_system/queue/queue_reg[1][1411]/CE	-0.129	7.416	4
native_system/queue/running_reg/C	native_system/queue/queue_reg[1][1454]/CE	-0.129	7.416	4
native_system/queue/running_reg/C	native_system/queue/queue_reg[1][1465]/CE	-0.129	7.416	4
native_system/queue/running_reg/C	native_system/queue/queue_reg[1][2159]/CE	-0.128	7.415	4
native_system/queue/running_reg/C	native_system/queue/queue_reg[1][280]/CE	-0.128	7.415	4
native_system/queue/running_reg/C	native_system/queue/queue_reg[1][293]/CE	-0.128	7.415	4
native_system/queue/running_reg/C	native_system/queue/queue_reg[1][60]/CE	-0.128	7.415	4
native_system/queue/running_reg/C	native_system/queue/queue_reg[1][614]/CE	-0.128	7.415	4
native_system/queue/running_reg/C	native_system/queue/queue_reg[1][722]/CE	-0.128	7.415	4
native_system/queue/running_reg/C	native_system/queue/queue_reg[0][113]/CE	-0.128	7.415	4
native_system/queue/running_reg/C	native_system/queue/queue_reg[0][17]/CE	-0.128	7.415	4
native_system/queue/running_reg/C	native_system/queue/queue_reg[0][359]/CE	-0.128	7.415	4
native_system/queue/running_reg/C	native_system/queue/queue_reg[0][37]/CE	-0.128	7.415	4
native_system/digital/master_phase_reg[7]/C	native_system/digital/serial/bit_index_reg[22]/CE	-0.127	7.414	3
native_system/digital/master_phase_reg[7]/C	native_system/digital/serial/bit_index_reg[23]/CE	-0.127	7.414	3
native_system/digital/master_phase_reg[7]/C	native_system/digital/serial/bit_index_reg[24]/CE	-0.127	7.414	3
native_system/digital/master_phase_reg[7]/C	native_system/digital/serial/bit_index_reg[25]/CE	-0.127	7.414	3
native_system/digital/master_phase_reg[7]/C	native_system/digital/serial/bit_index_reg[26]/CE	-0.127	7.414	3
native_system/digital/master_phase_reg[7]/C	native_system/digital/serial/bit_index_reg[27]/CE	-0.127	7.414	3
native_system/digital/master_phase_reg[7]/C	native_system/digital/serial/bit_index_reg[28]/CE	-0.127	7.414	3
native_system/digital/master_phase_reg[7]/C	native_system/digital/serial/bit_index_reg[29]/CE	-0.127	7.414	3
native_system/digital/scheduler/period_count_reg[31]/C	native_system/digital/scheduler/period_count_reg[25]/D	-0.127	7.737	11
native_system/queue/running_reg/C	native_system/queue/queue_reg[2][141]/CE	-0.127	7.414	4
native_system/queue/running_reg/C	native_system/queue/queue_reg[2][173]/CE	-0.127	7.414	4
native_system/queue/running_reg/C	native_system/queue/queue_reg[2][257]/CE	-0.127	7.414	4
native_system/queue/running_reg/C	native_system/queue/queue_reg[2][282]/CE	-0.127	7.414	4
native_system/queue/running_reg/C	native_system/queue/queue_reg[2][348]/CE	-0.127	7.414	4
native_system/queue/running_reg/C	native_system/queue/queue_reg[2][474]/CE	-0.127	7.414	4
native_system/queue/running_reg/C	native_system/queue/queue_reg[2][482]/CE	-0.127	7.414	4
native_system/queue/running_reg/C	native_system/queue/queue_reg[2][503]/CE	-0.127	7.414	4
native_system/queue/rd_reg[0]_rep__16/C	native_system/queue/active_reg[377]/D	-0.126	7.649	1
native_system/digital/cfg_reg[22][1]/C	native_system/digital/bank/shadow_requested_reg[8][1]/D	-0.126	7.537	0
native_system/queue/running_reg/C	native_system/queue/queue_reg[2][296]/CE	-0.126	7.413	4
native_system/queue/running_reg/C	native_system/queue/queue_reg[2][372]/CE	-0.126	7.413	4
native_system/queue/running_reg/C	native_system/queue/queue_reg[2][489]/CE	-0.126	7.413	4
native_system/queue/running_reg/C	native_system/queue/queue_reg[2][586]/CE	-0.126	7.413	4
native_system/queue/running_reg/C	native_system/queue/queue_reg[2][611]/CE	-0.126	7.413	4
native_system/queue/running_reg/C	native_system/queue/queue_reg[2][728]/CE	-0.126	7.413	4
native_system/queue/running_reg/C	native_system/queue/queue_reg[2][746]/CE	-0.126	7.413	4
native_system/queue/running_reg/C	native_system/queue/queue_reg[2][944]/CE	-0.126	7.413	4
native_system/queue/running_reg/C	native_system/queue/queue_reg[3][1059]/CE	-0.125	7.412	4
native_system/queue/running_reg/C	native_system/queue/queue_reg[3][1070]/CE	-0.125	7.412	4
native_system/queue/running_reg/C	native_system/queue/queue_reg[3][1146]/CE	-0.125	7.412	4
native_system/queue/running_reg/C	native_system/queue/queue_reg[3][1251]/CE	-0.125	7.412	4
native_system/queue/running_reg/C	native_system/queue/queue_reg[3][1258]/CE	-0.125	7.412	4
native_system/queue/running_reg/C	native_system/queue/queue_reg[3][696]/CE	-0.125	7.412	4
native_system/queue/running_reg/C	native_system/queue/queue_reg[3][749]/CE	-0.125	7.412	4
native_system/queue/running_reg/C	native_system/queue/queue_reg[3][760]/CE	-0.125	7.412	4
native_system/digital/master_phase_reg[7]/C	native_system/digital/serial/serial_data_reg[13]/CE	-0.124	7.411	3
native_system/digital/master_phase_reg[7]/C	native_system/digital/serial/serial_data_reg[29]/CE	-0.124	7.411	3
native_system/queue/running_reg/C	native_system/queue/queue_reg[1][1584]/CE	-0.124	7.411	4
native_system/queue/running_reg/C	native_system/queue/queue_reg[1][1687]/CE	-0.124	7.411	4
native_system/queue/running_reg/C	native_system/queue/queue_reg[1][1904]/CE	-0.124	7.411	4
native_system/queue/running_reg/C	native_system/queue/queue_reg[1][1944]/CE	-0.124	7.411	4
native_system/queue/running_reg/C	native_system/queue/queue_reg[1][1998]/CE	-0.124	7.411	4
native_system/queue/running_reg/C	native_system/queue/queue_reg[1][2040]/CE	-0.124	7.411	4
native_system/queue/running_reg/C	native_system/queue/queue_reg[1][2056]/CE	-0.124	7.411	4
native_system/queue/running_reg/C	native_system/queue/queue_reg[1][993]/CE	-0.124	7.411	4
native_system/queue/running_reg/C	native_system/queue/queue_reg[0][287]/CE	-0.124	7.411	4
native_system/queue/running_reg/C	native_system/queue/queue_reg[0][307]/CE	-0.124	7.411	4
native_system/queue/running_reg/C	native_system/queue/queue_reg[0][357]/CE	-0.124	7.411	4
native_system/queue/running_reg/C	native_system/queue/queue_reg[0][393]/CE	-0.124	7.411	4
native_system/queue/running_reg/C	native_system/queue/queue_reg[0][442]/CE	-0.124	7.411	4
native_system/queue/running_reg/C	native_system/queue/queue_reg[0][467]/CE	-0.124	7.411	4
native_system/queue/running_reg/C	native_system/queue/queue_reg[0][471]/CE	-0.124	7.411	4
native_system/queue/running_reg/C	native_system/queue/active_reg[356]/CE	-0.124	7.447	3
native_system/queue/running_reg/C	native_system/queue/active_reg[420]/CE	-0.124	7.447	3
native_system/queue/running_reg/C	native_system/queue/active_reg[488]/CE	-0.124	7.447	3
native_system/queue/running_reg/C	native_system/queue/queue_reg[1][1480]/CE	-0.124	7.411	4
native_system/queue/running_reg/C	native_system/queue/queue_reg[1][1742]/CE	-0.124	7.411	4
native_system/queue/running_reg/C	native_system/queue/queue_reg[1][1826]/CE	-0.124	7.411	4
native_system/queue/running_reg/C	native_system/queue/queue_reg[1][1854]/CE	-0.124	7.411	4
native_system/queue/running_reg/C	native_system/queue/queue_reg[1][2008]/CE	-0.124	7.411	4
native_system/queue/running_reg/C	native_system/queue/queue_reg[1][2050]/CE	-0.124	7.411	4
native_system/queue/running_reg/C	native_system/queue/queue_reg[1][2082]/CE	-0.124	7.411	4
native_system/queue/running_reg/C	native_system/queue/queue_reg[1][2158]/CE	-0.124	7.411	4
native_system/queue/running_reg/C	native_system/queue/queue_reg[3][1074]/CE	-0.124	7.411	4
native_system/queue/running_reg/C	native_system/queue/queue_reg[3][1145]/CE	-0.124	7.411	4
native_system/queue/running_reg/C	native_system/queue/queue_reg[3][1148]/CE	-0.124	7.411	4
native_system/queue/running_reg/C	native_system/queue/queue_reg[3][1166]/CE	-0.124	7.411	4
native_system/queue/running_reg/C	native_system/queue/queue_reg[3][1230]/CE	-0.124	7.411	4
native_system/queue/running_reg/C	native_system/queue/queue_reg[3][1290]/CE	-0.124	7.411	4
native_system/queue/running_reg/C	native_system/queue/queue_reg[3][1318]/CE	-0.124	7.411	4
native_system/queue/running_reg/C	native_system/queue/queue_reg[3][1446]/CE	-0.124	7.411	4
native_system/digital/cfg_reg[22][2]/C	native_system/digital/bank/shadow_requested_reg[96][2]/D	-0.123	7.568	0
native_system/queue/running_reg/C	native_system/queue/queue_reg[1][2127]/CE	-0.123	7.446	4
native_system/queue/running_reg/C	native_system/queue/queue_reg[1][2170]/CE	-0.123	7.446	4
native_system/queue/running_reg/C	native_system/queue/queue_reg[1][278]/CE	-0.123	7.446	4
native_system/queue/running_reg/C	native_system/queue/queue_reg[1][324]/CE	-0.123	7.446	4
native_system/queue/running_reg/C	native_system/queue/queue_reg[1][566]/CE	-0.123	7.446	4
native_system/queue/running_reg/C	native_system/queue/queue_reg[1][574]/CE	-0.123	7.446	4
native_system/queue/running_reg/C	native_system/queue/queue_reg[1][587]/CE	-0.123	7.446	4
native_system/queue/running_reg/C	native_system/queue/queue_reg[1][763]/CE	-0.123	7.446	4
native_system/queue/running_reg/C	native_system/queue/queue_reg[1][1001]/CE	-0.122	7.409	4
native_system/queue/running_reg/C	native_system/queue/queue_reg[1][1638]/CE	-0.122	7.409	4
native_system/queue/running_reg/C	native_system/queue/queue_reg[1][1781]/CE	-0.122	7.409	4
native_system/queue/running_reg/C	native_system/queue/queue_reg[1][1782]/CE	-0.122	7.409	4
native_system/queue/running_reg/C	native_system/queue/queue_reg[1][1928]/CE	-0.122	7.409	4
native_system/queue/running_reg/C	native_system/queue/queue_reg[1][592]/CE	-0.122	7.409	4
native_system/queue/running_reg/C	native_system/queue/queue_reg[1][801]/CE	-0.122	7.409	4
native_system/queue/running_reg/C	native_system/queue/queue_reg[1][941]/CE	-0.122	7.409	4
native_system/queue/running_reg/C	native_system/queue/queue_reg[3][1084]/CE	-0.122	7.409	4
native_system/queue/running_reg/C	native_system/queue/queue_reg[3][1177]/CE	-0.122	7.409	4
native_system/queue/running_reg/C	native_system/queue/queue_reg[3][1189]/CE	-0.122	7.409	4
native_system/queue/running_reg/C	native_system/queue/queue_reg[3][1195]/CE	-0.122	7.409	4
native_system/queue/running_reg/C	native_system/queue/queue_reg[3][1223]/CE	-0.122	7.409	4
native_system/queue/running_reg/C	native_system/queue/queue_reg[3][1370]/CE	-0.122	7.409	4
native_system/queue/running_reg/C	native_system/queue/queue_reg[3][1423]/CE	-0.122	7.409	4
native_system/queue/running_reg/C	native_system/queue/queue_reg[3][1498]/CE	-0.122	7.409	4
native_system/queue/running_reg/C	native_system/queue/queue_reg[3][508]/CE	-0.122	7.409	4
native_system/queue/running_reg/C	native_system/queue/queue_reg[3][706]/CE	-0.122	7.409	4
native_system/queue/running_reg/C	native_system/queue/queue_reg[1][1586]/CE	-0.121	7.408	4
native_system/queue/running_reg/C	native_system/queue/queue_reg[1][1834]/CE	-0.121	7.408	4
native_system/queue/running_reg/C	native_system/queue/queue_reg[1][1899]/CE	-0.121	7.408	4
native_system/queue/running_reg/C	native_system/queue/queue_reg[1][1903]/CE	-0.121	7.408	4
native_system/queue/running_reg/C	native_system/queue/queue_reg[1][2005]/CE	-0.121	7.408	4
native_system/queue/running_reg/C	native_system/queue/queue_reg[1][802]/CE	-0.121	7.408	4
native_system/queue/running_reg/C	native_system/queue/queue_reg[1][915]/CE	-0.121	7.408	4
native_system/queue/running_reg/C	native_system/queue/queue_reg[1][931]/CE	-0.121	7.408	4
native_system/queue/running_reg/C	native_system/queue/queue_reg[1][1132]/CE	-0.121	7.408	4
native_system/queue/running_reg/C	native_system/queue/queue_reg[1][1188]/CE	-0.121	7.408	4
native_system/queue/running_reg/C	native_system/queue/queue_reg[1][1285]/CE	-0.121	7.408	4
native_system/queue/running_reg/C	native_system/queue/queue_reg[1][1415]/CE	-0.121	7.408	4
native_system/queue/running_reg/C	native_system/queue/queue_reg[1][1437]/CE	-0.121	7.408	4
native_system/queue/running_reg/C	native_system/queue/queue_reg[1][1497]/CE	-0.121	7.408	4
native_system/queue/running_reg/C	native_system/queue/queue_reg[1][1503]/CE	-0.121	7.408	4
native_system/queue/running_reg/C	native_system/queue/queue_reg[1][645]/CE	-0.121	7.408	4
native_system/queue/running_reg/C	native_system/queue/queue_reg[0][1805]/CE	-0.121	7.408	4
native_system/queue/running_reg/C	native_system/queue/queue_reg[0][1838]/CE	-0.121	7.408	4
native_system/queue/running_reg/C	native_system/queue/queue_reg[0][1855]/CE	-0.121	7.408	4
native_system/queue/running_reg/C	native_system/queue/queue_reg[0][1913]/CE	-0.121	7.408	4
native_system/queue/running_reg/C	native_system/queue/queue_reg[0][1933]/CE	-0.121	7.408	4
native_system/queue/running_reg/C	native_system/queue/queue_reg[0][2047]/CE	-0.121	7.408	4
native_system/queue/running_reg/C	native_system/queue/queue_reg[0][628]/CE	-0.121	7.408	4
native_system/queue/running_reg/C	native_system/queue/queue_reg[0][868]/CE	-0.121	7.408	4
native_system/queue/running_reg/C	native_system/queue/queue_reg[3][1205]/CE	-0.121	7.408	4
native_system/queue/running_reg/C	native_system/queue/queue_reg[3][1221]/CE	-0.121	7.408	4
native_system/queue/running_reg/C	native_system/queue/queue_reg[3][1285]/CE	-0.121	7.408	4
native_system/queue/running_reg/C	native_system/queue/queue_reg[3][1292]/CE	-0.121	7.408	4
native_system/queue/running_reg/C	native_system/queue/queue_reg[3][1497]/CE	-0.121	7.408	4
native_system/queue/running_reg/C	native_system/queue/queue_reg[3][1524]/CE	-0.121	7.408	4
native_system/queue/running_reg/C	native_system/queue/queue_reg[3][832]/CE	-0.121	7.408	4
native_system/queue/bus_wdata_reg[29]/C	native_system/digital/cfg_reg[9][22]/CE	-0.119	7.406	6
native_system/queue/running_reg/C	native_system/queue/queue_reg[0][1584]/CE	-0.119	7.406	4
native_system/queue/running_reg/C	native_system/queue/queue_reg[0][1687]/CE	-0.119	7.406	4
native_system/queue/running_reg/C	native_system/queue/queue_reg[0][1752]/CE	-0.119	7.406	4
native_system/queue/running_reg/C	native_system/queue/queue_reg[0][1904]/CE	-0.119	7.406	4
native_system/queue/running_reg/C	native_system/queue/queue_reg[0][1944]/CE	-0.119	7.406	4
native_system/queue/running_reg/C	native_system/queue/queue_reg[0][2086]/CE	-0.119	7.406	4
native_system/queue/running_reg/C	native_system/queue/queue_reg[0][2150]/CE	-0.119	7.406	4
native_system/queue/running_reg/C	native_system/queue/queue_reg[0][861]/CE	-0.119	7.406	4
native_system/digital/master_phase_reg[7]/C	native_system/digital/serial/bit_index_reg[30]/CE	-0.118	7.405	3
native_system/digital/master_phase_reg[7]/C	native_system/digital/serial/bit_index_reg[31]/CE	-0.118	7.405	3
native_system/digital/boundary_reg/C	native_system/digital/bank/active_calibration_reg[27][0]/CE	-0.118	7.405	1
native_system/digital/boundary_reg/C	native_system/digital/bank/active_requested_reg[14][2]/CE	-0.118	7.405	1
native_system/digital/boundary_reg/C	native_system/digital/bank/active_requested_reg[14][5]/CE	-0.118	7.405	1
native_system/digital/boundary_reg/C	native_system/digital/bank/active_requested_reg[14][7]/CE	-0.118	7.405	1
native_system/digital/boundary_reg/C	native_system/digital/bank/active_requested_reg[27][5]/CE	-0.118	7.405	1
native_system/queue/running_reg/C	native_system/queue/queue_reg[3][1194]/CE	-0.118	7.405	4
native_system/queue/running_reg/C	native_system/queue/queue_reg[3][1196]/CE	-0.118	7.405	4
native_system/queue/running_reg/C	native_system/queue/queue_reg[3][1383]/CE	-0.118	7.405	4
native_system/queue/running_reg/C	native_system/queue/queue_reg[3][908]/CE	-0.118	7.405	4
native_system/queue/running_reg/C	native_system/queue/queue_reg[1][284]/CE	-0.118	7.405	4
native_system/queue/running_reg/C	native_system/queue/queue_reg[1][318]/CE	-0.118	7.405	4
native_system/queue/running_reg/C	native_system/queue/queue_reg[1][478]/CE	-0.118	7.405	4
native_system/queue/running_reg/C	native_system/queue/queue_reg[1][49]/CE	-0.118	7.405	4
native_system/queue/running_reg/C	native_system/queue/queue_reg[3][1083]/CE	-0.118	7.441	4
native_system/queue/running_reg/C	native_system/queue/queue_reg[3][1201]/CE	-0.118	7.441	4
native_system/queue/running_reg/C	native_system/queue/queue_reg[3][1277]/CE	-0.118	7.441	4
native_system/queue/running_reg/C	native_system/queue/queue_reg[3][1391]/CE	-0.118	7.441	4
native_system/queue/running_reg/C	native_system/queue/queue_reg[3][1395]/CE	-0.118	7.441	4
native_system/queue/running_reg/C	native_system/queue/queue_reg[3][1445]/CE	-0.118	7.441	4
native_system/queue/running_reg/C	native_system/queue/queue_reg[3][1455]/CE	-0.118	7.441	4
native_system/queue/running_reg/C	native_system/queue/queue_reg[3][2077]/CE	-0.118	7.405	4
native_system/queue/running_reg/C	native_system/queue/queue_reg[3][329]/CE	-0.118	7.405	4
native_system/queue/running_reg/C	native_system/queue/queue_reg[3][431]/CE	-0.118	7.405	4
native_system/queue/running_reg/C	native_system/queue/queue_reg[3][479]/CE	-0.118	7.405	4
native_system/queue/running_reg/C	native_system/queue/queue_reg[3][1115]/CE	-0.118	7.405	4
native_system/queue/running_reg/C	native_system/queue/queue_reg[3][1172]/CE	-0.118	7.405	4
native_system/queue/running_reg/C	native_system/queue/queue_reg[3][1289]/CE	-0.118	7.405	4
native_system/queue/running_reg/C	native_system/queue/queue_reg[3][1299]/CE	-0.118	7.405	4
native_system/queue/running_reg/C	native_system/queue/queue_reg[3][1305]/CE	-0.118	7.405	4
native_system/queue/running_reg/C	native_system/queue/queue_reg[3][1332]/CE	-0.118	7.405	4
native_system/queue/running_reg/C	native_system/queue/queue_reg[3][1466]/CE	-0.118	7.405	4
native_system/queue/running_reg/C	native_system/queue/queue_reg[3][1510]/CE	-0.118	7.405	4
native_system/queue/running_reg/C	native_system/queue/queue_reg[1][1057]/CE	-0.117	7.440	4
native_system/queue/running_reg/C	native_system/queue/queue_reg[1][1080]/CE	-0.117	7.440	4
native_system/queue/running_reg/C	native_system/queue/queue_reg[1][1088]/CE	-0.117	7.440	4
native_system/queue/running_reg/C	native_system/queue/queue_reg[1][1118]/CE	-0.117	7.440	4
native_system/queue/running_reg/C	native_system/queue/queue_reg[1][1134]/CE	-0.117	7.440	4
native_system/queue/running_reg/C	native_system/queue/queue_reg[1][1138]/CE	-0.117	7.440	4
native_system/queue/running_reg/C	native_system/queue/queue_reg[1][1177]/CE	-0.117	7.440	4
native_system/queue/running_reg/C	native_system/queue/queue_reg[1][1453]/CE	-0.117	7.440	4
native_system/queue/running_reg/C	native_system/queue/queue_reg[2][1438]/CE	-0.117	7.440	4
native_system/queue/running_reg/C	native_system/queue/queue_reg[2][1544]/CE	-0.117	7.440	4
native_system/queue/running_reg/C	native_system/queue/queue_reg[2][1558]/CE	-0.117	7.440	4
native_system/queue/running_reg/C	native_system/queue/queue_reg[2][1589]/CE	-0.117	7.440	4
native_system/queue/running_reg/C	native_system/queue/queue_reg[2][1684]/CE	-0.117	7.440	4
native_system/queue/running_reg/C	native_system/queue/queue_reg[2][1726]/CE	-0.117	7.440	4
native_system/queue/running_reg/C	native_system/queue/queue_reg[2][1789]/CE	-0.117	7.440	4
native_system/queue/running_reg/C	native_system/queue/queue_reg[2][1919]/CE	-0.117	7.440	4
native_system/queue/running_reg/C	native_system/queue/queue_reg[1][1600]/CE	-0.116	7.439	4
native_system/queue/running_reg/C	native_system/queue/queue_reg[1][1602]/CE	-0.116	7.439	4
native_system/queue/running_reg/C	native_system/queue/queue_reg[1][1666]/CE	-0.116	7.439	4
native_system/queue/running_reg/C	native_system/queue/queue_reg[1][1698]/CE	-0.116	7.439	4
native_system/queue/running_reg/C	native_system/queue/queue_reg[1][1728]/CE	-0.116	7.439	4
native_system/queue/running_reg/C	native_system/queue/queue_reg[1][1730]/CE	-0.116	7.439	4
native_system/queue/running_reg/C	native_system/queue/queue_reg[1][1814]/CE	-0.116	7.439	4
native_system/queue/running_reg/C	native_system/queue/queue_reg[1][2010]/CE	-0.116	7.439	4
native_system/queue/running_reg/C	native_system/queue/queue_reg[0][2077]/CE	-0.116	7.403	4
native_system/queue/running_reg/C	native_system/queue/queue_reg[0][329]/CE	-0.116	7.403	4
native_system/queue/running_reg/C	native_system/queue/queue_reg[0][431]/CE	-0.116	7.403	4
native_system/queue/running_reg/C	native_system/queue/queue_reg[0][479]/CE	-0.116	7.403	4
native_system/queue/running_reg/C	native_system/queue/queue_reg[0][1723]/CE	-0.116	7.439	4
native_system/queue/running_reg/C	native_system/queue/queue_reg[0][1761]/CE	-0.116	7.439	4
native_system/queue/running_reg/C	native_system/queue/queue_reg[0][1842]/CE	-0.116	7.439	4
native_system/queue/running_reg/C	native_system/queue/queue_reg[0][1877]/CE	-0.116	7.439	4
native_system/queue/running_reg/C	native_system/queue/queue_reg[0][1929]/CE	-0.116	7.439	4
native_system/queue/running_reg/C	native_system/queue/queue_reg[0][1957]/CE	-0.116	7.439	4
native_system/queue/running_reg/C	native_system/queue/queue_reg[0][664]/CE	-0.116	7.439	4
native_system/queue/running_reg/C	native_system/queue/queue_reg[0][914]/CE	-0.116	7.439	4
native_system/queue/bus_wdata_reg[29]/C	native_system/digital/cfg_reg[11][11]/CE	-0.115	7.438	6
native_system/queue/bus_wdata_reg[29]/C	native_system/digital/cfg_reg[11][14]/CE	-0.115	7.438	6
native_system/queue/rd_reg[0]_rep__1/C	native_system/queue/active_reg[586]/D	-0.115	7.688	1
native_system/digital/cfg_reg[21][4]/C	native_system/digital/bank/shadow_mask_reg[98]/CE	-0.115	7.200	1
native_system/digital/master_phase_reg[5]_rep/C	native_system/digital/serial/captured_reg[127]/D	-0.114	7.559	3
native_system/queue/running_reg/C	native_system/queue/queue_reg[2][2077]/CE	-0.114	7.437	4
native_system/queue/running_reg/C	native_system/queue/queue_reg[2][329]/CE	-0.114	7.437	4
native_system/queue/running_reg/C	native_system/queue/queue_reg[2][375]/CE	-0.114	7.437	4
native_system/queue/running_reg/C	native_system/queue/queue_reg[2][422]/CE	-0.114	7.437	4
native_system/queue/running_reg/C	native_system/queue/queue_reg[2][431]/CE	-0.114	7.437	4
native_system/queue/running_reg/C	native_system/queue/queue_reg[2][479]/CE	-0.114	7.437	4
native_system/queue/running_reg/C	native_system/queue/queue_reg[2][517]/CE	-0.114	7.437	4
native_system/queue/running_reg/C	native_system/queue/queue_reg[1][546]/CE	-0.113	7.400	4
native_system/queue/running_reg/C	native_system/queue/queue_reg[1][559]/CE	-0.113	7.400	4
native_system/queue/running_reg/C	native_system/queue/queue_reg[1][623]/CE	-0.113	7.400	4
native_system/queue/running_reg/C	native_system/queue/queue_reg[1][704]/CE	-0.113	7.400	4
native_system/queue/running_reg/C	native_system/queue/queue_reg[1][716]/CE	-0.113	7.400	4
native_system/queue/running_reg/C	native_system/queue/queue_reg[1][730]/CE	-0.113	7.400	4
native_system/queue/running_reg/C	native_system/queue/rd_reg[0]_rep/CE	-0.113	7.400	3
native_system/queue/running_reg/C	native_system/queue/rd_reg[1]_rep__17/CE	-0.113	7.400	3
native_system/queue/running_reg/C	native_system/queue/rd_reg[1]_rep__20/CE	-0.113	7.400	3
native_system/queue/running_reg/C	native_system/queue/rd_reg[1]_rep__5/CE	-0.113	7.400	3
native_system/digital/boundary_reg/C	native_system/digital/bank/active_calibration_reg[32][5]/CE	-0.113	7.400	1
native_system/digital/cfg_reg[22][10]/C	native_system/digital/bank/shadow_calibration_reg[55][2]/D	-0.112	7.537	0
native_system/queue/running_reg/C	native_system/queue/queue_reg[2][1767]/CE	-0.112	7.399	4
native_system/queue/running_reg/C	native_system/queue/queue_reg[2][1805]/CE	-0.112	7.399	4
native_system/queue/running_reg/C	native_system/queue/queue_reg[2][1838]/CE	-0.112	7.399	4
native_system/queue/running_reg/C	native_system/queue/queue_reg[2][1879]/CE	-0.112	7.399	4
native_system/queue/running_reg/C	native_system/queue/queue_reg[2][1933]/CE	-0.112	7.399	4
native_system/queue/running_reg/C	native_system/queue/queue_reg[2][1995]/CE	-0.112	7.399	4
native_system/queue/running_reg/C	native_system/queue/queue_reg[2][2047]/CE	-0.112	7.399	4
native_system/queue/running_reg/C	native_system/queue/queue_reg[2][628]/CE	-0.112	7.399	4
native_system/queue/running_reg/C	native_system/queue/queue_reg[3][1095]/CE	-0.112	7.399	4
native_system/queue/running_reg/C	native_system/queue/queue_reg[3][1104]/CE	-0.112	7.399	4
native_system/queue/running_reg/C	native_system/queue/queue_reg[3][1159]/CE	-0.112	7.399	4
native_system/queue/running_reg/C	native_system/queue/queue_reg[3][1278]/CE	-0.112	7.399	4
native_system/queue/running_reg/C	native_system/queue/queue_reg[0][111]/CE	-0.111	7.398	4
native_system/queue/running_reg/C	native_system/queue/queue_reg[0][1645]/CE	-0.111	7.398	4
native_system/queue/running_reg/C	native_system/queue/queue_reg[0][1803]/CE	-0.111	7.398	4
native_system/queue/running_reg/C	native_system/queue/queue_reg[0][1807]/CE	-0.111	7.398	4
native_system/queue/running_reg/C	native_system/queue/queue_reg[0][1948]/CE	-0.111	7.398	4
native_system/queue/running_reg/C	native_system/queue/queue_reg[0][1989]/CE	-0.111	7.398	4
native_system/queue/running_reg/C	native_system/queue/queue_reg[0][2154]/CE	-0.111	7.398	4
native_system/queue/running_reg/C	native_system/queue/queue_reg[0][850]/CE	-0.111	7.398	4
native_system/digital/master_phase_reg[7]/C	native_system/digital/serial/serial_data_reg[11]/CE	-0.111	7.398	3
native_system/digital/master_phase_reg[7]/C	native_system/digital/serial/serial_data_reg[27]/CE	-0.111	7.398	3
native_system/queue/running_reg/C	native_system/queue/queue_reg[3][2136]/CE	-0.110	7.397	4
native_system/queue/running_reg/C	native_system/queue/queue_reg[3][365]/CE	-0.110	7.397	4
native_system/queue/running_reg/C	native_system/queue/queue_reg[3][415]/CE	-0.110	7.397	4
native_system/queue/running_reg/C	native_system/queue/queue_reg[3][429]/CE	-0.110	7.397	4
native_system/queue/running_reg/C	native_system/queue/queue_reg[3][439]/CE	-0.110	7.397	4
native_system/queue/running_reg/C	native_system/queue/queue_reg[3][504]/CE	-0.110	7.397	4
native_system/queue/running_reg/C	native_system/queue/queue_reg[3][519]/CE	-0.110	7.397	4
native_system/queue/running_reg/C	native_system/queue/queue_reg[3][574]/CE	-0.110	7.397	4
native_system/digital/reset_sync_reg[1]/C	native_system/digital/bank/active_calibration_reg[4][4]/CLR	-0.110	7.283	1
native_system/digital/reset_sync_reg[1]/C	native_system/digital/bank/active_calibration_reg[4][5]/CLR	-0.110	7.283	1
native_system/digital/reset_sync_reg[1]/C	native_system/digital/bank/active_calibration_reg[4][7]/CLR	-0.110	7.283	1
native_system/digital/reset_sync_reg[1]/C	native_system/digital/bank/active_requested_reg[4][0]/CLR	-0.110	7.283	1
native_system/queue/running_reg/C	native_system/queue/queue_reg[1][1304]/CE	-0.110	7.433	4
native_system/queue/running_reg/C	native_system/queue/queue_reg[1][1310]/CE	-0.110	7.433	4
native_system/queue/running_reg/C	native_system/queue/queue_reg[1][1559]/CE	-0.110	7.433	4
native_system/queue/running_reg/C	native_system/queue/queue_reg[1][1594]/CE	-0.110	7.433	4
native_system/queue/running_reg/C	native_system/queue/queue_reg[1][1799]/CE	-0.110	7.433	4
native_system/queue/running_reg/C	native_system/queue/queue_reg[1][1952]/CE	-0.110	7.433	4
native_system/queue/running_reg/C	native_system/queue/queue_reg[1][1982]/CE	-0.110	7.433	4
native_system/queue/running_reg/C	native_system/queue/queue_reg[1][2006]/CE	-0.110	7.433	4
native_system/queue/running_reg/C	native_system/queue/queue_reg[0][1615]/CE	-0.109	7.432	4
native_system/queue/running_reg/C	native_system/queue/queue_reg[0][2111]/CE	-0.109	7.432	4
native_system/queue/running_reg/C	native_system/queue/queue_reg[0][2157]/CE	-0.109	7.432	4
native_system/queue/running_reg/C	native_system/queue/queue_reg[0][542]/CE	-0.109	7.432	4
native_system/queue/running_reg/C	native_system/queue/queue_reg[0][558]/CE	-0.109	7.432	4
native_system/queue/running_reg/C	native_system/queue/queue_reg[0][795]/CE	-0.109	7.432	4
native_system/queue/running_reg/C	native_system/queue/queue_reg[0][995]/CE	-0.109	7.432	4
native_system/queue/running_reg/C	native_system/queue/queue_reg[3][1186]/CE	-0.109	7.396	4
native_system/queue/running_reg/C	native_system/queue/queue_reg[3][1315]/CE	-0.109	7.396	4
native_system/queue/running_reg/C	native_system/queue/queue_reg[3][1410]/CE	-0.109	7.396	4
native_system/queue/running_reg/C	native_system/queue/queue_reg[3][1578]/CE	-0.109	7.396	4
native_system/queue/running_reg/C	native_system/queue/queue_reg[3][556]/CE	-0.109	7.396	4
native_system/queue/running_reg/C	native_system/queue/queue_reg[3][907]/CE	-0.109	7.396	4
native_system/queue/bus_wdata_reg[29]/C	native_system/digital/cfg_reg[3][31]/CE	-0.108	7.431	6
native_system/queue/running_reg/C	native_system/queue/queue_reg[1][1313]/CE	-0.108	7.395	4
native_system/queue/running_reg/C	native_system/queue/queue_reg[1][1364]/CE	-0.108	7.395	4
native_system/queue/running_reg/C	native_system/queue/queue_reg[1][1420]/CE	-0.108	7.395	4
native_system/queue/running_reg/C	native_system/queue/queue_reg[1][1431]/CE	-0.108	7.395	4
native_system/queue/running_reg/C	native_system/queue/queue_reg[1][1468]/CE	-0.108	7.395	4
native_system/queue/running_reg/C	native_system/queue/queue_reg[1][1506]/CE	-0.108	7.395	4
native_system/queue/running_reg/C	native_system/queue/queue_reg[1][597]/CE	-0.108	7.395	4
native_system/queue/running_reg/C	native_system/queue/queue_reg[1][657]/CE	-0.108	7.395	4
native_system/queue/running_reg/C	native_system/queue/queue_reg[3][304]/CE	-0.107	7.394	4
native_system/queue/running_reg/C	native_system/queue/queue_reg[3][547]/CE	-0.107	7.394	4
native_system/queue/running_reg/C	native_system/queue/queue_reg[3][589]/CE	-0.107	7.394	4
native_system/queue/running_reg/C	native_system/queue/queue_reg[3][645]/CE	-0.107	7.394	4
native_system/digital/cfg_reg[22][14]/C	native_system/digital/bank/shadow_calibration_reg[102][6]/D	-0.107	7.538	0
native_system/queue/bus_wdata_reg[0]/C	native_system/digital/cfg_reg[8][12]/CE	-0.107	7.430	5
native_system/queue/bus_wdata_reg[0]/C	native_system/digital/cfg_reg[8][13]/CE	-0.107	7.430	5
native_system/queue/bus_wdata_reg[0]/C	native_system/digital/cfg_reg[8][14]/CE	-0.107	7.430	5
native_system/queue/bus_wdata_reg[0]/C	native_system/digital/cfg_reg[8][15]/CE	-0.107	7.430	5
native_system/queue/running_reg/C	native_system/queue/queue_reg[1][1765]/CE	-0.107	7.394	4
native_system/queue/running_reg/C	native_system/queue/queue_reg[1][1849]/CE	-0.107	7.394	4
native_system/queue/running_reg/C	native_system/queue/queue_reg[1][1979]/CE	-0.107	7.394	4
native_system/queue/running_reg/C	native_system/queue/queue_reg[1][2019]/CE	-0.107	7.394	4
native_system/queue/running_reg/C	native_system/queue/queue_reg[1][2059]/CE	-0.107	7.394	4
native_system/queue/running_reg/C	native_system/queue/queue_reg[1][855]/CE	-0.107	7.394	4
native_system/queue/running_reg/C	native_system/queue/queue_reg[1][875]/CE	-0.107	7.394	4
native_system/queue/running_reg/C	native_system/queue/queue_reg[1][947]/CE	-0.107	7.394	4
native_system/digital/cfg_reg[21][4]/C	native_system/digital/bank/shadow_calibration_reg[109][4]/CE	-0.107	7.192	1
native_system/digital/cfg_reg[21][4]/C	native_system/digital/bank/shadow_calibration_reg[109][5]/CE	-0.107	7.192	1
native_system/digital/cfg_reg[21][4]/C	native_system/digital/bank/shadow_requested_reg[109][0]/CE	-0.107	7.192	1
native_system/digital/cfg_reg[21][4]/C	native_system/digital/bank/shadow_requested_reg[109][7]/CE	-0.107	7.192	1
native_system/digital/cfg_reg[21][4]/C	native_system/digital/bank/shadow_calibration_reg[110][0]/CE	-0.106	7.393	1
native_system/digital/cfg_reg[21][4]/C	native_system/digital/bank/shadow_calibration_reg[110][3]/CE	-0.106	7.393	1
native_system/digital/cfg_reg[21][4]/C	native_system/digital/bank/shadow_calibration_reg[110][7]/CE	-0.106	7.393	1
native_system/digital/cfg_reg[21][4]/C	native_system/digital/bank/shadow_requested_reg[110][0]/CE	-0.106	7.393	1
native_system/digital/cfg_reg[21][4]/C	native_system/digital/bank/shadow_requested_reg[110][1]/CE	-0.106	7.393	1
native_system/digital/cfg_reg[21][4]/C	native_system/digital/bank/shadow_requested_reg[110][3]/CE	-0.106	7.393	1
native_system/digital/cfg_reg[21][4]/C	native_system/digital/bank/shadow_requested_reg[110][4]/CE	-0.106	7.393	1
native_system/queue/running_reg/C	native_system/queue/queue_reg[3][1861]/CE	-0.106	7.393	4
native_system/queue/running_reg/C	native_system/queue/queue_reg[3][1914]/CE	-0.106	7.393	4
native_system/queue/running_reg/C	native_system/queue/queue_reg[3][1965]/CE	-0.106	7.393	4
native_system/queue/running_reg/C	native_system/queue/queue_reg[3][984]/CE	-0.106	7.393	4
native_system/digital/cfg_reg[22][14]/C	native_system/digital/bank/shadow_calibration_reg[44][6]/D	-0.104	7.491	0
native_system/queue/running_reg/C	native_system/queue/queue_reg[1][1566]/CE	-0.103	7.426	4
native_system/queue/running_reg/C	native_system/queue/queue_reg[1][1622]/CE	-0.103	7.426	4
native_system/queue/running_reg/C	native_system/queue/queue_reg[1][1862]/CE	-0.103	7.426	4
native_system/queue/running_reg/C	native_system/queue/queue_reg[1][1872]/CE	-0.103	7.426	4
native_system/queue/running_reg/C	native_system/queue/queue_reg[1][1049]/CE	-0.103	7.390	4
native_system/queue/running_reg/C	native_system/queue/queue_reg[1][1259]/CE	-0.103	7.390	4
native_system/queue/running_reg/C	native_system/queue/queue_reg[1][1341]/CE	-0.103	7.390	4
native_system/queue/running_reg/C	native_system/queue/queue_reg[1][1457]/CE	-0.103	7.390	4
native_system/queue/running_reg/C	native_system/queue/queue_reg[1][1469]/CE	-0.103	7.390	4
native_system/queue/running_reg/C	native_system/queue/queue_reg[1][1652]/CE	-0.103	7.390	4
native_system/queue/running_reg/C	native_system/queue/queue_reg[1][1724]/CE	-0.103	7.390	4
native_system/queue/running_reg/C	native_system/queue/queue_reg[1][1727]/CE	-0.103	7.390	4
native_system/queue/running_reg/C	native_system/queue/queue_reg[3][1124]/CE	-0.102	7.389	4
native_system/queue/running_reg/C	native_system/queue/queue_reg[3][1164]/CE	-0.102	7.389	4
native_system/queue/running_reg/C	native_system/queue/queue_reg[3][1341]/CE	-0.102	7.389	4
native_system/queue/running_reg/C	native_system/queue/queue_reg[3][1443]/CE	-0.102	7.389	4
native_system/queue/running_reg/C	native_system/queue/queue_reg[3][1505]/CE	-0.102	7.389	4
native_system/queue/running_reg/C	native_system/queue/queue_reg[3][1513]/CE	-0.102	7.389	4
native_system/queue/running_reg/C	native_system/queue/queue_reg[3][775]/CE	-0.102	7.389	4
native_system/queue/running_reg/C	native_system/queue/queue_reg[3][896]/CE	-0.102	7.389	4
native_system/digital/cfg_reg[22][10]/C	native_system/digital/bank/shadow_calibration_reg[57][2]/D	-0.102	7.513	0
native_system/queue/running_reg/C	native_system/queue/queue_reg[2][1100]/CE	-0.102	7.389	4
native_system/queue/running_reg/C	native_system/queue/queue_reg[2][1101]/CE	-0.102	7.389	4
native_system/queue/running_reg/C	native_system/queue/queue_reg[2][1229]/CE	-0.102	7.389	4
native_system/queue/running_reg/C	native_system/queue/queue_reg[2][281]/CE	-0.102	7.389	4
native_system/queue/running_reg/C	native_system/queue/queue_reg[2][292]/CE	-0.102	7.389	4
native_system/queue/running_reg/C	native_system/queue/queue_reg[2][709]/CE	-0.102	7.389	4
native_system/queue/running_reg/C	native_system/queue/queue_reg[2][782]/CE	-0.102	7.389	4
native_system/queue/running_reg/C	native_system/queue/queue_reg[2][872]/CE	-0.102	7.389	4
native_system/queue/running_reg/C	native_system/queue/active_reg[1725]/CE	-0.102	7.389	3
native_system/queue/running_reg/C	native_system/queue/active_reg[1743]/CE	-0.102	7.389	3
native_system/queue/running_reg/C	native_system/queue/active_reg[2118]/CE	-0.102	7.389	3
native_system/queue/running_reg/C	native_system/queue/active_reg[528]/CE	-0.102	7.389	3
native_system/queue/running_reg/C	native_system/queue/queue_reg[2][1046]/CE	-0.102	7.389	4
native_system/queue/running_reg/C	native_system/queue/queue_reg[2][1123]/CE	-0.102	7.389	4
native_system/queue/running_reg/C	native_system/queue/queue_reg[2][1258]/CE	-0.102	7.389	4
native_system/queue/running_reg/C	native_system/queue/queue_reg[2][1476]/CE	-0.102	7.389	4
native_system/queue/running_reg/C	native_system/queue/queue_reg[2][1688]/CE	-0.102	7.389	4
native_system/queue/running_reg/C	native_system/queue/queue_reg[2][760]/CE	-0.102	7.389	4
native_system/queue/running_reg/C	native_system/queue/queue_reg[2][833]/CE	-0.102	7.389	4
native_system/digital/cfg_reg[21][1]/C	native_system/digital/bank/shadow_calibration_reg[123][2]/CE	-0.101	7.180	1
native_system/digital/cfg_reg[21][1]/C	native_system/digital/bank/shadow_calibration_reg[123][6]/CE	-0.101	7.180	1
native_system/queue/running_reg/C	native_system/queue/queue_reg[1][1098]/CE	-0.101	7.388	4
native_system/queue/running_reg/C	native_system/queue/queue_reg[1][1226]/CE	-0.101	7.388	4
native_system/queue/running_reg/C	native_system/queue/queue_reg[1][1269]/CE	-0.101	7.388	4
native_system/queue/running_reg/C	native_system/queue/queue_reg[1][1309]/CE	-0.101	7.388	4
native_system/queue/running_reg/C	native_system/queue/queue_reg[1][1367]/CE	-0.101	7.388	4
native_system/queue/running_reg/C	native_system/queue/queue_reg[1][1378]/CE	-0.101	7.388	4
native_system/queue/running_reg/C	native_system/queue/queue_reg[1][1442]/CE	-0.101	7.388	4
native_system/queue/running_reg/C	native_system/queue/queue_reg[1][1784]/CE	-0.101	7.388	4
native_system/queue/running_reg/C	native_system/queue/queue_reg[2][109]/CE	-0.101	7.424	4
native_system/queue/running_reg/C	native_system/queue/queue_reg[2][129]/CE	-0.101	7.424	4
native_system/queue/running_reg/C	native_system/queue/queue_reg[2][237]/CE	-0.101	7.424	4
native_system/queue/running_reg/C	native_system/queue/queue_reg[2][302]/CE	-0.101	7.424	4
native_system/queue/running_reg/C	native_system/queue/queue_reg[2][309]/CE	-0.101	7.424	4
native_system/queue/running_reg/C	native_system/queue/queue_reg[2][364]/CE	-0.101	7.424	4
native_system/queue/running_reg/C	native_system/queue/queue_reg[2][410]/CE	-0.101	7.424	4
native_system/queue/running_reg/C	native_system/queue/queue_reg[2][428]/CE	-0.101	7.424	4
native_system/digital/boundary_reg/C	native_system/digital/bank/active_calibration_reg[44][6]/CE	-0.101	7.388	1
native_system/digital/boundary_reg/C	native_system/digital/bank/active_requested_reg[44][4]/CE	-0.101	7.388	1
native_system/queue/running_reg/C	native_system/queue/queue_reg[2][2128]/CE	-0.101	7.388	4
native_system/queue/running_reg/C	native_system/queue/queue_reg[2][289]/CE	-0.101	7.388	4
native_system/queue/running_reg/C	native_system/queue/queue_reg[2][294]/CE	-0.101	7.388	4
native_system/queue/running_reg/C	native_system/queue/queue_reg[2][343]/CE	-0.101	7.388	4
native_system/queue/running_reg/C	native_system/queue/queue_reg[2][380]/CE	-0.101	7.388	4
native_system/queue/running_reg/C	native_system/queue/queue_reg[2][508]/CE	-0.101	7.388	4
native_system/queue/running_reg/C	native_system/queue/queue_reg[2][667]/CE	-0.101	7.388	4
native_system/queue/running_reg/C	native_system/queue/queue_reg[2][706]/CE	-0.101	7.388	4
native_system/queue/bus_wdata_reg[29]/C	native_system/digital/cfg_reg[7][10]/CE	-0.101	7.388	6
native_system/queue/running_reg/C	native_system/queue/queue_reg[0][1035]/CE	-0.101	7.388	4
native_system/queue/running_reg/C	native_system/queue/queue_reg[0][1377]/CE	-0.101	7.388	4
native_system/queue/running_reg/C	native_system/queue/queue_reg[0][546]/CE	-0.101	7.388	4
native_system/queue/running_reg/C	native_system/queue/queue_reg[0][559]/CE	-0.101	7.388	4
native_system/queue/running_reg/C	native_system/queue/queue_reg[0][623]/CE	-0.101	7.388	4
native_system/queue/running_reg/C	native_system/queue/queue_reg[0][737]/CE	-0.101	7.388	4
native_system/queue/running_reg/C	native_system/queue/queue_reg[0][748]/CE	-0.101	7.388	4
native_system/queue/running_reg/C	native_system/queue/queue_reg[0][988]/CE	-0.101	7.388	4
native_system/queue/running_reg/C	native_system/queue/queue_reg[1][1012]/CE	-0.100	7.387	4
native_system/queue/running_reg/C	native_system/queue/queue_reg[1][1167]/CE	-0.100	7.387	4
native_system/queue/running_reg/C	native_system/queue/queue_reg[1][1348]/CE	-0.100	7.387	4
native_system/queue/running_reg/C	native_system/queue/queue_reg[1][1475]/CE	-0.100	7.387	4
native_system/queue/running_reg/C	native_system/queue/queue_reg[1][1750]/CE	-0.100	7.387	4
native_system/queue/running_reg/C	native_system/queue/queue_reg[1][723]/CE	-0.100	7.387	4
native_system/queue/running_reg/C	native_system/queue/queue_reg[1][725]/CE	-0.100	7.387	4
native_system/queue/running_reg/C	native_system/queue/queue_reg[1][745]/CE	-0.100	7.387	4
native_system/digital/cfg_reg[21][4]/C	native_system/digital/bank/shadow_calibration_reg[120][1]/CE	-0.099	7.220	1
native_system/digital/cfg_reg[21][4]/C	native_system/digital/bank/shadow_calibration_reg[120][3]/CE	-0.099	7.220	1
native_system/digital/cfg_reg[21][4]/C	native_system/digital/bank/shadow_calibration_reg[120][6]/CE	-0.099	7.220	1
native_system/digital/cfg_reg[21][4]/C	native_system/digital/bank/shadow_requested_reg[120][3]/CE	-0.099	7.220	1
native_system/digital/cfg_reg[21][4]/C	native_system/digital/bank/shadow_requested_reg[120][5]/CE	-0.099	7.220	1
native_system/digital/cfg_reg[21][4]/C	native_system/digital/bank/shadow_requested_reg[120][7]/CE	-0.099	7.220	1
native_system/queue/bus_wdata_reg[29]/C	native_system/digital/cfg_reg[9][25]/CE	-0.099	7.422	6
native_system/queue/bus_wdata_reg[29]/C	native_system/digital/cfg_reg[9][26]/CE	-0.099	7.422	6
native_system/queue/bus_wdata_reg[29]/C	native_system/digital/cfg_reg[9][27]/CE	-0.099	7.422	6
native_system/queue/bus_wdata_reg[29]/C	native_system/digital/cfg_reg[9][28]/CE	-0.099	7.422	6
native_system/queue/bus_wdata_reg[29]/C	native_system/digital/cfg_reg[9][29]/CE	-0.099	7.422	6
native_system/queue/bus_wdata_reg[29]/C	native_system/digital/cfg_reg[9][30]/CE	-0.099	7.422	6
native_system/queue/running_reg/C	native_system/queue/queue_reg[1][1074]/CE	-0.099	7.422	4
native_system/queue/running_reg/C	native_system/queue/queue_reg[1][1142]/CE	-0.099	7.422	4
native_system/queue/running_reg/C	native_system/queue/queue_reg[1][1162]/CE	-0.099	7.422	4
native_system/queue/running_reg/C	native_system/queue/queue_reg[1][1241]/CE	-0.099	7.422	4
native_system/queue/running_reg/C	native_system/queue/queue_reg[1][1446]/CE	-0.099	7.422	4
native_system/queue/running_reg/C	native_system/queue/queue_reg[1][1493]/CE	-0.099	7.422	4
native_system/queue/running_reg/C	native_system/queue/queue_reg[1][1522]/CE	-0.099	7.422	4
native_system/digital/map_commit_reg/C	native_system/digital/bank/shadow_calibration_reg[91][0]/CE	-0.099	7.214	2
native_system/digital/map_commit_reg/C	native_system/digital/bank/shadow_calibration_reg[91][1]/CE	-0.099	7.214	2
native_system/digital/map_commit_reg/C	native_system/digital/bank/shadow_calibration_reg[91][6]/CE	-0.099	7.214	2
native_system/digital/map_commit_reg/C	native_system/digital/bank/shadow_requested_reg[91][1]/CE	-0.099	7.214	2
native_system/queue/running_reg/C	native_system/queue/queue_reg[0][172]/CE	-0.097	7.384	4
native_system/queue/running_reg/C	native_system/queue/queue_reg[0][319]/CE	-0.097	7.384	4
native_system/queue/running_reg/C	native_system/queue/queue_reg[0][383]/CE	-0.097	7.384	4
native_system/queue/running_reg/C	native_system/queue/queue_reg[0][447]/CE	-0.097	7.384	4
native_system/queue/running_reg/C	native_system/queue/queue_reg[0][65]/CE	-0.097	7.384	4
native_system/queue/running_reg/C	native_system/queue/queue_reg[2][1649]/CE	-0.097	7.384	4
native_system/queue/running_reg/C	native_system/queue/queue_reg[2][1765]/CE	-0.097	7.384	4
native_system/queue/running_reg/C	native_system/queue/queue_reg[2][1953]/CE	-0.097	7.384	4
native_system/queue/running_reg/C	native_system/queue/queue_reg[2][1988]/CE	-0.097	7.384	4
native_system/queue/running_reg/C	native_system/queue/queue_reg[2][2059]/CE	-0.097	7.384	4
native_system/queue/running_reg/C	native_system/queue/queue_reg[2][787]/CE	-0.097	7.384	4
native_system/queue/running_reg/C	native_system/queue/queue_reg[2][875]/CE	-0.097	7.384	4
native_system/queue/running_reg/C	native_system/queue/queue_reg[2][915]/CE	-0.097	7.384	4
native_system/queue/running_reg/C	native_system/queue/queue_reg[3][2085]/CE	-0.097	7.384	4
native_system/queue/running_reg/C	native_system/queue/queue_reg[3][2092]/CE	-0.097	7.384	4
native_system/queue/running_reg/C	native_system/queue/queue_reg[3][2124]/CE	-0.097	7.384	4
native_system/queue/running_reg/C	native_system/queue/queue_reg[3][2155]/CE	-0.097	7.384	4
native_system/queue/running_reg/C	native_system/queue/queue_reg[3][314]/CE	-0.097	7.384	4
native_system/queue/running_reg/C	native_system/queue/queue_reg[3][715]/CE	-0.097	7.384	4
native_system/queue/running_reg/C	native_system/queue/queue_reg[3][742]/CE	-0.097	7.384	4
native_system/queue/running_reg/C	native_system/queue/queue_reg[3][910]/CE	-0.097	7.384	4
native_system/queue/running_reg/C	native_system/queue/active_reg[1759]/CE	-0.096	7.419	3
native_system/queue/running_reg/C	native_system/queue/active_reg[1799]/CE	-0.096	7.419	3
native_system/queue/running_reg/C	native_system/queue/active_reg[2149]/CE	-0.096	7.419	3
native_system/queue/running_reg/C	native_system/queue/active_reg[573]/CE	-0.096	7.419	3
native_system/queue/running_reg/C	native_system/queue/queue_reg[3][1135]/CE	-0.096	7.383	4
native_system/queue/running_reg/C	native_system/queue/active_reg[1396]/CE	-0.095	7.382	3
native_system/queue/running_reg/C	native_system/queue/active_reg[1441]/CE	-0.095	7.382	3
native_system/queue/running_reg/C	native_system/queue/active_reg[779]/CE	-0.095	7.382	3
native_system/queue/running_reg/C	native_system/queue/active_reg[843]/CE	-0.095	7.382	3
native_system/digital/boundary_reg/C	native_system/digital/bank/active_calibration_reg[23][0]/CE	-0.095	7.382	1
native_system/digital/boundary_reg/C	native_system/digital/bank/active_calibration_reg[23][3]/CE	-0.095	7.382	1
native_system/digital/boundary_reg/C	native_system/digital/bank/active_calibration_reg[23][7]/CE	-0.095	7.382	1
native_system/digital/boundary_reg/C	native_system/digital/bank/active_requested_reg[23][3]/CE	-0.095	7.382	1
native_system/queue/running_reg/C	native_system/queue/queue_reg[1][2094]/CE	-0.095	7.382	4
native_system/queue/running_reg/C	native_system/queue/queue_reg[1][2136]/CE	-0.095	7.382	4
native_system/queue/running_reg/C	native_system/queue/queue_reg[1][252]/CE	-0.095	7.382	4
native_system/queue/running_reg/C	native_system/queue/queue_reg[1][28]/CE	-0.095	7.382	4
native_system/queue/running_reg/C	native_system/queue/queue_reg[1][312]/CE	-0.095	7.382	4
native_system/queue/running_reg/C	native_system/queue/queue_reg[1][365]/CE	-0.095	7.382	4
native_system/queue/running_reg/C	native_system/queue/queue_reg[1][415]/CE	-0.095	7.382	4
native_system/queue/running_reg/C	native_system/queue/queue_reg[1][742]/CE	-0.095	7.382	4
native_system/queue/running_reg/C	native_system/queue/active_reg[1416]/CE	-0.094	7.417	3
native_system/queue/running_reg/C	native_system/queue/active_reg[1422]/CE	-0.094	7.417	3
native_system/queue/running_reg/C	native_system/queue/active_reg[1550]/CE	-0.094	7.417	3
native_system/queue/running_reg/C	native_system/queue/active_reg[1646]/CE	-0.094	7.417	3
native_system/digital/bank/command_error_reg/C	native_system/digital/serial/captured_reg[115]/D	-0.094	7.481	4
native_system/queue/running_reg/C	native_system/queue/queue_reg[0][1304]/CE	-0.093	7.416	4
native_system/queue/running_reg/C	native_system/queue/queue_reg[0][1310]/CE	-0.093	7.416	4
native_system/queue/running_reg/C	native_system/queue/queue_reg[0][1594]/CE	-0.093	7.416	4
native_system/queue/running_reg/C	native_system/queue/queue_reg[0][1799]/CE	-0.093	7.416	4
native_system/queue/running_reg/C	native_system/queue/queue_reg[0][1966]/CE	-0.093	7.416	4
native_system/queue/running_reg/C	native_system/queue/queue_reg[0][1982]/CE	-0.093	7.416	4
native_system/queue/running_reg/C	native_system/queue/queue_reg[0][2039]/CE	-0.093	7.416	4
native_system/queue/running_reg/C	native_system/queue/queue_reg[0][2149]/CE	-0.093	7.416	4
native_system/queue/running_reg/C	native_system/queue/queue_reg[1][1817]/CE	-0.092	7.379	4
native_system/queue/running_reg/C	native_system/queue/queue_reg[1][1898]/CE	-0.092	7.379	4
native_system/queue/running_reg/C	native_system/queue/queue_reg[1][1967]/CE	-0.092	7.379	4
native_system/queue/running_reg/C	native_system/queue/queue_reg[1][239]/CE	-0.092	7.379	4
native_system/queue/running_reg/C	native_system/queue/queue_reg[1][856]/CE	-0.092	7.379	4
native_system/queue/running_reg/C	native_system/queue/queue_reg[1][1126]/CE	-0.092	7.415	4
native_system/queue/running_reg/C	native_system/queue/queue_reg[1][1150]/CE	-0.092	7.415	4
native_system/queue/running_reg/C	native_system/queue/queue_reg[1][1216]/CE	-0.092	7.415	4
native_system/queue/running_reg/C	native_system/queue/queue_reg[1][1260]/CE	-0.092	7.415	4
native_system/queue/running_reg/C	native_system/queue/queue_reg[1][1265]/CE	-0.092	7.415	4
native_system/queue/running_reg/C	native_system/queue/queue_reg[1][1324]/CE	-0.092	7.415	4
native_system/queue/running_reg/C	native_system/queue/queue_reg[1][1386]/CE	-0.092	7.415	4
native_system/queue/running_reg/C	native_system/queue/queue_reg[1][1549]/CE	-0.092	7.415	4
native_system/queue/running_reg/C	native_system/queue/queue_reg[3][1848]/CE	-0.092	7.379	4
native_system/digital/cfg_reg[21][4]/C	native_system/digital/bank/shadow_calibration_reg[109][1]/CE	-0.092	7.177	1
native_system/digital/cfg_reg[21][4]/C	native_system/digital/bank/shadow_calibration_reg[109][3]/CE	-0.092	7.177	1
native_system/digital/cfg_reg[21][4]/C	native_system/digital/bank/shadow_requested_reg[109][5]/CE	-0.092	7.177	1
native_system/queue/running_reg/C	native_system/queue/queue_reg[1][1079]/CE	-0.092	7.415	4
native_system/queue/running_reg/C	native_system/queue/queue_reg[1][1539]/CE	-0.092	7.415	4
native_system/queue/running_reg/C	native_system/queue/queue_reg[1][1547]/CE	-0.092	7.415	4
native_system/queue/running_reg/C	native_system/queue/queue_reg[1][996]/CE	-0.092	7.415	4
native_system/digital/cfg_reg[21][4]/C	native_system/digital/bank/shadow_calibration_reg[110][2]/CE	-0.092	7.379	1
native_system/digital/cfg_reg[21][4]/C	native_system/digital/bank/shadow_calibration_reg[110][4]/CE	-0.092	7.379	1
native_system/digital/cfg_reg[21][4]/C	native_system/digital/bank/shadow_calibration_reg[110][5]/CE	-0.092	7.379	1
native_system/digital/cfg_reg[21][4]/C	native_system/digital/bank/shadow_requested_reg[110][5]/CE	-0.092	7.379	1
native_system/digital/cfg_reg[21][4]/C	native_system/digital/bank/shadow_requested_reg[110][6]/CE	-0.092	7.379	1
native_system/digital/cfg_reg[21][4]/C	native_system/digital/bank/shadow_requested_reg[110][7]/CE	-0.092	7.379	1
native_system/queue/running_reg/C	native_system/queue/queue_reg[1][1718]/CE	-0.090	7.377	4
native_system/queue/running_reg/C	native_system/queue/queue_reg[1][1972]/CE	-0.090	7.377	4
native_system/queue/running_reg/C	native_system/queue/queue_reg[3][1098]/CE	-0.088	7.375	4
native_system/queue/running_reg/C	native_system/queue/queue_reg[3][1242]/CE	-0.088	7.375	4
native_system/queue/running_reg/C	native_system/queue/queue_reg[3][1313]/CE	-0.088	7.375	4
native_system/queue/running_reg/C	native_system/queue/queue_reg[3][1364]/CE	-0.088	7.375	4
native_system/queue/running_reg/C	native_system/queue/queue_reg[3][1420]/CE	-0.088	7.375	4
native_system/queue/running_reg/C	native_system/queue/queue_reg[3][1431]/CE	-0.088	7.375	4
native_system/queue/running_reg/C	native_system/queue/queue_reg[3][597]/CE	-0.088	7.375	4
native_system/queue/running_reg/C	native_system/queue/queue_reg[3][657]/CE	-0.088	7.375	4
native_system/queue/running_reg/C	native_system/queue/queue_reg[2][1001]/CE	-0.088	7.411	4
native_system/queue/running_reg/C	native_system/queue/queue_reg[2][1488]/CE	-0.088	7.411	4
native_system/queue/running_reg/C	native_system/queue/queue_reg[2][1630]/CE	-0.088	7.411	4
native_system/queue/running_reg/C	native_system/queue/queue_reg[2][1694]/CE	-0.088	7.411	4
native_system/queue/running_reg/C	native_system/queue/queue_reg[2][1826]/CE	-0.088	7.411	4
native_system/queue/running_reg/C	native_system/queue/queue_reg[2][1944]/CE	-0.088	7.411	4
native_system/queue/running_reg/C	native_system/queue/queue_reg[2][1958]/CE	-0.088	7.411	4
native_system/queue/running_reg/C	native_system/queue/queue_reg[2][2156]/CE	-0.088	7.411	4
native_system/queue/running_reg/C	native_system/queue/queue_reg[1][1282]/CE	-0.088	7.411	4
native_system/queue/running_reg/C	native_system/queue/queue_reg[1][1445]/CE	-0.088	7.411	4
native_system/queue/running_reg/C	native_system/queue/queue_reg[1][1509]/CE	-0.088	7.411	4
native_system/digital/boundary_reg/C	native_system/digital/bank/active_calibration_reg[44][5]/CE	-0.087	7.374	1
native_system/digital/boundary_reg/C	native_system/digital/bank/active_calibration_reg[44][7]/CE	-0.087	7.374	1
native_system/queue/running_reg/C	native_system/queue/queue_reg[3][344]/CE	-0.087	7.374	4
native_system/queue/running_reg/C	native_system/queue/queue_reg[3][406]/CE	-0.087	7.374	4
native_system/queue/running_reg/C	native_system/queue/queue_reg[3][506]/CE	-0.087	7.374	4
native_system/queue/running_reg/C	native_system/queue/queue_reg[3][870]/CE	-0.087	7.374	4
native_system/digital/reset_sync_reg[1]/C	native_system/digital/bank/shadow_calibration_reg[7][1]/CLR	-0.087	7.174	1
native_system/digital/cfg_reg[21][4]/C	native_system/digital/bank/shadow_calibration_reg[85][0]/CE	-0.087	7.166	1
native_system/digital/cfg_reg[21][4]/C	native_system/digital/bank/shadow_calibration_reg[85][1]/CE	-0.087	7.166	1
native_system/digital/cfg_reg[21][4]/C	native_system/digital/bank/shadow_calibration_reg[85][2]/CE	-0.087	7.166	1
native_system/digital/cfg_reg[21][4]/C	native_system/digital/bank/shadow_calibration_reg[85][3]/CE	-0.087	7.166	1
native_system/digital/cfg_reg[21][4]/C	native_system/digital/bank/shadow_requested_reg[85][1]/CE	-0.087	7.166	1
native_system/queue/running_reg/C	native_system/queue/queue_reg[3][2128]/CE	-0.087	7.374	4
native_system/queue/running_reg/C	native_system/queue/queue_reg[3][343]/CE	-0.087	7.374	4
native_system/queue/running_reg/C	native_system/queue/queue_reg[3][380]/CE	-0.087	7.374	4
native_system/queue/running_reg/C	native_system/queue/queue_reg[3][517]/CE	-0.087	7.374	4
native_system/queue/running_reg/C	native_system/queue/queue_reg[3][667]/CE	-0.087	7.374	4
native_system/digital/cfg_reg[22][2]/C	native_system/digital/bank/shadow_requested_reg[90][2]/D	-0.087	7.520	0
native_system/queue/running_reg/C	native_system/queue/queue_reg[3][1358]/CE	-0.086	7.373	4
native_system/queue/running_reg/C	native_system/queue/queue_reg[3][1392]/CE	-0.086	7.373	4
native_system/queue/running_reg/C	native_system/queue/queue_reg[3][1456]/CE	-0.086	7.373	4
native_system/queue/running_reg/C	native_system/queue/queue_reg[3][1911]/CE	-0.086	7.373	4
native_system/queue/running_reg/C	native_system/queue/queue_reg[3][2084]/CE	-0.086	7.373	4
native_system/queue/running_reg/C	native_system/queue/queue_reg[3][656]/CE	-0.086	7.373	4
native_system/queue/running_reg/C	native_system/queue/queue_reg[3][724]/CE	-0.086	7.373	4
native_system/queue/running_reg/C	native_system/queue/queue_reg[3][861]/CE	-0.086	7.373	4
native_system/digital/cfg_reg[21][1]/C	native_system/digital/bank/shadow_requested_reg[119][6]/CE	-0.085	7.372	1
native_system/digital/reset_sync_reg[1]/C	native_system/digital/adc/busy_sync_reg[0]/CLR	-0.085	7.172	1
native_system/digital/reset_sync_reg[1]/C	native_system/digital/adc/busy_sync_reg[1]/CLR	-0.085	7.172	1
native_system/digital/reset_sync_reg[1]/C	native_system/digital/adc/spi/finishing_reg/CLR	-0.085	7.172	1
native_system/queue/running_reg/C	native_system/queue/queue_reg[1][1099]/CE	-0.084	7.371	4
native_system/queue/running_reg/C	native_system/queue/queue_reg[1][1311]/CE	-0.084	7.371	4
native_system/queue/running_reg/C	native_system/queue/queue_reg[1][1321]/CE	-0.084	7.371	4
native_system/queue/running_reg/C	native_system/queue/queue_reg[1][1343]/CE	-0.084	7.371	4
native_system/queue/running_reg/C	native_system/queue/queue_reg[1][1365]/CE	-0.084	7.371	4
native_system/queue/running_reg/C	native_system/queue/queue_reg[1][1417]/CE	-0.084	7.371	4
native_system/queue/running_reg/C	native_system/queue/queue_reg[1][1024]/CE	-0.083	7.370	4
native_system/queue/running_reg/C	native_system/queue/queue_reg[1][1042]/CE	-0.083	7.370	4
native_system/queue/running_reg/C	native_system/queue/queue_reg[1][1117]/CE	-0.083	7.370	4
native_system/queue/running_reg/C	native_system/queue/queue_reg[1][1249]/CE	-0.083	7.370	4
native_system/queue/running_reg/C	native_system/queue/queue_reg[1][837]/CE	-0.083	7.370	4
native_system/digital/cfg_reg[22][2]/C	native_system/digital/bank/shadow_requested_reg[88][2]/D	-0.082	7.510	0
native_system/queue/running_reg/C	native_system/queue/queue_reg[2][168]/CE	-0.082	7.405	4
native_system/queue/running_reg/C	native_system/queue/queue_reg[3][375]/CE	-0.082	7.405	4
native_system/queue/running_reg/C	native_system/queue/queue_reg[3][422]/CE	-0.082	7.405	4
native_system/queue/running_reg/C	native_system/queue/queue_reg[0][1413]/CE	-0.082	7.405	4
native_system/queue/running_reg/C	native_system/queue/queue_reg[0][308]/CE	-0.082	7.405	4
native_system/queue/running_reg/C	native_system/queue/queue_reg[0][496]/CE	-0.082	7.405	4
native_system/queue/running_reg/C	native_system/queue/queue_reg[0][547]/CE	-0.082	7.405	4
native_system/queue/running_reg/C	native_system/queue/queue_reg[0][576]/CE	-0.082	7.405	4
native_system/queue/running_reg/C	native_system/queue/queue_reg[0][648]/CE	-0.082	7.405	4
native_system/queue/running_reg/C	native_system/queue/queue_reg[0][899]/CE	-0.082	7.405	4
native_system/digital/cfg_reg[22][11]/C	native_system/digital/bank/shadow_calibration_reg[89][3]/D	-0.082	7.479	0
native_system/digital/reset_sync_reg[1]/C	native_system/digital/adc/spi/sdi_reg/CLR	-0.081	7.168	1
native_system/queue/running_reg/C	native_system/queue/queue_reg[0][414]/CE	-0.078	7.365	4
native_system/queue/running_reg/C	native_system/queue/queue_reg[3][325]/CE	-0.078	7.365	4
native_system/queue/running_reg/C	native_system/queue/queue_reg[3][449]/CE	-0.078	7.365	4
native_system/queue/running_reg/C	native_system/queue/queue_reg[3][513]/CE	-0.078	7.365	4
native_system/queue/running_reg/C	native_system/queue/queue_reg[3][73]/CE	-0.078	7.365	4
native_system/queue/running_reg/C	native_system/queue/active_reg[1187]/CE	-0.078	7.401	3
native_system/queue/running_reg/C	native_system/queue/active_reg[1790]/CE	-0.078	7.401	3
native_system/queue/running_reg/C	native_system/queue/active_reg[712]/CE	-0.078	7.401	3
native_system/queue/rd_reg[1]_rep__7/C	native_system/queue/active_reg[1017]/D	-0.078	7.647	1
native_system/queue/running_reg/C	native_system/queue/queue_reg[3][1151]/CE	-0.077	7.364	4
native_system/queue/running_reg/C	native_system/queue/queue_reg[3][1297]/CE	-0.077	7.364	4
native_system/queue/running_reg/C	native_system/queue/queue_reg[3][1373]/CE	-0.077	7.364	4
native_system/queue/running_reg/C	native_system/queue/queue_reg[3][1500]/CE	-0.077	7.364	4
native_system/queue/running_reg/C	native_system/queue/queue_reg[3][1696]/CE	-0.077	7.364	4
native_system/queue/running_reg/C	native_system/queue/queue_reg[3][610]/CE	-0.077	7.364	4
native_system/queue/running_reg/C	native_system/queue/queue_reg[3][655]/CE	-0.077	7.364	4
native_system/queue/running_reg/C	native_system/queue/queue_reg[3][805]/CE	-0.077	7.364	4
native_system/queue/running_reg/C	native_system/queue/queue_reg[3][180]/CE	-0.077	7.364	4
native_system/queue/running_reg/C	native_system/queue/queue_reg[3][244]/CE	-0.077	7.364	4
native_system/queue/running_reg/C	native_system/queue/queue_reg[3][261]/CE	-0.077	7.364	4
native_system/queue/running_reg/C	native_system/queue/queue_reg[3][461]/CE	-0.077	7.364	4
native_system/queue/running_reg/C	native_system/queue/queue_reg[1][1111]/CE	-0.077	7.364	4
native_system/queue/running_reg/C	native_system/queue/queue_reg[1][1470]/CE	-0.077	7.364	4
native_system/queue/running_reg/C	native_system/queue/queue_reg[1][1608]/CE	-0.077	7.364	4
native_system/queue/running_reg/C	native_system/queue/queue_reg[1][1680]/CE	-0.077	7.364	4
native_system/queue/rd_reg[0]_rep__1/C	native_system/queue/active_reg[324]/D	-0.077	7.600	1
native_system/queue/running_reg/C	native_system/queue/active_reg[1376]/CE	-0.076	7.363	3
native_system/queue/running_reg/C	native_system/queue/active_reg[1639]/CE	-0.076	7.363	3
native_system/queue/running_reg/C	native_system/queue/active_reg[1704]/CE	-0.076	7.363	3
native_system/queue/running_reg/C	native_system/queue/active_reg[756]/CE	-0.076	7.363	3
native_system/queue/running_reg/C	native_system/queue/queue_reg[1][1039]/CE	-0.076	7.399	4
native_system/queue/running_reg/C	native_system/queue/queue_reg[1][1084]/CE	-0.076	7.399	4
native_system/queue/running_reg/C	native_system/queue/queue_reg[1][1152]/CE	-0.076	7.399	4
native_system/queue/running_reg/C	native_system/queue/queue_reg[1][1274]/CE	-0.076	7.399	4
native_system/queue/running_reg/C	native_system/queue/queue_reg[1][1322]/CE	-0.076	7.399	4
native_system/queue/running_reg/C	native_system/queue/queue_reg[1][1370]/CE	-0.076	7.399	4
native_system/queue/running_reg/C	native_system/queue/queue_reg[1][1498]/CE	-0.076	7.399	4
native_system/queue/running_reg/C	native_system/queue/queue_reg[1][972]/CE	-0.076	7.399	4
native_system/queue/running_reg/C	native_system/queue/queue_reg[1][1120]/CE	-0.074	7.361	4
native_system/queue/running_reg/C	native_system/queue/queue_reg[1][1190]/CE	-0.074	7.361	4
native_system/queue/running_reg/C	native_system/queue/queue_reg[1][1207]/CE	-0.074	7.361	4
native_system/queue/running_reg/C	native_system/queue/queue_reg[1][1254]/CE	-0.074	7.361	4
native_system/queue/running_reg/C	native_system/queue/queue_reg[1][1381]/CE	-0.074	7.361	4
native_system/queue/running_reg/C	native_system/queue/queue_reg[1][1499]/CE	-0.074	7.361	4
native_system/queue/running_reg/C	native_system/queue/queue_reg[1][845]/CE	-0.074	7.361	4
native_system/queue/running_reg/C	native_system/queue/queue_reg[1][961]/CE	-0.074	7.361	4
native_system/queue/rd_reg[1]_rep__7/C	native_system/queue/active_reg[877]/D	-0.074	7.645	1
native_system/digital/cfg_reg[22][0]/C	native_system/digital/bank/shadow_requested_reg[114][0]/D	-0.074	7.519	0
native_system/queue/bus_wdata_reg[0]/C	native_system/digital/cfg_reg[8][16]/CE	-0.074	7.397	5
native_system/queue/bus_wdata_reg[0]/C	native_system/digital/cfg_reg[8][17]/CE	-0.074	7.397	5
native_system/queue/bus_wdata_reg[0]/C	native_system/digital/cfg_reg[8][19]/CE	-0.074	7.397	5
native_system/digital/cfg_reg[21][4]/C	native_system/digital/bank/written_reg[85]/D	-0.074	7.597	2
native_system/digital/cfg_reg[22][4]/C	native_system/digital/bank/shadow_requested_reg[84][4]/D	-0.073	7.522	0
native_system/digital/cfg_reg[22][13]/C	native_system/digital/bank/shadow_calibration_reg[44][5]/D	-0.073	7.484	0
native_system/queue/running_reg/C	native_system/queue/queue_reg[3][1120]/CE	-0.072	7.359	4
native_system/queue/running_reg/C	native_system/queue/queue_reg[3][1185]/CE	-0.072	7.359	4
native_system/queue/running_reg/C	native_system/queue/queue_reg[3][1269]/CE	-0.072	7.359	4
native_system/queue/running_reg/C	native_system/queue/queue_reg[3][1309]/CE	-0.072	7.359	4
native_system/queue/running_reg/C	native_system/queue/queue_reg[3][1367]/CE	-0.072	7.359	4
native_system/queue/running_reg/C	native_system/queue/queue_reg[3][1378]/CE	-0.072	7.359	4
native_system/queue/running_reg/C	native_system/queue/queue_reg[3][1405]/CE	-0.072	7.359	4
native_system/queue/running_reg/C	native_system/queue/queue_reg[3][1506]/CE	-0.072	7.359	4
native_system/queue/running_reg/C	native_system/queue/queue_reg[3][1067]/CE	-0.070	7.357	4
native_system/queue/running_reg/C	native_system/queue/queue_reg[3][1207]/CE	-0.070	7.357	4
native_system/queue/running_reg/C	native_system/queue/queue_reg[3][1234]/CE	-0.070	7.357	4
native_system/queue/running_reg/C	native_system/queue/queue_reg[3][1254]/CE	-0.070	7.357	4
native_system/queue/running_reg/C	native_system/queue/queue_reg[3][1260]/CE	-0.070	7.357	4
native_system/queue/running_reg/C	native_system/queue/queue_reg[3][1324]/CE	-0.070	7.357	4
native_system/queue/running_reg/C	native_system/queue/queue_reg[3][1362]/CE	-0.070	7.357	4
native_system/queue/running_reg/C	native_system/queue/queue_reg[3][1717]/CE	-0.070	7.357	4
native_system/queue/running_reg/C	native_system/queue/queue_reg[2][1115]/CE	-0.070	7.357	4
native_system/queue/running_reg/C	native_system/queue/queue_reg[2][1164]/CE	-0.070	7.357	4
native_system/queue/running_reg/C	native_system/queue/queue_reg[2][1299]/CE	-0.070	7.357	4
native_system/queue/running_reg/C	native_system/queue/queue_reg[2][1510]/CE	-0.070	7.357	4
native_system/queue/running_reg/C	native_system/queue/queue_reg[2][304]/CE	-0.070	7.357	4
native_system/queue/running_reg/C	native_system/queue/queue_reg[2][589]/CE	-0.070	7.357	4
native_system/queue/running_reg/C	native_system/queue/queue_reg[2][645]/CE	-0.070	7.357	4
native_system/queue/bus_wdata_reg[0]/C	native_system/digital/cfg_reg[8][18]/CE	-0.070	7.393	5
native_system/queue/bus_wdata_reg[0]/C	native_system/digital/cfg_reg[8][20]/CE	-0.070	7.393	5
native_system/queue/bus_wdata_reg[0]/C	native_system/digital/cfg_reg[8][21]/CE	-0.070	7.393	5
native_system/queue/bus_wdata_reg[0]/C	native_system/digital/cfg_reg[8][23]/CE	-0.070	7.393	5
native_system/queue/bus_wdata_reg[0]/C	native_system/digital/cfg_reg[8][24]/CE	-0.070	7.393	5
native_system/queue/bus_wdata_reg[0]/C	native_system/digital/cfg_reg[8][26]/CE	-0.070	7.393	5
native_system/queue/running_reg/C	native_system/queue/queue_reg[3][232]/CE	-0.069	7.392	4
native_system/queue/running_reg/C	native_system/queue/queue_reg[3][291]/CE	-0.069	7.392	4
native_system/queue/running_reg/C	native_system/queue/queue_reg[3][583]/CE	-0.069	7.392	4
native_system/queue/running_reg/C	native_system/queue/active_reg[1374]/CE	-0.068	7.355	3
native_system/queue/running_reg/C	native_system/queue/active_reg[1690]/CE	-0.068	7.355	3
native_system/queue/running_reg/C	native_system/queue/active_reg[1768]/CE	-0.068	7.355	3
native_system/queue/running_reg/C	native_system/queue/active_reg[1890]/CE	-0.068	7.355	3
native_system/queue/running_reg/C	native_system/queue/queue_reg[2][1026]/CE	-0.068	7.355	4
native_system/queue/running_reg/C	native_system/queue/queue_reg[2][1034]/CE	-0.068	7.355	4
native_system/queue/running_reg/C	native_system/queue/queue_reg[2][1333]/CE	-0.068	7.355	4
native_system/queue/running_reg/C	native_system/queue/queue_reg[2][1656]/CE	-0.068	7.355	4
native_system/queue/running_reg/C	native_system/queue/queue_reg[2][441]/CE	-0.068	7.355	4
native_system/queue/running_reg/C	native_system/queue/queue_reg[2][593]/CE	-0.068	7.355	4
native_system/queue/running_reg/C	native_system/queue/queue_reg[2][781]/CE	-0.068	7.355	4
native_system/queue/running_reg/C	native_system/queue/queue_reg[2][980]/CE	-0.068	7.355	4
native_system/digital/master_phase_reg[7]/C	native_system/digital/serial/serial_data_reg[20]/CE	-0.068	7.391	3
native_system/digital/cfg_reg[21][4]/C	native_system/digital/bank/shadow_mask_reg[83]/CE	-0.068	7.391	1
native_system/queue/running_reg/C	native_system/queue/queue_reg[2][1842]/CE	-0.068	7.355	4
native_system/queue/running_reg/C	native_system/queue/queue_reg[2][1855]/CE	-0.068	7.355	4
native_system/queue/running_reg/C	native_system/queue/queue_reg[2][1877]/CE	-0.068	7.355	4
native_system/queue/running_reg/C	native_system/queue/queue_reg[2][1929]/CE	-0.068	7.355	4
native_system/queue/running_reg/C	native_system/queue/queue_reg[2][1957]/CE	-0.068	7.355	4
native_system/queue/running_reg/C	native_system/queue/queue_reg[2][664]/CE	-0.068	7.355	4
native_system/queue/running_reg/C	native_system/queue/queue_reg[2][914]/CE	-0.068	7.355	4
native_system/queue/running_reg/C	native_system/queue/queue_reg[2][938]/CE	-0.068	7.355	4
native_system/digital/reset_sync_reg[1]/C	native_system/digital/bank/active_calibration_reg[32][1]/CLR	-0.067	7.154	1
native_system/digital/reset_sync_reg[1]/C	native_system/digital/bank/active_requested_reg[32][1]/CLR	-0.067	7.154	1
native_system/queue/running_reg/C	native_system/queue/queue_reg[1][180]/CE	-0.067	7.354	4
native_system/queue/running_reg/C	native_system/queue/queue_reg[1][181]/CE	-0.067	7.354	4
native_system/queue/running_reg/C	native_system/queue/queue_reg[1][244]/CE	-0.067	7.354	4
native_system/queue/running_reg/C	native_system/queue/queue_reg[1][261]/CE	-0.067	7.354	4
native_system/queue/running_reg/C	native_system/queue/queue_reg[1][29]/CE	-0.067	7.354	4
native_system/queue/running_reg/C	native_system/queue/queue_reg[1][325]/CE	-0.067	7.354	4
native_system/queue/running_reg/C	native_system/queue/queue_reg[1][449]/CE	-0.067	7.354	4
native_system/queue/running_reg/C	native_system/queue/queue_reg[1][461]/CE	-0.067	7.354	4
native_system/queue/running_reg/C	native_system/queue/queue_reg[1][513]/CE	-0.067	7.354	4
native_system/queue/running_reg/C	native_system/queue/queue_reg[1][53]/CE	-0.067	7.354	4
native_system/queue/running_reg/C	native_system/queue/queue_reg[1][73]/CE	-0.067	7.354	4
native_system/queue/running_reg/C	native_system/queue/queue_reg[1][93]/CE	-0.067	7.354	4
native_system/queue/rd_reg[1]_rep__16/C	native_system/queue/active_reg[1546]/D	-0.066	7.587	1
native_system/queue/running_reg/C	native_system/queue/queue_reg[2][1311]/CE	-0.064	7.351	4
native_system/queue/running_reg/C	native_system/queue/queue_reg[2][1343]/CE	-0.064	7.351	4
native_system/queue/running_reg/C	native_system/queue/queue_reg[2][1365]/CE	-0.064	7.351	4
native_system/queue/running_reg/C	native_system/queue/queue_reg[2][1369]/CE	-0.064	7.351	4
native_system/queue/running_reg/C	native_system/queue/queue_reg[2][1402]/CE	-0.064	7.351	4
native_system/queue/running_reg/C	native_system/queue/queue_reg[2][1407]/CE	-0.064	7.351	4
native_system/queue/running_reg/C	native_system/queue/queue_reg[2][1417]/CE	-0.064	7.351	4
native_system/digital/cfg_reg[22][11]/C	native_system/digital/bank/shadow_calibration_reg[121][3]/D	-0.064	7.489	0
native_system/queue/running_reg/C	native_system/queue/queue_reg[1][1000]/CE	-0.064	7.351	4
native_system/queue/running_reg/C	native_system/queue/queue_reg[1][272]/CE	-0.064	7.351	4
native_system/queue/running_reg/C	native_system/queue/queue_reg[1][313]/CE	-0.064	7.351	4
native_system/queue/running_reg/C	native_system/queue/queue_reg[1][784]/CE	-0.064	7.351	4
native_system/queue/running_reg/C	native_system/queue/queue_reg[1][898]/CE	-0.064	7.351	4
native_system/queue/running_reg/C	native_system/queue/queue_reg[1][920]/CE	-0.064	7.351	4
native_system/queue/running_reg/C	native_system/queue/queue_reg[2][1310]/CE	-0.064	7.351	4
native_system/queue/running_reg/C	native_system/queue/queue_reg[2][1542]/CE	-0.064	7.351	4
native_system/queue/running_reg/C	native_system/queue/queue_reg[2][1952]/CE	-0.064	7.351	4
native_system/queue/running_reg/C	native_system/queue/queue_reg[2][2006]/CE	-0.064	7.351	4
native_system/queue/running_reg/C	native_system/queue/queue_reg[2][613]/CE	-0.064	7.351	4
native_system/queue/running_reg/C	native_system/queue/queue_reg[2][921]/CE	-0.064	7.351	4
native_system/queue/running_reg/C	native_system/queue/queue_reg[2][1625]/CE	-0.063	7.350	4
native_system/queue/running_reg/C	native_system/queue/queue_reg[2][1627]/CE	-0.063	7.350	4
native_system/queue/running_reg/C	native_system/queue/queue_reg[2][1695]/CE	-0.063	7.350	4
native_system/queue/running_reg/C	native_system/queue/queue_reg[2][1713]/CE	-0.063	7.350	4
native_system/queue/running_reg/C	native_system/queue/queue_reg[2][1723]/CE	-0.063	7.350	4
native_system/queue/running_reg/C	native_system/queue/queue_reg[2][1761]/CE	-0.063	7.350	4
native_system/queue/running_reg/C	native_system/queue/queue_reg[2][1816]/CE	-0.063	7.350	4
native_system/queue/running_reg/C	native_system/queue/queue_reg[2][826]/CE	-0.063	7.350	4
native_system/queue/running_reg/C	native_system/queue/queue_reg[1][1065]/CE	-0.062	7.385	4
native_system/queue/running_reg/C	native_system/queue/queue_reg[1][1113]/CE	-0.062	7.385	4
native_system/queue/running_reg/C	native_system/queue/queue_reg[1][1349]/CE	-0.062	7.385	4
native_system/queue/running_reg/C	native_system/queue/queue_reg[1][1359]/CE	-0.062	7.385	4
native_system/queue/running_reg/C	native_system/queue/queue_reg[1][1447]/CE	-0.062	7.385	4
native_system/queue/running_reg/C	native_system/queue/queue_reg[1][1507]/CE	-0.062	7.385	4
native_system/queue/running_reg/C	native_system/queue/queue_reg[1][1514]/CE	-0.062	7.385	4
native_system/queue/running_reg/C	native_system/queue/queue_reg[1][1616]/CE	-0.062	7.385	4
native_system/queue/rd_reg[1]_rep__16/C	native_system/queue/active_reg[1870]/D	-0.062	7.585	1
native_system/queue/running_reg/C	native_system/queue/queue_reg[3][1440]/CE	-0.062	7.349	4
native_system/queue/running_reg/C	native_system/queue/queue_reg[3][1536]/CE	-0.062	7.349	4
native_system/queue/running_reg/C	native_system/queue/queue_reg[3][1551]/CE	-0.062	7.349	4
native_system/queue/running_reg/C	native_system/queue/queue_reg[3][1598]/CE	-0.062	7.349	4
native_system/queue/running_reg/C	native_system/queue/queue_reg[3][1618]/CE	-0.062	7.349	4
native_system/queue/running_reg/C	native_system/queue/queue_reg[3][1822]/CE	-0.062	7.349	4
native_system/queue/running_reg/C	native_system/queue/queue_reg[3][2050]/CE	-0.062	7.349	4
native_system/queue/running_reg/C	native_system/queue/queue_reg[3][2148]/CE	-0.062	7.349	4
native_system/digital/boundary_reg/C	native_system/digital/bank/active_calibration_reg[57][5]/CE	-0.061	7.384	1
native_system/digital/boundary_reg/C	native_system/digital/bank/active_calibration_reg[57][7]/CE	-0.061	7.384	1
native_system/digital/boundary_reg/C	native_system/digital/bank/active_requested_reg[44][6]/CE	-0.061	7.384	1
native_system/digital/boundary_reg/C	native_system/digital/bank/active_requested_reg[44][7]/CE	-0.061	7.384	1
native_system/digital/cfg_reg[21][4]/C	native_system/digital/bank/written_reg[98]/D	-0.061	7.632	2
native_system/digital/reset_sync_reg[1]/C	native_system/digital/adc/spi/length_reg[4]/CLR	-0.061	7.148	1
native_system/queue/running_reg/C	native_system/queue/queue_reg[3][1075]/CE	-0.061	7.348	4
native_system/queue/running_reg/C	native_system/queue/queue_reg[3][1484]/CE	-0.061	7.348	4
native_system/queue/running_reg/C	native_system/queue/queue_reg[3][1672]/CE	-0.061	7.348	4
native_system/queue/running_reg/C	native_system/queue/queue_reg[3][1776]/CE	-0.061	7.348	4
native_system/queue/running_reg/C	native_system/queue/queue_reg[3][624]/CE	-0.061	7.348	4
native_system/queue/running_reg/C	native_system/queue/queue_reg[3][753]/CE	-0.061	7.348	4
native_system/queue/running_reg/C	native_system/queue/queue_reg[1][1102]/CE	-0.060	7.383	4
native_system/queue/running_reg/C	native_system/queue/queue_reg[1][1122]/CE	-0.060	7.383	4
native_system/queue/running_reg/C	native_system/queue/queue_reg[1][1154]/CE	-0.060	7.383	4
native_system/queue/running_reg/C	native_system/queue/queue_reg[1][1380]/CE	-0.060	7.383	4
native_system/queue/running_reg/C	native_system/queue/queue_reg[1][1388]/CE	-0.060	7.383	4
native_system/queue/running_reg/C	native_system/queue/queue_reg[1][1405]/CE	-0.060	7.383	4
native_system/queue/running_reg/C	native_system/queue/queue_reg[1][1491]/CE	-0.060	7.383	4
native_system/queue/running_reg/C	native_system/queue/queue_reg[1][1516]/CE	-0.060	7.383	4
native_system/digital/scheduler/issued_reg[1]/C	native_system/digital/scheduler/state_reg[0]/D	-0.060	7.581	13
native_system/queue/running_reg/C	native_system/queue/queue_reg[2][1833]/CE	-0.060	7.347	4
native_system/queue/running_reg/C	native_system/queue/queue_reg[2][2154]/CE	-0.060	7.347	4
native_system/queue/running_reg/C	native_system/queue/queue_reg[2][239]/CE	-0.060	7.347	4
native_system/queue/running_reg/C	native_system/queue/queue_reg[2][35]/CE	-0.060	7.347	4
native_system/queue/running_reg/C	native_system/queue/queue_reg[2][798]/CE	-0.060	7.347	4
native_system/queue/running_reg/C	native_system/queue/queue_reg[2][91]/CE	-0.060	7.347	4
native_system/queue/bus_wdata_reg[29]/C	native_system/digital/cfg_reg[3][25]/CE	-0.060	7.347	6
native_system/queue/running_reg/C	native_system/queue/queue_reg[3][2141]/CE	-0.060	7.347	4
native_system/queue/running_reg/C	native_system/queue/queue_reg[3][48]/CE	-0.060	7.347	4
native_system/queue/running_reg/C	native_system/queue/queue_reg[0][1852]/CE	-0.060	7.347	4
native_system/queue/running_reg/C	native_system/queue/queue_reg[0][1925]/CE	-0.060	7.347	4
native_system/queue/running_reg/C	native_system/queue/queue_reg[0][1930]/CE	-0.060	7.347	4
native_system/queue/running_reg/C	native_system/queue/queue_reg[0][1994]/CE	-0.060	7.347	4
native_system/queue/running_reg/C	native_system/queue/queue_reg[0][2105]/CE	-0.060	7.347	4
native_system/queue/running_reg/C	native_system/queue/queue_reg[0][2119]/CE	-0.060	7.347	4
native_system/queue/running_reg/C	native_system/queue/queue_reg[0][859]/CE	-0.060	7.347	4
native_system/queue/running_reg/C	native_system/queue/queue_reg[0][939]/CE	-0.060	7.347	4
native_system/queue/running_reg/C	native_system/queue/active_reg[1438]/CE	-0.059	7.382	3
native_system/queue/running_reg/C	native_system/queue/active_reg[1736]/CE	-0.059	7.382	3
native_system/queue/running_reg/C	native_system/queue/active_reg[1751]/CE	-0.059	7.382	3
native_system/queue/running_reg/C	native_system/queue/active_reg[1864]/CE	-0.059	7.382	3
native_system/queue/running_reg/C	native_system/queue/queue_reg[2][1012]/CE	-0.059	7.382	4
native_system/queue/running_reg/C	native_system/queue/queue_reg[2][1750]/CE	-0.059	7.382	4
native_system/queue/running_reg/C	native_system/queue/queue_reg[2][636]/CE	-0.059	7.382	4
native_system/queue/running_reg/C	native_system/queue/queue_reg[2][649]/CE	-0.059	7.382	4
native_system/queue/running_reg/C	native_system/queue/queue_reg[2][723]/CE	-0.059	7.382	4
native_system/digital/master_phase_reg[0]_rep/C	native_system/digital/serial/captured_reg[68]/D	-0.058	7.579	4
native_system/digital/cfg_reg[21][4]/C	native_system/digital/bank/shadow_calibration_reg[90][4]/CE	-0.058	7.173	1
native_system/digital/cfg_reg[21][4]/C	native_system/digital/bank/shadow_requested_reg[90][2]/CE	-0.058	7.173	1
native_system/digital/cfg_reg[21][4]/C	native_system/digital/bank/shadow_requested_reg[90][3]/CE	-0.058	7.173	1
native_system/digital/master_phase_reg[7]/C	native_system/digital/serial/captured_reg[44]/CE	-0.057	7.380	2
native_system/digital/master_phase_reg[7]/C	native_system/digital/serial/captured_reg[46]/CE	-0.057	7.380	2
native_system/queue/running_reg/C	native_system/queue/queue_reg[3][1031]/CE	-0.057	7.344	4
native_system/queue/running_reg/C	native_system/queue/queue_reg[3][1110]/CE	-0.057	7.344	4
native_system/queue/running_reg/C	native_system/queue/queue_reg[3][1356]/CE	-0.057	7.344	4
native_system/queue/running_reg/C	native_system/queue/queue_reg[3][804]/CE	-0.057	7.344	4
native_system/queue/bus_wdata_reg[29]/C	native_system/digital/cfg_reg[7][11]/CE	-0.057	7.344	6
native_system/queue/bus_wdata_reg[29]/C	native_system/digital/cfg_reg[7][2]/CE	-0.057	7.344	6
native_system/queue/bus_wdata_reg[29]/C	native_system/digital/cfg_reg[7][6]/CE	-0.057	7.344	6
native_system/queue/running_reg/C	native_system/queue/queue_reg[3][1039]/CE	-0.057	7.344	4
native_system/queue/running_reg/C	native_system/queue/queue_reg[3][1088]/CE	-0.057	7.344	4
native_system/queue/running_reg/C	native_system/queue/queue_reg[3][1126]/CE	-0.057	7.344	4
native_system/queue/running_reg/C	native_system/queue/queue_reg[3][1152]/CE	-0.057	7.344	4
native_system/queue/running_reg/C	native_system/queue/queue_reg[3][1354]/CE	-0.057	7.344	4
native_system/queue/running_reg/C	native_system/queue/queue_reg[3][1453]/CE	-0.057	7.344	4
native_system/queue/running_reg/C	native_system/queue/queue_reg[3][1663]/CE	-0.057	7.344	4
native_system/queue/running_reg/C	native_system/queue/queue_reg[2][1413]/CE	-0.057	7.344	4
native_system/queue/running_reg/C	native_system/queue/queue_reg[2][308]/CE	-0.057	7.344	4
native_system/queue/running_reg/C	native_system/queue/queue_reg[2][496]/CE	-0.057	7.344	4
native_system/queue/running_reg/C	native_system/queue/queue_reg[2][648]/CE	-0.057	7.344	4
native_system/queue/running_reg/C	native_system/queue/queue_reg[2][808]/CE	-0.057	7.344	4
native_system/queue/running_reg/C	native_system/queue/queue_reg[2][839]/CE	-0.057	7.344	4
native_system/queue/running_reg/C	native_system/queue/queue_reg[2][899]/CE	-0.057	7.344	4
native_system/queue/running_reg/C	native_system/queue/queue_reg[2][924]/CE	-0.057	7.344	4
native_system/queue/running_reg/C	native_system/queue/queue_reg[1][1402]/CE	-0.057	7.380	4
native_system/queue/running_reg/C	native_system/queue/queue_reg[1][1407]/CE	-0.057	7.380	4
native_system/queue/running_reg/C	native_system/queue/queue_reg[1][1413]/CE	-0.057	7.380	4
native_system/queue/running_reg/C	native_system/queue/queue_reg[1][648]/CE	-0.057	7.380	4
native_system/queue/running_reg/C	native_system/queue/queue_reg[1][808]/CE	-0.057	7.380	4
native_system/queue/running_reg/C	native_system/queue/queue_reg[1][899]/CE	-0.057	7.380	4
native_system/queue/running_reg/C	native_system/queue/active_reg[1520]/CE	-0.056	7.379	3
native_system/queue/running_reg/C	native_system/queue/active_reg[632]/CE	-0.056	7.379	3
native_system/digital/cfg_reg[22][6]/C	native_system/digital/bank/shadow_requested_reg[85][6]/D	-0.055	7.476	0
native_system/queue/running_reg/C	native_system/queue/queue_reg[1][1019]/CE	-0.055	7.342	4
native_system/queue/running_reg/C	native_system/queue/queue_reg[1][1842]/CE	-0.055	7.342	4
native_system/queue/running_reg/C	native_system/queue/queue_reg[1][1855]/CE	-0.055	7.342	4
native_system/queue/running_reg/C	native_system/queue/queue_reg[1][1913]/CE	-0.055	7.342	4
native_system/queue/running_reg/C	native_system/queue/queue_reg[1][1957]/CE	-0.055	7.342	4
native_system/queue/running_reg/C	native_system/queue/queue_reg[1][1983]/CE	-0.055	7.342	4
native_system/queue/running_reg/C	native_system/queue/queue_reg[1][2047]/CE	-0.055	7.342	4
native_system/queue/running_reg/C	native_system/queue/queue_reg[1][786]/CE	-0.055	7.342	4
native_system/queue/bus_wdata_reg[29]/C	native_system/digital/cfg_reg[11][18]/CE	-0.054	7.377	6
native_system/queue/bus_wdata_reg[29]/C	native_system/digital/cfg_reg[11][20]/CE	-0.054	7.377	6
native_system/queue/bus_wdata_reg[29]/C	native_system/digital/cfg_reg[11][21]/CE	-0.054	7.377	6
native_system/queue/bus_wdata_reg[29]/C	native_system/digital/cfg_reg[11][22]/CE	-0.054	7.377	6
native_system/queue/bus_wdata_reg[29]/C	native_system/digital/cfg_reg[11][25]/CE	-0.054	7.377	6
native_system/queue/bus_wdata_reg[29]/C	native_system/digital/cfg_reg[11][27]/CE	-0.054	7.377	6
native_system/queue/bus_wdata_reg[29]/C	native_system/digital/cfg_reg[11][28]/CE	-0.054	7.377	6
native_system/queue/bus_wdata_reg[29]/C	native_system/digital/cfg_reg[11][29]/CE	-0.054	7.377	6
native_system/digital/bank/command_error_reg/C	native_system/digital/serial/captured_reg[112]/D	-0.053	7.626	4
native_system/queue/running_reg/C	native_system/queue/queue_reg[1][1588]/CE	-0.052	7.339	4
native_system/queue/running_reg/C	native_system/queue/queue_reg[1][1611]/CE	-0.052	7.339	4
native_system/queue/running_reg/C	native_system/queue/queue_reg[1][1810]/CE	-0.052	7.339	4
native_system/queue/running_reg/C	native_system/queue/queue_reg[1][1950]/CE	-0.052	7.339	4
native_system/queue/running_reg/C	native_system/queue/active_reg[1352]/CE	-0.052	7.339	3
native_system/queue/running_reg/C	native_system/queue/active_reg[1528]/CE	-0.052	7.339	3
native_system/queue/running_reg/C	native_system/queue/active_reg[1708]/CE	-0.052	7.339	3
native_system/queue/running_reg/C	native_system/queue/active_reg[1030]/CE	-0.052	7.375	3
native_system/queue/running_reg/C	native_system/queue/active_reg[1361]/CE	-0.052	7.375	3
native_system/queue/running_reg/C	native_system/queue/active_reg[936]/CE	-0.052	7.375	3
native_system/queue/running_reg/C	native_system/queue/queue_reg[0][704]/CE	-0.052	7.339	4
native_system/queue/running_reg/C	native_system/queue/queue_reg[0][716]/CE	-0.052	7.339	4
native_system/queue/running_reg/C	native_system/queue/queue_reg[0][730]/CE	-0.052	7.339	4
native_system/queue/running_reg/C	native_system/queue/queue_reg[0][898]/CE	-0.052	7.339	4
native_system/queue/running_reg/C	native_system/queue/queue_reg[0][920]/CE	-0.052	7.339	4
native_system/queue/running_reg/C	native_system/queue/queue_reg[2][275]/CE	-0.052	7.339	4
native_system/digital/cfg_reg[22][2]/C	native_system/digital/bank/shadow_requested_reg[35][2]/D	-0.051	7.481	0
native_system/queue/running_reg/C	native_system/queue/queue_reg[1][1083]/CE	-0.051	7.374	4
native_system/queue/running_reg/C	native_system/queue/queue_reg[1][1189]/CE	-0.051	7.374	4
native_system/queue/running_reg/C	native_system/queue/queue_reg[1][1211]/CE	-0.051	7.374	4
native_system/queue/running_reg/C	native_system/queue/queue_reg[1][1223]/CE	-0.051	7.374	4
native_system/queue/running_reg/C	native_system/queue/queue_reg[1][1391]/CE	-0.051	7.374	4
native_system/queue/running_reg/C	native_system/queue/queue_reg[1][1395]/CE	-0.051	7.374	4
native_system/queue/running_reg/C	native_system/queue/queue_reg[1][1423]/CE	-0.051	7.374	4
native_system/queue/running_reg/C	native_system/queue/queue_reg[1][1455]/CE	-0.051	7.374	4
native_system/queue/running_reg/C	native_system/queue/queue_reg[1][1131]/CE	-0.051	7.338	4
native_system/queue/running_reg/C	native_system/queue/queue_reg[1][1295]/CE	-0.051	7.338	4
native_system/queue/running_reg/C	native_system/queue/queue_reg[1][1474]/CE	-0.051	7.338	4
native_system/queue/running_reg/C	native_system/queue/queue_reg[1][1518]/CE	-0.051	7.338	4
native_system/queue/running_reg/C	native_system/queue/queue_reg[1][536]/CE	-0.051	7.338	4
native_system/queue/running_reg/C	native_system/queue/queue_reg[1][545]/CE	-0.051	7.338	4
native_system/queue/running_reg/C	native_system/queue/queue_reg[1][841]/CE	-0.051	7.338	4
native_system/queue/running_reg/C	native_system/queue/queue_reg[1][889]/CE	-0.051	7.338	4
native_system/queue/running_reg/C	native_system/queue/queue_reg[0][2132]/CE	-0.051	7.338	4
native_system/queue/running_reg/C	native_system/queue/queue_reg[0][2161]/CE	-0.051	7.338	4
native_system/queue/running_reg/C	native_system/queue/queue_reg[0][216]/CE	-0.051	7.338	4
native_system/queue/running_reg/C	native_system/queue/queue_reg[0][408]/CE	-0.051	7.338	4
native_system/queue/running_reg/C	native_system/queue/queue_reg[2][1328]/CE	-0.050	7.373	4
native_system/queue/running_reg/C	native_system/queue/queue_reg[2][1462]/CE	-0.050	7.373	4
native_system/queue/running_reg/C	native_system/queue/queue_reg[2][1480]/CE	-0.050	7.373	4
native_system/queue/running_reg/C	native_system/queue/queue_reg[2][1554]/CE	-0.050	7.373	4
native_system/queue/running_reg/C	native_system/queue/queue_reg[2][1574]/CE	-0.050	7.373	4
native_system/queue/running_reg/C	native_system/queue/queue_reg[2][1854]/CE	-0.050	7.373	4
native_system/queue/running_reg/C	native_system/queue/queue_reg[2][1886]/CE	-0.050	7.373	4
native_system/queue/running_reg/C	native_system/queue/queue_reg[2][2008]/CE	-0.050	7.373	4
native_system/queue/running_reg/C	native_system/queue/queue_reg[3][1877]/CE	-0.050	7.337	4
native_system/queue/running_reg/C	native_system/queue/queue_reg[3][1929]/CE	-0.050	7.337	4
native_system/queue/running_reg/C	native_system/queue/queue_reg[3][2017]/CE	-0.050	7.337	4
native_system/queue/running_reg/C	native_system/queue/queue_reg[3][2029]/CE	-0.050	7.337	4
native_system/queue/running_reg/C	native_system/queue/queue_reg[3][227]/CE	-0.050	7.337	4
native_system/queue/running_reg/C	native_system/queue/queue_reg[3][914]/CE	-0.050	7.337	4
native_system/queue/running_reg/C	native_system/queue/queue_reg[3][938]/CE	-0.050	7.337	4
native_system/queue/running_reg/C	native_system/queue/queue_reg[3][994]/CE	-0.050	7.337	4
native_system/digital/cfg_reg[21][4]/C	native_system/digital/bank/shadow_calibration_reg[109][6]/CE	-0.049	7.134	1
native_system/digital/cfg_reg[21][4]/C	native_system/digital/bank/shadow_calibration_reg[109][7]/CE	-0.049	7.134	1
native_system/digital/cfg_reg[21][4]/C	native_system/digital/bank/shadow_mask_reg[109]/CE	-0.049	7.134	1
native_system/queue/bus_wdata_reg[29]/C	native_system/digital/cfg_reg[7][8]/CE	-0.048	7.335	6
native_system/queue/running_reg/C	native_system/queue/queue_reg[0][1163]/CE	-0.048	7.335	4
native_system/queue/running_reg/C	native_system/queue/queue_reg[0][361]/CE	-0.048	7.335	4
native_system/queue/running_reg/C	native_system/queue/queue_reg[0][500]/CE	-0.048	7.335	4
native_system/queue/running_reg/C	native_system/queue/queue_reg[0][563]/CE	-0.048	7.335	4
native_system/queue/running_reg/C	native_system/queue/queue_reg[0][782]/CE	-0.048	7.335	4
native_system/digital/master_phase_reg[7]/C	native_system/digital/serial/captured_reg[57]/CE	-0.047	7.334	2
native_system/digital/master_phase_reg[4]_rep/C	native_system/digital/serial/captured_reg[44]/D	-0.046	7.615	2
native_system/queue/running_reg/C	native_system/queue/queue_reg[0][1009]/CE	-0.046	7.369	4
native_system/queue/running_reg/C	native_system/queue/queue_reg[0][1255]/CE	-0.046	7.369	4
native_system/queue/running_reg/C	native_system/queue/queue_reg[0][1406]/CE	-0.046	7.369	4
native_system/queue/running_reg/C	native_system/queue/queue_reg[0][1562]/CE	-0.046	7.369	4
native_system/queue/running_reg/C	native_system/queue/queue_reg[0][1754]/CE	-0.046	7.369	4
native_system/queue/running_reg/C	native_system/queue/queue_reg[0][1766]/CE	-0.046	7.369	4
native_system/queue/running_reg/C	native_system/queue/queue_reg[0][612]/CE	-0.046	7.369	4
native_system/queue/running_reg/C	native_system/queue/queue_reg[0][788]/CE	-0.046	7.369	4
native_system/queue/bus_wdata_reg[29]/C	native_system/digital/cfg_reg[21][8]/CE	-0.046	7.369	6
native_system/digital/boundary_reg/C	native_system/digital/bank/active_calibration_reg[57][4]/CE	-0.045	7.368	1
native_system/digital/boundary_reg/C	native_system/digital/bank/active_requested_reg[57][5]/CE	-0.045	7.368	1
native_system/digital/boundary_reg/C	native_system/digital/bank/active_requested_reg[57][6]/CE	-0.045	7.368	1
native_system/queue/running_reg/C	native_system/queue/queue_reg[0][103]/CE	-0.044	7.331	4
native_system/queue/running_reg/C	native_system/queue/queue_reg[0][1825]/CE	-0.044	7.331	4
native_system/queue/running_reg/C	native_system/queue/queue_reg[0][1891]/CE	-0.044	7.331	4
native_system/queue/running_reg/C	native_system/queue/queue_reg[0][1955]/CE	-0.044	7.331	4
native_system/queue/running_reg/C	native_system/queue/queue_reg[0][1997]/CE	-0.044	7.331	4
native_system/queue/running_reg/C	native_system/queue/queue_reg[0][2002]/CE	-0.044	7.331	4
native_system/queue/running_reg/C	native_system/queue/queue_reg[0][2144]/CE	-0.044	7.331	4
native_system/queue/running_reg/C	native_system/queue/queue_reg[0][999]/CE	-0.044	7.331	4
native_system/queue/running_reg/C	native_system/queue/queue_reg[2][1096]/CE	-0.044	7.331	4
native_system/queue/running_reg/C	native_system/queue/queue_reg[2][1372]/CE	-0.044	7.331	4
native_system/queue/running_reg/C	native_system/queue/queue_reg[2][1500]/CE	-0.044	7.331	4
native_system/queue/running_reg/C	native_system/queue/queue_reg[2][1696]/CE	-0.044	7.331	4
native_system/queue/running_reg/C	native_system/queue/queue_reg[2][580]/CE	-0.044	7.331	4
native_system/queue/running_reg/C	native_system/queue/queue_reg[2][655]/CE	-0.044	7.331	4
native_system/queue/running_reg/C	native_system/queue/queue_reg[2][677]/CE	-0.044	7.331	4
native_system/queue/running_reg/C	native_system/queue/queue_reg[2][932]/CE	-0.044	7.331	4
native_system/queue/running_reg/C	native_system/queue/active_reg[1247]/CE	-0.043	7.330	3
native_system/queue/running_reg/C	native_system/queue/active_reg[1714]/CE	-0.043	7.330	3
native_system/digital/boundary_reg/C	native_system/digital/bank/active_calibration_reg[73][1]/CE	-0.042	7.329	1
native_system/digital/boundary_reg/C	native_system/digital/bank/active_calibration_reg[73][6]/CE	-0.042	7.329	1
native_system/digital/boundary_reg/C	native_system/digital/bank/active_requested_reg[73][0]/CE	-0.042	7.329	1
native_system/queue/running_reg/C	native_system/queue/queue_reg[3][1024]/CE	-0.042	7.329	4
native_system/queue/running_reg/C	native_system/queue/queue_reg[3][1118]/CE	-0.042	7.329	4
native_system/queue/running_reg/C	native_system/queue/queue_reg[3][1190]/CE	-0.042	7.329	4
native_system/queue/running_reg/C	native_system/queue/queue_reg[3][1274]/CE	-0.042	7.329	4
native_system/queue/running_reg/C	native_system/queue/queue_reg[3][1294]/CE	-0.042	7.329	4
native_system/queue/running_reg/C	native_system/queue/queue_reg[3][1490]/CE	-0.042	7.329	4
native_system/queue/running_reg/C	native_system/queue/queue_reg[3][773]/CE	-0.042	7.329	4
native_system/queue/running_reg/C	native_system/queue/queue_reg[3][972]/CE	-0.042	7.329	4
native_system/queue/running_reg/C	native_system/queue/queue_reg[2][1003]/CE	-0.041	7.364	4
native_system/queue/running_reg/C	native_system/queue/queue_reg[2][1593]/CE	-0.041	7.364	4
native_system/queue/running_reg/C	native_system/queue/queue_reg[2][1885]/CE	-0.041	7.364	4
native_system/queue/running_reg/C	native_system/queue/queue_reg[2][2083]/CE	-0.041	7.364	4
native_system/queue/running_reg/C	native_system/queue/queue_reg[2][2139]/CE	-0.041	7.364	4
native_system/queue/running_reg/C	native_system/queue/queue_reg[2][598]/CE	-0.041	7.364	4
native_system/queue/running_reg/C	native_system/queue/queue_reg[2][791]/CE	-0.041	7.364	4
native_system/queue/running_reg/C	native_system/queue/queue_reg[2][838]/CE	-0.041	7.364	4
native_system/queue/running_reg/C	native_system/queue/active_reg[1032]/CE	-0.040	7.363	3
native_system/queue/running_reg/C	native_system/queue/active_reg[1063]/CE	-0.040	7.363	3
native_system/queue/running_reg/C	native_system/queue/active_reg[1336]/CE	-0.040	7.363	3
native_system/queue/running_reg/C	native_system/queue/active_reg[1470]/CE	-0.040	7.363	3
native_system/queue/running_reg/C	native_system/queue/queue_reg[2][1119]/CE	-0.040	7.363	4
native_system/queue/running_reg/C	native_system/queue/queue_reg[2][1566]/CE	-0.040	7.363	4
native_system/queue/running_reg/C	native_system/queue/queue_reg[2][1591]/CE	-0.040	7.363	4
native_system/queue/running_reg/C	native_system/queue/queue_reg[2][1622]/CE	-0.040	7.363	4
native_system/queue/running_reg/C	native_system/queue/queue_reg[2][1872]/CE	-0.040	7.363	4
native_system/queue/running_reg/C	native_system/queue/queue_reg[2][2041]/CE	-0.040	7.363	4
native_system/queue/running_reg/C	native_system/queue/queue_reg[2][2153]/CE	-0.040	7.363	4
native_system/digital/boundary_reg/C	native_system/digital/bank/active_calibration_reg[73][0]/CE	-0.040	7.363	1
native_system/digital/boundary_reg/C	native_system/digital/bank/active_calibration_reg[73][5]/CE	-0.040	7.363	1
native_system/digital/boundary_reg/C	native_system/digital/bank/active_requested_reg[73][2]/CE	-0.040	7.363	1
native_system/digital/boundary_reg/C	native_system/digital/bank/active_requested_reg[73][3]/CE	-0.040	7.363	1
native_system/queue/running_reg/C	native_system/queue/active_reg[1658]/CE	-0.040	7.327	3
native_system/queue/running_reg/C	native_system/queue/active_reg[2036]/CE	-0.040	7.327	3
native_system/queue/running_reg/C	native_system/queue/active_reg[744]/CE	-0.040	7.327	3
native_system/queue/running_reg/C	native_system/queue/active_reg[849]/CE	-0.040	7.327	3
native_system/digital/reset_sync_reg[1]/C	native_system/digital/adc/spi/sclk_reg/PRE	-0.039	7.172	1
native_system/queue/running_reg/C	native_system/queue/queue_reg[3][1821]/CE	-0.039	7.326	4
native_system/queue/running_reg/C	native_system/queue/queue_reg[3][1836]/CE	-0.039	7.326	4
native_system/queue/running_reg/C	native_system/queue/queue_reg[3][2105]/CE	-0.039	7.326	4
native_system/digital/reset_sync_reg[1]/C	native_system/digital/adc/spi/received_reg[100]/CLR	-0.039	7.212	1
native_system/digital/reset_sync_reg[1]/C	native_system/digital/adc/spi/received_reg[101]/CLR	-0.039	7.212	1
native_system/digital/reset_sync_reg[1]/C	native_system/digital/adc/spi/received_reg[99]/CLR	-0.039	7.212	1
native_system/queue/running_reg/C	native_system/queue/queue_reg[0][1802]/CE	-0.039	7.326	4
native_system/queue/running_reg/C	native_system/queue/queue_reg[0][1963]/CE	-0.039	7.326	4
native_system/queue/running_reg/C	native_system/queue/queue_reg[0][1987]/CE	-0.039	7.326	4
native_system/queue/running_reg/C	native_system/queue/queue_reg[0][2009]/CE	-0.039	7.326	4
native_system/queue/running_reg/C	native_system/queue/queue_reg[0][2126]/CE	-0.039	7.326	4
native_system/queue/running_reg/C	native_system/queue/queue_reg[0][882]/CE	-0.039	7.326	4
native_system/queue/running_reg/C	native_system/queue/queue_reg[0][2081]/CE	-0.038	7.325	4
native_system/queue/running_reg/C	native_system/queue/queue_reg[0][943]/CE	-0.038	7.325	4
native_system/queue/rd_reg[1]_rep__7/C	native_system/queue/active_reg[785]/D	-0.038	7.561	1
native_system/queue/bus_wdata_reg[29]/C	native_system/digital/cfg_reg[6][24]/CE	-0.037	7.360	6
native_system/queue/rd_reg[1]_rep__7/C	native_system/queue/active_reg[981]/D	-0.036	7.560	1
native_system/digital/cfg_reg[21][4]/C	native_system/digital/bank/shadow_calibration_reg[118][0]/CE	-0.036	7.323	1
native_system/digital/cfg_reg[21][4]/C	native_system/digital/bank/shadow_calibration_reg[118][2]/CE	-0.036	7.323	1
native_system/digital/cfg_reg[21][4]/C	native_system/digital/bank/shadow_calibration_reg[118][6]/CE	-0.036	7.323	1
native_system/digital/cfg_reg[21][4]/C	native_system/digital/bank/shadow_requested_reg[118][1]/CE	-0.036	7.323	1
native_system/digital/reset_sync_reg[1]/C	native_system/digital/bank/shadow_mask_reg[2]/CLR	-0.036	7.123	1
native_system/digital/reset_sync_reg[1]/C	native_system/digital/bank/shadow_calibration_reg[7][5]/CLR	-0.036	7.123	1
native_system/digital/reset_sync_reg[1]/C	native_system/digital/bank/shadow_requested_reg[7][4]/CLR	-0.036	7.123	1
native_system/digital/reset_sync_reg[1]/C	native_system/digital/bank/shadow_requested_reg[7][5]/CLR	-0.036	7.123	1
native_system/digital/reset_sync_reg[1]/C	native_system/digital/bank/shadow_requested_reg[7][6]/CLR	-0.036	7.123	1
native_system/digital/reset_sync_reg[1]/C	native_system/digital/bank/shadow_requested_reg[7][7]/CLR	-0.036	7.123	1
native_system/queue/running_reg/C	native_system/queue/queue_reg[3][1721]/CE	-0.035	7.322	4
native_system/queue/running_reg/C	native_system/queue/queue_reg[3][1837]/CE	-0.035	7.322	4
native_system/queue/running_reg/C	native_system/queue/queue_reg[3][1948]/CE	-0.035	7.322	4
native_system/queue/running_reg/C	native_system/queue/queue_reg[3][2021]/CE	-0.035	7.322	4
native_system/queue/running_reg/C	native_system/queue/queue_reg[3][2154]/CE	-0.035	7.322	4
native_system/queue/running_reg/C	native_system/queue/queue_reg[3][798]/CE	-0.035	7.322	4
native_system/queue/running_reg/C	native_system/queue/queue_reg[3][79]/CE	-0.035	7.322	4
native_system/queue/running_reg/C	native_system/queue/queue_reg[3][91]/CE	-0.035	7.322	4
native_system/digital/cfg_reg[21][1]/C	native_system/digital/bank/shadow_calibration_reg[102][1]/CE	-0.035	7.322	1
native_system/digital/cfg_reg[21][1]/C	native_system/digital/bank/shadow_calibration_reg[102][2]/CE	-0.035	7.322	1
native_system/digital/cfg_reg[21][1]/C	native_system/digital/bank/shadow_calibration_reg[102][7]/CE	-0.035	7.322	1
native_system/digital/cfg_reg[21][1]/C	native_system/digital/bank/shadow_requested_reg[102][3]/CE	-0.035	7.322	1
native_system/queue/running_reg/C	native_system/queue/queue_reg[0][1412]/CE	-0.035	7.322	4
native_system/queue/running_reg/C	native_system/queue/queue_reg[0][368]/CE	-0.035	7.322	4
native_system/queue/running_reg/C	native_system/queue/queue_reg[0][569]/CE	-0.035	7.322	4
native_system/queue/running_reg/C	native_system/queue/queue_reg[0][618]/CE	-0.035	7.322	4
native_system/queue/running_reg/C	native_system/queue/queue_reg[0][640]/CE	-0.035	7.322	4
native_system/queue/running_reg/C	native_system/queue/queue_reg[0][796]/CE	-0.035	7.322	4
native_system/queue/running_reg/C	native_system/queue/queue_reg[0][912]/CE	-0.035	7.322	4
native_system/queue/running_reg/C	native_system/queue/queue_reg[0][1224]/CE	-0.034	7.321	4
native_system/queue/running_reg/C	native_system/queue/queue_reg[0][1401]/CE	-0.034	7.321	4
native_system/queue/running_reg/C	native_system/queue/queue_reg[0][1525]/CE	-0.034	7.321	4
native_system/queue/running_reg/C	native_system/queue/queue_reg[0][681]/CE	-0.034	7.321	4
native_system/queue/running_reg/C	native_system/queue/queue_reg[0][812]/CE	-0.034	7.321	4
native_system/queue/running_reg/C	native_system/queue/queue_reg[0][952]/CE	-0.034	7.321	4
native_system/digital/cfg_reg[21][4]/C	native_system/digital/bank/shadow_calibration_reg[83][0]/CE	-0.034	7.321	1
native_system/digital/cfg_reg[21][4]/C	native_system/digital/bank/shadow_calibration_reg[83][6]/CE	-0.034	7.321	1
native_system/digital/cfg_reg[21][4]/C	native_system/digital/bank/shadow_calibration_reg[83][7]/CE	-0.034	7.321	1
native_system/digital/cfg_reg[21][4]/C	native_system/digital/bank/shadow_requested_reg[83][1]/CE	-0.034	7.321	1
native_system/digital/cfg_reg[21][4]/C	native_system/digital/bank/shadow_requested_reg[83][6]/CE	-0.034	7.321	1
native_system/digital/cfg_reg[21][1]/C	native_system/digital/bank/shadow_calibration_reg[117][0]/CE	-0.032	7.116	1
native_system/digital/cfg_reg[21][1]/C	native_system/digital/bank/shadow_calibration_reg[117][4]/CE	-0.032	7.116	1
native_system/digital/cfg_reg[21][1]/C	native_system/digital/bank/shadow_calibration_reg[117][5]/CE	-0.032	7.116	1
native_system/digital/cfg_reg[21][1]/C	native_system/digital/bank/shadow_calibration_reg[117][7]/CE	-0.032	7.116	1
native_system/digital/cfg_reg[21][1]/C	native_system/digital/bank/shadow_requested_reg[117][1]/CE	-0.032	7.116	1
native_system/digital/cfg_reg[21][1]/C	native_system/digital/bank/shadow_requested_reg[117][7]/CE	-0.032	7.116	1
native_system/queue/running_reg/C	native_system/queue/active_reg[1575]/CE	-0.032	7.319	3
native_system/queue/running_reg/C	native_system/queue/active_reg[561]/CE	-0.032	7.319	3
native_system/queue/running_reg/C	native_system/queue/active_reg[752]/CE	-0.032	7.319	3
native_system/queue/running_reg/C	native_system/queue/active_reg[913]/CE	-0.032	7.319	3
native_system/digital/cfg_reg[21][4]/C	native_system/digital/bank/shadow_calibration_reg[94][7]/CE	-0.032	7.319	1
native_system/digital/cfg_reg[21][4]/C	native_system/digital/bank/shadow_requested_reg[94][0]/CE	-0.032	7.319	1
native_system/digital/cfg_reg[21][4]/C	native_system/digital/bank/shadow_requested_reg[94][3]/CE	-0.032	7.319	1
native_system/digital/cfg_reg[21][4]/C	native_system/digital/bank/shadow_requested_reg[94][5]/CE	-0.032	7.319	1
native_system/digital/reset_sync_reg[1]/C	native_system/digital/bank/active_calibration_reg[7][5]/CLR	-0.031	7.118	1
native_system/digital/reset_sync_reg[1]/C	native_system/digital/bank/active_mask_reg[12]/CLR	-0.031	7.118	1
native_system/digital/reset_sync_reg[1]/C	native_system/digital/bank/active_mask_reg[6]/CLR	-0.031	7.118	1
native_system/digital/reset_sync_reg[1]/C	native_system/digital/bank/active_requested_reg[22][0]/CLR	-0.031	7.118	1
native_system/digital/reset_sync_reg[1]/C	native_system/digital/bank/active_requested_reg[22][1]/CLR	-0.031	7.118	1
native_system/digital/reset_sync_reg[1]/C	native_system/digital/bank/active_requested_reg[7][4]/CLR	-0.031	7.118	1
native_system/digital/reset_sync_reg[1]/C	native_system/digital/bank/active_requested_reg[7][5]/CLR	-0.031	7.118	1
native_system/digital/reset_sync_reg[1]/C	native_system/digital/bank/active_requested_reg[7][6]/CLR	-0.031	7.118	1
native_system/digital/boundary_reg/C	native_system/digital/bank/active_calibration_reg[43][4]/CE	-0.031	7.318	1
native_system/digital/boundary_reg/C	native_system/digital/bank/active_requested_reg[43][0]/CE	-0.031	7.318	1
native_system/digital/boundary_reg/C	native_system/digital/bank/active_requested_reg[43][2]/CE	-0.031	7.318	1
native_system/digital/boundary_reg/C	native_system/digital/bank/active_requested_reg[43][4]/CE	-0.031	7.318	1
native_system/digital/boundary_reg/C	native_system/digital/bank/active_requested_reg[43][7]/CE	-0.031	7.318	1
native_system/digital/cfg_reg[21][4]/C	native_system/digital/bank/shadow_calibration_reg[118][1]/CE	-0.031	7.318	1
native_system/digital/cfg_reg[21][4]/C	native_system/digital/bank/shadow_calibration_reg[118][5]/CE	-0.031	7.318	1
native_system/digital/cfg_reg[21][4]/C	native_system/digital/bank/shadow_calibration_reg[118][7]/CE	-0.031	7.318	1
native_system/digital/cfg_reg[21][4]/C	native_system/digital/bank/shadow_requested_reg[118][2]/CE	-0.031	7.318	1
native_system/digital/cfg_reg[21][4]/C	native_system/digital/bank/shadow_calibration_reg[90][1]/CE	-0.030	7.109	1
native_system/digital/cfg_reg[21][4]/C	native_system/digital/bank/shadow_requested_reg[90][0]/CE	-0.030	7.109	1
native_system/digital/cfg_reg[21][4]/C	native_system/digital/bank/shadow_requested_reg[90][6]/CE	-0.030	7.109	1
native_system/queue/running_reg/C	native_system/queue/active_reg[1624]/CE	-0.029	7.316	3
native_system/queue/running_reg/C	native_system/queue/active_reg[1778]/CE	-0.029	7.316	3
native_system/queue/running_reg/C	native_system/queue/active_reg[757]/CE	-0.029	7.316	3
native_system/queue/running_reg/C	native_system/queue/active_reg[900]/CE	-0.029	7.316	3
native_system/digital/cfg_reg[21][4]/C	native_system/digital/bank/shadow_calibration_reg[69][1]/CE	-0.028	7.315	1
native_system/digital/cfg_reg[21][4]/C	native_system/digital/bank/shadow_calibration_reg[69][3]/CE	-0.028	7.315	1
native_system/queue/bus_wdata_reg[29]/C	native_system/digital/cfg_reg[21][11]/CE	-0.028	7.315	6
native_system/queue/bus_wdata_reg[29]/C	native_system/digital/cfg_reg[21][7]/CE	-0.028	7.315	6
native_system/queue/running_reg/C	native_system/queue/queue_reg[3][111]/CE	-0.027	7.350	4
native_system/queue/running_reg/C	native_system/queue/queue_reg[3][1645]/CE	-0.027	7.350	4
native_system/queue/running_reg/C	native_system/queue/queue_reg[3][1803]/CE	-0.027	7.350	4
native_system/queue/running_reg/C	native_system/queue/queue_reg[3][1807]/CE	-0.027	7.350	4
native_system/queue/running_reg/C	native_system/queue/queue_reg[3][1989]/CE	-0.027	7.350	4
native_system/queue/running_reg/C	native_system/queue/queue_reg[3][226]/CE	-0.027	7.350	4
native_system/queue/running_reg/C	native_system/queue/active_reg[1050]/CE	-0.027	7.314	3
native_system/queue/running_reg/C	native_system/queue/active_reg[1590]/CE	-0.027	7.314	3
native_system/queue/running_reg/C	native_system/queue/active_reg[1870]/CE	-0.027	7.314	3
native_system/queue/running_reg/C	native_system/queue/active_reg[2146]/CE	-0.027	7.314	3
native_system/queue/running_reg/C	native_system/queue/active_reg[1662]/CE	-0.027	7.350	3
native_system/digital/cfg_reg[21][4]/C	native_system/digital/bank/shadow_calibration_reg[35][0]/CE	-0.026	7.313	1
native_system/digital/cfg_reg[21][4]/C	native_system/digital/bank/shadow_calibration_reg[35][1]/CE	-0.026	7.313	1
native_system/digital/cfg_reg[21][4]/C	native_system/digital/bank/shadow_requested_reg[35][3]/CE	-0.026	7.313	1
native_system/digital/cfg_reg[21][4]/C	native_system/digital/bank/shadow_requested_reg[35][7]/CE	-0.026	7.313	1
native_system/digital/boundary_reg/C	native_system/digital/bank/active_calibration_reg[32][4]/CE	-0.026	7.313	1
native_system/digital/boundary_reg/C	native_system/digital/bank/active_calibration_reg[32][6]/CE	-0.026	7.313	1
native_system/digital/boundary_reg/C	native_system/digital/bank/active_requested_reg[32][4]/CE	-0.026	7.313	1
native_system/digital/boundary_reg/C	native_system/digital/bank/active_requested_reg[32][7]/CE	-0.026	7.313	1
native_system/digital/boundary_reg/C	native_system/digital/bank/active_calibration_reg[74][3]/CE	-0.025	7.312	1
native_system/digital/boundary_reg/C	native_system/digital/bank/active_calibration_reg[74][5]/CE	-0.025	7.312	1
native_system/digital/boundary_reg/C	native_system/digital/bank/active_requested_reg[74][1]/CE	-0.025	7.312	1
native_system/digital/boundary_reg/C	native_system/digital/bank/active_requested_reg[74][3]/CE	-0.025	7.312	1
native_system/queue/running_reg/C	native_system/queue/queue_reg[0][1006]/CE	-0.025	7.348	4
native_system/queue/running_reg/C	native_system/queue/queue_reg[0][2052]/CE	-0.025	7.348	4
native_system/queue/running_reg/C	native_system/queue/queue_reg[0][2074]/CE	-0.025	7.348	4
native_system/queue/running_reg/C	native_system/queue/queue_reg[0][527]/CE	-0.025	7.348	4
native_system/queue/running_reg/C	native_system/queue/queue_reg[0][550]/CE	-0.025	7.348	4
native_system/queue/running_reg/C	native_system/queue/queue_reg[0][766]/CE	-0.025	7.348	4
native_system/queue/running_reg/C	native_system/queue/queue_reg[0][2128]/CE	-0.025	7.312	4
native_system/queue/running_reg/C	native_system/queue/queue_reg[0][285]/CE	-0.025	7.312	4
native_system/queue/running_reg/C	native_system/queue/queue_reg[0][294]/CE	-0.025	7.312	4
native_system/queue/running_reg/C	native_system/queue/queue_reg[0][343]/CE	-0.025	7.312	4
native_system/queue/running_reg/C	native_system/queue/queue_reg[0][380]/CE	-0.025	7.312	4
native_system/queue/running_reg/C	native_system/queue/queue_reg[0][667]/CE	-0.025	7.312	4
native_system/queue/running_reg/C	native_system/queue/queue_reg[2][116]/CE	-0.025	7.312	4
native_system/queue/running_reg/C	native_system/queue/queue_reg[2][233]/CE	-0.025	7.312	4
native_system/queue/running_reg/C	native_system/queue/queue_reg[2][460]/CE	-0.025	7.312	4
native_system/queue/running_reg/C	native_system/queue/queue_reg[2][81]/CE	-0.025	7.312	4
native_system/queue/running_reg/C	native_system/queue/queue_reg[2][1099]/CE	-0.024	7.311	4
native_system/queue/running_reg/C	native_system/queue/queue_reg[2][1157]/CE	-0.024	7.311	4
native_system/queue/running_reg/C	native_system/queue/queue_reg[2][1165]/CE	-0.024	7.311	4
native_system/queue/running_reg/C	native_system/queue/queue_reg[2][1321]/CE	-0.024	7.311	4
native_system/queue/running_reg/C	native_system/queue/queue_reg[2][297]/CE	-0.024	7.311	4
native_system/queue/running_reg/C	native_system/queue/queue_reg[2][484]/CE	-0.024	7.311	4
native_system/queue/running_reg/C	native_system/queue/queue_reg[2][535]/CE	-0.024	7.311	4
native_system/queue/running_reg/C	native_system/queue/queue_reg[2][563]/CE	-0.024	7.311	4
native_system/queue/rd_reg[1]_rep__3/C	native_system/queue/active_reg[313]/D	-0.023	7.546	1
native_system/queue/running_reg/C	native_system/queue/active_reg[1502]/CE	-0.023	7.310	3
native_system/queue/running_reg/C	native_system/queue/active_reg[1565]/CE	-0.023	7.310	3
native_system/queue/running_reg/C	native_system/queue/active_reg[1678]/CE	-0.023	7.310	3
native_system/queue/running_reg/C	native_system/queue/active_reg[1774]/CE	-0.023	7.310	3
native_system/queue/running_reg/C	native_system/queue/queue_reg[0][349]/CE	-0.023	7.346	4
native_system/queue/running_reg/C	native_system/queue/queue_reg[0][388]/CE	-0.023	7.346	4
native_system/queue/running_reg/C	native_system/queue/queue_reg[0][526]/CE	-0.023	7.346	4
native_system/queue/running_reg/C	native_system/queue/queue_reg[0][582]/CE	-0.023	7.346	4
native_system/queue/running_reg/C	native_system/queue/queue_reg[2][269]/CE	-0.023	7.346	4
native_system/queue/running_reg/C	native_system/queue/queue_reg[2][316]/CE	-0.023	7.346	4
native_system/queue/running_reg/C	native_system/queue/queue_reg[2][414]/CE	-0.023	7.346	4
native_system/queue/running_reg/C	native_system/queue/queue_reg[2][453]/CE	-0.023	7.346	4
native_system/queue/running_reg/C	native_system/queue/queue_reg[2][497]/CE	-0.023	7.346	4
native_system/queue/running_reg/C	native_system/queue/queue_reg[1][162]/CE	-0.023	7.346	4
native_system/queue/running_reg/C	native_system/queue/queue_reg[1][1961]/CE	-0.023	7.346	4
native_system/queue/running_reg/C	native_system/queue/queue_reg[1][2083]/CE	-0.023	7.346	4
native_system/queue/running_reg/C	native_system/queue/queue_reg[1][598]/CE	-0.023	7.346	4
native_system/queue/running_reg/C	native_system/queue/queue_reg[1][791]/CE	-0.023	7.346	4
native_system/queue/running_reg/C	native_system/queue/queue_reg[1][806]/CE	-0.023	7.346	4
native_system/queue/running_reg/C	native_system/queue/queue_reg[2][181]/CE	-0.022	7.309	4
native_system/queue/running_reg/C	native_system/queue/queue_reg[2][29]/CE	-0.022	7.309	4
native_system/queue/running_reg/C	native_system/queue/queue_reg[2][53]/CE	-0.022	7.309	4
native_system/queue/running_reg/C	native_system/queue/queue_reg[2][93]/CE	-0.022	7.309	4
native_system/queue/running_reg/C	native_system/queue/queue_reg[3][1625]/CE	-0.022	7.309	4
native_system/queue/running_reg/C	native_system/queue/queue_reg[3][1627]/CE	-0.022	7.309	4
native_system/queue/running_reg/C	native_system/queue/queue_reg[3][1713]/CE	-0.022	7.309	4
native_system/queue/running_reg/C	native_system/queue/queue_reg[3][1755]/CE	-0.022	7.309	4
native_system/queue/running_reg/C	native_system/queue/queue_reg[3][1805]/CE	-0.022	7.309	4
native_system/queue/running_reg/C	native_system/queue/queue_reg[3][1838]/CE	-0.022	7.309	4
native_system/queue/running_reg/C	native_system/queue/queue_reg[3][1879]/CE	-0.022	7.309	4
native_system/queue/running_reg/C	native_system/queue/queue_reg[3][826]/CE	-0.022	7.309	4
native_system/digital/cfg_reg[21][4]/C	native_system/digital/bank/shadow_calibration_reg[39][3]/CE	-0.022	7.142	1
native_system/digital/cfg_reg[21][4]/C	native_system/digital/bank/shadow_mask_reg[39]/CE	-0.022	7.142	1
native_system/digital/cfg_reg[21][4]/C	native_system/digital/bank/shadow_requested_reg[39][0]/CE	-0.022	7.142	1
native_system/digital/cfg_reg[21][4]/C	native_system/digital/bank/shadow_requested_reg[39][2]/CE	-0.022	7.142	1
native_system/digital/cfg_reg[21][4]/C	native_system/digital/bank/shadow_requested_reg[39][3]/CE	-0.022	7.142	1
native_system/digital/reset_sync_reg[1]/C	native_system/digital/bank/active_calibration_reg[28][1]/CLR	-0.021	7.108	1
native_system/digital/reset_sync_reg[1]/C	native_system/digital/bank/active_calibration_reg[29][2]/CLR	-0.021	7.108	1
native_system/digital/reset_sync_reg[1]/C	native_system/digital/bank/active_calibration_reg[29][3]/CLR	-0.021	7.108	1
native_system/digital/reset_sync_reg[1]/C	native_system/digital/bank/active_mask_reg[30]/CLR	-0.021	7.108	1
native_system/queue/running_reg/C	native_system/queue/queue_reg[3][145]/CE	-0.021	7.344	4
native_system/queue/running_reg/C	native_system/queue/queue_reg[3][33]/CE	-0.021	7.344	4
native_system/digital/cfg_reg[21][4]/C	native_system/digital/bank/shadow_calibration_reg[115][4]/CE	-0.020	7.141	1
native_system/digital/cfg_reg[21][4]/C	native_system/digital/bank/shadow_calibration_reg[115][6]/CE	-0.020	7.141	1
native_system/digital/cfg_reg[21][4]/C	native_system/digital/bank/shadow_calibration_reg[115][7]/CE	-0.020	7.141	1
native_system/digital/cfg_reg[21][4]/C	native_system/digital/bank/shadow_mask_reg[115]/CE	-0.020	7.141	1
native_system/digital/cfg_reg[21][4]/C	native_system/digital/bank/shadow_requested_reg[115][6]/CE	-0.020	7.141	1
native_system/queue/running_reg/C	native_system/queue/queue_reg[0][226]/CE	-0.020	7.307	4
native_system/queue/running_reg/C	native_system/queue/queue_reg[0][79]/CE	-0.020	7.307	4
native_system/queue/rd_reg[0]_rep__6/C	native_system/queue/active_reg[1724]/D	-0.020	7.543	1
native_system/queue/running_reg/C	native_system/queue/queue_reg[0][1018]/CE	-0.020	7.343	4
native_system/queue/running_reg/C	native_system/queue/queue_reg[0][1811]/CE	-0.020	7.343	4
native_system/queue/running_reg/C	native_system/queue/queue_reg[0][1887]/CE	-0.020	7.343	4
native_system/queue/running_reg/C	native_system/queue/queue_reg[0][2061]/CE	-0.020	7.343	4
native_system/queue/running_reg/C	native_system/queue/queue_reg[0][239]/CE	-0.020	7.343	4
native_system/queue/running_reg/C	native_system/queue/queue_reg[0][271]/CE	-0.020	7.343	4
native_system/queue/running_reg/C	native_system/queue/queue_reg[0][807]/CE	-0.020	7.343	4
native_system/queue/running_reg/C	native_system/queue/queue_reg[0][819]/CE	-0.020	7.343	4
native_system/queue/running_reg/C	native_system/queue/queue_reg[3][143]/CE	-0.020	7.307	4
native_system/queue/running_reg/C	native_system/queue/queue_reg[3][1897]/CE	-0.020	7.307	4
native_system/queue/running_reg/C	native_system/queue/queue_reg[3][2079]/CE	-0.020	7.307	4
native_system/queue/running_reg/C	native_system/queue/queue_reg[3][2166]/CE	-0.020	7.307	4
native_system/queue/running_reg/C	native_system/queue/queue_reg[3][224]/CE	-0.020	7.307	4
native_system/queue/running_reg/C	native_system/queue/queue_reg[3][678]/CE	-0.020	7.307	4
native_system/queue/running_reg/C	native_system/queue/queue_reg[3][800]/CE	-0.020	7.307	4
native_system/queue/running_reg/C	native_system/queue/queue_reg[3][934]/CE	-0.020	7.307	4
native_system/digital/cfg_reg[22][8]/C	native_system/digital/bank/shadow_calibration_reg[56][0]/D	-0.019	7.444	0
native_system/queue/running_reg/C	native_system/queue/active_reg[1342]/CE	-0.019	7.306	3
native_system/queue/running_reg/C	native_system/queue/active_reg[680]/CE	-0.019	7.306	3
native_system/queue/running_reg/C	native_system/queue/active_reg[771]/CE	-0.019	7.306	3
native_system/queue/running_reg/C	native_system/queue/active_reg[905]/CE	-0.019	7.306	3
native_system/digital/cfg_reg[21][1]/C	native_system/digital/bank/shadow_calibration_reg[123][1]/CE	-0.018	7.097	1
native_system/digital/cfg_reg[21][1]/C	native_system/digital/bank/shadow_calibration_reg[123][7]/CE	-0.018	7.097	1
native_system/digital/boundary_reg/C	native_system/digital/bank/active_calibration_reg[52][3]/CE	-0.017	7.304	1
native_system/digital/boundary_reg/C	native_system/digital/bank/active_requested_reg[17][2]/CE	-0.017	7.304	1
native_system/digital/boundary_reg/C	native_system/digital/bank/active_requested_reg[52][2]/CE	-0.017	7.304	1
native_system/queue/running_reg/C	native_system/queue/queue_reg[1][414]/CE	-0.017	7.304	4
native_system/queue/running_reg/C	native_system/queue/queue_reg[3][1581]/CE	-0.017	7.304	4
native_system/queue/running_reg/C	native_system/queue/queue_reg[3][1649]/CE	-0.017	7.304	4
native_system/queue/running_reg/C	native_system/queue/queue_reg[3][1691]/CE	-0.017	7.304	4
native_system/queue/running_reg/C	native_system/queue/queue_reg[3][1893]/CE	-0.017	7.304	4
native_system/queue/running_reg/C	native_system/queue/queue_reg[3][1953]/CE	-0.017	7.304	4
native_system/queue/running_reg/C	native_system/queue/queue_reg[3][1988]/CE	-0.017	7.304	4
native_system/queue/running_reg/C	native_system/queue/queue_reg[3][2055]/CE	-0.017	7.304	4
native_system/queue/running_reg/C	native_system/queue/queue_reg[3][827]/CE	-0.017	7.304	4
native_system/queue/running_reg/C	native_system/queue/queue_reg[0][480]/CE	-0.017	7.304	4
native_system/queue/running_reg/C	native_system/queue/queue_reg[0][615]/CE	-0.017	7.304	4
native_system/queue/running_reg/C	native_system/queue/queue_reg[0][759]/CE	-0.017	7.304	4
native_system/queue/running_reg/C	native_system/queue/queue_reg[0][767]/CE	-0.017	7.304	4
native_system/queue/running_reg/C	native_system/queue/queue_reg[0][848]/CE	-0.017	7.304	4
native_system/queue/running_reg/C	native_system/queue/queue_reg[0][893]/CE	-0.017	7.304	4
native_system/queue/running_reg/C	native_system/queue/queue_reg[0][974]/CE	-0.017	7.304	4
native_system/queue/running_reg/C	native_system/queue/queue_reg[0][976]/CE	-0.017	7.304	4
native_system/digital/boundary_reg/C	native_system/digital/bank/active_requested_reg[10][7]/CE	-0.016	7.303	1
native_system/queue/running_reg/C	native_system/queue/queue_reg[2][1019]/CE	-0.016	7.303	4
native_system/queue/running_reg/C	native_system/queue/queue_reg[2][1667]/CE	-0.016	7.303	4
native_system/queue/running_reg/C	native_system/queue/queue_reg[2][1935]/CE	-0.016	7.303	4
native_system/queue/running_reg/C	native_system/queue/queue_reg[2][1999]/CE	-0.016	7.303	4
native_system/queue/running_reg/C	native_system/queue/queue_reg[2][2017]/CE	-0.016	7.303	4
native_system/queue/running_reg/C	native_system/queue/queue_reg[2][2029]/CE	-0.016	7.303	4
native_system/queue/running_reg/C	native_system/queue/queue_reg[2][227]/CE	-0.016	7.303	4
native_system/queue/running_reg/C	native_system/queue/queue_reg[2][786]/CE	-0.016	7.303	4
native_system/queue/running_reg/C	native_system/queue/active_reg[1334]/CE	-0.015	7.302	3
native_system/queue/running_reg/C	native_system/queue/active_reg[1726]/CE	-0.015	7.302	3
native_system/queue/running_reg/C	native_system/queue/active_reg[1806]/CE	-0.015	7.302	3
native_system/queue/running_reg/C	native_system/queue/active_reg[1847]/CE	-0.015	7.302	3
native_system/queue/running_reg/C	native_system/queue/queue_reg[3][1695]/CE	-0.015	7.302	4
native_system/queue/running_reg/C	native_system/queue/queue_reg[3][1723]/CE	-0.015	7.302	4
native_system/queue/running_reg/C	native_system/queue/queue_reg[3][1761]/CE	-0.015	7.302	4
native_system/queue/running_reg/C	native_system/queue/queue_reg[3][1913]/CE	-0.015	7.302	4
native_system/queue/running_reg/C	native_system/queue/queue_reg[3][1933]/CE	-0.015	7.302	4
native_system/queue/running_reg/C	native_system/queue/queue_reg[3][2047]/CE	-0.015	7.302	4
native_system/queue/running_reg/C	native_system/queue/queue_reg[3][628]/CE	-0.015	7.302	4
native_system/queue/running_reg/C	native_system/queue/queue_reg[3][868]/CE	-0.015	7.302	4
native_system/digital/cfg_reg[22][2]/C	native_system/digital/bank/shadow_requested_reg[40][2]/D	-0.015	7.449	0
native_system/queue/running_reg/C	native_system/queue/queue_reg[0][1551]/CE	-0.013	7.300	4
native_system/queue/running_reg/C	native_system/queue/queue_reg[0][1848]/CE	-0.013	7.300	4
native_system/queue/rd_reg[1]_rep__7/C	native_system/queue/active_reg[849]/D	-0.011	7.535	1
native_system/queue/running_reg/C	native_system/queue/queue_reg[1][633]/CE	-0.011	7.298	4
native_system/queue/running_reg/C	native_system/queue/queue_reg[2][1304]/CE	-0.011	7.298	4
native_system/queue/running_reg/C	native_system/queue/queue_reg[2][1400]/CE	-0.011	7.298	4
native_system/queue/running_reg/C	native_system/queue/queue_reg[2][1504]/CE	-0.011	7.298	4
native_system/queue/running_reg/C	native_system/queue/queue_reg[2][1743]/CE	-0.011	7.298	4
native_system/queue/running_reg/C	native_system/queue/queue_reg[2][1759]/CE	-0.011	7.298	4
native_system/queue/running_reg/C	native_system/queue/queue_reg[2][2118]/CE	-0.011	7.298	4
native_system/queue/running_reg/C	native_system/queue/queue_reg[2][528]/CE	-0.011	7.298	4
native_system/queue/running_reg/C	native_system/queue/queue_reg[2][985]/CE	-0.011	7.298	4
native_system/queue/running_reg/C	bridge/s_rdata_reg[20]/D	-0.011	7.534	4
native_system/queue/running_reg/C	native_system/queue/active_reg[306]/CE	-0.011	7.298	3
native_system/queue/running_reg/C	native_system/queue/active_reg[363]/CE	-0.011	7.298	3
native_system/queue/running_reg/C	native_system/queue/active_reg[370]/CE	-0.011	7.298	3
native_system/queue/running_reg/C	native_system/queue/active_reg[498]/CE	-0.011	7.298	3
native_system/queue/running_reg/C	native_system/queue/active_reg[507]/CE	-0.011	7.298	3
native_system/queue/running_reg/C	native_system/queue/active_reg[652]/CE	-0.011	7.298	3
native_system/digital/boundary_reg/C	native_system/digital/bank/active_calibration_reg[40][3]/CE	-0.011	7.298	1
native_system/queue/bus_wdata_reg[29]/C	native_system/digital/cfg_reg[11][10]/CE	-0.010	7.297	6
native_system/queue/bus_wdata_reg[29]/C	native_system/digital/cfg_reg[11][12]/CE	-0.010	7.297	6
native_system/queue/bus_wdata_reg[29]/C	native_system/digital/cfg_reg[11][13]/CE	-0.010	7.297	6
native_system/queue/bus_wdata_reg[29]/C	native_system/digital/cfg_reg[11][8]/CE	-0.010	7.297	6
native_system/digital/bank/command_error_reg/C	native_system/digital/scheduler/first_timestamp_reg[35]/CE	-0.010	7.297	6
native_system/digital/bank/command_error_reg/C	native_system/digital/scheduler/first_timestamp_reg[54]/CE	-0.010	7.297	6
native_system/digital/bank/command_error_reg/C	native_system/digital/scheduler/first_timestamp_reg[58]/CE	-0.010	7.297	6
native_system/digital/bank/command_error_reg/C	native_system/digital/scheduler/first_timestamp_reg[59]/CE	-0.010	7.297	6
native_system/queue/running_reg/C	native_system/queue/active_reg[1328]/CE	-0.009	7.296	3
native_system/queue/running_reg/C	native_system/queue/active_reg[1480]/CE	-0.009	7.296	3
native_system/queue/running_reg/C	native_system/queue/active_reg[1504]/CE	-0.009	7.296	3
native_system/queue/running_reg/C	native_system/queue/active_reg[1854]/CE	-0.009	7.296	3
native_system/digital/reset_sync_reg[1]/C	native_system/digital/adc/frame_reg[97]/CLR	-0.009	7.182	1
native_system/digital/boundary_reg/C	native_system/digital/bank/active_calibration_reg[73][3]/CE	-0.009	7.296	1
native_system/digital/boundary_reg/C	native_system/digital/bank/active_requested_reg[49][6]/CE	-0.009	7.296	1
native_system/digital/boundary_reg/C	native_system/digital/bank/active_requested_reg[50][5]/CE	-0.009	7.296	1
native_system/digital/boundary_reg/C	native_system/digital/bank/active_requested_reg[73][1]/CE	-0.009	7.296	1
native_system/queue/running_reg/C	native_system/queue/queue_reg[3][1899]/CE	-0.009	7.296	4
native_system/queue/running_reg/C	native_system/queue/queue_reg[3][1903]/CE	-0.009	7.296	4
native_system/queue/running_reg/C	native_system/queue/queue_reg[3][1979]/CE	-0.009	7.296	4
native_system/queue/running_reg/C	native_system/queue/queue_reg[3][1983]/CE	-0.009	7.296	4
native_system/queue/running_reg/C	native_system/queue/queue_reg[3][1999]/CE	-0.009	7.296	4
native_system/queue/running_reg/C	native_system/queue/queue_reg[3][2019]/CE	-0.009	7.296	4
native_system/queue/running_reg/C	native_system/queue/queue_reg[3][786]/CE	-0.009	7.296	4
native_system/queue/running_reg/C	native_system/queue/queue_reg[3][855]/CE	-0.009	7.296	4
native_system/queue/running_reg/C	native_system/queue/queue_reg[3][2104]/CE	-0.008	7.295	4
native_system/queue/running_reg/C	native_system/queue/queue_reg[3][935]/CE	-0.008	7.295	4
native_system/queue/running_reg/C	native_system/queue/queue_reg[3][986]/CE	-0.008	7.295	4
native_system/queue/running_reg/C	native_system/queue/queue_reg[3][991]/CE	-0.008	7.295	4
native_system/digital/master_phase_reg[7]/C	native_system/digital/serial/captured_reg[64]/CE	-0.008	7.295	2
native_system/digital/master_phase_reg[7]/C	native_system/digital/serial/captured_reg[66]/CE	-0.008	7.295	2
native_system/digital/master_phase_reg[7]/C	native_system/digital/serial/captured_reg[67]/CE	-0.008	7.295	2
native_system/digital/cfg_reg[21][4]/C	native_system/digital/bank/shadow_calibration_reg[106][7]/CE	-0.008	7.093	1
native_system/digital/cfg_reg[21][4]/C	native_system/digital/bank/shadow_requested_reg[106][4]/CE	-0.008	7.093	1
native_system/digital/cfg_reg[21][4]/C	native_system/digital/bank/shadow_requested_reg[106][5]/CE	-0.008	7.093	1
native_system/digital/cfg_reg[21][4]/C	native_system/digital/bank/shadow_requested_reg[106][6]/CE	-0.008	7.093	1
native_system/digital/cfg_reg[21][4]/C	native_system/digital/bank/shadow_requested_reg[106][7]/CE	-0.008	7.093	1
native_system/queue/running_reg/C	native_system/queue/queue_reg[2][2096]/CE	-0.007	7.294	4
native_system/queue/running_reg/C	native_system/queue/queue_reg[2][225]/CE	-0.007	7.294	4
native_system/queue/running_reg/C	native_system/queue/queue_reg[2][236]/CE	-0.007	7.294	4
native_system/queue/running_reg/C	native_system/queue/queue_reg[2][438]/CE	-0.007	7.294	4
native_system/queue/running_reg/C	native_system/queue/queue_reg[2][472]/CE	-0.007	7.294	4
native_system/queue/running_reg/C	native_system/queue/queue_reg[2][487]/CE	-0.007	7.294	4
native_system/queue/running_reg/C	native_system/queue/queue_reg[2][526]/CE	-0.007	7.294	4
native_system/queue/running_reg/C	native_system/queue/queue_reg[2][582]/CE	-0.007	7.294	4
native_system/queue/running_reg/C	native_system/queue/queue_reg[0][1609]/CE	-0.007	7.294	4
native_system/queue/running_reg/C	native_system/queue/queue_reg[0][1703]/CE	-0.007	7.294	4
native_system/queue/running_reg/C	native_system/queue/queue_reg[0][1740]/CE	-0.007	7.294	4
native_system/queue/running_reg/C	native_system/queue/queue_reg[0][1787]/CE	-0.007	7.294	4
native_system/queue/running_reg/C	native_system/queue/queue_reg[0][1883]/CE	-0.007	7.294	4
native_system/queue/running_reg/C	native_system/queue/queue_reg[0][1889]/CE	-0.007	7.294	4
native_system/queue/running_reg/C	native_system/queue/queue_reg[0][1964]/CE	-0.007	7.294	4
native_system/digital/cfg_reg[21][1]/C	native_system/digital/bank/shadow_calibration_reg[102][4]/CE	-0.006	7.329	1
native_system/digital/cfg_reg[21][1]/C	native_system/digital/bank/shadow_requested_reg[102][0]/CE	-0.006	7.329	1
native_system/digital/cfg_reg[21][1]/C	native_system/digital/bank/shadow_requested_reg[102][4]/CE	-0.006	7.329	1
native_system/digital/cfg_reg[21][1]/C	native_system/digital/bank/shadow_requested_reg[102][5]/CE	-0.006	7.329	1
native_system/queue/running_reg/C	native_system/queue/queue_reg[2][286]/CE	-0.005	7.292	4
native_system/queue/running_reg/C	native_system/queue/active_reg[1312]/CE	-0.005	7.292	3
native_system/queue/running_reg/C	native_system/queue/active_reg[1487]/CE	-0.005	7.292	3
native_system/queue/running_reg/C	native_system/queue/active_reg[698]/CE	-0.005	7.292	3
native_system/queue/running_reg/C	native_system/queue/active_reg[777]/CE	-0.005	7.292	3
native_system/digital/master_phase_reg[3]/C	native_system/digital/serial/captured_reg[15]/D	-0.005	7.466	3
native_system/digital/cfg_reg[21][4]/C	native_system/digital/bank/shadow_calibration_reg[86][0]/CE	-0.004	7.089	1
native_system/digital/cfg_reg[21][4]/C	native_system/digital/bank/shadow_calibration_reg[86][7]/CE	-0.004	7.089	1
native_system/digital/cfg_reg[21][4]/C	native_system/digital/bank/shadow_requested_reg[86][1]/CE	-0.004	7.089	1
native_system/digital/cfg_reg[21][4]/C	native_system/digital/bank/shadow_requested_reg[86][3]/CE	-0.004	7.089	1
native_system/digital/scheduler/period_count_reg[31]/C	native_system/digital/scheduler/period_count_reg[28]/D	-0.004	7.527	11
native_system/digital/boundary_reg/C	native_system/digital/bank/active_calibration_reg[60][3]/CE	-0.004	7.327	1
native_system/digital/boundary_reg/C	native_system/digital/bank/active_requested_reg[44][5]/CE	-0.004	7.327	1
native_system/digital/boundary_reg/C	native_system/digital/bank/active_requested_reg[60][1]/CE	-0.004	7.327	1
native_system/digital/boundary_reg/C	native_system/digital/bank/active_requested_reg[60][4]/CE	-0.004	7.327	1
native_system/queue/running_reg/C	bridge/s_rdata_reg[31]/D	-0.004	7.571	7
native_system/digital/boundary_reg/C	native_system/digital/bank/active_requested_reg[43][3]/CE	-0.003	7.290	1
native_system/digital/boundary_reg/C	native_system/digital/bank/active_calibration_reg[9][5]/CE	-0.003	7.290	1
native_system/digital/boundary_reg/C	native_system/digital/bank/active_mask_reg[9]/CE	-0.003	7.290	1
native_system/digital/boundary_reg/C	native_system/digital/bank/active_requested_reg[9][4]/CE	-0.003	7.290	1
native_system/queue/running_reg/C	native_system/queue/queue_reg[2][172]/CE	-0.003	7.290	4
native_system/queue/running_reg/C	native_system/queue/queue_reg[2][253]/CE	-0.003	7.290	4
native_system/queue/running_reg/C	native_system/queue/queue_reg[2][319]/CE	-0.003	7.290	4
native_system/queue/running_reg/C	native_system/queue/queue_reg[2][447]/CE	-0.003	7.290	4
native_system/queue/running_reg/C	native_system/queue/queue_reg[3][1817]/CE	-0.002	7.289	4
native_system/queue/running_reg/C	native_system/queue/queue_reg[3][1898]/CE	-0.002	7.289	4
native_system/queue/running_reg/C	native_system/queue/queue_reg[3][1967]/CE	-0.002	7.289	4
native_system/queue/running_reg/C	native_system/queue/queue_reg[3][856]/CE	-0.002	7.289	4
native_system/digital/cfg_reg[22][13]/C	native_system/digital/bank/shadow_calibration_reg[122][5]/D	-0.002	7.389	0
native_system/digital/cfg_reg[22][5]/C	native_system/digital/bank/shadow_requested_reg[125][5]/D	-0.001	7.431	0
native_system/digital/reset_sync_reg[1]/C	native_system/digital/bank/shadow_mask_reg[5]/CLR	-0.001	7.174	1
native_system/queue/running_reg/C	native_system/queue/active_reg[1486]/CE	-0.001	7.288	3
native_system/queue/running_reg/C	native_system/queue/active_reg[1526]/CE	-0.001	7.288	3
native_system/queue/running_reg/C	native_system/queue/active_reg[1542]/CE	-0.001	7.288	3
native_system/queue/running_reg/C	native_system/queue/active_reg[1626]/CE	-0.001	7.288	3
