Copyright 1986-2022 Xilinx, Inc. All Rights Reserved. Copyright 2022-2025 Advanced Micro Devices, Inc. All Rights Reserved.
-----------------------------------------------------------------------------------------------------------------------------------------------------------------------------------------------------------------------
| Tool Version : Vivado v.2025.2 (win64) Build 6299465 Fri Nov 14 19:35:11 GMT 2025
| Date         : Sat Oct  3 15:45:15 2026
| Host         : loverlike running 64-bit major release  (build 9200)
| Command      : report_timing -max_paths 20 -nworst 1 -path_type full_clock_expanded -input_pins -file E:/Codex_project/AMD-SonoField-FPGA/v2/evidence/pre_pcb_board_ready/timing/strategy1/placed/critical_paths.rpt
| Design       : sono_axi_system
| Device       : 7z020-clg400
| Speed File   : -1  PRODUCTION 1.12 2019-11-22
| Design State : Fully Placed
-----------------------------------------------------------------------------------------------------------------------------------------------------------------------------------------------------------------------

Timing Report

Slack (VIOLATED) :        -0.804ns  (required time - arrival time)
  Source:                 native_system/queue/count_reg[26]/C
                            (rising edge-triggered cell FDCE clocked by core132  {rise@0.000ns fall@3.788ns period=7.576ns})
  Destination:            native_system/queue/queue_reg[2][1648]/CE
                            (rising edge-triggered cell FDRE clocked by core132  {rise@0.000ns fall@3.788ns period=7.576ns})
  Path Group:             core132
  Path Type:              Setup (Max at Slow Process Corner)
  Requirement:            7.576ns  (core132 rise@7.576ns - core132 rise@0.000ns)
  Data Path Delay:        8.091ns  (logic 1.386ns (17.130%)  route 6.705ns (82.870%))
  Logic Levels:           7  (LUT2=1 LUT3=2 LUT4=1 LUT6=3)
  Clock Path Skew:        -0.049ns (DCD - SCD + CPR)
    Destination Clock Delay (DCD):    0.924ns = ( 8.500 - 7.576 ) 
    Source Clock Delay      (SCD):    0.973ns
    Clock Pessimism Removal (CPR):    0.000ns
  Clock Uncertainty:      0.035ns  ((TSJ^2 + TIJ^2)^1/2 + DJ) / 2 + PE
    Total System Jitter     (TSJ):    0.071ns
    Total Input Jitter      (TIJ):    0.000ns
    Discrete Jitter          (DJ):    0.000ns
    Phase Error              (PE):    0.000ns

    Location             Delay type                Incr(ns)  Path(ns)    Netlist Resource(s)
  -------------------------------------------------------------------    -------------------
                         (clock core132 rise edge)    0.000     0.000 r  
                                                      0.000     0.000 r  clk (IN)
                         net (fo=17925, unset)        0.973     0.973    native_system/queue/clk
    SLICE_X30Y113        FDCE                                         r  native_system/queue/count_reg[26]/C
  -------------------------------------------------------------------    -------------------
    SLICE_X30Y113        FDCE (Prop_fdce_C_Q)         0.518     1.491 f  native_system/queue/count_reg[26]/Q
                         net (fo=7, estimated)        0.856     2.347    native_system/queue/count_reg[31]_0[26]
    SLICE_X30Y112                                                     f  native_system/queue/frame_ready_INST_0_i_14/I0
    SLICE_X30Y112        LUT4 (Prop_lut4_I0_O)        0.124     2.471 f  native_system/queue/frame_ready_INST_0_i_14/O
                         net (fo=1, estimated)        0.747     3.218    native_system/queue/frame_ready_INST_0_i_14_n_0
    SLICE_X32Y112                                                     f  native_system/queue/frame_ready_INST_0_i_5/I0
    SLICE_X32Y112        LUT6 (Prop_lut6_I0_O)        0.124     3.342 f  native_system/queue/frame_ready_INST_0_i_5/O
                         net (fo=2, estimated)        0.437     3.779    native_system/queue/frame_ready_INST_0_i_5_n_0
    SLICE_X32Y112                                                     f  native_system/queue/frame_ready_INST_0_i_1/I0
    SLICE_X32Y112        LUT6 (Prop_lut6_I0_O)        0.124     3.903 f  native_system/queue/frame_ready_INST_0_i_1/O
                         net (fo=34, estimated)       0.714     4.617    native_system/queue/pop0
    SLICE_X33Y111                                                     f  native_system/queue/invalid_frame_i_3/I1
    SLICE_X33Y111        LUT6 (Prop_lut6_I1_O)        0.124     4.741 r  native_system/queue/invalid_frame_i_3/O
                         net (fo=3, estimated)        0.793     5.534    native_system/queue/push
    SLICE_X43Y111                                                     r  native_system/queue/count[31]_i_5__0/I0
    SLICE_X43Y111        LUT2 (Prop_lut2_I0_O)        0.124     5.658 r  native_system/queue/count[31]_i_5__0/O
                         net (fo=4, estimated)        0.815     6.473    native_system/queue/count[31]_i_5__0_n_0
    SLICE_X45Y114                                                     r  native_system/queue/seq[0][31]_i_2/I0
    SLICE_X45Y114        LUT3 (Prop_lut3_I0_O)        0.124     6.597 r  native_system/queue/seq[0][31]_i_2/O
                         net (fo=8, estimated)        0.442     7.039    native_system/queue/seq[0][31]_i_2_n_0
    SLICE_X45Y115                                                     r  native_system/queue/seq[2][31]_i_1/I2
    SLICE_X45Y115        LUT3 (Prop_lut3_I2_O)        0.124     7.163 r  native_system/queue/seq[2][31]_i_1/O
                         net (fo=2208, estimated)     1.901     9.064    native_system/queue/seq[2][31]_i_1_n_0
    SLICE_X89Y124        FDRE                                         r  native_system/queue/queue_reg[2][1648]/CE
  -------------------------------------------------------------------    -------------------

                         (clock core132 rise edge)    7.576     7.576 r  
                                                      0.000     7.576 r  clk (IN)
                         net (fo=17925, unset)        0.924     8.500    native_system/queue/clk
    SLICE_X89Y124        FDRE                                         r  native_system/queue/queue_reg[2][1648]/C
                         clock pessimism              0.000     8.500    
                         clock uncertainty           -0.035     8.465    
    SLICE_X89Y124        FDRE (Setup_fdre_C_CE)      -0.205     8.260    native_system/queue/queue_reg[2][1648]
  -------------------------------------------------------------------
                         required time                          8.260    
                         arrival time                          -9.064    
  -------------------------------------------------------------------
                         slack                                 -0.804    

Slack (VIOLATED) :        -0.804ns  (required time - arrival time)
  Source:                 native_system/queue/count_reg[26]/C
                            (rising edge-triggered cell FDCE clocked by core132  {rise@0.000ns fall@3.788ns period=7.576ns})
  Destination:            native_system/queue/queue_reg[2][458]/CE
                            (rising edge-triggered cell FDRE clocked by core132  {rise@0.000ns fall@3.788ns period=7.576ns})
  Path Group:             core132
  Path Type:              Setup (Max at Slow Process Corner)
  Requirement:            7.576ns  (core132 rise@7.576ns - core132 rise@0.000ns)
  Data Path Delay:        8.091ns  (logic 1.386ns (17.130%)  route 6.705ns (82.870%))
  Logic Levels:           7  (LUT2=1 LUT3=2 LUT4=1 LUT6=3)
  Clock Path Skew:        -0.049ns (DCD - SCD + CPR)
    Destination Clock Delay (DCD):    0.924ns = ( 8.500 - 7.576 ) 
    Source Clock Delay      (SCD):    0.973ns
    Clock Pessimism Removal (CPR):    0.000ns
  Clock Uncertainty:      0.035ns  ((TSJ^2 + TIJ^2)^1/2 + DJ) / 2 + PE
    Total System Jitter     (TSJ):    0.071ns
    Total Input Jitter      (TIJ):    0.000ns
    Discrete Jitter          (DJ):    0.000ns
    Phase Error              (PE):    0.000ns

    Location             Delay type                Incr(ns)  Path(ns)    Netlist Resource(s)
  -------------------------------------------------------------------    -------------------
                         (clock core132 rise edge)    0.000     0.000 r  
                                                      0.000     0.000 r  clk (IN)
                         net (fo=17925, unset)        0.973     0.973    native_system/queue/clk
    SLICE_X30Y113        FDCE                                         r  native_system/queue/count_reg[26]/C
  -------------------------------------------------------------------    -------------------
    SLICE_X30Y113        FDCE (Prop_fdce_C_Q)         0.518     1.491 f  native_system/queue/count_reg[26]/Q
                         net (fo=7, estimated)        0.856     2.347    native_system/queue/count_reg[31]_0[26]
    SLICE_X30Y112                                                     f  native_system/queue/frame_ready_INST_0_i_14/I0
    SLICE_X30Y112        LUT4 (Prop_lut4_I0_O)        0.124     2.471 f  native_system/queue/frame_ready_INST_0_i_14/O
                         net (fo=1, estimated)        0.747     3.218    native_system/queue/frame_ready_INST_0_i_14_n_0
    SLICE_X32Y112                                                     f  native_system/queue/frame_ready_INST_0_i_5/I0
    SLICE_X32Y112        LUT6 (Prop_lut6_I0_O)        0.124     3.342 f  native_system/queue/frame_ready_INST_0_i_5/O
                         net (fo=2, estimated)        0.437     3.779    native_system/queue/frame_ready_INST_0_i_5_n_0
    SLICE_X32Y112                                                     f  native_system/queue/frame_ready_INST_0_i_1/I0
    SLICE_X32Y112        LUT6 (Prop_lut6_I0_O)        0.124     3.903 f  native_system/queue/frame_ready_INST_0_i_1/O
                         net (fo=34, estimated)       0.714     4.617    native_system/queue/pop0
    SLICE_X33Y111                                                     f  native_system/queue/invalid_frame_i_3/I1
    SLICE_X33Y111        LUT6 (Prop_lut6_I1_O)        0.124     4.741 r  native_system/queue/invalid_frame_i_3/O
                         net (fo=3, estimated)        0.793     5.534    native_system/queue/push
    SLICE_X43Y111                                                     r  native_system/queue/count[31]_i_5__0/I0
    SLICE_X43Y111        LUT2 (Prop_lut2_I0_O)        0.124     5.658 r  native_system/queue/count[31]_i_5__0/O
                         net (fo=4, estimated)        0.815     6.473    native_system/queue/count[31]_i_5__0_n_0
    SLICE_X45Y114                                                     r  native_system/queue/seq[0][31]_i_2/I0
    SLICE_X45Y114        LUT3 (Prop_lut3_I0_O)        0.124     6.597 r  native_system/queue/seq[0][31]_i_2/O
                         net (fo=8, estimated)        0.442     7.039    native_system/queue/seq[0][31]_i_2_n_0
    SLICE_X45Y115                                                     r  native_system/queue/seq[2][31]_i_1/I2
    SLICE_X45Y115        LUT3 (Prop_lut3_I2_O)        0.124     7.163 r  native_system/queue/seq[2][31]_i_1/O
                         net (fo=2208, estimated)     1.901     9.064    native_system/queue/seq[2][31]_i_1_n_0
    SLICE_X89Y124        FDRE                                         r  native_system/queue/queue_reg[2][458]/CE
  -------------------------------------------------------------------    -------------------

                         (clock core132 rise edge)    7.576     7.576 r  
                                                      0.000     7.576 r  clk (IN)
                         net (fo=17925, unset)        0.924     8.500    native_system/queue/clk
    SLICE_X89Y124        FDRE                                         r  native_system/queue/queue_reg[2][458]/C
                         clock pessimism              0.000     8.500    
                         clock uncertainty           -0.035     8.465    
    SLICE_X89Y124        FDRE (Setup_fdre_C_CE)      -0.205     8.260    native_system/queue/queue_reg[2][458]
  -------------------------------------------------------------------
                         required time                          8.260    
                         arrival time                          -9.064    
  -------------------------------------------------------------------
                         slack                                 -0.804    

Slack (VIOLATED) :        -0.804ns  (required time - arrival time)
  Source:                 native_system/queue/count_reg[26]/C
                            (rising edge-triggered cell FDCE clocked by core132  {rise@0.000ns fall@3.788ns period=7.576ns})
  Destination:            native_system/queue/queue_reg[2][686]/CE
                            (rising edge-triggered cell FDRE clocked by core132  {rise@0.000ns fall@3.788ns period=7.576ns})
  Path Group:             core132
  Path Type:              Setup (Max at Slow Process Corner)
  Requirement:            7.576ns  (core132 rise@7.576ns - core132 rise@0.000ns)
  Data Path Delay:        8.091ns  (logic 1.386ns (17.130%)  route 6.705ns (82.870%))
  Logic Levels:           7  (LUT2=1 LUT3=2 LUT4=1 LUT6=3)
  Clock Path Skew:        -0.049ns (DCD - SCD + CPR)
    Destination Clock Delay (DCD):    0.924ns = ( 8.500 - 7.576 ) 
    Source Clock Delay      (SCD):    0.973ns
    Clock Pessimism Removal (CPR):    0.000ns
  Clock Uncertainty:      0.035ns  ((TSJ^2 + TIJ^2)^1/2 + DJ) / 2 + PE
    Total System Jitter     (TSJ):    0.071ns
    Total Input Jitter      (TIJ):    0.000ns
    Discrete Jitter          (DJ):    0.000ns
    Phase Error              (PE):    0.000ns

    Location             Delay type                Incr(ns)  Path(ns)    Netlist Resource(s)
  -------------------------------------------------------------------    -------------------
                         (clock core132 rise edge)    0.000     0.000 r  
                                                      0.000     0.000 r  clk (IN)
                         net (fo=17925, unset)        0.973     0.973    native_system/queue/clk
    SLICE_X30Y113        FDCE                                         r  native_system/queue/count_reg[26]/C
  -------------------------------------------------------------------    -------------------
    SLICE_X30Y113        FDCE (Prop_fdce_C_Q)         0.518     1.491 f  native_system/queue/count_reg[26]/Q
                         net (fo=7, estimated)        0.856     2.347    native_system/queue/count_reg[31]_0[26]
    SLICE_X30Y112                                                     f  native_system/queue/frame_ready_INST_0_i_14/I0
    SLICE_X30Y112        LUT4 (Prop_lut4_I0_O)        0.124     2.471 f  native_system/queue/frame_ready_INST_0_i_14/O
                         net (fo=1, estimated)        0.747     3.218    native_system/queue/frame_ready_INST_0_i_14_n_0
    SLICE_X32Y112                                                     f  native_system/queue/frame_ready_INST_0_i_5/I0
    SLICE_X32Y112        LUT6 (Prop_lut6_I0_O)        0.124     3.342 f  native_system/queue/frame_ready_INST_0_i_5/O
                         net (fo=2, estimated)        0.437     3.779    native_system/queue/frame_ready_INST_0_i_5_n_0
    SLICE_X32Y112                                                     f  native_system/queue/frame_ready_INST_0_i_1/I0
    SLICE_X32Y112        LUT6 (Prop_lut6_I0_O)        0.124     3.903 f  native_system/queue/frame_ready_INST_0_i_1/O
                         net (fo=34, estimated)       0.714     4.617    native_system/queue/pop0
    SLICE_X33Y111                                                     f  native_system/queue/invalid_frame_i_3/I1
    SLICE_X33Y111        LUT6 (Prop_lut6_I1_O)        0.124     4.741 r  native_system/queue/invalid_frame_i_3/O
                         net (fo=3, estimated)        0.793     5.534    native_system/queue/push
    SLICE_X43Y111                                                     r  native_system/queue/count[31]_i_5__0/I0
    SLICE_X43Y111        LUT2 (Prop_lut2_I0_O)        0.124     5.658 r  native_system/queue/count[31]_i_5__0/O
                         net (fo=4, estimated)        0.815     6.473    native_system/queue/count[31]_i_5__0_n_0
    SLICE_X45Y114                                                     r  native_system/queue/seq[0][31]_i_2/I0
    SLICE_X45Y114        LUT3 (Prop_lut3_I0_O)        0.124     6.597 r  native_system/queue/seq[0][31]_i_2/O
                         net (fo=8, estimated)        0.442     7.039    native_system/queue/seq[0][31]_i_2_n_0
    SLICE_X45Y115                                                     r  native_system/queue/seq[2][31]_i_1/I2
    SLICE_X45Y115        LUT3 (Prop_lut3_I2_O)        0.124     7.163 r  native_system/queue/seq[2][31]_i_1/O
                         net (fo=2208, estimated)     1.901     9.064    native_system/queue/seq[2][31]_i_1_n_0
    SLICE_X89Y124        FDRE                                         r  native_system/queue/queue_reg[2][686]/CE
  -------------------------------------------------------------------    -------------------

                         (clock core132 rise edge)    7.576     7.576 r  
                                                      0.000     7.576 r  clk (IN)
                         net (fo=17925, unset)        0.924     8.500    native_system/queue/clk
    SLICE_X89Y124        FDRE                                         r  native_system/queue/queue_reg[2][686]/C
                         clock pessimism              0.000     8.500    
                         clock uncertainty           -0.035     8.465    
    SLICE_X89Y124        FDRE (Setup_fdre_C_CE)      -0.205     8.260    native_system/queue/queue_reg[2][686]
  -------------------------------------------------------------------
                         required time                          8.260    
                         arrival time                          -9.064    
  -------------------------------------------------------------------
                         slack                                 -0.804    

Slack (VIOLATED) :        -0.773ns  (required time - arrival time)
  Source:                 native_system/queue/count_reg[26]/C
                            (rising edge-triggered cell FDCE clocked by core132  {rise@0.000ns fall@3.788ns period=7.576ns})
  Destination:            native_system/queue/queue_reg[2][306]/CE
                            (rising edge-triggered cell FDRE clocked by core132  {rise@0.000ns fall@3.788ns period=7.576ns})
  Path Group:             core132
  Path Type:              Setup (Max at Slow Process Corner)
  Requirement:            7.576ns  (core132 rise@7.576ns - core132 rise@0.000ns)
  Data Path Delay:        8.060ns  (logic 1.386ns (17.196%)  route 6.674ns (82.804%))
  Logic Levels:           7  (LUT2=1 LUT3=2 LUT4=1 LUT6=3)
  Clock Path Skew:        -0.049ns (DCD - SCD + CPR)
    Destination Clock Delay (DCD):    0.924ns = ( 8.500 - 7.576 ) 
    Source Clock Delay      (SCD):    0.973ns
    Clock Pessimism Removal (CPR):    0.000ns
  Clock Uncertainty:      0.035ns  ((TSJ^2 + TIJ^2)^1/2 + DJ) / 2 + PE
    Total System Jitter     (TSJ):    0.071ns
    Total Input Jitter      (TIJ):    0.000ns
    Discrete Jitter          (DJ):    0.000ns
    Phase Error              (PE):    0.000ns

    Location             Delay type                Incr(ns)  Path(ns)    Netlist Resource(s)
  -------------------------------------------------------------------    -------------------
                         (clock core132 rise edge)    0.000     0.000 r  
                                                      0.000     0.000 r  clk (IN)
                         net (fo=17925, unset)        0.973     0.973    native_system/queue/clk
    SLICE_X30Y113        FDCE                                         r  native_system/queue/count_reg[26]/C
  -------------------------------------------------------------------    -------------------
    SLICE_X30Y113        FDCE (Prop_fdce_C_Q)         0.518     1.491 f  native_system/queue/count_reg[26]/Q
                         net (fo=7, estimated)        0.856     2.347    native_system/queue/count_reg[31]_0[26]
    SLICE_X30Y112                                                     f  native_system/queue/frame_ready_INST_0_i_14/I0
    SLICE_X30Y112        LUT4 (Prop_lut4_I0_O)        0.124     2.471 f  native_system/queue/frame_ready_INST_0_i_14/O
                         net (fo=1, estimated)        0.747     3.218    native_system/queue/frame_ready_INST_0_i_14_n_0
    SLICE_X32Y112                                                     f  native_system/queue/frame_ready_INST_0_i_5/I0
    SLICE_X32Y112        LUT6 (Prop_lut6_I0_O)        0.124     3.342 f  native_system/queue/frame_ready_INST_0_i_5/O
                         net (fo=2, estimated)        0.437     3.779    native_system/queue/frame_ready_INST_0_i_5_n_0
    SLICE_X32Y112                                                     f  native_system/queue/frame_ready_INST_0_i_1/I0
    SLICE_X32Y112        LUT6 (Prop_lut6_I0_O)        0.124     3.903 f  native_system/queue/frame_ready_INST_0_i_1/O
                         net (fo=34, estimated)       0.714     4.617    native_system/queue/pop0
    SLICE_X33Y111                                                     f  native_system/queue/invalid_frame_i_3/I1
    SLICE_X33Y111        LUT6 (Prop_lut6_I1_O)        0.124     4.741 r  native_system/queue/invalid_frame_i_3/O
                         net (fo=3, estimated)        0.793     5.534    native_system/queue/push
    SLICE_X43Y111                                                     r  native_system/queue/count[31]_i_5__0/I0
    SLICE_X43Y111        LUT2 (Prop_lut2_I0_O)        0.124     5.658 r  native_system/queue/count[31]_i_5__0/O
                         net (fo=4, estimated)        0.815     6.473    native_system/queue/count[31]_i_5__0_n_0
    SLICE_X45Y114                                                     r  native_system/queue/seq[0][31]_i_2/I0
    SLICE_X45Y114        LUT3 (Prop_lut3_I0_O)        0.124     6.597 r  native_system/queue/seq[0][31]_i_2/O
                         net (fo=8, estimated)        0.442     7.039    native_system/queue/seq[0][31]_i_2_n_0
    SLICE_X45Y115                                                     r  native_system/queue/seq[2][31]_i_1/I2
    SLICE_X45Y115        LUT3 (Prop_lut3_I2_O)        0.124     7.163 r  native_system/queue/seq[2][31]_i_1/O
                         net (fo=2208, estimated)     1.870     9.033    native_system/queue/seq[2][31]_i_1_n_0
    SLICE_X89Y123        FDRE                                         r  native_system/queue/queue_reg[2][306]/CE
  -------------------------------------------------------------------    -------------------

                         (clock core132 rise edge)    7.576     7.576 r  
                                                      0.000     7.576 r  clk (IN)
                         net (fo=17925, unset)        0.924     8.500    native_system/queue/clk
    SLICE_X89Y123        FDRE                                         r  native_system/queue/queue_reg[2][306]/C
                         clock pessimism              0.000     8.500    
                         clock uncertainty           -0.035     8.465    
    SLICE_X89Y123        FDRE (Setup_fdre_C_CE)      -0.205     8.260    native_system/queue/queue_reg[2][306]
  -------------------------------------------------------------------
                         required time                          8.260    
                         arrival time                          -9.033    
  -------------------------------------------------------------------
                         slack                                 -0.773    

Slack (VIOLATED) :        -0.769ns  (required time - arrival time)
  Source:                 native_system/queue/count_reg[26]/C
                            (rising edge-triggered cell FDCE clocked by core132  {rise@0.000ns fall@3.788ns period=7.576ns})
  Destination:            native_system/queue/queue_reg[2][1260]/CE
                            (rising edge-triggered cell FDRE clocked by core132  {rise@0.000ns fall@3.788ns period=7.576ns})
  Path Group:             core132
  Path Type:              Setup (Max at Slow Process Corner)
  Requirement:            7.576ns  (core132 rise@7.576ns - core132 rise@0.000ns)
  Data Path Delay:        8.056ns  (logic 1.386ns (17.205%)  route 6.670ns (82.795%))
  Logic Levels:           7  (LUT2=1 LUT3=2 LUT4=1 LUT6=3)
  Clock Path Skew:        -0.049ns (DCD - SCD + CPR)
    Destination Clock Delay (DCD):    0.924ns = ( 8.500 - 7.576 ) 
    Source Clock Delay      (SCD):    0.973ns
    Clock Pessimism Removal (CPR):    0.000ns
  Clock Uncertainty:      0.035ns  ((TSJ^2 + TIJ^2)^1/2 + DJ) / 2 + PE
    Total System Jitter     (TSJ):    0.071ns
    Total Input Jitter      (TIJ):    0.000ns
    Discrete Jitter          (DJ):    0.000ns
    Phase Error              (PE):    0.000ns

    Location             Delay type                Incr(ns)  Path(ns)    Netlist Resource(s)
  -------------------------------------------------------------------    -------------------
                         (clock core132 rise edge)    0.000     0.000 r  
                                                      0.000     0.000 r  clk (IN)
                         net (fo=17925, unset)        0.973     0.973    native_system/queue/clk
    SLICE_X30Y113        FDCE                                         r  native_system/queue/count_reg[26]/C
  -------------------------------------------------------------------    -------------------
    SLICE_X30Y113        FDCE (Prop_fdce_C_Q)         0.518     1.491 f  native_system/queue/count_reg[26]/Q
                         net (fo=7, estimated)        0.856     2.347    native_system/queue/count_reg[31]_0[26]
    SLICE_X30Y112                                                     f  native_system/queue/frame_ready_INST_0_i_14/I0
    SLICE_X30Y112        LUT4 (Prop_lut4_I0_O)        0.124     2.471 f  native_system/queue/frame_ready_INST_0_i_14/O
                         net (fo=1, estimated)        0.747     3.218    native_system/queue/frame_ready_INST_0_i_14_n_0
    SLICE_X32Y112                                                     f  native_system/queue/frame_ready_INST_0_i_5/I0
    SLICE_X32Y112        LUT6 (Prop_lut6_I0_O)        0.124     3.342 f  native_system/queue/frame_ready_INST_0_i_5/O
                         net (fo=2, estimated)        0.437     3.779    native_system/queue/frame_ready_INST_0_i_5_n_0
    SLICE_X32Y112                                                     f  native_system/queue/frame_ready_INST_0_i_1/I0
    SLICE_X32Y112        LUT6 (Prop_lut6_I0_O)        0.124     3.903 f  native_system/queue/frame_ready_INST_0_i_1/O
                         net (fo=34, estimated)       0.714     4.617    native_system/queue/pop0
    SLICE_X33Y111                                                     f  native_system/queue/invalid_frame_i_3/I1
    SLICE_X33Y111        LUT6 (Prop_lut6_I1_O)        0.124     4.741 r  native_system/queue/invalid_frame_i_3/O
                         net (fo=3, estimated)        0.793     5.534    native_system/queue/push
    SLICE_X43Y111                                                     r  native_system/queue/count[31]_i_5__0/I0
    SLICE_X43Y111        LUT2 (Prop_lut2_I0_O)        0.124     5.658 r  native_system/queue/count[31]_i_5__0/O
                         net (fo=4, estimated)        0.815     6.473    native_system/queue/count[31]_i_5__0_n_0
    SLICE_X45Y114                                                     r  native_system/queue/seq[0][31]_i_2/I0
    SLICE_X45Y114        LUT3 (Prop_lut3_I0_O)        0.124     6.597 r  native_system/queue/seq[0][31]_i_2/O
                         net (fo=8, estimated)        0.442     7.039    native_system/queue/seq[0][31]_i_2_n_0
    SLICE_X45Y115                                                     r  native_system/queue/seq[2][31]_i_1/I2
    SLICE_X45Y115        LUT3 (Prop_lut3_I2_O)        0.124     7.163 r  native_system/queue/seq[2][31]_i_1/O
                         net (fo=2208, estimated)     1.866     9.029    native_system/queue/seq[2][31]_i_1_n_0
    SLICE_X89Y125        FDRE                                         r  native_system/queue/queue_reg[2][1260]/CE
  -------------------------------------------------------------------    -------------------

                         (clock core132 rise edge)    7.576     7.576 r  
                                                      0.000     7.576 r  clk (IN)
                         net (fo=17925, unset)        0.924     8.500    native_system/queue/clk
    SLICE_X89Y125        FDRE                                         r  native_system/queue/queue_reg[2][1260]/C
                         clock pessimism              0.000     8.500    
                         clock uncertainty           -0.035     8.465    
    SLICE_X89Y125        FDRE (Setup_fdre_C_CE)      -0.205     8.260    native_system/queue/queue_reg[2][1260]
  -------------------------------------------------------------------
                         required time                          8.260    
                         arrival time                          -9.029    
  -------------------------------------------------------------------
                         slack                                 -0.769    

Slack (VIOLATED) :        -0.769ns  (required time - arrival time)
  Source:                 native_system/queue/count_reg[26]/C
                            (rising edge-triggered cell FDCE clocked by core132  {rise@0.000ns fall@3.788ns period=7.576ns})
  Destination:            native_system/queue/queue_reg[2][126]/CE
                            (rising edge-triggered cell FDRE clocked by core132  {rise@0.000ns fall@3.788ns period=7.576ns})
  Path Group:             core132
  Path Type:              Setup (Max at Slow Process Corner)
  Requirement:            7.576ns  (core132 rise@7.576ns - core132 rise@0.000ns)
  Data Path Delay:        8.056ns  (logic 1.386ns (17.205%)  route 6.670ns (82.795%))
  Logic Levels:           7  (LUT2=1 LUT3=2 LUT4=1 LUT6=3)
  Clock Path Skew:        -0.049ns (DCD - SCD + CPR)
    Destination Clock Delay (DCD):    0.924ns = ( 8.500 - 7.576 ) 
    Source Clock Delay      (SCD):    0.973ns
    Clock Pessimism Removal (CPR):    0.000ns
  Clock Uncertainty:      0.035ns  ((TSJ^2 + TIJ^2)^1/2 + DJ) / 2 + PE
    Total System Jitter     (TSJ):    0.071ns
    Total Input Jitter      (TIJ):    0.000ns
    Discrete Jitter          (DJ):    0.000ns
    Phase Error              (PE):    0.000ns

    Location             Delay type                Incr(ns)  Path(ns)    Netlist Resource(s)
  -------------------------------------------------------------------    -------------------
                         (clock core132 rise edge)    0.000     0.000 r  
                                                      0.000     0.000 r  clk (IN)
                         net (fo=17925, unset)        0.973     0.973    native_system/queue/clk
    SLICE_X30Y113        FDCE                                         r  native_system/queue/count_reg[26]/C
  -------------------------------------------------------------------    -------------------
    SLICE_X30Y113        FDCE (Prop_fdce_C_Q)         0.518     1.491 f  native_system/queue/count_reg[26]/Q
                         net (fo=7, estimated)        0.856     2.347    native_system/queue/count_reg[31]_0[26]
    SLICE_X30Y112                                                     f  native_system/queue/frame_ready_INST_0_i_14/I0
    SLICE_X30Y112        LUT4 (Prop_lut4_I0_O)        0.124     2.471 f  native_system/queue/frame_ready_INST_0_i_14/O
                         net (fo=1, estimated)        0.747     3.218    native_system/queue/frame_ready_INST_0_i_14_n_0
    SLICE_X32Y112                                                     f  native_system/queue/frame_ready_INST_0_i_5/I0
    SLICE_X32Y112        LUT6 (Prop_lut6_I0_O)        0.124     3.342 f  native_system/queue/frame_ready_INST_0_i_5/O
                         net (fo=2, estimated)        0.437     3.779    native_system/queue/frame_ready_INST_0_i_5_n_0
    SLICE_X32Y112                                                     f  native_system/queue/frame_ready_INST_0_i_1/I0
    SLICE_X32Y112        LUT6 (Prop_lut6_I0_O)        0.124     3.903 f  native_system/queue/frame_ready_INST_0_i_1/O
                         net (fo=34, estimated)       0.714     4.617    native_system/queue/pop0
    SLICE_X33Y111                                                     f  native_system/queue/invalid_frame_i_3/I1
    SLICE_X33Y111        LUT6 (Prop_lut6_I1_O)        0.124     4.741 r  native_system/queue/invalid_frame_i_3/O
                         net (fo=3, estimated)        0.793     5.534    native_system/queue/push
    SLICE_X43Y111                                                     r  native_system/queue/count[31]_i_5__0/I0
    SLICE_X43Y111        LUT2 (Prop_lut2_I0_O)        0.124     5.658 r  native_system/queue/count[31]_i_5__0/O
                         net (fo=4, estimated)        0.815     6.473    native_system/queue/count[31]_i_5__0_n_0
    SLICE_X45Y114                                                     r  native_system/queue/seq[0][31]_i_2/I0
    SLICE_X45Y114        LUT3 (Prop_lut3_I0_O)        0.124     6.597 r  native_system/queue/seq[0][31]_i_2/O
                         net (fo=8, estimated)        0.442     7.039    native_system/queue/seq[0][31]_i_2_n_0
    SLICE_X45Y115                                                     r  native_system/queue/seq[2][31]_i_1/I2
    SLICE_X45Y115        LUT3 (Prop_lut3_I2_O)        0.124     7.163 r  native_system/queue/seq[2][31]_i_1/O
                         net (fo=2208, estimated)     1.866     9.029    native_system/queue/seq[2][31]_i_1_n_0
    SLICE_X89Y125        FDRE                                         r  native_system/queue/queue_reg[2][126]/CE
  -------------------------------------------------------------------    -------------------

                         (clock core132 rise edge)    7.576     7.576 r  
                                                      0.000     7.576 r  clk (IN)
                         net (fo=17925, unset)        0.924     8.500    native_system/queue/clk
    SLICE_X89Y125        FDRE                                         r  native_system/queue/queue_reg[2][126]/C
                         clock pessimism              0.000     8.500    
                         clock uncertainty           -0.035     8.465    
    SLICE_X89Y125        FDRE (Setup_fdre_C_CE)      -0.205     8.260    native_system/queue/queue_reg[2][126]
  -------------------------------------------------------------------
                         required time                          8.260    
                         arrival time                          -9.029    
  -------------------------------------------------------------------
                         slack                                 -0.769    

Slack (VIOLATED) :        -0.769ns  (required time - arrival time)
  Source:                 native_system/queue/count_reg[26]/C
                            (rising edge-triggered cell FDCE clocked by core132  {rise@0.000ns fall@3.788ns period=7.576ns})
  Destination:            native_system/queue/queue_reg[2][1702]/CE
                            (rising edge-triggered cell FDRE clocked by core132  {rise@0.000ns fall@3.788ns period=7.576ns})
  Path Group:             core132
  Path Type:              Setup (Max at Slow Process Corner)
  Requirement:            7.576ns  (core132 rise@7.576ns - core132 rise@0.000ns)
  Data Path Delay:        8.056ns  (logic 1.386ns (17.205%)  route 6.670ns (82.795%))
  Logic Levels:           7  (LUT2=1 LUT3=2 LUT4=1 LUT6=3)
  Clock Path Skew:        -0.049ns (DCD - SCD + CPR)
    Destination Clock Delay (DCD):    0.924ns = ( 8.500 - 7.576 ) 
    Source Clock Delay      (SCD):    0.973ns
    Clock Pessimism Removal (CPR):    0.000ns
  Clock Uncertainty:      0.035ns  ((TSJ^2 + TIJ^2)^1/2 + DJ) / 2 + PE
    Total System Jitter     (TSJ):    0.071ns
    Total Input Jitter      (TIJ):    0.000ns
    Discrete Jitter          (DJ):    0.000ns
    Phase Error              (PE):    0.000ns

    Location             Delay type                Incr(ns)  Path(ns)    Netlist Resource(s)
  -------------------------------------------------------------------    -------------------
                         (clock core132 rise edge)    0.000     0.000 r  
                                                      0.000     0.000 r  clk (IN)
                         net (fo=17925, unset)        0.973     0.973    native_system/queue/clk
    SLICE_X30Y113        FDCE                                         r  native_system/queue/count_reg[26]/C
  -------------------------------------------------------------------    -------------------
    SLICE_X30Y113        FDCE (Prop_fdce_C_Q)         0.518     1.491 f  native_system/queue/count_reg[26]/Q
                         net (fo=7, estimated)        0.856     2.347    native_system/queue/count_reg[31]_0[26]
    SLICE_X30Y112                                                     f  native_system/queue/frame_ready_INST_0_i_14/I0
    SLICE_X30Y112        LUT4 (Prop_lut4_I0_O)        0.124     2.471 f  native_system/queue/frame_ready_INST_0_i_14/O
                         net (fo=1, estimated)        0.747     3.218    native_system/queue/frame_ready_INST_0_i_14_n_0
    SLICE_X32Y112                                                     f  native_system/queue/frame_ready_INST_0_i_5/I0
    SLICE_X32Y112        LUT6 (Prop_lut6_I0_O)        0.124     3.342 f  native_system/queue/frame_ready_INST_0_i_5/O
                         net (fo=2, estimated)        0.437     3.779    native_system/queue/frame_ready_INST_0_i_5_n_0
    SLICE_X32Y112                                                     f  native_system/queue/frame_ready_INST_0_i_1/I0
    SLICE_X32Y112        LUT6 (Prop_lut6_I0_O)        0.124     3.903 f  native_system/queue/frame_ready_INST_0_i_1/O
                         net (fo=34, estimated)       0.714     4.617    native_system/queue/pop0
    SLICE_X33Y111                                                     f  native_system/queue/invalid_frame_i_3/I1
    SLICE_X33Y111        LUT6 (Prop_lut6_I1_O)        0.124     4.741 r  native_system/queue/invalid_frame_i_3/O
                         net (fo=3, estimated)        0.793     5.534    native_system/queue/push
    SLICE_X43Y111                                                     r  native_system/queue/count[31]_i_5__0/I0
    SLICE_X43Y111        LUT2 (Prop_lut2_I0_O)        0.124     5.658 r  native_system/queue/count[31]_i_5__0/O
                         net (fo=4, estimated)        0.815     6.473    native_system/queue/count[31]_i_5__0_n_0
    SLICE_X45Y114                                                     r  native_system/queue/seq[0][31]_i_2/I0
    SLICE_X45Y114        LUT3 (Prop_lut3_I0_O)        0.124     6.597 r  native_system/queue/seq[0][31]_i_2/O
                         net (fo=8, estimated)        0.442     7.039    native_system/queue/seq[0][31]_i_2_n_0
    SLICE_X45Y115                                                     r  native_system/queue/seq[2][31]_i_1/I2
    SLICE_X45Y115        LUT3 (Prop_lut3_I2_O)        0.124     7.163 r  native_system/queue/seq[2][31]_i_1/O
                         net (fo=2208, estimated)     1.866     9.029    native_system/queue/seq[2][31]_i_1_n_0
    SLICE_X89Y125        FDRE                                         r  native_system/queue/queue_reg[2][1702]/CE
  -------------------------------------------------------------------    -------------------

                         (clock core132 rise edge)    7.576     7.576 r  
                                                      0.000     7.576 r  clk (IN)
                         net (fo=17925, unset)        0.924     8.500    native_system/queue/clk
    SLICE_X89Y125        FDRE                                         r  native_system/queue/queue_reg[2][1702]/C
                         clock pessimism              0.000     8.500    
                         clock uncertainty           -0.035     8.465    
    SLICE_X89Y125        FDRE (Setup_fdre_C_CE)      -0.205     8.260    native_system/queue/queue_reg[2][1702]
  -------------------------------------------------------------------
                         required time                          8.260    
                         arrival time                          -9.029    
  -------------------------------------------------------------------
                         slack                                 -0.769    

Slack (VIOLATED) :        -0.769ns  (required time - arrival time)
  Source:                 native_system/queue/count_reg[26]/C
                            (rising edge-triggered cell FDCE clocked by core132  {rise@0.000ns fall@3.788ns period=7.576ns})
  Destination:            native_system/queue/queue_reg[2][1753]/CE
                            (rising edge-triggered cell FDRE clocked by core132  {rise@0.000ns fall@3.788ns period=7.576ns})
  Path Group:             core132
  Path Type:              Setup (Max at Slow Process Corner)
  Requirement:            7.576ns  (core132 rise@7.576ns - core132 rise@0.000ns)
  Data Path Delay:        8.056ns  (logic 1.386ns (17.205%)  route 6.670ns (82.795%))
  Logic Levels:           7  (LUT2=1 LUT3=2 LUT4=1 LUT6=3)
  Clock Path Skew:        -0.049ns (DCD - SCD + CPR)
    Destination Clock Delay (DCD):    0.924ns = ( 8.500 - 7.576 ) 
    Source Clock Delay      (SCD):    0.973ns
    Clock Pessimism Removal (CPR):    0.000ns
  Clock Uncertainty:      0.035ns  ((TSJ^2 + TIJ^2)^1/2 + DJ) / 2 + PE
    Total System Jitter     (TSJ):    0.071ns
    Total Input Jitter      (TIJ):    0.000ns
    Discrete Jitter          (DJ):    0.000ns
    Phase Error              (PE):    0.000ns

    Location             Delay type                Incr(ns)  Path(ns)    Netlist Resource(s)
  -------------------------------------------------------------------    -------------------
                         (clock core132 rise edge)    0.000     0.000 r  
                                                      0.000     0.000 r  clk (IN)
                         net (fo=17925, unset)        0.973     0.973    native_system/queue/clk
    SLICE_X30Y113        FDCE                                         r  native_system/queue/count_reg[26]/C
  -------------------------------------------------------------------    -------------------
    SLICE_X30Y113        FDCE (Prop_fdce_C_Q)         0.518     1.491 f  native_system/queue/count_reg[26]/Q
                         net (fo=7, estimated)        0.856     2.347    native_system/queue/count_reg[31]_0[26]
    SLICE_X30Y112                                                     f  native_system/queue/frame_ready_INST_0_i_14/I0
    SLICE_X30Y112        LUT4 (Prop_lut4_I0_O)        0.124     2.471 f  native_system/queue/frame_ready_INST_0_i_14/O
                         net (fo=1, estimated)        0.747     3.218    native_system/queue/frame_ready_INST_0_i_14_n_0
    SLICE_X32Y112                                                     f  native_system/queue/frame_ready_INST_0_i_5/I0
    SLICE_X32Y112        LUT6 (Prop_lut6_I0_O)        0.124     3.342 f  native_system/queue/frame_ready_INST_0_i_5/O
                         net (fo=2, estimated)        0.437     3.779    native_system/queue/frame_ready_INST_0_i_5_n_0
    SLICE_X32Y112                                                     f  native_system/queue/frame_ready_INST_0_i_1/I0
    SLICE_X32Y112        LUT6 (Prop_lut6_I0_O)        0.124     3.903 f  native_system/queue/frame_ready_INST_0_i_1/O
                         net (fo=34, estimated)       0.714     4.617    native_system/queue/pop0
    SLICE_X33Y111                                                     f  native_system/queue/invalid_frame_i_3/I1
    SLICE_X33Y111        LUT6 (Prop_lut6_I1_O)        0.124     4.741 r  native_system/queue/invalid_frame_i_3/O
                         net (fo=3, estimated)        0.793     5.534    native_system/queue/push
    SLICE_X43Y111                                                     r  native_system/queue/count[31]_i_5__0/I0
    SLICE_X43Y111        LUT2 (Prop_lut2_I0_O)        0.124     5.658 r  native_system/queue/count[31]_i_5__0/O
                         net (fo=4, estimated)        0.815     6.473    native_system/queue/count[31]_i_5__0_n_0
    SLICE_X45Y114                                                     r  native_system/queue/seq[0][31]_i_2/I0
    SLICE_X45Y114        LUT3 (Prop_lut3_I0_O)        0.124     6.597 r  native_system/queue/seq[0][31]_i_2/O
                         net (fo=8, estimated)        0.442     7.039    native_system/queue/seq[0][31]_i_2_n_0
    SLICE_X45Y115                                                     r  native_system/queue/seq[2][31]_i_1/I2
    SLICE_X45Y115        LUT3 (Prop_lut3_I2_O)        0.124     7.163 r  native_system/queue/seq[2][31]_i_1/O
                         net (fo=2208, estimated)     1.866     9.029    native_system/queue/seq[2][31]_i_1_n_0
    SLICE_X89Y125        FDRE                                         r  native_system/queue/queue_reg[2][1753]/CE
  -------------------------------------------------------------------    -------------------

                         (clock core132 rise edge)    7.576     7.576 r  
                                                      0.000     7.576 r  clk (IN)
                         net (fo=17925, unset)        0.924     8.500    native_system/queue/clk
    SLICE_X89Y125        FDRE                                         r  native_system/queue/queue_reg[2][1753]/C
                         clock pessimism              0.000     8.500    
                         clock uncertainty           -0.035     8.465    
    SLICE_X89Y125        FDRE (Setup_fdre_C_CE)      -0.205     8.260    native_system/queue/queue_reg[2][1753]
  -------------------------------------------------------------------
                         required time                          8.260    
                         arrival time                          -9.029    
  -------------------------------------------------------------------
                         slack                                 -0.769    

Slack (VIOLATED) :        -0.769ns  (required time - arrival time)
  Source:                 native_system/queue/count_reg[26]/C
                            (rising edge-triggered cell FDCE clocked by core132  {rise@0.000ns fall@3.788ns period=7.576ns})
  Destination:            native_system/queue/queue_reg[2][357]/CE
                            (rising edge-triggered cell FDRE clocked by core132  {rise@0.000ns fall@3.788ns period=7.576ns})
  Path Group:             core132
  Path Type:              Setup (Max at Slow Process Corner)
  Requirement:            7.576ns  (core132 rise@7.576ns - core132 rise@0.000ns)
  Data Path Delay:        8.056ns  (logic 1.386ns (17.205%)  route 6.670ns (82.795%))
  Logic Levels:           7  (LUT2=1 LUT3=2 LUT4=1 LUT6=3)
  Clock Path Skew:        -0.049ns (DCD - SCD + CPR)
    Destination Clock Delay (DCD):    0.924ns = ( 8.500 - 7.576 ) 
    Source Clock Delay      (SCD):    0.973ns
    Clock Pessimism Removal (CPR):    0.000ns
  Clock Uncertainty:      0.035ns  ((TSJ^2 + TIJ^2)^1/2 + DJ) / 2 + PE
    Total System Jitter     (TSJ):    0.071ns
    Total Input Jitter      (TIJ):    0.000ns
    Discrete Jitter          (DJ):    0.000ns
    Phase Error              (PE):    0.000ns

    Location             Delay type                Incr(ns)  Path(ns)    Netlist Resource(s)
  -------------------------------------------------------------------    -------------------
                         (clock core132 rise edge)    0.000     0.000 r  
                                                      0.000     0.000 r  clk (IN)
                         net (fo=17925, unset)        0.973     0.973    native_system/queue/clk
    SLICE_X30Y113        FDCE                                         r  native_system/queue/count_reg[26]/C
  -------------------------------------------------------------------    -------------------
    SLICE_X30Y113        FDCE (Prop_fdce_C_Q)         0.518     1.491 f  native_system/queue/count_reg[26]/Q
                         net (fo=7, estimated)        0.856     2.347    native_system/queue/count_reg[31]_0[26]
    SLICE_X30Y112                                                     f  native_system/queue/frame_ready_INST_0_i_14/I0
    SLICE_X30Y112        LUT4 (Prop_lut4_I0_O)        0.124     2.471 f  native_system/queue/frame_ready_INST_0_i_14/O
                         net (fo=1, estimated)        0.747     3.218    native_system/queue/frame_ready_INST_0_i_14_n_0
    SLICE_X32Y112                                                     f  native_system/queue/frame_ready_INST_0_i_5/I0
    SLICE_X32Y112        LUT6 (Prop_lut6_I0_O)        0.124     3.342 f  native_system/queue/frame_ready_INST_0_i_5/O
                         net (fo=2, estimated)        0.437     3.779    native_system/queue/frame_ready_INST_0_i_5_n_0
    SLICE_X32Y112                                                     f  native_system/queue/frame_ready_INST_0_i_1/I0
    SLICE_X32Y112        LUT6 (Prop_lut6_I0_O)        0.124     3.903 f  native_system/queue/frame_ready_INST_0_i_1/O
                         net (fo=34, estimated)       0.714     4.617    native_system/queue/pop0
    SLICE_X33Y111                                                     f  native_system/queue/invalid_frame_i_3/I1
    SLICE_X33Y111        LUT6 (Prop_lut6_I1_O)        0.124     4.741 r  native_system/queue/invalid_frame_i_3/O
                         net (fo=3, estimated)        0.793     5.534    native_system/queue/push
    SLICE_X43Y111                                                     r  native_system/queue/count[31]_i_5__0/I0
    SLICE_X43Y111        LUT2 (Prop_lut2_I0_O)        0.124     5.658 r  native_system/queue/count[31]_i_5__0/O
                         net (fo=4, estimated)        0.815     6.473    native_system/queue/count[31]_i_5__0_n_0
    SLICE_X45Y114                                                     r  native_system/queue/seq[0][31]_i_2/I0
    SLICE_X45Y114        LUT3 (Prop_lut3_I0_O)        0.124     6.597 r  native_system/queue/seq[0][31]_i_2/O
                         net (fo=8, estimated)        0.442     7.039    native_system/queue/seq[0][31]_i_2_n_0
    SLICE_X45Y115                                                     r  native_system/queue/seq[2][31]_i_1/I2
    SLICE_X45Y115        LUT3 (Prop_lut3_I2_O)        0.124     7.163 r  native_system/queue/seq[2][31]_i_1/O
                         net (fo=2208, estimated)     1.866     9.029    native_system/queue/seq[2][31]_i_1_n_0
    SLICE_X89Y125        FDRE                                         r  native_system/queue/queue_reg[2][357]/CE
  -------------------------------------------------------------------    -------------------

                         (clock core132 rise edge)    7.576     7.576 r  
                                                      0.000     7.576 r  clk (IN)
                         net (fo=17925, unset)        0.924     8.500    native_system/queue/clk
    SLICE_X89Y125        FDRE                                         r  native_system/queue/queue_reg[2][357]/C
                         clock pessimism              0.000     8.500    
                         clock uncertainty           -0.035     8.465    
    SLICE_X89Y125        FDRE (Setup_fdre_C_CE)      -0.205     8.260    native_system/queue/queue_reg[2][357]
  -------------------------------------------------------------------
                         required time                          8.260    
                         arrival time                          -9.029    
  -------------------------------------------------------------------
                         slack                                 -0.769    

Slack (VIOLATED) :        -0.769ns  (required time - arrival time)
  Source:                 native_system/queue/count_reg[26]/C
                            (rising edge-triggered cell FDCE clocked by core132  {rise@0.000ns fall@3.788ns period=7.576ns})
  Destination:            native_system/queue/queue_reg[2][408]/CE
                            (rising edge-triggered cell FDRE clocked by core132  {rise@0.000ns fall@3.788ns period=7.576ns})
  Path Group:             core132
  Path Type:              Setup (Max at Slow Process Corner)
  Requirement:            7.576ns  (core132 rise@7.576ns - core132 rise@0.000ns)
  Data Path Delay:        8.056ns  (logic 1.386ns (17.205%)  route 6.670ns (82.795%))
  Logic Levels:           7  (LUT2=1 LUT3=2 LUT4=1 LUT6=3)
  Clock Path Skew:        -0.049ns (DCD - SCD + CPR)
    Destination Clock Delay (DCD):    0.924ns = ( 8.500 - 7.576 ) 
    Source Clock Delay      (SCD):    0.973ns
    Clock Pessimism Removal (CPR):    0.000ns
  Clock Uncertainty:      0.035ns  ((TSJ^2 + TIJ^2)^1/2 + DJ) / 2 + PE
    Total System Jitter     (TSJ):    0.071ns
    Total Input Jitter      (TIJ):    0.000ns
    Discrete Jitter          (DJ):    0.000ns
    Phase Error              (PE):    0.000ns

    Location             Delay type                Incr(ns)  Path(ns)    Netlist Resource(s)
  -------------------------------------------------------------------    -------------------
                         (clock core132 rise edge)    0.000     0.000 r  
                                                      0.000     0.000 r  clk (IN)
                         net (fo=17925, unset)        0.973     0.973    native_system/queue/clk
    SLICE_X30Y113        FDCE                                         r  native_system/queue/count_reg[26]/C
  -------------------------------------------------------------------    -------------------
    SLICE_X30Y113        FDCE (Prop_fdce_C_Q)         0.518     1.491 f  native_system/queue/count_reg[26]/Q
                         net (fo=7, estimated)        0.856     2.347    native_system/queue/count_reg[31]_0[26]
    SLICE_X30Y112                                                     f  native_system/queue/frame_ready_INST_0_i_14/I0
    SLICE_X30Y112        LUT4 (Prop_lut4_I0_O)        0.124     2.471 f  native_system/queue/frame_ready_INST_0_i_14/O
                         net (fo=1, estimated)        0.747     3.218    native_system/queue/frame_ready_INST_0_i_14_n_0
    SLICE_X32Y112                                                     f  native_system/queue/frame_ready_INST_0_i_5/I0
    SLICE_X32Y112        LUT6 (Prop_lut6_I0_O)        0.124     3.342 f  native_system/queue/frame_ready_INST_0_i_5/O
                         net (fo=2, estimated)        0.437     3.779    native_system/queue/frame_ready_INST_0_i_5_n_0
    SLICE_X32Y112                                                     f  native_system/queue/frame_ready_INST_0_i_1/I0
    SLICE_X32Y112        LUT6 (Prop_lut6_I0_O)        0.124     3.903 f  native_system/queue/frame_ready_INST_0_i_1/O
                         net (fo=34, estimated)       0.714     4.617    native_system/queue/pop0
    SLICE_X33Y111                                                     f  native_system/queue/invalid_frame_i_3/I1
    SLICE_X33Y111        LUT6 (Prop_lut6_I1_O)        0.124     4.741 r  native_system/queue/invalid_frame_i_3/O
                         net (fo=3, estimated)        0.793     5.534    native_system/queue/push
    SLICE_X43Y111                                                     r  native_system/queue/count[31]_i_5__0/I0
    SLICE_X43Y111        LUT2 (Prop_lut2_I0_O)        0.124     5.658 r  native_system/queue/count[31]_i_5__0/O
                         net (fo=4, estimated)        0.815     6.473    native_system/queue/count[31]_i_5__0_n_0
    SLICE_X45Y114                                                     r  native_system/queue/seq[0][31]_i_2/I0
    SLICE_X45Y114        LUT3 (Prop_lut3_I0_O)        0.124     6.597 r  native_system/queue/seq[0][31]_i_2/O
                         net (fo=8, estimated)        0.442     7.039    native_system/queue/seq[0][31]_i_2_n_0
    SLICE_X45Y115                                                     r  native_system/queue/seq[2][31]_i_1/I2
    SLICE_X45Y115        LUT3 (Prop_lut3_I2_O)        0.124     7.163 r  native_system/queue/seq[2][31]_i_1/O
                         net (fo=2208, estimated)     1.866     9.029    native_system/queue/seq[2][31]_i_1_n_0
    SLICE_X89Y125        FDRE                                         r  native_system/queue/queue_reg[2][408]/CE
  -------------------------------------------------------------------    -------------------

                         (clock core132 rise edge)    7.576     7.576 r  
                                                      0.000     7.576 r  clk (IN)
                         net (fo=17925, unset)        0.924     8.500    native_system/queue/clk
    SLICE_X89Y125        FDRE                                         r  native_system/queue/queue_reg[2][408]/C
                         clock pessimism              0.000     8.500    
                         clock uncertainty           -0.035     8.465    
    SLICE_X89Y125        FDRE (Setup_fdre_C_CE)      -0.205     8.260    native_system/queue/queue_reg[2][408]
  -------------------------------------------------------------------
                         required time                          8.260    
                         arrival time                          -9.029    
  -------------------------------------------------------------------
                         slack                                 -0.769    

Slack (VIOLATED) :        -0.769ns  (required time - arrival time)
  Source:                 native_system/queue/count_reg[26]/C
                            (rising edge-triggered cell FDCE clocked by core132  {rise@0.000ns fall@3.788ns period=7.576ns})
  Destination:            native_system/queue/queue_reg[2][474]/CE
                            (rising edge-triggered cell FDRE clocked by core132  {rise@0.000ns fall@3.788ns period=7.576ns})
  Path Group:             core132
  Path Type:              Setup (Max at Slow Process Corner)
  Requirement:            7.576ns  (core132 rise@7.576ns - core132 rise@0.000ns)
  Data Path Delay:        8.056ns  (logic 1.386ns (17.205%)  route 6.670ns (82.795%))
  Logic Levels:           7  (LUT2=1 LUT3=2 LUT4=1 LUT6=3)
  Clock Path Skew:        -0.049ns (DCD - SCD + CPR)
    Destination Clock Delay (DCD):    0.924ns = ( 8.500 - 7.576 ) 
    Source Clock Delay      (SCD):    0.973ns
    Clock Pessimism Removal (CPR):    0.000ns
  Clock Uncertainty:      0.035ns  ((TSJ^2 + TIJ^2)^1/2 + DJ) / 2 + PE
    Total System Jitter     (TSJ):    0.071ns
    Total Input Jitter      (TIJ):    0.000ns
    Discrete Jitter          (DJ):    0.000ns
    Phase Error              (PE):    0.000ns

    Location             Delay type                Incr(ns)  Path(ns)    Netlist Resource(s)
  -------------------------------------------------------------------    -------------------
                         (clock core132 rise edge)    0.000     0.000 r  
                                                      0.000     0.000 r  clk (IN)
                         net (fo=17925, unset)        0.973     0.973    native_system/queue/clk
    SLICE_X30Y113        FDCE                                         r  native_system/queue/count_reg[26]/C
  -------------------------------------------------------------------    -------------------
    SLICE_X30Y113        FDCE (Prop_fdce_C_Q)         0.518     1.491 f  native_system/queue/count_reg[26]/Q
                         net (fo=7, estimated)        0.856     2.347    native_system/queue/count_reg[31]_0[26]
    SLICE_X30Y112                                                     f  native_system/queue/frame_ready_INST_0_i_14/I0
    SLICE_X30Y112        LUT4 (Prop_lut4_I0_O)        0.124     2.471 f  native_system/queue/frame_ready_INST_0_i_14/O
                         net (fo=1, estimated)        0.747     3.218    native_system/queue/frame_ready_INST_0_i_14_n_0
    SLICE_X32Y112                                                     f  native_system/queue/frame_ready_INST_0_i_5/I0
    SLICE_X32Y112        LUT6 (Prop_lut6_I0_O)        0.124     3.342 f  native_system/queue/frame_ready_INST_0_i_5/O
                         net (fo=2, estimated)        0.437     3.779    native_system/queue/frame_ready_INST_0_i_5_n_0
    SLICE_X32Y112                                                     f  native_system/queue/frame_ready_INST_0_i_1/I0
    SLICE_X32Y112        LUT6 (Prop_lut6_I0_O)        0.124     3.903 f  native_system/queue/frame_ready_INST_0_i_1/O
                         net (fo=34, estimated)       0.714     4.617    native_system/queue/pop0
    SLICE_X33Y111                                                     f  native_system/queue/invalid_frame_i_3/I1
    SLICE_X33Y111        LUT6 (Prop_lut6_I1_O)        0.124     4.741 r  native_system/queue/invalid_frame_i_3/O
                         net (fo=3, estimated)        0.793     5.534    native_system/queue/push
    SLICE_X43Y111                                                     r  native_system/queue/count[31]_i_5__0/I0
    SLICE_X43Y111        LUT2 (Prop_lut2_I0_O)        0.124     5.658 r  native_system/queue/count[31]_i_5__0/O
                         net (fo=4, estimated)        0.815     6.473    native_system/queue/count[31]_i_5__0_n_0
    SLICE_X45Y114                                                     r  native_system/queue/seq[0][31]_i_2/I0
    SLICE_X45Y114        LUT3 (Prop_lut3_I0_O)        0.124     6.597 r  native_system/queue/seq[0][31]_i_2/O
                         net (fo=8, estimated)        0.442     7.039    native_system/queue/seq[0][31]_i_2_n_0
    SLICE_X45Y115                                                     r  native_system/queue/seq[2][31]_i_1/I2
    SLICE_X45Y115        LUT3 (Prop_lut3_I2_O)        0.124     7.163 r  native_system/queue/seq[2][31]_i_1/O
                         net (fo=2208, estimated)     1.866     9.029    native_system/queue/seq[2][31]_i_1_n_0
    SLICE_X89Y125        FDRE                                         r  native_system/queue/queue_reg[2][474]/CE
  -------------------------------------------------------------------    -------------------

                         (clock core132 rise edge)    7.576     7.576 r  
                                                      0.000     7.576 r  clk (IN)
                         net (fo=17925, unset)        0.924     8.500    native_system/queue/clk
    SLICE_X89Y125        FDRE                                         r  native_system/queue/queue_reg[2][474]/C
                         clock pessimism              0.000     8.500    
                         clock uncertainty           -0.035     8.465    
    SLICE_X89Y125        FDRE (Setup_fdre_C_CE)      -0.205     8.260    native_system/queue/queue_reg[2][474]
  -------------------------------------------------------------------
                         required time                          8.260    
                         arrival time                          -9.029    
  -------------------------------------------------------------------
                         slack                                 -0.769    

Slack (VIOLATED) :        -0.769ns  (required time - arrival time)
  Source:                 native_system/queue/count_reg[26]/C
                            (rising edge-triggered cell FDCE clocked by core132  {rise@0.000ns fall@3.788ns period=7.576ns})
  Destination:            native_system/queue/queue_reg[2][754]/CE
                            (rising edge-triggered cell FDRE clocked by core132  {rise@0.000ns fall@3.788ns period=7.576ns})
  Path Group:             core132
  Path Type:              Setup (Max at Slow Process Corner)
  Requirement:            7.576ns  (core132 rise@7.576ns - core132 rise@0.000ns)
  Data Path Delay:        8.056ns  (logic 1.386ns (17.205%)  route 6.670ns (82.795%))
  Logic Levels:           7  (LUT2=1 LUT3=2 LUT4=1 LUT6=3)
  Clock Path Skew:        -0.049ns (DCD - SCD + CPR)
    Destination Clock Delay (DCD):    0.924ns = ( 8.500 - 7.576 ) 
    Source Clock Delay      (SCD):    0.973ns
    Clock Pessimism Removal (CPR):    0.000ns
  Clock Uncertainty:      0.035ns  ((TSJ^2 + TIJ^2)^1/2 + DJ) / 2 + PE
    Total System Jitter     (TSJ):    0.071ns
    Total Input Jitter      (TIJ):    0.000ns
    Discrete Jitter          (DJ):    0.000ns
    Phase Error              (PE):    0.000ns

    Location             Delay type                Incr(ns)  Path(ns)    Netlist Resource(s)
  -------------------------------------------------------------------    -------------------
                         (clock core132 rise edge)    0.000     0.000 r  
                                                      0.000     0.000 r  clk (IN)
                         net (fo=17925, unset)        0.973     0.973    native_system/queue/clk
    SLICE_X30Y113        FDCE                                         r  native_system/queue/count_reg[26]/C
  -------------------------------------------------------------------    -------------------
    SLICE_X30Y113        FDCE (Prop_fdce_C_Q)         0.518     1.491 f  native_system/queue/count_reg[26]/Q
                         net (fo=7, estimated)        0.856     2.347    native_system/queue/count_reg[31]_0[26]
    SLICE_X30Y112                                                     f  native_system/queue/frame_ready_INST_0_i_14/I0
    SLICE_X30Y112        LUT4 (Prop_lut4_I0_O)        0.124     2.471 f  native_system/queue/frame_ready_INST_0_i_14/O
                         net (fo=1, estimated)        0.747     3.218    native_system/queue/frame_ready_INST_0_i_14_n_0
    SLICE_X32Y112                                                     f  native_system/queue/frame_ready_INST_0_i_5/I0
    SLICE_X32Y112        LUT6 (Prop_lut6_I0_O)        0.124     3.342 f  native_system/queue/frame_ready_INST_0_i_5/O
                         net (fo=2, estimated)        0.437     3.779    native_system/queue/frame_ready_INST_0_i_5_n_0
    SLICE_X32Y112                                                     f  native_system/queue/frame_ready_INST_0_i_1/I0
    SLICE_X32Y112        LUT6 (Prop_lut6_I0_O)        0.124     3.903 f  native_system/queue/frame_ready_INST_0_i_1/O
                         net (fo=34, estimated)       0.714     4.617    native_system/queue/pop0
    SLICE_X33Y111                                                     f  native_system/queue/invalid_frame_i_3/I1
    SLICE_X33Y111        LUT6 (Prop_lut6_I1_O)        0.124     4.741 r  native_system/queue/invalid_frame_i_3/O
                         net (fo=3, estimated)        0.793     5.534    native_system/queue/push
    SLICE_X43Y111                                                     r  native_system/queue/count[31]_i_5__0/I0
    SLICE_X43Y111        LUT2 (Prop_lut2_I0_O)        0.124     5.658 r  native_system/queue/count[31]_i_5__0/O
                         net (fo=4, estimated)        0.815     6.473    native_system/queue/count[31]_i_5__0_n_0
    SLICE_X45Y114                                                     r  native_system/queue/seq[0][31]_i_2/I0
    SLICE_X45Y114        LUT3 (Prop_lut3_I0_O)        0.124     6.597 r  native_system/queue/seq[0][31]_i_2/O
                         net (fo=8, estimated)        0.442     7.039    native_system/queue/seq[0][31]_i_2_n_0
    SLICE_X45Y115                                                     r  native_system/queue/seq[2][31]_i_1/I2
    SLICE_X45Y115        LUT3 (Prop_lut3_I2_O)        0.124     7.163 r  native_system/queue/seq[2][31]_i_1/O
                         net (fo=2208, estimated)     1.866     9.029    native_system/queue/seq[2][31]_i_1_n_0
    SLICE_X89Y125        FDRE                                         r  native_system/queue/queue_reg[2][754]/CE
  -------------------------------------------------------------------    -------------------

                         (clock core132 rise edge)    7.576     7.576 r  
                                                      0.000     7.576 r  clk (IN)
                         net (fo=17925, unset)        0.924     8.500    native_system/queue/clk
    SLICE_X89Y125        FDRE                                         r  native_system/queue/queue_reg[2][754]/C
                         clock pessimism              0.000     8.500    
                         clock uncertainty           -0.035     8.465    
    SLICE_X89Y125        FDRE (Setup_fdre_C_CE)      -0.205     8.260    native_system/queue/queue_reg[2][754]
  -------------------------------------------------------------------
                         required time                          8.260    
                         arrival time                          -9.029    
  -------------------------------------------------------------------
                         slack                                 -0.769    

Slack (VIOLATED) :        -0.767ns  (required time - arrival time)
  Source:                 native_system/queue/count_reg[26]/C
                            (rising edge-triggered cell FDCE clocked by core132  {rise@0.000ns fall@3.788ns period=7.576ns})
  Destination:            native_system/queue/queue_reg[2][1193]/CE
                            (rising edge-triggered cell FDRE clocked by core132  {rise@0.000ns fall@3.788ns period=7.576ns})
  Path Group:             core132
  Path Type:              Setup (Max at Slow Process Corner)
  Requirement:            7.576ns  (core132 rise@7.576ns - core132 rise@0.000ns)
  Data Path Delay:        8.054ns  (logic 1.386ns (17.209%)  route 6.668ns (82.791%))
  Logic Levels:           7  (LUT2=1 LUT3=2 LUT4=1 LUT6=3)
  Clock Path Skew:        -0.049ns (DCD - SCD + CPR)
    Destination Clock Delay (DCD):    0.924ns = ( 8.500 - 7.576 ) 
    Source Clock Delay      (SCD):    0.973ns
    Clock Pessimism Removal (CPR):    0.000ns
  Clock Uncertainty:      0.035ns  ((TSJ^2 + TIJ^2)^1/2 + DJ) / 2 + PE
    Total System Jitter     (TSJ):    0.071ns
    Total Input Jitter      (TIJ):    0.000ns
    Discrete Jitter          (DJ):    0.000ns
    Phase Error              (PE):    0.000ns

    Location             Delay type                Incr(ns)  Path(ns)    Netlist Resource(s)
  -------------------------------------------------------------------    -------------------
                         (clock core132 rise edge)    0.000     0.000 r  
                                                      0.000     0.000 r  clk (IN)
                         net (fo=17925, unset)        0.973     0.973    native_system/queue/clk
    SLICE_X30Y113        FDCE                                         r  native_system/queue/count_reg[26]/C
  -------------------------------------------------------------------    -------------------
    SLICE_X30Y113        FDCE (Prop_fdce_C_Q)         0.518     1.491 f  native_system/queue/count_reg[26]/Q
                         net (fo=7, estimated)        0.856     2.347    native_system/queue/count_reg[31]_0[26]
    SLICE_X30Y112                                                     f  native_system/queue/frame_ready_INST_0_i_14/I0
    SLICE_X30Y112        LUT4 (Prop_lut4_I0_O)        0.124     2.471 f  native_system/queue/frame_ready_INST_0_i_14/O
                         net (fo=1, estimated)        0.747     3.218    native_system/queue/frame_ready_INST_0_i_14_n_0
    SLICE_X32Y112                                                     f  native_system/queue/frame_ready_INST_0_i_5/I0
    SLICE_X32Y112        LUT6 (Prop_lut6_I0_O)        0.124     3.342 f  native_system/queue/frame_ready_INST_0_i_5/O
                         net (fo=2, estimated)        0.437     3.779    native_system/queue/frame_ready_INST_0_i_5_n_0
    SLICE_X32Y112                                                     f  native_system/queue/frame_ready_INST_0_i_1/I0
    SLICE_X32Y112        LUT6 (Prop_lut6_I0_O)        0.124     3.903 f  native_system/queue/frame_ready_INST_0_i_1/O
                         net (fo=34, estimated)       0.714     4.617    native_system/queue/pop0
    SLICE_X33Y111                                                     f  native_system/queue/invalid_frame_i_3/I1
    SLICE_X33Y111        LUT6 (Prop_lut6_I1_O)        0.124     4.741 r  native_system/queue/invalid_frame_i_3/O
                         net (fo=3, estimated)        0.793     5.534    native_system/queue/push
    SLICE_X43Y111                                                     r  native_system/queue/count[31]_i_5__0/I0
    SLICE_X43Y111        LUT2 (Prop_lut2_I0_O)        0.124     5.658 r  native_system/queue/count[31]_i_5__0/O
                         net (fo=4, estimated)        0.815     6.473    native_system/queue/count[31]_i_5__0_n_0
    SLICE_X45Y114                                                     r  native_system/queue/seq[0][31]_i_2/I0
    SLICE_X45Y114        LUT3 (Prop_lut3_I0_O)        0.124     6.597 r  native_system/queue/seq[0][31]_i_2/O
                         net (fo=8, estimated)        0.442     7.039    native_system/queue/seq[0][31]_i_2_n_0
    SLICE_X45Y115                                                     r  native_system/queue/seq[2][31]_i_1/I2
    SLICE_X45Y115        LUT3 (Prop_lut3_I2_O)        0.124     7.163 r  native_system/queue/seq[2][31]_i_1/O
                         net (fo=2208, estimated)     1.864     9.027    native_system/queue/seq[2][31]_i_1_n_0
    SLICE_X87Y125        FDRE                                         r  native_system/queue/queue_reg[2][1193]/CE
  -------------------------------------------------------------------    -------------------

                         (clock core132 rise edge)    7.576     7.576 r  
                                                      0.000     7.576 r  clk (IN)
                         net (fo=17925, unset)        0.924     8.500    native_system/queue/clk
    SLICE_X87Y125        FDRE                                         r  native_system/queue/queue_reg[2][1193]/C
                         clock pessimism              0.000     8.500    
                         clock uncertainty           -0.035     8.465    
    SLICE_X87Y125        FDRE (Setup_fdre_C_CE)      -0.205     8.260    native_system/queue/queue_reg[2][1193]
  -------------------------------------------------------------------
                         required time                          8.260    
                         arrival time                          -9.027    
  -------------------------------------------------------------------
                         slack                                 -0.767    

Slack (VIOLATED) :        -0.767ns  (required time - arrival time)
  Source:                 native_system/queue/count_reg[26]/C
                            (rising edge-triggered cell FDCE clocked by core132  {rise@0.000ns fall@3.788ns period=7.576ns})
  Destination:            native_system/queue/queue_reg[2][226]/CE
                            (rising edge-triggered cell FDRE clocked by core132  {rise@0.000ns fall@3.788ns period=7.576ns})
  Path Group:             core132
  Path Type:              Setup (Max at Slow Process Corner)
  Requirement:            7.576ns  (core132 rise@7.576ns - core132 rise@0.000ns)
  Data Path Delay:        8.054ns  (logic 1.386ns (17.209%)  route 6.668ns (82.791%))
  Logic Levels:           7  (LUT2=1 LUT3=2 LUT4=1 LUT6=3)
  Clock Path Skew:        -0.049ns (DCD - SCD + CPR)
    Destination Clock Delay (DCD):    0.924ns = ( 8.500 - 7.576 ) 
    Source Clock Delay      (SCD):    0.973ns
    Clock Pessimism Removal (CPR):    0.000ns
  Clock Uncertainty:      0.035ns  ((TSJ^2 + TIJ^2)^1/2 + DJ) / 2 + PE
    Total System Jitter     (TSJ):    0.071ns
    Total Input Jitter      (TIJ):    0.000ns
    Discrete Jitter          (DJ):    0.000ns
    Phase Error              (PE):    0.000ns

    Location             Delay type                Incr(ns)  Path(ns)    Netlist Resource(s)
  -------------------------------------------------------------------    -------------------
                         (clock core132 rise edge)    0.000     0.000 r  
                                                      0.000     0.000 r  clk (IN)
                         net (fo=17925, unset)        0.973     0.973    native_system/queue/clk
    SLICE_X30Y113        FDCE                                         r  native_system/queue/count_reg[26]/C
  -------------------------------------------------------------------    -------------------
    SLICE_X30Y113        FDCE (Prop_fdce_C_Q)         0.518     1.491 f  native_system/queue/count_reg[26]/Q
                         net (fo=7, estimated)        0.856     2.347    native_system/queue/count_reg[31]_0[26]
    SLICE_X30Y112                                                     f  native_system/queue/frame_ready_INST_0_i_14/I0
    SLICE_X30Y112        LUT4 (Prop_lut4_I0_O)        0.124     2.471 f  native_system/queue/frame_ready_INST_0_i_14/O
                         net (fo=1, estimated)        0.747     3.218    native_system/queue/frame_ready_INST_0_i_14_n_0
    SLICE_X32Y112                                                     f  native_system/queue/frame_ready_INST_0_i_5/I0
    SLICE_X32Y112        LUT6 (Prop_lut6_I0_O)        0.124     3.342 f  native_system/queue/frame_ready_INST_0_i_5/O
                         net (fo=2, estimated)        0.437     3.779    native_system/queue/frame_ready_INST_0_i_5_n_0
    SLICE_X32Y112                                                     f  native_system/queue/frame_ready_INST_0_i_1/I0
    SLICE_X32Y112        LUT6 (Prop_lut6_I0_O)        0.124     3.903 f  native_system/queue/frame_ready_INST_0_i_1/O
                         net (fo=34, estimated)       0.714     4.617    native_system/queue/pop0
    SLICE_X33Y111                                                     f  native_system/queue/invalid_frame_i_3/I1
    SLICE_X33Y111        LUT6 (Prop_lut6_I1_O)        0.124     4.741 r  native_system/queue/invalid_frame_i_3/O
                         net (fo=3, estimated)        0.793     5.534    native_system/queue/push
    SLICE_X43Y111                                                     r  native_system/queue/count[31]_i_5__0/I0
    SLICE_X43Y111        LUT2 (Prop_lut2_I0_O)        0.124     5.658 r  native_system/queue/count[31]_i_5__0/O
                         net (fo=4, estimated)        0.815     6.473    native_system/queue/count[31]_i_5__0_n_0
    SLICE_X45Y114                                                     r  native_system/queue/seq[0][31]_i_2/I0
    SLICE_X45Y114        LUT3 (Prop_lut3_I0_O)        0.124     6.597 r  native_system/queue/seq[0][31]_i_2/O
                         net (fo=8, estimated)        0.442     7.039    native_system/queue/seq[0][31]_i_2_n_0
    SLICE_X45Y115                                                     r  native_system/queue/seq[2][31]_i_1/I2
    SLICE_X45Y115        LUT3 (Prop_lut3_I2_O)        0.124     7.163 r  native_system/queue/seq[2][31]_i_1/O
                         net (fo=2208, estimated)     1.864     9.027    native_system/queue/seq[2][31]_i_1_n_0
    SLICE_X87Y125        FDRE                                         r  native_system/queue/queue_reg[2][226]/CE
  -------------------------------------------------------------------    -------------------

                         (clock core132 rise edge)    7.576     7.576 r  
                                                      0.000     7.576 r  clk (IN)
                         net (fo=17925, unset)        0.924     8.500    native_system/queue/clk
    SLICE_X87Y125        FDRE                                         r  native_system/queue/queue_reg[2][226]/C
                         clock pessimism              0.000     8.500    
                         clock uncertainty           -0.035     8.465    
    SLICE_X87Y125        FDRE (Setup_fdre_C_CE)      -0.205     8.260    native_system/queue/queue_reg[2][226]
  -------------------------------------------------------------------
                         required time                          8.260    
                         arrival time                          -9.027    
  -------------------------------------------------------------------
                         slack                                 -0.767    

Slack (VIOLATED) :        -0.767ns  (required time - arrival time)
  Source:                 native_system/queue/count_reg[26]/C
                            (rising edge-triggered cell FDCE clocked by core132  {rise@0.000ns fall@3.788ns period=7.576ns})
  Destination:            native_system/queue/queue_reg[2][712]/CE
                            (rising edge-triggered cell FDRE clocked by core132  {rise@0.000ns fall@3.788ns period=7.576ns})
  Path Group:             core132
  Path Type:              Setup (Max at Slow Process Corner)
  Requirement:            7.576ns  (core132 rise@7.576ns - core132 rise@0.000ns)
  Data Path Delay:        8.054ns  (logic 1.386ns (17.209%)  route 6.668ns (82.791%))
  Logic Levels:           7  (LUT2=1 LUT3=2 LUT4=1 LUT6=3)
  Clock Path Skew:        -0.049ns (DCD - SCD + CPR)
    Destination Clock Delay (DCD):    0.924ns = ( 8.500 - 7.576 ) 
    Source Clock Delay      (SCD):    0.973ns
    Clock Pessimism Removal (CPR):    0.000ns
  Clock Uncertainty:      0.035ns  ((TSJ^2 + TIJ^2)^1/2 + DJ) / 2 + PE
    Total System Jitter     (TSJ):    0.071ns
    Total Input Jitter      (TIJ):    0.000ns
    Discrete Jitter          (DJ):    0.000ns
    Phase Error              (PE):    0.000ns

    Location             Delay type                Incr(ns)  Path(ns)    Netlist Resource(s)
  -------------------------------------------------------------------    -------------------
                         (clock core132 rise edge)    0.000     0.000 r  
                                                      0.000     0.000 r  clk (IN)
                         net (fo=17925, unset)        0.973     0.973    native_system/queue/clk
    SLICE_X30Y113        FDCE                                         r  native_system/queue/count_reg[26]/C
  -------------------------------------------------------------------    -------------------
    SLICE_X30Y113        FDCE (Prop_fdce_C_Q)         0.518     1.491 f  native_system/queue/count_reg[26]/Q
                         net (fo=7, estimated)        0.856     2.347    native_system/queue/count_reg[31]_0[26]
    SLICE_X30Y112                                                     f  native_system/queue/frame_ready_INST_0_i_14/I0
    SLICE_X30Y112        LUT4 (Prop_lut4_I0_O)        0.124     2.471 f  native_system/queue/frame_ready_INST_0_i_14/O
                         net (fo=1, estimated)        0.747     3.218    native_system/queue/frame_ready_INST_0_i_14_n_0
    SLICE_X32Y112                                                     f  native_system/queue/frame_ready_INST_0_i_5/I0
    SLICE_X32Y112        LUT6 (Prop_lut6_I0_O)        0.124     3.342 f  native_system/queue/frame_ready_INST_0_i_5/O
                         net (fo=2, estimated)        0.437     3.779    native_system/queue/frame_ready_INST_0_i_5_n_0
    SLICE_X32Y112                                                     f  native_system/queue/frame_ready_INST_0_i_1/I0
    SLICE_X32Y112        LUT6 (Prop_lut6_I0_O)        0.124     3.903 f  native_system/queue/frame_ready_INST_0_i_1/O
                         net (fo=34, estimated)       0.714     4.617    native_system/queue/pop0
    SLICE_X33Y111                                                     f  native_system/queue/invalid_frame_i_3/I1
    SLICE_X33Y111        LUT6 (Prop_lut6_I1_O)        0.124     4.741 r  native_system/queue/invalid_frame_i_3/O
                         net (fo=3, estimated)        0.793     5.534    native_system/queue/push
    SLICE_X43Y111                                                     r  native_system/queue/count[31]_i_5__0/I0
    SLICE_X43Y111        LUT2 (Prop_lut2_I0_O)        0.124     5.658 r  native_system/queue/count[31]_i_5__0/O
                         net (fo=4, estimated)        0.815     6.473    native_system/queue/count[31]_i_5__0_n_0
    SLICE_X45Y114                                                     r  native_system/queue/seq[0][31]_i_2/I0
    SLICE_X45Y114        LUT3 (Prop_lut3_I0_O)        0.124     6.597 r  native_system/queue/seq[0][31]_i_2/O
                         net (fo=8, estimated)        0.442     7.039    native_system/queue/seq[0][31]_i_2_n_0
    SLICE_X45Y115                                                     r  native_system/queue/seq[2][31]_i_1/I2
    SLICE_X45Y115        LUT3 (Prop_lut3_I2_O)        0.124     7.163 r  native_system/queue/seq[2][31]_i_1/O
                         net (fo=2208, estimated)     1.864     9.027    native_system/queue/seq[2][31]_i_1_n_0
    SLICE_X87Y125        FDRE                                         r  native_system/queue/queue_reg[2][712]/CE
  -------------------------------------------------------------------    -------------------

                         (clock core132 rise edge)    7.576     7.576 r  
                                                      0.000     7.576 r  clk (IN)
                         net (fo=17925, unset)        0.924     8.500    native_system/queue/clk
    SLICE_X87Y125        FDRE                                         r  native_system/queue/queue_reg[2][712]/C
                         clock pessimism              0.000     8.500    
                         clock uncertainty           -0.035     8.465    
    SLICE_X87Y125        FDRE (Setup_fdre_C_CE)      -0.205     8.260    native_system/queue/queue_reg[2][712]
  -------------------------------------------------------------------
                         required time                          8.260    
                         arrival time                          -9.027    
  -------------------------------------------------------------------
                         slack                                 -0.767    

Slack (VIOLATED) :        -0.767ns  (required time - arrival time)
  Source:                 native_system/queue/count_reg[26]/C
                            (rising edge-triggered cell FDCE clocked by core132  {rise@0.000ns fall@3.788ns period=7.576ns})
  Destination:            native_system/queue/queue_reg[2][763]/CE
                            (rising edge-triggered cell FDRE clocked by core132  {rise@0.000ns fall@3.788ns period=7.576ns})
  Path Group:             core132
  Path Type:              Setup (Max at Slow Process Corner)
  Requirement:            7.576ns  (core132 rise@7.576ns - core132 rise@0.000ns)
  Data Path Delay:        8.054ns  (logic 1.386ns (17.209%)  route 6.668ns (82.791%))
  Logic Levels:           7  (LUT2=1 LUT3=2 LUT4=1 LUT6=3)
  Clock Path Skew:        -0.049ns (DCD - SCD + CPR)
    Destination Clock Delay (DCD):    0.924ns = ( 8.500 - 7.576 ) 
    Source Clock Delay      (SCD):    0.973ns
    Clock Pessimism Removal (CPR):    0.000ns
  Clock Uncertainty:      0.035ns  ((TSJ^2 + TIJ^2)^1/2 + DJ) / 2 + PE
    Total System Jitter     (TSJ):    0.071ns
    Total Input Jitter      (TIJ):    0.000ns
    Discrete Jitter          (DJ):    0.000ns
    Phase Error              (PE):    0.000ns

    Location             Delay type                Incr(ns)  Path(ns)    Netlist Resource(s)
  -------------------------------------------------------------------    -------------------
                         (clock core132 rise edge)    0.000     0.000 r  
                                                      0.000     0.000 r  clk (IN)
                         net (fo=17925, unset)        0.973     0.973    native_system/queue/clk
    SLICE_X30Y113        FDCE                                         r  native_system/queue/count_reg[26]/C
  -------------------------------------------------------------------    -------------------
    SLICE_X30Y113        FDCE (Prop_fdce_C_Q)         0.518     1.491 f  native_system/queue/count_reg[26]/Q
                         net (fo=7, estimated)        0.856     2.347    native_system/queue/count_reg[31]_0[26]
    SLICE_X30Y112                                                     f  native_system/queue/frame_ready_INST_0_i_14/I0
    SLICE_X30Y112        LUT4 (Prop_lut4_I0_O)        0.124     2.471 f  native_system/queue/frame_ready_INST_0_i_14/O
                         net (fo=1, estimated)        0.747     3.218    native_system/queue/frame_ready_INST_0_i_14_n_0
    SLICE_X32Y112                                                     f  native_system/queue/frame_ready_INST_0_i_5/I0
    SLICE_X32Y112        LUT6 (Prop_lut6_I0_O)        0.124     3.342 f  native_system/queue/frame_ready_INST_0_i_5/O
                         net (fo=2, estimated)        0.437     3.779    native_system/queue/frame_ready_INST_0_i_5_n_0
    SLICE_X32Y112                                                     f  native_system/queue/frame_ready_INST_0_i_1/I0
    SLICE_X32Y112        LUT6 (Prop_lut6_I0_O)        0.124     3.903 f  native_system/queue/frame_ready_INST_0_i_1/O
                         net (fo=34, estimated)       0.714     4.617    native_system/queue/pop0
    SLICE_X33Y111                                                     f  native_system/queue/invalid_frame_i_3/I1
    SLICE_X33Y111        LUT6 (Prop_lut6_I1_O)        0.124     4.741 r  native_system/queue/invalid_frame_i_3/O
                         net (fo=3, estimated)        0.793     5.534    native_system/queue/push
    SLICE_X43Y111                                                     r  native_system/queue/count[31]_i_5__0/I0
    SLICE_X43Y111        LUT2 (Prop_lut2_I0_O)        0.124     5.658 r  native_system/queue/count[31]_i_5__0/O
                         net (fo=4, estimated)        0.815     6.473    native_system/queue/count[31]_i_5__0_n_0
    SLICE_X45Y114                                                     r  native_system/queue/seq[0][31]_i_2/I0
    SLICE_X45Y114        LUT3 (Prop_lut3_I0_O)        0.124     6.597 r  native_system/queue/seq[0][31]_i_2/O
                         net (fo=8, estimated)        0.442     7.039    native_system/queue/seq[0][31]_i_2_n_0
    SLICE_X45Y115                                                     r  native_system/queue/seq[2][31]_i_1/I2
    SLICE_X45Y115        LUT3 (Prop_lut3_I2_O)        0.124     7.163 r  native_system/queue/seq[2][31]_i_1/O
                         net (fo=2208, estimated)     1.864     9.027    native_system/queue/seq[2][31]_i_1_n_0
    SLICE_X87Y125        FDRE                                         r  native_system/queue/queue_reg[2][763]/CE
  -------------------------------------------------------------------    -------------------

                         (clock core132 rise edge)    7.576     7.576 r  
                                                      0.000     7.576 r  clk (IN)
                         net (fo=17925, unset)        0.924     8.500    native_system/queue/clk
    SLICE_X87Y125        FDRE                                         r  native_system/queue/queue_reg[2][763]/C
                         clock pessimism              0.000     8.500    
                         clock uncertainty           -0.035     8.465    
    SLICE_X87Y125        FDRE (Setup_fdre_C_CE)      -0.205     8.260    native_system/queue/queue_reg[2][763]
  -------------------------------------------------------------------
                         required time                          8.260    
                         arrival time                          -9.027    
  -------------------------------------------------------------------
                         slack                                 -0.767    

Slack (VIOLATED) :        -0.699ns  (required time - arrival time)
  Source:                 native_system/queue/count_reg[26]/C
                            (rising edge-triggered cell FDCE clocked by core132  {rise@0.000ns fall@3.788ns period=7.576ns})
  Destination:            native_system/queue/queue_reg[2][73]/CE
                            (rising edge-triggered cell FDRE clocked by core132  {rise@0.000ns fall@3.788ns period=7.576ns})
  Path Group:             core132
  Path Type:              Setup (Max at Slow Process Corner)
  Requirement:            7.576ns  (core132 rise@7.576ns - core132 rise@0.000ns)
  Data Path Delay:        7.986ns  (logic 1.386ns (17.355%)  route 6.600ns (82.645%))
  Logic Levels:           7  (LUT2=1 LUT3=2 LUT4=1 LUT6=3)
  Clock Path Skew:        -0.049ns (DCD - SCD + CPR)
    Destination Clock Delay (DCD):    0.924ns = ( 8.500 - 7.576 ) 
    Source Clock Delay      (SCD):    0.973ns
    Clock Pessimism Removal (CPR):    0.000ns
  Clock Uncertainty:      0.035ns  ((TSJ^2 + TIJ^2)^1/2 + DJ) / 2 + PE
    Total System Jitter     (TSJ):    0.071ns
    Total Input Jitter      (TIJ):    0.000ns
    Discrete Jitter          (DJ):    0.000ns
    Phase Error              (PE):    0.000ns

    Location             Delay type                Incr(ns)  Path(ns)    Netlist Resource(s)
  -------------------------------------------------------------------    -------------------
                         (clock core132 rise edge)    0.000     0.000 r  
                                                      0.000     0.000 r  clk (IN)
                         net (fo=17925, unset)        0.973     0.973    native_system/queue/clk
    SLICE_X30Y113        FDCE                                         r  native_system/queue/count_reg[26]/C
  -------------------------------------------------------------------    -------------------
    SLICE_X30Y113        FDCE (Prop_fdce_C_Q)         0.518     1.491 f  native_system/queue/count_reg[26]/Q
                         net (fo=7, estimated)        0.856     2.347    native_system/queue/count_reg[31]_0[26]
    SLICE_X30Y112                                                     f  native_system/queue/frame_ready_INST_0_i_14/I0
    SLICE_X30Y112        LUT4 (Prop_lut4_I0_O)        0.124     2.471 f  native_system/queue/frame_ready_INST_0_i_14/O
                         net (fo=1, estimated)        0.747     3.218    native_system/queue/frame_ready_INST_0_i_14_n_0
    SLICE_X32Y112                                                     f  native_system/queue/frame_ready_INST_0_i_5/I0
    SLICE_X32Y112        LUT6 (Prop_lut6_I0_O)        0.124     3.342 f  native_system/queue/frame_ready_INST_0_i_5/O
                         net (fo=2, estimated)        0.437     3.779    native_system/queue/frame_ready_INST_0_i_5_n_0
    SLICE_X32Y112                                                     f  native_system/queue/frame_ready_INST_0_i_1/I0
    SLICE_X32Y112        LUT6 (Prop_lut6_I0_O)        0.124     3.903 f  native_system/queue/frame_ready_INST_0_i_1/O
                         net (fo=34, estimated)       0.714     4.617    native_system/queue/pop0
    SLICE_X33Y111                                                     f  native_system/queue/invalid_frame_i_3/I1
    SLICE_X33Y111        LUT6 (Prop_lut6_I1_O)        0.124     4.741 r  native_system/queue/invalid_frame_i_3/O
                         net (fo=3, estimated)        0.793     5.534    native_system/queue/push
    SLICE_X43Y111                                                     r  native_system/queue/count[31]_i_5__0/I0
    SLICE_X43Y111        LUT2 (Prop_lut2_I0_O)        0.124     5.658 r  native_system/queue/count[31]_i_5__0/O
                         net (fo=4, estimated)        0.815     6.473    native_system/queue/count[31]_i_5__0_n_0
    SLICE_X45Y114                                                     r  native_system/queue/seq[0][31]_i_2/I0
    SLICE_X45Y114        LUT3 (Prop_lut3_I0_O)        0.124     6.597 r  native_system/queue/seq[0][31]_i_2/O
                         net (fo=8, estimated)        0.442     7.039    native_system/queue/seq[0][31]_i_2_n_0
    SLICE_X45Y115                                                     r  native_system/queue/seq[2][31]_i_1/I2
    SLICE_X45Y115        LUT3 (Prop_lut3_I2_O)        0.124     7.163 r  native_system/queue/seq[2][31]_i_1/O
                         net (fo=2208, estimated)     1.796     8.959    native_system/queue/seq[2][31]_i_1_n_0
    SLICE_X91Y121        FDRE                                         r  native_system/queue/queue_reg[2][73]/CE
  -------------------------------------------------------------------    -------------------

                         (clock core132 rise edge)    7.576     7.576 r  
                                                      0.000     7.576 r  clk (IN)
                         net (fo=17925, unset)        0.924     8.500    native_system/queue/clk
    SLICE_X91Y121        FDRE                                         r  native_system/queue/queue_reg[2][73]/C
                         clock pessimism              0.000     8.500    
                         clock uncertainty           -0.035     8.465    
    SLICE_X91Y121        FDRE (Setup_fdre_C_CE)      -0.205     8.260    native_system/queue/queue_reg[2][73]
  -------------------------------------------------------------------
                         required time                          8.260    
                         arrival time                          -8.959    
  -------------------------------------------------------------------
                         slack                                 -0.699    

Slack (VIOLATED) :        -0.692ns  (required time - arrival time)
  Source:                 native_system/queue/count_reg[26]/C
                            (rising edge-triggered cell FDCE clocked by core132  {rise@0.000ns fall@3.788ns period=7.576ns})
  Destination:            native_system/queue/queue_reg[2][1699]/CE
                            (rising edge-triggered cell FDRE clocked by core132  {rise@0.000ns fall@3.788ns period=7.576ns})
  Path Group:             core132
  Path Type:              Setup (Max at Slow Process Corner)
  Requirement:            7.576ns  (core132 rise@7.576ns - core132 rise@0.000ns)
  Data Path Delay:        8.015ns  (logic 1.386ns (17.293%)  route 6.629ns (82.707%))
  Logic Levels:           7  (LUT2=1 LUT3=2 LUT4=1 LUT6=3)
  Clock Path Skew:        -0.049ns (DCD - SCD + CPR)
    Destination Clock Delay (DCD):    0.924ns = ( 8.500 - 7.576 ) 
    Source Clock Delay      (SCD):    0.973ns
    Clock Pessimism Removal (CPR):    0.000ns
  Clock Uncertainty:      0.035ns  ((TSJ^2 + TIJ^2)^1/2 + DJ) / 2 + PE
    Total System Jitter     (TSJ):    0.071ns
    Total Input Jitter      (TIJ):    0.000ns
    Discrete Jitter          (DJ):    0.000ns
    Phase Error              (PE):    0.000ns

    Location             Delay type                Incr(ns)  Path(ns)    Netlist Resource(s)
  -------------------------------------------------------------------    -------------------
                         (clock core132 rise edge)    0.000     0.000 r  
                                                      0.000     0.000 r  clk (IN)
                         net (fo=17925, unset)        0.973     0.973    native_system/queue/clk
    SLICE_X30Y113        FDCE                                         r  native_system/queue/count_reg[26]/C
  -------------------------------------------------------------------    -------------------
    SLICE_X30Y113        FDCE (Prop_fdce_C_Q)         0.518     1.491 f  native_system/queue/count_reg[26]/Q
                         net (fo=7, estimated)        0.856     2.347    native_system/queue/count_reg[31]_0[26]
    SLICE_X30Y112                                                     f  native_system/queue/frame_ready_INST_0_i_14/I0
    SLICE_X30Y112        LUT4 (Prop_lut4_I0_O)        0.124     2.471 f  native_system/queue/frame_ready_INST_0_i_14/O
                         net (fo=1, estimated)        0.747     3.218    native_system/queue/frame_ready_INST_0_i_14_n_0
    SLICE_X32Y112                                                     f  native_system/queue/frame_ready_INST_0_i_5/I0
    SLICE_X32Y112        LUT6 (Prop_lut6_I0_O)        0.124     3.342 f  native_system/queue/frame_ready_INST_0_i_5/O
                         net (fo=2, estimated)        0.437     3.779    native_system/queue/frame_ready_INST_0_i_5_n_0
    SLICE_X32Y112                                                     f  native_system/queue/frame_ready_INST_0_i_1/I0
    SLICE_X32Y112        LUT6 (Prop_lut6_I0_O)        0.124     3.903 f  native_system/queue/frame_ready_INST_0_i_1/O
                         net (fo=34, estimated)       0.714     4.617    native_system/queue/pop0
    SLICE_X33Y111                                                     f  native_system/queue/invalid_frame_i_3/I1
    SLICE_X33Y111        LUT6 (Prop_lut6_I1_O)        0.124     4.741 r  native_system/queue/invalid_frame_i_3/O
                         net (fo=3, estimated)        0.793     5.534    native_system/queue/push
    SLICE_X43Y111                                                     r  native_system/queue/count[31]_i_5__0/I0
    SLICE_X43Y111        LUT2 (Prop_lut2_I0_O)        0.124     5.658 r  native_system/queue/count[31]_i_5__0/O
                         net (fo=4, estimated)        0.815     6.473    native_system/queue/count[31]_i_5__0_n_0
    SLICE_X45Y114                                                     r  native_system/queue/seq[0][31]_i_2/I0
    SLICE_X45Y114        LUT3 (Prop_lut3_I0_O)        0.124     6.597 r  native_system/queue/seq[0][31]_i_2/O
                         net (fo=8, estimated)        0.442     7.039    native_system/queue/seq[0][31]_i_2_n_0
    SLICE_X45Y115                                                     r  native_system/queue/seq[2][31]_i_1/I2
    SLICE_X45Y115        LUT3 (Prop_lut3_I2_O)        0.124     7.163 r  native_system/queue/seq[2][31]_i_1/O
                         net (fo=2208, estimated)     1.825     8.988    native_system/queue/seq[2][31]_i_1_n_0
    SLICE_X90Y117        FDRE                                         r  native_system/queue/queue_reg[2][1699]/CE
  -------------------------------------------------------------------    -------------------

                         (clock core132 rise edge)    7.576     7.576 r  
                                                      0.000     7.576 r  clk (IN)
                         net (fo=17925, unset)        0.924     8.500    native_system/queue/clk
    SLICE_X90Y117        FDRE                                         r  native_system/queue/queue_reg[2][1699]/C
                         clock pessimism              0.000     8.500    
                         clock uncertainty           -0.035     8.465    
    SLICE_X90Y117        FDRE (Setup_fdre_C_CE)      -0.169     8.296    native_system/queue/queue_reg[2][1699]
  -------------------------------------------------------------------
                         required time                          8.296    
                         arrival time                          -8.988    
  -------------------------------------------------------------------
                         slack                                 -0.692    

Slack (VIOLATED) :        -0.692ns  (required time - arrival time)
  Source:                 native_system/queue/count_reg[26]/C
                            (rising edge-triggered cell FDCE clocked by core132  {rise@0.000ns fall@3.788ns period=7.576ns})
  Destination:            native_system/queue/queue_reg[2][176]/CE
                            (rising edge-triggered cell FDRE clocked by core132  {rise@0.000ns fall@3.788ns period=7.576ns})
  Path Group:             core132
  Path Type:              Setup (Max at Slow Process Corner)
  Requirement:            7.576ns  (core132 rise@7.576ns - core132 rise@0.000ns)
  Data Path Delay:        8.015ns  (logic 1.386ns (17.293%)  route 6.629ns (82.707%))
  Logic Levels:           7  (LUT2=1 LUT3=2 LUT4=1 LUT6=3)
  Clock Path Skew:        -0.049ns (DCD - SCD + CPR)
    Destination Clock Delay (DCD):    0.924ns = ( 8.500 - 7.576 ) 
    Source Clock Delay      (SCD):    0.973ns
    Clock Pessimism Removal (CPR):    0.000ns
  Clock Uncertainty:      0.035ns  ((TSJ^2 + TIJ^2)^1/2 + DJ) / 2 + PE
    Total System Jitter     (TSJ):    0.071ns
    Total Input Jitter      (TIJ):    0.000ns
    Discrete Jitter          (DJ):    0.000ns
    Phase Error              (PE):    0.000ns

    Location             Delay type                Incr(ns)  Path(ns)    Netlist Resource(s)
  -------------------------------------------------------------------    -------------------
                         (clock core132 rise edge)    0.000     0.000 r  
                                                      0.000     0.000 r  clk (IN)
                         net (fo=17925, unset)        0.973     0.973    native_system/queue/clk
    SLICE_X30Y113        FDCE                                         r  native_system/queue/count_reg[26]/C
  -------------------------------------------------------------------    -------------------
    SLICE_X30Y113        FDCE (Prop_fdce_C_Q)         0.518     1.491 f  native_system/queue/count_reg[26]/Q
                         net (fo=7, estimated)        0.856     2.347    native_system/queue/count_reg[31]_0[26]
    SLICE_X30Y112                                                     f  native_system/queue/frame_ready_INST_0_i_14/I0
    SLICE_X30Y112        LUT4 (Prop_lut4_I0_O)        0.124     2.471 f  native_system/queue/frame_ready_INST_0_i_14/O
                         net (fo=1, estimated)        0.747     3.218    native_system/queue/frame_ready_INST_0_i_14_n_0
    SLICE_X32Y112                                                     f  native_system/queue/frame_ready_INST_0_i_5/I0
    SLICE_X32Y112        LUT6 (Prop_lut6_I0_O)        0.124     3.342 f  native_system/queue/frame_ready_INST_0_i_5/O
                         net (fo=2, estimated)        0.437     3.779    native_system/queue/frame_ready_INST_0_i_5_n_0
    SLICE_X32Y112                                                     f  native_system/queue/frame_ready_INST_0_i_1/I0
    SLICE_X32Y112        LUT6 (Prop_lut6_I0_O)        0.124     3.903 f  native_system/queue/frame_ready_INST_0_i_1/O
                         net (fo=34, estimated)       0.714     4.617    native_system/queue/pop0
    SLICE_X33Y111                                                     f  native_system/queue/invalid_frame_i_3/I1
    SLICE_X33Y111        LUT6 (Prop_lut6_I1_O)        0.124     4.741 r  native_system/queue/invalid_frame_i_3/O
                         net (fo=3, estimated)        0.793     5.534    native_system/queue/push
    SLICE_X43Y111                                                     r  native_system/queue/count[31]_i_5__0/I0
    SLICE_X43Y111        LUT2 (Prop_lut2_I0_O)        0.124     5.658 r  native_system/queue/count[31]_i_5__0/O
                         net (fo=4, estimated)        0.815     6.473    native_system/queue/count[31]_i_5__0_n_0
    SLICE_X45Y114                                                     r  native_system/queue/seq[0][31]_i_2/I0
    SLICE_X45Y114        LUT3 (Prop_lut3_I0_O)        0.124     6.597 r  native_system/queue/seq[0][31]_i_2/O
                         net (fo=8, estimated)        0.442     7.039    native_system/queue/seq[0][31]_i_2_n_0
    SLICE_X45Y115                                                     r  native_system/queue/seq[2][31]_i_1/I2
    SLICE_X45Y115        LUT3 (Prop_lut3_I2_O)        0.124     7.163 r  native_system/queue/seq[2][31]_i_1/O
                         net (fo=2208, estimated)     1.825     8.988    native_system/queue/seq[2][31]_i_1_n_0
    SLICE_X90Y117        FDRE                                         r  native_system/queue/queue_reg[2][176]/CE
  -------------------------------------------------------------------    -------------------

                         (clock core132 rise edge)    7.576     7.576 r  
                                                      0.000     7.576 r  clk (IN)
                         net (fo=17925, unset)        0.924     8.500    native_system/queue/clk
    SLICE_X90Y117        FDRE                                         r  native_system/queue/queue_reg[2][176]/C
                         clock pessimism              0.000     8.500    
                         clock uncertainty           -0.035     8.465    
    SLICE_X90Y117        FDRE (Setup_fdre_C_CE)      -0.169     8.296    native_system/queue/queue_reg[2][176]
  -------------------------------------------------------------------
                         required time                          8.296    
                         arrival time                          -8.988    
  -------------------------------------------------------------------
                         slack                                 -0.692    

Slack (VIOLATED) :        -0.692ns  (required time - arrival time)
  Source:                 native_system/queue/count_reg[26]/C
                            (rising edge-triggered cell FDCE clocked by core132  {rise@0.000ns fall@3.788ns period=7.576ns})
  Destination:            native_system/queue/queue_reg[2][1971]/CE
                            (rising edge-triggered cell FDRE clocked by core132  {rise@0.000ns fall@3.788ns period=7.576ns})
  Path Group:             core132
  Path Type:              Setup (Max at Slow Process Corner)
  Requirement:            7.576ns  (core132 rise@7.576ns - core132 rise@0.000ns)
  Data Path Delay:        8.015ns  (logic 1.386ns (17.293%)  route 6.629ns (82.707%))
  Logic Levels:           7  (LUT2=1 LUT3=2 LUT4=1 LUT6=3)
  Clock Path Skew:        -0.049ns (DCD - SCD + CPR)
    Destination Clock Delay (DCD):    0.924ns = ( 8.500 - 7.576 ) 
    Source Clock Delay      (SCD):    0.973ns
    Clock Pessimism Removal (CPR):    0.000ns
  Clock Uncertainty:      0.035ns  ((TSJ^2 + TIJ^2)^1/2 + DJ) / 2 + PE
    Total System Jitter     (TSJ):    0.071ns
    Total Input Jitter      (TIJ):    0.000ns
    Discrete Jitter          (DJ):    0.000ns
    Phase Error              (PE):    0.000ns

    Location             Delay type                Incr(ns)  Path(ns)    Netlist Resource(s)
  -------------------------------------------------------------------    -------------------
                         (clock core132 rise edge)    0.000     0.000 r  
                                                      0.000     0.000 r  clk (IN)
                         net (fo=17925, unset)        0.973     0.973    native_system/queue/clk
    SLICE_X30Y113        FDCE                                         r  native_system/queue/count_reg[26]/C
  -------------------------------------------------------------------    -------------------
    SLICE_X30Y113        FDCE (Prop_fdce_C_Q)         0.518     1.491 f  native_system/queue/count_reg[26]/Q
                         net (fo=7, estimated)        0.856     2.347    native_system/queue/count_reg[31]_0[26]
    SLICE_X30Y112                                                     f  native_system/queue/frame_ready_INST_0_i_14/I0
    SLICE_X30Y112        LUT4 (Prop_lut4_I0_O)        0.124     2.471 f  native_system/queue/frame_ready_INST_0_i_14/O
                         net (fo=1, estimated)        0.747     3.218    native_system/queue/frame_ready_INST_0_i_14_n_0
    SLICE_X32Y112                                                     f  native_system/queue/frame_ready_INST_0_i_5/I0
    SLICE_X32Y112        LUT6 (Prop_lut6_I0_O)        0.124     3.342 f  native_system/queue/frame_ready_INST_0_i_5/O
                         net (fo=2, estimated)        0.437     3.779    native_system/queue/frame_ready_INST_0_i_5_n_0
    SLICE_X32Y112                                                     f  native_system/queue/frame_ready_INST_0_i_1/I0
    SLICE_X32Y112        LUT6 (Prop_lut6_I0_O)        0.124     3.903 f  native_system/queue/frame_ready_INST_0_i_1/O
                         net (fo=34, estimated)       0.714     4.617    native_system/queue/pop0
    SLICE_X33Y111                                                     f  native_system/queue/invalid_frame_i_3/I1
    SLICE_X33Y111        LUT6 (Prop_lut6_I1_O)        0.124     4.741 r  native_system/queue/invalid_frame_i_3/O
                         net (fo=3, estimated)        0.793     5.534    native_system/queue/push
    SLICE_X43Y111                                                     r  native_system/queue/count[31]_i_5__0/I0
    SLICE_X43Y111        LUT2 (Prop_lut2_I0_O)        0.124     5.658 r  native_system/queue/count[31]_i_5__0/O
                         net (fo=4, estimated)        0.815     6.473    native_system/queue/count[31]_i_5__0_n_0
    SLICE_X45Y114                                                     r  native_system/queue/seq[0][31]_i_2/I0
    SLICE_X45Y114        LUT3 (Prop_lut3_I0_O)        0.124     6.597 r  native_system/queue/seq[0][31]_i_2/O
                         net (fo=8, estimated)        0.442     7.039    native_system/queue/seq[0][31]_i_2_n_0
    SLICE_X45Y115                                                     r  native_system/queue/seq[2][31]_i_1/I2
    SLICE_X45Y115        LUT3 (Prop_lut3_I2_O)        0.124     7.163 r  native_system/queue/seq[2][31]_i_1/O
                         net (fo=2208, estimated)     1.825     8.988    native_system/queue/seq[2][31]_i_1_n_0
    SLICE_X90Y117        FDRE                                         r  native_system/queue/queue_reg[2][1971]/CE
  -------------------------------------------------------------------    -------------------

                         (clock core132 rise edge)    7.576     7.576 r  
                                                      0.000     7.576 r  clk (IN)
                         net (fo=17925, unset)        0.924     8.500    native_system/queue/clk
    SLICE_X90Y117        FDRE                                         r  native_system/queue/queue_reg[2][1971]/C
                         clock pessimism              0.000     8.500    
                         clock uncertainty           -0.035     8.465    
    SLICE_X90Y117        FDRE (Setup_fdre_C_CE)      -0.169     8.296    native_system/queue/queue_reg[2][1971]
  -------------------------------------------------------------------
                         required time                          8.296    
                         arrival time                          -8.988    
  -------------------------------------------------------------------
                         slack                                 -0.692    




