tx,rx,min_code,max_code,clipping_count,rms_code,peak_code,tof_s,integer_delay,fractional_delay,peak_ratio,fit_rms,coarse_distance_m,refined_distance_m,pose_accepted,pose_residual_m
64,0,15633,17104,0,257.6934229919264,749.51171875,0.0005234950545701121,419,418.7960436560897,1.0219291672388917,51.71974937158793,0.16833773032204474,0.16833933261815417,True,-2.7586018058745054e-06
64,1,15145,17659,0,460.57215956736746,1277.111328125,0.00043561159830434837,348,348.4892786434787,1.020665620896058,53.169530861760045,0.13773948237556025,0.13787132749917416,True,-3.308343590191498e-07
64,2,13032,19773,0,1267.887932707403,3390.2958984375,0.000326523596726464,262,261.2188773811712,1.019999144758385,54.211603670674315,0.09975848046579662,0.09970472826275725,True,8.261684600927022e-06
64,3,15179,17612,0,445.01470197651065,1227.2119140625,0.0004383217386565679,349,350.65739092525433,1.0190732161206781,53.90846287570022,0.13868306777821232,0.13882747307900709,True,-5.750015021177557e-06
65,0,15233,17479,0,393.09492600338837,1150.078125,0.000504786944303142,405,403.8295554425136,1.0191895488215432,54.79105105104251,0.16182415631298608,0.16175289657367803,True,-1.0912596237477867e-06
65,1,14670,18006,0,607.2042256264792,1712.9453125,0.0004402845982788717,353,352.22767862309735,1.0201086185971848,54.05711842075343,0.1393664735972298,0.1393769195532277,True,3.2395012840025217e-06
65,2,12127,20685,0,1628.20903456504,4299.1123046875,0.00033219577306726144,267,265.75661845380915,1.0196943684443227,53.74908963420942,0.10173335338780658,0.10175687010903149,True,-8.678461375227764e-07
65,3,14407,18338,0,725.8871850820005,1975.6064453125,0.0004156952835631801,334,332.5562268505441,1.0191171517655278,53.58174835168557,0.13080524967096993,0.1307350222839311,True,-2.0815963568121543e-06
66,0,15378,17432,0,349.0814879632655,1047.80859375,0.0004871271906395548,389,389.7017525116438,1.0212910122918477,52.78828403861758,0.15567558701186285,0.15581316894966477,True,1.1143915935318827e-06
66,1,15108,17667,0,456.0380303937439,1286.23046875,0.00044707539309670293,357,357.66031447736236,1.0209480265074309,54.80502709698982,0.141730814195776,0.1418900491605591,True,1.619921076917441e-06
66,2,13275,19531,0,1169.1326487407339,3145.2001953125,0.0003421034078229089,273,273.68272625832714,1.0210780969407434,53.94681549105391,0.10518287935888071,0.10513679425344355,True,6.75893075618994e-07
66,3,14520,18265,0,681.833196917719,1882.404296875,0.0003942868255028164,315,315.42946040225314,1.0213008437470035,53.0376566727616,0.12335149971942061,0.12328749019877024,True,-4.3495542050714375e-06
67,0,15559,17256,0,287.24232412894185,874.3359375,0.00047207175943855616,376,377.65740755084494,1.0175358544164954,55.50662736541723,0.1504337606613344,0.15059593794498455,True,4.643939496007388e-06
67,1,15514,17286,0,317.9704109617149,899.595703125,0.0004569104320942929,364,365.5283456754343,1.0186064729695965,55.38361202859961,0.14515506461330124,0.1453679866658139,True,-1.4408204587118556e-05
67,2,14327,18441,0,761.6948681252197,2057.73828125,0.000355352542946227,285,284.2820343569816,1.0201450960352172,52.95029310253709,0.10979581037918348,0.10972792670154312,True,5.802211195199414e-06
67,3,14768,17977,0,600.5006679361267,1610.6669921875,0.0003747353553800712,298,299.78828430405696,1.0187944974013428,53.261828682215395,0.11654429440509008,0.11659191390334542,True,2.9562820725026473e-06
68,0,14690,18047,0,618.9039290872196,1690.8681640625,0.00046016913676626603,367,368.1353094130128,1.019947061732022,54.03582524409115,0.14628964281236378,0.14619518874401852,True,-7.023577551168447e-06
68,1,14839,17979,0,574.4818733350317,1594.5546875,0.0004704086946901481,375,376.32695575211847,1.0193290148859364,53.747913735564154,0.14985473396296511,0.14969385863128415,True,6.107261148607934e-06
68,2,12933,19829,0,1300.995986907364,3449.974609375,0.00037161863757710953,296,297.29491006168763,1.019466663194921,54.84120755264166,0.1154591515560668,0.1154020387621381,True,-2.3208535640389938e-06
68,3,12709,20055,0,1387.5702411553718,3674.3544921875,0.0003581155361367863,286,286.492428909429,1.0210833703372895,54.121510961946704,0.11075779747335875,0.11080391596449587,True,2.1973141553083275e-06
69,0,14882,17878,0,527.5588821081002,1503.2294921875,0.0004500437765309108,359,360.03502122472867,1.0199685361832918,54.30140721444912,0.14276431169552686,0.14265627941149164,True,-4.872108470110881e-06
69,1,15241,17576,0,411.9243194168376,1189.8271484375,0.0004853703808328405,387,388.2963046662724,1.020300561556376,55.49648029435659,0.15506392124057025,0.15486237757147664,True,-6.002807933086496e-06
69,2,14039,18703,0,874.0871126508612,2344.52734375,0.0003904246265320918,311,312.3397012256734,1.019510110054601,54.290426202305866,0.12200680383755272,0.12198438843844575,True,2.0801786209390105e-06
69,3,12963,19741,0,1250.7749555645976,3421.568359375,0.00034466160046717133,275,275.7292803737371,1.0210237174773629,52.562924119191656,0.10607356136150135,0.10605654750406697,True,7.70531604249447e-06
70,0,14792,17973,0,591.2267463861533,1593.2333984375,0.00044225821099312326,355,353.8065687944986,1.01950889108531,51.911668024863886,0.14005362330375007,0.1400626456713431,True,-5.984364832067879e-06
70,1,15290,17487,0,391.9500156169002,1101.8212890625,0.0005019461578580903,402,401.5569262864722,1.0212892180835418,52.80270374473707,0.16083508406091346,0.16074577687490152,True,-9.050387568820817e-07
70,2,14267,18447,0,780.3918450954247,2113.9482421875,0.0004113628472376813,330,329.090277790145,1.020117792708862,53.16100680241934,0.1292968319717492,0.12935347259173344,True,-7.233512352988747e-08
70,3,12502,20273,0,1468.9313785737222,3888.7890625,0.0003345445777855439,269,267.63566222843514,1.0192939472738851,52.6196577288703,0.10255113311793626,0.10250889919855696,True,5.7666432381753285e-06
71,0,14971,17736,0,508.15078880772825,1411.8037109375,0.00043750001090539617,351,350.00000872431696,1.0204999123330356,52.739925025152246,0.13839696808956528,0.13845886520765685,True,-1.9666900280546074e-06
71,1,15572,17267,0,291.71393445969096,881.853515625,0.0005199458227152108,417,415.9566581721686,1.0190749876041605,52.40922986854777,0.16710199972005957,0.16728444525052982,True,3.7218095765845227e-06
71,2,14897,17833,0,540.9399071977585,1485.4287109375,0.00043477602420871365,348,347.8208193669709,1.0222560896424235,53.10315975719225,0.13744856182643464,0.1373853373258166,True,-1.0282129355054792e-05
71,3,12947,19796,0,1303.864424025825,3436.6748046875,0.000327940630648026,263,262.3525045184208,1.0207819570517993,52.194103251454116,0.1002518469891775,0.10027688170086044,True,7.153414514418643e-06
72,0,15632,17169,0,266.74801732249745,783.13671875,0.0005049999969765889,404,403.9999975812711,1.0214054024741714,52.95863326744436,0.16189833453497218,0.16182938406329248,True,-7.669459956310964e-06
72,1,14998,17790,0,507.5231235432068,1404.8974609375,0.0004126827797585884,329,330.14622380687075,1.0199141410288592,56.544280636259145,0.1297563908496478,0.1298571918039512,True,5.16092195215756e-06
72,2,13440,19260,0,1092.432408854624,2948.1962890625,0.0003325831587409145,267,266.0665269927316,1.0195922315621393,51.748854840743114,0.10186822886263439,0.10193412762978724,True,-6.084388673999186e-07
72,3,15278,17524,0,395.78189403242084,1141.896484375,0.0004431220293667232,353,354.49762349337857,1.0188715774371275,53.74999166050228,0.14035437761974112,0.1403983429802543,True,2.793041867232837e-06
73,0,15106,17637,0,465.3164998883656,1275.015625,0.0004856995818879606,390,388.55966551036846,1.019446553422727,52.50176325371861,0.15517853866615655,0.15496237546183467,True,-2.0202481291753394e-06
73,1,14395,18443,0,755.4671096155924,2058.28125,0.00041787282963825275,336,334.2982637106022,1.0182785849384646,53.30461783946219,0.13156340254241,0.13146754317753676,True,-4.058999539813257e-06
73,2,12161,20608,0,1594.0183276408532,4224.7314453125,0.00033842936936443407,272,270.74349549154726,1.0191705285401937,52.994368258006865,0.10390369503347853,0.10393285704659432,True,3.4604363569057384e-08
73,3,14402,18358,0,727.0249663687488,1981.244140625,0.0004198621934423931,335,335.8897547539145,1.019569184994192,53.79290401481547,0.1322560362816973,0.13240337385513423,True,5.500404369584988e-06
74,0,15203,17618,0,412.40242507431526,1232.2431640625,0.00046792444027926334,374,374.3395522234107,1.0225014940069672,52.697790260725085,0.14898979492146303,0.14874302322748365,True,8.97191460508262e-06
74,1,14854,17912,0,558.2602509660574,1529.501953125,0.00042527128390240486,340,340.2170271219239,1.0224330676144449,51.815817134839214,0.13413931099679155,0.13412953418993262,True,-6.215229619216389e-06
74,2,13359,19451,0,1138.682319882262,3065.0556640625,0.00034800866407673053,278,278.40693126138444,1.02155359585671,52.65746544394132,0.10723890335611115,0.10724985511119856,True,-4.111143366042347e-06
74,3,14538,18198,0,674.8827655675419,1848.0419921875,0.00039899491896615996,319,319.195935172928,1.022008245296923,55.12618749781542,0.12499070938717613,0.12505830079379487,True,6.491819501963647e-07
75,0,15106,17611,0,447.201142168719,1275.65234375,0.00045107019983383023,360,360.8561598670642,1.0204615528721572,52.03582651622452,0.14312167991993763,0.14328490763489024,True,-3.3651056928485357e-06
75,1,15030,17746,0,498.7630380403447,1364.515625,0.0004357633811814099,348,348.6107049451279,1.0216204570960483,53.64570915638852,0.137792328386672,0.13777337925209848,True,7.17708892331026e-06
75,2,13762,18962,0,974.2964106839067,2623.8310546875,0.0003609171643085222,288,288.7337314468177,1.020777814929468,54.44506458121829,0.11173323604957262,0.1117548355264152,True,4.920043025907761e-07
75,3,14307,18442,0,767.411890513025,2076.044921875,0.0003805161352776746,304,304.41290822213966,1.0215946934732807,51.04965379198846,0.11855697966061784,0.11847609453497533,True,-5.11937480061897e-06
76,0,14942,17897,0,543.9138754862713,1510.6279296875,0.0004387809442708975,349,351.024755416718,1.018197788971855,52.85333612392501,0.1388429486914434,0.1386495711739902,True,-1.3194993925547127e-05
76,1,14975,17761,0,502.8744204729056,1411.947265625,0.00044888289759429127,358,359.106318075433,1.019632311128864,55.28028038752596,0.1423601302597044,0.1423528884363096,True,5.457727001084711e-06
76,2,13871,18876,0,932.497555416063,2512.2734375,0.00037716757196176644,300,301.73405756941315,1.019215579078601,53.96118565912429,0.11739111551555265,0.11731784323076062,True,5.8835417134084356e-06
76,3,13743,18988,0,985.3052080851882,2640.4091796875,0.000363806309078132,290,291.0450472625056,1.0201164329190124,52.99501288489993,0.11273914514521033,0.11277760526119984,True,9.518397382501931e-07
77,0,15258,17497,0,402.31596934108785,1125.728515625,0.00042812375910061254,341,342.49900728049005,1.018832552973187,51.211566627574655,0.13513245290409223,0.13490421781498504,True,-2.4418031970840914e-06
77,1,15490,17288,0,311.0988172669277,904.5224609375,0.0004633527098484571,370,370.68216787876565,1.02057886538137,52.541889352995796,0.14739806256124185,0.14777269221152048,True,-1.5321732217132844e-06
77,2,14912,17828,0,540.2461271769447,1470.71875,0.00039560931619451745,315,316.48745295561395,1.0192617495454985,52.28327259657824,0.12381194927171423,0.12381379685016713,True,-5.636795725377786e-06
77,3,14310,18424,0,757.0589208109682,2075.64453125,0.0003502584368056205,280,280.2067494444964,1.0216037772504003,51.62282968015822,0.10802220327064388,0.10811462257982725,True,8.61233356393154e-06
78,0,14688,18047,0,616.0888865910439,1697.9794921875,0.00041943794768255693,336,335.55035814604554,1.0215337591009852,53.06875792136201,0.1321083272872939,0.13215950380679248,True,-4.543468828555053e-06
78,1,15308,17496,0,391.2796719923479,1111.2548828125,0.0004822761575378223,386,385.82092603025785,1.0214849350219746,55.129822838035835,0.15398661026981775,0.15392508414435738,True,5.850874488094737e-06
78,2,14569,18148,0,658.3853463619623,1813.9814453125,0.0004162391188368931,333,332.9912950695145,1.0220047857092738,53.422038810280725,0.130994595962686,0.13107401418775572,True,-1.2705361848996954e-06
78,3,13155,19646,0,1218.077230898481,3261.0341796875,0.00034045948740236634,273,272.36758992189306,1.0206393371575402,55.30891017533697,0.10461051811173155,0.10464468458085359,True,-1.1710957684568646e-06
79,0,15128,17663,0,461.5531083656602,1278.5595703125,0.00041454838139581786,333,331.6387051166543,1.0189912231041762,53.317405501025476,0.13040593450542629,0.1304589017683701,True,-5.639255054035175e-07
79,1,15619,17175,0,249.8322779652464,790.9384765625,0.0005024999959203568,403,401.9999967362854,1.0209609522355225,53.80954311093152,0.16102791300815222,0.16074109748215404,True,1.072917150343744e-05
79,2,15270,17465,0,394.8907381346702,1115.064453125,0.0004394393463778142,353,351.55147710225134,1.0185503387589145,52.54913075861215,0.1390721835414589,0.13899681377407003,True,-1.6060846157739395e-06
79,3,13932,18871,0,923.273343179274,2486.818359375,0.0003344085981515233,268,267.52687852121863,1.020343974623042,53.16517723461635,0.10250378929767442,0.10246911827616179,True,-9.878083439218699e-06
80,0,15181,17609,0,438.8698154361615,1225.423828125,0.0004884225642340185,390,390.73805138721485,1.0203621737037258,52.648587532316654,0.15612659524607328,0.1559644771732103,True,-5.083474832356938e-06
80,1,13982,18794,0,892.0088347475388,2411.1513671875,0.0003921238811979253,313,313.69910495834023,1.0208941267027716,52.145110747252176,0.12259843072387092,0.1225083851744146,True,-1.0401306810153832e-06
80,2,12556,20233,0,1456.394073151562,3849.9560546875,0.0003429118575594254,273,274.3294860475403,1.0195505535722753,52.33631680087723,0.10546435606156516,0.10547931417105812,True,1.5101765421104973e-06
80,3,14893,17917,0,552.6712278416386,1532.171875,0.00045049679150768767,360,360.39743320615014,1.0217136971951004,53.97438552091192,0.14292203722399233,0.14296926594849846,True,4.463100409496379e-06
81,0,15414,17319,0,324.46762445256996,968.5302734375,0.00046821731980074626,373,374.573855840597,1.0181600618258093,56.08847423998545,0.14909176633448623,0.14882150944306402,True,6.501541292863733e-06
81,1,14860,17905,0,544.547347263498,1525.205078125,0.0003968155224081456,316,317.4524179265165,1.0197810485708374,53.05280250448483,0.12423191223593327,0.12420883519951534,True,-5.507521164016538e-06
81,2,14071,18778,0,876.7864217924139,2393.435546875,0.000348211002734394,277,278.5688021875152,1.018972220727428,53.79774920087868,0.10730935129568266,0.10741597303510476,True,-1.7843199567879608e-06
81,3,15221,17517,0,417.16312783132616,1164.896484375,0.00042812557391478024,342,342.5004591318242,1.0211429145588031,53.44014275912461,0.13513308476515276,0.1351332554485175,True,4.4939419507894485e-07
82,0,15378,17377,0,352.59234437642885,1006.00390625,0.0004480132569026989,357,358.41060552215913,1.0189687542064372,54.59289362138911,0.14205734879620316,0.14235745240032474,True,-4.9981736621740325e-06
82,1,15032,17728,0,488.59362401811217,1350.6796875,0.0004048649855303754,323,323.89198842430034,1.0194891499903418,51.81096155835313,0.1270344814442408,0.12702245738085807,True,-7.16844646472814e-06
82,2,14349,18490,0,774.3265140302003,2107.1513671875,0.0003576478739505387,286,286.1182991604309,1.0215796278373566,53.510751806032566,0.11059497224847539,0.1106186757870674,True,4.158969675080448e-06
82,3,15036,17654,0,473.2502026766561,1349.1640625,0.00040728464575334365,324,325.8277166026749,1.0191054321549382,53.13419453774856,0.12787693082657658,0.12793290396674828,True,7.508612249546021e-06
83,0,14723,18009,0,605.2090704722903,1660.6484375,0.0004326735494885374,347,346.13883959082995,1.020004055019412,52.24302100016622,0.13671654643329142,0.13663081467024948,True,-4.808378810700065e-06
83,1,14524,18243,0,685.6781529168579,1859.6708984375,0.000416253777517116,334,333.0030220136928,1.0197760315541182,54.55276313631448,0.13099969965285804,0.13087315265296975,True,-1.8393723315857091e-06
83,2,13576,19238,0,1054.9694028331598,2849.373046875,0.0003701246098982434,297,296.0996879185947,1.0196813271453875,53.270211618007735,0.11493897823449631,0.11500306039076051,True,-2.9942955548090122e-06
83,3,14130,18612,0,839.998078520598,2252.8330078125,0.0003887450318031945,309,310.9960254425556,1.0179045077924325,51.96888760689219,0.12142202192127266,0.12149975141633922,True,9.01434667480161e-06
84,0,14858,17904,0,567.2824677354616,1523.6982421875,0.00041833651833238667,333,334.66921466590935,1.0182458287002074,53.73170290228787,0.1317248443226489,0.13175007969957,True,-3.6946791737990647e-06
84,1,14972,17899,0,519.9302808817795,1514.9228515625,0.0004295215576788636,342,343.6172461430909,1.0185393771577955,51.89701597232679,0.13561912228754514,0.13567856149975885,True,3.853191720082361e-06
84,2,14281,18484,0,772.626975377447,2103.806640625,0.0003859990795442099,307,308.79926363536794,1.0182436574023443,53.28043739085638,0.12046596794206257,0.12042326537323914,True,-4.750043636231327e-06
84,3,14169,18549,0,816.3324892893947,2216.5361328125,0.0003731383094642982,297,298.5106475714386,1.0193772089902544,52.840957286223585,0.11598825338224994,0.11596171045585404,True,3.849705850114682e-06
85,0,14393,18348,0,733.1155944890816,1989.7646484375,0.00040689731280531207,325,325.51785024424964,1.0212369029271484,53.36138044094812,0.12774207370914742,0.12781499219688014,True,-4.373167252241794e-06
85,1,14908,17838,0,543.1182642616701,1475.015625,0.0004462499160375648,356,356.9999328300518,1.0208794581903793,52.81798433451027,0.14144340911633463,0.14135174630879085,True,-6.420569245713104e-07
85,2,14243,18504,0,784.6015823659467,2141.05859375,0.00040423757530863797,323,323.39006024691037,1.0212578151619267,51.930608690187476,0.12681603699127314,0.12674185267090204,True,2.8610905402348674e-06
85,3,13502,19248,0,1083.9973044023218,2880.2919921875,0.00036016322610279863,288,288.1305808822389,1.0220175437241599,52.77893934547351,0.11147073854281442,0.11144215522613048,True,1.2928988474547598e-06
86,0,14412,18339,0,730.616920534205,1968.5576171875,0.0003989223381118752,320,319.1378704895002,1.020636780990097,53.38092973842178,0.1249654390226509,0.12491475999383812,True,-6.799048464886659e-06
86,1,15147,17595,0,439.38586637970235,1237.5615234375,0.00046381428768441844,372,371.05143014753475,1.0205542395942158,53.0925333148055,0.14755876940723386,0.14776935325478396,True,9.372175954147632e-06
86,2,14691,18088,0,617.6457499245845,1705.3203125,0.00042435993236718955,340,339.48794589375166,1.0210852461617872,53.645469885894336,0.13382200713294942,0.13385550953449296,True,-5.496091258411218e-06
86,3,13481,19317,0,1099.2855875524112,2934.0810546875,0.00035045524157014876,281,280.364193256119,1.0204140917161357,53.91167273706907,0.10809072448314462,0.10806876457576806,True,1.921164406032405e-06
87,0,13934,18819,0,917.1210377058932,2445.921875,0.0003935477455227931,315,314.8381964182345,1.022206969720358,51.0289792500396,0.1230941753782767,0.1231177651170132,True,-6.258431711467227e-06
87,1,15112,17652,0,460.6690893390141,1272.70703125,0.0004849388905694516,388,387.95111245556126,1.0223896594758524,53.811089380292884,0.1549136899384951,0.15486429591598166,True,6.517043223158714e-06
87,2,14673,18058,0,627.8614571933668,1714.5478515625,0.00044665357399556905,357,357.3228591964552,1.0215644737193186,54.98120609982885,0.1415839500874047,0.141622259117154,True,-5.0647831389138975e-06
87,3,12666,20133,0,1407.5018077394927,3753.9912109375,0.00034437458635362786,276,275.4996690829023,1.0210886562510832,52.537637199690955,0.105973632098549,0.10595344762524407,True,3.638512108203318e-06
88,0,15282,17455,0,380.44738981284297,1101.01953125,0.00047353157161316773,377,378.8252572905342,1.0180235764206904,52.976360530146245,0.1509420212233563,0.15081986220577207,True,5.857246739460198e-06
88,1,14142,18609,0,828.1555283633521,2243.673828125,0.0003728280829937769,297,298.26246639502153,1.0196130656075817,52.77282145096651,0.11588024230863139,0.11592957070155983,True,8.762216788388288e-07
88,2,13690,19057,0,1006.5919326998415,2693.3857421875,0.00035683742434078553,284,285.4699394726284,1.018858974269261,53.85944562590796,0.11031279925299867,0.11022895918173402,True,-2.073734249097292e-06
88,3,15264,17551,0,402.12991570837886,1168.5595703125,0.0004611664496667142,368,368.9331597333713,1.0201380798555362,53.87654711401276,0.1466368757126705,0.14649188444357006,True,-4.699338528119101e-06
89,0,15202,17591,0,433.2265791849749,1206.9404296875,0.00045250705068513745,362,362.00564054810997,1.021889702760183,54.965293795632164,0.14362194607330173,0.14343743549344395,True,1.896696725983693e-06
89,1,14320,18499,0,777.259753627075,2112.5009765625,0.00037798435194141703,303,302.3874815531336,1.0211668593517103,55.41608560914286,0.11767549254619077,0.11772297558415534,True,-1.7559993524679518e-06
89,2,13831,18874,0,941.5871403926077,2550.642578125,0.0003615087097663295,290,289.2069678130636,1.0208273282897515,55.45877094689692,0.1119391935227843,0.11207431492404407,True,4.094717318575691e-06
89,3,15080,17676,0,470.40533900896537,1303.55078125,0.0004383332101758934,352,350.66656814071473,1.0193016199912903,53.95526618275158,0.13868706179947135,0.13885011018276114,True,-4.417464673417415e-06
90,0,15186,17501,0,400.9404764827573,1197.423828125,0.00043257022663848376,345,346.056181310787,1.0191611486542658,53.45649715440286,0.13668057267533046,0.13670895510495004,True,-1.9024345285223454e-07
90,1,14787,17950,0,577.0407916447635,1597.603515625,0.0003865241825488928,308,309.2193460391142,1.019397794992122,54.62101555184698,0.12064879224845014,0.1206857989779502,True,-1.4894872591986186e-06
90,2,14545,18276,0,690.0639715090045,1890.48046875,0.00037077541452904943,298,296.62033162323957,1.018594457015812,53.056771983849366,0.1151655678829269,0.11515310222335817,True,4.066637382851845e-06
90,3,15163,17608,0,434.85895559719637,1223.1474609375,0.00041882468458708183,333,335.05974766966546,1.017388692380023,54.83056851930302,0.13189480841754178,0.13185776605880525,True,-2.7040674942802045e-06
91,0,14965,17800,0,515.6644367973472,1419.1826171875,0.0004155725759297472,332,332.4580607437978,1.0214938363393928,52.93008269115479,0.130762526742762,0.13073341176368378,True,1.9344925997200058e-06
91,1,14796,17972,0,588.2385482840676,1589.900390625,0.0003979397929003474,318,318.35183432027793,1.0219453205434585,52.69522734568809,0.12462334776590693,0.1247359907977818,True,2.091361443745665e-07
91,2,14492,18250,0,705.1709027185276,1893.412109375,0.0003832597732058098,306,306.60781856464786,1.0211600527027773,54.02855312205143,0.11951222786281178,0.11937193881749235,True,-3.6969258344482503e-06
91,3,14875,17964,0,568.8537254336908,1578.115234375,0.0004010726639944109,321,320.85813119552876,1.022413242668113,53.034849194267885,0.1257141146814757,0.12562288680865422,True,1.1091439474364417e-06
92,0,14025,18707,0,858.4011194314039,2360.3271484375,0.00040115865934900653,320,320.92692747920523,1.0205650632690542,55.175633693279856,0.1257440555519645,0.12563100083955955,True,-3.873468340326314e-06
92,1,14345,18413,0,772.4760894327954,2039.2978515625,0.00041251779976677374,329,330.014239813419,1.0203388099711608,55.94580271462853,0.1296989500193681,0.12977597656079676,True,-1.0306325941011885e-06
92,2,13984,18844,0,915.9812489796517,2461.9462890625,0.0003977492297932628,317,318.1993838346102,1.01979947155781,53.29507063124846,0.12455699970168885,0.12459274438810729,True,4.1287852973470596e-06
92,3,13862,18939,0,952.7859907616935,2555.677734375,0.00038545840214971206,308,308.36672171976966,1.0217752703388716,54.77533924780107,0.12027772112430116,0.12027039966697964,True,2.0915107740160366e-07
93,0,14739,18028,0,607.3787056408892,1646.7548828125,0.0003892252422539989,311,311.3801938031991,1.021596113087374,54.69566007226434,0.12158921605614798,0.1214871927226771,True,6.0972251169216785e-06
93,1,15178,17609,0,433.2734723465727,1221.4775390625,0.00042911435344559806,343,343.29148275647844,1.0223632393735234,51.60266359816004,0.13547734661526573,0.1356918536751509,True,-1.199585123651259e-06
93,2,14996,17790,0,508.54927571422985,1406.89453125,0.00041579432436988185,332,332.6354594959055,1.0208112629086594,52.11169713396897,0.13083973255647588,0.13072316523296554,True,-2.147654025286272e-06
93,3,14555,18220,0,679.4820297361791,1838.1884765625,0.0003727927434302962,299,298.23419474423696,1.0213624575477265,51.53626895386069,0.11586793818710898,0.11592000428973863,True,-3.4380369681730194e-06
94,0,13904,18857,0,921.1839215745972,2481.37890625,0.00038030039773200047,305,304.24031818560036,1.020122617332361,50.24572418999465,0.11848186665079333,0.11843420105337277,True,1.7051285489122492e-06
94,1,14912,17803,0,527.6211688108871,1472.5615234375,0.0004488846072366868,360,359.10768578934943,1.020165777433754,54.690490541749696,0.1423607255032706,0.14237780702863728,True,-3.75523516282783e-06
94,2,14745,18046,0,611.4860568262134,1663.4140625,0.0004353656944331561,349,348.2925555465249,1.0209202779321314,51.785492539739245,0.13765386640252672,0.13761338347793092,True,7.792469514517064e-06
94,3,13580,19258,0,1048.4334309719848,2873.15625,0.0003636198636875892,292,290.89589095007136,1.0197114319205804,54.42164255134625,0.11267423074003427,0.1126843319430103,True,-6.555437615310411e-06
95,0,14396,18323,0,729.7872381899415,1989.3203125,0.00037497959724660385,298,299.98367779728306,1.0177274487421901,56.224758926662886,0.1166293317205147,0.11654544919099848,True,-5.721012462031605e-06
95,1,15418,17397,0,348.86950497757164,1012.48828125,0.00047017185149780523,375,376.1374811982442,1.019262034526308,53.526174472459964,0.14977227263256604,0.14970973443998953,True,1.2634098590785792e-05
95,2,15319,17492,0,396.4038266671357,1106.4814453125,0.00045741443226748055,366,365.9315458139844,1.0211771922641202,53.434101690177506,0.1453305415792689,0.14519692807307905,True,-1.0180394642955726e-05
95,3,14111,18683,0,837.122305715485,2294.849609375,0.00035769396714415086,285,286.1551737153207,1.019672428835667,53.108133143930196,0.11061102044487911,0.11064988732691781,True,2.32595671498248e-06
96,0,15423,17319,0,327.79777428759905,962.3916015625,0.0004604195738080024,369,368.33565904640193,1.0209147388916333,50.96875445245458,0.146376837092421,0.14650111337205501,True,-3.8000384317560254e-06
96,1,14328,18416,0,757.7911004725602,2057.884765625,0.0003567362402879341,285,285.3889922303473,1.0217206627396076,53.73238483710152,0.1102775701567736,0.11027096591297911,True,6.958304307747021e-09
96,2,14557,18221,0,680.7821216709877,1836.6455078125,0.000373271587275791,298,298.61726982063277,1.0213600574821773,53.85015607988344,0.11603465651311325,0.11602772872409713,True,-3.0406363602381026e-06
96,3,15550,17257,0,293.8624568649209,874.96875,0.00047235097162460186,379,377.8807772996815,1.0198629630025187,55.680647127196174,0.15053097353917652,0.15086890713872406,True,6.881514880319184e-06
97,0,14968,17844,0,517.14358805038,1460.9609375,0.00043918305779547966,351,351.3464462363837,1.02194995046977,53.059198467198094,0.13898295193950175,0.13888351247365754,True,-2.6023932437335695e-06
97,1,13744,18995,0,968.1929260494878,2639.5302734375,0.00036196142924061376,290,289.569143392491,1.0215442115144109,52.05457637593173,0.11209681616660092,0.11215047239375622,True,1.6763805353869898e-06
97,2,14064,18719,0,875.5301700009029,2335.8583984375,0.0003785210830650867,302,302.81686645206935,1.0211424937096611,53.313066114898945,0.11786236539690087,0.11777866722292171,True,6.441675193077923e-06
97,3,15110,17615,0,458.40116021536255,1275.0478515625,0.0004515009220961099,362,361.2007376768879,1.0202298258447866,53.37623922372951,0.14327164382824648,0.1434737907810247,True,-5.5553133299357516e-06
98,0,14594,18283,0,671.4606758470554,1895.921875,0.0004191870739465589,335,335.3496591572471,1.0209957853415994,55.88618166304872,0.13202098096406653,0.1319201152200492,True,-2.1423901190309458e-06
98,1,13689,19089,0,1003.9688527948475,2705.67578125,0.0003711075560513113,296,296.88604484104906,1.0196564492308213,53.49124387027879,0.11528120908644031,0.1152575768799306,True,9.216848275428458e-07
98,2,13917,18808,0,913.0066615652374,2469.375,0.0003866997489837883,310,309.35979918703066,1.0202330069117465,54.710784933012015,0.1207099189443526,0.12071507905140055,True,3.335080101737886e-06
98,3,14756,17968,0,593.8315040808416,1629.1630859375,0.0004328667179948469,345,346.29337439587755,1.0192009775222723,52.87690967947815,0.13678380161535478,0.136716433374538,True,-2.258635483476379e-06
99,0,14531,18299,0,707.0756498429231,1915.5029296875,0.00040113868486798247,322,320.91094789438597,1.0197662329241302,52.89758838539678,0.12573710106759456,0.12570906916869612,True,8.057454339627235e-06
99,1,14195,18595,0,822.3510105607656,2209.46875,0.0003835939225057244,308,306.8751380045795,1.019356466920155,52.62213115867477,0.11962856811118586,0.1194947153198267,True,-2.0285957239019048e-07
99,2,14341,18394,0,753.7619710120292,2041.048828125,0.00039808866724907647,319,318.47093379926116,1.0203571131013995,53.20754251277645,0.12467518111917775,0.1247479355001874,True,-6.045412258154359e-06
99,3,14719,18092,0,613.6478713080796,1707.15625,0.0004154955604520655,334,332.3964483616524,1.0186699514312805,53.00213065313258,0.1307357123822219,0.13071701476247422,True,-2.070854183633397e-06
100,0,14405,18362,0,735.1269331797838,1979.7451171875,0.00038616164499119803,307,308.92931599295844,1.0182323384274135,53.2860256977069,0.12052256810397964,0.1203948258732567,True,1.3547021527893222e-06
100,1,14591,18214,0,658.1802935116561,1833.2578125,0.0003982575796373645,317,318.6060637098916,1.018621966415627,54.997810336666696,0.12473399108589593,0.12474542879192764,True,-2.6646157759435685e-07
100,2,14744,18046,0,612.932327380934,1660.88671875,0.0004127835844279317,329,330.22686754234536,1.0200568899974314,52.65575944769294,0.1297914878564997,0.1297592493135216,True,-5.08647088617864e-06
100,3,14699,18116,0,634.5177676401341,1730.537109375,0.0004005322575373662,319,320.42580602989295,1.0196543707559018,53.23720535094081,0.1255259621955911,0.12557515566805666,True,3.6146210108112253e-06
101,0,13899,18929,0,938.0656552121588,2544.677734375,0.00037335711489914467,299,298.68569191931573,1.0219535390298864,53.82988746225875,0.11606443453433417,0.11607822901165585,True,-2.0270237340580533e-06
101,1,14629,18154,0,653.4660790300221,1768.1640625,0.00041620093513301663,333,332.9607481064133,1.0220316505279192,54.4947185949155,0.13098130160117166,0.1308850229824737,True,3.374293743640955e-06
101,2,14751,18099,0,613.7429500602241,1713.798828125,0.0004292320981202971,344,343.3856784962377,1.0210888341595528,53.19245778971535,0.13551834159775622,0.1356425655327691,True,3.099371337855761e-06
101,3,14259,18532,0,801.2659036042958,2147.5234375,0.00038872888071858917,312,310.98310457487133,1.0200284374616335,52.42842209163414,0.12141639862295968,0.12142017846254931,True,-4.946577578643363e-06
102,0,13305,19535,0,1173.7506597888787,3150.646484375,0.0003641426192640671,292,291.3140954112537,1.0206955379609184,53.55924140041927,0.11285623774595023,0.11286874739817727,True,3.432693885377369e-06
102,1,14657,18115,0,642.466367679196,1730.8271484375,0.0004358528141884344,349,348.68225135074755,1.0220231018190242,52.98060584545897,0.13782346613932547,0.13781098817845408,True,-6.091464845175976e-06
102,2,14748,18026,0,610.847370116877,1643.486328125,0.0004485283270242603,359,358.8226616194082,1.022549633615205,52.98866814681024,0.14223667996908854,0.14230726728806659,True,-2.9104053583806078e-08
102,3,13747,19031,0,996.2556067941954,2647.8427734375,0.00037969877045388167,304,303.75901636310533,1.0219142535912544,53.86833312961278,0.11827239900569322,0.11832495901569662,True,2.085737597273818e-06
103,0,14291,18530,0,803.9459949540742,2146.6748046875,0.0003586550720125605,288,286.9240576100484,1.019640704803833,52.85811138002443,0.11094564685029995,0.11088670312482408,True,-5.805718962373363e-06
103,1,15397,17406,0,359.92655947936214,1020.6787109375,0.00045778685668099926,367,366.2294853447994,1.0195797579568258,54.35479186954588,0.14546020801514173,0.1453837594246729,True,5.814616822752416e-07
103,2,15442,17315,0,343.16850309604666,939.830078125,0.0004702272502367814,378,376.18180018942513,1.0168335668834994,51.93506801170801,0.14979156072640237,0.1496327518686985,True,3.318889142289727e-06
103,3,14473,18244,0,680.2654431772588,1909.8203125,0.00037469055311799553,298,299.7524424943964,1.018534609593576,53.65243720893847,0.11652869567033608,0.11639861022082534,True,1.2201330666511412e-06
104,0,14991,17841,0,509.82838515927085,1454.7255859375,0.0004508580090499079,362,360.6864072399263,1.0188389239533602,52.78775328914034,0.1430478017807031,0.1430470302315448,True,2.6257601537515995e-07
104,1,13046,19689,0,1248.0334698761699,3336.5703125,0.00034373189206582,276,274.985513652656,1.0195252829888575,55.30363568831267,0.10574986621577959,0.10567926807432068,True,-2.8450077880631808e-06
104,2,14149,18623,0,829.9459182532942,2240.2216796875,0.00039239116266465656,315,313.91293013172526,1.0194529788289466,53.29331391651533,0.12269148970149932,0.12272617105331066,True,-9.078991405481185e-07
104,3,15315,17439,0,383.9645810966228,1070.3701171875,0.00048824814225308116,391,390.59851380246494,1.0214817739682025,50.68632173383493,0.15606586701294714,0.15606207871775019,True,3.6503956440947505e-06
105,0,14897,17925,0,549.7187531331218,1540.271484375,0.00042871869873613934,342,342.97495898891145,1.0202738948076868,53.83727159177652,0.13533959212294577,0.1352378105709751,True,-1.0834944665638613e-06
105,1,13476,19251,0,1079.8186856089521,2907.3720703125,0.00034914670361734407,278,279.31736289387527,1.0195153491584288,53.507219923366925,0.10763513283451596,0.10763954423940167,True,-1.6168678273753567e-06
105,2,14386,18345,0,735.131756340079,1998.2001953125,0.0003971765345090208,316,317.7412276072167,1.0182179907614737,53.937047983549704,0.12435760526444657,0.12439239345984437,True,-1.5021191017844382e-06
105,3,15275,17520,0,400.5504275029565,1138.2431640625,0.00046894368801935973,374,375.1549504154878,1.0200220242018936,53.71346191325998,0.14934466484119002,0.14891224007163392,True,4.32311078105152e-06
106,0,14851,17932,0,569.4144007059294,1550.505859375,0.0004079518398801979,327,326.36147190415835,1.021308609219319,54.3762390155808,0.12810922678066594,0.12807978456791722,True,-3.96045907039011e-06
106,1,13993,18769,0,873.8705260247253,2392.244140625,0.00035859934348877564,287,286.8794747910205,1.0221003137402582,51.960235748059816,0.11092624393579345,0.11086852140065775,True,2.3062572966081607e-06
106,2,14738,18013,0,609.0450931885991,1642.859375,0.00040513132995515384,324,324.1050639641231,1.0224240061590686,54.97960792545567,0.12712721417341213,0.12717467977067845,True,-2.7588100019182438e-06
106,3,15265,17518,0,406.3370869873625,1136.1494140625,0.0004488859310771893,360,359.10874486175146,1.0195308160913341,52.91861808513461,0.14236118642278445,0.14241666190998997,True,4.452312687724946e-06
107,0,14005,18765,0,886.9051263806858,2381.9306640625,0.00038944975112048915,313,311.5598008963913,1.0189232596778521,53.05423773584431,0.12166738296326504,0.12168221787873287,True,-2.8807176747081e-06
107,1,13678,19138,0,1036.9968092192446,2757.9267578125,0.000371108278906087,298,296.88662312486963,1.0199150757470379,52.86466512675299,0.11528146076167699,0.11527047557267625,True,-2.277693680441395e-06
107,2,14393,18363,0,736.8120997268686,1988.4970703125,0.00041638447457298725,334,333.1075796583898,1.0201198591286786,53.20293746098637,0.1310452042460016,0.13099703626113016,True,2.962045070609154e-07
107,3,14725,18060,0,612.5512802362239,1676.404296875,0.000432182547592983,347,345.7460380743864,1.0193270205390792,54.22280795786553,0.13654559505767716,0.13666783233098234,True,4.786590277194858e-06
108,0,14249,18423,0,760.8653143192167,2135.1162109375,0.0003737399607681326,299,298.99196861450605,1.0226579598195897,52.297338440996555,0.11619772939234652,0.11617085644505858,True,2.744096323795131e-06
108,1,14585,18214,0,673.4381707661203,1829.529296875,0.0003869018264601495,310,309.5214611681196,1.0213375168076613,52.85683542800249,0.12078027594883135,0.1207045510380434,True,-1.715698591447934e-06
108,2,15000,17791,0,497.5748529135853,1406.5634765625,0.00042999999612243066,344,343.9999968979445,1.022331131138017,53.81848712835539,0.13578569946538308,0.13577441258810008,True,4.4692212476382664e-06
108,3,14956,17842,0,509.0805140137432,1458.9560546875,0.00041867377032190473,336,334.9390162575238,1.020409758731027,52.60084755832541,0.13184226482969533,0.13177457433391654,True,-5.701874740332569e-06
109,0,13622,19122,0,1031.1910657390415,2760.3935546875,0.0003605848530944014,289,288.4678824755211,1.0209753249080116,55.61009838813974,0.1116175357647054,0.1116869409587723,True,3.478655189598223e-06
109,1,14559,18270,0,695.808756366028,1887.310546875,0.0004050994104331549,324,324.0795283465239,1.0223776560724944,53.34627056681686,0.12711610080247798,0.1270386203813394,True,3.071498509116255e-06
109,2,14935,17793,0,529.7200899695122,1446.6572265625,0.00044579749656439345,357,356.6379972515148,1.021540489691134,53.98581135218389,0.1412858909234446,0.1414212260036973,True,-1.6079244472555487e-06
109,3,14581,18171,0,672.4077807646283,1802.40625,0.00040716835397300956,326,325.73468317840764,1.0219129852035476,52.953894606030325,0.12783644169608496,0.12781241064667004,True,-5.2639938734055924e-06
110,0,13415,19365,0,1117.0041015177449,2978.556640625,0.000351142777885411,280,280.9142223083288,1.0200033840438893,52.947168408475136,0.10833010294571883,0.10835449921984808,True,2.2920040391866126e-06
110,1,14767,18036,0,588.5536847377496,1655.3134765625,0.00042561913210680354,339,340.4953056854428,1.0189999348927072,53.58288397370578,0.13426042077169326,0.13415966150922987,True,-3.004975139553334e-06
110,2,15085,17683,0,459.94299147249006,1299.21484375,0.00046409485934355055,370,371.27588747484043,1.0196614971544935,55.100090748309576,0.14765645561073182,0.14782125190630474,True,-3.553340013895401e-08
110,3,14440,18322,0,714.4104644322691,1945.1162109375,0.00039861317161368873,318,318.890537290951,1.0204105852739789,52.571450424772536,0.12485779699797166,0.12487678952542092,True,3.409745080451554e-07
111,0,14102,18600,0,840.7634759912461,2281.490234375,0.0003445493641222587,274,275.63949129780696,1.0191739970009435,52.15226821574937,0.10603448420572975,0.10626828974204877,True,1.265198849526028e-05
111,1,15401,17359,0,353.30580520022886,985.0712890625,0.00044723813368898163,356,357.7905069511853,1.0186538917432935,53.720752386856006,0.1417874753377598,0.14192715477906187,True,3.90422183968453e-06
111,2,15562,17271,0,289.3984745597048,885.228515625,0.00048362725925175064,386,386.9018074014005,1.0207367157236504,54.25447451369895,0.1544570212777631,0.1549048047681535,True,-1.5438954198365717e-05
111,3,14917,17831,0,533.7916574414377,1464.92578125,0.00039362932731253997,314,314.903461850032,1.020480818062615,52.225382681454946,0.12312257958467301,0.12305411375621592,True,-1.5692548399615092e-06
112,0,14699,18085,0,629.2843960858941,1700.8623046875,0.0004436544708904784,356,354.9235767123827,1.019423435093399,53.136921266982434,0.1405397569670394,0.14054219363667222,True,-1.8323692629329535e-06
112,1,12127,20634,0,1612.143153779716,4256.6484375,0.00033383834660514594,268,267.07067728411675,1.019863575417306,54.77031304277885,0.10230524569288998,0.10229435392523703,True,-3.9568867356565285e-06
112,2,14221,18578,0,819.1077982718876,2195.72265625,0.00041380087297818624,332,331.040698382549,1.019967336251013,52.9933898176016,0.13014567564810953,0.13018796421158996,True,1.3294598328605911e-06
112,3,15221,17602,0,404.79687677048366,1221.5166015625,0.0005054019615332954,405,404.3215692266363,1.020148606615121,54.0432769481985,0.16203828591711414,0.16197520397460505,True,4.794807786728805e-06
113,0,14825,17901,0,561.6327915801614,1559.75,0.000420745102171468,336,336.5960817371744,1.0211014122339472,53.881375723699925,0.13256343725742423,0.1325717488834247,True,1.0442665697468767e-05
113,1,13310,19368,0,1143.176670247781,3076.12890625,0.0003398398309775689,271,271.8718647820551,1.0200630761215392,54.454122843626315,0.1043947732863318,0.1043170051420543,True,-1.415017635383875e-06
113,2,14729,18055,0,596.5046000011506,1672.6103515625,0.00041856492599147096,334,334.85194079317677,1.020325790659023,51.87325767417775,0.13180436866639345,0.13175326035601098,True,7.340048465392934e-06
113,3,15389,17338,0,346.9384158614929,997.814453125,0.0004851105650496121,388,388.0884520396897,1.0210672822763243,51.66884731524801,0.15497346157849695,0.15511972025649073,True,-1.6042054101023107e-05
114,0,14421,18349,0,732.96818166307,1966.7900390625,0.0003997110778643302,318,319.76886229146413,1.0184507328044778,51.722817885076445,0.1252400533304665,0.12526809997832988,True,1.5367528522491902e-06
114,1,13300,19387,0,1147.1632428856426,3084.6083984375,0.00034928968393374007,278,279.43174714699205,1.019276973328541,52.82246036503914,0.1076849140716048,0.10765186033531994,True,-3.5470196098619233e-06
114,2,14658,18088,0,619.7038472761157,1726.1533203125,0.000426501766707931,341,341.2014133663448,1.0212493690687603,53.39620398831806,0.13456772630471386,0.13437917245274175,True,1.0036382016381795e-05
114,3,15207,17562,0,426.85827226830435,1178.40234375,0.000467931195026322,373,374.3449560210576,1.0195382436760454,52.891610182712725,0.14899214671136865,0.1488861912545828,True,-7.777848618273353e-06
115,0,13531,19134,0,1039.0109461881477,2852.4248046875,0.0003809900337457043,305,304.79202699656344,1.021704154993821,53.61530680735294,0.11872197616214804,0.1187174289286542,True,4.625709717612225e-06
115,1,13102,19630,0,1229.2066031071486,3281.9306640625,0.0003622738375897025,290,289.819070071762,1.0219480610979281,50.84549824716692,0.1122055869015281,0.11217004337530553,True,2.040390793767166e-06
115,2,14479,18312,0,690.059310307303,1929.392578125,0.000436450465188837,349,349.1603721510696,1.0220327095629609,52.17070531459734,0.13803154936992215,0.1380099033086635,True,4.817223301339935e-06
115,3,14761,17968,0,581.2083721521407,1626.25390625,0.0004519762174192037,362,361.580973935363,1.0207223100245966,55.28162060380873,0.14343712667065825,0.14340039299603619,True,-1.1366342515389816e-05
116,0,13871,18895,0,923.9214234397538,2516.0947265625,0.00036473829853522294,292,291.7906388281784,1.0220674470816267,55.61370801875705,0.1130636344826044,0.11307609203883728,True,-3.678832296280521e-06
116,1,14210,18545,0,813.3065760810156,2172.916015625,0.00037844104479978837,303,302.7528358398307,1.021852313048715,53.52370090919206,0.11783449859704039,0.1177526014492647,True,-2.894897017560738e-06
116,2,15084,17727,0,481.80871806885335,1342.9072265625,0.0004502588996019691,360,360.20711968157525,1.022618856731135,53.11211312037763,0.14283921076466843,0.14255716215784056,True,3.9360274655675376e-06
116,3,15023,17694,0,488.88477757117187,1358.951171875,0.0004385294632357595,352,350.8235705886076,1.0197185671037678,53.640015769545705,0.1387553909258075,0.13872030263104856,True,2.600852878426041e-06
117,0,13200,19551,0,1200.179682230149,3181.95703125,0.00035151402405467826,280,281.2112192437426,1.019988067860392,53.33578692929566,0.10845935915410088,0.10846299370916092,True,-1.871646253259751e-06
117,1,14217,18551,0,795.5878058544529,2168.2236328125,0.00039701968904173163,317,317.6157512333853,1.0204851591964716,52.45591993859967,0.12430299661907328,0.12423822162589068,True,1.1055207573135162e-06
117,2,15011,17716,0,494.2968884813703,1374.1435546875,0.0004646174404131267,371,371.69395233050136,1.020855606608453,53.83327657587378,0.14783840185884792,0.1479465283957598,True,-3.0582861107741888e-06
117,3,14727,18042,0,613.8322008321699,1659.0693359375,0.00042784928080934377,342,342.279424647475,1.0216520266064881,54.40055290592642,0.13503688821912158,0.13496180773806046,True,3.6505739748615706e-06
118,0,13770,18970,0,981.7359121004936,2611.03515625,0.0003415709414882786,274,273.2567531906229,1.0199167480655047,53.65178959492313,0.10499749137321814,0.10502021456778023,True,4.827064866416708e-06
118,1,15016,17781,0,500.53162460089254,1399.0009765625,0.0004178774342241256,335,334.3019473793005,1.0200172472580762,54.0601856655779,0.131565005713999,0.13149743124148192,True,8.566441374147082e-06
118,2,15502,17285,0,326.3436031602403,901.13671875,0.0004830400693503843,388,386.43205548030744,1.018180578560313,52.34202071337714,0.15425258027194572,0.15407311968743714,True,1.1285838711627694e-06
118,3,15075,17705,0,483.5871747710307,1323.0703125,0.0004203134956147809,336,336.2507964918247,1.0208614679921304,52.62540258628871,0.13241316546569012,0.13220898147319593,True,-1.4783704365833872e-05
119,0,11966,20739,0,1659.25431157107,4415.9599609375,0.0003353934117034354,268,268.3147293627483,1.0217399108462324,53.330119061702156,0.10284667031900499,0.10287281257634331,True,9.17681311865537e-06
119,1,14583,18234,0,666.6975819451308,1846.984375,0.000440389552981648,352,352.3116423853184,1.0220157637416278,51.80068556814307,0.13940301551484613,0.13943014188815303,True,-1.864830466991041e-06
119,2,15157,17656,0,456.4703691064316,1272.904296875,0.0005015296665015892,401,401.22373320127133,1.021638195322829,54.58505864619638,0.16069007490520557,0.1608723041019877,True,-4.415408647540087e-06
119,3,14219,18534,0,800.3302351756453,2164.87109375,0.00041445097682717646,332,331.56078146174116,1.0217528699526208,53.79607199448295,0.13037202130641193,0.13047515896382356,True,-3.1814739756275134e-06
120,0,15143,17609,0,443.7933169765133,1238.9755859375,0.0004385818199614294,351,350.8654559691435,1.0226181851669895,52.5519128655233,0.13877361988654463,0.13902015721660027,True,7.3879346250416145e-06
120,1,13264,19479,0,1172.4068587277916,3118.85546875,0.0003278280377592005,262,262.2624302073604,1.021459127604426,53.76934478998082,0.10021264569605952,0.10023388433063117,True,1.559801929618132e-06
120,2,15096,17637,0,467.52470324420034,1286.2509765625,0.00043772619074798906,349,350.18095259839123,1.0197265209840507,54.41314252627689,0.13847571677786477,0.13829272893629915,True,4.891080707669637e-07
120,3,15659,17129,0,249.0081379012556,747.3232421875,0.0005241046710673718,419,419.2837368538974,1.0217531738467747,56.130346647136,0.16854997956129872,0.16855121333800593,True,-8.85009543147297e-06
121,0,14799,17924,0,575.0962583925266,1585.408203125,0.0004163377683824756,333,333.0702147059805,1.022399391422016,52.85877874708878,0.1310289426234092,0.13097972742210592,True,-2.23820517905593e-06
121,1,13215,19648,0,1195.0383114371582,3266.2607421875,0.0003338321648876448,267,267.06573191011586,1.022364797232009,53.47190940412291,0.10230309341380503,0.10230137949868577,True,-5.3616939596490276e-08
121,2,15036,17755,0,494.41470797733894,1373.2685546875,0.00044125001611926984,353,353.00001289541586,1.0223435681535944,52.53508412542348,0.13970260164348158,0.13977372643948135,True,-2.747780454004367e-07
121,3,15530,17272,0,301.96812784722425,888.8720703125,0.0005054913449081174,404,404.3930759264939,1.0212346836624502,54.33945201486029,0.16206940638939993,0.161941777897568,True,3.148524221258109e-06
122,0,13786,19014,0,987.709452598939,2632.01171875,0.00039459401529906514,316,315.6752122392521,1.021899078954685,52.88146981100589,0.12345845351882313,0.12356416304429829,True,5.845664790990468e-06
122,1,12207,20526,0,1571.9727979980678,4175.08203125,0.0003436836174944489,275,274.94689399555915,1.022320207710269,54.14069446030654,0.10573305853243296,0.10569779560086089,True,-2.1618735328299277e-07
122,2,14450,18240,0,679.3772537369532,1936.1630859375,0.00044871572557583507,359,358.97258046066804,1.0222610768881788,53.792601029794724,0.1423019262348767,0.14225781811262547,True,-3.744632686430993e-06
122,3,15015,17708,0,482.43661065136405,1369.6787109375,0.0004882592291784377,391,390.60738334275015,1.0210993320357136,52.92011467705148,0.15606972713071487,0.15599431705224961,True,-1.3999690514077123e-06
123,0,14286,18452,0,773.7473975604637,2100.0693359375,0.0003757557410028999,300,300.6045928023199,1.0214165765307508,53.67887660270527,0.11689956049969978,0.11692554318118048,True,1.7480008126513624e-06
123,1,13883,18851,0,919.6488676283313,2501.767578125,0.0003566942072146479,284,285.3553657717183,1.0197484787242528,55.49936926430562,0.11026293556622592,0.11029875878198968,True,2.6252101718166054e-06
123,2,15242,17520,0,419.55017660912625,1140.58203125,0.00045804879693546306,365,366.43903754837044,1.0188753249677904,52.466716566662186,0.1455514073511011,0.14568670099055167,True,-2.710607531097864e-06
123,3,15351,17380,0,358.2457741902746,1029.951171875,0.00047290473429480867,378,378.32378743584695,1.0219544267595237,53.11155584604958,0.15072377623727767,0.15076414610200967,True,-1.3484147407538671e-06
124,0,12843,19951,0,1346.4529750979227,3566.7744140625,0.0003593304686796344,289,287.4643749437075,1.0185951619440106,56.26228745959698,0.11118079867021544,0.11118509804799614,True,1.3930107328197217e-06
124,1,13273,19559,0,1180.6273564389382,3173.8427734375,0.00037324287997026617,300,298.5943039762129,1.0189762695526101,52.36337856469662,0.11602466153465374,0.11597375160341152,True,-4.7370896295306775e-06
124,2,14804,17926,0,572.7703430978812,1579.443359375,0.00047045917519785064,377,376.3673401582805,1.021087829288643,54.200793188778185,0.14987230968377513,0.149999097461439,True,-1.0018528474875499e-06
124,3,14805,17983,0,577.8262444354638,1599.236328125,0.0004602255923686474,369,368.1804738949179,1.0196683791285945,53.473384438351616,0.14630929887270816,0.1463275337647788,True,4.4591583656383715e-06
125,0,12676,20071,0,1401.4218302935558,3706.9921875,0.0003459098176149613,277,276.72785409196905,1.0216366381141715,51.33933613262841,0.10650815120812314,0.10649217370541889,True,1.3949489699183193e-06
125,1,13947,18848,0,919.9750970206659,2462.1015625,0.00039213847434528277,314,313.7107794762262,1.02203967120342,52.161534866605614,0.12260351159756587,0.1225598637134617,True,-6.8982495069203065e-06
125,2,15083,17725,0,478.76765779844465,1342.0234375,0.0004852433058680686,388,388.1946446944549,1.021248224017245,51.911937714728,0.15501967774531986,0.15511398700795925,True,8.649375285246785e-06
125,3,14834,17971,0,570.9929288828815,1586.1396484375,0.00045000001281813895,361,360.00001025451115,1.020402721451779,54.194615151821615,0.14274907455088837,0.14277815091754079,True,-3.2121529732198617e-06
126,0,12353,20438,0,1542.4224098302407,4055.193359375,0.0003356882007448682,270,268.5505605958946,1.0188009943851237,55.080126817403084,0.10294930656665541,0.10299448766222477,True,-2.6213059865776156e-06
126,1,14334,18470,0,763.2124932841784,2085.2958984375,0.0004130219820628091,332,330.41758565024725,1.0183945515975328,53.06117163213887,0.1298744903947678,0.12991820654526723,True,-4.210529746223601e-06
126,2,15158,17551,0,422.15610366740816,1225.80859375,0.000502133347062214,403,401.7066776497712,1.019747467163195,53.69401501410027,0.1609002574385212,0.16096702936768129,True,1.3205291025858434e-05
126,3,14739,18006,0,599.3946640687222,1647.330078125,0.00044277553566636187,355,354.2204285330895,1.0201113831064235,53.14679732804477,0.14023373944042908,0.14016472774350353,True,-6.552364423928481e-06
127,0,13330,19493,0,1160.6226717200932,3108.333984375,0.0003295711240251812,264,263.65689922014496,1.0214919107883573,55.03749908259985,0.10081953336325937,0.10079758644891573,True,8.013129358858118e-06
127,1,15157,17631,0,452.2213833529049,1245.783203125,0.0004358901257204297,349,348.71210057634374,1.02089880477337,51.81856315116637,0.13783645683809592,0.1379268774852599,True,8.694601329461982e-07
127,2,15558,17169,0,270.1807329317408,824.3896484375,0.0005213336365283244,418,417.06690922265955,1.018949107372431,55.704400212082234,0.16758519272317488,0.16750367300057273,True,-9.674352691169119e-06
127,3,15100,17585,0,440.39548204202475,1284.3046875,0.0004381631762928957,349,350.53054103431657,1.0185248169290706,53.37411491548528,0.13862786136366312,0.13853440847542467,True,5.875073942618325e-07
0,4,15505,17226,0,299.33735509728666,877.5849609375,0.0005214092957180405,417,417.1274365744324,1.0218939956057087,55.49752120847671,0.16761153486701774,0.16756180967611964,True,1.8166900018490306e-06
0,5,14823,17930,0,580.794390718017,1558.4189453125,0.0004375862891297372,350,350.06903130378976,1.0219113433407265,53.67250290458539,0.13842700744637876,0.13850328763899125,True,-3.1235528143713776e-06
0,6,12346,20384,0,1506.3222891553296,4036.9453125,0.0003268709523862573,261,261.49676190900584,1.0213199062095564,53.742787040384265,0.0998794187521998,0.0998803462761447,True,-4.7510435429720665e-06
0,7,14905,17832,0,523.8765509948125,1479.423828125,0.0004343745572108488,347,347.49964576867904,1.021393528825929,53.63475140790161,0.13730878367859017,0.13736382959193713,True,5.773858512331254e-06
1,4,15401,17375,0,343.194382552155,988.7177734375,0.0005027443816254998,401,402.1955053003999,1.0186115947624474,52.294007572514005,0.16111300040364482,0.16106126403614174,True,-1.8895312658140373e-06
1,5,14870,17938,0,569.7361702138126,1553.9296875,0.0004430259944008641,353,354.4207955206913,1.0193688036305661,51.69796779236835,0.14032094127322328,0.14012909260566053,True,2.3504496079185255e-06
1,6,12598,20266,0,1433.3527981262966,3883.453125,0.00033356485329451817,265,266.8518826356145,1.0182970749498987,54.07069950293092,0.10221002394711583,0.10216039868468155,True,-1.629249669690691e-06
1,7,14655,18138,0,641.0075848795694,1754.310546875,0.0004117415368088349,328,329.3932294470679,1.0194323383613573,53.66213307326029,0.12942867973793018,0.12938121503385766,True,8.353271790662031e-07
2,4,15606,17164,0,270.6045659110001,780.9013671875,0.00048603620186393883,389,388.82896149115106,1.0222674952571986,54.69006481809759,0.15529573912601982,0.15521057061943014,True,1.1407648548567018e-06
2,5,15330,17430,0,375.9649477190846,1055.1455078125,0.0004501126599975506,360,360.0901279980405,1.0217791070506235,52.54676563974214,0.14278829474627627,0.14275479194729992,True,1.4591018431542313e-06
2,6,13958,18790,0,898.3599084701434,2426.265625,0.0003440246829978834,275,275.2197463983067,1.0223508295431998,54.08999501593282,0.10585180678476071,0.10575948421270198,True,2.956293771422258e-06
2,7,14937,17809,0,532.9511244266959,1446.927734375,0.0003906514342144633,313,312.52114737157063,1.0217622339294317,52.9139409282555,0.12208577111986334,0.12205938247008523,True,-6.025453090599542e-06
3,4,15421,17355,0,318.49596875572456,970.05859375,0.000470394418432662,375,376.31553474612963,1.0196201616474625,52.95983232734481,0.1498497634203298,0.15009878327808163,True,-1.3862794151220381e-06
3,5,15343,17445,0,375.054250377569,1060.2158203125,0.0004598683718837614,367,367.89469750700914,1.0211051403210174,53.654191648969764,0.1461849259653085,0.14632154508819806,True,-4.150540844349848e-07
3,6,14132,18638,0,849.6610018342532,2253.6337890625,0.0003574999974661226,285,285.9999979728981,1.0204005438160864,53.76878229193652,0.11054348632008935,0.1105520627915961,True,5.494486478491156e-06
3,7,14578,18202,0,676.1433279290094,1816.8076171875,0.00037128935867136975,296,297.0314869370958,1.0207630125489868,54.07616095620849,0.11534450702534983,0.11551336307702859,True,-4.363589499220555e-06
4,4,15343,17443,0,361.58106833662356,1057.5126953125,0.0004587499992187417,367,366.99999937499337,1.0214757222426614,55.60020042547233,0.14579554387276356,0.14578926967204534,True,4.357831738271978e-06
4,5,15338,17425,0,361.8682172531623,1046.2333984375,0.0004738453396734259,378,379.07627173874073,1.0192144893263533,51.53664377714621,0.1510512653668323,0.15076434402154854,True,-4.936436767910557e-06
4,6,14350,18448,0,758.0236218572625,2062.3369140625,0.00037448928080376754,299,299.591424643014,1.0205145505221296,51.9750853080766,0.1164586189979202,0.11639409134744491,True,2.872189857727747e-06
4,7,14156,18537,0,816.1675453302697,2227.3505859375,0.000355303398289049,283,284.2427186312392,1.019575405997258,52.42030612216992,0.10977869975939822,0.10989238341801999,True,-3.1848309788445883e-06
5,4,15170,17603,0,429.0437345420042,1219.416015625,0.000449435474889175,359,359.54837991134,1.0216992716413007,54.50136026128737,0.1425525202475005,0.14237894113621952,True,-5.014254754576175e-06
5,5,15332,17423,0,360.4404549157584,1053.4482421875,0.0004888817965655884,390,391.10543725247067,1.0203780500524116,52.46435621498133,0.15628648546140486,0.15600666950136363,True,-1.0115513244951524e-05
5,6,14449,18289,0,708.1794385059835,1936.044921875,0.00039352994502430354,314,314.82395601944285,1.020798979852434,50.914509389193896,0.12308797780606577,0.12312138678651163,True,1.07892281823313e-05
5,7,13633,19117,0,1027.9259284191482,2750.4501953125,0.00034252435675157346,273,274.01948540125875,1.0202197346547748,52.60614467443452,0.10532944050064025,0.1053387667938397,True,3.2617113788213636e-06
6,4,14931,17887,0,537.5351073540998,1503.2265625,0.0004414246266973684,353,353.13970135789475,1.021818477946332,53.81661434529061,0.13976339554019157,0.13990676786980033,True,-3.6289107854248215e-06
6,5,15286,17470,0,381.4831179611992,1096.697265625,0.0005047862997709079,404,403.82903981672627,1.0219183196627428,52.650264132230966,0.16182393190718836,0.16195514886242757,True,-6.022047704945521e-08
6,6,14450,18310,0,710.273455281864,1932.4033203125,0.0004151818761267798,332,332.1455009014238,1.0217352437968112,52.04542571897872,0.13062649739262255,0.13062298991246707,True,1.7107360817669726e-06
6,7,12896,19946,0,1341.5662103462582,3560.5869140625,0.0003330465530553702,267,266.43724244429615,1.0213244099574939,54.301659786722766,0.10202956814915297,0.10201023970652565,True,7.889770749364144e-07
7,4,16067,16746,0,100.38739233133505,359.6884765625,0.0004384082257178417,350,350.7265805742734,1.0215596529957711,53.38529695588563,0.13871317984545983,0.13839248539207424,True,3.9597325488527346e-05
7,5,16118,16650,0,73.67391606372622,266.4248046875,0.0005196992539905576,416,415.75940319244614,1.0212752266853877,53.22922229317435,0.16701615226601804,nan,False,
7,6,16057,16748,0,107.63283530677586,363.162109375,0.00043894625701388344,351,351.15700561110674,1.0200514257749485,55.037421126859414,0.13890050537518717,0.13882727381043136,True,-7.536546704167701e-05
7,7,15766,17043,0,224.09134779283454,658.228515625,0.00032756979118961767,262,262.05583295169413,1.0216760382399732,54.26182080043763,0.10012273238469033,0.09998322875708555,True,3.4554544577791724e-05
8,4,15382,17348,0,357.7414525821677,1000.845703125,0.0005025813113890038,401,402.06504911120305,1.0197110751423828,52.75199702101443,0.16105622448994034,0.16100831536571497,True,-2.1684605447103156e-06
8,5,14441,18358,0,734.2511146694109,1977.0283203125,0.00041407877082668955,330,331.2630166613516,1.0196497179125004,51.083116042642196,0.1302424309150688,0.13046356422078806,True,5.78468897532991e-07
8,6,12460,20348,0,1499.7638954603703,3964.7421875,0.0003333752140061926,265,266.7001712049541,1.018728580612965,54.28679612170979,0.10214399752745576,0.1020088898103296,True,-6.811447059162923e-07
8,7,14914,17848,0,541.6899099326076,1467.978515625,0.00043950681459646785,350,351.6054516771743,1.0188121261562675,51.34203346330459,0.13909567384749133,0.1389503883232436,True,1.9828283997491702e-06
9,4,15244,17539,0,410.4192847050593,1156.53125,0.000483026784973363,385,386.4214279786904,1.0196990537392012,53.306683590791664,0.15424795507080796,0.15422382737073437,True,1.7625168909074507e-06
9,5,14504,18300,0,710.62440972484,1914.9296875,0.0004197080677904649,334,335.7664542323719,1.018358696620695,54.56293168381632,0.1322023745902596,0.13219557977551447,True,-9.565542628819923e-07
9,6,12668,20125,0,1417.9886920754493,3741.0419921875,0.0003393220738364836,270,271.4576590691869,1.0190040305413448,54.38282362787906,0.10421450657798703,0.10424290469175504,True,1.7799908648141738e-06
9,7,14651,18093,0,648.3812627738101,1734.3681640625,0.00041607262331515456,331,332.85809865212366,1.0182766112579145,53.75442101695934,0.13093662747268114,0.13106423594643177,True,-2.9203260086818617e-06
10,4,15437,17390,0,340.5314400997858,1005.1806640625,0.00046577713702404593,372,372.62170961923675,1.020881086425123,52.376228594541246,0.14824217164614778,0.14811128975629423,True,-2.9314130775004443e-06
10,5,15048,17715,0,493.22169511248444,1336.490234375,0.00042755748988201946,342,342.04599190561555,1.0219332493864774,53.82598874533117,0.1349352958202541,0.13497597395016897,True,-2.108741149031701e-06
10,6,13840,18899,0,942.9581815684562,2543.30078125,0.0003495282829228811,279,279.6226263383049,1.0210369880181964,51.977630814687075,0.10776798671507752,0.10777672934661155,True,1.9045934614575488e-06
10,7,14828,17931,0,563.9446222666637,1555.216796875,0.00039545302125747065,316,316.3624170059765,1.0210829139919433,52.30231580345203,0.1237575323036096,0.12382935316790161,True,2.6921824367726055e-06
11,4,14681,18063,0,620.6965447338121,1700.4501953125,0.0004499902085269734,361,359.99216682157873,1.02005162465595,52.713879921632135,0.14274566100589628,0.14273480837801117,True,4.9514860834820595e-06
11,5,14329,18480,0,744.2051536136596,2098.779296875,0.0004385116722823679,352,350.8093378258943,1.0192567698780213,51.35865977229249,0.13874919667689864,0.13874357699186737,True,-4.7209697828232144e-06
11,6,12810,19987,0,1361.7581908496345,3601.72265625,0.0003631694165417272,292,290.5355332333818,1.0190447980935384,53.05487324325969,0.1125173992493133,0.1124818882015982,True,5.949289384216128e-06
11,7,13484,19270,0,1088.5761667600364,2897.3486328125,0.0003771748148152764,303,301.73985185222114,1.0193183778356354,52.834041989137006,0.1173936372487315,0.11739367235090105,True,-6.780156157376593e-06
12,4,14844,18010,0,585.7146083015956,1625.0126953125,0.0004362235184000332,348,348.97881472002655,1.0210893897912148,51.60446276693743,0.13795253365513874,0.13821520733593629,True,-8.144271141652393e-06
12,5,14847,17965,0,579.1544769248442,1579.2578125,0.00045146440294489446,361,361.17152235591556,1.022137579177331,53.160047644282294,0.14325892901147474,0.14340281200797536,True,9.168144209703577e-06
12,6,13729,19115,0,1007.5517695144056,2733.7255859375,0.0003798788746859664,303,303.9030997487731,1.020708650478574,53.836305591854305,0.11833510561947129,0.11823365576888095,True,-1.7090167146460722e-06
12,7,13492,19273,0,1073.712266525438,2890.5986328125,0.000361144862491391,288,288.9158899931128,1.0203600018662315,51.11051528155406,0.11181251337607324,0.11186156100455058,True,-8.657017491753294e-08
13,4,14710,18044,0,616.6469744786639,1674.9912109375,0.00042691917138980154,342,341.5353371118412,1.0214565261312132,54.640055910551425,0.1347130534515124,0.13459600043651296,True,-1.2549375417725273e-06
13,5,15013,17750,0,501.19214373091637,1369.623046875,0.00046732630078463397,375,373.86104062770715,1.0190098930304263,53.050638586809086,0.14878154161258192,0.14891701545895222,True,-9.252289852323958e-06
13,6,14176,18637,0,834.3357844151614,2253.7724609375,0.0003985686567088768,320,318.85492536710143,1.0199893496178665,53.40858770332581,0.12484229831195469,0.12486264292561072,True,5.57914156097683e-06
13,7,13248,19527,0,1183.359248089017,3145.2216796875,0.0003485164931353945,280,278.8131945083156,1.0198515218218502,52.70129139912869,0.1074157134192525,0.10739383195179643,True,4.0100475872800745e-06
14,4,15277,17496,0,397.1984231054634,1112.6611328125,0.00041956515056271827,334,335.6521204501746,1.0191694318416331,55.332661061423536,0.13215261531864889,0.13197925425017953,True,-8.516576737449544e-07
14,5,15606,17220,0,272.60071509604023,834.3583984375,0.0004856444180078983,387,388.51553440631864,1.019239994795024,56.15680879802097,0.15515933234278742,0.1551465608229937,True,-7.759058642142769e-06
14,6,15239,17552,0,423.9351898888521,1168.1552734375,0.00041984649528284217,335,335.8771962262737,1.0204366798069644,52.75175080506103,0.13225057067760465,0.13225912278474752,True,3.315313247320706e-06
14,7,14245,18450,0,782.1394280823192,2137.71875,0.0003392153757168246,270,271.37230057345965,1.0197014811693499,53.8475878922767,0.10417735765759321,0.10412833631474276,True,4.288110154418434e-06
15,4,14604,18226,0,664.5888263579022,1841.0380859375,0.0004144078462657495,333,331.5262770125996,1.0190405144070966,54.93447437880077,0.13035700460510447,0.1304165553419776,True,1.4341602618817006e-06
15,5,15335,17455,0,382.193748290794,1068.8818359375,0.0005055284915182291,405,404.4227932145833,1.0203223273871231,52.77928979995396,0.16208233966757155,0.1620185990388466,True,1.6888689730876205e-06
15,6,14821,17995,0,573.8596503162339,1609.1044921875,0.0004429204633613802,355,354.33637068910417,1.0204531621056483,53.6560636543548,0.14028419869334097,0.14030025712769928,True,-5.452587276827403e-06
15,7,12865,19932,0,1340.279942646424,3547.2431640625,0.0003335924619936249,268,266.8739695948999,1.0192559540612394,52.82642826188864,0.10221963642546662,0.10217947074280817,True,1.3027574389395946e-06
16,4,15352,17476,0,379.9543806901556,1092.05078125,0.000486406471925504,388,389.1251775404032,1.0199678023153682,52.166666025048116,0.1554246554844829,0.15510079038370844,True,4.3398777541114875e-07
16,5,14183,18631,0,824.8796337013146,2246.2421875,0.0003933908904701432,314,314.71271237611455,1.0210274811240794,51.40751631771081,0.1230395633955831,0.12307590945119536,True,-7.71411007224887e-07
16,6,13017,19785,0,1277.6047187597255,3403.2119140625,0.00034300601458419337,274,274.4048116673547,1.021605766441004,53.03942565932336,0.10549713856821855,0.10547652822498244,True,-5.135196956357335e-06
16,7,15103,17694,0,480.45063796428303,1308.8291015625,0.0004458811025565324,356,356.70488204522593,1.0204518011773822,53.492360521816046,0.1413149998932778,0.14153311406292712,True,5.272762677061005e-06
17,4,15252,17498,0,404.47369933826695,1132.6044921875,0.00046455195760984066,371,371.64156608787255,1.021271506719969,54.92281030864799,0.14781560281183367,0.1480583733574176,True,-7.898733152739146e-06
17,5,14389,18334,0,724.3517578503914,1994.32421875,0.0003987973960789024,319,319.03791686312195,1.0220813818222432,52.192857113191316,0.12492193814698804,0.12490649429276662,True,1.5338097752309876e-06
17,6,13427,19364,0,1111.3360036582098,2979.1494140625,0.0003491616859487893,279,279.32934875903146,1.0216528838091041,53.471026727225144,0.10764034920983685,0.10763089898338497,True,5.035521230004059e-06
17,7,14905,17807,0,525.7733180470599,1474.7578125,0.000425021773990405,339,340.017419192324,1.020068774174697,51.981164956154274,0.13405243951407028,0.13379887086888334,True,1.0616747710689989e-06
18,4,15158,17633,0,447.21554125632366,1251.20703125,0.00044679911388867405,357,357.4392911109392,1.0218038242341687,53.28757474266194,0.14163462248838385,0.14166866384200852,True,-1.8142567692891465e-06
18,5,14634,18199,0,666.1634986298035,1815.0810546875,0.0004073219847956759,326,325.8575878365407,1.0219502927431918,51.47943064484873,0.1278899311035788,0.12784349172491907,True,2.280067969734345e-06
18,6,13733,19065,0,995.991128835563,2680.4150390625,0.0003589337283963255,287,287.1469827170604,1.0221559661780284,52.093080229285924,0.1110426662153159,0.11106745802856618,True,-5.430106817971847e-06
18,7,14683,18059,0,604.8101582152173,1700.525390625,0.0004047967756794148,323,323.83742054353183,1.0201599470041127,51.8237394286214,0.12701073292522747,0.12672239584655137,True,4.590041137814138e-06
19,4,14669,18049,0,626.8554376290108,1713.1484375,0.00043090102098990954,345,344.72081679192763,1.0221362564584122,52.89990759736253,0.136099407909185,0.13605608186660406,True,-1.1789423504798835e-05
19,5,14310,18426,0,757.526394435198,2074.49609375,0.0004180508923428075,336,334.440713874246,1.0188265148189952,54.19667639899318,0.13162539836068451,0.13181515325978205,True,-6.349161131291581e-07
19,6,13448,19288,0,1097.612971717919,2935.025390625,0.00037223987246218226,298,297.79189796974583,1.021526270039878,53.961084167195004,0.1156754459515555,0.11563241437468684,True,5.182000802544939e-06
19,7,13965,18751,0,880.8273143915144,2417.994140625,0.00038600004569473137,309,308.8000365557851,1.0216666347613625,53.708069402133745,0.12046630432520526,0.12043012271931536,True,6.731921075683878e-06
20,4,14986,17767,0,508.6285090631285,1397.208984375,0.0004172035542681876,334,333.7628434145501,1.0215242754523055,53.438275080495785,0.1313303819650695,0.13127907278913778,True,1.5531283228120696e-06
20,5,15002,17749,0,495.2198067492121,1379.3369140625,0.0004327630702544246,347,346.21045620353965,1.0202459780961992,52.78537655453193,0.1367477147408133,0.1367177815487848,True,6.733908493178342e-06
20,6,14509,18287,0,696.1006966285579,1900.2138671875,0.00038804163700385515,311,310.4333096030841,1.0209173973409127,51.895518006430244,0.12117712203466184,0.12123558863945516,True,-3.0297086546643426e-06
20,7,14405,18366,0,734.6173991156867,1982.4140625,0.0003704857717174797,297,296.3886173739837,1.0214599662499106,52.551305582576475,0.11506472339022138,0.11506391073669801,True,-5.912495972523746e-06
21,4,14754,17977,0,590.0423228059944,1630.6943359375,0.0004056522277999312,323,324.52178223994497,1.0193118513545611,51.90736629591483,0.1273085743757361,0.1274754795262599,True,-3.3022630746004644e-06
21,5,15111,17693,0,464.20829014095557,1309.556640625,0.00044949313302946193,358,359.59450642356956,1.0195361920462331,53.80248815359563,0.14257259499361993,0.14247734740761206,True,1.1387153162067953e-06
21,6,14656,18084,0,629.6103888962048,1727.01953125,0.00040672777441857214,324,325.3822195348577,1.0192358111238053,52.87886531169223,0.12768304578951,0.12771211655746456,True,8.937207346959575e-07
21,7,14088,18738,0,876.0003505291303,2356.6904296875,0.00035791861639137364,285,286.33489311309893,1.0194471930296998,54.34902139267582,0.11068923622814016,0.11072281738270474,True,4.862288426193961e-07
22,4,14529,18240,0,681.7839644902972,1855.7666015625,0.0003980512949736095,317,318.4410359788876,1.0185271169436036,52.98600992454552,0.12466216927144609,0.12470261409836755,True,3.878159067258191e-06
22,5,15161,17604,0,443.9999586182652,1223.658203125,0.0004679203829850436,373,374.33630638803487,1.0202184216207866,52.95047143725229,0.14898838229956804,0.14897875185919915,True,-7.926229522725592e-08
22,6,14806,17957,0,580.5207740785943,1579.001953125,0.0004278076306900468,341,342.2461045520374,1.0189953402731362,52.27120121413169,0.13502238696107596,0.1349525040194311,True,-1.0585150244102337e-06
22,7,13632,19159,0,1033.5703795059394,2774.3564453125,0.0003490994028270083,278,279.27952226160664,1.0194614067410979,53.50455816232592,0.10761866419101632,0.10756270202434147,True,-3.616094109593071e-06
23,4,14076,18726,0,846.4995564895027,2341.3154296875,0.0003934839288570634,316,314.7871430856507,1.0196849840072353,52.25515801583161,0.12307195642781565,0.12305385966293911,True,4.0909494430918514e-08
23,5,15098,17702,0,456.66127539652115,1321.6953125,0.0004882880792316191,392,390.6304633852953,1.019295629424511,51.9084844239423,0.1560797718094067,0.1561390858335262,True,-7.184001807297724e-06
23,6,14789,17947,0,583.6599590830914,1594.6376953125,0.0004500779426916619,361,360.0623541533295,1.019670848450037,53.23377481781163,0.14277620727522367,0.1428284564930703,True,4.215865666512553e-06
23,7,12973,19815,0,1299.974104449876,3433.6865234375,0.00034337614114931744,276,274.70091291945397,1.0191278102874033,54.01754552658664,0.10562600496574619,0.10566854093136432,True,2.0035436175125376e-06
24,4,15418,17327,0,332.9872571551866,965.640625,0.00047018861393353787,375,376.1508911468303,1.019758237343418,52.460137581592114,0.14977810878406175,0.14992418635683424,True,1.796253977670581e-06
24,5,14345,18507,0,773.1427894858491,2124.18359375,0.00037407825980560495,299,299.26260784448397,1.0217962140332555,53.90367764425595,0.11631551444847055,0.11645090424730967,True,5.468182317738823e-06
24,6,14023,18783,0,889.6267734690542,2396.4716796875,0.00035614618276651194,284,284.91694621320954,1.0205978510312503,53.350714227828725,0.11007213073608713,0.11013952842888194,True,1.776692154509263e-07
24,7,15397,17437,0,360.49382816777404,1055.4326171875,0.00045717220248281355,365,365.73776198625086,1.0204178760852372,55.132746962304296,0.1452462048072961,0.145081491317394,True,-7.481095974037899e-06
25,4,14737,18023,0,602.9964902334412,1646.4814453125,0.00044945962247187204,360,359.56769797749763,1.021607831700388,53.71677542476512,0.1425609276742685,0.14262378639270998,True,-4.175200019551628e-06
25,5,13292,19530,0,1154.86763727265,3146.3173828125,0.0003801253465306766,305,304.1002772245413,1.0205031272317153,52.070008190916774,0.11842091934297193,0.11838844515482314,True,3.330574414497911e-06
25,6,12891,19916,0,1327.7085256417877,3530.55078125,0.0003623319784178155,290,289.86558273425237,1.0221467230972585,52.39434210979445,0.11222582970432635,0.1122176134353519,True,-3.3785594472784952e-06
25,7,14604,18137,0,653.3163423365916,1779.78125,0.0004350162450564658,348,348.01299604517266,1.0219564779484367,52.281117944718964,0.13753219914992826,0.13753055744701664,True,4.076173816397466e-06
26,4,15158,17600,0,422.00818849817995,1226.603515625,0.0004309741706362727,344,344.77933650901815,1.0204453630038073,54.554044926763304,0.13612487630917428,0.13599239417071102,True,-1.1120711124301685e-05
26,5,14612,18158,0,647.5445967821655,1773.8203125,0.00038901574497008783,311,311.21259597607025,1.021658494451066,52.62344397874246,0.12151627570867414,0.12148124749412327,True,5.947062241898338e-06
26,6,14365,18356,0,733.6915207052477,2017.126953125,0.00037178884866126345,297,297.43107892901077,1.0215537528356573,51.92305092932954,0.11551841368772935,0.11550236331206822,True,2.2433414938877183e-06
26,7,15130,17669,0,460.0697787061073,1283.20703125,0.00041576584526459705,331,332.61267621167764,1.0191364441802644,53.28759731292181,0.13082981703014335,0.13066134648504224,True,2.659456566966867e-06
27,4,15456,17370,0,337.6234039924238,984.830078125,0.0004137618187972222,330,331.00945503777774,1.0203094234300696,53.861576760897606,0.13013207821392497,0.13010451190505784,True,8.746322640140747e-06
27,5,15168,17597,0,411.5433498784704,1216.029296875,0.0004004088176833697,320,320.32705414669573,1.021871785502135,53.61004775515623,0.1254829843312745,0.12565230380946413,True,4.627245015098591e-06
27,6,15057,17659,0,460.82129467294186,1327.4990234375,0.0003846885567238101,306,307.7508453790481,1.0187759181076737,49.666799603692056,0.12000968522513283,0.11991593213105732,True,-5.157771104491449e-06
27,7,15229,17424,0,375.9269772497328,1153.6640625,0.00039776623105166643,317,318.21298484133314,1.0204848861428304,54.23864101797099,0.12456291900370701,0.12458144910417679,True,-8.621199368452626e-06
28,4,14135,18641,0,831.5022877852667,2258.990234375,0.00039925153640444483,319,319.4012291235559,1.0217759325334947,54.525141742380114,0.12508005548640425,0.12512263336646767,True,1.3579444089473203e-06
28,5,14193,18551,0,802.1360702190648,2189.671875,0.0004156221782388642,333,332.49774259109137,1.02116608278396,55.26355726690024,0.13077979670251974,0.13080100031924569,True,-2.7197384820654147e-06
28,6,14036,18755,0,889.8585797624972,2369.37109375,0.0004003346320640013,320,320.267705651201,1.0221092151287974,53.45419520179946,0.12545715523815562,0.12530958126744063,True,5.515416929113837e-06
28,7,13887,18845,0,929.9097229794369,2497.529296875,0.0003829177669753524,306,306.3342135802819,1.0218465969879527,56.45703893762889,0.11939315207900178,0.11938516561458315,True,-4.696291946035269e-06
29,4,14566,18201,0,687.7843626493458,1817.6611328125,0.0003879845901167065,311,310.3876720933652,1.0209573880050409,52.892557746594406,0.12115726010760845,0.12111465794506489,True,7.455793513175268e-06
29,5,14933,17830,0,528.4275732983806,1449.396484375,0.00043239055510347485,344,345.91244408277987,1.0180770866475224,52.86304116473776,0.13661801671302848,0.13681519680602214,True,-1.3456744946210852e-05
29,6,14786,17932,0,575.9760084578112,1597.7880859375,0.00041808092647893636,334,334.4647411831491,1.0208547064832143,54.4707393618566,0.13163585529971694,0.1315811530091947,True,1.3501541901550507e-05
29,7,14325,18449,0,774.968080327829,2066.1494140625,0.00037086935990155134,296,296.69548792124107,1.0202957141655282,52.83110526345659,0.11519827669893597,0.11521669466202965,True,-8.173018944540589e-06
30,4,14588,18127,0,649.2155045579934,1798.716796875,0.00037962878368837875,302,303.703026950703,1.0187865643225567,53.33458641508582,0.11824803182107368,0.11821220542302782,True,-4.254457630609165e-06
30,5,15244,17455,0,399.42973523269586,1138.20703125,0.00045261565116641177,360,362.09252093312944,1.0178226099720322,53.765908593632254,0.1436597573360164,0.14355094060258639,True,8.252640452593996e-06
30,6,15171,17662,0,434.5997198441889,1276.19140625,0.00043762851382559,348,350.102811060472,1.0173123975064204,53.39884399114502,0.13844170875386105,0.13862997653128797,True,5.855963748080395e-07
30,7,14417,18404,0,740.0996800868726,2022.525390625,0.00036206874225288774,288,289.6549938023102,1.0185178653158997,53.77716024275985,0.11213417917321178,0.11217626862038092,True,-5.370154346887035e-06
31,4,14629,18124,0,642.7713562879364,1755.86328125,0.00037486242866536064,300,299.88994293228853,1.0217954152891002,57.209343965403804,0.11658853731559764,0.11646840734996959,True,-5.224728273800494e-06
31,5,15492,17323,0,327.8005852307698,938.4462890625,0.0004742576346834619,380,379.4061077467695,1.020343358349899,53.479746049873675,0.15119481348703856,0.15097829096682291,True,-8.86411010389554e-06
31,6,15383,17357,0,352.529653331359,1002.1025390625,0.00045953528371712473,368,367.6282269736998,1.021587804251549,53.737510599967614,0.14606895517007748,0.1463000282577585,True,1.3718209349589117e-05
31,7,14408,18356,0,731.5501151319398,1977.572265625,0.0003566840482620417,286,285.34723860963334,1.0210342919934239,53.962424883135306,0.11025939853930493,0.11036181418037017,True,-5.099738258074193e-07
32,4,15394,17389,0,353.2384577726262,1004.5458984375,0.0004580941797886341,367,366.47534383090726,1.02091970904367,54.35839284843839,0.14556720822936475,0.1455279236628567,True,3.0348936475826926e-05
32,5,14080,18707,0,865.2263858921294,2325.5654296875,0.0003581413002505862,287,286.51304020046894,1.0211103320343906,52.18380151449798,0.11076676772527723,0.11073776536044684,True,8.267323910765567e-06
32,6,14359,18366,0,738.8648172192188,2022.19921875,0.0003723329013510736,299,297.8663210808589,1.0204435947421704,51.54928120820989,0.11570783567687394,0.11586787339816172,True,-2.982467061651839e-07
32,7,15532,17286,0,313.1293195476039,902.423828125,0.00046928385245210573,376,375.42708196168456,1.0214122002597774,54.81172596456285,0.14946309936912053,0.14953004845942974,True,-3.8169287833983434e-05
33,4,15293,17563,0,405.57368730578213,1180.318359375,0.0004368949710572349,350,349.5159768457879,1.0211821372877352,55.54959469268242,0.13818631229519646,0.13802122689528665,True,-3.4457294276202255e-07
33,5,14174,18611,0,812.6570797203624,2226.4912109375,0.0003638245481949767,290,291.0596385559814,1.0194910884627866,54.26170816149243,0.11274549543050011,0.11277554457971839,True,3.928890318818934e-06
33,6,14496,18277,0,693.5668034457401,1895.1181640625,0.000378764082304185,302,303.011265843348,1.0195060814838917,52.28038825651756,0.1179469700686408,0.11784207984459287,True,-7.686634641290713e-07
33,7,15357,17418,0,361.89126407923777,1033.5771484375,0.0004478287387298226,357,358.26299098385806,1.0199116016744323,56.492646910419325,0.14199310538744112,0.14218977084026177,True,-2.820167047418165e-06
34,4,14921,17800,0,521.2363775865437,1464.5029296875,0.00041602060773679786,332,332.8164861894383,1.0204463983925214,53.48248306443335,0.1309185172886799,0.13115569614789405,True,-5.716384361448279e-06
34,5,14162,18591,0,824.2428383202239,2218.7783203125,0.0003729266020003989,297,298.3412816003191,1.019686332757987,51.91439112156714,0.11591454351980525,0.11601850723970522,True,6.212182635315089e-06
34,6,14423,18291,0,715.1415552764458,1961.3779296875,0.0003878473417818611,309,310.27787342548885,1.0197890737852806,54.12695525081524,0.12110947456572965,0.12097927640453625,True,-5.416190499429874e-07
34,7,15100,17664,0,462.58649472855075,1283.6416015625,0.00042904428185582,342,343.235425484656,1.0201112728113582,52.2183473068154,0.13545294989750864,0.1355524435221047,True,-1.0696814040089819e-07
35,4,14603,18156,0,638.4414461720645,1781.193359375,0.0003988626781660299,319,319.0901425328239,1.0221101775146693,53.79132424496582,0.12494466731096573,0.1250552419011203,True,2.274991091344436e-07
35,5,14229,18507,0,788.7823576708769,2154.67578125,0.0003857299279745016,309,308.5839423796013,1.0215332537599282,53.59486213948527,0.12037225785355382,0.1203823640691556,True,1.4446340369789201e-06
35,6,14504,18218,0,684.964657866526,1878.4267578125,0.00039989108663444017,320,319.9128693075521,1.0221402552761243,53.93070951379823,0.1253027267073955,0.12518907280549602,True,3.314821333949558e-06
35,7,14801,17919,0,556.9234003237115,1582.8125,0.0004122459218140277,330,329.79673745122216,1.0215809955698065,53.2914137202999,0.12960429069026583,0.12969623235516417,True,-5.280671049712193e-06
36,4,14513,18241,0,686.1811952211827,1873.51171875,0.0003842215599068308,308,307.37724792546464,1.020129921446553,50.72414322546423,0.11984709166084537,0.11985550866385807,True,3.366748171640399e-07
36,5,14621,18205,0,657.7497928724902,1822.62890625,0.0004012622250292957,319,321.0097800234366,1.017648104094951,52.85426627458204,0.12578011385575552,0.12573815202918384,True,2.8010399769073935e-06
36,6,14763,17958,0,574.4527720402152,1621.03125,0.00041425512140452823,330,331.4040971236226,1.019419528465579,53.7173992244888,0.13030383062481504,0.13037456380377319,True,3.4004736148285364e-06
36,7,14767,17980,0,595.3911228972224,1617.9404296875,0.00039808041282110004,318,318.46433025688003,1.021019039475801,54.108904125319626,0.12467230718767106,0.12471883695666759,True,-6.9692285984412905e-06
37,4,14661,18136,0,648.4112404321427,1751.6875,0.0003721029202856828,296,297.68233622854626,1.0183758998273489,50.353497942898315,0.115627763522673,0.11567417347807081,True,-2.323415987215416e-06
37,5,15005,17712,0,480.30947174030985,1378.1162109375,0.00041861507030182757,333,334.89205624146206,1.0184125048232509,53.22352851485785,0.13182182733389006,0.13197765709092313,True,-2.988462451447571e-06
37,6,15231,17624,0,428.50562754399846,1241.3623046875,0.00043212449205229175,344,345.6995936418334,1.0181655484787469,54.02965699283402,0.13652538194926953,0.1364202371169079,True,4.442536464505098e-06
37,7,14835,17929,0,557.333040066616,1549.341796875,0.0003863594931505151,307,309.0875945204121,1.017727456651119,53.452585990823756,0.12059145259364096,0.12072400152845879,True,2.9990135079482894e-07
38,4,13267,19515,0,1181.6468016331175,3131.1220703125,0.000363550592530923,292,290.8404740247384,1.0192692986671896,51.95453521635547,0.11265011270784399,0.11261652576029145,True,2.142552224942973e-07
38,5,14451,18267,0,692.2095442406,1934.8388671875,0.0004395849786469382,353,351.66798291755055,1.0191765849594767,52.361161593623564,0.13912288810485463,0.13897557894353377,True,-8.535942508047789e-06
38,6,14704,18055,0,619.4572076280709,1680.677734375,0.00045105265860022955,362,360.8421268801836,1.0188915146712696,51.92915372101645,0.14311557261558472,0.1432205783795162,True,2.9283082293718454e-06
38,7,13709,19054,0,1009.4753300513437,2676.462890625,0.0003783680902756871,304,302.6944722205497,1.0189866825406586,52.53334858619941,0.11780909813246924,0.11782427951688645,True,4.681096400935281e-06
39,4,13971,18782,0,891.3152207210737,2413.169921875,0.0003582029555560443,288,286.56236444483545,1.0185758682891228,53.74668571462229,0.11078823415825317,0.11077875769935992,True,5.191348589131395e-06
39,5,15176,17528,0,425.70466620603287,1207.6171875,0.00046077345361630103,370,368.6187628930408,1.018857343419031,51.693349437570866,0.14650004688158577,0.14661528272784943,True,-5.71645980895763e-06
39,6,15330,17460,0,382.32538471520604,1074.0791015625,0.000472930770050123,380,378.3446160400984,1.018759368380174,55.32175931646702,0.1507328410662049,0.15066344311132254,True,9.223677793906981e-06
39,7,14370,18401,0,750.6105457372137,2016.994140625,0.0003732596690404761,300,298.6077352323809,1.0189730809484832,53.67372771428161,0.1160305069594345,0.1161171413346502,True,-9.557763637327299e-06
40,4,15025,17685,0,475.4223881668359,1356.009765625,0.0004482750119774626,360,358.62000958197007,1.0195964445235073,53.41281088981239,0.1421484836584308,0.14206632465400906,True,6.266588586684163e-06
40,5,13047,19714,0,1247.8742708656666,3336.037109375,0.0003444307106685307,277,275.5445685348246,1.0186103926608505,54.35749652819779,0.10599317281504096,0.10609443725770265,True,-3.5289234748686615e-06
40,6,14247,18507,0,794.4768405219212,2135.8466796875,0.0003919996541491098,315,313.5997233192878,1.0191311458091632,56.85355127580428,0.12255517878314362,0.1225106475953791,True,-4.178037314020444e-06
40,7,15350,17376,0,357.37733934776946,1033.892578125,0.00048491836902106537,389,387.9346952168523,1.019930778019654,53.35090763610228,0.15490654498252218,0.15471467911458447,True,1.756453151174897e-06
41,4,14704,18027,0,604.9860490687955,1684.5390625,0.00042578143320701217,339,340.6251465656097,1.0184357271739506,54.05763549035246,0.13431692889639824,0.13434841902047961,True,-8.64673645939451e-06
41,5,13050,19745,0,1271.519802540458,3359.1826171875,0.00035065600445140466,279,280.52480356112375,1.0190836020059353,51.95224643393677,0.10816062378706527,0.10820989784207223,True,1.9624692427361312e-06
41,6,14172,18613,0,818.3174428671811,2229.9287109375,0.000397011793316921,316,317.6094346535368,1.0189292069554141,53.759987533713115,0.12430024757669672,0.12437992105895122,True,-5.02514747501015e-06
41,7,15163,17621,0,443.35474082104514,1237.0859375,0.0004640502906665578,370,371.2402325332462,1.019809967194738,52.06838172602043,0.14764093820293725,0.14765835160314847,True,1.1829673497221194e-05
42,4,14532,18230,0,650.1227375028556,1851.212890625,0.0004056605318052059,325,324.5284254441647,1.0217844513183147,53.28229858900339,0.12731146556849454,0.12727274915111142,True,-2.4554755677919093e-06
42,5,13569,19238,0,1055.8439767221782,2853.4482421875,0.0003606719247295926,289,288.5375397836741,1.0212443091919599,52.10749562457024,0.11164785136215562,0.11159051115061258,True,-4.91019376991364e-07
42,6,14433,18279,0,694.3255181592303,1947.908203125,0.00040634298302427225,325,325.0743864194178,1.021786231664713,55.147209249551274,0.12754907356093884,0.1273523209070181,True,-8.608352939087904e-07
42,7,15133,17692,0,462.86875989922663,1309.1884765625,0.00044582776011893507,357,356.66220809514806,1.0219926982223575,51.01951465539033,0.1412964277387333,0.14128951252937874,True,3.7620514360126034e-06
43,4,13767,19023,0,974.5373227295835,2637.02734375,0.00038734726637728505,310,309.87781310182805,1.021948807935543,54.75479444870112,0.1209353640804196,0.12098295240540176,True,-2.454443144103702e-06
43,5,13194,19594,0,1211.6989369259206,3209.791015625,0.00037354067622240273,300,298.8325409779222,1.019773888342488,54.01976217585149,0.1161283447982347,0.11611253443246995,True,3.177138977544791e-06
43,6,14161,18577,0,819.743518776385,2220.1591796875,0.00041787586676080615,335,334.3006934086449,1.020930652845423,53.34628381544262,0.13156445997270327,0.1313611003958923,True,-2.461363018124718e-07
43,7,14584,18256,0,672.3750992792797,1871.3251953125,0.000429980762828426,344,343.98461026274083,1.0222837636562276,53.42107048735271,0.13577900303895896,0.1356807872494411,True,-6.617878923198539e-07
44,4,13668,19034,0,1016.9674158638791,2713.8056640625,0.00037213629013229364,299,297.7090321058349,1.018742557522469,53.371569167201756,0.11563938185089903,0.11559587451359121,True,1.8509057808646645e-06
44,5,13861,18996,0,956.3723720538862,2612.6630859375,0.0003890179585026297,310,311.21436680210377,1.0191867439033566,51.885877712412174,0.12151704639089844,0.1216638068594859,True,-2.8667242164964746e-06
44,6,14598,18219,0,668.7052660545759,1835.3359375,0.0004311718537111027,345,344.93748296888214,1.020929703330638,54.544957311203945,0.13619370332162337,0.136308722022089,True,3.2498704002903445e-06
44,7,14559,18227,0,681.0206480523024,1842.353515625,0.0004160123967155308,334,332.80991737242465,1.0191233856618984,52.10171649034813,0.1309156584700205,0.13093155082261704,True,-2.5492654611714016e-06
45,4,13458,19379,0,1088.1599953761897,2993.734375,0.0003594872459241409,288,287.5897967393127,1.0204647674804415,52.98930133490095,0.11123538356256728,0.11125758287970731,True,-3.875718690635188e-06
45,5,14283,18497,0,789.124941601835,2112.654296875,0.0004080988677656927,325,326.4790942125542,1.0189111396720907,50.358965290575675,0.12816041725366933,0.12809148486368865,True,1.8804424490037608e-06
45,6,14883,17957,0,564.8401117425564,1570.541015625,0.000448130156474495,358,358.50412517959603,1.0205335858461348,55.31679044571049,0.14209804954051433,0.14210498126795915,True,1.4342474151107787e-06
45,7,14457,18299,0,715.0245760495371,1924.8955078125,0.0004049392082032074,323,323.9513665625659,1.0197623267511506,54.075770900837554,0.12706032343820717,0.12713647571811376,True,1.0616234200067076e-07
46,4,14082,18702,0,869.3484994388398,2316.71875,0.00035076736748101007,281,280.61389398480804,1.0207148062855305,52.99291352323772,0.1081993968819881,0.10807682180354063,True,-3.0479636031061075e-06
46,5,15047,17747,0,492.4836328720484,1361.66015625,0.0004292728937878008,342,343.41831503024065,1.0188128749676044,52.50963618663679,0.1355325453626337,0.1352978801611639,True,-1.1383731159275712e-05
46,6,15424,17463,0,360.69383086784495,1077.6806640625,0.00046702907738828403,372,373.6232619106272,1.018242889337265,52.22678555145091,0.14867805779932006,0.14863884696502574,True,6.748260791916705e-06
46,7,14868,17945,0,554.8219350863635,1557.6630859375,0.00039698969343204143,316,317.5917547456331,1.0182649117111084,54.08493154643941,0.12429255309373181,0.12438351993244699,True,7.0643403907166835e-06
47,4,12863,19972,0,1343.3363199533687,3586.796875,0.00034492853374958385,276,275.9428269996671,1.0222554513636666,52.37675336685054,0.10616649911233045,0.10615461070168886,True,7.971345578047795e-06
47,5,14737,18017,0,606.7591339511489,1647.802734375,0.00045115138225771333,361,360.92110580617066,1.022525662233877,51.028591941115494,0.14314994507973472,0.14313362200473445,True,-7.935990100210732e-06
47,6,15161,17685,0,461.39347353723196,1300.4912109375,0.00048730966444276904,390,389.8477315542152,1.0219966060328542,53.88548007494233,0.15573911863558057,0.1558334978813413,True,2.289502195995663e-06
47,7,14132,18683,0,843.5256877299306,2298.5087890625,0.0003925221058014638,314,314.01768464117106,1.0221874874528039,50.95894204078598,0.1227370799722643,0.12276438581306726,True,-3.135985485056003e-06
48,4,15211,17590,0,429.833394816171,1206.47265625,0.0004410848138320074,353,352.8678510656059,1.0221875144641919,53.73389602803071,0.13964508341693735,0.13954032570476185,True,-5.270458168699088e-06
48,5,13240,19497,0,1182.0356776727522,3145.3896484375,0.0003346887201058413,268,267.750976084673,1.021579416777272,54.973518087303795,0.10260131892813817,0.10263420380874468,True,4.779856577624697e-07
48,6,14852,17926,0,567.0300724155016,1541.126953125,0.0004129341007884393,330,330.3472806307514,1.0215778960714934,52.91314838208472,0.1298438929064887,0.1299197917570987,True,-2.9907047172927914e-06
48,7,15577,17159,0,278.1652555397526,806.568359375,0.0005010456705462314,401,400.83653643698506,1.0207721162336503,54.20372640633858,0.16052156277702584,0.16066080897374785,True,8.195290657819765e-06
49,4,15006,17740,0,490.87405079127416,1376.203125,0.0004181267045292739,336,334.50136362341914,1.018546752332435,53.123452309629336,0.1316517937731709,0.13165927485057283,True,-5.9996250528493444e-06
49,5,13532,19245,0,1066.7247083735288,2861.8828125,0.00034086544957721756,274,272.69235966177405,1.0188472625842304,54.680097457868186,0.10475186133844111,0.10482334077980136,True,2.246687630769184e-06
49,6,14899,17841,0,528.4512559973814,1481.31640625,0.00041853373134524387,336,334.8269850761951,1.0193144203142623,52.85919108834386,0.13179350767434309,0.1316763655936555,True,3.7576030269548255e-06
49,7,15550,17245,0,303.72121162881,860.0283203125,0.0004813867872461628,386,385.1094297969302,1.0193842100738681,54.16000891869322,0.15367695958177308,0.15389534595045304,True,1.8983537705685727e-07
50,4,14360,18374,0,751.6362156610877,2023.6748046875,0.0003972718755815417,316,317.81750046523337,1.0183799986505488,55.733806756623316,0.12439080001918695,0.12443111074253799,True,1.4784043714244355e-07
50,5,13051,19695,0,1253.0562120658776,3335.2529296875,0.00035109868059904066,280,280.87894447923253,1.02038622892789,53.904320498430884,0.10831474966127305,0.10830868782743272,True,7.285164211612294e-07
50,6,14623,18113,0,639.4477521059401,1763.8828125,0.0004261586965188602,339,340.9269572150882,1.018153036207447,53.20154144663423,0.1344482800840681,0.13449174687425727,True,3.362681826157843e-06
50,7,15200,17623,0,439.36845664283965,1239.7294921875,0.00046421781753663654,370,371.3742540293092,1.0190519060157386,51.83796582168625,0.1476992657759092,0.14779170042445008,True,-4.2079282993046085e-06
51,4,14350,18396,0,750.8779954820365,2038.5859375,0.00037890784528767546,304,303.1262762301404,1.0207605568571314,53.81194747243683,0.11799702380572945,0.11799201724793809,True,-1.800079395111731e-06
51,5,13847,18890,0,938.9270780191006,2538.6201171875,0.00036419893142534287,292,291.3591451402743,1.0207755088117085,53.76951608847389,0.11287584386462526,0.11296233950108389,True,4.273042624361456e-06
51,6,14975,17757,0,505.5722045608378,1408.779296875,0.0004383678174033616,351,350.69425392268926,1.0213763188163125,52.61446990128707,0.13869911094468942,0.13830073033867557,True,-3.1738023712202246e-06
51,7,15176,17516,0,419.30499917595336,1209.6748046875,0.0004491318399322188,360,359.305471945775,1.020911532317399,54.351343269720225,0.14244680413103292,0.14242989681695511,True,6.123508209110451e-07
52,4,13194,19581,0,1207.2586081946997,3198.5244140625,0.00036285970384783965,291,290.2877630782717,1.0205819160986407,53.971278570579706,0.11240956705651597,0.11246549409585974,True,-1.0793576117607007e-06
52,5,13348,19458,0,1137.0107652021193,3075.1748046875,0.00038093845024607056,306,304.75076019685645,1.019560740610375,53.711626431275604,0.11870401641433193,0.11865229961330051,True,6.797932797175665e-06
52,6,14665,18145,0,633.2821011597556,1760.0087890625,0.0004507165223152453,361,360.57321785219625,1.020967938156395,53.83811567302349,0.1429985405616717,0.1430124164642387,True,-3.6971729950874277e-06
52,7,14636,18147,0,644.3251219158955,1763.2734375,0.0004357547332712086,349,348.6037866169669,1.0206908823949177,52.89094103974786,0.1377893174570636,0.1379143480618286,True,-2.213188627392393e-06
53,4,13585,19207,0,1058.8857248965726,2824.216796875,0.0003498042586574907,280,279.84340692599255,1.0222044272266453,53.886388308945676,0.10786407276259553,0.10798812668274406,True,6.307513437359136e-06
53,5,14424,18416,0,747.7264481492304,2030.7431640625,0.00039937920157651194,320,319.50336126120953,1.0212824160433125,53.396790152698095,0.12512450447322185,0.12524760030487525,True,-1.8127058172556776e-06
53,6,15211,17603,0,439.7238699136659,1218.58984375,0.0004659832406595664,373,372.7865925276531,1.0207155451434065,54.15630373885973,0.14831393043227534,0.14854230141379265,True,-1.4092482195082745e-07
53,7,14894,17901,0,540.4093412296431,1515.15234375,0.00042624117482836674,341,340.9929398626934,1.0216230315148151,53.189695210603034,0.1344769964303717,0.13432169509264721,True,-4.667323357493425e-06
54,4,13990,18810,0,900.5637928799015,2427.271484375,0.00034071390632953077,272,272.5711250636246,1.0211801021895237,51.85005024407508,0.1046990987587206,0.10470926111814935,True,6.3110394341175935e-06
54,5,15029,17734,0,492.03692835719914,1356.53125,0.000421142229746883,337,336.91378379750637,1.0223230588219874,53.06466607206215,0.1327017045552213,0.1325866783387396,True,6.810159611486677e-06
54,6,15520,17238,0,304.76127910160585,866.6474609375,0.00048387479139680727,387,387.0998331174458,1.0217108425345642,52.79669121772987,0.1545432041644063,0.15481657975414745,True,-6.847850301860969e-06
54,7,15174,17635,0,443.02210547274046,1250.875,0.00041813114208531224,334,334.5049136682498,1.0213956540611429,54.01517499101992,0.13165333879023902,0.13172755955435517,True,-6.752723132608107e-06
55,4,13293,19442,0,1161.3902123086923,3089.427734375,0.00033511135129621843,268,268.08908103697473,1.0219745421667694,51.37425722137925,0.1027484657803736,0.1027416938906428,True,2.3663057517608888e-07
55,5,15026,17769,0,500.9666874597826,1384.966796875,0.0004438130055236249,356,355.0504044188999,1.0195859596199015,52.655819164951076,0.14059495372669406,0.14059165768527068,True,-8.731719787963277e-06
55,6,15444,17352,0,324.25335841619795,969.818359375,0.0005047492272941466,404,403.79938183531726,1.0216257799563377,54.319296268958034,0.16181102443991144,0.1617191471019976,True,6.9569800273394655e-06
55,7,14857,17893,0,555.0362792512369,1526.0712890625,0.0004138525388189904,331,331.0820310551923,1.0225464797756112,53.59158285601642,0.1301636640645244,0.13018240788205676,True,8.397182407193782e-07
56,4,14779,18024,0,586.3246420764087,1641.6083984375,0.0004365998283664368,348,349.2798626931494,1.0201911424673733,52.16378553017142,0.13808355291798985,0.13800178634520324,True,-3.8077261165503362e-06
56,5,12003,20795,0,1670.5148017131057,4408.9150390625,0.0003287178324058074,263,262.9742659246459,1.022408836238883,52.72475371427748,0.10052244413111422,0.10050338386125059,True,-2.2645495983270036e-06
56,6,14658,18109,0,631.1767507465586,1726.36328125,0.0004359637369312492,348,348.77098954499934,1.0215218030135087,54.47397378500165,0.13786208594027283,0.1379747703477406,True,-4.419102121178131e-07
56,7,15461,17338,0,324.7715915479641,952.8017578125,0.0005198334014235432,415,415.8667211388346,1.0202484083878534,55.46211703180336,0.16706285817166044,0.16726495022705712,True,6.931533882981178e-06
57,4,14765,18040,0,607.9139696291037,1654.3828125,0.00041332814268618505,330,330.66251414894805,1.0209502604929481,52.37330304395532,0.12998108586863244,0.13002973257000472,True,-6.675622820861982e-06
57,5,12819,19933,0,1349.7720982522592,3568.169921875,0.00033496921440979527,268,267.9753715278362,1.0223609175524453,53.94724279060332,0.10269897819900259,0.10273571822025614,True,1.8156403003288801e-06
57,6,14909,17818,0,529.2154652054612,1474.3955078125,0.00044088010315916664,352,352.7040825273333,1.02138682187856,52.80778363436124,0.13957380961648588,0.13962784965235966,True,8.087545757040626e-06
57,7,15507,17290,0,313.65205701271753,905.8193359375,0.0005025000047481582,401,402.00000379852656,1.020149470156391,50.36569523924654,0.16102791608171424,0.16077985554317056,True,-3.024403425699873e-06
58,4,14107,18640,0,848.7812509865039,2280.056640625,0.0003924999998264959,315,313.9999998611967,1.0200417747125539,53.35000899771096,0.1227293833689227,0.12271031866883055,True,-5.190117382744552e-06
58,5,12598,20181,0,1442.072681277478,3799.9912109375,0.0003451577882122139,277,276.1262305697711,1.0202391100915134,52.9156896315796,0.10624631828636451,0.10628853573437302,True,1.2885415331259642e-06
58,6,14766,17985,0,592.0628444969024,1617.5166015625,0.00044876354476231515,360,359.0108358098521,1.0203222263204783,52.24644576032089,0.14231857536756545,0.14228899823501368,True,4.622867992271074e-06
58,7,15186,17547,0,419.7614067474848,1197.4912109375,0.0004853968334529229,389,388.3174667623383,1.0212765518672777,53.35160979417249,0.1550731312086633,0.1549409542270017,True,-6.54644129655102e-07
59,4,14027,18768,0,887.8765990887194,2384.66015625,0.0003736211876701979,299,298.8969501361583,1.0222306763166018,51.96836478867282,0.1161563763453181,0.11617312962074845,True,-4.709610127481834e-06
59,5,13441,19331,0,1115.7241009833199,2947.7724609375,0.00035874191248831677,287,286.9935299906534,1.0220944022913085,53.16951575036875,0.11097588196532485,0.11103439872738424,True,-2.63468908288933e-06
59,6,14983,17737,0,482.2186910453594,1400.416015625,0.000458661729053285,367,366.929383242628,1.0217315808089527,52.84875147983972,0.1457648109848722,0.14588222910631132,True,1.0725679090245466e-05
59,7,15255,17530,0,405.9600767404689,1145.4912109375,0.0004710434130127414,377,376.8347304101931,1.0206189127147838,54.89165676826809,0.1500757228661798,0.1498426482400352,True,-3.389571546580372e-06
60,4,13176,19576,0,1202.0478952278575,3209.900390625,0.00035750001287023116,287,286.00001029618494,1.0203246449655599,52.09473809625633,0.11054349168331415,0.11054951260358548,True,2.081879265619646e-06
60,5,13396,19352,0,1123.3350954185348,2990.041015625,0.0003756413092203648,302,300.51304737629187,1.0191031925230907,53.99776229326677,0.11685971896178418,0.11681846096921583,True,1.0992732890624524e-07
60,6,14936,17815,0,517.6248180211293,1446.6123046875,0.00047175825828463014,379,377.4066066277041,1.0185635565066393,53.58552415608446,0.15032460944622597,0.1503646798649154,True,1.652488522851936e-06
60,7,14907,17799,0,517.869901615895,1479.1005859375,0.00045797705019104824,367,366.3816401528386,1.0202976560605752,51.984195388393026,0.14552642739732777,0.14555496397721177,True,-3.906125287000961e-06
61,4,13536,19235,0,1066.2982551468847,2851.107421875,0.00034415558350450845,275,275.32446680360675,1.0217551778471738,55.46368544848541,0.10589738221304065,0.10600588500348529,True,-4.902566351883131e-06
61,5,14389,18381,0,741.1615985488061,1997.521484375,0.000394574647288503,316,315.6597178308024,1.0217145401356127,51.567465247749006,0.12345171018834215,0.12350236603471706,True,1.0929741911386293e-06
61,6,15372,17436,0,364.2230427387976,1053.173828125,0.00048658859956898467,389,389.27087965518774,1.0214263628739713,53.826408026550205,0.155488066586298,0.1556480137389586,True,-9.607312928705536e-06
61,7,15177,17579,0,430.06794634867,1207.46875,0.00044882795519620404,358,359.0623641569632,1.0198060928420167,53.38980750800968,0.14234100104937425,0.14213600273150298,True,1.327600499453907e-05
62,4,13937,18824,0,913.836710642612,2445.228515625,0.0003347230532769082,267,267.77844262152655,1.0205372636520167,52.78879141960536,0.10261327265556006,0.10265085617749801,True,7.61406521590513e-06
62,5,15020,17724,0,486.88371589801966,1361.9365234375,0.00041602862920397113,333,332.8229033631769,1.0220038770764441,54.196409022540806,0.13092131011058167,0.13094857869697116,True,3.8184880443714597e-07
62,6,15589,17122,0,257.6342445410314,795.4521484375,0.0005042132265387951,403,403.3705812310361,1.0223568932479203,52.50573017394062,0.16162440588041657,0.16163989132273085,True,-8.850973905905057e-06
62,7,15352,17370,0,358.63925768544595,1034.005859375,0.0004404453689181321,352,352.3562951345057,1.0213958262676148,51.522274763991064,0.1394224488636978,0.13969812023230374,True,5.7141797107918e-07
63,4,12633,20199,0,1430.9023484763752,3812.4345703125,0.0003289308914312385,264,263.1447131449908,1.0206583505531608,55.701281576466116,0.10059662456466094,0.10064483766089018,True,-3.4080432634309155e-07
63,5,14757,17998,0,599.1943160664442,1625.9736328125,0.00043940752662079065,352,351.5260212966325,1.021625706603697,53.96797484641337,0.13906110490554294,0.1390342198412347,True,-1.287955033346666e-06
63,6,15427,17283,0,330.6407583191448,957.728515625,0.0005232791167100743,419,418.6232933680595,1.0215178694190636,51.82577037874327,0.168262547569076,0.16827385091859742,True,-6.584780311069682e-06
63,7,14874,17872,0,540.1673922315647,1510.33203125,0.00043634614288832525,350,349.0769143106602,1.0211836668504213,53.40952644516424,0.1379952276348307,0.13824217857370052,True,7.709137974210023e-06
