#-----------------------------------------------------------
# Vivado v2025.2 (64-bit)
# SW Build 6299465 on Fri Nov 14 19:35:11 GMT 2025
# IP Build 6300035 on Fri Nov 14 10:48:45 MST 2025
# SharedData Build 6298862 on Thu Nov 13 04:50:51 MST 2025
# Start of session at: Tue Sep 29 13:31:27 2026
# Process ID         : 38724
# Current directory  : E:/Codex_project/AMD-SonoField-FPGA/v2/build/core_timing/round2
# Command line       : vivado.exe -mode batch -source E:\Codex_project\AMD-SonoField-FPGA\v2\scripts\core_timing.tcl -log E:\Codex_project\AMD-SonoField-FPGA\v2\evidence\core_timing_real_loop\round2\vivado.log -journal E:\Codex_project\AMD-SonoField-FPGA\v2\build\core_timing\round2\vivado.jou -tclargs round2
# Log file           : E:/Codex_project/AMD-SonoField-FPGA/v2/evidence/core_timing_real_loop/round2/vivado.log
# Journal file       : E:\Codex_project\AMD-SonoField-FPGA\v2\build\core_timing\round2\vivado.jou
# Running On         : loverlike
# Platform           : Windows Server 2016 or Windows 10
# Operating System   : 26200
# Processor Detail   : 13th Gen Intel(R) Core(TM) i9-13980HX
# CPU Frequency      : 2419 MHz
# CPU Physical cores : 24
# CPU Logical cores  : 32
# Host memory        : 16774 MB
# Swap memory        : 24696 MB
# Total Virtual      : 41470 MB
# Available Virtual  : 17298 MB
#-----------------------------------------------------------
source {E:\Codex_project\AMD-SonoField-FPGA\v2\scripts\core_timing.tcl}
# set root [file normalize [file join [file dirname [info script]] ..]]
# set stage baseline
# if {[llength $argv]>0} {set stage [lindex $argv 0]}
# if {$stage ni {baseline round1 round2}} {error "Unsupported bounded timing round"}
# set out [file join $root evidence core_timing_real_loop $stage]
# file mkdir $out
# set_param general.maxThreads 4
# if {[version -short] ne "2025.2"} {error "Vivado 2025.2 required"}
# create_project -in_memory -part xc7z020clg400-1
# foreach dir {rtl rtl/timing rtl/phase rtl/output rtl/control rtl/acquisition rtl/calibration rtl/motion} {
#  foreach f [glob -nocomplain [file join $root $dir *.sv]] {read_verilog -sv $f}
# }
# set_property include_dirs [list [file join $root rtl generated]] [current_fileset]
# synth_design -top sono_axi_system -part xc7z020clg400-1 -mode out_of_context
Command: synth_design -top sono_axi_system -part xc7z020clg400-1 -mode out_of_context
Starting synth_design
Attempting to get a license for feature 'Synthesis' and/or device 'xc7z020'
INFO: [Common 17-349] Got license for feature 'Synthesis' and/or device 'xc7z020'
INFO: [Synth 8-7079] Multithreading enabled for synth_design using a maximum of 4 processes.
INFO: [Synth 8-7078] Launching helper process for spawning children vivado processes
INFO: [Synth 8-7075] Helper process launched with PID 36932
---------------------------------------------------------------------------------
Starting Synthesize : Time (s): cpu = 00:00:03 ; elapsed = 00:00:04 . Memory (MB): peak = 1079.785 ; gain = 539.402
---------------------------------------------------------------------------------
INFO: [Synth 8-6157] synthesizing module 'sono_axi_system' [E:/Codex_project/AMD-SonoField-FPGA/v2/rtl/sono_axi_system.sv:4]
INFO: [Synth 8-6157] synthesizing module 'axi_native_bridge' [E:/Codex_project/AMD-SonoField-FPGA/v2/rtl/control/axi_native_bridge.sv:5]
INFO: [Synth 8-6155] done synthesizing module 'axi_native_bridge' (0#1) [E:/Codex_project/AMD-SonoField-FPGA/v2/rtl/control/axi_native_bridge.sv:5]
INFO: [Synth 8-6157] synthesizing module 'sono_motion_system' [E:/Codex_project/AMD-SonoField-FPGA/v2/rtl/sono_motion_system.sv:4]
	Parameter POWER_WAIT_CYCLES bound to: 264000001 - type: integer 
INFO: [Synth 8-6157] synthesizing module 'motion_queue' [E:/Codex_project/AMD-SonoField-FPGA/v2/rtl/motion/motion_queue.sv:4]
	Parameter DEPTH bound to: 4 - type: integer 
	Parameter INTERVAL_CYCLES bound to: 2640000 - type: integer 
	Parameter ACK_TIMEOUT_CYCLES bound to: 6600 - type: integer 
INFO: [Synth 8-6155] done synthesizing module 'motion_queue' (0#1) [E:/Codex_project/AMD-SonoField-FPGA/v2/rtl/motion/motion_queue.sv:4]
INFO: [Synth 8-6157] synthesizing module 'sono_digital_system' [E:/Codex_project/AMD-SonoField-FPGA/v2/rtl/sono_digital_system.sv:3]
	Parameter CLOCK_HZ bound to: 132000000 - type: integer 
	Parameter POWER_WAIT_CYCLES bound to: 264000001 - type: integer 
INFO: [Synth 8-6157] synthesizing module 'ad7606b_if' [E:/Codex_project/AMD-SonoField-FPGA/v2/rtl/acquisition/ad7606b_if.sv:2]
	Parameter CLOCK_HZ bound to: 132000000 - type: integer 
	Parameter POWER_WAIT_CYCLES bound to: 264000001 - type: integer 
INFO: [Synth 8-6157] synthesizing module 'adc_serial' [E:/Codex_project/AMD-SonoField-FPGA/v2/rtl/acquisition/adc_serial.sv:4]
INFO: [Synth 8-6155] done synthesizing module 'adc_serial' (0#1) [E:/Codex_project/AMD-SonoField-FPGA/v2/rtl/acquisition/adc_serial.sv:4]
INFO: [Synth 8-6155] done synthesizing module 'ad7606b_if' (0#1) [E:/Codex_project/AMD-SonoField-FPGA/v2/rtl/acquisition/ad7606b_if.sv:2]
INFO: [Synth 8-6157] synthesizing module 'calibration_scheduler' [E:/Codex_project/AMD-SonoField-FPGA/v2/rtl/calibration/calibration_scheduler.sv:3]
	Parameter DEPTH bound to: 1024 - type: integer 
INFO: [Synth 8-6155] done synthesizing module 'calibration_scheduler' (0#1) [E:/Codex_project/AMD-SonoField-FPGA/v2/rtl/calibration/calibration_scheduler.sv:3]
INFO: [Synth 8-6157] synthesizing module 'burst_generator' [E:/Codex_project/AMD-SonoField-FPGA/v2/rtl/calibration/burst_generator.sv:2]
	Parameter CLOCK_HZ bound to: 132000000 - type: integer 
INFO: [Synth 8-6155] done synthesizing module 'burst_generator' (0#1) [E:/Codex_project/AMD-SonoField-FPGA/v2/rtl/calibration/burst_generator.sv:2]
INFO: [Synth 8-6157] synthesizing module 'phase_bank' [E:/Codex_project/AMD-SonoField-FPGA/v2/rtl/phase/phase_bank.sv:2]
INFO: [Synth 8-6155] done synthesizing module 'phase_bank' (0#1) [E:/Codex_project/AMD-SonoField-FPGA/v2/rtl/phase/phase_bank.sv:2]
INFO: [Synth 8-6157] synthesizing module 'channel_waveform' [E:/Codex_project/AMD-SonoField-FPGA/v2/rtl/output/channel_waveform.sv:2]
INFO: [Synth 8-6155] done synthesizing module 'channel_waveform' (0#1) [E:/Codex_project/AMD-SonoField-FPGA/v2/rtl/output/channel_waveform.sv:2]
INFO: [Synth 8-6157] synthesizing module 'serializer' [E:/Codex_project/AMD-SonoField-FPGA/v2/rtl/output/serializer.sv:2]
WARNING: [Synth 8-693] zero replication count - replication ignored [E:/Codex_project/AMD-SonoField-FPGA/v2/rtl/output/serializer.sv:27]
INFO: [Synth 8-6155] done synthesizing module 'serializer' (0#1) [E:/Codex_project/AMD-SonoField-FPGA/v2/rtl/output/serializer.sv:2]
INFO: [Synth 8-6155] done synthesizing module 'sono_digital_system' (0#1) [E:/Codex_project/AMD-SonoField-FPGA/v2/rtl/sono_digital_system.sv:3]
INFO: [Synth 8-6155] done synthesizing module 'sono_motion_system' (0#1) [E:/Codex_project/AMD-SonoField-FPGA/v2/rtl/sono_motion_system.sv:4]
INFO: [Synth 8-6155] done synthesizing module 'sono_axi_system' (0#1) [E:/Codex_project/AMD-SonoField-FPGA/v2/rtl/sono_axi_system.sv:4]
WARNING: [Synth 8-7137] Register queue_reg in module motion_queue has both Set and reset with same priority. This may cause simulation mismatches. Consider rewriting code 
WARNING: [Synth 8-7137] Register seq_reg in module motion_queue has both Set and reset with same priority. This may cause simulation mismatches. Consider rewriting code 
WARNING: [Synth 8-7137] Register last_reg in module motion_queue has both Set and reset with same priority. This may cause simulation mismatches. Consider rewriting code 
WARNING: [Synth 8-4767] Trying to implement RAM 'last_reg' in registers. Block RAM or DRAM implementation is not possible; see log for reasons. [E:/Codex_project/AMD-SonoField-FPGA/v2/rtl/motion/motion_queue.sv:58]
Reason is one or more of the following :
	1: RAM is sensitive to asynchronous reset signal. this RTL style is not supported. 
WARNING: [Synth 8-4767] Trying to implement RAM 'queue_reg' in registers. Block RAM or DRAM implementation is not possible; see log for reasons. [E:/Codex_project/AMD-SonoField-FPGA/v2/rtl/motion/motion_queue.sv:66]
Reason is one or more of the following :
	1: RAM is sensitive to asynchronous reset signal. this RTL style is not supported. 
WARNING: [Synth 8-13159] Potential Runtime issue for RAM 'queue_reg' since this is dissolved into (8704) registers bits. Consider modifying RTL as per supported RAM templates
WARNING: [Synth 8-4767] Trying to implement RAM 'seq_reg' in registers. Block RAM or DRAM implementation is not possible; see log for reasons. [E:/Codex_project/AMD-SonoField-FPGA/v2/rtl/motion/motion_queue.sv:66]
Reason is one or more of the following :
	1: RAM is sensitive to asynchronous reset signal. this RTL style is not supported. 
WARNING: [Synth 8-7129] Port frequency[31] in module burst_generator is either unconnected or has no load
WARNING: [Synth 8-7129] Port frequency[30] in module burst_generator is either unconnected or has no load
WARNING: [Synth 8-7129] Port frequency[29] in module burst_generator is either unconnected or has no load
WARNING: [Synth 8-7129] Port frequency[28] in module burst_generator is either unconnected or has no load
WARNING: [Synth 8-7129] Port frequency[27] in module burst_generator is either unconnected or has no load
WARNING: [Synth 8-7129] Port frequency[26] in module burst_generator is either unconnected or has no load
WARNING: [Synth 8-7129] Port frequency[25] in module burst_generator is either unconnected or has no load
WARNING: [Synth 8-7129] Port frequency[24] in module burst_generator is either unconnected or has no load
WARNING: [Synth 8-7129] Port frequency[23] in module burst_generator is either unconnected or has no load
WARNING: [Synth 8-7129] Port frequency[22] in module burst_generator is either unconnected or has no load
WARNING: [Synth 8-7129] Port frequency[21] in module burst_generator is either unconnected or has no load
WARNING: [Synth 8-7129] Port frequency[20] in module burst_generator is either unconnected or has no load
WARNING: [Synth 8-7129] Port frequency[19] in module burst_generator is either unconnected or has no load
WARNING: [Synth 8-7129] Port frequency[18] in module burst_generator is either unconnected or has no load
WARNING: [Synth 8-7129] Port frequency[17] in module burst_generator is either unconnected or has no load
WARNING: [Synth 8-7129] Port frequency[16] in module burst_generator is either unconnected or has no load
WARNING: [Synth 8-7129] Port burst_done in module calibration_scheduler is either unconnected or has no load
---------------------------------------------------------------------------------
Finished Synthesize : Time (s): cpu = 00:00:06 ; elapsed = 00:00:07 . Memory (MB): peak = 1308.723 ; gain = 768.340
---------------------------------------------------------------------------------
---------------------------------------------------------------------------------
Finished Constraint Validation : Time (s): cpu = 00:00:06 ; elapsed = 00:00:08 . Memory (MB): peak = 1308.723 ; gain = 768.340
---------------------------------------------------------------------------------
---------------------------------------------------------------------------------
Start Loading Part and Timing Information
---------------------------------------------------------------------------------
Loading part: xc7z020clg400-1
---------------------------------------------------------------------------------
INFO: [Device 21-403] Loading part xc7z020clg400-1
Finished Loading Part and Timing Information : Time (s): cpu = 00:00:06 ; elapsed = 00:00:08 . Memory (MB): peak = 1308.723 ; gain = 768.340
---------------------------------------------------------------------------------
INFO: [Synth 8-802] inferred FSM for state register 'state_reg' in module 'axi_native_bridge'
INFO: [Synth 8-802] inferred FSM for state register 'state_reg' in module 'ad7606b_if'
INFO: [Synth 8-802] inferred FSM for state register 'state_reg' in module 'serializer'
---------------------------------------------------------------------------------------------------
                   State |                     New Encoding |                Previous Encoding 
---------------------------------------------------------------------------------------------------
                    IDLE |                               00 |                               00
                   ISSUE |                               01 |                               01
                 CAPTURE |                               10 |                               10
                 RESPOND |                               11 |                               11
---------------------------------------------------------------------------------------------------
INFO: [Synth 8-3354] encoded FSM with state register 'state_reg' using encoding 'sequential' in module 'axi_native_bridge'
---------------------------------------------------------------------------------------------------
                   State |                     New Encoding |                Previous Encoding 
---------------------------------------------------------------------------------------------------
                   POWER |                              000 |                              000
                   RESET |                              001 |                              001
                   SETUP |                              010 |                              010
                    INIT |                              011 |                              011
                WAIT_SPI |                              100 |                              100
                     RUN |                              101 |                              101
---------------------------------------------------------------------------------------------------
INFO: [Synth 8-3354] encoded FSM with state register 'state_reg' using encoding 'sequential' in module 'ad7606b_if'
---------------------------------------------------------------------------------------------------
                   State |                     New Encoding |                Previous Encoding 
---------------------------------------------------------------------------------------------------
                    IDLE |                             0001 |                               00
                   SHIFT |                             0010 |                               01
                   LATCH |                             0100 |                               10
                  FINISH |                             1000 |                               11
---------------------------------------------------------------------------------------------------
INFO: [Synth 8-3354] encoded FSM with state register 'state_reg' using encoding 'one-hot' in module 'serializer'
---------------------------------------------------------------------------------
Finished RTL Optimization Phase 2 : Time (s): cpu = 00:00:11 ; elapsed = 00:00:11 . Memory (MB): peak = 1316.484 ; gain = 776.102
---------------------------------------------------------------------------------
No constraint files found.
---------------------------------------------------------------------------------
Start RTL Component Statistics 
---------------------------------------------------------------------------------
Detailed RTL Component Info : 
+---Adders : 
	   2 Input   64 Bit       Adders := 1     
	   2 Input   32 Bit       Adders := 19    
	   3 Input   32 Bit       Adders := 1     
	   2 Input   28 Bit       Adders := 2     
	   2 Input   27 Bit       Adders := 2     
	   2 Input   12 Bit       Adders := 1     
	   2 Input   11 Bit       Adders := 1     
	   2 Input    9 Bit       Adders := 1     
	   2 Input    8 Bit       Adders := 132   
	   3 Input    8 Bit       Adders := 128   
	   2 Input    7 Bit       Adders := 33    
	   2 Input    6 Bit       Adders := 1     
	   2 Input    5 Bit       Adders := 1     
	   2 Input    3 Bit       Adders := 1     
	   2 Input    2 Bit       Adders := 2     
+---Registers : 
	             2176 Bit    Registers := 5     
	              128 Bit    Registers := 7     
	               64 Bit    Registers := 6     
	               32 Bit    Registers := 60    
	               27 Bit    Registers := 2     
	               24 Bit    Registers := 1     
	               16 Bit    Registers := 2     
	                8 Bit    Registers := 519   
	                7 Bit    Registers := 1     
	                6 Bit    Registers := 3     
	                5 Bit    Registers := 1     
	                4 Bit    Registers := 2     
	                3 Bit    Registers := 1     
	                2 Bit    Registers := 8     
	                1 Bit    Registers := 67    
+---RAMs : 
	             128K Bit	(1024 X 128 bit)          RAMs := 1     
+---Muxes : 
	   4 Input 2176 Bit        Muxes := 1     
	   2 Input  128 Bit        Muxes := 6     
	   4 Input   32 Bit        Muxes := 6     
	   2 Input   32 Bit        Muxes := 28    
	   9 Input   32 Bit        Muxes := 3     
	   7 Input   32 Bit        Muxes := 3     
	   6 Input   32 Bit        Muxes := 1     
	   2 Input   27 Bit        Muxes := 4     
	   6 Input   16 Bit        Muxes := 1     
	   2 Input   15 Bit        Muxes := 1     
	   2 Input   11 Bit        Muxes := 1     
	   7 Input   11 Bit        Muxes := 1     
	   2 Input    8 Bit        Muxes := 6     
	   9 Input    8 Bit        Muxes := 1     
	   7 Input    8 Bit        Muxes := 1     
	   2 Input    7 Bit        Muxes := 2     
	   7 Input    7 Bit        Muxes := 1     
	   2 Input    6 Bit        Muxes := 2     
	   6 Input    6 Bit        Muxes := 1     
	   2 Input    5 Bit        Muxes := 1     
	   2 Input    4 Bit        Muxes := 4     
	   7 Input    4 Bit        Muxes := 1     
	   2 Input    3 Bit        Muxes := 7     
	   5 Input    3 Bit        Muxes := 1     
	   6 Input    3 Bit        Muxes := 1     
	   3 Input    2 Bit        Muxes := 2     
	   4 Input    2 Bit        Muxes := 3     
	   2 Input    2 Bit        Muxes := 7     
	   6 Input    2 Bit        Muxes := 1     
	   2 Input    1 Bit        Muxes := 204   
	   4 Input    1 Bit        Muxes := 28    
	   9 Input    1 Bit        Muxes := 10    
	   7 Input    1 Bit        Muxes := 11    
	   8 Input    1 Bit        Muxes := 5     
	   6 Input    1 Bit        Muxes := 20    
---------------------------------------------------------------------------------
Finished RTL Component Statistics 
---------------------------------------------------------------------------------
---------------------------------------------------------------------------------
Start Part Resource Summary
---------------------------------------------------------------------------------
Part Resources:
DSPs: 220 (col length:60)
BRAMs: 280 (col length: RAMB18 60 RAMB36 30)
---------------------------------------------------------------------------------
Finished Part Resource Summary
---------------------------------------------------------------------------------
No constraint files found.
---------------------------------------------------------------------------------
Start Cross Boundary and Area Optimization
---------------------------------------------------------------------------------
DSP Report: Generating DSP bus_wdata1, operation Mode is: A*(B:0x11).
DSP Report: operator bus_wdata1 is absorbed into DSP bus_wdata1.
INFO: [Synth 8-3886] merging instance 'bus_address_reg[0]' (FDCE) to 'bus_address_reg[7]'
INFO: [Synth 8-3886] merging instance 'bus_address_reg[1]' (FDCE) to 'bus_address_reg[7]'
INFO: [Synth 8-3333] propagating constant 0 across sequential element (\bus_address_reg[7] )
INFO: [Synth 8-3886] merging instance 'state_reg[24]' (FDCE) to 'state_reg[31]'
INFO: [Synth 8-3886] merging instance 'state_reg[25]' (FDCE) to 'state_reg[31]'
INFO: [Synth 8-3886] merging instance 'state_reg[26]' (FDCE) to 'state_reg[31]'
INFO: [Synth 8-3886] merging instance 'state_reg[27]' (FDCE) to 'state_reg[31]'
INFO: [Synth 8-3886] merging instance 'state_reg[28]' (FDCE) to 'state_reg[31]'
INFO: [Synth 8-3886] merging instance 'state_reg[29]' (FDCE) to 'state_reg[31]'
INFO: [Synth 8-3886] merging instance 'state_reg[30]' (FDCE) to 'state_reg[31]'
INFO: [Synth 8-3886] merging instance 'state_reg[31]' (FDCE) to 'state_reg[23]'
INFO: [Synth 8-3886] merging instance 'state_reg[4]' (FDCE) to 'state_reg[23]'
INFO: [Synth 8-3886] merging instance 'state_reg[5]' (FDCE) to 'state_reg[23]'
INFO: [Synth 8-3886] merging instance 'state_reg[6]' (FDCE) to 'state_reg[23]'
INFO: [Synth 8-3886] merging instance 'state_reg[7]' (FDCE) to 'state_reg[23]'
INFO: [Synth 8-3886] merging instance 'state_reg[8]' (FDCE) to 'state_reg[23]'
INFO: [Synth 8-3886] merging instance 'state_reg[9]' (FDCE) to 'state_reg[23]'
INFO: [Synth 8-3886] merging instance 'state_reg[10]' (FDCE) to 'state_reg[23]'
INFO: [Synth 8-3886] merging instance 'state_reg[11]' (FDCE) to 'state_reg[23]'
INFO: [Synth 8-3886] merging instance 'state_reg[12]' (FDCE) to 'state_reg[23]'
INFO: [Synth 8-3886] merging instance 'state_reg[13]' (FDCE) to 'state_reg[23]'
INFO: [Synth 8-3886] merging instance 'state_reg[14]' (FDCE) to 'state_reg[23]'
INFO: [Synth 8-3886] merging instance 'state_reg[15]' (FDCE) to 'state_reg[23]'
INFO: [Synth 8-3886] merging instance 'state_reg[16]' (FDCE) to 'state_reg[23]'
INFO: [Synth 8-3886] merging instance 'state_reg[17]' (FDCE) to 'state_reg[23]'
INFO: [Synth 8-3886] merging instance 'state_reg[18]' (FDCE) to 'state_reg[23]'
INFO: [Synth 8-3886] merging instance 'state_reg[19]' (FDCE) to 'state_reg[23]'
INFO: [Synth 8-3886] merging instance 'state_reg[20]' (FDCE) to 'state_reg[23]'
INFO: [Synth 8-3886] merging instance 'state_reg[21]' (FDCE) to 'state_reg[23]'
INFO: [Synth 8-3886] merging instance 'state_reg[22]' (FDCE) to 'state_reg[23]'
INFO: [Synth 8-3333] propagating constant 0 across sequential element (\state_reg[23] )
INFO: [Synth 8-3333] propagating constant 1 across sequential element (bus_write_reg)
INFO: [Synth 8-5544] ROM "init_command" won't be mapped to Block RAM because address size (4) smaller than threshold (5)
INFO: [Synth 8-5546] ROM "map_write" won't be mapped to RAM because it is too sparse
INFO: [Synth 8-5546] ROM "map_commit" won't be mapped to RAM because it is too sparse
INFO: [Synth 8-5546] ROM "map_write" won't be mapped to RAM because it is too sparse
INFO: [Synth 8-5546] ROM "map_commit" won't be mapped to RAM because it is too sparse
WARNING: [Synth 8-7129] Port burst_done in module calibration_scheduler is either unconnected or has no load
WARNING: [Synth 8-7129] Port frequency[31] in module burst_generator is either unconnected or has no load
WARNING: [Synth 8-7129] Port frequency[30] in module burst_generator is either unconnected or has no load
WARNING: [Synth 8-7129] Port frequency[29] in module burst_generator is either unconnected or has no load
WARNING: [Synth 8-7129] Port frequency[28] in module burst_generator is either unconnected or has no load
WARNING: [Synth 8-7129] Port frequency[27] in module burst_generator is either unconnected or has no load
WARNING: [Synth 8-7129] Port frequency[26] in module burst_generator is either unconnected or has no load
WARNING: [Synth 8-7129] Port frequency[25] in module burst_generator is either unconnected or has no load
WARNING: [Synth 8-7129] Port frequency[24] in module burst_generator is either unconnected or has no load
WARNING: [Synth 8-7129] Port frequency[23] in module burst_generator is either unconnected or has no load
WARNING: [Synth 8-7129] Port frequency[22] in module burst_generator is either unconnected or has no load
WARNING: [Synth 8-7129] Port frequency[21] in module burst_generator is either unconnected or has no load
WARNING: [Synth 8-7129] Port frequency[20] in module burst_generator is either unconnected or has no load
WARNING: [Synth 8-7129] Port frequency[19] in module burst_generator is either unconnected or has no load
WARNING: [Synth 8-7129] Port frequency[18] in module burst_generator is either unconnected or has no load
WARNING: [Synth 8-7129] Port frequency[17] in module burst_generator is either unconnected or has no load
WARNING: [Synth 8-7129] Port frequency[16] in module burst_generator is either unconnected or has no load
INFO: [Synth 8-3886] merging instance 'adc/spi_command_reg[13]' (FDCE) to 'adc/spi_bits_reg[0]'
INFO: [Synth 8-3886] merging instance 'adc/spi/tx_reg[13]' (FDCE) to 'adc/spi/length_reg[0]'
INFO: [Synth 8-3886] merging instance 'adc/spi_command_reg[12]' (FDCE) to 'adc/spi_bits_reg[0]'
INFO: [Synth 8-3886] merging instance 'adc/spi/tx_reg[12]' (FDCE) to 'adc/spi/length_reg[0]'
INFO: [Synth 8-3886] merging instance 'adc/spi_command_reg[11]' (FDCE) to 'adc/spi_bits_reg[0]'
INFO: [Synth 8-3886] merging instance 'adc/spi/tx_reg[11]' (FDCE) to 'adc/spi/length_reg[0]'
INFO: [Synth 8-3886] merging instance 'adc/spi_command_reg[7]' (FDCE) to 'adc/spi_bits_reg[0]'
INFO: [Synth 8-3886] merging instance 'adc/spi/tx_reg[7]' (FDCE) to 'adc/spi/length_reg[0]'
INFO: [Synth 8-3886] merging instance 'adc/spi_command_reg[6]' (FDCE) to 'adc/spi_bits_reg[0]'
INFO: [Synth 8-3886] merging instance 'adc/spi/tx_reg[6]' (FDCE) to 'adc/spi/length_reg[0]'
INFO: [Synth 8-3886] merging instance 'adc/spi_command_reg[5]' (FDCE) to 'adc/spi_bits_reg[0]'
INFO: [Synth 8-3886] merging instance 'adc/spi/tx_reg[5]' (FDCE) to 'adc/spi/length_reg[0]'
INFO: [Synth 8-3886] merging instance 'adc/spi_command_reg[3]' (FDCE) to 'adc/spi_bits_reg[0]'
INFO: [Synth 8-3886] merging instance 'adc/spi/tx_reg[3]' (FDCE) to 'adc/spi/length_reg[0]'
INFO: [Synth 8-3886] merging instance 'adc/spi_command_reg[2]' (FDCE) to 'adc/spi_bits_reg[0]'
INFO: [Synth 8-3886] merging instance 'adc/spi/tx_reg[2]' (FDCE) to 'adc/spi/length_reg[0]'
INFO: [Synth 8-3886] merging instance 'adc/spi_command_reg[1]' (FDCE) to 'adc/spi_bits_reg[0]'
INFO: [Synth 8-3886] merging instance 'adc/spi/tx_reg[1]' (FDCE) to 'adc/spi/length_reg[0]'
INFO: [Synth 8-3886] merging instance 'adc/spi_bits_reg[3]' (FDCE) to 'adc/spi_bits_reg[0]'
INFO: [Synth 8-3886] merging instance 'adc/spi/length_reg[3]' (FDCE) to 'adc/spi/length_reg[0]'
INFO: [Synth 8-3886] merging instance 'adc/spi_bits_reg[0]' (FDCE) to 'adc/spi_bits_reg[1]'
INFO: [Synth 8-3886] merging instance 'adc/spi/length_reg[0]' (FDCE) to 'adc/spi/length_reg[1]'
INFO: [Synth 8-3886] merging instance 'adc/spi_bits_reg[1]' (FDCE) to 'adc/spi_bits_reg[2]'
INFO: [Synth 8-3886] merging instance 'adc/spi/length_reg[1]' (FDCE) to 'adc/spi/length_reg[2]'
INFO: [Synth 8-3886] merging instance 'adc/spi_bits_reg[2]' (FDCE) to 'adc/spi_command_reg[15]'
INFO: [Synth 8-3886] merging instance 'adc/spi/length_reg[2]' (FDCE) to 'adc/spi/tx_reg[15]'
INFO: [Synth 8-3333] propagating constant 0 across sequential element (adc/\spi_command_reg[15] )
INFO: [Synth 8-3886] merging instance 'burst/phase_step_reg[0]' (FDCE) to 'burst/phase_step_reg[1]'
INFO: [Synth 8-3886] merging instance 'burst/phase_step_reg[1]' (FDCE) to 'burst/phase_step_reg[2]'
INFO: [Synth 8-3886] merging instance 'burst/phase_step_reg[2]' (FDCE) to 'burst/phase_step_reg[3]'
INFO: [Synth 8-3886] merging instance 'burst/phase_step_reg[3]' (FDCE) to 'burst/phase_step_reg[4]'
INFO: [Synth 8-3886] merging instance 'burst/phase_step_reg[4]' (FDCE) to 'burst/phase_step_reg[5]'
INFO: [Synth 8-3886] merging instance 'burst/phase_step_reg[5]' (FDCE) to 'burst/phase_step_reg[6]'
INFO: [Synth 8-3886] merging instance 'burst/phase_step_reg[6]' (FDCE) to 'burst/phase_step_reg[7]'
INFO: [Synth 8-3333] propagating constant 0 across sequential element (burst/\phase_step_reg[7] )
INFO: [Synth 8-3333] propagating constant 0 across sequential element (scheduler/\state_reg[3] )
INFO: [Synth 8-3333] propagating constant 0 across sequential element (adc/\spi/tx_reg[15] )
INFO: [Synth 8-3886] merging instance 'cfg_reg[25][0]' (FDCE) to 'cfg_reg[26][0]'
INFO: [Synth 8-3886] merging instance 'cfg_reg[24][0]' (FDCE) to 'cfg_reg[26][0]'
INFO: [Synth 8-3886] merging instance 'cfg_reg[27][0]' (FDCE) to 'cfg_reg[26][0]'
INFO: [Synth 8-3886] merging instance 'cfg_reg[26][0]' (FDCE) to 'cfg_reg[20][0]'
INFO: [Synth 8-3886] merging instance 'cfg_reg[15][0]' (FDCE) to 'cfg_reg[20][0]'
INFO: [Synth 8-3886] merging instance 'cfg_reg[1][0]' (FDCE) to 'cfg_reg[20][0]'
INFO: [Synth 8-3886] merging instance 'cfg_reg[0][0]' (FDCE) to 'cfg_reg[20][0]'
INFO: [Synth 8-3886] merging instance 'cfg_reg[2][0]' (FDCE) to 'cfg_reg[20][0]'
INFO: [Synth 8-3886] merging instance 'cfg_reg[17][0]' (FDCE) to 'cfg_reg[20][0]'
INFO: [Synth 8-3886] merging instance 'cfg_reg[16][0]' (FDCE) to 'cfg_reg[20][0]'
INFO: [Synth 8-3886] merging instance 'cfg_reg[19][0]' (FDCE) to 'cfg_reg[20][0]'
INFO: [Synth 8-3886] merging instance 'cfg_reg[18][0]' (FDCE) to 'cfg_reg[20][0]'
INFO: [Synth 8-3886] merging instance 'cfg_reg[20][0]' (FDCE) to 'cfg_reg[23][0]'
INFO: [Synth 8-3333] propagating constant 0 across sequential element (\cfg_reg[23][0] )
INFO: [Synth 8-3886] merging instance 'cfg_reg[1][1]' (FDCE) to 'cfg_reg[26][1]'
INFO: [Synth 8-3886] merging instance 'cfg_reg[0][1]' (FDCE) to 'cfg_reg[26][1]'
INFO: [Synth 8-3886] merging instance 'cfg_reg[2][1]' (FDCE) to 'cfg_reg[26][1]'
INFO: [Synth 8-3886] merging instance 'cfg_reg[15][1]' (FDCE) to 'cfg_reg[26][1]'
INFO: [Synth 8-3886] merging instance 'cfg_reg[25][1]' (FDCE) to 'cfg_reg[26][1]'
INFO: [Synth 8-3886] merging instance 'cfg_reg[24][1]' (FDCE) to 'cfg_reg[26][1]'
INFO: [Synth 8-3886] merging instance 'cfg_reg[27][1]' (FDCE) to 'cfg_reg[26][1]'
INFO: [Synth 8-3886] merging instance 'cfg_reg[26][1]' (FDCE) to 'cfg_reg[20][1]'
INFO: [Synth 8-3886] merging instance 'cfg_reg[19][1]' (FDCE) to 'cfg_reg[20][1]'
INFO: [Synth 8-3886] merging instance 'cfg_reg[18][1]' (FDCE) to 'cfg_reg[20][1]'
INFO: [Synth 8-3886] merging instance 'cfg_reg[17][1]' (FDCE) to 'cfg_reg[20][1]'
INFO: [Synth 8-3886] merging instance 'cfg_reg[16][1]' (FDCE) to 'cfg_reg[20][1]'
INFO: [Synth 8-3886] merging instance 'cfg_reg[23][1]' (FDCE) to 'cfg_reg[20][1]'
INFO: [Synth 8-3333] propagating constant 0 across sequential element (\cfg_reg[20][1] )
INFO: [Synth 8-3886] merging instance 'cfg_reg[2][2]' (FDCE) to 'cfg_reg[26][2]'
INFO: [Synth 8-3886] merging instance 'cfg_reg[1][2]' (FDCE) to 'cfg_reg[26][2]'
INFO: [Synth 8-3886] merging instance 'cfg_reg[0][2]' (FDCE) to 'cfg_reg[26][2]'
INFO: [Synth 8-3886] merging instance 'cfg_reg[15][2]' (FDCE) to 'cfg_reg[26][2]'
INFO: [Synth 8-3886] merging instance 'cfg_reg[27][2]' (FDCE) to 'cfg_reg[26][2]'
INFO: [Synth 8-3886] merging instance 'cfg_reg[26][2]' (FDCE) to 'cfg_reg[24][2]'
INFO: [Synth 8-3886] merging instance 'cfg_reg[25][2]' (FDCE) to 'cfg_reg[24][2]'
INFO: [Synth 8-3886] merging instance 'cfg_reg[24][2]' (FDCE) to 'cfg_reg[20][2]'
INFO: [Synth 8-3886] merging instance 'cfg_reg[23][2]' (FDCE) to 'cfg_reg[20][2]'
INFO: [Synth 8-3886] merging instance 'cfg_reg[20][2]' (FDCE) to 'cfg_reg[18][2]'
INFO: [Synth 8-3886] merging instance 'cfg_reg[19][2]' (FDCE) to 'cfg_reg[18][2]'
INFO: [Synth 8-3886] merging instance 'cfg_reg[18][2]' (FDCE) to 'cfg_reg[16][2]'
INFO: [Common 17-14] Message 'Synth 8-3886' appears 100 times and further instances of the messages will be disabled. Use the Tcl command set_msg_config to change the current settings.
INFO: [Synth 8-3333] propagating constant 0 across sequential element (\cfg_reg[16][2] )
INFO: [Synth 8-3333] propagating constant 0 across sequential element (\cfg_reg[20][3] )
INFO: [Synth 8-3333] propagating constant 0 across sequential element (\cfg_reg[16][4] )
INFO: [Common 17-14] Message 'Synth 8-3886' appears 100 times and further instances of the messages will be disabled. Use the Tcl command set_msg_config to change the current settings.
INFO: [Synth 8-3333] propagating constant 0 across sequential element (\cfg_reg[20][5] )
INFO: [Synth 8-3333] propagating constant 0 across sequential element (\cfg_reg[24][6] )
INFO: [Synth 8-3333] propagating constant 0 across sequential element (\cfg_reg[16][7] )
INFO: [Synth 8-3333] propagating constant 0 across sequential element (\cfg_reg[20][8] )
INFO: [Synth 8-3333] propagating constant 0 across sequential element (\cfg_reg[20][9] )
INFO: [Synth 8-3333] propagating constant 0 across sequential element (\cfg_reg[20][10] )
INFO: [Synth 8-3333] propagating constant 0 across sequential element (\cfg_reg[20][11] )
INFO: [Synth 8-3333] propagating constant 0 across sequential element (\cfg_reg[20][12] )
INFO: [Synth 8-3333] propagating constant 0 across sequential element (\cfg_reg[16][13] )
INFO: [Synth 8-3333] propagating constant 0 across sequential element (\cfg_reg[16][14] )
INFO: [Synth 8-3333] propagating constant 0 across sequential element (\cfg_reg[20][15] )
INFO: [Synth 8-3333] propagating constant 0 across sequential element (\cfg_reg[20][16] )
INFO: [Synth 8-3333] propagating constant 0 across sequential element (\cfg_reg[16][17] )
INFO: [Synth 8-3333] propagating constant 0 across sequential element (\cfg_reg[16][18] )
INFO: [Synth 8-3333] propagating constant 0 across sequential element (\cfg_reg[16][19] )
INFO: [Synth 8-3333] propagating constant 0 across sequential element (\cfg_reg[16][20] )
INFO: [Synth 8-3333] propagating constant 0 across sequential element (\cfg_reg[18][21] )
INFO: [Synth 8-3333] propagating constant 0 across sequential element (\cfg_reg[16][22] )
INFO: [Synth 8-3333] propagating constant 0 across sequential element (\cfg_reg[16][23] )
INFO: [Synth 8-3333] propagating constant 0 across sequential element (\cfg_reg[16][24] )
INFO: [Synth 8-3333] propagating constant 0 across sequential element (\cfg_reg[16][25] )
INFO: [Synth 8-3333] propagating constant 0 across sequential element (\cfg_reg[16][26] )
INFO: [Synth 8-3333] propagating constant 0 across sequential element (\cfg_reg[16][27] )
INFO: [Synth 8-3333] propagating constant 0 across sequential element (\cfg_reg[20][28] )
INFO: [Synth 8-3333] propagating constant 0 across sequential element (\cfg_reg[16][29] )
INFO: [Synth 8-3333] propagating constant 0 across sequential element (\cfg_reg[16][30] )
INFO: [Synth 8-3333] propagating constant 0 across sequential element (\cfg_reg[16][31] )
---------------------------------------------------------------------------------
Finished Cross Boundary and Area Optimization : Time (s): cpu = 00:00:25 ; elapsed = 00:00:41 . Memory (MB): peak = 1529.941 ; gain = 989.559
---------------------------------------------------------------------------------
 Sort Area is motion_queue__GB4 bus_wdata1_0 : 0 0 : 186 186 : Used 1 time 0
---------------------------------------------------------------------------------
Start ROM, RAM, DSP, Shift Register and Retiming Reporting
---------------------------------------------------------------------------------

Block RAM: Preliminary Mapping Report (see note below)
+------------+------------+------------------------+---+---+------------------------+---+---+------------------+--------+--------+
|Module Name | RTL Object | PORT A (Depth x Width) | W | R | PORT B (Depth x Width) | W | R | Ports driving FF | RAMB18 | RAMB36 | 
+------------+------------+------------------------+---+---+------------------------+---+---+------------------+--------+--------+
|scheduler   | memory_reg | 1 K x 128(READ_FIRST)  | W |   | 1 K x 128(WRITE_FIRST) |   | R | Port A and B     | 0      | 4      | 
+------------+------------+------------------------+---+---+------------------------+---+---+------------------+--------+--------+

Note: The table above is a preliminary report that shows the Block RAMs at the current stage of the synthesis flow. Some Block RAMs may be reimplemented as non Block RAM primitives later in the synthesis flow. Multiple instantiated Block RAMs are reported only once. 

DSP: Preliminary Mapping Report (see note below. The ' indicates corresponding REG is set)
+-------------+-------------+--------+--------+--------+--------+--------+------+------+------+------+-------+------+------+
|Module Name  | DSP Mapping | A Size | B Size | C Size | D Size | P Size | AREG | BREG | CREG | DREG | ADREG | MREG | PREG | 
+-------------+-------------+--------+--------+--------+--------+--------+------+------+------+------+-------+------+------+
|motion_queue | A*(B:0x11)  | 12     | 6      | -      | -      | 18     | 0    | 0    | -    | -    | -     | 0    | 0    | 
+-------------+-------------+--------+--------+--------+--------+--------+------+------+------+------+-------+------+------+

Note: The table above is a preliminary report that shows the DSPs inferred at the current stage of the synthesis flow. Some DSP may be reimplemented as non DSP primitives later in the synthesis flow. Multiple instantiated DSPs are reported only once.
---------------------------------------------------------------------------------
Finished ROM, RAM, DSP, Shift Register and Retiming Reporting
---------------------------------------------------------------------------------
No constraint files found.
---------------------------------------------------------------------------------
Start Timing Optimization
---------------------------------------------------------------------------------
---------------------------------------------------------------------------------
Finished Timing Optimization : Time (s): cpu = 00:00:26 ; elapsed = 00:00:41 . Memory (MB): peak = 1529.941 ; gain = 989.559
---------------------------------------------------------------------------------
---------------------------------------------------------------------------------
Start ROM, RAM, DSP, Shift Register and Retiming Reporting
---------------------------------------------------------------------------------

Block RAM: Final Mapping Report
+------------+------------+------------------------+---+---+------------------------+---+---+------------------+--------+--------+
|Module Name | RTL Object | PORT A (Depth x Width) | W | R | PORT B (Depth x Width) | W | R | Ports driving FF | RAMB18 | RAMB36 | 
+------------+------------+------------------------+---+---+------------------------+---+---+------------------+--------+--------+
|scheduler   | memory_reg | 1 K x 128(READ_FIRST)  | W |   | 1 K x 128(WRITE_FIRST) |   | R | Port A and B     | 0      | 4      | 
+------------+------------+------------------------+---+---+------------------------+---+---+------------------+--------+--------+

---------------------------------------------------------------------------------
Finished ROM, RAM, DSP, Shift Register and Retiming Reporting
---------------------------------------------------------------------------------
---------------------------------------------------------------------------------
Start Technology Mapping
---------------------------------------------------------------------------------
INFO: [Synth 8-7052] The timing for the instance digitali_7/scheduler/memory_reg_0 (implemented as a Block RAM) might be sub-optimal as no optional output register could be merged into the ram block. Providing additional output register may help in improving timing.
INFO: [Synth 8-7052] The timing for the instance digitali_7/scheduler/memory_reg_1 (implemented as a Block RAM) might be sub-optimal as no optional output register could be merged into the ram block. Providing additional output register may help in improving timing.
INFO: [Synth 8-7052] The timing for the instance digitali_7/scheduler/memory_reg_2 (implemented as a Block RAM) might be sub-optimal as no optional output register could be merged into the ram block. Providing additional output register may help in improving timing.
INFO: [Synth 8-7052] The timing for the instance digitali_7/scheduler/memory_reg_3 (implemented as a Block RAM) might be sub-optimal as no optional output register could be merged into the ram block. Providing additional output register may help in improving timing.
---------------------------------------------------------------------------------
Finished Technology Mapping : Time (s): cpu = 00:00:27 ; elapsed = 00:00:54 . Memory (MB): peak = 1529.941 ; gain = 989.559
---------------------------------------------------------------------------------
---------------------------------------------------------------------------------
Start IO Insertion
---------------------------------------------------------------------------------
---------------------------------------------------------------------------------
Start Flattening Before IO Insertion
---------------------------------------------------------------------------------
---------------------------------------------------------------------------------
Finished Flattening Before IO Insertion
---------------------------------------------------------------------------------
---------------------------------------------------------------------------------
Start Final Netlist Cleanup
---------------------------------------------------------------------------------
INFO: [Synth 8-7052] The timing for the instance native_system/digital/scheduler/memory_reg_0 (implemented as a Block RAM) might be sub-optimal as no optional output register could be merged into the ram block. Providing additional output register may help in improving timing.
INFO: [Synth 8-7052] The timing for the instance native_system/digital/scheduler/memory_reg_1 (implemented as a Block RAM) might be sub-optimal as no optional output register could be merged into the ram block. Providing additional output register may help in improving timing.
INFO: [Synth 8-7052] The timing for the instance native_system/digital/scheduler/memory_reg_2 (implemented as a Block RAM) might be sub-optimal as no optional output register could be merged into the ram block. Providing additional output register may help in improving timing.
INFO: [Synth 8-7052] The timing for the instance native_system/digital/scheduler/memory_reg_3 (implemented as a Block RAM) might be sub-optimal as no optional output register could be merged into the ram block. Providing additional output register may help in improving timing.
---------------------------------------------------------------------------------
Finished Final Netlist Cleanup
---------------------------------------------------------------------------------
---------------------------------------------------------------------------------
Finished IO Insertion : Time (s): cpu = 00:00:31 ; elapsed = 00:00:58 . Memory (MB): peak = 1746.574 ; gain = 1206.191
---------------------------------------------------------------------------------
---------------------------------------------------------------------------------
Start Renaming Generated Instances
---------------------------------------------------------------------------------
---------------------------------------------------------------------------------
Finished Renaming Generated Instances : Time (s): cpu = 00:00:31 ; elapsed = 00:00:58 . Memory (MB): peak = 1746.574 ; gain = 1206.191
---------------------------------------------------------------------------------
---------------------------------------------------------------------------------
Start Rebuilding User Hierarchy
---------------------------------------------------------------------------------
---------------------------------------------------------------------------------
Finished Rebuilding User Hierarchy : Time (s): cpu = 00:00:31 ; elapsed = 00:00:59 . Memory (MB): peak = 1746.574 ; gain = 1206.191
---------------------------------------------------------------------------------
---------------------------------------------------------------------------------
Start Renaming Generated Ports
---------------------------------------------------------------------------------
---------------------------------------------------------------------------------
Finished Renaming Generated Ports : Time (s): cpu = 00:00:31 ; elapsed = 00:00:59 . Memory (MB): peak = 1746.574 ; gain = 1206.191
---------------------------------------------------------------------------------
---------------------------------------------------------------------------------
Start Handling Custom Attributes
---------------------------------------------------------------------------------
---------------------------------------------------------------------------------
Finished Handling Custom Attributes : Time (s): cpu = 00:00:32 ; elapsed = 00:00:59 . Memory (MB): peak = 1762.777 ; gain = 1222.395
---------------------------------------------------------------------------------
---------------------------------------------------------------------------------
Start Renaming Generated Nets
---------------------------------------------------------------------------------
---------------------------------------------------------------------------------
Finished Renaming Generated Nets : Time (s): cpu = 00:00:32 ; elapsed = 00:01:00 . Memory (MB): peak = 1762.777 ; gain = 1222.395
---------------------------------------------------------------------------------
---------------------------------------------------------------------------------
Start Writing Synthesis Report
---------------------------------------------------------------------------------

DSP Final Report (the ' indicates corresponding REG is set)
+-------------+-------------+--------+--------+--------+--------+--------+------+------+------+------+-------+------+------+
|Module Name  | DSP Mapping | A Size | B Size | C Size | D Size | P Size | AREG | BREG | CREG | DREG | ADREG | MREG | PREG | 
+-------------+-------------+--------+--------+--------+--------+--------+------+------+------+------+-------+------+------+
|motion_queue | A*B         | 30     | 5      | -      | -      | 18     | 0    | 0    | -    | -    | -     | 0    | 0    | 
+-------------+-------------+--------+--------+--------+--------+--------+------+------+------+------+-------+------+------+


Report BlackBoxes: 
+-+--------------+----------+
| |BlackBox name |Instances |
+-+--------------+----------+
+-+--------------+----------+

Report Cell Usage: 
+------+---------+------+
|      |Cell     |Count |
+------+---------+------+
|1     |CARRY4   |   724|
|2     |DSP48E1  |     1|
|3     |LUT1     |   122|
|4     |LUT2     |  2589|
|5     |LUT3     |   267|
|6     |LUT4     |   616|
|7     |LUT5     |   684|
|8     |LUT6     |  4364|
|9     |MUXF7    |    10|
|10    |RAMB36E1 |     4|
|11    |FDCE     |  9073|
|12    |FDPE     |    66|
|13    |FDRE     |  8839|
+------+---------+------+

Report Instance Areas: 
+------+----------------+----------------------+------+
|      |Instance        |Module                |Cells |
+------+----------------+----------------------+------+
|1     |top             |                      | 27359|
|2     |  bridge        |axi_native_bridge     |   374|
|3     |  native_system |sono_motion_system    | 26842|
|4     |    digital     |sono_digital_system   | 10896|
|5     |      adc       |ad7606b_if            |  1032|
|6     |        spi     |adc_serial            |   466|
|7     |      bank      |phase_bank            |  6732|
|8     |      burst     |burst_generator       |   274|
|9     |      scheduler |calibration_scheduler |   917|
|10    |      serial    |serializer            |  1094|
|11    |    queue       |motion_queue          | 15946|
+------+----------------+----------------------+------+
---------------------------------------------------------------------------------
Finished Writing Synthesis Report : Time (s): cpu = 00:00:32 ; elapsed = 00:01:00 . Memory (MB): peak = 1762.777 ; gain = 1222.395
---------------------------------------------------------------------------------
Synthesis finished with 0 errors, 0 critical warnings and 42 warnings.
Synthesis Optimization Runtime : Time (s): cpu = 00:00:32 ; elapsed = 00:01:00 . Memory (MB): peak = 1762.777 ; gain = 1222.395
Synthesis Optimization Complete : Time (s): cpu = 00:00:32 ; elapsed = 00:01:00 . Memory (MB): peak = 1762.777 ; gain = 1222.395
INFO: [Project 1-571] Translating synthesized netlist
Netlist sorting complete. Time (s): cpu = 00:00:00 ; elapsed = 00:00:00.221 . Memory (MB): peak = 1774.777 ; gain = 0.000
INFO: [Netlist 29-17] Analyzing 739 Unisim elements for replacement
INFO: [Netlist 29-28] Unisim Transformation completed in 0 CPU seconds
INFO: [Project 1-570] Preparing netlist for logic optimization
INFO: [Opt 31-138] Pushed 0 inverter(s) to 0 load pin(s).
Netlist sorting complete. Time (s): cpu = 00:00:00 ; elapsed = 00:00:00.004 . Memory (MB): peak = 1920.375 ; gain = 0.000
INFO: [Project 1-111] Unisim Transformation Summary:
No Unisim elements were transformed.

Synth Design complete | Checksum: cb80571f
INFO: [Common 17-83] Releasing license: Synthesis
196 Infos, 42 Warnings, 0 Critical Warnings and 0 Errors encountered.
synth_design completed successfully
synth_design: Time (s): cpu = 00:00:37 ; elapsed = 00:01:06 . Memory (MB): peak = 1920.375 ; gain = 1383.941
# create_clock -period 7.575758 -name core132 [get_ports clk]
WARNING: [Vivado 12-2489] -period contains time 7.575758 which will be rounded to 7.576 to ensure it is an integer multiple of 1 picosecond
# proc reports {out label} {
#  file mkdir [file join $out $label]
#  set dest [file join $out $label]
#  report_timing_summary -report_unconstrained -file [file join $dest timing_summary.rpt]
#  report_timing -max_paths 20 -nworst 1 -path_type full_clock_expanded -input_pins -nets -file [file join $dest critical_paths.rpt]
#  report_high_fanout_nets -max_nets 20 -file [file join $dest high_fanout.rpt]
#  report_clock_utilization -file [file join $dest clock_utilization.rpt]
#  report_clocks -file [file join $dest clocks.rpt]
#  report_methodology -file [file join $dest methodology.rpt]
#  report_drc -file [file join $dest drc.rpt]
#  report_utilization -file [file join $dest utilization.rpt]
#  report_cdc -details -file [file join $dest cdc.rpt]
#  check_timing -verbose -file [file join $dest check_timing.rpt]
#  set f [open [file join $dest critical_paths.tsv] w]
#  set props {STARTPOINT_PIN ENDPOINT_PIN SLACK DATAPATH_DELAY LOGIC_LEVELS REQUIREMENT SKEW}
#  puts $f [join $props "\t"]
#  foreach path [get_timing_paths -max_paths 20 -nworst 1] {
#   set row {}
#   foreach prop $props {
#    if {[lsearch -exact [list_property $path] $prop]>=0} {lappend row [get_property $prop $path]} else {lappend row UNKNOWN}
#   }
#   puts $f [join $row "\t"]
#  }
#  close $f
# }
# reports $out synthesis
INFO: [Timing 38-35] Done setting XDC timing constraints.
INFO: [Timing 38-91] UpdateTimingParams: Speed grade: -1, Delay Type: min_max.
INFO: [Timing 38-191] Multithreading enabled for timing update using a maximum of 4 CPUs
WARNING: [Timing 38-242] The property HD.CLK_SRC of clock port "clk" is not set. In out-of-context mode, this prevents timing estimation for clock delay/skew
Resolution: Set the HD.CLK_SRC property of the out-of-context port to the location of the clock buffer instance in the top-level design
report_timing_summary: Time (s): cpu = 00:00:18 ; elapsed = 00:00:09 . Memory (MB): peak = 1920.375 ; gain = 0.000
CRITICAL WARNING: [Vivado 12-1569] report_timing: The -nets option to is deprecated. The default behavior is to display net names if the timing path format allows it.
INFO: [Timing 38-91] UpdateTimingParams: Speed grade: -1, Delay Type: max.
INFO: [Timing 38-191] Multithreading enabled for timing update using a maximum of 4 CPUs
INFO: [Timing 38-78] ReportTimingParams: -max_paths 20 -nworst 1 -delay_type max -sort_by slack.
Command: report_methodology -file E:/Codex_project/AMD-SonoField-FPGA/v2/evidence/core_timing_real_loop/round2/synthesis/methodology.rpt
INFO: [Timing 38-35] Done setting XDC timing constraints.
INFO: [DRC 23-133] Running Methodology with 4 threads
WARNING: [DRC 23-814] Not all possible (connectivity based) DRCs may have been run because this design is seen as Out of Context.
INFO: [Vivado_Tcl 2-1520] The results of Report Methodology are in file E:/Codex_project/AMD-SonoField-FPGA/v2/evidence/core_timing_real_loop/round2/synthesis/methodology.rpt.
report_methodology completed successfully
Command: report_drc -file E:/Codex_project/AMD-SonoField-FPGA/v2/evidence/core_timing_real_loop/round2/synthesis/drc.rpt
INFO: [IP_Flow 19-234] Refreshing IP repositories
INFO: [IP_Flow 19-1704] No user IP repositories specified
INFO: [IP_Flow 19-2313] Loaded Vivado IP repository 'D:/Vivado/2025.2/2025.2/Vivado/data/ip'.
INFO: [DRC 23-27] Running DRC with 4 threads
WARNING: [DRC 23-814] Not all possible (connectivity based) DRCs may have been run because this design is seen as Out of Context.
INFO: [Vivado_Tcl 2-168] The results of DRC are in file E:/Codex_project/AMD-SonoField-FPGA/v2/evidence/core_timing_real_loop/round2/synthesis/drc.rpt.
report_drc completed successfully
INFO: [Timing 38-91] UpdateTimingParams: Speed grade: -1, Delay Type: min_max.
INFO: [Timing 38-191] Multithreading enabled for timing update using a maximum of 4 CPUs
INFO: [Timing 38-35] Done setting XDC timing constraints.
INFO: [Timing 38-314] The report_cdc command only analyzes and reports clock domain crossing paths where clocks have been defined on both source and destination sides. Ports with no input delay constraint are skipped. Please run check_timing to verify there are no missing clock definitions in your design, nor any unconstrained input port.
# write_checkpoint -force [file join $root build core_timing_${stage}.dcp]
INFO: [Timing 38-480] Writing timing data to binary archive.
Write ShapeDB Complete: Time (s): cpu = 00:00:00 ; elapsed = 00:00:00.013 . Memory (MB): peak = 1920.375 ; gain = 0.000
INFO: [Common 17-1381] The checkpoint 'E:/Codex_project/AMD-SonoField-FPGA/v2/build/core_timing_round2.dcp' has been generated.
# if {$stage ne "baseline"} {
#  opt_design
#  place_design
#  reports $out placed
#  phys_opt_design
#  route_design
#  reports $out routed
#  write_checkpoint -force [file join $root build core_timing_${stage}_routed.dcp]
# }
Command: opt_design
Attempting to get a license for feature 'Implementation' and/or device 'xc7z020'
INFO: [Common 17-349] Got license for feature 'Implementation' and/or device 'xc7z020'
Running DRC as a precondition to command opt_design

Starting DRC Task
INFO: [DRC 23-27] Running DRC with 4 threads
WARNING: [DRC 23-814] Not all possible (connectivity based) DRCs may have been run because this design is seen as Out of Context.
INFO: [Project 1-461] DRC finished with 0 Errors
INFO: [Project 1-462] Please refer to the DRC report (report_drc) for more information.

Time (s): cpu = 00:00:01 ; elapsed = 00:00:00.207 . Memory (MB): peak = 1920.375 ; gain = 0.000

Starting Cache Timing Information Task
Ending Cache Timing Information Task | Checksum: 16e725cbf

Time (s): cpu = 00:00:00 ; elapsed = 00:00:00.026 . Memory (MB): peak = 1920.375 ; gain = 0.000

Starting Logic Optimization Task

Phase 1 Initialization

Phase 1.1 Core Generation And Design Setup
Phase 1.1 Core Generation And Design Setup | Checksum: 16e725cbf

Time (s): cpu = 00:00:00 ; elapsed = 00:00:00.013 . Memory (MB): peak = 2173.645 ; gain = 0.000

Phase 1.2 Setup Constraints And Sort Netlist
Phase 1.2 Setup Constraints And Sort Netlist | Checksum: 16e725cbf

Time (s): cpu = 00:00:00 ; elapsed = 00:00:00.029 . Memory (MB): peak = 2173.645 ; gain = 0.000
Phase 1 Initialization | Checksum: 16e725cbf

Time (s): cpu = 00:00:00 ; elapsed = 00:00:00.032 . Memory (MB): peak = 2173.645 ; gain = 0.000

Phase 2 Timer Update And Timing Data Collection

Phase 2.1 Detect if minReqCache needed
Phase 2.1 Detect if minReqCache needed | Checksum: 16e725cbf

Time (s): cpu = 00:00:00 ; elapsed = 00:00:00.074 . Memory (MB): peak = 2173.750 ; gain = 0.105

Phase 2.2 Timer Update
Phase 2.2 Timer Update | Checksum: 16e725cbf

Time (s): cpu = 00:00:00 ; elapsed = 00:00:00.116 . Memory (MB): peak = 2173.750 ; gain = 0.105
Phase 2 Timer Update And Timing Data Collection | Checksum: 16e725cbf

Time (s): cpu = 00:00:00 ; elapsed = 00:00:00.119 . Memory (MB): peak = 2173.750 ; gain = 0.105

Phase 3 Retarget
INFO: [Opt 31-1851] Number of loadless carry chains removed were: 0
INFO: [Opt 31-1834] Total Chains To Be Transformed Were: 0 AND Number of Transformed insts Created are: 0
INFO: [Opt 31-1566] Pulled 1 inverters resulting in an inversion of 21 pins
INFO: [Opt 31-138] Pushed 1 inverter(s) to 4 load pin(s).
INFO: [Opt 31-49] Retargeted 0 cell(s).
Phase 3 Retarget | Checksum: 14c6bd6d8

Time (s): cpu = 00:00:01 ; elapsed = 00:00:00.459 . Memory (MB): peak = 2173.750 ; gain = 0.105
Retarget | Checksum: 14c6bd6d8
INFO: [Opt 31-389] Phase Retarget created 0 cells and removed 2 cells

Phase 4 Constant propagation
INFO: [Opt 31-138] Pushed 0 inverter(s) to 0 load pin(s).
Phase 4 Constant propagation | Checksum: 12e305bcb

Time (s): cpu = 00:00:01 ; elapsed = 00:00:00.611 . Memory (MB): peak = 2173.750 ; gain = 0.105
Constant propagation | Checksum: 12e305bcb
INFO: [Opt 31-389] Phase Constant propagation created 0 cells and removed 0 cells

Phase 5 Sweep
INFO: [Constraints 18-11670] Building netlist checker database with flags, 0x8
Done building netlist checker database: Time (s): cpu = 00:00:00 ; elapsed = 00:00:00.009 . Memory (MB): peak = 2173.750 ; gain = 0.000
Phase 5 Sweep | Checksum: cc110057

Time (s): cpu = 00:00:01 ; elapsed = 00:00:00.834 . Memory (MB): peak = 2173.750 ; gain = 0.105
Sweep | Checksum: cc110057
INFO: [Opt 31-389] Phase Sweep created 0 cells and removed 0 cells

Phase 6 BUFG optimization
Phase 6 BUFG optimization | Checksum: cc110057

Time (s): cpu = 00:00:01 ; elapsed = 00:00:00.925 . Memory (MB): peak = 2173.750 ; gain = 0.105
BUFG optimization | Checksum: cc110057
INFO: [Opt 31-662] Phase BUFG optimization created 0 cells of which 0 are BUFGs and removed 0 cells.

Phase 7 Shift Register Optimization
INFO: [Opt 31-1064] SRL Remap converted 0 SRLs to 0 registers and converted 0 registers of register chains to 0 SRLs
Phase 7 Shift Register Optimization | Checksum: cc110057

Time (s): cpu = 00:00:01 ; elapsed = 00:00:00.957 . Memory (MB): peak = 2173.750 ; gain = 0.105
Shift Register Optimization | Checksum: cc110057
INFO: [Opt 31-389] Phase Shift Register Optimization created 0 cells and removed 0 cells

Phase 8 Post Processing Netlist
Phase 8 Post Processing Netlist | Checksum: cc110057

Time (s): cpu = 00:00:02 ; elapsed = 00:00:01 . Memory (MB): peak = 2173.750 ; gain = 0.105
Post Processing Netlist | Checksum: cc110057
INFO: [Opt 31-389] Phase Post Processing Netlist created 0 cells and removed 0 cells

Phase 9 Finalization

Phase 9.1 Finalizing Design Cores and Updating Shapes
Phase 9.1 Finalizing Design Cores and Updating Shapes | Checksum: 16814dde1

Time (s): cpu = 00:00:02 ; elapsed = 00:00:01 . Memory (MB): peak = 2173.750 ; gain = 0.105

Phase 9.2 Verifying Netlist Connectivity

Starting Connectivity Check Task

Time (s): cpu = 00:00:00 ; elapsed = 00:00:00.038 . Memory (MB): peak = 2173.750 ; gain = 0.000
Phase 9.2 Verifying Netlist Connectivity | Checksum: 16814dde1

Time (s): cpu = 00:00:02 ; elapsed = 00:00:01 . Memory (MB): peak = 2173.750 ; gain = 0.105
Phase 9 Finalization | Checksum: 16814dde1

Time (s): cpu = 00:00:02 ; elapsed = 00:00:01 . Memory (MB): peak = 2173.750 ; gain = 0.105
Opt_design Change Summary
=========================


-------------------------------------------------------------------------------------------------------------------------
|  Phase                        |  #Cells created  |  #Cells Removed  |  #Constrained objects preventing optimizations  |
-------------------------------------------------------------------------------------------------------------------------
|  Retarget                     |               0  |               2  |                                              0  |
|  Constant propagation         |               0  |               0  |                                              0  |
|  Sweep                        |               0  |               0  |                                              0  |
|  BUFG optimization            |               0  |               0  |                                              0  |
|  Shift Register Optimization  |               0  |               0  |                                              0  |
|  Post Processing Netlist      |               0  |               0  |                                              0  |
-------------------------------------------------------------------------------------------------------------------------


Ending Logic Optimization Task | Checksum: 16814dde1

Time (s): cpu = 00:00:02 ; elapsed = 00:00:01 . Memory (MB): peak = 2173.750 ; gain = 0.105

Starting Power Optimization Task
INFO: [Pwropt 34-132] Skipping clock gating for clocks with a period < 2.00 ns.
INFO: [Pwropt 34-9] Applying IDT optimizations ...
INFO: [Pwropt 34-10] Applying ODC optimizations ...
INFO: [Timing 38-35] Done setting XDC timing constraints.
Running Vector-less Activity Propagation...

Finished Running Vector-less Activity Propagation


Starting PowerOpt Patch Enables Task
INFO: [Pwropt 34-162] WRITE_MODE attribute of 0 BRAM(s) out of a total of 4 has been updated to save power. Run report_power_opt to get a complete listing of the BRAMs updated.
INFO: [Pwropt 34-201] Structural ODC has moved 0 WE to EN ports
Number of BRAM Ports augmented: 0 newly gated: 4 Total Ports: 8
Ending PowerOpt Patch Enables Task | Checksum: fb08fea0

Time (s): cpu = 00:00:00 ; elapsed = 00:00:00.081 . Memory (MB): peak = 2173.750 ; gain = 0.000
Ending Power Optimization Task | Checksum: fb08fea0

Time (s): cpu = 00:00:07 ; elapsed = 00:00:03 . Memory (MB): peak = 2173.750 ; gain = 0.000

Starting Final Cleanup Task

Starting Logic Optimization Task
INFO: [Timing 38-35] Done setting XDC timing constraints.
Ending Logic Optimization Task | Checksum: 1939c2e27

Time (s): cpu = 00:00:01 ; elapsed = 00:00:00.866 . Memory (MB): peak = 2175.883 ; gain = 2.133
Ending Final Cleanup Task | Checksum: 1939c2e27

Time (s): cpu = 00:00:05 ; elapsed = 00:00:04 . Memory (MB): peak = 2175.883 ; gain = 2.133
Netlist sorting complete. Time (s): cpu = 00:00:00 ; elapsed = 00:00:00.007 . Memory (MB): peak = 2175.883 ; gain = 0.000
INFO: [Common 17-83] Releasing license: Implementation
26 Infos, 1 Warnings, 0 Critical Warnings and 0 Errors encountered.
opt_design completed successfully
opt_design: Time (s): cpu = 00:00:17 ; elapsed = 00:00:12 . Memory (MB): peak = 2175.883 ; gain = 255.508
Command: place_design
Attempting to get a license for feature 'Implementation' and/or device 'xc7z020'
INFO: [Common 17-349] Got license for feature 'Implementation' and/or device 'xc7z020'
INFO: [Common 17-83] Releasing license: Implementation
INFO: [DRC 23-27] Running DRC with 4 threads
WARNING: [DRC 23-814] Not all possible (connectivity based) DRCs may have been run because this design is seen as Out of Context.
INFO: [Vivado_Tcl 4-198] DRC finished with 0 Errors
INFO: [Vivado_Tcl 4-199] Please refer to the DRC report (report_drc) for more information.
INFO: [Timing 38-35] Done setting XDC timing constraints.
Running DRC as a precondition to command place_design
INFO: [DRC 23-27] Running DRC with 4 threads
WARNING: [DRC 23-814] Not all possible (connectivity based) DRCs may have been run because this design is seen as Out of Context.
INFO: [Vivado_Tcl 4-198] DRC finished with 0 Errors, 21 Warnings
INFO: [Vivado_Tcl 4-199] Please refer to the DRC report (report_drc) for more information.
INFO: [Place 30-611] Multithreading enabled for place_design using a maximum of 4 CPUs

Starting Placer Task

Phase 1 Placer Initialization

Phase 1.1 Placer Initialization Netlist Sorting
Netlist sorting complete. Time (s): cpu = 00:00:00 ; elapsed = 00:00:00.008 . Memory (MB): peak = 2175.883 ; gain = 0.000
Phase 1.1 Placer Initialization Netlist Sorting | Checksum: ee99c07f

Time (s): cpu = 00:00:00 ; elapsed = 00:00:00.016 . Memory (MB): peak = 2175.883 ; gain = 0.000
Netlist sorting complete. Time (s): cpu = 00:00:00 ; elapsed = 00:00:00.007 . Memory (MB): peak = 2175.883 ; gain = 0.000

Phase 1.2 IO Placement/ Clock Placement/ Build Placer Device
Phase 1.2 IO Placement/ Clock Placement/ Build Placer Device | Checksum: 1014009b9

Time (s): cpu = 00:00:02 ; elapsed = 00:00:01 . Memory (MB): peak = 2175.883 ; gain = 0.000

Phase 1.3 Build Placer Netlist Model
Phase 1.3 Build Placer Netlist Model | Checksum: 118efbeda

Time (s): cpu = 00:00:11 ; elapsed = 00:00:06 . Memory (MB): peak = 2175.883 ; gain = 0.000

Phase 1.4 Constrain Clocks/Macros
Phase 1.4 Constrain Clocks/Macros | Checksum: 118efbeda

Time (s): cpu = 00:00:11 ; elapsed = 00:00:06 . Memory (MB): peak = 2175.883 ; gain = 0.000
Phase 1 Placer Initialization | Checksum: 118efbeda

Time (s): cpu = 00:00:11 ; elapsed = 00:00:06 . Memory (MB): peak = 2175.883 ; gain = 0.000

Phase 2 Global Placement

Phase 2.1 Floorplanning
Phase 2.1 Floorplanning | Checksum: 1f02002a1

Time (s): cpu = 00:00:18 ; elapsed = 00:00:08 . Memory (MB): peak = 2175.883 ; gain = 0.000

Phase 2.2 Update Timing before SLR Path Opt
Phase 2.2 Update Timing before SLR Path Opt | Checksum: 18984f732

Time (s): cpu = 00:00:23 ; elapsed = 00:00:10 . Memory (MB): peak = 2175.883 ; gain = 0.000

Phase 2.3 Post-Processing in Floorplanning
Phase 2.3 Post-Processing in Floorplanning | Checksum: 12762ae41

Time (s): cpu = 00:00:23 ; elapsed = 00:00:10 . Memory (MB): peak = 2175.883 ; gain = 0.000

Phase 2.4 Global Place Phase1
Phase 2.4 Global Place Phase1 | Checksum: 263523559

Time (s): cpu = 00:01:10 ; elapsed = 00:00:30 . Memory (MB): peak = 2175.883 ; gain = 0.000

Phase 2.5 Global Place Phase2

Phase 2.5.1 UpdateTiming Before Physical Synthesis
Phase 2.5.1 UpdateTiming Before Physical Synthesis | Checksum: 270fc8ab5

Time (s): cpu = 00:01:13 ; elapsed = 00:00:31 . Memory (MB): peak = 2175.883 ; gain = 0.000

Phase 2.5.2 Physical Synthesis In Placer
INFO: [Physopt 32-1035] Found 49 LUTNM shape to break, 154 LUT instances to create LUTNM shape
INFO: [Physopt 32-1044] Break lutnm for timing: one critical 30, two critical 19, total 49, new lutff created 0
INFO: [Physopt 32-1138] End 1 Pass. Optimized 117 nets or LUTs. Breaked 49 LUTs, combined 68 existing LUTs and moved 0 existing LUT
INFO: [Physopt 32-65] No nets found for high-fanout optimization.
INFO: [Physopt 32-232] Optimized 0 net. Created 0 new instance.
INFO: [Physopt 32-775] End 1 Pass. Optimized 0 net or cell. Created 0 new cell, deleted 0 existing cell and moved 0 existing cell
INFO: [Physopt 32-46] Identified 8 candidate nets for critical-cell optimization.
INFO: [Physopt 32-571] Net native_system/digital/scheduler/frame_count[5] was not replicated.
INFO: [Physopt 32-232] Optimized 0 net. Created 0 new instance.
INFO: [Physopt 32-775] End 1 Pass. Optimized 0 net or cell. Created 0 new cell, deleted 0 existing cell and moved 0 existing cell
INFO: [Physopt 32-456] No candidate cells for DSP register optimization found in the design.
INFO: [Physopt 32-775] End 2 Pass. Optimized 0 net or cell. Created 0 new cell, deleted 0 existing cell and moved 0 existing cell
INFO: [Physopt 32-1123] No candidate cells found for Shift Register to Pipeline optimization
INFO: [Physopt 32-775] End 2 Pass. Optimized 0 net or cell. Created 0 new cell, deleted 0 existing cell and moved 0 existing cell
INFO: [Physopt 32-1401] No candidate cells found for Shift Register optimization.
INFO: [Physopt 32-677] No candidate cells for Shift Register optimization found in the design
INFO: [Physopt 32-775] End 1 Pass. Optimized 0 net or cell. Created 0 new cell, deleted 0 existing cell and moved 0 existing cell
INFO: [Physopt 32-526] No candidate cells for BRAM register optimization found in the design
INFO: [Physopt 32-775] End 1 Pass. Optimized 0 net or cell. Created 0 new cell, deleted 0 existing cell and moved 0 existing cell
INFO: [Physopt 32-846] No candidate cells for URAM register optimization found in the design
INFO: [Physopt 32-775] End 1 Pass. Optimized 0 net or cell. Created 0 new cell, deleted 0 existing cell and moved 0 existing cell
INFO: [Physopt 32-846] No candidate cells for URAM register optimization found in the design
INFO: [Physopt 32-775] End 1 Pass. Optimized 0 net or cell. Created 0 new cell, deleted 0 existing cell and moved 0 existing cell
INFO: [Physopt 32-949] No candidate nets found for dynamic/static region interface net replication
INFO: [Physopt 32-775] End 1 Pass. Optimized 0 net or cell. Created 0 new cell, deleted 0 existing cell and moved 0 existing cell
Netlist sorting complete. Time (s): cpu = 00:00:00 ; elapsed = 00:00:00.005 . Memory (MB): peak = 2175.883 ; gain = 0.000

Summary of Physical Synthesis Optimizations
============================================


-----------------------------------------------------------------------------------------------------------------------------------------------------------
|  Optimization                                     |  Added Cells  |  Removed Cells  |  Optimized Cells/Nets  |  Dont Touch  |  Iterations  |  Elapsed   |
-----------------------------------------------------------------------------------------------------------------------------------------------------------
|  LUT Combining                                    |           49  |             68  |                   117  |           0  |           1  |  00:00:00  |
|  Retime                                           |            0  |              0  |                     0  |           0  |           1  |  00:00:00  |
|  Very High Fanout                                 |            0  |              0  |                     0  |           0  |           1  |  00:00:00  |
|  Critical Cell                                    |            0  |              0  |                     0  |           0  |           1  |  00:00:00  |
|  DSP Register                                     |            0  |              0  |                     0  |           0  |           1  |  00:00:00  |
|  Shift Register to Pipeline                       |            0  |              0  |                     0  |           0  |           1  |  00:00:00  |
|  Shift Register                                   |            0  |              0  |                     0  |           0  |           1  |  00:00:00  |
|  BRAM Register                                    |            0  |              0  |                     0  |           0  |           1  |  00:00:00  |
|  URAM Register                                    |            0  |              0  |                     0  |           0  |           1  |  00:00:00  |
|  Dynamic/Static Region Interface Net Replication  |            0  |              0  |                     0  |           0  |           1  |  00:00:00  |
|  Total                                            |           49  |             68  |                   117  |           0  |          10  |  00:00:00  |
-----------------------------------------------------------------------------------------------------------------------------------------------------------


Phase 2.5.2 Physical Synthesis In Placer | Checksum: 1adf4316d

Time (s): cpu = 00:01:16 ; elapsed = 00:00:32 . Memory (MB): peak = 2175.883 ; gain = 0.000
Phase 2.5 Global Place Phase2 | Checksum: 196ec7ce2

Time (s): cpu = 00:01:18 ; elapsed = 00:00:33 . Memory (MB): peak = 2175.883 ; gain = 0.000
Phase 2 Global Placement | Checksum: 196ec7ce2

Time (s): cpu = 00:01:18 ; elapsed = 00:00:33 . Memory (MB): peak = 2175.883 ; gain = 0.000

Phase 3 Detail Placement

Phase 3.1 Commit Multi Column Macros
Phase 3.1 Commit Multi Column Macros | Checksum: 1dcac018d

Time (s): cpu = 00:01:21 ; elapsed = 00:00:34 . Memory (MB): peak = 2175.883 ; gain = 0.000

Phase 3.2 Commit Most Macros & LUTRAMs
Phase 3.2 Commit Most Macros & LUTRAMs | Checksum: fc35dc38

Time (s): cpu = 00:01:26 ; elapsed = 00:00:36 . Memory (MB): peak = 2175.883 ; gain = 0.000

Phase 3.3 Area Swap Optimization
Phase 3.3 Area Swap Optimization | Checksum: 13faa4ca0

Time (s): cpu = 00:01:27 ; elapsed = 00:00:36 . Memory (MB): peak = 2175.883 ; gain = 0.000

Phase 3.4 Pipeline Register Optimization
Phase 3.4 Pipeline Register Optimization | Checksum: 198043a14

Time (s): cpu = 00:01:27 ; elapsed = 00:00:36 . Memory (MB): peak = 2175.883 ; gain = 0.000

Phase 3.5 Fast Optimization
Phase 3.5 Fast Optimization | Checksum: ebc62275

Time (s): cpu = 00:01:37 ; elapsed = 00:00:41 . Memory (MB): peak = 2175.883 ; gain = 0.000

Phase 3.6 Small Shape Detail Placement
Phase 3.6 Small Shape Detail Placement | Checksum: 18cf1bf3a

Time (s): cpu = 00:01:55 ; elapsed = 00:00:59 . Memory (MB): peak = 2175.883 ; gain = 0.000

Phase 3.7 Re-assign LUT pins
Phase 3.7 Re-assign LUT pins | Checksum: 12b5a8033

Time (s): cpu = 00:01:57 ; elapsed = 00:01:01 . Memory (MB): peak = 2175.883 ; gain = 0.000

Phase 3.8 Pipeline Register Optimization
Phase 3.8 Pipeline Register Optimization | Checksum: 668db92e

Time (s): cpu = 00:01:57 ; elapsed = 00:01:01 . Memory (MB): peak = 2175.883 ; gain = 0.000

Phase 3.9 Fast Optimization
Phase 3.9 Fast Optimization | Checksum: 179377eaa

Time (s): cpu = 00:02:18 ; elapsed = 00:01:15 . Memory (MB): peak = 2175.883 ; gain = 0.000
Phase 3 Detail Placement | Checksum: 179377eaa

Time (s): cpu = 00:02:18 ; elapsed = 00:01:15 . Memory (MB): peak = 2175.883 ; gain = 0.000

Phase 4 Post Placement Optimization and Clean-Up

Phase 4.1 Post Commit Optimization
INFO: [Timing 38-35] Done setting XDC timing constraints.

Phase 4.1.1 Post Placement Optimization
Post Placement Optimization Initialization | Checksum: 1de7d0aaf

Phase 4.1.1.1 BUFG Insertion

Starting Physical Synthesis Task

Phase 1 Physical Synthesis Initialization
INFO: [Physopt 32-721] Multithreading enabled for phys_opt_design using a maximum of 4 CPUs
INFO: [Physopt 32-619] Estimated Timing Summary | WNS=-5.120 | TNS=-1356.644 |
Phase 1 Physical Synthesis Initialization | Checksum: 1ab5a30a1

Time (s): cpu = 00:00:01 ; elapsed = 00:00:00.148 . Memory (MB): peak = 2175.883 ; gain = 0.000
INFO: [Place 46-33] Processed net native_system/digital/bank/reset_sync_reg[1], BUFG insertion was skipped due to placement/routing conflicts.
INFO: [Place 46-33] Processed net native_system/queue/rst_n_1, BUFG insertion was skipped due to placement/routing conflicts.
INFO: [Place 46-33] Processed net native_system/digital/bank/written1, BUFG insertion was skipped due to placement/routing conflicts.
INFO: [Place 46-33] Processed net native_system/queue/request_pulse_i_1_n_0, BUFG insertion was skipped due to placement/routing conflicts.
INFO: [Place 46-56] BUFG insertion identified 4 candidate nets. Inserted BUFG: 0, Replicated BUFG Driver: 0, Skipped due to Placement/Routing Conflicts: 4, Skipped due to Timing Degradation: 0, Skipped due to netlist editing failed: 0.
Ending Physical Synthesis Task | Checksum: 246735f03

Time (s): cpu = 00:00:01 ; elapsed = 00:00:00.651 . Memory (MB): peak = 2175.883 ; gain = 0.000
Phase 4.1.1.1 BUFG Insertion | Checksum: 1de7d0aaf

Time (s): cpu = 00:02:25 ; elapsed = 00:01:18 . Memory (MB): peak = 2175.883 ; gain = 0.000

Phase 4.1.1.2 Post Placement Timing Optimization
INFO: [Place 30-746] Post Placement Timing Summary WNS=-4.219. For the most accurate timing information please run report_timing.
Phase 4.1.1.2 Post Placement Timing Optimization | Checksum: 10f264609

Time (s): cpu = 00:02:46 ; elapsed = 00:01:40 . Memory (MB): peak = 2175.883 ; gain = 0.000

Time (s): cpu = 00:02:46 ; elapsed = 00:01:40 . Memory (MB): peak = 2175.883 ; gain = 0.000
Phase 4.1 Post Commit Optimization | Checksum: 10f264609

Time (s): cpu = 00:02:46 ; elapsed = 00:01:40 . Memory (MB): peak = 2175.883 ; gain = 0.000

Phase 4.2 Post Placement Cleanup
Phase 4.2 Post Placement Cleanup | Checksum: 10f264609

Time (s): cpu = 00:02:47 ; elapsed = 00:01:40 . Memory (MB): peak = 2175.883 ; gain = 0.000

Phase 4.3 Placer Reporting

Phase 4.3.1 Print Estimated Congestion
INFO: [Place 30-612] Post-Placement Estimated Congestion 
 ____________________________________________________
|           | Global Congestion | Short Congestion  |
| Direction | Region Size       | Region Size       |
|___________|___________________|___________________|
|      North|                2x2|                4x4|
|___________|___________________|___________________|
|      South|                1x1|                4x4|
|___________|___________________|___________________|
|       East|                4x4|                4x4|
|___________|___________________|___________________|
|       West|              16x16|                1x1|
|___________|___________________|___________________|

Phase 4.3.1 Print Estimated Congestion | Checksum: 10f264609

Time (s): cpu = 00:02:47 ; elapsed = 00:01:40 . Memory (MB): peak = 2175.883 ; gain = 0.000
Phase 4.3 Placer Reporting | Checksum: 10f264609

Time (s): cpu = 00:02:47 ; elapsed = 00:01:40 . Memory (MB): peak = 2175.883 ; gain = 0.000

Phase 4.4 Final Placement Cleanup
Netlist sorting complete. Time (s): cpu = 00:00:00 ; elapsed = 00:00:00.027 . Memory (MB): peak = 2175.883 ; gain = 0.000

Time (s): cpu = 00:02:47 ; elapsed = 00:01:40 . Memory (MB): peak = 2175.883 ; gain = 0.000
Phase 4 Post Placement Optimization and Clean-Up | Checksum: 508ebf5e

Time (s): cpu = 00:02:47 ; elapsed = 00:01:40 . Memory (MB): peak = 2175.883 ; gain = 0.000
Ending Placer Task | Checksum: 3f36dad5

Time (s): cpu = 00:02:47 ; elapsed = 00:01:40 . Memory (MB): peak = 2175.883 ; gain = 0.000
71 Infos, 3 Warnings, 0 Critical Warnings and 0 Errors encountered.
place_design completed successfully
place_design: Time (s): cpu = 00:02:50 ; elapsed = 00:01:42 . Memory (MB): peak = 2175.883 ; gain = 0.000
WARNING: [Timing 38-242] The property HD.CLK_SRC of clock port "clk" is not set. In out-of-context mode, this prevents timing estimation for clock delay/skew
Resolution: Set the HD.CLK_SRC property of the out-of-context port to the location of the clock buffer instance in the top-level design
CRITICAL WARNING: [Vivado 12-1569] report_timing: The -nets option to is deprecated. The default behavior is to display net names if the timing path format allows it.
INFO: [Timing 38-78] ReportTimingParams: -max_paths 20 -nworst 1 -delay_type max -sort_by slack.
Command: report_methodology -file E:/Codex_project/AMD-SonoField-FPGA/v2/evidence/core_timing_real_loop/round2/placed/methodology.rpt
INFO: [Timing 38-35] Done setting XDC timing constraints.
INFO: [DRC 23-133] Running Methodology with 4 threads
WARNING: [DRC 23-814] Not all possible (connectivity based) DRCs may have been run because this design is seen as Out of Context.
INFO: [Vivado_Tcl 2-1520] The results of Report Methodology are in file E:/Codex_project/AMD-SonoField-FPGA/v2/evidence/core_timing_real_loop/round2/placed/methodology.rpt.
report_methodology completed successfully
Command: report_drc -file E:/Codex_project/AMD-SonoField-FPGA/v2/evidence/core_timing_real_loop/round2/placed/drc.rpt
INFO: [IP_Flow 19-1839] IP Catalog is up to date.
INFO: [DRC 23-27] Running DRC with 4 threads
WARNING: [DRC 23-814] Not all possible (connectivity based) DRCs may have been run because this design is seen as Out of Context.
INFO: [Vivado_Tcl 2-168] The results of DRC are in file E:/Codex_project/AMD-SonoField-FPGA/v2/evidence/core_timing_real_loop/round2/placed/drc.rpt.
report_drc completed successfully
INFO: [Timing 38-35] Done setting XDC timing constraints.
INFO: [Timing 38-314] The report_cdc command only analyzes and reports clock domain crossing paths where clocks have been defined on both source and destination sides. Ports with no input delay constraint are skipped. Please run check_timing to verify there are no missing clock definitions in your design, nor any unconstrained input port.
Command: phys_opt_design
Attempting to get a license for feature 'Implementation' and/or device 'xc7z020'
INFO: [Common 17-349] Got license for feature 'Implementation' and/or device 'xc7z020'
INFO: [Vivado_Tcl 4-1435] PhysOpt_Tcl_Interface Runtime Before Starting Physical Synthesis Task | CPU: 0.00s |  WALL: 0.14s
Netlist sorting complete. Time (s): cpu = 00:00:00 ; elapsed = 00:00:00.005 . Memory (MB): peak = 2175.883 ; gain = 0.000

Starting Physical Synthesis Task

Phase 1 Physical Synthesis Initialization
INFO: [Physopt 32-721] Multithreading enabled for phys_opt_design using a maximum of 4 CPUs
WARNING: [Timing 38-242] The property HD.CLK_SRC of clock port "clk" is not set. In out-of-context mode, this prevents timing estimation for clock delay/skew
Resolution: Set the HD.CLK_SRC property of the out-of-context port to the location of the clock buffer instance in the top-level design
INFO: [Physopt 32-619] Estimated Timing Summary | WNS=-4.219 | TNS=-1383.099 |
Phase 1 Physical Synthesis Initialization | Checksum: 18c74ad65

Time (s): cpu = 00:00:07 ; elapsed = 00:00:02 . Memory (MB): peak = 2175.883 ; gain = 0.000
INFO: [Physopt 32-619] Estimated Timing Summary | WNS=-4.219 | TNS=-1383.099 |

Phase 2 DSP Register Optimization
INFO: [Physopt 32-456] No candidate cells for DSP register optimization found in the design.
INFO: [Physopt 32-775] End 2 Pass. Optimized 0 net or cell. Created 0 new cell, deleted 0 existing cell and moved 0 existing cell
Phase 2 DSP Register Optimization | Checksum: 18c74ad65

Time (s): cpu = 00:00:07 ; elapsed = 00:00:02 . Memory (MB): peak = 2175.883 ; gain = 0.000

Phase 3 Critical Path Optimization
INFO: [Physopt 32-619] Estimated Timing Summary | WNS=-4.219 | TNS=-1383.099 |
INFO: [Physopt 32-702] Processed net native_system/queue/qdata[4]. Optimizations did not improve timing on the net.
INFO: [Physopt 32-81] Processed net native_system/queue/channel_reg_n_0_[11]. Replicated 1 times.
INFO: [Physopt 32-735] Processed net native_system/queue/channel_reg_n_0_[11]. Optimization improves timing on the net.
INFO: [Physopt 32-619] Estimated Timing Summary | WNS=-4.153 | TNS=-1381.977 |
INFO: [Physopt 32-702] Processed net native_system/queue/channel_reg_n_0_[11]_repN. Optimizations did not improve timing on the net.
INFO: [Physopt 32-702] Processed net native_system/queue/bus_wdata[4]_i_2_n_0. Optimizations did not improve timing on the net.
INFO: [Physopt 32-710] Processed net native_system/queue/bus_wdata[4]_i_2_n_0. Critical path length was reduced through logic transformation on cell native_system/queue/bus_wdata[4]_i_2_comp.
INFO: [Physopt 32-735] Processed net native_system/queue/bus_wdata[4]_i_4_n_0. Optimization improves timing on the net.
INFO: [Physopt 32-619] Estimated Timing Summary | WNS=-4.152 | TNS=-1381.976 |
INFO: [Physopt 32-702] Processed net native_system/queue/bus_wdata[4]_i_5_n_0. Optimizations did not improve timing on the net.
INFO: [Physopt 32-608] Optimized 1 net.  Swapped 24 pins.
INFO: [Physopt 32-735] Processed net native_system/queue/bus_wdata[4]_i_12_n_0. Optimization improves timing on the net.
INFO: [Physopt 32-619] Estimated Timing Summary | WNS=-4.151 | TNS=-1381.975 |
INFO: [Physopt 32-702] Processed net native_system/queue/qdata[5]. Optimizations did not improve timing on the net.
INFO: [Physopt 32-702] Processed net native_system/queue/bus_wdata[5]_i_2_n_0. Optimizations did not improve timing on the net.
INFO: [Physopt 32-710] Processed net native_system/queue/bus_wdata[5]_i_2_n_0. Critical path length was reduced through logic transformation on cell native_system/queue/bus_wdata[5]_i_2_comp.
INFO: [Physopt 32-735] Processed net native_system/queue/bus_wdata[5]_i_4_n_0. Optimization improves timing on the net.
INFO: [Physopt 32-619] Estimated Timing Summary | WNS=-4.151 | TNS=-1381.969 |
INFO: [Physopt 32-702] Processed net native_system/queue/bus_wdata[4]_i_4_n_0. Optimizations did not improve timing on the net.
INFO: [Physopt 32-608] Optimized 1 net.  Swapped 24 pins.
INFO: [Physopt 32-735] Processed net native_system/queue/data7[4]. Optimization improves timing on the net.
INFO: [Physopt 32-619] Estimated Timing Summary | WNS=-4.150 | TNS=-1381.965 |
INFO: [Physopt 32-702] Processed net native_system/queue/qdata[9]. Optimizations did not improve timing on the net.
INFO: [Physopt 32-702] Processed net native_system/queue/bus_wdata[9]_i_2_n_0. Optimizations did not improve timing on the net.
INFO: [Physopt 32-710] Processed net native_system/queue/bus_wdata[9]_i_2_n_0. Critical path length was reduced through logic transformation on cell native_system/queue/bus_wdata[9]_i_2_comp.
INFO: [Physopt 32-735] Processed net native_system/queue/bus_wdata[9]_i_4_n_0. Optimization improves timing on the net.
INFO: [Physopt 32-619] Estimated Timing Summary | WNS=-4.147 | TNS=-1381.962 |
INFO: [Physopt 32-608] Optimized 1 net.  Swapped 24 pins.
INFO: [Physopt 32-735] Processed net native_system/queue/data5[4]. Optimization improves timing on the net.
INFO: [Physopt 32-619] Estimated Timing Summary | WNS=-4.147 | TNS=-1381.961 |
INFO: [Physopt 32-702] Processed net native_system/queue/bus_wdata[9]_i_5_n_0. Optimizations did not improve timing on the net.
INFO: [Physopt 32-702] Processed net native_system/queue/bus_wdata[9]_i_13_n_0. Optimizations did not improve timing on the net.
INFO: [Physopt 32-608] Optimized 1 net.  Swapped 24 pins.
INFO: [Physopt 32-735] Processed net native_system/queue/bus_wdata[12]_i_23_n_0. Optimization improves timing on the net.
INFO: [Physopt 32-619] Estimated Timing Summary | WNS=-4.146 | TNS=-1381.956 |
INFO: [Physopt 32-702] Processed net native_system/queue/bus_wdata[4]_i_14_n_0. Optimizations did not improve timing on the net.
INFO: [Physopt 32-663] Processed net native_system/queue/bus_wdata[7]_i_24_n_0.  Re-placed instance native_system/queue/bus_wdata[7]_i_24
INFO: [Physopt 32-735] Processed net native_system/queue/bus_wdata[7]_i_24_n_0. Optimization improves timing on the net.
INFO: [Physopt 32-619] Estimated Timing Summary | WNS=-4.145 | TNS=-1381.936 |
INFO: [Physopt 32-702] Processed net native_system/queue/qdata[8]. Optimizations did not improve timing on the net.
INFO: [Physopt 32-702] Processed net native_system/queue/bus_wdata[8]_i_2_n_0. Optimizations did not improve timing on the net.
INFO: [Physopt 32-710] Processed net native_system/queue/bus_wdata[8]_i_2_n_0. Critical path length was reduced through logic transformation on cell native_system/queue/bus_wdata[8]_i_2_comp.
INFO: [Physopt 32-735] Processed net native_system/queue/bus_wdata[8]_i_5_n_0. Optimization improves timing on the net.
INFO: [Physopt 32-619] Estimated Timing Summary | WNS=-4.145 | TNS=-1381.934 |
INFO: [Physopt 32-608] Optimized 1 net.  Swapped 23 pins.
INFO: [Physopt 32-735] Processed net native_system/queue/bus_wdata[5]_i_4_n_0. Optimization improves timing on the net.
INFO: [Physopt 32-619] Estimated Timing Summary | WNS=-4.143 | TNS=-1381.921 |
INFO: [Physopt 32-702] Processed net native_system/queue/qdata[8]. Optimizations did not improve timing on the net.
INFO: [Physopt 32-702] Processed net native_system/queue/channel_reg_n_0_[11]_repN. Optimizations did not improve timing on the net.
INFO: [Physopt 32-702] Processed net native_system/queue/bus_wdata[8]_i_2_n_0. Optimizations did not improve timing on the net.
INFO: [Physopt 32-702] Processed net native_system/queue/bus_wdata[8]_i_4_n_0. Optimizations did not improve timing on the net.
INFO: [Physopt 32-608] Optimized 1 net.  Swapped 20 pins.
INFO: [Physopt 32-735] Processed net native_system/queue/data7[8]. Optimization improves timing on the net.
INFO: [Physopt 32-619] Estimated Timing Summary | WNS=-4.142 | TNS=-1381.920 |
INFO: [Physopt 32-702] Processed net native_system/queue/bus_wdata[8]_i_11_n_0. Optimizations did not improve timing on the net.
INFO: [Physopt 32-608] Optimized 1 net.  Swapped 24 pins.
INFO: [Physopt 32-735] Processed net native_system/queue/bus_wdata[9]_i_21_n_0. Optimization improves timing on the net.
INFO: [Physopt 32-619] Estimated Timing Summary | WNS=-4.142 | TNS=-1381.917 |
INFO: [Physopt 32-702] Processed net native_system/queue/qdata[9]. Optimizations did not improve timing on the net.
INFO: [Physopt 32-702] Processed net native_system/queue/bus_wdata[9]_i_2_n_0. Optimizations did not improve timing on the net.
INFO: [Physopt 32-702] Processed net native_system/queue/bus_wdata[9]_i_4_n_0. Optimizations did not improve timing on the net.
INFO: [Physopt 32-702] Processed net native_system/queue/data6[9]. Optimizations did not improve timing on the net.
INFO: [Physopt 32-608] Optimized 1 net.  Swapped 18 pins.
INFO: [Physopt 32-735] Processed net native_system/queue/bus_wdata[12]_i_19_n_0. Optimization improves timing on the net.
INFO: [Physopt 32-619] Estimated Timing Summary | WNS=-4.141 | TNS=-1381.900 |
INFO: [Physopt 32-702] Processed net native_system/queue/qdata[6]. Optimizations did not improve timing on the net.
INFO: [Physopt 32-702] Processed net native_system/queue/bus_wdata[6]_i_2_n_0. Optimizations did not improve timing on the net.
INFO: [Physopt 32-702] Processed net native_system/queue/bus_wdata[6]_i_4_n_0. Optimizations did not improve timing on the net.
INFO: [Physopt 32-608] Optimized 1 net.  Swapped 22 pins.
INFO: [Physopt 32-735] Processed net native_system/queue/data6[6]. Optimization improves timing on the net.
INFO: [Physopt 32-619] Estimated Timing Summary | WNS=-4.139 | TNS=-1381.894 |
INFO: [Physopt 32-702] Processed net native_system/queue/bus_wdata[8]_i_5_n_0. Optimizations did not improve timing on the net.
INFO: [Physopt 32-702] Processed net native_system/queue/bus_wdata[8]_i_12_n_0. Optimizations did not improve timing on the net.
INFO: [Physopt 32-702] Processed net native_system/queue/bus_wdata[9]_i_22_n_0. Optimizations did not improve timing on the net.
INFO: [Physopt 32-702] Processed net native_system/queue/bus_wdata[16]_i_144_n_0. Optimizations did not improve timing on the net.
INFO: [Physopt 32-608] Optimized 1 net.  Swapped 24 pins.
INFO: [Physopt 32-735] Processed net native_system/queue/bus_wdata[16]_i_528_n_0. Optimization improves timing on the net.
INFO: [Physopt 32-619] Estimated Timing Summary | WNS=-4.137 | TNS=-1381.890 |
INFO: [Physopt 32-702] Processed net native_system/queue/qdata[10]. Optimizations did not improve timing on the net.
INFO: [Physopt 32-702] Processed net native_system/queue/bus_wdata[10]_i_2_n_0. Optimizations did not improve timing on the net.
INFO: [Physopt 32-702] Processed net native_system/queue/bus_wdata[10]_i_4_n_0. Optimizations did not improve timing on the net.
INFO: [Physopt 32-608] Optimized 1 net.  Swapped 23 pins.
INFO: [Physopt 32-735] Processed net native_system/queue/data6[10]. Optimization improves timing on the net.
INFO: [Physopt 32-619] Estimated Timing Summary | WNS=-4.135 | TNS=-1381.854 |
INFO: [Physopt 32-702] Processed net native_system/queue/bus_wdata[6]_i_3_n_0. Optimizations did not improve timing on the net.
INFO: [Physopt 32-608] Optimized 1 net.  Swapped 24 pins.
INFO: [Physopt 32-735] Processed net native_system/queue/bus_wdata[6]_i_7_n_0. Optimization improves timing on the net.
INFO: [Physopt 32-619] Estimated Timing Summary | WNS=-4.135 | TNS=-1381.828 |
INFO: [Physopt 32-702] Processed net native_system/queue/qdata[7]. Optimizations did not improve timing on the net.
INFO: [Physopt 32-702] Processed net native_system/queue/bus_wdata[7]_i_2_n_0. Optimizations did not improve timing on the net.
INFO: [Physopt 32-702] Processed net native_system/queue/bus_wdata[7]_i_5_n_0. Optimizations did not improve timing on the net.
INFO: [Physopt 32-608] Optimized 1 net.  Swapped 24 pins.
INFO: [Physopt 32-735] Processed net native_system/queue/bus_wdata[7]_i_13_n_0. Optimization improves timing on the net.
INFO: [Physopt 32-619] Estimated Timing Summary | WNS=-4.135 | TNS=-1381.813 |
INFO: [Physopt 32-702] Processed net native_system/queue/data5[8]. Optimizations did not improve timing on the net.
INFO: [Physopt 32-702] Processed net native_system/queue/bus_wdata[11]_i_20_n_0. Optimizations did not improve timing on the net.
INFO: [Physopt 32-702] Processed net native_system/queue/bus_wdata[15]_i_29_n_0. Optimizations did not improve timing on the net.
INFO: [Physopt 32-608] Optimized 1 net.  Swapped 24 pins.
INFO: [Physopt 32-735] Processed net native_system/queue/bus_wdata[16]_i_381_n_0. Optimization improves timing on the net.
INFO: [Physopt 32-619] Estimated Timing Summary | WNS=-4.134 | TNS=-1381.812 |
INFO: [Physopt 32-702] Processed net native_system/queue/bus_wdata[8]_i_13_n_0. Optimizations did not improve timing on the net.
INFO: [Physopt 32-608] Optimized 1 net.  Swapped 24 pins.
INFO: [Physopt 32-735] Processed net native_system/queue/bus_wdata[8]_i_23_n_0. Optimization improves timing on the net.
INFO: [Physopt 32-619] Estimated Timing Summary | WNS=-4.134 | TNS=-1381.811 |
INFO: [Physopt 32-619] Estimated Timing Summary | WNS=-4.134 | TNS=-1381.811 |
Netlist sorting complete. Time (s): cpu = 00:00:00 ; elapsed = 00:00:00.055 . Memory (MB): peak = 2175.883 ; gain = 0.000
Phase 3 Critical Path Optimization | Checksum: 180c072d8

Time (s): cpu = 00:00:17 ; elapsed = 00:00:06 . Memory (MB): peak = 2175.883 ; gain = 0.000

Phase 4 Critical Path Optimization
INFO: [Physopt 32-619] Estimated Timing Summary | WNS=-4.134 | TNS=-1381.811 |
INFO: [Physopt 32-702] Processed net native_system/queue/qdata[8]. Optimizations did not improve timing on the net.
INFO: [Physopt 32-702] Processed net native_system/queue/channel_reg_n_0_[11]_repN. Optimizations did not improve timing on the net.
INFO: [Physopt 32-702] Processed net native_system/queue/bus_wdata[8]_i_2_n_0. Optimizations did not improve timing on the net.
INFO: [Physopt 32-702] Processed net native_system/queue/bus_wdata[8]_i_4_n_0. Optimizations did not improve timing on the net.
INFO: [Physopt 32-702] Processed net native_system/queue/bus_wdata[8]_i_11_n_0. Optimizations did not improve timing on the net.
INFO: [Physopt 32-608] Optimized 1 net.  Swapped 24 pins.
INFO: [Physopt 32-735] Processed net native_system/queue/bus_wdata[9]_i_21_n_0. Optimization improves timing on the net.
INFO: [Physopt 32-619] Estimated Timing Summary | WNS=-4.132 | TNS=-1381.809 |
INFO: [Physopt 32-702] Processed net native_system/queue/bus_wdata[8]_i_3_n_0. Optimizations did not improve timing on the net.
INFO: [Physopt 32-710] Processed net native_system/queue/bus_wdata[8]_i_3_n_0. Critical path length was reduced through logic transformation on cell native_system/queue/bus_wdata[8]_i_3_comp.
INFO: [Physopt 32-735] Processed net native_system/queue/bus_wdata[8]_i_7_n_0. Optimization improves timing on the net.
INFO: [Physopt 32-619] Estimated Timing Summary | WNS=-4.131 | TNS=-1381.808 |
INFO: [Physopt 32-702] Processed net native_system/queue/bus_wdata[8]_i_5_n_0. Optimizations did not improve timing on the net.
INFO: [Physopt 32-608] Optimized 1 net.  Swapped 24 pins.
INFO: [Physopt 32-735] Processed net native_system/queue/bus_wdata[8]_i_13_n_0. Optimization improves timing on the net.
INFO: [Physopt 32-619] Estimated Timing Summary | WNS=-4.131 | TNS=-1381.804 |
INFO: [Physopt 32-702] Processed net native_system/queue/qdata[5]. Optimizations did not improve timing on the net.
INFO: [Physopt 32-702] Processed net native_system/queue/bus_wdata[5]_i_2_n_0. Optimizations did not improve timing on the net.
INFO: [Physopt 32-702] Processed net native_system/queue/bus_wdata[5]_i_5_n_0. Optimizations did not improve timing on the net.
INFO: [Physopt 32-608] Optimized 1 net.  Swapped 24 pins.
INFO: [Physopt 32-735] Processed net native_system/queue/bus_wdata[5]_i_12_n_0. Optimization improves timing on the net.
INFO: [Physopt 32-619] Estimated Timing Summary | WNS=-4.129 | TNS=-1381.802 |
INFO: [Physopt 32-702] Processed net native_system/queue/bus_wdata[5]_i_4_n_0. Optimizations did not improve timing on the net.
INFO: [Physopt 32-702] Processed net native_system/queue/bus_wdata[5]_i_11_n_0. Optimizations did not improve timing on the net.
INFO: [Physopt 32-608] Optimized 1 net.  Swapped 24 pins.
INFO: [Physopt 32-735] Processed net native_system/queue/bus_wdata[8]_i_21_n_0. Optimization improves timing on the net.
INFO: [Physopt 32-619] Estimated Timing Summary | WNS=-4.127 | TNS=-1381.799 |
INFO: [Physopt 32-702] Processed net native_system/queue/bus_wdata[8]_i_12_n_0. Optimizations did not improve timing on the net.
INFO: [Physopt 32-702] Processed net native_system/queue/bus_wdata[11]_i_22_n_0. Optimizations did not improve timing on the net.
INFO: [Physopt 32-608] Optimized 1 net.  Swapped 24 pins.
INFO: [Physopt 32-735] Processed net native_system/queue/bus_wdata[15]_i_31_n_0. Optimization improves timing on the net.
INFO: [Physopt 32-619] Estimated Timing Summary | WNS=-4.126 | TNS=-1381.797 |
INFO: [Physopt 32-702] Processed net native_system/queue/qdata[4]. Optimizations did not improve timing on the net.
INFO: [Physopt 32-702] Processed net native_system/queue/bus_wdata[4]_i_2_n_0. Optimizations did not improve timing on the net.
INFO: [Physopt 32-702] Processed net native_system/queue/bus_wdata[4]_i_4_n_0. Optimizations did not improve timing on the net.
INFO: [Physopt 32-608] Optimized 1 net.  Swapped 24 pins.
INFO: [Physopt 32-735] Processed net native_system/queue/bus_wdata[4]_i_11_n_0. Optimization improves timing on the net.
INFO: [Physopt 32-619] Estimated Timing Summary | WNS=-4.126 | TNS=-1381.779 |
INFO: [Physopt 32-702] Processed net native_system/queue/bus_wdata[6]_i_21_n_0. Optimizations did not improve timing on the net.
INFO: [Physopt 32-81] Processed net native_system/queue/bus_wdata[16]_i_134_n_0. Replicated 1 times.
INFO: [Physopt 32-735] Processed net native_system/queue/bus_wdata[16]_i_134_n_0. Optimization improves timing on the net.
INFO: [Physopt 32-619] Estimated Timing Summary | WNS=-4.126 | TNS=-1381.779 |
INFO: [Physopt 32-81] Processed net native_system/queue/bus_wdata[10]_i_32_n_0. Replicated 1 times.
INFO: [Physopt 32-735] Processed net native_system/queue/bus_wdata[10]_i_32_n_0. Optimization improves timing on the net.
INFO: [Physopt 32-619] Estimated Timing Summary | WNS=-4.126 | TNS=-1381.778 |
INFO: [Physopt 32-702] Processed net native_system/queue/qdata[14]. Optimizations did not improve timing on the net.
INFO: [Physopt 32-702] Processed net native_system/queue/bus_wdata[14]_i_2_n_0. Optimizations did not improve timing on the net.
INFO: [Physopt 32-710] Processed net native_system/queue/bus_wdata[14]_i_2_n_0. Critical path length was reduced through logic transformation on cell native_system/queue/bus_wdata[14]_i_2_comp.
INFO: [Physopt 32-735] Processed net native_system/queue/bus_wdata[14]_i_5_n_0. Optimization improves timing on the net.
INFO: [Physopt 32-619] Estimated Timing Summary | WNS=-4.125 | TNS=-1381.744 |
INFO: [Physopt 32-702] Processed net native_system/queue/qdata[9]. Optimizations did not improve timing on the net.
INFO: [Physopt 32-702] Processed net native_system/queue/channel_reg_n_0_[11]_repN. Optimizations did not improve timing on the net.
INFO: [Physopt 32-702] Processed net native_system/queue/bus_wdata[9]_i_2_n_0. Optimizations did not improve timing on the net.
INFO: [Physopt 32-702] Processed net native_system/queue/bus_wdata[9]_i_4_n_0. Optimizations did not improve timing on the net.
INFO: [Physopt 32-702] Processed net native_system/queue/data6[9]. Optimizations did not improve timing on the net.
INFO: [Physopt 32-702] Processed net native_system/queue/bus_wdata[10]_i_21_n_0. Optimizations did not improve timing on the net.
INFO: [Physopt 32-702] Processed net native_system/queue/bus_wdata[14]_i_29_n_0. Optimizations did not improve timing on the net.
INFO: [Physopt 32-663] Processed net native_system/queue/bus_wdata[16]_i_350_n_0.  Re-placed instance native_system/queue/bus_wdata[16]_i_350
INFO: [Physopt 32-735] Processed net native_system/queue/bus_wdata[16]_i_350_n_0. Optimization improves timing on the net.
INFO: [Physopt 32-619] Estimated Timing Summary | WNS=-4.125 | TNS=-1381.744 |
INFO: [Physopt 32-702] Processed net native_system/queue/bus_wdata[9]_i_5_n_0. Optimizations did not improve timing on the net.
INFO: [Physopt 32-608] Optimized 1 net.  Swapped 24 pins.
INFO: [Physopt 32-735] Processed net native_system/queue/bus_wdata[9]_i_12_n_0. Optimization improves timing on the net.
INFO: [Physopt 32-619] Estimated Timing Summary | WNS=-4.125 | TNS=-1381.730 |
INFO: [Physopt 32-702] Processed net native_system/queue/qdata[8]. Optimizations did not improve timing on the net.
INFO: [Physopt 32-702] Processed net native_system/queue/bus_wdata[8]_i_2_n_0. Optimizations did not improve timing on the net.
INFO: [Physopt 32-702] Processed net native_system/queue/bus_wdata[8]_i_4_n_0. Optimizations did not improve timing on the net.
INFO: [Physopt 32-702] Processed net native_system/queue/data5[8]. Optimizations did not improve timing on the net.
INFO: [Physopt 32-702] Processed net native_system/queue/bus_wdata[11]_i_20_n_0. Optimizations did not improve timing on the net.
INFO: [Physopt 32-702] Processed net native_system/queue/bus_wdata[16]_i_108_n_0. Optimizations did not improve timing on the net.
INFO: [Physopt 32-663] Processed net native_system/queue/bus_wdata[16]_i_386_n_0.  Re-placed instance native_system/queue/bus_wdata[16]_i_386
INFO: [Physopt 32-735] Processed net native_system/queue/bus_wdata[16]_i_386_n_0. Optimization improves timing on the net.
INFO: [Physopt 32-619] Estimated Timing Summary | WNS=-4.124 | TNS=-1381.729 |
INFO: [Physopt 32-702] Processed net native_system/queue/data6[8]. Optimizations did not improve timing on the net.
INFO: [Physopt 32-702] Processed net native_system/queue/bus_wdata[9]_i_19_n_0. Optimizations did not improve timing on the net.
INFO: [Physopt 32-702] Processed net native_system/queue/bus_wdata[13]_i_28_n_0. Optimizations did not improve timing on the net.
INFO: [Physopt 32-663] Processed net native_system/queue/bus_wdata[16]_i_333_n_0.  Re-placed instance native_system/queue/bus_wdata[16]_i_333
INFO: [Physopt 32-735] Processed net native_system/queue/bus_wdata[16]_i_333_n_0. Optimization improves timing on the net.
INFO: [Physopt 32-619] Estimated Timing Summary | WNS=-4.121 | TNS=-1381.726 |
INFO: [Physopt 32-702] Processed net native_system/queue/bus_wdata[8]_i_5_n_0. Optimizations did not improve timing on the net.
INFO: [Physopt 32-608] Optimized 1 net.  Swapped 24 pins.
INFO: [Physopt 32-735] Processed net native_system/queue/bus_wdata[8]_i_13_n_0. Optimization improves timing on the net.
INFO: [Physopt 32-619] Estimated Timing Summary | WNS=-4.120 | TNS=-1381.723 |
INFO: [Physopt 32-702] Processed net native_system/queue/qdata[7]. Optimizations did not improve timing on the net.
INFO: [Physopt 32-702] Processed net native_system/queue/bus_wdata[7]_i_2_n_0. Optimizations did not improve timing on the net.
INFO: [Physopt 32-702] Processed net native_system/queue/bus_wdata[7]_i_3_n_0. Optimizations did not improve timing on the net.
INFO: [Physopt 32-702] Processed net native_system/queue/bus_wdata[7]_i_7_n_0. Optimizations did not improve timing on the net.
INFO: [Physopt 32-702] Processed net native_system/queue/bus_wdata[10]_i_19_n_0. Optimizations did not improve timing on the net.
INFO: [Physopt 32-702] Processed net native_system/queue/bus_wdata[16]_i_68_n_0. Optimizations did not improve timing on the net.
INFO: [Physopt 32-608] Optimized 1 net.  Swapped 20 pins.
INFO: [Physopt 32-735] Processed net native_system/queue/bus_wdata[16]_i_230_n_0. Optimization improves timing on the net.
INFO: [Physopt 32-619] Estimated Timing Summary | WNS=-4.118 | TNS=-1381.713 |
INFO: [Physopt 32-702] Processed net native_system/queue/qdata[5]. Optimizations did not improve timing on the net.
INFO: [Physopt 32-702] Processed net native_system/queue/bus_wdata[5]_i_2_n_0. Optimizations did not improve timing on the net.
INFO: [Physopt 32-702] Processed net native_system/queue/bus_wdata[5]_i_3_n_0. Optimizations did not improve timing on the net.
INFO: [Physopt 32-702] Processed net native_system/queue/bus_wdata[5]_i_7_n_0. Optimizations did not improve timing on the net.
INFO: [Physopt 32-608] Optimized 1 net.  Swapped 18 pins.
INFO: [Physopt 32-735] Processed net native_system/queue/bus_wdata[6]_i_17_n_0. Optimization improves timing on the net.
INFO: [Physopt 32-619] Estimated Timing Summary | WNS=-4.118 | TNS=-1381.703 |
INFO: [Physopt 32-608] Optimized 1 net.  Swapped 24 pins.
INFO: [Physopt 32-735] Processed net native_system/queue/bus_wdata[15]_i_29_n_0. Optimization improves timing on the net.
INFO: [Physopt 32-619] Estimated Timing Summary | WNS=-4.114 | TNS=-1381.697 |
INFO: [Physopt 32-702] Processed net native_system/queue/qdata[15]. Optimizations did not improve timing on the net.
INFO: [Physopt 32-702] Processed net native_system/queue/bus_wdata[15]_i_2_n_0. Optimizations did not improve timing on the net.
INFO: [Physopt 32-608] Optimized 1 net.  Swapped 22 pins.
INFO: [Physopt 32-735] Processed net native_system/queue/bus_wdata[15]_i_4_n_0. Optimization improves timing on the net.
INFO: [Physopt 32-619] Estimated Timing Summary | WNS=-4.113 | TNS=-1381.690 |
INFO: [Physopt 32-702] Processed net native_system/queue/qdata[13]. Optimizations did not improve timing on the net.
INFO: [Physopt 32-702] Processed net native_system/queue/bus_wdata[13]_i_2_n_0. Optimizations did not improve timing on the net.
INFO: [Physopt 32-702] Processed net native_system/queue/bus_wdata[13]_i_4_n_0. Optimizations did not improve timing on the net.
INFO: [Physopt 32-608] Optimized 1 net.  Swapped 24 pins.
INFO: [Physopt 32-735] Processed net native_system/queue/bus_wdata[13]_i_11_n_0. Optimization improves timing on the net.
INFO: [Physopt 32-619] Estimated Timing Summary | WNS=-4.112 | TNS=-1381.677 |
INFO: [Physopt 32-619] Estimated Timing Summary | WNS=-4.112 | TNS=-1381.677 |
Netlist sorting complete. Time (s): cpu = 00:00:00 ; elapsed = 00:00:00.057 . Memory (MB): peak = 2175.883 ; gain = 0.000
Phase 4 Critical Path Optimization | Checksum: 8ee2749b

Time (s): cpu = 00:00:34 ; elapsed = 00:00:11 . Memory (MB): peak = 2175.883 ; gain = 0.000
Netlist sorting complete. Time (s): cpu = 00:00:00 ; elapsed = 00:00:00.005 . Memory (MB): peak = 2175.883 ; gain = 0.000
INFO: [Physopt 32-603] Post Physical Optimization Timing Summary | WNS=-4.112 | TNS=-1381.677 |

Summary of Physical Synthesis Optimizations
============================================


-------------------------------------------------------------------------------------------------------------------------------------------------------------
|  Optimization   |  WNS Gain (ns)  |  TNS Gain (ns)  |  Added Cells  |  Removed Cells  |  Optimized Cells/Nets  |  Dont Touch  |  Iterations  |  Elapsed   |
-------------------------------------------------------------------------------------------------------------------------------------------------------------
|  DSP Register   |          0.000  |          0.000  |            0  |              0  |                     0  |           0  |           1  |  00:00:00  |
|  Critical Path  |          0.107  |          1.422  |            3  |              0  |                    41  |           0  |           2  |  00:00:09  |
|  Total          |          0.107  |          1.422  |            3  |              0  |                    41  |           0  |           3  |  00:00:09  |
-------------------------------------------------------------------------------------------------------------------------------------------------------------


Netlist sorting complete. Time (s): cpu = 00:00:00 ; elapsed = 00:00:00.005 . Memory (MB): peak = 2175.883 ; gain = 0.000
Ending Physical Synthesis Task | Checksum: 1965bd832

Time (s): cpu = 00:00:34 ; elapsed = 00:00:11 . Memory (MB): peak = 2175.883 ; gain = 0.000
INFO: [Common 17-83] Releasing license: Implementation
238 Infos, 3 Warnings, 0 Critical Warnings and 0 Errors encountered.
phys_opt_design completed successfully
phys_opt_design: Time (s): cpu = 00:00:34 ; elapsed = 00:00:12 . Memory (MB): peak = 2175.883 ; gain = 0.000
Command: route_design
Attempting to get a license for feature 'Implementation' and/or device 'xc7z020'
INFO: [Common 17-349] Got license for feature 'Implementation' and/or device 'xc7z020'
INFO: [DRC 23-27] Running DRC with 4 threads
WARNING: [DRC 23-814] Not all possible (connectivity based) DRCs may have been run because this design is seen as Out of Context.
INFO: [Vivado_Tcl 4-198] DRC finished with 0 Errors
INFO: [Vivado_Tcl 4-199] Please refer to the DRC report (report_drc) for more information.


Starting Routing Task
INFO: [Route 35-254] Multithreading enabled for route_design using a maximum of 4 CPUs

Phase 1 Build RT Design
Checksum: PlaceDB: e24e6f40 ConstDB: 0 ShapeSum: 781d27e9 RouteDB: 15f972f0
WARNING: [Route 35-197] Clock port "clk" does not have an associated HD.CLK_SRC. Without this constraint, timing analysis may not be accurate and upstream checks cannot be done to ensure correct clock placement.
WARNING: [Route 35-198] Port "frame_data[1245]" does not have an associated HD.PARTPIN_LOCS, which will prevent the partial routing of the signal "frame_data[1245]". Without this partial route, timing analysis to/from this port will not be accurate, and no routing information for this port can be exported.
WARNING: [Route 35-198] Port "frame_data[1301]" does not have an associated HD.PARTPIN_LOCS, which will prevent the partial routing of the signal "frame_data[1301]". Without this partial route, timing analysis to/from this port will not be accurate, and no routing information for this port can be exported.
WARNING: [Route 35-198] Port "frame_data[1264]" does not have an associated HD.PARTPIN_LOCS, which will prevent the partial routing of the signal "frame_data[1264]". Without this partial route, timing analysis to/from this port will not be accurate, and no routing information for this port can be exported.
WARNING: [Route 35-198] Port "frame_data[1092]" does not have an associated HD.PARTPIN_LOCS, which will prevent the partial routing of the signal "frame_data[1092]". Without this partial route, timing analysis to/from this port will not be accurate, and no routing information for this port can be exported.
WARNING: [Route 35-198] Port "frame_data[1053]" does not have an associated HD.PARTPIN_LOCS, which will prevent the partial routing of the signal "frame_data[1053]". Without this partial route, timing analysis to/from this port will not be accurate, and no routing information for this port can be exported.
WARNING: [Route 35-198] Port "frame_data[1429]" does not have an associated HD.PARTPIN_LOCS, which will prevent the partial routing of the signal "frame_data[1429]". Without this partial route, timing analysis to/from this port will not be accurate, and no routing information for this port can be exported.
WARNING: [Route 35-198] Port "frame_data[1409]" does not have an associated HD.PARTPIN_LOCS, which will prevent the partial routing of the signal "frame_data[1409]". Without this partial route, timing analysis to/from this port will not be accurate, and no routing information for this port can be exported.
WARNING: [Route 35-198] Port "frame_data[1044]" does not have an associated HD.PARTPIN_LOCS, which will prevent the partial routing of the signal "frame_data[1044]". Without this partial route, timing analysis to/from this port will not be accurate, and no routing information for this port can be exported.
WARNING: [Route 35-198] Port "frame_data[1433]" does not have an associated HD.PARTPIN_LOCS, which will prevent the partial routing of the signal "frame_data[1433]". Without this partial route, timing analysis to/from this port will not be accurate, and no routing information for this port can be exported.
WARNING: [Route 35-198] Port "frame_data[1427]" does not have an associated HD.PARTPIN_LOCS, which will prevent the partial routing of the signal "frame_data[1427]". Without this partial route, timing analysis to/from this port will not be accurate, and no routing information for this port can be exported.
WARNING: [Route 35-198] Port "frame_data[1236]" does not have an associated HD.PARTPIN_LOCS, which will prevent the partial routing of the signal "frame_data[1236]". Without this partial route, timing analysis to/from this port will not be accurate, and no routing information for this port can be exported.
WARNING: [Route 35-198] Port "frame_data[1158]" does not have an associated HD.PARTPIN_LOCS, which will prevent the partial routing of the signal "frame_data[1158]". Without this partial route, timing analysis to/from this port will not be accurate, and no routing information for this port can be exported.
WARNING: [Route 35-198] Port "frame_data[1094]" does not have an associated HD.PARTPIN_LOCS, which will prevent the partial routing of the signal "frame_data[1094]". Without this partial route, timing analysis to/from this port will not be accurate, and no routing information for this port can be exported.
WARNING: [Route 35-198] Port "frame_data[1530]" does not have an associated HD.PARTPIN_LOCS, which will prevent the partial routing of the signal "frame_data[1530]". Without this partial route, timing analysis to/from this port will not be accurate, and no routing information for this port can be exported.
WARNING: [Route 35-198] Port "frame_data[1473]" does not have an associated HD.PARTPIN_LOCS, which will prevent the partial routing of the signal "frame_data[1473]". Without this partial route, timing analysis to/from this port will not be accurate, and no routing information for this port can be exported.
WARNING: [Route 35-198] Port "frame_data[1337]" does not have an associated HD.PARTPIN_LOCS, which will prevent the partial routing of the signal "frame_data[1337]". Without this partial route, timing analysis to/from this port will not be accurate, and no routing information for this port can be exported.
WARNING: [Route 35-198] Port "frame_data[1041]" does not have an associated HD.PARTPIN_LOCS, which will prevent the partial routing of the signal "frame_data[1041]". Without this partial route, timing analysis to/from this port will not be accurate, and no routing information for this port can be exported.
WARNING: [Route 35-198] Port "frame_data[1535]" does not have an associated HD.PARTPIN_LOCS, which will prevent the partial routing of the signal "frame_data[1535]". Without this partial route, timing analysis to/from this port will not be accurate, and no routing information for this port can be exported.
WARNING: [Route 35-198] Port "frame_data[1529]" does not have an associated HD.PARTPIN_LOCS, which will prevent the partial routing of the signal "frame_data[1529]". Without this partial route, timing analysis to/from this port will not be accurate, and no routing information for this port can be exported.
WARNING: [Route 35-198] Port "frame_data[1141]" does not have an associated HD.PARTPIN_LOCS, which will prevent the partial routing of the signal "frame_data[1141]". Without this partial route, timing analysis to/from this port will not be accurate, and no routing information for this port can be exported.
WARNING: [Route 35-198] Port "frame_data[1090]" does not have an associated HD.PARTPIN_LOCS, which will prevent the partial routing of the signal "frame_data[1090]". Without this partial route, timing analysis to/from this port will not be accurate, and no routing information for this port can be exported.
WARNING: [Route 35-198] Port "frame_data[1463]" does not have an associated HD.PARTPIN_LOCS, which will prevent the partial routing of the signal "frame_data[1463]". Without this partial route, timing analysis to/from this port will not be accurate, and no routing information for this port can be exported.
WARNING: [Route 35-198] Port "frame_data[1281]" does not have an associated HD.PARTPIN_LOCS, which will prevent the partial routing of the signal "frame_data[1281]". Without this partial route, timing analysis to/from this port will not be accurate, and no routing information for this port can be exported.
WARNING: [Route 35-198] Port "frame_data[1527]" does not have an associated HD.PARTPIN_LOCS, which will prevent the partial routing of the signal "frame_data[1527]". Without this partial route, timing analysis to/from this port will not be accurate, and no routing information for this port can be exported.
WARNING: [Route 35-198] Port "frame_data[1390]" does not have an associated HD.PARTPIN_LOCS, which will prevent the partial routing of the signal "frame_data[1390]". Without this partial route, timing analysis to/from this port will not be accurate, and no routing information for this port can be exported.
WARNING: [Route 35-198] Port "frame_data[1283]" does not have an associated HD.PARTPIN_LOCS, which will prevent the partial routing of the signal "frame_data[1283]". Without this partial route, timing analysis to/from this port will not be accurate, and no routing information for this port can be exported.
WARNING: [Route 35-198] Port "frame_data[1174]" does not have an associated HD.PARTPIN_LOCS, which will prevent the partial routing of the signal "frame_data[1174]". Without this partial route, timing analysis to/from this port will not be accurate, and no routing information for this port can be exported.
WARNING: [Route 35-198] Port "frame_data[1471]" does not have an associated HD.PARTPIN_LOCS, which will prevent the partial routing of the signal "frame_data[1471]". Without this partial route, timing analysis to/from this port will not be accurate, and no routing information for this port can be exported.
WARNING: [Route 35-198] Port "frame_data[1353]" does not have an associated HD.PARTPIN_LOCS, which will prevent the partial routing of the signal "frame_data[1353]". Without this partial route, timing analysis to/from this port will not be accurate, and no routing information for this port can be exported.
WARNING: [Route 35-198] Port "frame_data[1222]" does not have an associated HD.PARTPIN_LOCS, which will prevent the partial routing of the signal "frame_data[1222]". Without this partial route, timing analysis to/from this port will not be accurate, and no routing information for this port can be exported.
WARNING: [Route 35-198] Port "frame_data[1074]" does not have an associated HD.PARTPIN_LOCS, which will prevent the partial routing of the signal "frame_data[1074]". Without this partial route, timing analysis to/from this port will not be accurate, and no routing information for this port can be exported.
WARNING: [Route 35-198] Port "frame_data[1162]" does not have an associated HD.PARTPIN_LOCS, which will prevent the partial routing of the signal "frame_data[1162]". Without this partial route, timing analysis to/from this port will not be accurate, and no routing information for this port can be exported.
WARNING: [Route 35-198] Port "frame_data[1091]" does not have an associated HD.PARTPIN_LOCS, which will prevent the partial routing of the signal "frame_data[1091]". Without this partial route, timing analysis to/from this port will not be accurate, and no routing information for this port can be exported.
WARNING: [Route 35-198] Port "frame_data[1481]" does not have an associated HD.PARTPIN_LOCS, which will prevent the partial routing of the signal "frame_data[1481]". Without this partial route, timing analysis to/from this port will not be accurate, and no routing information for this port can be exported.
WARNING: [Route 35-198] Port "frame_data[1460]" does not have an associated HD.PARTPIN_LOCS, which will prevent the partial routing of the signal "frame_data[1460]". Without this partial route, timing analysis to/from this port will not be accurate, and no routing information for this port can be exported.
WARNING: [Route 35-198] Port "frame_data[1338]" does not have an associated HD.PARTPIN_LOCS, which will prevent the partial routing of the signal "frame_data[1338]". Without this partial route, timing analysis to/from this port will not be accurate, and no routing information for this port can be exported.
WARNING: [Route 35-198] Port "frame_data[1227]" does not have an associated HD.PARTPIN_LOCS, which will prevent the partial routing of the signal "frame_data[1227]". Without this partial route, timing analysis to/from this port will not be accurate, and no routing information for this port can be exported.
WARNING: [Route 35-198] Port "frame_data[1465]" does not have an associated HD.PARTPIN_LOCS, which will prevent the partial routing of the signal "frame_data[1465]". Without this partial route, timing analysis to/from this port will not be accurate, and no routing information for this port can be exported.
WARNING: [Route 35-198] Port "frame_data[1394]" does not have an associated HD.PARTPIN_LOCS, which will prevent the partial routing of the signal "frame_data[1394]". Without this partial route, timing analysis to/from this port will not be accurate, and no routing information for this port can be exported.
WARNING: [Route 35-198] Port "frame_data[1363]" does not have an associated HD.PARTPIN_LOCS, which will prevent the partial routing of the signal "frame_data[1363]". Without this partial route, timing analysis to/from this port will not be accurate, and no routing information for this port can be exported.
WARNING: [Route 35-198] Port "frame_data[1115]" does not have an associated HD.PARTPIN_LOCS, which will prevent the partial routing of the signal "frame_data[1115]". Without this partial route, timing analysis to/from this port will not be accurate, and no routing information for this port can be exported.
WARNING: [Route 35-198] Port "frame_data[1332]" does not have an associated HD.PARTPIN_LOCS, which will prevent the partial routing of the signal "frame_data[1332]". Without this partial route, timing analysis to/from this port will not be accurate, and no routing information for this port can be exported.
WARNING: [Route 35-198] Port "frame_data[1305]" does not have an associated HD.PARTPIN_LOCS, which will prevent the partial routing of the signal "frame_data[1305]". Without this partial route, timing analysis to/from this port will not be accurate, and no routing information for this port can be exported.
WARNING: [Route 35-198] Port "frame_data[1289]" does not have an associated HD.PARTPIN_LOCS, which will prevent the partial routing of the signal "frame_data[1289]". Without this partial route, timing analysis to/from this port will not be accurate, and no routing information for this port can be exported.
WARNING: [Route 35-198] Port "frame_data[1172]" does not have an associated HD.PARTPIN_LOCS, which will prevent the partial routing of the signal "frame_data[1172]". Without this partial route, timing analysis to/from this port will not be accurate, and no routing information for this port can be exported.
WARNING: [Route 35-198] Port "frame_data[1417]" does not have an associated HD.PARTPIN_LOCS, which will prevent the partial routing of the signal "frame_data[1417]". Without this partial route, timing analysis to/from this port will not be accurate, and no routing information for this port can be exported.
WARNING: [Route 35-198] Port "frame_data[1407]" does not have an associated HD.PARTPIN_LOCS, which will prevent the partial routing of the signal "frame_data[1407]". Without this partial route, timing analysis to/from this port will not be accurate, and no routing information for this port can be exported.
WARNING: [Route 35-198] Port "frame_data[1402]" does not have an associated HD.PARTPIN_LOCS, which will prevent the partial routing of the signal "frame_data[1402]". Without this partial route, timing analysis to/from this port will not be accurate, and no routing information for this port can be exported.
WARNING: [Route 35-198] Port "frame_data[1369]" does not have an associated HD.PARTPIN_LOCS, which will prevent the partial routing of the signal "frame_data[1369]". Without this partial route, timing analysis to/from this port will not be accurate, and no routing information for this port can be exported.
WARNING: [Route 35-198] Port "frame_data[1365]" does not have an associated HD.PARTPIN_LOCS, which will prevent the partial routing of the signal "frame_data[1365]". Without this partial route, timing analysis to/from this port will not be accurate, and no routing information for this port can be exported.
WARNING: [Route 35-198] Port "frame_data[1343]" does not have an associated HD.PARTPIN_LOCS, which will prevent the partial routing of the signal "frame_data[1343]". Without this partial route, timing analysis to/from this port will not be accurate, and no routing information for this port can be exported.
WARNING: [Route 35-198] Port "frame_data[1311]" does not have an associated HD.PARTPIN_LOCS, which will prevent the partial routing of the signal "frame_data[1311]". Without this partial route, timing analysis to/from this port will not be accurate, and no routing information for this port can be exported.
WARNING: [Route 35-198] Port "frame_data[1413]" does not have an associated HD.PARTPIN_LOCS, which will prevent the partial routing of the signal "frame_data[1413]". Without this partial route, timing analysis to/from this port will not be accurate, and no routing information for this port can be exported.
WARNING: [Route 35-198] Port "frame_data[899]" does not have an associated HD.PARTPIN_LOCS, which will prevent the partial routing of the signal "frame_data[899]". Without this partial route, timing analysis to/from this port will not be accurate, and no routing information for this port can be exported.
WARNING: [Route 35-198] Port "frame_data[808]" does not have an associated HD.PARTPIN_LOCS, which will prevent the partial routing of the signal "frame_data[808]". Without this partial route, timing analysis to/from this port will not be accurate, and no routing information for this port can be exported.
WARNING: [Route 35-198] Port "frame_data[648]" does not have an associated HD.PARTPIN_LOCS, which will prevent the partial routing of the signal "frame_data[648]". Without this partial route, timing analysis to/from this port will not be accurate, and no routing information for this port can be exported.
WARNING: [Route 35-198] Port "frame_data[1321]" does not have an associated HD.PARTPIN_LOCS, which will prevent the partial routing of the signal "frame_data[1321]". Without this partial route, timing analysis to/from this port will not be accurate, and no routing information for this port can be exported.
WARNING: [Route 35-198] Port "frame_data[1099]" does not have an associated HD.PARTPIN_LOCS, which will prevent the partial routing of the signal "frame_data[1099]". Without this partial route, timing analysis to/from this port will not be accurate, and no routing information for this port can be exported.
WARNING: [Route 35-198] Port "frame_data[1165]" does not have an associated HD.PARTPIN_LOCS, which will prevent the partial routing of the signal "frame_data[1165]". Without this partial route, timing analysis to/from this port will not be accurate, and no routing information for this port can be exported.
WARNING: [Route 35-198] Port "frame_data[1157]" does not have an associated HD.PARTPIN_LOCS, which will prevent the partial routing of the signal "frame_data[1157]". Without this partial route, timing analysis to/from this port will not be accurate, and no routing information for this port can be exported.
WARNING: [Route 35-198] Port "frame_data[484]" does not have an associated HD.PARTPIN_LOCS, which will prevent the partial routing of the signal "frame_data[484]". Without this partial route, timing analysis to/from this port will not be accurate, and no routing information for this port can be exported.
WARNING: [Route 35-198] Port "frame_data[1229]" does not have an associated HD.PARTPIN_LOCS, which will prevent the partial routing of the signal "frame_data[1229]". Without this partial route, timing analysis to/from this port will not be accurate, and no routing information for this port can be exported.
WARNING: [Route 35-198] Port "frame_data[1100]" does not have an associated HD.PARTPIN_LOCS, which will prevent the partial routing of the signal "frame_data[1100]". Without this partial route, timing analysis to/from this port will not be accurate, and no routing information for this port can be exported.
WARNING: [Route 35-198] Port "frame_data[872]" does not have an associated HD.PARTPIN_LOCS, which will prevent the partial routing of the signal "frame_data[872]". Without this partial route, timing analysis to/from this port will not be accurate, and no routing information for this port can be exported.
WARNING: [Route 35-198] Port "frame_data[297]" does not have an associated HD.PARTPIN_LOCS, which will prevent the partial routing of the signal "frame_data[297]". Without this partial route, timing analysis to/from this port will not be accurate, and no routing information for this port can be exported.
WARNING: [Route 35-198] Port "frame_data[1163]" does not have an associated HD.PARTPIN_LOCS, which will prevent the partial routing of the signal "frame_data[1163]". Without this partial route, timing analysis to/from this port will not be accurate, and no routing information for this port can be exported.
WARNING: [Route 35-198] Port "frame_data[782]" does not have an associated HD.PARTPIN_LOCS, which will prevent the partial routing of the signal "frame_data[782]". Without this partial route, timing analysis to/from this port will not be accurate, and no routing information for this port can be exported.
WARNING: [Route 35-198] Port "frame_data[500]" does not have an associated HD.PARTPIN_LOCS, which will prevent the partial routing of the signal "frame_data[500]". Without this partial route, timing analysis to/from this port will not be accurate, and no routing information for this port can be exported.
WARNING: [Route 35-198] Port "frame_data[361]" does not have an associated HD.PARTPIN_LOCS, which will prevent the partial routing of the signal "frame_data[361]". Without this partial route, timing analysis to/from this port will not be accurate, and no routing information for this port can be exported.
WARNING: [Route 35-198] Port "frame_data[1101]" does not have an associated HD.PARTPIN_LOCS, which will prevent the partial routing of the signal "frame_data[1101]". Without this partial route, timing analysis to/from this port will not be accurate, and no routing information for this port can be exported.
WARNING: [Route 35-198] Port "frame_data[709]" does not have an associated HD.PARTPIN_LOCS, which will prevent the partial routing of the signal "frame_data[709]". Without this partial route, timing analysis to/from this port will not be accurate, and no routing information for this port can be exported.
WARNING: [Route 35-198] Port "frame_data[292]" does not have an associated HD.PARTPIN_LOCS, which will prevent the partial routing of the signal "frame_data[292]". Without this partial route, timing analysis to/from this port will not be accurate, and no routing information for this port can be exported.
WARNING: [Route 35-198] Port "frame_data[281]" does not have an associated HD.PARTPIN_LOCS, which will prevent the partial routing of the signal "frame_data[281]". Without this partial route, timing analysis to/from this port will not be accurate, and no routing information for this port can be exported.
WARNING: [Route 35-198] Port "frame_data[577]" does not have an associated HD.PARTPIN_LOCS, which will prevent the partial routing of the signal "frame_data[577]". Without this partial route, timing analysis to/from this port will not be accurate, and no routing information for this port can be exported.
WARNING: [Route 35-198] Port "frame_data[372]" does not have an associated HD.PARTPIN_LOCS, which will prevent the partial routing of the signal "frame_data[372]". Without this partial route, timing analysis to/from this port will not be accurate, and no routing information for this port can be exported.
WARNING: [Route 35-198] Port "frame_data[432]" does not have an associated HD.PARTPIN_LOCS, which will prevent the partial routing of the signal "frame_data[432]". Without this partial route, timing analysis to/from this port will not be accurate, and no routing information for this port can be exported.
WARNING: [Route 35-198] Port "frame_data[404]" does not have an associated HD.PARTPIN_LOCS, which will prevent the partial routing of the signal "frame_data[404]". Without this partial route, timing analysis to/from this port will not be accurate, and no routing information for this port can be exported.
WARNING: [Route 35-198] Port "frame_data[336]" does not have an associated HD.PARTPIN_LOCS, which will prevent the partial routing of the signal "frame_data[336]". Without this partial route, timing analysis to/from this port will not be accurate, and no routing information for this port can be exported.
WARNING: [Route 35-198] Port "frame_data[641]" does not have an associated HD.PARTPIN_LOCS, which will prevent the partial routing of the signal "frame_data[641]". Without this partial route, timing analysis to/from this port will not be accurate, and no routing information for this port can be exported.
WARNING: [Route 35-198] Port "frame_data[425]" does not have an associated HD.PARTPIN_LOCS, which will prevent the partial routing of the signal "frame_data[425]". Without this partial route, timing analysis to/from this port will not be accurate, and no routing information for this port can be exported.
WARNING: [Route 35-198] Port "frame_data[448]" does not have an associated HD.PARTPIN_LOCS, which will prevent the partial routing of the signal "frame_data[448]". Without this partial route, timing analysis to/from this port will not be accurate, and no routing information for this port can be exported.
WARNING: [Route 35-198] Port "frame_data[400]" does not have an associated HD.PARTPIN_LOCS, which will prevent the partial routing of the signal "frame_data[400]". Without this partial route, timing analysis to/from this port will not be accurate, and no routing information for this port can be exported.
WARNING: [Route 35-198] Port "frame_data[963]" does not have an associated HD.PARTPIN_LOCS, which will prevent the partial routing of the signal "frame_data[963]". Without this partial route, timing analysis to/from this port will not be accurate, and no routing information for this port can be exported.
WARNING: [Route 35-198] Port "frame_data[588]" does not have an associated HD.PARTPIN_LOCS, which will prevent the partial routing of the signal "frame_data[588]". Without this partial route, timing analysis to/from this port will not be accurate, and no routing information for this port can be exported.
WARNING: [Route 35-198] Port "frame_data[512]" does not have an associated HD.PARTPIN_LOCS, which will prevent the partial routing of the signal "frame_data[512]". Without this partial route, timing analysis to/from this port will not be accurate, and no routing information for this port can be exported.
WARNING: [Route 35-198] Port "frame_data[384]" does not have an associated HD.PARTPIN_LOCS, which will prevent the partial routing of the signal "frame_data[384]". Without this partial route, timing analysis to/from this port will not be accurate, and no routing information for this port can be exported.
WARNING: [Route 35-198] Port "frame_data[488]" does not have an associated HD.PARTPIN_LOCS, which will prevent the partial routing of the signal "frame_data[488]". Without this partial route, timing analysis to/from this port will not be accurate, and no routing information for this port can be exported.
WARNING: [Route 35-198] Port "frame_data[420]" does not have an associated HD.PARTPIN_LOCS, which will prevent the partial routing of the signal "frame_data[420]". Without this partial route, timing analysis to/from this port will not be accurate, and no routing information for this port can be exported.
WARNING: [Route 35-198] Port "frame_data[356]" does not have an associated HD.PARTPIN_LOCS, which will prevent the partial routing of the signal "frame_data[356]". Without this partial route, timing analysis to/from this port will not be accurate, and no routing information for this port can be exported.
WARNING: [Route 35-198] Port "frame_data[652]" does not have an associated HD.PARTPIN_LOCS, which will prevent the partial routing of the signal "frame_data[652]". Without this partial route, timing analysis to/from this port will not be accurate, and no routing information for this port can be exported.
WARNING: [Route 35-198] Port "frame_data[507]" does not have an associated HD.PARTPIN_LOCS, which will prevent the partial routing of the signal "frame_data[507]". Without this partial route, timing analysis to/from this port will not be accurate, and no routing information for this port can be exported.
WARNING: [Route 35-198] Port "frame_data[306]" does not have an associated HD.PARTPIN_LOCS, which will prevent the partial routing of the signal "frame_data[306]". Without this partial route, timing analysis to/from this port will not be accurate, and no routing information for this port can be exported.
WARNING: [Route 35-198] Port "frame_data[498]" does not have an associated HD.PARTPIN_LOCS, which will prevent the partial routing of the signal "frame_data[498]". Without this partial route, timing analysis to/from this port will not be accurate, and no routing information for this port can be exported.
WARNING: [Route 35-198] Port "frame_data[370]" does not have an associated HD.PARTPIN_LOCS, which will prevent the partial routing of the signal "frame_data[370]". Without this partial route, timing analysis to/from this port will not be accurate, and no routing information for this port can be exported.
WARNING: [Route 35-198] Port "frame_data[363]" does not have an associated HD.PARTPIN_LOCS, which will prevent the partial routing of the signal "frame_data[363]". Without this partial route, timing analysis to/from this port will not be accurate, and no routing information for this port can be exported.
WARNING: [Route 35-198] Port "frame_data[355]" does not have an associated HD.PARTPIN_LOCS, which will prevent the partial routing of the signal "frame_data[355]". Without this partial route, timing analysis to/from this port will not be accurate, and no routing information for this port can be exported.
WARNING: [Route 35-198] Port "frame_data[340]" does not have an associated HD.PARTPIN_LOCS, which will prevent the partial routing of the signal "frame_data[340]". Without this partial route, timing analysis to/from this port will not be accurate, and no routing information for this port can be exported.
WARNING: [Route 35-198] Port "frame_data[466]" does not have an associated HD.PARTPIN_LOCS, which will prevent the partial routing of the signal "frame_data[466]". Without this partial route, timing analysis to/from this port will not be accurate, and no routing information for this port can be exported.
WARNING: [Route 35-198] Port "frame_data[465]" does not have an associated HD.PARTPIN_LOCS, which will prevent the partial routing of the signal "frame_data[465]". Without this partial route, timing analysis to/from this port will not be accurate, and no routing information for this port can be exported.
WARNING: [Route 35-198] Port "frame_data[418]" does not have an associated HD.PARTPIN_LOCS, which will prevent the partial routing of the signal "frame_data[418]". Without this partial route, timing analysis to/from this port will not be accurate, and no routing information for this port can be exported.
INFO: [Common 17-14] Message 'Route 35-198' appears 100 times and further instances of the messages will be disabled. Use the Tcl command set_msg_config to change the current settings.
WARNING: [Constraints 18-8777] Unable to split tiles. All required files are not available.
Post Restoration Checksum: NetGraph: e196be9a | NumContArr: a18086b0 | Constraints: c2a8fa9d | Timing: c2a8fa9d
Phase 1 Build RT Design | Checksum: 308693a84

Time (s): cpu = 00:00:26 ; elapsed = 00:00:19 . Memory (MB): peak = 2175.883 ; gain = 0.000

Phase 2 Router Initialization

Phase 2.1 Fix Topology Constraints
Phase 2.1 Fix Topology Constraints | Checksum: 308693a84

Time (s): cpu = 00:00:26 ; elapsed = 00:00:20 . Memory (MB): peak = 2175.883 ; gain = 0.000

Phase 2.2 Pre Route Cleanup
Phase 2.2 Pre Route Cleanup | Checksum: 308693a84

Time (s): cpu = 00:00:26 ; elapsed = 00:00:20 . Memory (MB): peak = 2175.883 ; gain = 0.000
 Number of Nodes with overlaps = 0

Phase 2.3 Update Timing
Phase 2.3 Update Timing | Checksum: 12f35c1db

Time (s): cpu = 00:00:34 ; elapsed = 00:00:22 . Memory (MB): peak = 2182.324 ; gain = 6.441
INFO: [Route 35-416] Intermediate Timing Summary | WNS=-3.873 | TNS=-615.727| WHS=0.073  | THS=0.000  |


Phase 2.4 Soft Constraint Pins - Fast Budgeting
Phase 2.4 Soft Constraint Pins - Fast Budgeting | Checksum: 1561aeb8d

Time (s): cpu = 00:00:36 ; elapsed = 00:00:23 . Memory (MB): peak = 2229.023 ; gain = 53.141

Router Utilization Summary
  Global Vertical Routing Utilization    = 0 %
  Global Horizontal Routing Utilization  = 0 %
  Routable Net Status*
  *Does not include unroutable nets such as driverless and loadless.
  Run report_route_status for detailed report.
  Number of Failed Nets               = 22943
    (Failed Nets is the sum of unrouted and partially routed nets)
  Number of Unrouted Nets             = 22943
  Number of Partially Routed Nets     = 0
  Number of Node Overlaps             = 0

Phase 2 Router Initialization | Checksum: 1561aeb8d

Time (s): cpu = 00:00:36 ; elapsed = 00:00:23 . Memory (MB): peak = 2229.023 ; gain = 53.141

Phase 3 Global Routing
Phase 3 Global Routing | Checksum: 1561aeb8d

Time (s): cpu = 00:00:36 ; elapsed = 00:00:23 . Memory (MB): peak = 2229.023 ; gain = 53.141

Phase 4 Initial Routing

Phase 4.1 Initial Net Routing Pass
Phase 4.1 Initial Net Routing Pass | Checksum: 1ed1d503d

Time (s): cpu = 00:00:41 ; elapsed = 00:00:26 . Memory (MB): peak = 2235.121 ; gain = 59.238
Phase 4 Initial Routing | Checksum: 1ed1d503d

Time (s): cpu = 00:00:41 ; elapsed = 00:00:26 . Memory (MB): peak = 2235.121 ; gain = 59.238

Phase 5 Rip-up And Reroute

Phase 5.1 Global Iteration 0
 Number of Nodes with overlaps = 3831
 Number of Nodes with overlaps = 1657
 Number of Nodes with overlaps = 891
 Number of Nodes with overlaps = 352
 Number of Nodes with overlaps = 167
 Number of Nodes with overlaps = 84
 Number of Nodes with overlaps = 52
 Number of Nodes with overlaps = 16
 Number of Nodes with overlaps = 15
 Number of Nodes with overlaps = 19
 Number of Nodes with overlaps = 4
 Number of Nodes with overlaps = 2
 Number of Nodes with overlaps = 0
INFO: [Route 35-416] Intermediate Timing Summary | WNS=-4.576 | TNS=-6910.079| WHS=N/A    | THS=N/A    |

Phase 5.1 Global Iteration 0 | Checksum: 29933d127

Time (s): cpu = 00:01:35 ; elapsed = 00:00:54 . Memory (MB): peak = 2237.211 ; gain = 61.328

Phase 5.2 Global Iteration 1
 Number of Nodes with overlaps = 1792
 Number of Nodes with overlaps = 808
 Number of Nodes with overlaps = 309
 Number of Nodes with overlaps = 87
 Number of Nodes with overlaps = 54
 Number of Nodes with overlaps = 25
 Number of Nodes with overlaps = 36
 Number of Nodes with overlaps = 22
 Number of Nodes with overlaps = 13
 Number of Nodes with overlaps = 8
 Number of Nodes with overlaps = 4
 Number of Nodes with overlaps = 2
 Number of Nodes with overlaps = 3
 Number of Nodes with overlaps = 0
INFO: [Route 35-416] Intermediate Timing Summary | WNS=-4.549 | TNS=-6920.484| WHS=N/A    | THS=N/A    |

Phase 5.2 Global Iteration 1 | Checksum: 28d95abd9

Time (s): cpu = 00:02:18 ; elapsed = 00:01:23 . Memory (MB): peak = 2237.211 ; gain = 61.328
Phase 5 Rip-up And Reroute | Checksum: 28d95abd9

Time (s): cpu = 00:02:18 ; elapsed = 00:01:23 . Memory (MB): peak = 2237.211 ; gain = 61.328

Phase 6 Delay and Skew Optimization

Phase 6.1 Delay CleanUp

Phase 6.1.1 Update Timing
Phase 6.1.1 Update Timing | Checksum: 28d95abd9

Time (s): cpu = 00:02:18 ; elapsed = 00:01:23 . Memory (MB): peak = 2237.211 ; gain = 61.328
INFO: [Route 35-416] Intermediate Timing Summary | WNS=-4.549 | TNS=-6920.484| WHS=N/A    | THS=N/A    |

 Number of Nodes with overlaps = 0
Phase 6.1 Delay CleanUp | Checksum: 24127c71d

Time (s): cpu = 00:02:20 ; elapsed = 00:01:24 . Memory (MB): peak = 2237.211 ; gain = 61.328

Phase 6.2 Clock Skew Optimization
Phase 6.2 Clock Skew Optimization | Checksum: 24127c71d

Time (s): cpu = 00:02:20 ; elapsed = 00:01:24 . Memory (MB): peak = 2237.211 ; gain = 61.328
Phase 6 Delay and Skew Optimization | Checksum: 24127c71d

Time (s): cpu = 00:02:20 ; elapsed = 00:01:24 . Memory (MB): peak = 2237.211 ; gain = 61.328

Phase 7 Post Hold Fix

Phase 7.1 Hold Fix Iter
INFO: [Route 35-416] Intermediate Timing Summary | WNS=-4.549 | TNS=-6034.691| WHS=0.070  | THS=0.000  |

Phase 7.1 Hold Fix Iter | Checksum: 2757a24ba

Time (s): cpu = 00:02:21 ; elapsed = 00:01:24 . Memory (MB): peak = 2237.211 ; gain = 61.328
Phase 7 Post Hold Fix | Checksum: 2757a24ba

Time (s): cpu = 00:02:21 ; elapsed = 00:01:24 . Memory (MB): peak = 2237.211 ; gain = 61.328

Phase 8 Route finalize

Router Utilization Summary
  Global Vertical Routing Utilization    = 5.23123 %
  Global Horizontal Routing Utilization  = 7.91193 %
  Routable Net Status*
  *Does not include unroutable nets such as driverless and loadless.
  Run report_route_status for detailed report.
  Number of Failed Nets               = 0
    (Failed Nets is the sum of unrouted and partially routed nets)
  Number of Unrouted Nets             = 0
  Number of Partially Routed Nets     = 0
  Number of Node Overlaps             = 0


--GLOBAL Congestion:
Utilization threshold used for congestion level computation: 0.85
Congestion Report
North Dir 1x1 Area, Max Cong = 83.7838%, No Congested Regions.
South Dir 1x1 Area, Max Cong = 82.8829%, No Congested Regions.
East Dir 2x2 Area, Max Cong = 88.9706%, Congestion bounded by tiles (Lower Left Tile -> Upper Right Tile):
   INT_L_X26Y130 -> INT_R_X27Y131
   INT_L_X28Y130 -> INT_R_X29Y131
   INT_L_X30Y130 -> INT_R_X31Y131
West Dir 4x4 Area, Max Cong = 86.8566%, Congestion bounded by tiles (Lower Left Tile -> Upper Right Tile):
   INT_L_X40Y130 -> INT_R_X43Y133
   INT_L_X40Y122 -> INT_R_X43Y125

------------------------------
Reporting congestion hotspots
------------------------------
Direction: North
----------------
Congested clusters found at Level 0
Effective congestion level: 0 Aspect Ratio: 1 Sparse Ratio: 0
Direction: South
----------------
Congested clusters found at Level 0
Effective congestion level: 0 Aspect Ratio: 1 Sparse Ratio: 0
Direction: East
----------------
Congested clusters found at Level 0
Effective congestion level: 2 Aspect Ratio: 0.714286 Sparse Ratio: 1.375
Direction: West
----------------
Congested clusters found at Level 2
Effective congestion level: 3 Aspect Ratio: 0.333333 Sparse Ratio: 0.75

Phase 8 Route finalize | Checksum: 2757a24ba

Time (s): cpu = 00:02:21 ; elapsed = 00:01:24 . Memory (MB): peak = 2237.211 ; gain = 61.328

Phase 9 Verifying routed nets

 Verification completed successfully
Phase 9 Verifying routed nets | Checksum: 2757a24ba

Time (s): cpu = 00:02:21 ; elapsed = 00:01:24 . Memory (MB): peak = 2237.211 ; gain = 61.328

Phase 10 Depositing Routes
Phase 10 Depositing Routes | Checksum: 2174f089e

Time (s): cpu = 00:02:23 ; elapsed = 00:01:26 . Memory (MB): peak = 2237.211 ; gain = 61.328

Phase 11 Post Process Routing
Phase 11 Post Process Routing | Checksum: 2174f089e

Time (s): cpu = 00:02:23 ; elapsed = 00:01:26 . Memory (MB): peak = 2237.211 ; gain = 61.328

Phase 12 Post Router Timing
INFO: [Route 35-57] Estimated Timing Summary | WNS=-4.549 | TNS=-6034.691| WHS=0.070  | THS=0.000  |

WARNING: [Route 35-328] Router estimated timing not met.
Resolution: For a complete and accurate timing signoff, report_timing_summary must be run after route_design. Alternatively, route_design can be run with the -timing_summary option to enable a complete timing signoff at the end of route_design.
Phase 12 Post Router Timing | Checksum: 2174f089e

Time (s): cpu = 00:02:23 ; elapsed = 00:01:26 . Memory (MB): peak = 2237.211 ; gain = 61.328
Total Elapsed time in route_design: 85.879 secs

Phase 13 Post-Route Event Processing
Phase 13 Post-Route Event Processing | Checksum: 1644476f7

Time (s): cpu = 00:02:23 ; elapsed = 00:01:26 . Memory (MB): peak = 2237.211 ; gain = 61.328
INFO: [Route 35-16] Router Completed Successfully
Ending Routing Task | Checksum: 1644476f7

Time (s): cpu = 00:02:23 ; elapsed = 00:01:26 . Memory (MB): peak = 2237.211 ; gain = 61.328

Routing Is Done.
INFO: [Common 17-83] Releasing license: Implementation
252 Infos, 107 Warnings, 0 Critical Warnings and 0 Errors encountered.
route_design completed successfully
route_design: Time (s): cpu = 00:02:24 ; elapsed = 00:01:26 . Memory (MB): peak = 2237.211 ; gain = 61.328
WARNING: [Timing 38-242] The property HD.CLK_SRC of clock port "clk" is not set. In out-of-context mode, this prevents timing estimation for clock delay/skew
Resolution: Set the HD.CLK_SRC property of the out-of-context port to the location of the clock buffer instance in the top-level design
CRITICAL WARNING: [Vivado 12-1569] report_timing: The -nets option to is deprecated. The default behavior is to display net names if the timing path format allows it.
INFO: [Timing 38-78] ReportTimingParams: -max_paths 20 -nworst 1 -delay_type max -sort_by slack.
Command: report_methodology -file E:/Codex_project/AMD-SonoField-FPGA/v2/evidence/core_timing_real_loop/round2/routed/methodology.rpt
INFO: [Timing 38-35] Done setting XDC timing constraints.
INFO: [DRC 23-133] Running Methodology with 4 threads
WARNING: [DRC 23-814] Not all possible (connectivity based) DRCs may have been run because this design is seen as Out of Context.
INFO: [Vivado_Tcl 2-1520] The results of Report Methodology are in file E:/Codex_project/AMD-SonoField-FPGA/v2/evidence/core_timing_real_loop/round2/routed/methodology.rpt.
report_methodology completed successfully
Command: report_drc -file E:/Codex_project/AMD-SonoField-FPGA/v2/evidence/core_timing_real_loop/round2/routed/drc.rpt
INFO: [IP_Flow 19-1839] IP Catalog is up to date.
INFO: [DRC 23-27] Running DRC with 4 threads
WARNING: [DRC 23-814] Not all possible (connectivity based) DRCs may have been run because this design is seen as Out of Context.
INFO: [Vivado_Tcl 2-168] The results of DRC are in file E:/Codex_project/AMD-SonoField-FPGA/v2/evidence/core_timing_real_loop/round2/routed/drc.rpt.
report_drc completed successfully
INFO: [Timing 38-35] Done setting XDC timing constraints.
INFO: [Timing 38-314] The report_cdc command only analyzes and reports clock domain crossing paths where clocks have been defined on both source and destination sides. Ports with no input delay constraint are skipped. Please run check_timing to verify there are no missing clock definitions in your design, nor any unconstrained input port.
INFO: [Timing 38-480] Writing timing data to binary archive.
Wrote PlaceDB: Time (s): cpu = 00:00:00 ; elapsed = 00:00:00 . Memory (MB): peak = 2237.211 ; gain = 0.000
Wrote PulsedLatchDB: Time (s): cpu = 00:00:00 ; elapsed = 00:00:00.001 . Memory (MB): peak = 2237.211 ; gain = 0.000
Writing XDEF routing.
Write ShapeDB Complete: Time (s): cpu = 00:00:00 ; elapsed = 00:00:00.015 . Memory (MB): peak = 2237.211 ; gain = 0.000
Writing XDEF routing logical nets.
Writing XDEF routing special nets.
Wrote RouteStorage: Time (s): cpu = 00:00:01 ; elapsed = 00:00:00.187 . Memory (MB): peak = 2237.211 ; gain = 0.000
Wrote PlaceStorage: Time (s): cpu = 00:00:01 ; elapsed = 00:00:00.709 . Memory (MB): peak = 2237.211 ; gain = 0.000
Wrote Netlist Cache: Time (s): cpu = 00:00:00 ; elapsed = 00:00:00.028 . Memory (MB): peak = 2237.211 ; gain = 0.000
Wrote Device Cache: Time (s): cpu = 00:00:00 ; elapsed = 00:00:00.007 . Memory (MB): peak = 2237.211 ; gain = 0.000
Write Physdb Complete: Time (s): cpu = 00:00:02 ; elapsed = 00:00:00.950 . Memory (MB): peak = 2237.211 ; gain = 0.000
INFO: [Common 17-1381] The checkpoint 'E:/Codex_project/AMD-SonoField-FPGA/v2/build/core_timing_round2_routed.dcp' has been generated.
# close_project
# exit
INFO: [Common 17-206] Exiting Vivado at Tue Sep 29 13:36:58 2026...
