Copyright 1986-2022 Xilinx, Inc. All Rights Reserved. Copyright 2022-2025 Advanced Micro Devices, Inc. All Rights Reserved.
---------------------------------------------------------------------------------------------------------------------------------------------------------------------------------------------------------------------
| Tool Version : Vivado v.2025.2 (win64) Build 6299465 Fri Nov 14 19:35:11 GMT 2025
| Date         : Tue Sep 29 13:30:21 2026
| Host         : loverlike running 64-bit major release  (build 9200)
| Command      : report_timing -max_paths 20 -nworst 1 -path_type full_clock_expanded -input_pins -nets -file E:/Codex_project/AMD-SonoField-FPGA/v2/evidence/core_timing_real_loop/round1/routed/critical_paths.rpt
| Design       : sono_axi_system
| Device       : 7z020-clg400
| Speed File   : -1  PRODUCTION 1.12 2019-11-22
| Design State : Routed
---------------------------------------------------------------------------------------------------------------------------------------------------------------------------------------------------------------------

Timing Report

Slack (VIOLATED) :        -7.160ns  (required time - arrival time)
  Source:                 native_system/digital/burst/accumulator_reg[11]_replica/C
                            (rising edge-triggered cell FDCE clocked by core132  {rise@0.000ns fall@3.788ns period=7.576ns})
  Destination:            native_system/digital/serial/captured_reg[31]/D
                            (rising edge-triggered cell FDCE clocked by core132  {rise@0.000ns fall@3.788ns period=7.576ns})
  Path Group:             core132
  Path Type:              Setup (Max at Slow Process Corner)
  Requirement:            7.576ns  (core132 rise@7.576ns - core132 rise@0.000ns)
  Data Path Delay:        14.622ns  (logic 7.373ns (50.424%)  route 7.249ns (49.576%))
  Logic Levels:           29  (CARRY4=18 LUT3=2 LUT4=1 LUT5=5 LUT6=3)
  Clock Path Skew:        -0.049ns (DCD - SCD + CPR)
    Destination Clock Delay (DCD):    0.924ns = ( 8.500 - 7.576 ) 
    Source Clock Delay      (SCD):    0.973ns
    Clock Pessimism Removal (CPR):    0.000ns
  Clock Uncertainty:      0.035ns  ((TSJ^2 + TIJ^2)^1/2 + DJ) / 2 + PE
    Total System Jitter     (TSJ):    0.071ns
    Total Input Jitter      (TIJ):    0.000ns
    Discrete Jitter          (DJ):    0.000ns
    Phase Error              (PE):    0.000ns

    Location             Delay type                Incr(ns)  Path(ns)    Netlist Resource(s)
  -------------------------------------------------------------------    -------------------
                         (clock core132 rise edge)    0.000     0.000 r  
                                                      0.000     0.000 r  clk (IN)
                         net (fo=18015, unset)        0.973     0.973    native_system/digital/burst/clk
    SLICE_X62Y75         FDCE                                         r  native_system/digital/burst/accumulator_reg[11]_replica/C
  -------------------------------------------------------------------    -------------------
    SLICE_X62Y75         FDCE (Prop_fdce_C_Q)         0.518     1.491 r  native_system/digital/burst/accumulator_reg[11]_replica/Q
                         net (fo=4, routed)           0.607     2.098    native_system/digital/burst/scaled[19]_repN
    SLICE_X64Y75                                                      r  native_system/digital/burst/commanded_waveform[127]_INST_0_i_329/I0
    SLICE_X64Y75         LUT3 (Prop_lut3_I0_O)        0.124     2.222 r  native_system/digital/burst/commanded_waveform[127]_INST_0_i_329/O
                         net (fo=3, routed)           0.511     2.732    native_system/digital/burst/commanded_waveform[127]_INST_0_i_329_n_0
    SLICE_X64Y75                                                      r  native_system/digital/burst/commanded_waveform[127]_INST_0_i_267/I4
    SLICE_X64Y75         LUT5 (Prop_lut5_I4_O)        0.124     2.856 r  native_system/digital/burst/commanded_waveform[127]_INST_0_i_267/O
                         net (fo=2, routed)           0.595     3.451    native_system/digital/burst/commanded_waveform[127]_INST_0_i_267_n_0
    SLICE_X61Y75                                                      r  native_system/digital/burst/commanded_waveform[127]_INST_0_i_271/I0
    SLICE_X61Y75         LUT6 (Prop_lut6_I0_O)        0.124     3.575 r  native_system/digital/burst/commanded_waveform[127]_INST_0_i_271/O
                         net (fo=1, routed)           0.000     3.575    native_system/digital/burst/commanded_waveform[127]_INST_0_i_271_n_0
    SLICE_X61Y75                                                      r  native_system/digital/burst/commanded_waveform[127]_INST_0_i_207/S[1]
    SLICE_X61Y75         CARRY4 (Prop_carry4_S[1]_CO[3])
                                                      0.550     4.125 r  native_system/digital/burst/commanded_waveform[127]_INST_0_i_207/CO[3]
                         net (fo=1, routed)           0.000     4.125    native_system/digital/burst/commanded_waveform[127]_INST_0_i_207_n_0
    SLICE_X61Y76                                                      r  native_system/digital/burst/commanded_waveform[127]_INST_0_i_153/CI
    SLICE_X61Y76         CARRY4 (Prop_carry4_CI_CO[3])
                                                      0.114     4.239 r  native_system/digital/burst/commanded_waveform[127]_INST_0_i_153/CO[3]
                         net (fo=1, routed)           0.000     4.239    native_system/digital/burst/commanded_waveform[127]_INST_0_i_153_n_0
    SLICE_X61Y77                                                      r  native_system/digital/burst/commanded_waveform[127]_INST_0_i_101/CI
    SLICE_X61Y77         CARRY4 (Prop_carry4_CI_CO[3])
                                                      0.114     4.353 r  native_system/digital/burst/commanded_waveform[127]_INST_0_i_101/CO[3]
                         net (fo=1, routed)           0.000     4.353    native_system/digital/burst/commanded_waveform[127]_INST_0_i_101_n_0
    SLICE_X61Y78                                                      r  native_system/digital/burst/commanded_waveform[127]_INST_0_i_66/CI
    SLICE_X61Y78         CARRY4 (Prop_carry4_CI_CO[3])
                                                      0.114     4.467 r  native_system/digital/burst/commanded_waveform[127]_INST_0_i_66/CO[3]
                         net (fo=1, routed)           0.000     4.467    native_system/digital/burst/commanded_waveform[127]_INST_0_i_66_n_0
    SLICE_X61Y79                                                      r  native_system/digital/burst/commanded_waveform[127]_INST_0_i_42/CI
    SLICE_X61Y79         CARRY4 (Prop_carry4_CI_CO[3])
                                                      0.114     4.581 r  native_system/digital/burst/commanded_waveform[127]_INST_0_i_42/CO[3]
                         net (fo=1, routed)           0.000     4.581    native_system/digital/burst/commanded_waveform[127]_INST_0_i_42_n_0
    SLICE_X61Y80                                                      r  native_system/digital/burst/commanded_waveform[127]_INST_0_i_40/CI
    SLICE_X61Y80         CARRY4 (Prop_carry4_CI_CO[3])
                                                      0.114     4.695 r  native_system/digital/burst/commanded_waveform[127]_INST_0_i_40/CO[3]
                         net (fo=1, routed)           0.000     4.695    native_system/digital/burst/commanded_waveform[127]_INST_0_i_40_n_0
    SLICE_X61Y81                                                      r  native_system/digital/burst/commanded_waveform[127]_INST_0_i_39/CI
    SLICE_X61Y81         CARRY4 (Prop_carry4_CI_O[1])
                                                      0.334     5.029 r  native_system/digital/burst/commanded_waveform[127]_INST_0_i_39/O[1]
                         net (fo=26, routed)          0.621     5.650    native_system/digital/burst/commanded_waveform[127]_INST_0_i_39_n_6
    SLICE_X64Y80                                                      r  native_system/digital/burst/commanded_waveform[127]_INST_0_i_368/I0
    SLICE_X64Y80         LUT3 (Prop_lut3_I0_O)        0.303     5.953 r  native_system/digital/burst/commanded_waveform[127]_INST_0_i_368/O
                         net (fo=1, routed)           0.689     6.642    native_system/digital/burst/commanded_waveform[127]_INST_0_i_368_n_0
    SLICE_X60Y79                                                      r  native_system/digital/burst/commanded_waveform[127]_INST_0_i_339/DI[2]
    SLICE_X60Y79         CARRY4 (Prop_carry4_DI[2]_CO[3])
                                                      0.398     7.040 r  native_system/digital/burst/commanded_waveform[127]_INST_0_i_339/CO[3]
                         net (fo=1, routed)           0.000     7.040    native_system/digital/burst/commanded_waveform[127]_INST_0_i_339_n_0
    SLICE_X60Y80                                                      r  native_system/digital/burst/commanded_waveform[127]_INST_0_i_295/CI
    SLICE_X60Y80         CARRY4 (Prop_carry4_CI_CO[3])
                                                      0.114     7.154 r  native_system/digital/burst/commanded_waveform[127]_INST_0_i_295/CO[3]
                         net (fo=1, routed)           0.000     7.154    native_system/digital/burst/commanded_waveform[127]_INST_0_i_295_n_0
    SLICE_X60Y81                                                      r  native_system/digital/burst/commanded_waveform[127]_INST_0_i_244/CI
    SLICE_X60Y81         CARRY4 (Prop_carry4_CI_CO[3])
                                                      0.114     7.268 r  native_system/digital/burst/commanded_waveform[127]_INST_0_i_244/CO[3]
                         net (fo=1, routed)           0.000     7.268    native_system/digital/burst/commanded_waveform[127]_INST_0_i_244_n_0
    SLICE_X60Y82                                                      r  native_system/digital/burst/commanded_waveform[127]_INST_0_i_239/CI
    SLICE_X60Y82         CARRY4 (Prop_carry4_CI_CO[1])
                                                      0.157     7.425 r  native_system/digital/burst/commanded_waveform[127]_INST_0_i_239/CO[1]
                         net (fo=2, routed)           0.832     8.257    native_system/digital/burst/commanded_waveform[127]_INST_0_i_239_n_2
    SLICE_X63Y81                                                      r  native_system/digital/burst/commanded_waveform[127]_INST_0_i_177/I3
    SLICE_X63Y81         LUT5 (Prop_lut5_I3_O)        0.329     8.586 r  native_system/digital/burst/commanded_waveform[127]_INST_0_i_177/O
                         net (fo=2, routed)           0.618     9.204    native_system/digital/burst/commanded_waveform[127]_INST_0_i_177_n_0
    SLICE_X57Y81                                                      r  native_system/digital/burst/commanded_waveform[127]_INST_0_i_181/I0
    SLICE_X57Y81         LUT5 (Prop_lut5_I0_O)        0.124     9.328 r  native_system/digital/burst/commanded_waveform[127]_INST_0_i_181/O
                         net (fo=1, routed)           0.000     9.328    native_system/digital/burst/commanded_waveform[127]_INST_0_i_181_n_0
    SLICE_X57Y81                                                      r  native_system/digital/burst/commanded_waveform[127]_INST_0_i_124/S[2]
    SLICE_X57Y81         CARRY4 (Prop_carry4_S[2]_CO[3])
                                                      0.398     9.726 r  native_system/digital/burst/commanded_waveform[127]_INST_0_i_124/CO[3]
                         net (fo=1, routed)           0.000     9.726    native_system/digital/burst/commanded_waveform[127]_INST_0_i_124_n_0
    SLICE_X57Y82                                                      r  native_system/digital/burst/commanded_waveform[127]_INST_0_i_84/CI
    SLICE_X57Y82         CARRY4 (Prop_carry4_CI_CO[3])
                                                      0.114     9.840 r  native_system/digital/burst/commanded_waveform[127]_INST_0_i_84/CO[3]
                         net (fo=1, routed)           0.000     9.840    native_system/digital/burst/commanded_waveform[127]_INST_0_i_84_n_0
    SLICE_X57Y83                                                      r  native_system/digital/burst/commanded_waveform[127]_INST_0_i_50/CI
    SLICE_X57Y83         CARRY4 (Prop_carry4_CI_O[1])
                                                      0.334    10.174 r  native_system/digital/burst/commanded_waveform[127]_INST_0_i_50/O[1]
                         net (fo=3, routed)           0.649    10.823    native_system/digital/burst/commanded_waveform[127]_INST_0_i_50_n_6
    SLICE_X56Y81                                                      r  native_system/digital/burst/commanded_waveform[127]_INST_0_i_80/I1
    SLICE_X56Y81         LUT4 (Prop_lut4_I1_O)        0.303    11.126 r  native_system/digital/burst/commanded_waveform[127]_INST_0_i_80/O
                         net (fo=1, routed)           0.000    11.126    native_system/digital/burst/commanded_waveform[127]_INST_0_i_80_n_0
    SLICE_X56Y81                                                      r  native_system/digital/burst/commanded_waveform[127]_INST_0_i_43/S[3]
    SLICE_X56Y81         CARRY4 (Prop_carry4_S[3]_CO[3])
                                                      0.401    11.527 r  native_system/digital/burst/commanded_waveform[127]_INST_0_i_43/CO[3]
                         net (fo=1, routed)           0.000    11.527    native_system/digital/burst/commanded_waveform[127]_INST_0_i_43_n_0
    SLICE_X56Y82                                                      r  native_system/digital/burst/commanded_waveform[127]_INST_0_i_37/CI
    SLICE_X56Y82         CARRY4 (Prop_carry4_CI_CO[2])
                                                      0.228    11.755 r  native_system/digital/burst/commanded_waveform[127]_INST_0_i_37/CO[2]
                         net (fo=8, routed)           0.554    12.309    native_system/digital/burst/commanded_waveform[127]_INST_0_i_37_n_1
    SLICE_X55Y82                                                      r  native_system/digital/burst/commanded_waveform[127]_INST_0_i_35/I1
    SLICE_X55Y82         LUT6 (Prop_lut6_I1_O)        0.313    12.622 r  native_system/digital/burst/commanded_waveform[127]_INST_0_i_35/O
                         net (fo=1, routed)           0.000    12.622    native_system/digital/burst/commanded_waveform[127]_INST_0_i_35_n_0
    SLICE_X55Y82                                                      r  native_system/digital/burst/commanded_waveform[127]_INST_0_i_23/S[0]
    SLICE_X55Y82         CARRY4 (Prop_carry4_S[0]_CO[3])
                                                      0.532    13.154 r  native_system/digital/burst/commanded_waveform[127]_INST_0_i_23/CO[3]
                         net (fo=1, routed)           0.000    13.154    native_system/digital/burst/commanded_waveform[127]_INST_0_i_23_n_0
    SLICE_X55Y83                                                      r  native_system/digital/burst/commanded_waveform[127]_INST_0_i_17/CI
    SLICE_X55Y83         CARRY4 (Prop_carry4_CI_O[3])
                                                      0.313    13.467 f  native_system/digital/burst/commanded_waveform[127]_INST_0_i_17/O[3]
                         net (fo=1, routed)           0.295    13.762    native_system/digital/burst/phase[7]
    SLICE_X55Y85                                                      f  native_system/digital/burst/commanded_waveform[127]_INST_0_i_11/I0
    SLICE_X55Y85         LUT5 (Prop_lut5_I0_O)        0.306    14.068 r  native_system/digital/burst/commanded_waveform[127]_INST_0_i_11/O
                         net (fo=10, routed)          0.381    14.449    native_system/digital/scheduler/commanded_waveform3
    SLICE_X57Y85                                                      r  native_system/digital/scheduler/commanded_waveform[31]_INST_0_i_2/I4
    SLICE_X57Y85         LUT6 (Prop_lut6_I4_O)        0.124    14.573 r  native_system/digital/scheduler/commanded_waveform[31]_INST_0_i_2/O
                         net (fo=21, routed)          0.566    15.139    native_system/digital/bank/captured_reg[1]_0
    SLICE_X59Y85                                                      r  native_system/digital/bank/commanded_waveform[31]_INST_0/I3
    SLICE_X59Y85         LUT5 (Prop_lut5_I3_O)        0.124    15.263 r  native_system/digital/bank/commanded_waveform[31]_INST_0/O
                         net (fo=1, routed)           0.332    15.595    native_system/digital/serial/commanded_waveform[31]
    SLICE_X58Y86         FDCE                                         r  native_system/digital/serial/captured_reg[31]/D
  -------------------------------------------------------------------    -------------------

                         (clock core132 rise edge)    7.576     7.576 r  
                                                      0.000     7.576 r  clk (IN)
                         net (fo=18015, unset)        0.924     8.500    native_system/digital/serial/clk
    SLICE_X58Y86         FDCE                                         r  native_system/digital/serial/captured_reg[31]/C
                         clock pessimism              0.000     8.500    
                         clock uncertainty           -0.035     8.465    
    SLICE_X58Y86         FDCE (Setup_fdce_C_D)       -0.030     8.435    native_system/digital/serial/captured_reg[31]
  -------------------------------------------------------------------
                         required time                          8.435    
                         arrival time                         -15.595    
  -------------------------------------------------------------------
                         slack                                 -7.160    

Slack (VIOLATED) :        -7.153ns  (required time - arrival time)
  Source:                 native_system/digital/burst/accumulator_reg[11]_replica/C
                            (rising edge-triggered cell FDCE clocked by core132  {rise@0.000ns fall@3.788ns period=7.576ns})
  Destination:            native_system/digital/serial/captured_reg[35]/D
                            (rising edge-triggered cell FDCE clocked by core132  {rise@0.000ns fall@3.788ns period=7.576ns})
  Path Group:             core132
  Path Type:              Setup (Max at Slow Process Corner)
  Requirement:            7.576ns  (core132 rise@7.576ns - core132 rise@0.000ns)
  Data Path Delay:        14.602ns  (logic 7.373ns (50.494%)  route 7.229ns (49.506%))
  Logic Levels:           29  (CARRY4=18 LUT3=2 LUT4=1 LUT5=5 LUT6=3)
  Clock Path Skew:        -0.049ns (DCD - SCD + CPR)
    Destination Clock Delay (DCD):    0.924ns = ( 8.500 - 7.576 ) 
    Source Clock Delay      (SCD):    0.973ns
    Clock Pessimism Removal (CPR):    0.000ns
  Clock Uncertainty:      0.035ns  ((TSJ^2 + TIJ^2)^1/2 + DJ) / 2 + PE
    Total System Jitter     (TSJ):    0.071ns
    Total Input Jitter      (TIJ):    0.000ns
    Discrete Jitter          (DJ):    0.000ns
    Phase Error              (PE):    0.000ns

    Location             Delay type                Incr(ns)  Path(ns)    Netlist Resource(s)
  -------------------------------------------------------------------    -------------------
                         (clock core132 rise edge)    0.000     0.000 r  
                                                      0.000     0.000 r  clk (IN)
                         net (fo=18015, unset)        0.973     0.973    native_system/digital/burst/clk
    SLICE_X62Y75         FDCE                                         r  native_system/digital/burst/accumulator_reg[11]_replica/C
  -------------------------------------------------------------------    -------------------
    SLICE_X62Y75         FDCE (Prop_fdce_C_Q)         0.518     1.491 r  native_system/digital/burst/accumulator_reg[11]_replica/Q
                         net (fo=4, routed)           0.607     2.098    native_system/digital/burst/scaled[19]_repN
    SLICE_X64Y75                                                      r  native_system/digital/burst/commanded_waveform[127]_INST_0_i_329/I0
    SLICE_X64Y75         LUT3 (Prop_lut3_I0_O)        0.124     2.222 r  native_system/digital/burst/commanded_waveform[127]_INST_0_i_329/O
                         net (fo=3, routed)           0.511     2.732    native_system/digital/burst/commanded_waveform[127]_INST_0_i_329_n_0
    SLICE_X64Y75                                                      r  native_system/digital/burst/commanded_waveform[127]_INST_0_i_267/I4
    SLICE_X64Y75         LUT5 (Prop_lut5_I4_O)        0.124     2.856 r  native_system/digital/burst/commanded_waveform[127]_INST_0_i_267/O
                         net (fo=2, routed)           0.595     3.451    native_system/digital/burst/commanded_waveform[127]_INST_0_i_267_n_0
    SLICE_X61Y75                                                      r  native_system/digital/burst/commanded_waveform[127]_INST_0_i_271/I0
    SLICE_X61Y75         LUT6 (Prop_lut6_I0_O)        0.124     3.575 r  native_system/digital/burst/commanded_waveform[127]_INST_0_i_271/O
                         net (fo=1, routed)           0.000     3.575    native_system/digital/burst/commanded_waveform[127]_INST_0_i_271_n_0
    SLICE_X61Y75                                                      r  native_system/digital/burst/commanded_waveform[127]_INST_0_i_207/S[1]
    SLICE_X61Y75         CARRY4 (Prop_carry4_S[1]_CO[3])
                                                      0.550     4.125 r  native_system/digital/burst/commanded_waveform[127]_INST_0_i_207/CO[3]
                         net (fo=1, routed)           0.000     4.125    native_system/digital/burst/commanded_waveform[127]_INST_0_i_207_n_0
    SLICE_X61Y76                                                      r  native_system/digital/burst/commanded_waveform[127]_INST_0_i_153/CI
    SLICE_X61Y76         CARRY4 (Prop_carry4_CI_CO[3])
                                                      0.114     4.239 r  native_system/digital/burst/commanded_waveform[127]_INST_0_i_153/CO[3]
                         net (fo=1, routed)           0.000     4.239    native_system/digital/burst/commanded_waveform[127]_INST_0_i_153_n_0
    SLICE_X61Y77                                                      r  native_system/digital/burst/commanded_waveform[127]_INST_0_i_101/CI
    SLICE_X61Y77         CARRY4 (Prop_carry4_CI_CO[3])
                                                      0.114     4.353 r  native_system/digital/burst/commanded_waveform[127]_INST_0_i_101/CO[3]
                         net (fo=1, routed)           0.000     4.353    native_system/digital/burst/commanded_waveform[127]_INST_0_i_101_n_0
    SLICE_X61Y78                                                      r  native_system/digital/burst/commanded_waveform[127]_INST_0_i_66/CI
    SLICE_X61Y78         CARRY4 (Prop_carry4_CI_CO[3])
                                                      0.114     4.467 r  native_system/digital/burst/commanded_waveform[127]_INST_0_i_66/CO[3]
                         net (fo=1, routed)           0.000     4.467    native_system/digital/burst/commanded_waveform[127]_INST_0_i_66_n_0
    SLICE_X61Y79                                                      r  native_system/digital/burst/commanded_waveform[127]_INST_0_i_42/CI
    SLICE_X61Y79         CARRY4 (Prop_carry4_CI_CO[3])
                                                      0.114     4.581 r  native_system/digital/burst/commanded_waveform[127]_INST_0_i_42/CO[3]
                         net (fo=1, routed)           0.000     4.581    native_system/digital/burst/commanded_waveform[127]_INST_0_i_42_n_0
    SLICE_X61Y80                                                      r  native_system/digital/burst/commanded_waveform[127]_INST_0_i_40/CI
    SLICE_X61Y80         CARRY4 (Prop_carry4_CI_CO[3])
                                                      0.114     4.695 r  native_system/digital/burst/commanded_waveform[127]_INST_0_i_40/CO[3]
                         net (fo=1, routed)           0.000     4.695    native_system/digital/burst/commanded_waveform[127]_INST_0_i_40_n_0
    SLICE_X61Y81                                                      r  native_system/digital/burst/commanded_waveform[127]_INST_0_i_39/CI
    SLICE_X61Y81         CARRY4 (Prop_carry4_CI_O[1])
                                                      0.334     5.029 r  native_system/digital/burst/commanded_waveform[127]_INST_0_i_39/O[1]
                         net (fo=26, routed)          0.621     5.650    native_system/digital/burst/commanded_waveform[127]_INST_0_i_39_n_6
    SLICE_X64Y80                                                      r  native_system/digital/burst/commanded_waveform[127]_INST_0_i_368/I0
    SLICE_X64Y80         LUT3 (Prop_lut3_I0_O)        0.303     5.953 r  native_system/digital/burst/commanded_waveform[127]_INST_0_i_368/O
                         net (fo=1, routed)           0.689     6.642    native_system/digital/burst/commanded_waveform[127]_INST_0_i_368_n_0
    SLICE_X60Y79                                                      r  native_system/digital/burst/commanded_waveform[127]_INST_0_i_339/DI[2]
    SLICE_X60Y79         CARRY4 (Prop_carry4_DI[2]_CO[3])
                                                      0.398     7.040 r  native_system/digital/burst/commanded_waveform[127]_INST_0_i_339/CO[3]
                         net (fo=1, routed)           0.000     7.040    native_system/digital/burst/commanded_waveform[127]_INST_0_i_339_n_0
    SLICE_X60Y80                                                      r  native_system/digital/burst/commanded_waveform[127]_INST_0_i_295/CI
    SLICE_X60Y80         CARRY4 (Prop_carry4_CI_CO[3])
                                                      0.114     7.154 r  native_system/digital/burst/commanded_waveform[127]_INST_0_i_295/CO[3]
                         net (fo=1, routed)           0.000     7.154    native_system/digital/burst/commanded_waveform[127]_INST_0_i_295_n_0
    SLICE_X60Y81                                                      r  native_system/digital/burst/commanded_waveform[127]_INST_0_i_244/CI
    SLICE_X60Y81         CARRY4 (Prop_carry4_CI_CO[3])
                                                      0.114     7.268 r  native_system/digital/burst/commanded_waveform[127]_INST_0_i_244/CO[3]
                         net (fo=1, routed)           0.000     7.268    native_system/digital/burst/commanded_waveform[127]_INST_0_i_244_n_0
    SLICE_X60Y82                                                      r  native_system/digital/burst/commanded_waveform[127]_INST_0_i_239/CI
    SLICE_X60Y82         CARRY4 (Prop_carry4_CI_CO[1])
                                                      0.157     7.425 r  native_system/digital/burst/commanded_waveform[127]_INST_0_i_239/CO[1]
                         net (fo=2, routed)           0.832     8.257    native_system/digital/burst/commanded_waveform[127]_INST_0_i_239_n_2
    SLICE_X63Y81                                                      r  native_system/digital/burst/commanded_waveform[127]_INST_0_i_177/I3
    SLICE_X63Y81         LUT5 (Prop_lut5_I3_O)        0.329     8.586 r  native_system/digital/burst/commanded_waveform[127]_INST_0_i_177/O
                         net (fo=2, routed)           0.618     9.204    native_system/digital/burst/commanded_waveform[127]_INST_0_i_177_n_0
    SLICE_X57Y81                                                      r  native_system/digital/burst/commanded_waveform[127]_INST_0_i_181/I0
    SLICE_X57Y81         LUT5 (Prop_lut5_I0_O)        0.124     9.328 r  native_system/digital/burst/commanded_waveform[127]_INST_0_i_181/O
                         net (fo=1, routed)           0.000     9.328    native_system/digital/burst/commanded_waveform[127]_INST_0_i_181_n_0
    SLICE_X57Y81                                                      r  native_system/digital/burst/commanded_waveform[127]_INST_0_i_124/S[2]
    SLICE_X57Y81         CARRY4 (Prop_carry4_S[2]_CO[3])
                                                      0.398     9.726 r  native_system/digital/burst/commanded_waveform[127]_INST_0_i_124/CO[3]
                         net (fo=1, routed)           0.000     9.726    native_system/digital/burst/commanded_waveform[127]_INST_0_i_124_n_0
    SLICE_X57Y82                                                      r  native_system/digital/burst/commanded_waveform[127]_INST_0_i_84/CI
    SLICE_X57Y82         CARRY4 (Prop_carry4_CI_CO[3])
                                                      0.114     9.840 r  native_system/digital/burst/commanded_waveform[127]_INST_0_i_84/CO[3]
                         net (fo=1, routed)           0.000     9.840    native_system/digital/burst/commanded_waveform[127]_INST_0_i_84_n_0
    SLICE_X57Y83                                                      r  native_system/digital/burst/commanded_waveform[127]_INST_0_i_50/CI
    SLICE_X57Y83         CARRY4 (Prop_carry4_CI_O[1])
                                                      0.334    10.174 r  native_system/digital/burst/commanded_waveform[127]_INST_0_i_50/O[1]
                         net (fo=3, routed)           0.649    10.823    native_system/digital/burst/commanded_waveform[127]_INST_0_i_50_n_6
    SLICE_X56Y81                                                      r  native_system/digital/burst/commanded_waveform[127]_INST_0_i_80/I1
    SLICE_X56Y81         LUT4 (Prop_lut4_I1_O)        0.303    11.126 r  native_system/digital/burst/commanded_waveform[127]_INST_0_i_80/O
                         net (fo=1, routed)           0.000    11.126    native_system/digital/burst/commanded_waveform[127]_INST_0_i_80_n_0
    SLICE_X56Y81                                                      r  native_system/digital/burst/commanded_waveform[127]_INST_0_i_43/S[3]
    SLICE_X56Y81         CARRY4 (Prop_carry4_S[3]_CO[3])
                                                      0.401    11.527 r  native_system/digital/burst/commanded_waveform[127]_INST_0_i_43/CO[3]
                         net (fo=1, routed)           0.000    11.527    native_system/digital/burst/commanded_waveform[127]_INST_0_i_43_n_0
    SLICE_X56Y82                                                      r  native_system/digital/burst/commanded_waveform[127]_INST_0_i_37/CI
    SLICE_X56Y82         CARRY4 (Prop_carry4_CI_CO[2])
                                                      0.228    11.755 r  native_system/digital/burst/commanded_waveform[127]_INST_0_i_37/CO[2]
                         net (fo=8, routed)           0.554    12.309    native_system/digital/burst/commanded_waveform[127]_INST_0_i_37_n_1
    SLICE_X55Y82                                                      r  native_system/digital/burst/commanded_waveform[127]_INST_0_i_35/I1
    SLICE_X55Y82         LUT6 (Prop_lut6_I1_O)        0.313    12.622 r  native_system/digital/burst/commanded_waveform[127]_INST_0_i_35/O
                         net (fo=1, routed)           0.000    12.622    native_system/digital/burst/commanded_waveform[127]_INST_0_i_35_n_0
    SLICE_X55Y82                                                      r  native_system/digital/burst/commanded_waveform[127]_INST_0_i_23/S[0]
    SLICE_X55Y82         CARRY4 (Prop_carry4_S[0]_CO[3])
                                                      0.532    13.154 r  native_system/digital/burst/commanded_waveform[127]_INST_0_i_23/CO[3]
                         net (fo=1, routed)           0.000    13.154    native_system/digital/burst/commanded_waveform[127]_INST_0_i_23_n_0
    SLICE_X55Y83                                                      r  native_system/digital/burst/commanded_waveform[127]_INST_0_i_17/CI
    SLICE_X55Y83         CARRY4 (Prop_carry4_CI_O[3])
                                                      0.313    13.467 f  native_system/digital/burst/commanded_waveform[127]_INST_0_i_17/O[3]
                         net (fo=1, routed)           0.295    13.762    native_system/digital/burst/phase[7]
    SLICE_X55Y85                                                      f  native_system/digital/burst/commanded_waveform[127]_INST_0_i_11/I0
    SLICE_X55Y85         LUT5 (Prop_lut5_I0_O)        0.306    14.068 r  native_system/digital/burst/commanded_waveform[127]_INST_0_i_11/O
                         net (fo=10, routed)          0.217    14.285    native_system/digital/scheduler/commanded_waveform3
    SLICE_X55Y85                                                      r  native_system/digital/scheduler/commanded_waveform[63]_INST_0_i_2/I4
    SLICE_X55Y85         LUT6 (Prop_lut6_I4_O)        0.124    14.409 r  native_system/digital/scheduler/commanded_waveform[63]_INST_0_i_2/O
                         net (fo=22, routed)          0.709    15.118    native_system/digital/bank/captured_reg[33]_0
    SLICE_X51Y85                                                      r  native_system/digital/bank/commanded_waveform[35]_INST_0/I3
    SLICE_X51Y85         LUT5 (Prop_lut5_I3_O)        0.124    15.242 r  native_system/digital/bank/commanded_waveform[35]_INST_0/O
                         net (fo=2, routed)           0.333    15.575    native_system/digital/serial/commanded_waveform[35]
    SLICE_X53Y85         FDCE                                         r  native_system/digital/serial/captured_reg[35]/D
  -------------------------------------------------------------------    -------------------

                         (clock core132 rise edge)    7.576     7.576 r  
                                                      0.000     7.576 r  clk (IN)
                         net (fo=18015, unset)        0.924     8.500    native_system/digital/serial/clk
    SLICE_X53Y85         FDCE                                         r  native_system/digital/serial/captured_reg[35]/C
                         clock pessimism              0.000     8.500    
                         clock uncertainty           -0.035     8.465    
    SLICE_X53Y85         FDCE (Setup_fdce_C_D)       -0.043     8.422    native_system/digital/serial/captured_reg[35]
  -------------------------------------------------------------------
                         required time                          8.422    
                         arrival time                         -15.575    
  -------------------------------------------------------------------
                         slack                                 -7.153    

Slack (VIOLATED) :        -7.097ns  (required time - arrival time)
  Source:                 native_system/digital/burst/accumulator_reg[11]_replica/C
                            (rising edge-triggered cell FDCE clocked by core132  {rise@0.000ns fall@3.788ns period=7.576ns})
  Destination:            native_system/digital/serial/captured_reg[95]/D
                            (rising edge-triggered cell FDCE clocked by core132  {rise@0.000ns fall@3.788ns period=7.576ns})
  Path Group:             core132
  Path Type:              Setup (Max at Slow Process Corner)
  Requirement:            7.576ns  (core132 rise@7.576ns - core132 rise@0.000ns)
  Data Path Delay:        14.522ns  (logic 7.373ns (50.770%)  route 7.149ns (49.230%))
  Logic Levels:           29  (CARRY4=18 LUT3=2 LUT4=1 LUT5=5 LUT6=3)
  Clock Path Skew:        -0.049ns (DCD - SCD + CPR)
    Destination Clock Delay (DCD):    0.924ns = ( 8.500 - 7.576 ) 
    Source Clock Delay      (SCD):    0.973ns
    Clock Pessimism Removal (CPR):    0.000ns
  Clock Uncertainty:      0.035ns  ((TSJ^2 + TIJ^2)^1/2 + DJ) / 2 + PE
    Total System Jitter     (TSJ):    0.071ns
    Total Input Jitter      (TIJ):    0.000ns
    Discrete Jitter          (DJ):    0.000ns
    Phase Error              (PE):    0.000ns

    Location             Delay type                Incr(ns)  Path(ns)    Netlist Resource(s)
  -------------------------------------------------------------------    -------------------
                         (clock core132 rise edge)    0.000     0.000 r  
                                                      0.000     0.000 r  clk (IN)
                         net (fo=18015, unset)        0.973     0.973    native_system/digital/burst/clk
    SLICE_X62Y75         FDCE                                         r  native_system/digital/burst/accumulator_reg[11]_replica/C
  -------------------------------------------------------------------    -------------------
    SLICE_X62Y75         FDCE (Prop_fdce_C_Q)         0.518     1.491 r  native_system/digital/burst/accumulator_reg[11]_replica/Q
                         net (fo=4, routed)           0.607     2.098    native_system/digital/burst/scaled[19]_repN
    SLICE_X64Y75                                                      r  native_system/digital/burst/commanded_waveform[127]_INST_0_i_329/I0
    SLICE_X64Y75         LUT3 (Prop_lut3_I0_O)        0.124     2.222 r  native_system/digital/burst/commanded_waveform[127]_INST_0_i_329/O
                         net (fo=3, routed)           0.511     2.732    native_system/digital/burst/commanded_waveform[127]_INST_0_i_329_n_0
    SLICE_X64Y75                                                      r  native_system/digital/burst/commanded_waveform[127]_INST_0_i_267/I4
    SLICE_X64Y75         LUT5 (Prop_lut5_I4_O)        0.124     2.856 r  native_system/digital/burst/commanded_waveform[127]_INST_0_i_267/O
                         net (fo=2, routed)           0.595     3.451    native_system/digital/burst/commanded_waveform[127]_INST_0_i_267_n_0
    SLICE_X61Y75                                                      r  native_system/digital/burst/commanded_waveform[127]_INST_0_i_271/I0
    SLICE_X61Y75         LUT6 (Prop_lut6_I0_O)        0.124     3.575 r  native_system/digital/burst/commanded_waveform[127]_INST_0_i_271/O
                         net (fo=1, routed)           0.000     3.575    native_system/digital/burst/commanded_waveform[127]_INST_0_i_271_n_0
    SLICE_X61Y75                                                      r  native_system/digital/burst/commanded_waveform[127]_INST_0_i_207/S[1]
    SLICE_X61Y75         CARRY4 (Prop_carry4_S[1]_CO[3])
                                                      0.550     4.125 r  native_system/digital/burst/commanded_waveform[127]_INST_0_i_207/CO[3]
                         net (fo=1, routed)           0.000     4.125    native_system/digital/burst/commanded_waveform[127]_INST_0_i_207_n_0
    SLICE_X61Y76                                                      r  native_system/digital/burst/commanded_waveform[127]_INST_0_i_153/CI
    SLICE_X61Y76         CARRY4 (Prop_carry4_CI_CO[3])
                                                      0.114     4.239 r  native_system/digital/burst/commanded_waveform[127]_INST_0_i_153/CO[3]
                         net (fo=1, routed)           0.000     4.239    native_system/digital/burst/commanded_waveform[127]_INST_0_i_153_n_0
    SLICE_X61Y77                                                      r  native_system/digital/burst/commanded_waveform[127]_INST_0_i_101/CI
    SLICE_X61Y77         CARRY4 (Prop_carry4_CI_CO[3])
                                                      0.114     4.353 r  native_system/digital/burst/commanded_waveform[127]_INST_0_i_101/CO[3]
                         net (fo=1, routed)           0.000     4.353    native_system/digital/burst/commanded_waveform[127]_INST_0_i_101_n_0
    SLICE_X61Y78                                                      r  native_system/digital/burst/commanded_waveform[127]_INST_0_i_66/CI
    SLICE_X61Y78         CARRY4 (Prop_carry4_CI_CO[3])
                                                      0.114     4.467 r  native_system/digital/burst/commanded_waveform[127]_INST_0_i_66/CO[3]
                         net (fo=1, routed)           0.000     4.467    native_system/digital/burst/commanded_waveform[127]_INST_0_i_66_n_0
    SLICE_X61Y79                                                      r  native_system/digital/burst/commanded_waveform[127]_INST_0_i_42/CI
    SLICE_X61Y79         CARRY4 (Prop_carry4_CI_CO[3])
                                                      0.114     4.581 r  native_system/digital/burst/commanded_waveform[127]_INST_0_i_42/CO[3]
                         net (fo=1, routed)           0.000     4.581    native_system/digital/burst/commanded_waveform[127]_INST_0_i_42_n_0
    SLICE_X61Y80                                                      r  native_system/digital/burst/commanded_waveform[127]_INST_0_i_40/CI
    SLICE_X61Y80         CARRY4 (Prop_carry4_CI_CO[3])
                                                      0.114     4.695 r  native_system/digital/burst/commanded_waveform[127]_INST_0_i_40/CO[3]
                         net (fo=1, routed)           0.000     4.695    native_system/digital/burst/commanded_waveform[127]_INST_0_i_40_n_0
    SLICE_X61Y81                                                      r  native_system/digital/burst/commanded_waveform[127]_INST_0_i_39/CI
    SLICE_X61Y81         CARRY4 (Prop_carry4_CI_O[1])
                                                      0.334     5.029 r  native_system/digital/burst/commanded_waveform[127]_INST_0_i_39/O[1]
                         net (fo=26, routed)          0.621     5.650    native_system/digital/burst/commanded_waveform[127]_INST_0_i_39_n_6
    SLICE_X64Y80                                                      r  native_system/digital/burst/commanded_waveform[127]_INST_0_i_368/I0
    SLICE_X64Y80         LUT3 (Prop_lut3_I0_O)        0.303     5.953 r  native_system/digital/burst/commanded_waveform[127]_INST_0_i_368/O
                         net (fo=1, routed)           0.689     6.642    native_system/digital/burst/commanded_waveform[127]_INST_0_i_368_n_0
    SLICE_X60Y79                                                      r  native_system/digital/burst/commanded_waveform[127]_INST_0_i_339/DI[2]
    SLICE_X60Y79         CARRY4 (Prop_carry4_DI[2]_CO[3])
                                                      0.398     7.040 r  native_system/digital/burst/commanded_waveform[127]_INST_0_i_339/CO[3]
                         net (fo=1, routed)           0.000     7.040    native_system/digital/burst/commanded_waveform[127]_INST_0_i_339_n_0
    SLICE_X60Y80                                                      r  native_system/digital/burst/commanded_waveform[127]_INST_0_i_295/CI
    SLICE_X60Y80         CARRY4 (Prop_carry4_CI_CO[3])
                                                      0.114     7.154 r  native_system/digital/burst/commanded_waveform[127]_INST_0_i_295/CO[3]
                         net (fo=1, routed)           0.000     7.154    native_system/digital/burst/commanded_waveform[127]_INST_0_i_295_n_0
    SLICE_X60Y81                                                      r  native_system/digital/burst/commanded_waveform[127]_INST_0_i_244/CI
    SLICE_X60Y81         CARRY4 (Prop_carry4_CI_CO[3])
                                                      0.114     7.268 r  native_system/digital/burst/commanded_waveform[127]_INST_0_i_244/CO[3]
                         net (fo=1, routed)           0.000     7.268    native_system/digital/burst/commanded_waveform[127]_INST_0_i_244_n_0
    SLICE_X60Y82                                                      r  native_system/digital/burst/commanded_waveform[127]_INST_0_i_239/CI
    SLICE_X60Y82         CARRY4 (Prop_carry4_CI_CO[1])
                                                      0.157     7.425 r  native_system/digital/burst/commanded_waveform[127]_INST_0_i_239/CO[1]
                         net (fo=2, routed)           0.832     8.257    native_system/digital/burst/commanded_waveform[127]_INST_0_i_239_n_2
    SLICE_X63Y81                                                      r  native_system/digital/burst/commanded_waveform[127]_INST_0_i_177/I3
    SLICE_X63Y81         LUT5 (Prop_lut5_I3_O)        0.329     8.586 r  native_system/digital/burst/commanded_waveform[127]_INST_0_i_177/O
                         net (fo=2, routed)           0.618     9.204    native_system/digital/burst/commanded_waveform[127]_INST_0_i_177_n_0
    SLICE_X57Y81                                                      r  native_system/digital/burst/commanded_waveform[127]_INST_0_i_181/I0
    SLICE_X57Y81         LUT5 (Prop_lut5_I0_O)        0.124     9.328 r  native_system/digital/burst/commanded_waveform[127]_INST_0_i_181/O
                         net (fo=1, routed)           0.000     9.328    native_system/digital/burst/commanded_waveform[127]_INST_0_i_181_n_0
    SLICE_X57Y81                                                      r  native_system/digital/burst/commanded_waveform[127]_INST_0_i_124/S[2]
    SLICE_X57Y81         CARRY4 (Prop_carry4_S[2]_CO[3])
                                                      0.398     9.726 r  native_system/digital/burst/commanded_waveform[127]_INST_0_i_124/CO[3]
                         net (fo=1, routed)           0.000     9.726    native_system/digital/burst/commanded_waveform[127]_INST_0_i_124_n_0
    SLICE_X57Y82                                                      r  native_system/digital/burst/commanded_waveform[127]_INST_0_i_84/CI
    SLICE_X57Y82         CARRY4 (Prop_carry4_CI_CO[3])
                                                      0.114     9.840 r  native_system/digital/burst/commanded_waveform[127]_INST_0_i_84/CO[3]
                         net (fo=1, routed)           0.000     9.840    native_system/digital/burst/commanded_waveform[127]_INST_0_i_84_n_0
    SLICE_X57Y83                                                      r  native_system/digital/burst/commanded_waveform[127]_INST_0_i_50/CI
    SLICE_X57Y83         CARRY4 (Prop_carry4_CI_O[1])
                                                      0.334    10.174 r  native_system/digital/burst/commanded_waveform[127]_INST_0_i_50/O[1]
                         net (fo=3, routed)           0.649    10.823    native_system/digital/burst/commanded_waveform[127]_INST_0_i_50_n_6
    SLICE_X56Y81                                                      r  native_system/digital/burst/commanded_waveform[127]_INST_0_i_80/I1
    SLICE_X56Y81         LUT4 (Prop_lut4_I1_O)        0.303    11.126 r  native_system/digital/burst/commanded_waveform[127]_INST_0_i_80/O
                         net (fo=1, routed)           0.000    11.126    native_system/digital/burst/commanded_waveform[127]_INST_0_i_80_n_0
    SLICE_X56Y81                                                      r  native_system/digital/burst/commanded_waveform[127]_INST_0_i_43/S[3]
    SLICE_X56Y81         CARRY4 (Prop_carry4_S[3]_CO[3])
                                                      0.401    11.527 r  native_system/digital/burst/commanded_waveform[127]_INST_0_i_43/CO[3]
                         net (fo=1, routed)           0.000    11.527    native_system/digital/burst/commanded_waveform[127]_INST_0_i_43_n_0
    SLICE_X56Y82                                                      r  native_system/digital/burst/commanded_waveform[127]_INST_0_i_37/CI
    SLICE_X56Y82         CARRY4 (Prop_carry4_CI_CO[2])
                                                      0.228    11.755 r  native_system/digital/burst/commanded_waveform[127]_INST_0_i_37/CO[2]
                         net (fo=8, routed)           0.554    12.309    native_system/digital/burst/commanded_waveform[127]_INST_0_i_37_n_1
    SLICE_X55Y82                                                      r  native_system/digital/burst/commanded_waveform[127]_INST_0_i_35/I1
    SLICE_X55Y82         LUT6 (Prop_lut6_I1_O)        0.313    12.622 r  native_system/digital/burst/commanded_waveform[127]_INST_0_i_35/O
                         net (fo=1, routed)           0.000    12.622    native_system/digital/burst/commanded_waveform[127]_INST_0_i_35_n_0
    SLICE_X55Y82                                                      r  native_system/digital/burst/commanded_waveform[127]_INST_0_i_23/S[0]
    SLICE_X55Y82         CARRY4 (Prop_carry4_S[0]_CO[3])
                                                      0.532    13.154 r  native_system/digital/burst/commanded_waveform[127]_INST_0_i_23/CO[3]
                         net (fo=1, routed)           0.000    13.154    native_system/digital/burst/commanded_waveform[127]_INST_0_i_23_n_0
    SLICE_X55Y83                                                      r  native_system/digital/burst/commanded_waveform[127]_INST_0_i_17/CI
    SLICE_X55Y83         CARRY4 (Prop_carry4_CI_O[3])
                                                      0.313    13.467 f  native_system/digital/burst/commanded_waveform[127]_INST_0_i_17/O[3]
                         net (fo=1, routed)           0.295    13.762    native_system/digital/burst/phase[7]
    SLICE_X55Y85                                                      f  native_system/digital/burst/commanded_waveform[127]_INST_0_i_11/I0
    SLICE_X55Y85         LUT5 (Prop_lut5_I0_O)        0.306    14.068 r  native_system/digital/burst/commanded_waveform[127]_INST_0_i_11/O
                         net (fo=10, routed)          0.214    14.282    native_system/digital/scheduler/commanded_waveform3
    SLICE_X55Y85                                                      r  native_system/digital/scheduler/commanded_waveform[95]_INST_0_i_2/I4
    SLICE_X55Y85         LUT6 (Prop_lut6_I4_O)        0.124    14.406 r  native_system/digital/scheduler/commanded_waveform[95]_INST_0_i_2/O
                         net (fo=17, routed)          0.614    15.021    native_system/digital/bank/captured_reg[65]_0
    SLICE_X66Y85                                                      r  native_system/digital/bank/commanded_waveform[95]_INST_0/I3
    SLICE_X66Y85         LUT5 (Prop_lut5_I3_O)        0.124    15.145 r  native_system/digital/bank/commanded_waveform[95]_INST_0/O
                         net (fo=2, routed)           0.351    15.495    native_system/digital/serial/commanded_waveform[95]
    SLICE_X67Y85         FDCE                                         r  native_system/digital/serial/captured_reg[95]/D
  -------------------------------------------------------------------    -------------------

                         (clock core132 rise edge)    7.576     7.576 r  
                                                      0.000     7.576 r  clk (IN)
                         net (fo=18015, unset)        0.924     8.500    native_system/digital/serial/clk
    SLICE_X67Y85         FDCE                                         r  native_system/digital/serial/captured_reg[95]/C
                         clock pessimism              0.000     8.500    
                         clock uncertainty           -0.035     8.465    
    SLICE_X67Y85         FDCE (Setup_fdce_C_D)       -0.067     8.398    native_system/digital/serial/captured_reg[95]
  -------------------------------------------------------------------
                         required time                          8.398    
                         arrival time                         -15.495    
  -------------------------------------------------------------------
                         slack                                 -7.097    

Slack (VIOLATED) :        -7.072ns  (required time - arrival time)
  Source:                 native_system/digital/burst/accumulator_reg[11]_replica/C
                            (rising edge-triggered cell FDCE clocked by core132  {rise@0.000ns fall@3.788ns period=7.576ns})
  Destination:            native_system/digital/serial/serial_data_reg[21]/D
                            (rising edge-triggered cell FDCE clocked by core132  {rise@0.000ns fall@3.788ns period=7.576ns})
  Path Group:             core132
  Path Type:              Setup (Max at Slow Process Corner)
  Requirement:            7.576ns  (core132 rise@7.576ns - core132 rise@0.000ns)
  Data Path Delay:        14.645ns  (logic 7.497ns (51.193%)  route 7.148ns (48.807%))
  Logic Levels:           30  (CARRY4=18 LUT3=2 LUT4=1 LUT5=5 LUT6=4)
  Clock Path Skew:        -0.049ns (DCD - SCD + CPR)
    Destination Clock Delay (DCD):    0.924ns = ( 8.500 - 7.576 ) 
    Source Clock Delay      (SCD):    0.973ns
    Clock Pessimism Removal (CPR):    0.000ns
  Clock Uncertainty:      0.035ns  ((TSJ^2 + TIJ^2)^1/2 + DJ) / 2 + PE
    Total System Jitter     (TSJ):    0.071ns
    Total Input Jitter      (TIJ):    0.000ns
    Discrete Jitter          (DJ):    0.000ns
    Phase Error              (PE):    0.000ns

    Location             Delay type                Incr(ns)  Path(ns)    Netlist Resource(s)
  -------------------------------------------------------------------    -------------------
                         (clock core132 rise edge)    0.000     0.000 r  
                                                      0.000     0.000 r  clk (IN)
                         net (fo=18015, unset)        0.973     0.973    native_system/digital/burst/clk
    SLICE_X62Y75         FDCE                                         r  native_system/digital/burst/accumulator_reg[11]_replica/C
  -------------------------------------------------------------------    -------------------
    SLICE_X62Y75         FDCE (Prop_fdce_C_Q)         0.518     1.491 r  native_system/digital/burst/accumulator_reg[11]_replica/Q
                         net (fo=4, routed)           0.607     2.098    native_system/digital/burst/scaled[19]_repN
    SLICE_X64Y75                                                      r  native_system/digital/burst/commanded_waveform[127]_INST_0_i_329/I0
    SLICE_X64Y75         LUT3 (Prop_lut3_I0_O)        0.124     2.222 r  native_system/digital/burst/commanded_waveform[127]_INST_0_i_329/O
                         net (fo=3, routed)           0.511     2.732    native_system/digital/burst/commanded_waveform[127]_INST_0_i_329_n_0
    SLICE_X64Y75                                                      r  native_system/digital/burst/commanded_waveform[127]_INST_0_i_267/I4
    SLICE_X64Y75         LUT5 (Prop_lut5_I4_O)        0.124     2.856 r  native_system/digital/burst/commanded_waveform[127]_INST_0_i_267/O
                         net (fo=2, routed)           0.595     3.451    native_system/digital/burst/commanded_waveform[127]_INST_0_i_267_n_0
    SLICE_X61Y75                                                      r  native_system/digital/burst/commanded_waveform[127]_INST_0_i_271/I0
    SLICE_X61Y75         LUT6 (Prop_lut6_I0_O)        0.124     3.575 r  native_system/digital/burst/commanded_waveform[127]_INST_0_i_271/O
                         net (fo=1, routed)           0.000     3.575    native_system/digital/burst/commanded_waveform[127]_INST_0_i_271_n_0
    SLICE_X61Y75                                                      r  native_system/digital/burst/commanded_waveform[127]_INST_0_i_207/S[1]
    SLICE_X61Y75         CARRY4 (Prop_carry4_S[1]_CO[3])
                                                      0.550     4.125 r  native_system/digital/burst/commanded_waveform[127]_INST_0_i_207/CO[3]
                         net (fo=1, routed)           0.000     4.125    native_system/digital/burst/commanded_waveform[127]_INST_0_i_207_n_0
    SLICE_X61Y76                                                      r  native_system/digital/burst/commanded_waveform[127]_INST_0_i_153/CI
    SLICE_X61Y76         CARRY4 (Prop_carry4_CI_CO[3])
                                                      0.114     4.239 r  native_system/digital/burst/commanded_waveform[127]_INST_0_i_153/CO[3]
                         net (fo=1, routed)           0.000     4.239    native_system/digital/burst/commanded_waveform[127]_INST_0_i_153_n_0
    SLICE_X61Y77                                                      r  native_system/digital/burst/commanded_waveform[127]_INST_0_i_101/CI
    SLICE_X61Y77         CARRY4 (Prop_carry4_CI_CO[3])
                                                      0.114     4.353 r  native_system/digital/burst/commanded_waveform[127]_INST_0_i_101/CO[3]
                         net (fo=1, routed)           0.000     4.353    native_system/digital/burst/commanded_waveform[127]_INST_0_i_101_n_0
    SLICE_X61Y78                                                      r  native_system/digital/burst/commanded_waveform[127]_INST_0_i_66/CI
    SLICE_X61Y78         CARRY4 (Prop_carry4_CI_CO[3])
                                                      0.114     4.467 r  native_system/digital/burst/commanded_waveform[127]_INST_0_i_66/CO[3]
                         net (fo=1, routed)           0.000     4.467    native_system/digital/burst/commanded_waveform[127]_INST_0_i_66_n_0
    SLICE_X61Y79                                                      r  native_system/digital/burst/commanded_waveform[127]_INST_0_i_42/CI
    SLICE_X61Y79         CARRY4 (Prop_carry4_CI_CO[3])
                                                      0.114     4.581 r  native_system/digital/burst/commanded_waveform[127]_INST_0_i_42/CO[3]
                         net (fo=1, routed)           0.000     4.581    native_system/digital/burst/commanded_waveform[127]_INST_0_i_42_n_0
    SLICE_X61Y80                                                      r  native_system/digital/burst/commanded_waveform[127]_INST_0_i_40/CI
    SLICE_X61Y80         CARRY4 (Prop_carry4_CI_CO[3])
                                                      0.114     4.695 r  native_system/digital/burst/commanded_waveform[127]_INST_0_i_40/CO[3]
                         net (fo=1, routed)           0.000     4.695    native_system/digital/burst/commanded_waveform[127]_INST_0_i_40_n_0
    SLICE_X61Y81                                                      r  native_system/digital/burst/commanded_waveform[127]_INST_0_i_39/CI
    SLICE_X61Y81         CARRY4 (Prop_carry4_CI_O[1])
                                                      0.334     5.029 r  native_system/digital/burst/commanded_waveform[127]_INST_0_i_39/O[1]
                         net (fo=26, routed)          0.621     5.650    native_system/digital/burst/commanded_waveform[127]_INST_0_i_39_n_6
    SLICE_X64Y80                                                      r  native_system/digital/burst/commanded_waveform[127]_INST_0_i_368/I0
    SLICE_X64Y80         LUT3 (Prop_lut3_I0_O)        0.303     5.953 r  native_system/digital/burst/commanded_waveform[127]_INST_0_i_368/O
                         net (fo=1, routed)           0.689     6.642    native_system/digital/burst/commanded_waveform[127]_INST_0_i_368_n_0
    SLICE_X60Y79                                                      r  native_system/digital/burst/commanded_waveform[127]_INST_0_i_339/DI[2]
    SLICE_X60Y79         CARRY4 (Prop_carry4_DI[2]_CO[3])
                                                      0.398     7.040 r  native_system/digital/burst/commanded_waveform[127]_INST_0_i_339/CO[3]
                         net (fo=1, routed)           0.000     7.040    native_system/digital/burst/commanded_waveform[127]_INST_0_i_339_n_0
    SLICE_X60Y80                                                      r  native_system/digital/burst/commanded_waveform[127]_INST_0_i_295/CI
    SLICE_X60Y80         CARRY4 (Prop_carry4_CI_CO[3])
                                                      0.114     7.154 r  native_system/digital/burst/commanded_waveform[127]_INST_0_i_295/CO[3]
                         net (fo=1, routed)           0.000     7.154    native_system/digital/burst/commanded_waveform[127]_INST_0_i_295_n_0
    SLICE_X60Y81                                                      r  native_system/digital/burst/commanded_waveform[127]_INST_0_i_244/CI
    SLICE_X60Y81         CARRY4 (Prop_carry4_CI_CO[3])
                                                      0.114     7.268 r  native_system/digital/burst/commanded_waveform[127]_INST_0_i_244/CO[3]
                         net (fo=1, routed)           0.000     7.268    native_system/digital/burst/commanded_waveform[127]_INST_0_i_244_n_0
    SLICE_X60Y82                                                      r  native_system/digital/burst/commanded_waveform[127]_INST_0_i_239/CI
    SLICE_X60Y82         CARRY4 (Prop_carry4_CI_CO[1])
                                                      0.157     7.425 r  native_system/digital/burst/commanded_waveform[127]_INST_0_i_239/CO[1]
                         net (fo=2, routed)           0.832     8.257    native_system/digital/burst/commanded_waveform[127]_INST_0_i_239_n_2
    SLICE_X63Y81                                                      r  native_system/digital/burst/commanded_waveform[127]_INST_0_i_177/I3
    SLICE_X63Y81         LUT5 (Prop_lut5_I3_O)        0.329     8.586 r  native_system/digital/burst/commanded_waveform[127]_INST_0_i_177/O
                         net (fo=2, routed)           0.618     9.204    native_system/digital/burst/commanded_waveform[127]_INST_0_i_177_n_0
    SLICE_X57Y81                                                      r  native_system/digital/burst/commanded_waveform[127]_INST_0_i_181/I0
    SLICE_X57Y81         LUT5 (Prop_lut5_I0_O)        0.124     9.328 r  native_system/digital/burst/commanded_waveform[127]_INST_0_i_181/O
                         net (fo=1, routed)           0.000     9.328    native_system/digital/burst/commanded_waveform[127]_INST_0_i_181_n_0
    SLICE_X57Y81                                                      r  native_system/digital/burst/commanded_waveform[127]_INST_0_i_124/S[2]
    SLICE_X57Y81         CARRY4 (Prop_carry4_S[2]_CO[3])
                                                      0.398     9.726 r  native_system/digital/burst/commanded_waveform[127]_INST_0_i_124/CO[3]
                         net (fo=1, routed)           0.000     9.726    native_system/digital/burst/commanded_waveform[127]_INST_0_i_124_n_0
    SLICE_X57Y82                                                      r  native_system/digital/burst/commanded_waveform[127]_INST_0_i_84/CI
    SLICE_X57Y82         CARRY4 (Prop_carry4_CI_CO[3])
                                                      0.114     9.840 r  native_system/digital/burst/commanded_waveform[127]_INST_0_i_84/CO[3]
                         net (fo=1, routed)           0.000     9.840    native_system/digital/burst/commanded_waveform[127]_INST_0_i_84_n_0
    SLICE_X57Y83                                                      r  native_system/digital/burst/commanded_waveform[127]_INST_0_i_50/CI
    SLICE_X57Y83         CARRY4 (Prop_carry4_CI_O[1])
                                                      0.334    10.174 r  native_system/digital/burst/commanded_waveform[127]_INST_0_i_50/O[1]
                         net (fo=3, routed)           0.649    10.823    native_system/digital/burst/commanded_waveform[127]_INST_0_i_50_n_6
    SLICE_X56Y81                                                      r  native_system/digital/burst/commanded_waveform[127]_INST_0_i_80/I1
    SLICE_X56Y81         LUT4 (Prop_lut4_I1_O)        0.303    11.126 r  native_system/digital/burst/commanded_waveform[127]_INST_0_i_80/O
                         net (fo=1, routed)           0.000    11.126    native_system/digital/burst/commanded_waveform[127]_INST_0_i_80_n_0
    SLICE_X56Y81                                                      r  native_system/digital/burst/commanded_waveform[127]_INST_0_i_43/S[3]
    SLICE_X56Y81         CARRY4 (Prop_carry4_S[3]_CO[3])
                                                      0.401    11.527 r  native_system/digital/burst/commanded_waveform[127]_INST_0_i_43/CO[3]
                         net (fo=1, routed)           0.000    11.527    native_system/digital/burst/commanded_waveform[127]_INST_0_i_43_n_0
    SLICE_X56Y82                                                      r  native_system/digital/burst/commanded_waveform[127]_INST_0_i_37/CI
    SLICE_X56Y82         CARRY4 (Prop_carry4_CI_CO[2])
                                                      0.228    11.755 r  native_system/digital/burst/commanded_waveform[127]_INST_0_i_37/CO[2]
                         net (fo=8, routed)           0.554    12.309    native_system/digital/burst/commanded_waveform[127]_INST_0_i_37_n_1
    SLICE_X55Y82                                                      r  native_system/digital/burst/commanded_waveform[127]_INST_0_i_35/I1
    SLICE_X55Y82         LUT6 (Prop_lut6_I1_O)        0.313    12.622 r  native_system/digital/burst/commanded_waveform[127]_INST_0_i_35/O
                         net (fo=1, routed)           0.000    12.622    native_system/digital/burst/commanded_waveform[127]_INST_0_i_35_n_0
    SLICE_X55Y82                                                      r  native_system/digital/burst/commanded_waveform[127]_INST_0_i_23/S[0]
    SLICE_X55Y82         CARRY4 (Prop_carry4_S[0]_CO[3])
                                                      0.532    13.154 r  native_system/digital/burst/commanded_waveform[127]_INST_0_i_23/CO[3]
                         net (fo=1, routed)           0.000    13.154    native_system/digital/burst/commanded_waveform[127]_INST_0_i_23_n_0
    SLICE_X55Y83                                                      r  native_system/digital/burst/commanded_waveform[127]_INST_0_i_17/CI
    SLICE_X55Y83         CARRY4 (Prop_carry4_CI_O[3])
                                                      0.313    13.467 f  native_system/digital/burst/commanded_waveform[127]_INST_0_i_17/O[3]
                         net (fo=1, routed)           0.295    13.762    native_system/digital/burst/phase[7]
    SLICE_X55Y85                                                      f  native_system/digital/burst/commanded_waveform[127]_INST_0_i_11/I0
    SLICE_X55Y85         LUT5 (Prop_lut5_I0_O)        0.306    14.068 r  native_system/digital/burst/commanded_waveform[127]_INST_0_i_11/O
                         net (fo=10, routed)          0.214    14.282    native_system/digital/scheduler/commanded_waveform3
    SLICE_X55Y85                                                      r  native_system/digital/scheduler/commanded_waveform[95]_INST_0_i_2/I4
    SLICE_X55Y85         LUT6 (Prop_lut6_I4_O)        0.124    14.406 r  native_system/digital/scheduler/commanded_waveform[95]_INST_0_i_2/O
                         net (fo=17, routed)          0.600    15.006    native_system/digital/bank/captured_reg[65]_0
    SLICE_X63Y86                                                      r  native_system/digital/bank/commanded_waveform[87]_INST_0/I3
    SLICE_X63Y86         LUT5 (Prop_lut5_I3_O)        0.124    15.130 r  native_system/digital/bank/commanded_waveform[87]_INST_0/O
                         net (fo=2, routed)           0.363    15.494    native_system/digital/serial/commanded_waveform[87]
    SLICE_X62Y86                                                      r  native_system/digital/serial/serial_data[21]_i_1/I0
    SLICE_X62Y86         LUT6 (Prop_lut6_I0_O)        0.124    15.618 r  native_system/digital/serial/serial_data[21]_i_1/O
                         net (fo=1, routed)           0.000    15.618    native_system/digital/serial/serial_data[21]_i_1_n_0
    SLICE_X62Y86         FDCE                                         r  native_system/digital/serial/serial_data_reg[21]/D
  -------------------------------------------------------------------    -------------------

                         (clock core132 rise edge)    7.576     7.576 r  
                                                      0.000     7.576 r  clk (IN)
                         net (fo=18015, unset)        0.924     8.500    native_system/digital/serial/clk
    SLICE_X62Y86         FDCE                                         r  native_system/digital/serial/serial_data_reg[21]/C
                         clock pessimism              0.000     8.500    
                         clock uncertainty           -0.035     8.465    
    SLICE_X62Y86         FDCE (Setup_fdce_C_D)        0.081     8.546    native_system/digital/serial/serial_data_reg[21]
  -------------------------------------------------------------------
                         required time                          8.546    
                         arrival time                         -15.618    
  -------------------------------------------------------------------
                         slack                                 -7.072    

Slack (VIOLATED) :        -7.065ns  (required time - arrival time)
  Source:                 native_system/digital/burst/accumulator_reg[11]_replica/C
                            (rising edge-triggered cell FDCE clocked by core132  {rise@0.000ns fall@3.788ns period=7.576ns})
  Destination:            native_system/digital/serial/captured_reg[7]/D
                            (rising edge-triggered cell FDCE clocked by core132  {rise@0.000ns fall@3.788ns period=7.576ns})
  Path Group:             core132
  Path Type:              Setup (Max at Slow Process Corner)
  Requirement:            7.576ns  (core132 rise@7.576ns - core132 rise@0.000ns)
  Data Path Delay:        14.514ns  (logic 7.373ns (50.799%)  route 7.141ns (49.201%))
  Logic Levels:           29  (CARRY4=18 LUT3=2 LUT4=1 LUT5=5 LUT6=3)
  Clock Path Skew:        -0.049ns (DCD - SCD + CPR)
    Destination Clock Delay (DCD):    0.924ns = ( 8.500 - 7.576 ) 
    Source Clock Delay      (SCD):    0.973ns
    Clock Pessimism Removal (CPR):    0.000ns
  Clock Uncertainty:      0.035ns  ((TSJ^2 + TIJ^2)^1/2 + DJ) / 2 + PE
    Total System Jitter     (TSJ):    0.071ns
    Total Input Jitter      (TIJ):    0.000ns
    Discrete Jitter          (DJ):    0.000ns
    Phase Error              (PE):    0.000ns

    Location             Delay type                Incr(ns)  Path(ns)    Netlist Resource(s)
  -------------------------------------------------------------------    -------------------
                         (clock core132 rise edge)    0.000     0.000 r  
                                                      0.000     0.000 r  clk (IN)
                         net (fo=18015, unset)        0.973     0.973    native_system/digital/burst/clk
    SLICE_X62Y75         FDCE                                         r  native_system/digital/burst/accumulator_reg[11]_replica/C
  -------------------------------------------------------------------    -------------------
    SLICE_X62Y75         FDCE (Prop_fdce_C_Q)         0.518     1.491 r  native_system/digital/burst/accumulator_reg[11]_replica/Q
                         net (fo=4, routed)           0.607     2.098    native_system/digital/burst/scaled[19]_repN
    SLICE_X64Y75                                                      r  native_system/digital/burst/commanded_waveform[127]_INST_0_i_329/I0
    SLICE_X64Y75         LUT3 (Prop_lut3_I0_O)        0.124     2.222 r  native_system/digital/burst/commanded_waveform[127]_INST_0_i_329/O
                         net (fo=3, routed)           0.511     2.732    native_system/digital/burst/commanded_waveform[127]_INST_0_i_329_n_0
    SLICE_X64Y75                                                      r  native_system/digital/burst/commanded_waveform[127]_INST_0_i_267/I4
    SLICE_X64Y75         LUT5 (Prop_lut5_I4_O)        0.124     2.856 r  native_system/digital/burst/commanded_waveform[127]_INST_0_i_267/O
                         net (fo=2, routed)           0.595     3.451    native_system/digital/burst/commanded_waveform[127]_INST_0_i_267_n_0
    SLICE_X61Y75                                                      r  native_system/digital/burst/commanded_waveform[127]_INST_0_i_271/I0
    SLICE_X61Y75         LUT6 (Prop_lut6_I0_O)        0.124     3.575 r  native_system/digital/burst/commanded_waveform[127]_INST_0_i_271/O
                         net (fo=1, routed)           0.000     3.575    native_system/digital/burst/commanded_waveform[127]_INST_0_i_271_n_0
    SLICE_X61Y75                                                      r  native_system/digital/burst/commanded_waveform[127]_INST_0_i_207/S[1]
    SLICE_X61Y75         CARRY4 (Prop_carry4_S[1]_CO[3])
                                                      0.550     4.125 r  native_system/digital/burst/commanded_waveform[127]_INST_0_i_207/CO[3]
                         net (fo=1, routed)           0.000     4.125    native_system/digital/burst/commanded_waveform[127]_INST_0_i_207_n_0
    SLICE_X61Y76                                                      r  native_system/digital/burst/commanded_waveform[127]_INST_0_i_153/CI
    SLICE_X61Y76         CARRY4 (Prop_carry4_CI_CO[3])
                                                      0.114     4.239 r  native_system/digital/burst/commanded_waveform[127]_INST_0_i_153/CO[3]
                         net (fo=1, routed)           0.000     4.239    native_system/digital/burst/commanded_waveform[127]_INST_0_i_153_n_0
    SLICE_X61Y77                                                      r  native_system/digital/burst/commanded_waveform[127]_INST_0_i_101/CI
    SLICE_X61Y77         CARRY4 (Prop_carry4_CI_CO[3])
                                                      0.114     4.353 r  native_system/digital/burst/commanded_waveform[127]_INST_0_i_101/CO[3]
                         net (fo=1, routed)           0.000     4.353    native_system/digital/burst/commanded_waveform[127]_INST_0_i_101_n_0
    SLICE_X61Y78                                                      r  native_system/digital/burst/commanded_waveform[127]_INST_0_i_66/CI
    SLICE_X61Y78         CARRY4 (Prop_carry4_CI_CO[3])
                                                      0.114     4.467 r  native_system/digital/burst/commanded_waveform[127]_INST_0_i_66/CO[3]
                         net (fo=1, routed)           0.000     4.467    native_system/digital/burst/commanded_waveform[127]_INST_0_i_66_n_0
    SLICE_X61Y79                                                      r  native_system/digital/burst/commanded_waveform[127]_INST_0_i_42/CI
    SLICE_X61Y79         CARRY4 (Prop_carry4_CI_CO[3])
                                                      0.114     4.581 r  native_system/digital/burst/commanded_waveform[127]_INST_0_i_42/CO[3]
                         net (fo=1, routed)           0.000     4.581    native_system/digital/burst/commanded_waveform[127]_INST_0_i_42_n_0
    SLICE_X61Y80                                                      r  native_system/digital/burst/commanded_waveform[127]_INST_0_i_40/CI
    SLICE_X61Y80         CARRY4 (Prop_carry4_CI_CO[3])
                                                      0.114     4.695 r  native_system/digital/burst/commanded_waveform[127]_INST_0_i_40/CO[3]
                         net (fo=1, routed)           0.000     4.695    native_system/digital/burst/commanded_waveform[127]_INST_0_i_40_n_0
    SLICE_X61Y81                                                      r  native_system/digital/burst/commanded_waveform[127]_INST_0_i_39/CI
    SLICE_X61Y81         CARRY4 (Prop_carry4_CI_O[1])
                                                      0.334     5.029 r  native_system/digital/burst/commanded_waveform[127]_INST_0_i_39/O[1]
                         net (fo=26, routed)          0.621     5.650    native_system/digital/burst/commanded_waveform[127]_INST_0_i_39_n_6
    SLICE_X64Y80                                                      r  native_system/digital/burst/commanded_waveform[127]_INST_0_i_368/I0
    SLICE_X64Y80         LUT3 (Prop_lut3_I0_O)        0.303     5.953 r  native_system/digital/burst/commanded_waveform[127]_INST_0_i_368/O
                         net (fo=1, routed)           0.689     6.642    native_system/digital/burst/commanded_waveform[127]_INST_0_i_368_n_0
    SLICE_X60Y79                                                      r  native_system/digital/burst/commanded_waveform[127]_INST_0_i_339/DI[2]
    SLICE_X60Y79         CARRY4 (Prop_carry4_DI[2]_CO[3])
                                                      0.398     7.040 r  native_system/digital/burst/commanded_waveform[127]_INST_0_i_339/CO[3]
                         net (fo=1, routed)           0.000     7.040    native_system/digital/burst/commanded_waveform[127]_INST_0_i_339_n_0
    SLICE_X60Y80                                                      r  native_system/digital/burst/commanded_waveform[127]_INST_0_i_295/CI
    SLICE_X60Y80         CARRY4 (Prop_carry4_CI_CO[3])
                                                      0.114     7.154 r  native_system/digital/burst/commanded_waveform[127]_INST_0_i_295/CO[3]
                         net (fo=1, routed)           0.000     7.154    native_system/digital/burst/commanded_waveform[127]_INST_0_i_295_n_0
    SLICE_X60Y81                                                      r  native_system/digital/burst/commanded_waveform[127]_INST_0_i_244/CI
    SLICE_X60Y81         CARRY4 (Prop_carry4_CI_CO[3])
                                                      0.114     7.268 r  native_system/digital/burst/commanded_waveform[127]_INST_0_i_244/CO[3]
                         net (fo=1, routed)           0.000     7.268    native_system/digital/burst/commanded_waveform[127]_INST_0_i_244_n_0
    SLICE_X60Y82                                                      r  native_system/digital/burst/commanded_waveform[127]_INST_0_i_239/CI
    SLICE_X60Y82         CARRY4 (Prop_carry4_CI_CO[1])
                                                      0.157     7.425 r  native_system/digital/burst/commanded_waveform[127]_INST_0_i_239/CO[1]
                         net (fo=2, routed)           0.832     8.257    native_system/digital/burst/commanded_waveform[127]_INST_0_i_239_n_2
    SLICE_X63Y81                                                      r  native_system/digital/burst/commanded_waveform[127]_INST_0_i_177/I3
    SLICE_X63Y81         LUT5 (Prop_lut5_I3_O)        0.329     8.586 r  native_system/digital/burst/commanded_waveform[127]_INST_0_i_177/O
                         net (fo=2, routed)           0.618     9.204    native_system/digital/burst/commanded_waveform[127]_INST_0_i_177_n_0
    SLICE_X57Y81                                                      r  native_system/digital/burst/commanded_waveform[127]_INST_0_i_181/I0
    SLICE_X57Y81         LUT5 (Prop_lut5_I0_O)        0.124     9.328 r  native_system/digital/burst/commanded_waveform[127]_INST_0_i_181/O
                         net (fo=1, routed)           0.000     9.328    native_system/digital/burst/commanded_waveform[127]_INST_0_i_181_n_0
    SLICE_X57Y81                                                      r  native_system/digital/burst/commanded_waveform[127]_INST_0_i_124/S[2]
    SLICE_X57Y81         CARRY4 (Prop_carry4_S[2]_CO[3])
                                                      0.398     9.726 r  native_system/digital/burst/commanded_waveform[127]_INST_0_i_124/CO[3]
                         net (fo=1, routed)           0.000     9.726    native_system/digital/burst/commanded_waveform[127]_INST_0_i_124_n_0
    SLICE_X57Y82                                                      r  native_system/digital/burst/commanded_waveform[127]_INST_0_i_84/CI
    SLICE_X57Y82         CARRY4 (Prop_carry4_CI_CO[3])
                                                      0.114     9.840 r  native_system/digital/burst/commanded_waveform[127]_INST_0_i_84/CO[3]
                         net (fo=1, routed)           0.000     9.840    native_system/digital/burst/commanded_waveform[127]_INST_0_i_84_n_0
    SLICE_X57Y83                                                      r  native_system/digital/burst/commanded_waveform[127]_INST_0_i_50/CI
    SLICE_X57Y83         CARRY4 (Prop_carry4_CI_O[1])
                                                      0.334    10.174 r  native_system/digital/burst/commanded_waveform[127]_INST_0_i_50/O[1]
                         net (fo=3, routed)           0.649    10.823    native_system/digital/burst/commanded_waveform[127]_INST_0_i_50_n_6
    SLICE_X56Y81                                                      r  native_system/digital/burst/commanded_waveform[127]_INST_0_i_80/I1
    SLICE_X56Y81         LUT4 (Prop_lut4_I1_O)        0.303    11.126 r  native_system/digital/burst/commanded_waveform[127]_INST_0_i_80/O
                         net (fo=1, routed)           0.000    11.126    native_system/digital/burst/commanded_waveform[127]_INST_0_i_80_n_0
    SLICE_X56Y81                                                      r  native_system/digital/burst/commanded_waveform[127]_INST_0_i_43/S[3]
    SLICE_X56Y81         CARRY4 (Prop_carry4_S[3]_CO[3])
                                                      0.401    11.527 r  native_system/digital/burst/commanded_waveform[127]_INST_0_i_43/CO[3]
                         net (fo=1, routed)           0.000    11.527    native_system/digital/burst/commanded_waveform[127]_INST_0_i_43_n_0
    SLICE_X56Y82                                                      r  native_system/digital/burst/commanded_waveform[127]_INST_0_i_37/CI
    SLICE_X56Y82         CARRY4 (Prop_carry4_CI_CO[2])
                                                      0.228    11.755 r  native_system/digital/burst/commanded_waveform[127]_INST_0_i_37/CO[2]
                         net (fo=8, routed)           0.554    12.309    native_system/digital/burst/commanded_waveform[127]_INST_0_i_37_n_1
    SLICE_X55Y82                                                      r  native_system/digital/burst/commanded_waveform[127]_INST_0_i_35/I1
    SLICE_X55Y82         LUT6 (Prop_lut6_I1_O)        0.313    12.622 r  native_system/digital/burst/commanded_waveform[127]_INST_0_i_35/O
                         net (fo=1, routed)           0.000    12.622    native_system/digital/burst/commanded_waveform[127]_INST_0_i_35_n_0
    SLICE_X55Y82                                                      r  native_system/digital/burst/commanded_waveform[127]_INST_0_i_23/S[0]
    SLICE_X55Y82         CARRY4 (Prop_carry4_S[0]_CO[3])
                                                      0.532    13.154 r  native_system/digital/burst/commanded_waveform[127]_INST_0_i_23/CO[3]
                         net (fo=1, routed)           0.000    13.154    native_system/digital/burst/commanded_waveform[127]_INST_0_i_23_n_0
    SLICE_X55Y83                                                      r  native_system/digital/burst/commanded_waveform[127]_INST_0_i_17/CI
    SLICE_X55Y83         CARRY4 (Prop_carry4_CI_O[3])
                                                      0.313    13.467 f  native_system/digital/burst/commanded_waveform[127]_INST_0_i_17/O[3]
                         net (fo=1, routed)           0.295    13.762    native_system/digital/burst/phase[7]
    SLICE_X55Y85                                                      f  native_system/digital/burst/commanded_waveform[127]_INST_0_i_11/I0
    SLICE_X55Y85         LUT5 (Prop_lut5_I0_O)        0.306    14.068 r  native_system/digital/burst/commanded_waveform[127]_INST_0_i_11/O
                         net (fo=10, routed)          0.381    14.449    native_system/digital/scheduler/commanded_waveform3
    SLICE_X57Y85                                                      r  native_system/digital/scheduler/commanded_waveform[31]_INST_0_i_2/I4
    SLICE_X57Y85         LUT6 (Prop_lut6_I4_O)        0.124    14.573 r  native_system/digital/scheduler/commanded_waveform[31]_INST_0_i_2/O
                         net (fo=21, routed)          0.590    15.163    native_system/digital/bank/captured_reg[1]_0
    SLICE_X62Y86                                                      r  native_system/digital/bank/commanded_waveform[7]_INST_0/I3
    SLICE_X62Y86         LUT5 (Prop_lut5_I3_O)        0.124    15.287 r  native_system/digital/bank/commanded_waveform[7]_INST_0/O
                         net (fo=2, routed)           0.201    15.487    native_system/digital/serial/commanded_waveform[7]
    SLICE_X63Y86         FDCE                                         r  native_system/digital/serial/captured_reg[7]/D
  -------------------------------------------------------------------    -------------------

                         (clock core132 rise edge)    7.576     7.576 r  
                                                      0.000     7.576 r  clk (IN)
                         net (fo=18015, unset)        0.924     8.500    native_system/digital/serial/clk
    SLICE_X63Y86         FDCE                                         r  native_system/digital/serial/captured_reg[7]/C
                         clock pessimism              0.000     8.500    
                         clock uncertainty           -0.035     8.465    
    SLICE_X63Y86         FDCE (Setup_fdce_C_D)       -0.043     8.422    native_system/digital/serial/captured_reg[7]
  -------------------------------------------------------------------
                         required time                          8.422    
                         arrival time                         -15.487    
  -------------------------------------------------------------------
                         slack                                 -7.065    

Slack (VIOLATED) :        -7.064ns  (required time - arrival time)
  Source:                 native_system/digital/burst/accumulator_reg[11]_replica/C
                            (rising edge-triggered cell FDCE clocked by core132  {rise@0.000ns fall@3.788ns period=7.576ns})
  Destination:            native_system/digital/serial/serial_data_reg[22]/D
                            (rising edge-triggered cell FDCE clocked by core132  {rise@0.000ns fall@3.788ns period=7.576ns})
  Path Group:             core132
  Path Type:              Setup (Max at Slow Process Corner)
  Requirement:            7.576ns  (core132 rise@7.576ns - core132 rise@0.000ns)
  Data Path Delay:        14.588ns  (logic 7.497ns (51.392%)  route 7.091ns (48.608%))
  Logic Levels:           30  (CARRY4=18 LUT3=2 LUT4=1 LUT5=5 LUT6=4)
  Clock Path Skew:        -0.049ns (DCD - SCD + CPR)
    Destination Clock Delay (DCD):    0.924ns = ( 8.500 - 7.576 ) 
    Source Clock Delay      (SCD):    0.973ns
    Clock Pessimism Removal (CPR):    0.000ns
  Clock Uncertainty:      0.035ns  ((TSJ^2 + TIJ^2)^1/2 + DJ) / 2 + PE
    Total System Jitter     (TSJ):    0.071ns
    Total Input Jitter      (TIJ):    0.000ns
    Discrete Jitter          (DJ):    0.000ns
    Phase Error              (PE):    0.000ns

    Location             Delay type                Incr(ns)  Path(ns)    Netlist Resource(s)
  -------------------------------------------------------------------    -------------------
                         (clock core132 rise edge)    0.000     0.000 r  
                                                      0.000     0.000 r  clk (IN)
                         net (fo=18015, unset)        0.973     0.973    native_system/digital/burst/clk
    SLICE_X62Y75         FDCE                                         r  native_system/digital/burst/accumulator_reg[11]_replica/C
  -------------------------------------------------------------------    -------------------
    SLICE_X62Y75         FDCE (Prop_fdce_C_Q)         0.518     1.491 r  native_system/digital/burst/accumulator_reg[11]_replica/Q
                         net (fo=4, routed)           0.607     2.098    native_system/digital/burst/scaled[19]_repN
    SLICE_X64Y75                                                      r  native_system/digital/burst/commanded_waveform[127]_INST_0_i_329/I0
    SLICE_X64Y75         LUT3 (Prop_lut3_I0_O)        0.124     2.222 r  native_system/digital/burst/commanded_waveform[127]_INST_0_i_329/O
                         net (fo=3, routed)           0.511     2.732    native_system/digital/burst/commanded_waveform[127]_INST_0_i_329_n_0
    SLICE_X64Y75                                                      r  native_system/digital/burst/commanded_waveform[127]_INST_0_i_267/I4
    SLICE_X64Y75         LUT5 (Prop_lut5_I4_O)        0.124     2.856 r  native_system/digital/burst/commanded_waveform[127]_INST_0_i_267/O
                         net (fo=2, routed)           0.595     3.451    native_system/digital/burst/commanded_waveform[127]_INST_0_i_267_n_0
    SLICE_X61Y75                                                      r  native_system/digital/burst/commanded_waveform[127]_INST_0_i_271/I0
    SLICE_X61Y75         LUT6 (Prop_lut6_I0_O)        0.124     3.575 r  native_system/digital/burst/commanded_waveform[127]_INST_0_i_271/O
                         net (fo=1, routed)           0.000     3.575    native_system/digital/burst/commanded_waveform[127]_INST_0_i_271_n_0
    SLICE_X61Y75                                                      r  native_system/digital/burst/commanded_waveform[127]_INST_0_i_207/S[1]
    SLICE_X61Y75         CARRY4 (Prop_carry4_S[1]_CO[3])
                                                      0.550     4.125 r  native_system/digital/burst/commanded_waveform[127]_INST_0_i_207/CO[3]
                         net (fo=1, routed)           0.000     4.125    native_system/digital/burst/commanded_waveform[127]_INST_0_i_207_n_0
    SLICE_X61Y76                                                      r  native_system/digital/burst/commanded_waveform[127]_INST_0_i_153/CI
    SLICE_X61Y76         CARRY4 (Prop_carry4_CI_CO[3])
                                                      0.114     4.239 r  native_system/digital/burst/commanded_waveform[127]_INST_0_i_153/CO[3]
                         net (fo=1, routed)           0.000     4.239    native_system/digital/burst/commanded_waveform[127]_INST_0_i_153_n_0
    SLICE_X61Y77                                                      r  native_system/digital/burst/commanded_waveform[127]_INST_0_i_101/CI
    SLICE_X61Y77         CARRY4 (Prop_carry4_CI_CO[3])
                                                      0.114     4.353 r  native_system/digital/burst/commanded_waveform[127]_INST_0_i_101/CO[3]
                         net (fo=1, routed)           0.000     4.353    native_system/digital/burst/commanded_waveform[127]_INST_0_i_101_n_0
    SLICE_X61Y78                                                      r  native_system/digital/burst/commanded_waveform[127]_INST_0_i_66/CI
    SLICE_X61Y78         CARRY4 (Prop_carry4_CI_CO[3])
                                                      0.114     4.467 r  native_system/digital/burst/commanded_waveform[127]_INST_0_i_66/CO[3]
                         net (fo=1, routed)           0.000     4.467    native_system/digital/burst/commanded_waveform[127]_INST_0_i_66_n_0
    SLICE_X61Y79                                                      r  native_system/digital/burst/commanded_waveform[127]_INST_0_i_42/CI
    SLICE_X61Y79         CARRY4 (Prop_carry4_CI_CO[3])
                                                      0.114     4.581 r  native_system/digital/burst/commanded_waveform[127]_INST_0_i_42/CO[3]
                         net (fo=1, routed)           0.000     4.581    native_system/digital/burst/commanded_waveform[127]_INST_0_i_42_n_0
    SLICE_X61Y80                                                      r  native_system/digital/burst/commanded_waveform[127]_INST_0_i_40/CI
    SLICE_X61Y80         CARRY4 (Prop_carry4_CI_CO[3])
                                                      0.114     4.695 r  native_system/digital/burst/commanded_waveform[127]_INST_0_i_40/CO[3]
                         net (fo=1, routed)           0.000     4.695    native_system/digital/burst/commanded_waveform[127]_INST_0_i_40_n_0
    SLICE_X61Y81                                                      r  native_system/digital/burst/commanded_waveform[127]_INST_0_i_39/CI
    SLICE_X61Y81         CARRY4 (Prop_carry4_CI_O[1])
                                                      0.334     5.029 r  native_system/digital/burst/commanded_waveform[127]_INST_0_i_39/O[1]
                         net (fo=26, routed)          0.621     5.650    native_system/digital/burst/commanded_waveform[127]_INST_0_i_39_n_6
    SLICE_X64Y80                                                      r  native_system/digital/burst/commanded_waveform[127]_INST_0_i_368/I0
    SLICE_X64Y80         LUT3 (Prop_lut3_I0_O)        0.303     5.953 r  native_system/digital/burst/commanded_waveform[127]_INST_0_i_368/O
                         net (fo=1, routed)           0.689     6.642    native_system/digital/burst/commanded_waveform[127]_INST_0_i_368_n_0
    SLICE_X60Y79                                                      r  native_system/digital/burst/commanded_waveform[127]_INST_0_i_339/DI[2]
    SLICE_X60Y79         CARRY4 (Prop_carry4_DI[2]_CO[3])
                                                      0.398     7.040 r  native_system/digital/burst/commanded_waveform[127]_INST_0_i_339/CO[3]
                         net (fo=1, routed)           0.000     7.040    native_system/digital/burst/commanded_waveform[127]_INST_0_i_339_n_0
    SLICE_X60Y80                                                      r  native_system/digital/burst/commanded_waveform[127]_INST_0_i_295/CI
    SLICE_X60Y80         CARRY4 (Prop_carry4_CI_CO[3])
                                                      0.114     7.154 r  native_system/digital/burst/commanded_waveform[127]_INST_0_i_295/CO[3]
                         net (fo=1, routed)           0.000     7.154    native_system/digital/burst/commanded_waveform[127]_INST_0_i_295_n_0
    SLICE_X60Y81                                                      r  native_system/digital/burst/commanded_waveform[127]_INST_0_i_244/CI
    SLICE_X60Y81         CARRY4 (Prop_carry4_CI_CO[3])
                                                      0.114     7.268 r  native_system/digital/burst/commanded_waveform[127]_INST_0_i_244/CO[3]
                         net (fo=1, routed)           0.000     7.268    native_system/digital/burst/commanded_waveform[127]_INST_0_i_244_n_0
    SLICE_X60Y82                                                      r  native_system/digital/burst/commanded_waveform[127]_INST_0_i_239/CI
    SLICE_X60Y82         CARRY4 (Prop_carry4_CI_CO[1])
                                                      0.157     7.425 r  native_system/digital/burst/commanded_waveform[127]_INST_0_i_239/CO[1]
                         net (fo=2, routed)           0.832     8.257    native_system/digital/burst/commanded_waveform[127]_INST_0_i_239_n_2
    SLICE_X63Y81                                                      r  native_system/digital/burst/commanded_waveform[127]_INST_0_i_177/I3
    SLICE_X63Y81         LUT5 (Prop_lut5_I3_O)        0.329     8.586 r  native_system/digital/burst/commanded_waveform[127]_INST_0_i_177/O
                         net (fo=2, routed)           0.618     9.204    native_system/digital/burst/commanded_waveform[127]_INST_0_i_177_n_0
    SLICE_X57Y81                                                      r  native_system/digital/burst/commanded_waveform[127]_INST_0_i_181/I0
    SLICE_X57Y81         LUT5 (Prop_lut5_I0_O)        0.124     9.328 r  native_system/digital/burst/commanded_waveform[127]_INST_0_i_181/O
                         net (fo=1, routed)           0.000     9.328    native_system/digital/burst/commanded_waveform[127]_INST_0_i_181_n_0
    SLICE_X57Y81                                                      r  native_system/digital/burst/commanded_waveform[127]_INST_0_i_124/S[2]
    SLICE_X57Y81         CARRY4 (Prop_carry4_S[2]_CO[3])
                                                      0.398     9.726 r  native_system/digital/burst/commanded_waveform[127]_INST_0_i_124/CO[3]
                         net (fo=1, routed)           0.000     9.726    native_system/digital/burst/commanded_waveform[127]_INST_0_i_124_n_0
    SLICE_X57Y82                                                      r  native_system/digital/burst/commanded_waveform[127]_INST_0_i_84/CI
    SLICE_X57Y82         CARRY4 (Prop_carry4_CI_CO[3])
                                                      0.114     9.840 r  native_system/digital/burst/commanded_waveform[127]_INST_0_i_84/CO[3]
                         net (fo=1, routed)           0.000     9.840    native_system/digital/burst/commanded_waveform[127]_INST_0_i_84_n_0
    SLICE_X57Y83                                                      r  native_system/digital/burst/commanded_waveform[127]_INST_0_i_50/CI
    SLICE_X57Y83         CARRY4 (Prop_carry4_CI_O[1])
                                                      0.334    10.174 r  native_system/digital/burst/commanded_waveform[127]_INST_0_i_50/O[1]
                         net (fo=3, routed)           0.649    10.823    native_system/digital/burst/commanded_waveform[127]_INST_0_i_50_n_6
    SLICE_X56Y81                                                      r  native_system/digital/burst/commanded_waveform[127]_INST_0_i_80/I1
    SLICE_X56Y81         LUT4 (Prop_lut4_I1_O)        0.303    11.126 r  native_system/digital/burst/commanded_waveform[127]_INST_0_i_80/O
                         net (fo=1, routed)           0.000    11.126    native_system/digital/burst/commanded_waveform[127]_INST_0_i_80_n_0
    SLICE_X56Y81                                                      r  native_system/digital/burst/commanded_waveform[127]_INST_0_i_43/S[3]
    SLICE_X56Y81         CARRY4 (Prop_carry4_S[3]_CO[3])
                                                      0.401    11.527 r  native_system/digital/burst/commanded_waveform[127]_INST_0_i_43/CO[3]
                         net (fo=1, routed)           0.000    11.527    native_system/digital/burst/commanded_waveform[127]_INST_0_i_43_n_0
    SLICE_X56Y82                                                      r  native_system/digital/burst/commanded_waveform[127]_INST_0_i_37/CI
    SLICE_X56Y82         CARRY4 (Prop_carry4_CI_CO[2])
                                                      0.228    11.755 r  native_system/digital/burst/commanded_waveform[127]_INST_0_i_37/CO[2]
                         net (fo=8, routed)           0.554    12.309    native_system/digital/burst/commanded_waveform[127]_INST_0_i_37_n_1
    SLICE_X55Y82                                                      r  native_system/digital/burst/commanded_waveform[127]_INST_0_i_35/I1
    SLICE_X55Y82         LUT6 (Prop_lut6_I1_O)        0.313    12.622 r  native_system/digital/burst/commanded_waveform[127]_INST_0_i_35/O
                         net (fo=1, routed)           0.000    12.622    native_system/digital/burst/commanded_waveform[127]_INST_0_i_35_n_0
    SLICE_X55Y82                                                      r  native_system/digital/burst/commanded_waveform[127]_INST_0_i_23/S[0]
    SLICE_X55Y82         CARRY4 (Prop_carry4_S[0]_CO[3])
                                                      0.532    13.154 r  native_system/digital/burst/commanded_waveform[127]_INST_0_i_23/CO[3]
                         net (fo=1, routed)           0.000    13.154    native_system/digital/burst/commanded_waveform[127]_INST_0_i_23_n_0
    SLICE_X55Y83                                                      r  native_system/digital/burst/commanded_waveform[127]_INST_0_i_17/CI
    SLICE_X55Y83         CARRY4 (Prop_carry4_CI_O[3])
                                                      0.313    13.467 f  native_system/digital/burst/commanded_waveform[127]_INST_0_i_17/O[3]
                         net (fo=1, routed)           0.295    13.762    native_system/digital/burst/phase[7]
    SLICE_X55Y85                                                      f  native_system/digital/burst/commanded_waveform[127]_INST_0_i_11/I0
    SLICE_X55Y85         LUT5 (Prop_lut5_I0_O)        0.306    14.068 r  native_system/digital/burst/commanded_waveform[127]_INST_0_i_11/O
                         net (fo=10, routed)          0.214    14.282    native_system/digital/scheduler/commanded_waveform3
    SLICE_X55Y85                                                      r  native_system/digital/scheduler/commanded_waveform[95]_INST_0_i_2/I4
    SLICE_X55Y85         LUT6 (Prop_lut6_I4_O)        0.124    14.406 r  native_system/digital/scheduler/commanded_waveform[95]_INST_0_i_2/O
                         net (fo=17, routed)          0.598    15.005    native_system/digital/bank/captured_reg[65]_0
    SLICE_X60Y85                                                      r  native_system/digital/bank/commanded_waveform[91]_INST_0/I3
    SLICE_X60Y85         LUT5 (Prop_lut5_I3_O)        0.124    15.129 r  native_system/digital/bank/commanded_waveform[91]_INST_0/O
                         net (fo=2, routed)           0.308    15.437    native_system/digital/serial/commanded_waveform[91]
    SLICE_X61Y85                                                      r  native_system/digital/serial/serial_data[22]_i_1/I0
    SLICE_X61Y85         LUT6 (Prop_lut6_I0_O)        0.124    15.561 r  native_system/digital/serial/serial_data[22]_i_1/O
                         net (fo=1, routed)           0.000    15.561    native_system/digital/serial/serial_data[22]_i_1_n_0
    SLICE_X61Y85         FDCE                                         r  native_system/digital/serial/serial_data_reg[22]/D
  -------------------------------------------------------------------    -------------------

                         (clock core132 rise edge)    7.576     7.576 r  
                                                      0.000     7.576 r  clk (IN)
                         net (fo=18015, unset)        0.924     8.500    native_system/digital/serial/clk
    SLICE_X61Y85         FDCE                                         r  native_system/digital/serial/serial_data_reg[22]/C
                         clock pessimism              0.000     8.500    
                         clock uncertainty           -0.035     8.465    
    SLICE_X61Y85         FDCE (Setup_fdce_C_D)        0.032     8.497    native_system/digital/serial/serial_data_reg[22]
  -------------------------------------------------------------------
                         required time                          8.497    
                         arrival time                         -15.561    
  -------------------------------------------------------------------
                         slack                                 -7.064    

Slack (VIOLATED) :        -7.056ns  (required time - arrival time)
  Source:                 native_system/digital/burst/accumulator_reg[11]_replica/C
                            (rising edge-triggered cell FDCE clocked by core132  {rise@0.000ns fall@3.788ns period=7.576ns})
  Destination:            native_system/digital/serial/captured_reg[67]/D
                            (rising edge-triggered cell FDCE clocked by core132  {rise@0.000ns fall@3.788ns period=7.576ns})
  Path Group:             core132
  Path Type:              Setup (Max at Slow Process Corner)
  Requirement:            7.576ns  (core132 rise@7.576ns - core132 rise@0.000ns)
  Data Path Delay:        14.508ns  (logic 7.373ns (50.820%)  route 7.135ns (49.180%))
  Logic Levels:           29  (CARRY4=18 LUT3=2 LUT4=1 LUT5=5 LUT6=3)
  Clock Path Skew:        -0.049ns (DCD - SCD + CPR)
    Destination Clock Delay (DCD):    0.924ns = ( 8.500 - 7.576 ) 
    Source Clock Delay      (SCD):    0.973ns
    Clock Pessimism Removal (CPR):    0.000ns
  Clock Uncertainty:      0.035ns  ((TSJ^2 + TIJ^2)^1/2 + DJ) / 2 + PE
    Total System Jitter     (TSJ):    0.071ns
    Total Input Jitter      (TIJ):    0.000ns
    Discrete Jitter          (DJ):    0.000ns
    Phase Error              (PE):    0.000ns

    Location             Delay type                Incr(ns)  Path(ns)    Netlist Resource(s)
  -------------------------------------------------------------------    -------------------
                         (clock core132 rise edge)    0.000     0.000 r  
                                                      0.000     0.000 r  clk (IN)
                         net (fo=18015, unset)        0.973     0.973    native_system/digital/burst/clk
    SLICE_X62Y75         FDCE                                         r  native_system/digital/burst/accumulator_reg[11]_replica/C
  -------------------------------------------------------------------    -------------------
    SLICE_X62Y75         FDCE (Prop_fdce_C_Q)         0.518     1.491 r  native_system/digital/burst/accumulator_reg[11]_replica/Q
                         net (fo=4, routed)           0.607     2.098    native_system/digital/burst/scaled[19]_repN
    SLICE_X64Y75                                                      r  native_system/digital/burst/commanded_waveform[127]_INST_0_i_329/I0
    SLICE_X64Y75         LUT3 (Prop_lut3_I0_O)        0.124     2.222 r  native_system/digital/burst/commanded_waveform[127]_INST_0_i_329/O
                         net (fo=3, routed)           0.511     2.732    native_system/digital/burst/commanded_waveform[127]_INST_0_i_329_n_0
    SLICE_X64Y75                                                      r  native_system/digital/burst/commanded_waveform[127]_INST_0_i_267/I4
    SLICE_X64Y75         LUT5 (Prop_lut5_I4_O)        0.124     2.856 r  native_system/digital/burst/commanded_waveform[127]_INST_0_i_267/O
                         net (fo=2, routed)           0.595     3.451    native_system/digital/burst/commanded_waveform[127]_INST_0_i_267_n_0
    SLICE_X61Y75                                                      r  native_system/digital/burst/commanded_waveform[127]_INST_0_i_271/I0
    SLICE_X61Y75         LUT6 (Prop_lut6_I0_O)        0.124     3.575 r  native_system/digital/burst/commanded_waveform[127]_INST_0_i_271/O
                         net (fo=1, routed)           0.000     3.575    native_system/digital/burst/commanded_waveform[127]_INST_0_i_271_n_0
    SLICE_X61Y75                                                      r  native_system/digital/burst/commanded_waveform[127]_INST_0_i_207/S[1]
    SLICE_X61Y75         CARRY4 (Prop_carry4_S[1]_CO[3])
                                                      0.550     4.125 r  native_system/digital/burst/commanded_waveform[127]_INST_0_i_207/CO[3]
                         net (fo=1, routed)           0.000     4.125    native_system/digital/burst/commanded_waveform[127]_INST_0_i_207_n_0
    SLICE_X61Y76                                                      r  native_system/digital/burst/commanded_waveform[127]_INST_0_i_153/CI
    SLICE_X61Y76         CARRY4 (Prop_carry4_CI_CO[3])
                                                      0.114     4.239 r  native_system/digital/burst/commanded_waveform[127]_INST_0_i_153/CO[3]
                         net (fo=1, routed)           0.000     4.239    native_system/digital/burst/commanded_waveform[127]_INST_0_i_153_n_0
    SLICE_X61Y77                                                      r  native_system/digital/burst/commanded_waveform[127]_INST_0_i_101/CI
    SLICE_X61Y77         CARRY4 (Prop_carry4_CI_CO[3])
                                                      0.114     4.353 r  native_system/digital/burst/commanded_waveform[127]_INST_0_i_101/CO[3]
                         net (fo=1, routed)           0.000     4.353    native_system/digital/burst/commanded_waveform[127]_INST_0_i_101_n_0
    SLICE_X61Y78                                                      r  native_system/digital/burst/commanded_waveform[127]_INST_0_i_66/CI
    SLICE_X61Y78         CARRY4 (Prop_carry4_CI_CO[3])
                                                      0.114     4.467 r  native_system/digital/burst/commanded_waveform[127]_INST_0_i_66/CO[3]
                         net (fo=1, routed)           0.000     4.467    native_system/digital/burst/commanded_waveform[127]_INST_0_i_66_n_0
    SLICE_X61Y79                                                      r  native_system/digital/burst/commanded_waveform[127]_INST_0_i_42/CI
    SLICE_X61Y79         CARRY4 (Prop_carry4_CI_CO[3])
                                                      0.114     4.581 r  native_system/digital/burst/commanded_waveform[127]_INST_0_i_42/CO[3]
                         net (fo=1, routed)           0.000     4.581    native_system/digital/burst/commanded_waveform[127]_INST_0_i_42_n_0
    SLICE_X61Y80                                                      r  native_system/digital/burst/commanded_waveform[127]_INST_0_i_40/CI
    SLICE_X61Y80         CARRY4 (Prop_carry4_CI_CO[3])
                                                      0.114     4.695 r  native_system/digital/burst/commanded_waveform[127]_INST_0_i_40/CO[3]
                         net (fo=1, routed)           0.000     4.695    native_system/digital/burst/commanded_waveform[127]_INST_0_i_40_n_0
    SLICE_X61Y81                                                      r  native_system/digital/burst/commanded_waveform[127]_INST_0_i_39/CI
    SLICE_X61Y81         CARRY4 (Prop_carry4_CI_O[1])
                                                      0.334     5.029 r  native_system/digital/burst/commanded_waveform[127]_INST_0_i_39/O[1]
                         net (fo=26, routed)          0.621     5.650    native_system/digital/burst/commanded_waveform[127]_INST_0_i_39_n_6
    SLICE_X64Y80                                                      r  native_system/digital/burst/commanded_waveform[127]_INST_0_i_368/I0
    SLICE_X64Y80         LUT3 (Prop_lut3_I0_O)        0.303     5.953 r  native_system/digital/burst/commanded_waveform[127]_INST_0_i_368/O
                         net (fo=1, routed)           0.689     6.642    native_system/digital/burst/commanded_waveform[127]_INST_0_i_368_n_0
    SLICE_X60Y79                                                      r  native_system/digital/burst/commanded_waveform[127]_INST_0_i_339/DI[2]
    SLICE_X60Y79         CARRY4 (Prop_carry4_DI[2]_CO[3])
                                                      0.398     7.040 r  native_system/digital/burst/commanded_waveform[127]_INST_0_i_339/CO[3]
                         net (fo=1, routed)           0.000     7.040    native_system/digital/burst/commanded_waveform[127]_INST_0_i_339_n_0
    SLICE_X60Y80                                                      r  native_system/digital/burst/commanded_waveform[127]_INST_0_i_295/CI
    SLICE_X60Y80         CARRY4 (Prop_carry4_CI_CO[3])
                                                      0.114     7.154 r  native_system/digital/burst/commanded_waveform[127]_INST_0_i_295/CO[3]
                         net (fo=1, routed)           0.000     7.154    native_system/digital/burst/commanded_waveform[127]_INST_0_i_295_n_0
    SLICE_X60Y81                                                      r  native_system/digital/burst/commanded_waveform[127]_INST_0_i_244/CI
    SLICE_X60Y81         CARRY4 (Prop_carry4_CI_CO[3])
                                                      0.114     7.268 r  native_system/digital/burst/commanded_waveform[127]_INST_0_i_244/CO[3]
                         net (fo=1, routed)           0.000     7.268    native_system/digital/burst/commanded_waveform[127]_INST_0_i_244_n_0
    SLICE_X60Y82                                                      r  native_system/digital/burst/commanded_waveform[127]_INST_0_i_239/CI
    SLICE_X60Y82         CARRY4 (Prop_carry4_CI_CO[1])
                                                      0.157     7.425 r  native_system/digital/burst/commanded_waveform[127]_INST_0_i_239/CO[1]
                         net (fo=2, routed)           0.832     8.257    native_system/digital/burst/commanded_waveform[127]_INST_0_i_239_n_2
    SLICE_X63Y81                                                      r  native_system/digital/burst/commanded_waveform[127]_INST_0_i_177/I3
    SLICE_X63Y81         LUT5 (Prop_lut5_I3_O)        0.329     8.586 r  native_system/digital/burst/commanded_waveform[127]_INST_0_i_177/O
                         net (fo=2, routed)           0.618     9.204    native_system/digital/burst/commanded_waveform[127]_INST_0_i_177_n_0
    SLICE_X57Y81                                                      r  native_system/digital/burst/commanded_waveform[127]_INST_0_i_181/I0
    SLICE_X57Y81         LUT5 (Prop_lut5_I0_O)        0.124     9.328 r  native_system/digital/burst/commanded_waveform[127]_INST_0_i_181/O
                         net (fo=1, routed)           0.000     9.328    native_system/digital/burst/commanded_waveform[127]_INST_0_i_181_n_0
    SLICE_X57Y81                                                      r  native_system/digital/burst/commanded_waveform[127]_INST_0_i_124/S[2]
    SLICE_X57Y81         CARRY4 (Prop_carry4_S[2]_CO[3])
                                                      0.398     9.726 r  native_system/digital/burst/commanded_waveform[127]_INST_0_i_124/CO[3]
                         net (fo=1, routed)           0.000     9.726    native_system/digital/burst/commanded_waveform[127]_INST_0_i_124_n_0
    SLICE_X57Y82                                                      r  native_system/digital/burst/commanded_waveform[127]_INST_0_i_84/CI
    SLICE_X57Y82         CARRY4 (Prop_carry4_CI_CO[3])
                                                      0.114     9.840 r  native_system/digital/burst/commanded_waveform[127]_INST_0_i_84/CO[3]
                         net (fo=1, routed)           0.000     9.840    native_system/digital/burst/commanded_waveform[127]_INST_0_i_84_n_0
    SLICE_X57Y83                                                      r  native_system/digital/burst/commanded_waveform[127]_INST_0_i_50/CI
    SLICE_X57Y83         CARRY4 (Prop_carry4_CI_O[1])
                                                      0.334    10.174 r  native_system/digital/burst/commanded_waveform[127]_INST_0_i_50/O[1]
                         net (fo=3, routed)           0.649    10.823    native_system/digital/burst/commanded_waveform[127]_INST_0_i_50_n_6
    SLICE_X56Y81                                                      r  native_system/digital/burst/commanded_waveform[127]_INST_0_i_80/I1
    SLICE_X56Y81         LUT4 (Prop_lut4_I1_O)        0.303    11.126 r  native_system/digital/burst/commanded_waveform[127]_INST_0_i_80/O
                         net (fo=1, routed)           0.000    11.126    native_system/digital/burst/commanded_waveform[127]_INST_0_i_80_n_0
    SLICE_X56Y81                                                      r  native_system/digital/burst/commanded_waveform[127]_INST_0_i_43/S[3]
    SLICE_X56Y81         CARRY4 (Prop_carry4_S[3]_CO[3])
                                                      0.401    11.527 r  native_system/digital/burst/commanded_waveform[127]_INST_0_i_43/CO[3]
                         net (fo=1, routed)           0.000    11.527    native_system/digital/burst/commanded_waveform[127]_INST_0_i_43_n_0
    SLICE_X56Y82                                                      r  native_system/digital/burst/commanded_waveform[127]_INST_0_i_37/CI
    SLICE_X56Y82         CARRY4 (Prop_carry4_CI_CO[2])
                                                      0.228    11.755 r  native_system/digital/burst/commanded_waveform[127]_INST_0_i_37/CO[2]
                         net (fo=8, routed)           0.554    12.309    native_system/digital/burst/commanded_waveform[127]_INST_0_i_37_n_1
    SLICE_X55Y82                                                      r  native_system/digital/burst/commanded_waveform[127]_INST_0_i_35/I1
    SLICE_X55Y82         LUT6 (Prop_lut6_I1_O)        0.313    12.622 r  native_system/digital/burst/commanded_waveform[127]_INST_0_i_35/O
                         net (fo=1, routed)           0.000    12.622    native_system/digital/burst/commanded_waveform[127]_INST_0_i_35_n_0
    SLICE_X55Y82                                                      r  native_system/digital/burst/commanded_waveform[127]_INST_0_i_23/S[0]
    SLICE_X55Y82         CARRY4 (Prop_carry4_S[0]_CO[3])
                                                      0.532    13.154 r  native_system/digital/burst/commanded_waveform[127]_INST_0_i_23/CO[3]
                         net (fo=1, routed)           0.000    13.154    native_system/digital/burst/commanded_waveform[127]_INST_0_i_23_n_0
    SLICE_X55Y83                                                      r  native_system/digital/burst/commanded_waveform[127]_INST_0_i_17/CI
    SLICE_X55Y83         CARRY4 (Prop_carry4_CI_O[3])
                                                      0.313    13.467 f  native_system/digital/burst/commanded_waveform[127]_INST_0_i_17/O[3]
                         net (fo=1, routed)           0.295    13.762    native_system/digital/burst/phase[7]
    SLICE_X55Y85                                                      f  native_system/digital/burst/commanded_waveform[127]_INST_0_i_11/I0
    SLICE_X55Y85         LUT5 (Prop_lut5_I0_O)        0.306    14.068 r  native_system/digital/burst/commanded_waveform[127]_INST_0_i_11/O
                         net (fo=10, routed)          0.214    14.282    native_system/digital/scheduler/commanded_waveform3
    SLICE_X55Y85                                                      r  native_system/digital/scheduler/commanded_waveform[95]_INST_0_i_2/I4
    SLICE_X55Y85         LUT6 (Prop_lut6_I4_O)        0.124    14.406 r  native_system/digital/scheduler/commanded_waveform[95]_INST_0_i_2/O
                         net (fo=17, routed)          0.758    15.165    native_system/digital/bank/captured_reg[65]_0
    SLICE_X65Y85                                                      r  native_system/digital/bank/commanded_waveform[67]_INST_0/I3
    SLICE_X65Y85         LUT5 (Prop_lut5_I3_O)        0.124    15.289 r  native_system/digital/bank/commanded_waveform[67]_INST_0/O
                         net (fo=1, routed)           0.193    15.481    native_system/digital/serial/commanded_waveform[67]
    SLICE_X64Y85         FDCE                                         r  native_system/digital/serial/captured_reg[67]/D
  -------------------------------------------------------------------    -------------------

                         (clock core132 rise edge)    7.576     7.576 r  
                                                      0.000     7.576 r  clk (IN)
                         net (fo=18015, unset)        0.924     8.500    native_system/digital/serial/clk
    SLICE_X64Y85         FDCE                                         r  native_system/digital/serial/captured_reg[67]/C
                         clock pessimism              0.000     8.500    
                         clock uncertainty           -0.035     8.465    
    SLICE_X64Y85         FDCE (Setup_fdce_C_D)       -0.040     8.425    native_system/digital/serial/captured_reg[67]
  -------------------------------------------------------------------
                         required time                          8.425    
                         arrival time                         -15.481    
  -------------------------------------------------------------------
                         slack                                 -7.056    

Slack (VIOLATED) :        -7.050ns  (required time - arrival time)
  Source:                 native_system/digital/burst/accumulator_reg[11]_replica/C
                            (rising edge-triggered cell FDCE clocked by core132  {rise@0.000ns fall@3.788ns period=7.576ns})
  Destination:            native_system/digital/serial/captured_reg[91]/D
                            (rising edge-triggered cell FDCE clocked by core132  {rise@0.000ns fall@3.788ns period=7.576ns})
  Path Group:             core132
  Path Type:              Setup (Max at Slow Process Corner)
  Requirement:            7.576ns  (core132 rise@7.576ns - core132 rise@0.000ns)
  Data Path Delay:        14.502ns  (logic 7.373ns (50.843%)  route 7.129ns (49.157%))
  Logic Levels:           29  (CARRY4=18 LUT3=2 LUT4=1 LUT5=5 LUT6=3)
  Clock Path Skew:        -0.049ns (DCD - SCD + CPR)
    Destination Clock Delay (DCD):    0.924ns = ( 8.500 - 7.576 ) 
    Source Clock Delay      (SCD):    0.973ns
    Clock Pessimism Removal (CPR):    0.000ns
  Clock Uncertainty:      0.035ns  ((TSJ^2 + TIJ^2)^1/2 + DJ) / 2 + PE
    Total System Jitter     (TSJ):    0.071ns
    Total Input Jitter      (TIJ):    0.000ns
    Discrete Jitter          (DJ):    0.000ns
    Phase Error              (PE):    0.000ns

    Location             Delay type                Incr(ns)  Path(ns)    Netlist Resource(s)
  -------------------------------------------------------------------    -------------------
                         (clock core132 rise edge)    0.000     0.000 r  
                                                      0.000     0.000 r  clk (IN)
                         net (fo=18015, unset)        0.973     0.973    native_system/digital/burst/clk
    SLICE_X62Y75         FDCE                                         r  native_system/digital/burst/accumulator_reg[11]_replica/C
  -------------------------------------------------------------------    -------------------
    SLICE_X62Y75         FDCE (Prop_fdce_C_Q)         0.518     1.491 r  native_system/digital/burst/accumulator_reg[11]_replica/Q
                         net (fo=4, routed)           0.607     2.098    native_system/digital/burst/scaled[19]_repN
    SLICE_X64Y75                                                      r  native_system/digital/burst/commanded_waveform[127]_INST_0_i_329/I0
    SLICE_X64Y75         LUT3 (Prop_lut3_I0_O)        0.124     2.222 r  native_system/digital/burst/commanded_waveform[127]_INST_0_i_329/O
                         net (fo=3, routed)           0.511     2.732    native_system/digital/burst/commanded_waveform[127]_INST_0_i_329_n_0
    SLICE_X64Y75                                                      r  native_system/digital/burst/commanded_waveform[127]_INST_0_i_267/I4
    SLICE_X64Y75         LUT5 (Prop_lut5_I4_O)        0.124     2.856 r  native_system/digital/burst/commanded_waveform[127]_INST_0_i_267/O
                         net (fo=2, routed)           0.595     3.451    native_system/digital/burst/commanded_waveform[127]_INST_0_i_267_n_0
    SLICE_X61Y75                                                      r  native_system/digital/burst/commanded_waveform[127]_INST_0_i_271/I0
    SLICE_X61Y75         LUT6 (Prop_lut6_I0_O)        0.124     3.575 r  native_system/digital/burst/commanded_waveform[127]_INST_0_i_271/O
                         net (fo=1, routed)           0.000     3.575    native_system/digital/burst/commanded_waveform[127]_INST_0_i_271_n_0
    SLICE_X61Y75                                                      r  native_system/digital/burst/commanded_waveform[127]_INST_0_i_207/S[1]
    SLICE_X61Y75         CARRY4 (Prop_carry4_S[1]_CO[3])
                                                      0.550     4.125 r  native_system/digital/burst/commanded_waveform[127]_INST_0_i_207/CO[3]
                         net (fo=1, routed)           0.000     4.125    native_system/digital/burst/commanded_waveform[127]_INST_0_i_207_n_0
    SLICE_X61Y76                                                      r  native_system/digital/burst/commanded_waveform[127]_INST_0_i_153/CI
    SLICE_X61Y76         CARRY4 (Prop_carry4_CI_CO[3])
                                                      0.114     4.239 r  native_system/digital/burst/commanded_waveform[127]_INST_0_i_153/CO[3]
                         net (fo=1, routed)           0.000     4.239    native_system/digital/burst/commanded_waveform[127]_INST_0_i_153_n_0
    SLICE_X61Y77                                                      r  native_system/digital/burst/commanded_waveform[127]_INST_0_i_101/CI
    SLICE_X61Y77         CARRY4 (Prop_carry4_CI_CO[3])
                                                      0.114     4.353 r  native_system/digital/burst/commanded_waveform[127]_INST_0_i_101/CO[3]
                         net (fo=1, routed)           0.000     4.353    native_system/digital/burst/commanded_waveform[127]_INST_0_i_101_n_0
    SLICE_X61Y78                                                      r  native_system/digital/burst/commanded_waveform[127]_INST_0_i_66/CI
    SLICE_X61Y78         CARRY4 (Prop_carry4_CI_CO[3])
                                                      0.114     4.467 r  native_system/digital/burst/commanded_waveform[127]_INST_0_i_66/CO[3]
                         net (fo=1, routed)           0.000     4.467    native_system/digital/burst/commanded_waveform[127]_INST_0_i_66_n_0
    SLICE_X61Y79                                                      r  native_system/digital/burst/commanded_waveform[127]_INST_0_i_42/CI
    SLICE_X61Y79         CARRY4 (Prop_carry4_CI_CO[3])
                                                      0.114     4.581 r  native_system/digital/burst/commanded_waveform[127]_INST_0_i_42/CO[3]
                         net (fo=1, routed)           0.000     4.581    native_system/digital/burst/commanded_waveform[127]_INST_0_i_42_n_0
    SLICE_X61Y80                                                      r  native_system/digital/burst/commanded_waveform[127]_INST_0_i_40/CI
    SLICE_X61Y80         CARRY4 (Prop_carry4_CI_CO[3])
                                                      0.114     4.695 r  native_system/digital/burst/commanded_waveform[127]_INST_0_i_40/CO[3]
                         net (fo=1, routed)           0.000     4.695    native_system/digital/burst/commanded_waveform[127]_INST_0_i_40_n_0
    SLICE_X61Y81                                                      r  native_system/digital/burst/commanded_waveform[127]_INST_0_i_39/CI
    SLICE_X61Y81         CARRY4 (Prop_carry4_CI_O[1])
                                                      0.334     5.029 r  native_system/digital/burst/commanded_waveform[127]_INST_0_i_39/O[1]
                         net (fo=26, routed)          0.621     5.650    native_system/digital/burst/commanded_waveform[127]_INST_0_i_39_n_6
    SLICE_X64Y80                                                      r  native_system/digital/burst/commanded_waveform[127]_INST_0_i_368/I0
    SLICE_X64Y80         LUT3 (Prop_lut3_I0_O)        0.303     5.953 r  native_system/digital/burst/commanded_waveform[127]_INST_0_i_368/O
                         net (fo=1, routed)           0.689     6.642    native_system/digital/burst/commanded_waveform[127]_INST_0_i_368_n_0
    SLICE_X60Y79                                                      r  native_system/digital/burst/commanded_waveform[127]_INST_0_i_339/DI[2]
    SLICE_X60Y79         CARRY4 (Prop_carry4_DI[2]_CO[3])
                                                      0.398     7.040 r  native_system/digital/burst/commanded_waveform[127]_INST_0_i_339/CO[3]
                         net (fo=1, routed)           0.000     7.040    native_system/digital/burst/commanded_waveform[127]_INST_0_i_339_n_0
    SLICE_X60Y80                                                      r  native_system/digital/burst/commanded_waveform[127]_INST_0_i_295/CI
    SLICE_X60Y80         CARRY4 (Prop_carry4_CI_CO[3])
                                                      0.114     7.154 r  native_system/digital/burst/commanded_waveform[127]_INST_0_i_295/CO[3]
                         net (fo=1, routed)           0.000     7.154    native_system/digital/burst/commanded_waveform[127]_INST_0_i_295_n_0
    SLICE_X60Y81                                                      r  native_system/digital/burst/commanded_waveform[127]_INST_0_i_244/CI
    SLICE_X60Y81         CARRY4 (Prop_carry4_CI_CO[3])
                                                      0.114     7.268 r  native_system/digital/burst/commanded_waveform[127]_INST_0_i_244/CO[3]
                         net (fo=1, routed)           0.000     7.268    native_system/digital/burst/commanded_waveform[127]_INST_0_i_244_n_0
    SLICE_X60Y82                                                      r  native_system/digital/burst/commanded_waveform[127]_INST_0_i_239/CI
    SLICE_X60Y82         CARRY4 (Prop_carry4_CI_CO[1])
                                                      0.157     7.425 r  native_system/digital/burst/commanded_waveform[127]_INST_0_i_239/CO[1]
                         net (fo=2, routed)           0.832     8.257    native_system/digital/burst/commanded_waveform[127]_INST_0_i_239_n_2
    SLICE_X63Y81                                                      r  native_system/digital/burst/commanded_waveform[127]_INST_0_i_177/I3
    SLICE_X63Y81         LUT5 (Prop_lut5_I3_O)        0.329     8.586 r  native_system/digital/burst/commanded_waveform[127]_INST_0_i_177/O
                         net (fo=2, routed)           0.618     9.204    native_system/digital/burst/commanded_waveform[127]_INST_0_i_177_n_0
    SLICE_X57Y81                                                      r  native_system/digital/burst/commanded_waveform[127]_INST_0_i_181/I0
    SLICE_X57Y81         LUT5 (Prop_lut5_I0_O)        0.124     9.328 r  native_system/digital/burst/commanded_waveform[127]_INST_0_i_181/O
                         net (fo=1, routed)           0.000     9.328    native_system/digital/burst/commanded_waveform[127]_INST_0_i_181_n_0
    SLICE_X57Y81                                                      r  native_system/digital/burst/commanded_waveform[127]_INST_0_i_124/S[2]
    SLICE_X57Y81         CARRY4 (Prop_carry4_S[2]_CO[3])
                                                      0.398     9.726 r  native_system/digital/burst/commanded_waveform[127]_INST_0_i_124/CO[3]
                         net (fo=1, routed)           0.000     9.726    native_system/digital/burst/commanded_waveform[127]_INST_0_i_124_n_0
    SLICE_X57Y82                                                      r  native_system/digital/burst/commanded_waveform[127]_INST_0_i_84/CI
    SLICE_X57Y82         CARRY4 (Prop_carry4_CI_CO[3])
                                                      0.114     9.840 r  native_system/digital/burst/commanded_waveform[127]_INST_0_i_84/CO[3]
                         net (fo=1, routed)           0.000     9.840    native_system/digital/burst/commanded_waveform[127]_INST_0_i_84_n_0
    SLICE_X57Y83                                                      r  native_system/digital/burst/commanded_waveform[127]_INST_0_i_50/CI
    SLICE_X57Y83         CARRY4 (Prop_carry4_CI_O[1])
                                                      0.334    10.174 r  native_system/digital/burst/commanded_waveform[127]_INST_0_i_50/O[1]
                         net (fo=3, routed)           0.649    10.823    native_system/digital/burst/commanded_waveform[127]_INST_0_i_50_n_6
    SLICE_X56Y81                                                      r  native_system/digital/burst/commanded_waveform[127]_INST_0_i_80/I1
    SLICE_X56Y81         LUT4 (Prop_lut4_I1_O)        0.303    11.126 r  native_system/digital/burst/commanded_waveform[127]_INST_0_i_80/O
                         net (fo=1, routed)           0.000    11.126    native_system/digital/burst/commanded_waveform[127]_INST_0_i_80_n_0
    SLICE_X56Y81                                                      r  native_system/digital/burst/commanded_waveform[127]_INST_0_i_43/S[3]
    SLICE_X56Y81         CARRY4 (Prop_carry4_S[3]_CO[3])
                                                      0.401    11.527 r  native_system/digital/burst/commanded_waveform[127]_INST_0_i_43/CO[3]
                         net (fo=1, routed)           0.000    11.527    native_system/digital/burst/commanded_waveform[127]_INST_0_i_43_n_0
    SLICE_X56Y82                                                      r  native_system/digital/burst/commanded_waveform[127]_INST_0_i_37/CI
    SLICE_X56Y82         CARRY4 (Prop_carry4_CI_CO[2])
                                                      0.228    11.755 r  native_system/digital/burst/commanded_waveform[127]_INST_0_i_37/CO[2]
                         net (fo=8, routed)           0.554    12.309    native_system/digital/burst/commanded_waveform[127]_INST_0_i_37_n_1
    SLICE_X55Y82                                                      r  native_system/digital/burst/commanded_waveform[127]_INST_0_i_35/I1
    SLICE_X55Y82         LUT6 (Prop_lut6_I1_O)        0.313    12.622 r  native_system/digital/burst/commanded_waveform[127]_INST_0_i_35/O
                         net (fo=1, routed)           0.000    12.622    native_system/digital/burst/commanded_waveform[127]_INST_0_i_35_n_0
    SLICE_X55Y82                                                      r  native_system/digital/burst/commanded_waveform[127]_INST_0_i_23/S[0]
    SLICE_X55Y82         CARRY4 (Prop_carry4_S[0]_CO[3])
                                                      0.532    13.154 r  native_system/digital/burst/commanded_waveform[127]_INST_0_i_23/CO[3]
                         net (fo=1, routed)           0.000    13.154    native_system/digital/burst/commanded_waveform[127]_INST_0_i_23_n_0
    SLICE_X55Y83                                                      r  native_system/digital/burst/commanded_waveform[127]_INST_0_i_17/CI
    SLICE_X55Y83         CARRY4 (Prop_carry4_CI_O[3])
                                                      0.313    13.467 f  native_system/digital/burst/commanded_waveform[127]_INST_0_i_17/O[3]
                         net (fo=1, routed)           0.295    13.762    native_system/digital/burst/phase[7]
    SLICE_X55Y85                                                      f  native_system/digital/burst/commanded_waveform[127]_INST_0_i_11/I0
    SLICE_X55Y85         LUT5 (Prop_lut5_I0_O)        0.306    14.068 r  native_system/digital/burst/commanded_waveform[127]_INST_0_i_11/O
                         net (fo=10, routed)          0.214    14.282    native_system/digital/scheduler/commanded_waveform3
    SLICE_X55Y85                                                      r  native_system/digital/scheduler/commanded_waveform[95]_INST_0_i_2/I4
    SLICE_X55Y85         LUT6 (Prop_lut6_I4_O)        0.124    14.406 r  native_system/digital/scheduler/commanded_waveform[95]_INST_0_i_2/O
                         net (fo=17, routed)          0.598    15.005    native_system/digital/bank/captured_reg[65]_0
    SLICE_X60Y85                                                      r  native_system/digital/bank/commanded_waveform[91]_INST_0/I3
    SLICE_X60Y85         LUT5 (Prop_lut5_I3_O)        0.124    15.129 r  native_system/digital/bank/commanded_waveform[91]_INST_0/O
                         net (fo=2, routed)           0.346    15.475    native_system/digital/serial/commanded_waveform[91]
    SLICE_X60Y86         FDCE                                         r  native_system/digital/serial/captured_reg[91]/D
  -------------------------------------------------------------------    -------------------

                         (clock core132 rise edge)    7.576     7.576 r  
                                                      0.000     7.576 r  clk (IN)
                         net (fo=18015, unset)        0.924     8.500    native_system/digital/serial/clk
    SLICE_X60Y86         FDCE                                         r  native_system/digital/serial/captured_reg[91]/C
                         clock pessimism              0.000     8.500    
                         clock uncertainty           -0.035     8.465    
    SLICE_X60Y86         FDCE (Setup_fdce_C_D)       -0.040     8.425    native_system/digital/serial/captured_reg[91]
  -------------------------------------------------------------------
                         required time                          8.425    
                         arrival time                         -15.475    
  -------------------------------------------------------------------
                         slack                                 -7.050    

Slack (VIOLATED) :        -7.044ns  (required time - arrival time)
  Source:                 native_system/digital/burst/accumulator_reg[11]_replica/C
                            (rising edge-triggered cell FDCE clocked by core132  {rise@0.000ns fall@3.788ns period=7.576ns})
  Destination:            native_system/digital/serial/serial_data_reg[1]/D
                            (rising edge-triggered cell FDCE clocked by core132  {rise@0.000ns fall@3.788ns period=7.576ns})
  Path Group:             core132
  Path Type:              Setup (Max at Slow Process Corner)
  Requirement:            7.576ns  (core132 rise@7.576ns - core132 rise@0.000ns)
  Data Path Delay:        14.613ns  (logic 7.497ns (51.303%)  route 7.116ns (48.697%))
  Logic Levels:           30  (CARRY4=18 LUT3=2 LUT4=1 LUT5=5 LUT6=4)
  Clock Path Skew:        -0.049ns (DCD - SCD + CPR)
    Destination Clock Delay (DCD):    0.924ns = ( 8.500 - 7.576 ) 
    Source Clock Delay      (SCD):    0.973ns
    Clock Pessimism Removal (CPR):    0.000ns
  Clock Uncertainty:      0.035ns  ((TSJ^2 + TIJ^2)^1/2 + DJ) / 2 + PE
    Total System Jitter     (TSJ):    0.071ns
    Total Input Jitter      (TIJ):    0.000ns
    Discrete Jitter          (DJ):    0.000ns
    Phase Error              (PE):    0.000ns

    Location             Delay type                Incr(ns)  Path(ns)    Netlist Resource(s)
  -------------------------------------------------------------------    -------------------
                         (clock core132 rise edge)    0.000     0.000 r  
                                                      0.000     0.000 r  clk (IN)
                         net (fo=18015, unset)        0.973     0.973    native_system/digital/burst/clk
    SLICE_X62Y75         FDCE                                         r  native_system/digital/burst/accumulator_reg[11]_replica/C
  -------------------------------------------------------------------    -------------------
    SLICE_X62Y75         FDCE (Prop_fdce_C_Q)         0.518     1.491 r  native_system/digital/burst/accumulator_reg[11]_replica/Q
                         net (fo=4, routed)           0.607     2.098    native_system/digital/burst/scaled[19]_repN
    SLICE_X64Y75                                                      r  native_system/digital/burst/commanded_waveform[127]_INST_0_i_329/I0
    SLICE_X64Y75         LUT3 (Prop_lut3_I0_O)        0.124     2.222 r  native_system/digital/burst/commanded_waveform[127]_INST_0_i_329/O
                         net (fo=3, routed)           0.511     2.732    native_system/digital/burst/commanded_waveform[127]_INST_0_i_329_n_0
    SLICE_X64Y75                                                      r  native_system/digital/burst/commanded_waveform[127]_INST_0_i_267/I4
    SLICE_X64Y75         LUT5 (Prop_lut5_I4_O)        0.124     2.856 r  native_system/digital/burst/commanded_waveform[127]_INST_0_i_267/O
                         net (fo=2, routed)           0.595     3.451    native_system/digital/burst/commanded_waveform[127]_INST_0_i_267_n_0
    SLICE_X61Y75                                                      r  native_system/digital/burst/commanded_waveform[127]_INST_0_i_271/I0
    SLICE_X61Y75         LUT6 (Prop_lut6_I0_O)        0.124     3.575 r  native_system/digital/burst/commanded_waveform[127]_INST_0_i_271/O
                         net (fo=1, routed)           0.000     3.575    native_system/digital/burst/commanded_waveform[127]_INST_0_i_271_n_0
    SLICE_X61Y75                                                      r  native_system/digital/burst/commanded_waveform[127]_INST_0_i_207/S[1]
    SLICE_X61Y75         CARRY4 (Prop_carry4_S[1]_CO[3])
                                                      0.550     4.125 r  native_system/digital/burst/commanded_waveform[127]_INST_0_i_207/CO[3]
                         net (fo=1, routed)           0.000     4.125    native_system/digital/burst/commanded_waveform[127]_INST_0_i_207_n_0
    SLICE_X61Y76                                                      r  native_system/digital/burst/commanded_waveform[127]_INST_0_i_153/CI
    SLICE_X61Y76         CARRY4 (Prop_carry4_CI_CO[3])
                                                      0.114     4.239 r  native_system/digital/burst/commanded_waveform[127]_INST_0_i_153/CO[3]
                         net (fo=1, routed)           0.000     4.239    native_system/digital/burst/commanded_waveform[127]_INST_0_i_153_n_0
    SLICE_X61Y77                                                      r  native_system/digital/burst/commanded_waveform[127]_INST_0_i_101/CI
    SLICE_X61Y77         CARRY4 (Prop_carry4_CI_CO[3])
                                                      0.114     4.353 r  native_system/digital/burst/commanded_waveform[127]_INST_0_i_101/CO[3]
                         net (fo=1, routed)           0.000     4.353    native_system/digital/burst/commanded_waveform[127]_INST_0_i_101_n_0
    SLICE_X61Y78                                                      r  native_system/digital/burst/commanded_waveform[127]_INST_0_i_66/CI
    SLICE_X61Y78         CARRY4 (Prop_carry4_CI_CO[3])
                                                      0.114     4.467 r  native_system/digital/burst/commanded_waveform[127]_INST_0_i_66/CO[3]
                         net (fo=1, routed)           0.000     4.467    native_system/digital/burst/commanded_waveform[127]_INST_0_i_66_n_0
    SLICE_X61Y79                                                      r  native_system/digital/burst/commanded_waveform[127]_INST_0_i_42/CI
    SLICE_X61Y79         CARRY4 (Prop_carry4_CI_CO[3])
                                                      0.114     4.581 r  native_system/digital/burst/commanded_waveform[127]_INST_0_i_42/CO[3]
                         net (fo=1, routed)           0.000     4.581    native_system/digital/burst/commanded_waveform[127]_INST_0_i_42_n_0
    SLICE_X61Y80                                                      r  native_system/digital/burst/commanded_waveform[127]_INST_0_i_40/CI
    SLICE_X61Y80         CARRY4 (Prop_carry4_CI_CO[3])
                                                      0.114     4.695 r  native_system/digital/burst/commanded_waveform[127]_INST_0_i_40/CO[3]
                         net (fo=1, routed)           0.000     4.695    native_system/digital/burst/commanded_waveform[127]_INST_0_i_40_n_0
    SLICE_X61Y81                                                      r  native_system/digital/burst/commanded_waveform[127]_INST_0_i_39/CI
    SLICE_X61Y81         CARRY4 (Prop_carry4_CI_O[1])
                                                      0.334     5.029 r  native_system/digital/burst/commanded_waveform[127]_INST_0_i_39/O[1]
                         net (fo=26, routed)          0.621     5.650    native_system/digital/burst/commanded_waveform[127]_INST_0_i_39_n_6
    SLICE_X64Y80                                                      r  native_system/digital/burst/commanded_waveform[127]_INST_0_i_368/I0
    SLICE_X64Y80         LUT3 (Prop_lut3_I0_O)        0.303     5.953 r  native_system/digital/burst/commanded_waveform[127]_INST_0_i_368/O
                         net (fo=1, routed)           0.689     6.642    native_system/digital/burst/commanded_waveform[127]_INST_0_i_368_n_0
    SLICE_X60Y79                                                      r  native_system/digital/burst/commanded_waveform[127]_INST_0_i_339/DI[2]
    SLICE_X60Y79         CARRY4 (Prop_carry4_DI[2]_CO[3])
                                                      0.398     7.040 r  native_system/digital/burst/commanded_waveform[127]_INST_0_i_339/CO[3]
                         net (fo=1, routed)           0.000     7.040    native_system/digital/burst/commanded_waveform[127]_INST_0_i_339_n_0
    SLICE_X60Y80                                                      r  native_system/digital/burst/commanded_waveform[127]_INST_0_i_295/CI
    SLICE_X60Y80         CARRY4 (Prop_carry4_CI_CO[3])
                                                      0.114     7.154 r  native_system/digital/burst/commanded_waveform[127]_INST_0_i_295/CO[3]
                         net (fo=1, routed)           0.000     7.154    native_system/digital/burst/commanded_waveform[127]_INST_0_i_295_n_0
    SLICE_X60Y81                                                      r  native_system/digital/burst/commanded_waveform[127]_INST_0_i_244/CI
    SLICE_X60Y81         CARRY4 (Prop_carry4_CI_CO[3])
                                                      0.114     7.268 r  native_system/digital/burst/commanded_waveform[127]_INST_0_i_244/CO[3]
                         net (fo=1, routed)           0.000     7.268    native_system/digital/burst/commanded_waveform[127]_INST_0_i_244_n_0
    SLICE_X60Y82                                                      r  native_system/digital/burst/commanded_waveform[127]_INST_0_i_239/CI
    SLICE_X60Y82         CARRY4 (Prop_carry4_CI_CO[1])
                                                      0.157     7.425 r  native_system/digital/burst/commanded_waveform[127]_INST_0_i_239/CO[1]
                         net (fo=2, routed)           0.832     8.257    native_system/digital/burst/commanded_waveform[127]_INST_0_i_239_n_2
    SLICE_X63Y81                                                      r  native_system/digital/burst/commanded_waveform[127]_INST_0_i_177/I3
    SLICE_X63Y81         LUT5 (Prop_lut5_I3_O)        0.329     8.586 r  native_system/digital/burst/commanded_waveform[127]_INST_0_i_177/O
                         net (fo=2, routed)           0.618     9.204    native_system/digital/burst/commanded_waveform[127]_INST_0_i_177_n_0
    SLICE_X57Y81                                                      r  native_system/digital/burst/commanded_waveform[127]_INST_0_i_181/I0
    SLICE_X57Y81         LUT5 (Prop_lut5_I0_O)        0.124     9.328 r  native_system/digital/burst/commanded_waveform[127]_INST_0_i_181/O
                         net (fo=1, routed)           0.000     9.328    native_system/digital/burst/commanded_waveform[127]_INST_0_i_181_n_0
    SLICE_X57Y81                                                      r  native_system/digital/burst/commanded_waveform[127]_INST_0_i_124/S[2]
    SLICE_X57Y81         CARRY4 (Prop_carry4_S[2]_CO[3])
                                                      0.398     9.726 r  native_system/digital/burst/commanded_waveform[127]_INST_0_i_124/CO[3]
                         net (fo=1, routed)           0.000     9.726    native_system/digital/burst/commanded_waveform[127]_INST_0_i_124_n_0
    SLICE_X57Y82                                                      r  native_system/digital/burst/commanded_waveform[127]_INST_0_i_84/CI
    SLICE_X57Y82         CARRY4 (Prop_carry4_CI_CO[3])
                                                      0.114     9.840 r  native_system/digital/burst/commanded_waveform[127]_INST_0_i_84/CO[3]
                         net (fo=1, routed)           0.000     9.840    native_system/digital/burst/commanded_waveform[127]_INST_0_i_84_n_0
    SLICE_X57Y83                                                      r  native_system/digital/burst/commanded_waveform[127]_INST_0_i_50/CI
    SLICE_X57Y83         CARRY4 (Prop_carry4_CI_O[1])
                                                      0.334    10.174 r  native_system/digital/burst/commanded_waveform[127]_INST_0_i_50/O[1]
                         net (fo=3, routed)           0.649    10.823    native_system/digital/burst/commanded_waveform[127]_INST_0_i_50_n_6
    SLICE_X56Y81                                                      r  native_system/digital/burst/commanded_waveform[127]_INST_0_i_80/I1
    SLICE_X56Y81         LUT4 (Prop_lut4_I1_O)        0.303    11.126 r  native_system/digital/burst/commanded_waveform[127]_INST_0_i_80/O
                         net (fo=1, routed)           0.000    11.126    native_system/digital/burst/commanded_waveform[127]_INST_0_i_80_n_0
    SLICE_X56Y81                                                      r  native_system/digital/burst/commanded_waveform[127]_INST_0_i_43/S[3]
    SLICE_X56Y81         CARRY4 (Prop_carry4_S[3]_CO[3])
                                                      0.401    11.527 r  native_system/digital/burst/commanded_waveform[127]_INST_0_i_43/CO[3]
                         net (fo=1, routed)           0.000    11.527    native_system/digital/burst/commanded_waveform[127]_INST_0_i_43_n_0
    SLICE_X56Y82                                                      r  native_system/digital/burst/commanded_waveform[127]_INST_0_i_37/CI
    SLICE_X56Y82         CARRY4 (Prop_carry4_CI_CO[2])
                                                      0.228    11.755 r  native_system/digital/burst/commanded_waveform[127]_INST_0_i_37/CO[2]
                         net (fo=8, routed)           0.554    12.309    native_system/digital/burst/commanded_waveform[127]_INST_0_i_37_n_1
    SLICE_X55Y82                                                      r  native_system/digital/burst/commanded_waveform[127]_INST_0_i_35/I1
    SLICE_X55Y82         LUT6 (Prop_lut6_I1_O)        0.313    12.622 r  native_system/digital/burst/commanded_waveform[127]_INST_0_i_35/O
                         net (fo=1, routed)           0.000    12.622    native_system/digital/burst/commanded_waveform[127]_INST_0_i_35_n_0
    SLICE_X55Y82                                                      r  native_system/digital/burst/commanded_waveform[127]_INST_0_i_23/S[0]
    SLICE_X55Y82         CARRY4 (Prop_carry4_S[0]_CO[3])
                                                      0.532    13.154 r  native_system/digital/burst/commanded_waveform[127]_INST_0_i_23/CO[3]
                         net (fo=1, routed)           0.000    13.154    native_system/digital/burst/commanded_waveform[127]_INST_0_i_23_n_0
    SLICE_X55Y83                                                      r  native_system/digital/burst/commanded_waveform[127]_INST_0_i_17/CI
    SLICE_X55Y83         CARRY4 (Prop_carry4_CI_O[3])
                                                      0.313    13.467 f  native_system/digital/burst/commanded_waveform[127]_INST_0_i_17/O[3]
                         net (fo=1, routed)           0.295    13.762    native_system/digital/burst/phase[7]
    SLICE_X55Y85                                                      f  native_system/digital/burst/commanded_waveform[127]_INST_0_i_11/I0
    SLICE_X55Y85         LUT5 (Prop_lut5_I0_O)        0.306    14.068 r  native_system/digital/burst/commanded_waveform[127]_INST_0_i_11/O
                         net (fo=10, routed)          0.381    14.449    native_system/digital/scheduler/commanded_waveform3
    SLICE_X57Y85                                                      r  native_system/digital/scheduler/commanded_waveform[31]_INST_0_i_2/I4
    SLICE_X57Y85         LUT6 (Prop_lut6_I4_O)        0.124    14.573 r  native_system/digital/scheduler/commanded_waveform[31]_INST_0_i_2/O
                         net (fo=21, routed)          0.590    15.163    native_system/digital/bank/captured_reg[1]_0
    SLICE_X62Y86                                                      r  native_system/digital/bank/commanded_waveform[7]_INST_0/I3
    SLICE_X62Y86         LUT5 (Prop_lut5_I3_O)        0.124    15.287 r  native_system/digital/bank/commanded_waveform[7]_INST_0/O
                         net (fo=2, routed)           0.176    15.462    native_system/digital/serial/commanded_waveform[7]
    SLICE_X62Y86                                                      r  native_system/digital/serial/serial_data[1]_i_1/I0
    SLICE_X62Y86         LUT6 (Prop_lut6_I0_O)        0.124    15.586 r  native_system/digital/serial/serial_data[1]_i_1/O
                         net (fo=1, routed)           0.000    15.586    native_system/digital/serial/serial_data[1]_i_1_n_0
    SLICE_X62Y86         FDCE                                         r  native_system/digital/serial/serial_data_reg[1]/D
  -------------------------------------------------------------------    -------------------

                         (clock core132 rise edge)    7.576     7.576 r  
                                                      0.000     7.576 r  clk (IN)
                         net (fo=18015, unset)        0.924     8.500    native_system/digital/serial/clk
    SLICE_X62Y86         FDCE                                         r  native_system/digital/serial/serial_data_reg[1]/C
                         clock pessimism              0.000     8.500    
                         clock uncertainty           -0.035     8.465    
    SLICE_X62Y86         FDCE (Setup_fdce_C_D)        0.077     8.542    native_system/digital/serial/serial_data_reg[1]
  -------------------------------------------------------------------
                         required time                          8.542    
                         arrival time                         -15.586    
  -------------------------------------------------------------------
                         slack                                 -7.044    

Slack (VIOLATED) :        -7.041ns  (required time - arrival time)
  Source:                 native_system/digital/burst/accumulator_reg[11]_replica/C
                            (rising edge-triggered cell FDCE clocked by core132  {rise@0.000ns fall@3.788ns period=7.576ns})
  Destination:            native_system/digital/serial/captured_reg[15]/D
                            (rising edge-triggered cell FDCE clocked by core132  {rise@0.000ns fall@3.788ns period=7.576ns})
  Path Group:             core132
  Path Type:              Setup (Max at Slow Process Corner)
  Requirement:            7.576ns  (core132 rise@7.576ns - core132 rise@0.000ns)
  Data Path Delay:        14.490ns  (logic 7.373ns (50.885%)  route 7.117ns (49.115%))
  Logic Levels:           29  (CARRY4=18 LUT3=2 LUT4=1 LUT5=5 LUT6=3)
  Clock Path Skew:        -0.049ns (DCD - SCD + CPR)
    Destination Clock Delay (DCD):    0.924ns = ( 8.500 - 7.576 ) 
    Source Clock Delay      (SCD):    0.973ns
    Clock Pessimism Removal (CPR):    0.000ns
  Clock Uncertainty:      0.035ns  ((TSJ^2 + TIJ^2)^1/2 + DJ) / 2 + PE
    Total System Jitter     (TSJ):    0.071ns
    Total Input Jitter      (TIJ):    0.000ns
    Discrete Jitter          (DJ):    0.000ns
    Phase Error              (PE):    0.000ns

    Location             Delay type                Incr(ns)  Path(ns)    Netlist Resource(s)
  -------------------------------------------------------------------    -------------------
                         (clock core132 rise edge)    0.000     0.000 r  
                                                      0.000     0.000 r  clk (IN)
                         net (fo=18015, unset)        0.973     0.973    native_system/digital/burst/clk
    SLICE_X62Y75         FDCE                                         r  native_system/digital/burst/accumulator_reg[11]_replica/C
  -------------------------------------------------------------------    -------------------
    SLICE_X62Y75         FDCE (Prop_fdce_C_Q)         0.518     1.491 r  native_system/digital/burst/accumulator_reg[11]_replica/Q
                         net (fo=4, routed)           0.607     2.098    native_system/digital/burst/scaled[19]_repN
    SLICE_X64Y75                                                      r  native_system/digital/burst/commanded_waveform[127]_INST_0_i_329/I0
    SLICE_X64Y75         LUT3 (Prop_lut3_I0_O)        0.124     2.222 r  native_system/digital/burst/commanded_waveform[127]_INST_0_i_329/O
                         net (fo=3, routed)           0.511     2.732    native_system/digital/burst/commanded_waveform[127]_INST_0_i_329_n_0
    SLICE_X64Y75                                                      r  native_system/digital/burst/commanded_waveform[127]_INST_0_i_267/I4
    SLICE_X64Y75         LUT5 (Prop_lut5_I4_O)        0.124     2.856 r  native_system/digital/burst/commanded_waveform[127]_INST_0_i_267/O
                         net (fo=2, routed)           0.595     3.451    native_system/digital/burst/commanded_waveform[127]_INST_0_i_267_n_0
    SLICE_X61Y75                                                      r  native_system/digital/burst/commanded_waveform[127]_INST_0_i_271/I0
    SLICE_X61Y75         LUT6 (Prop_lut6_I0_O)        0.124     3.575 r  native_system/digital/burst/commanded_waveform[127]_INST_0_i_271/O
                         net (fo=1, routed)           0.000     3.575    native_system/digital/burst/commanded_waveform[127]_INST_0_i_271_n_0
    SLICE_X61Y75                                                      r  native_system/digital/burst/commanded_waveform[127]_INST_0_i_207/S[1]
    SLICE_X61Y75         CARRY4 (Prop_carry4_S[1]_CO[3])
                                                      0.550     4.125 r  native_system/digital/burst/commanded_waveform[127]_INST_0_i_207/CO[3]
                         net (fo=1, routed)           0.000     4.125    native_system/digital/burst/commanded_waveform[127]_INST_0_i_207_n_0
    SLICE_X61Y76                                                      r  native_system/digital/burst/commanded_waveform[127]_INST_0_i_153/CI
    SLICE_X61Y76         CARRY4 (Prop_carry4_CI_CO[3])
                                                      0.114     4.239 r  native_system/digital/burst/commanded_waveform[127]_INST_0_i_153/CO[3]
                         net (fo=1, routed)           0.000     4.239    native_system/digital/burst/commanded_waveform[127]_INST_0_i_153_n_0
    SLICE_X61Y77                                                      r  native_system/digital/burst/commanded_waveform[127]_INST_0_i_101/CI
    SLICE_X61Y77         CARRY4 (Prop_carry4_CI_CO[3])
                                                      0.114     4.353 r  native_system/digital/burst/commanded_waveform[127]_INST_0_i_101/CO[3]
                         net (fo=1, routed)           0.000     4.353    native_system/digital/burst/commanded_waveform[127]_INST_0_i_101_n_0
    SLICE_X61Y78                                                      r  native_system/digital/burst/commanded_waveform[127]_INST_0_i_66/CI
    SLICE_X61Y78         CARRY4 (Prop_carry4_CI_CO[3])
                                                      0.114     4.467 r  native_system/digital/burst/commanded_waveform[127]_INST_0_i_66/CO[3]
                         net (fo=1, routed)           0.000     4.467    native_system/digital/burst/commanded_waveform[127]_INST_0_i_66_n_0
    SLICE_X61Y79                                                      r  native_system/digital/burst/commanded_waveform[127]_INST_0_i_42/CI
    SLICE_X61Y79         CARRY4 (Prop_carry4_CI_CO[3])
                                                      0.114     4.581 r  native_system/digital/burst/commanded_waveform[127]_INST_0_i_42/CO[3]
                         net (fo=1, routed)           0.000     4.581    native_system/digital/burst/commanded_waveform[127]_INST_0_i_42_n_0
    SLICE_X61Y80                                                      r  native_system/digital/burst/commanded_waveform[127]_INST_0_i_40/CI
    SLICE_X61Y80         CARRY4 (Prop_carry4_CI_CO[3])
                                                      0.114     4.695 r  native_system/digital/burst/commanded_waveform[127]_INST_0_i_40/CO[3]
                         net (fo=1, routed)           0.000     4.695    native_system/digital/burst/commanded_waveform[127]_INST_0_i_40_n_0
    SLICE_X61Y81                                                      r  native_system/digital/burst/commanded_waveform[127]_INST_0_i_39/CI
    SLICE_X61Y81         CARRY4 (Prop_carry4_CI_O[1])
                                                      0.334     5.029 r  native_system/digital/burst/commanded_waveform[127]_INST_0_i_39/O[1]
                         net (fo=26, routed)          0.621     5.650    native_system/digital/burst/commanded_waveform[127]_INST_0_i_39_n_6
    SLICE_X64Y80                                                      r  native_system/digital/burst/commanded_waveform[127]_INST_0_i_368/I0
    SLICE_X64Y80         LUT3 (Prop_lut3_I0_O)        0.303     5.953 r  native_system/digital/burst/commanded_waveform[127]_INST_0_i_368/O
                         net (fo=1, routed)           0.689     6.642    native_system/digital/burst/commanded_waveform[127]_INST_0_i_368_n_0
    SLICE_X60Y79                                                      r  native_system/digital/burst/commanded_waveform[127]_INST_0_i_339/DI[2]
    SLICE_X60Y79         CARRY4 (Prop_carry4_DI[2]_CO[3])
                                                      0.398     7.040 r  native_system/digital/burst/commanded_waveform[127]_INST_0_i_339/CO[3]
                         net (fo=1, routed)           0.000     7.040    native_system/digital/burst/commanded_waveform[127]_INST_0_i_339_n_0
    SLICE_X60Y80                                                      r  native_system/digital/burst/commanded_waveform[127]_INST_0_i_295/CI
    SLICE_X60Y80         CARRY4 (Prop_carry4_CI_CO[3])
                                                      0.114     7.154 r  native_system/digital/burst/commanded_waveform[127]_INST_0_i_295/CO[3]
                         net (fo=1, routed)           0.000     7.154    native_system/digital/burst/commanded_waveform[127]_INST_0_i_295_n_0
    SLICE_X60Y81                                                      r  native_system/digital/burst/commanded_waveform[127]_INST_0_i_244/CI
    SLICE_X60Y81         CARRY4 (Prop_carry4_CI_CO[3])
                                                      0.114     7.268 r  native_system/digital/burst/commanded_waveform[127]_INST_0_i_244/CO[3]
                         net (fo=1, routed)           0.000     7.268    native_system/digital/burst/commanded_waveform[127]_INST_0_i_244_n_0
    SLICE_X60Y82                                                      r  native_system/digital/burst/commanded_waveform[127]_INST_0_i_239/CI
    SLICE_X60Y82         CARRY4 (Prop_carry4_CI_CO[1])
                                                      0.157     7.425 r  native_system/digital/burst/commanded_waveform[127]_INST_0_i_239/CO[1]
                         net (fo=2, routed)           0.832     8.257    native_system/digital/burst/commanded_waveform[127]_INST_0_i_239_n_2
    SLICE_X63Y81                                                      r  native_system/digital/burst/commanded_waveform[127]_INST_0_i_177/I3
    SLICE_X63Y81         LUT5 (Prop_lut5_I3_O)        0.329     8.586 r  native_system/digital/burst/commanded_waveform[127]_INST_0_i_177/O
                         net (fo=2, routed)           0.618     9.204    native_system/digital/burst/commanded_waveform[127]_INST_0_i_177_n_0
    SLICE_X57Y81                                                      r  native_system/digital/burst/commanded_waveform[127]_INST_0_i_181/I0
    SLICE_X57Y81         LUT5 (Prop_lut5_I0_O)        0.124     9.328 r  native_system/digital/burst/commanded_waveform[127]_INST_0_i_181/O
                         net (fo=1, routed)           0.000     9.328    native_system/digital/burst/commanded_waveform[127]_INST_0_i_181_n_0
    SLICE_X57Y81                                                      r  native_system/digital/burst/commanded_waveform[127]_INST_0_i_124/S[2]
    SLICE_X57Y81         CARRY4 (Prop_carry4_S[2]_CO[3])
                                                      0.398     9.726 r  native_system/digital/burst/commanded_waveform[127]_INST_0_i_124/CO[3]
                         net (fo=1, routed)           0.000     9.726    native_system/digital/burst/commanded_waveform[127]_INST_0_i_124_n_0
    SLICE_X57Y82                                                      r  native_system/digital/burst/commanded_waveform[127]_INST_0_i_84/CI
    SLICE_X57Y82         CARRY4 (Prop_carry4_CI_CO[3])
                                                      0.114     9.840 r  native_system/digital/burst/commanded_waveform[127]_INST_0_i_84/CO[3]
                         net (fo=1, routed)           0.000     9.840    native_system/digital/burst/commanded_waveform[127]_INST_0_i_84_n_0
    SLICE_X57Y83                                                      r  native_system/digital/burst/commanded_waveform[127]_INST_0_i_50/CI
    SLICE_X57Y83         CARRY4 (Prop_carry4_CI_O[1])
                                                      0.334    10.174 r  native_system/digital/burst/commanded_waveform[127]_INST_0_i_50/O[1]
                         net (fo=3, routed)           0.649    10.823    native_system/digital/burst/commanded_waveform[127]_INST_0_i_50_n_6
    SLICE_X56Y81                                                      r  native_system/digital/burst/commanded_waveform[127]_INST_0_i_80/I1
    SLICE_X56Y81         LUT4 (Prop_lut4_I1_O)        0.303    11.126 r  native_system/digital/burst/commanded_waveform[127]_INST_0_i_80/O
                         net (fo=1, routed)           0.000    11.126    native_system/digital/burst/commanded_waveform[127]_INST_0_i_80_n_0
    SLICE_X56Y81                                                      r  native_system/digital/burst/commanded_waveform[127]_INST_0_i_43/S[3]
    SLICE_X56Y81         CARRY4 (Prop_carry4_S[3]_CO[3])
                                                      0.401    11.527 r  native_system/digital/burst/commanded_waveform[127]_INST_0_i_43/CO[3]
                         net (fo=1, routed)           0.000    11.527    native_system/digital/burst/commanded_waveform[127]_INST_0_i_43_n_0
    SLICE_X56Y82                                                      r  native_system/digital/burst/commanded_waveform[127]_INST_0_i_37/CI
    SLICE_X56Y82         CARRY4 (Prop_carry4_CI_CO[2])
                                                      0.228    11.755 r  native_system/digital/burst/commanded_waveform[127]_INST_0_i_37/CO[2]
                         net (fo=8, routed)           0.554    12.309    native_system/digital/burst/commanded_waveform[127]_INST_0_i_37_n_1
    SLICE_X55Y82                                                      r  native_system/digital/burst/commanded_waveform[127]_INST_0_i_35/I1
    SLICE_X55Y82         LUT6 (Prop_lut6_I1_O)        0.313    12.622 r  native_system/digital/burst/commanded_waveform[127]_INST_0_i_35/O
                         net (fo=1, routed)           0.000    12.622    native_system/digital/burst/commanded_waveform[127]_INST_0_i_35_n_0
    SLICE_X55Y82                                                      r  native_system/digital/burst/commanded_waveform[127]_INST_0_i_23/S[0]
    SLICE_X55Y82         CARRY4 (Prop_carry4_S[0]_CO[3])
                                                      0.532    13.154 r  native_system/digital/burst/commanded_waveform[127]_INST_0_i_23/CO[3]
                         net (fo=1, routed)           0.000    13.154    native_system/digital/burst/commanded_waveform[127]_INST_0_i_23_n_0
    SLICE_X55Y83                                                      r  native_system/digital/burst/commanded_waveform[127]_INST_0_i_17/CI
    SLICE_X55Y83         CARRY4 (Prop_carry4_CI_O[3])
                                                      0.313    13.467 f  native_system/digital/burst/commanded_waveform[127]_INST_0_i_17/O[3]
                         net (fo=1, routed)           0.295    13.762    native_system/digital/burst/phase[7]
    SLICE_X55Y85                                                      f  native_system/digital/burst/commanded_waveform[127]_INST_0_i_11/I0
    SLICE_X55Y85         LUT5 (Prop_lut5_I0_O)        0.306    14.068 r  native_system/digital/burst/commanded_waveform[127]_INST_0_i_11/O
                         net (fo=10, routed)          0.381    14.449    native_system/digital/scheduler/commanded_waveform3
    SLICE_X57Y85                                                      r  native_system/digital/scheduler/commanded_waveform[31]_INST_0_i_2/I4
    SLICE_X57Y85         LUT6 (Prop_lut6_I4_O)        0.124    14.573 r  native_system/digital/scheduler/commanded_waveform[31]_INST_0_i_2/O
                         net (fo=21, routed)          0.435    15.007    native_system/digital/bank/captured_reg[1]_0
    SLICE_X61Y85                                                      r  native_system/digital/bank/commanded_waveform[15]_INST_0/I3
    SLICE_X61Y85         LUT5 (Prop_lut5_I3_O)        0.124    15.131 r  native_system/digital/bank/commanded_waveform[15]_INST_0/O
                         net (fo=1, routed)           0.331    15.463    native_system/digital/serial/commanded_waveform[15]
    SLICE_X61Y84         FDCE                                         r  native_system/digital/serial/captured_reg[15]/D
  -------------------------------------------------------------------    -------------------

                         (clock core132 rise edge)    7.576     7.576 r  
                                                      0.000     7.576 r  clk (IN)
                         net (fo=18015, unset)        0.924     8.500    native_system/digital/serial/clk
    SLICE_X61Y84         FDCE                                         r  native_system/digital/serial/captured_reg[15]/C
                         clock pessimism              0.000     8.500    
                         clock uncertainty           -0.035     8.465    
    SLICE_X61Y84         FDCE (Setup_fdce_C_D)       -0.043     8.422    native_system/digital/serial/captured_reg[15]
  -------------------------------------------------------------------
                         required time                          8.422    
                         arrival time                         -15.463    
  -------------------------------------------------------------------
                         slack                                 -7.041    

Slack (VIOLATED) :        -7.041ns  (required time - arrival time)
  Source:                 native_system/digital/burst/accumulator_reg[11]_replica/C
                            (rising edge-triggered cell FDCE clocked by core132  {rise@0.000ns fall@3.788ns period=7.576ns})
  Destination:            native_system/digital/serial/captured_reg[55]/D
                            (rising edge-triggered cell FDCE clocked by core132  {rise@0.000ns fall@3.788ns period=7.576ns})
  Path Group:             core132
  Path Type:              Setup (Max at Slow Process Corner)
  Requirement:            7.576ns  (core132 rise@7.576ns - core132 rise@0.000ns)
  Data Path Delay:        14.493ns  (logic 7.373ns (50.875%)  route 7.120ns (49.125%))
  Logic Levels:           29  (CARRY4=18 LUT3=2 LUT4=1 LUT5=5 LUT6=3)
  Clock Path Skew:        -0.049ns (DCD - SCD + CPR)
    Destination Clock Delay (DCD):    0.924ns = ( 8.500 - 7.576 ) 
    Source Clock Delay      (SCD):    0.973ns
    Clock Pessimism Removal (CPR):    0.000ns
  Clock Uncertainty:      0.035ns  ((TSJ^2 + TIJ^2)^1/2 + DJ) / 2 + PE
    Total System Jitter     (TSJ):    0.071ns
    Total Input Jitter      (TIJ):    0.000ns
    Discrete Jitter          (DJ):    0.000ns
    Phase Error              (PE):    0.000ns

    Location             Delay type                Incr(ns)  Path(ns)    Netlist Resource(s)
  -------------------------------------------------------------------    -------------------
                         (clock core132 rise edge)    0.000     0.000 r  
                                                      0.000     0.000 r  clk (IN)
                         net (fo=18015, unset)        0.973     0.973    native_system/digital/burst/clk
    SLICE_X62Y75         FDCE                                         r  native_system/digital/burst/accumulator_reg[11]_replica/C
  -------------------------------------------------------------------    -------------------
    SLICE_X62Y75         FDCE (Prop_fdce_C_Q)         0.518     1.491 r  native_system/digital/burst/accumulator_reg[11]_replica/Q
                         net (fo=4, routed)           0.607     2.098    native_system/digital/burst/scaled[19]_repN
    SLICE_X64Y75                                                      r  native_system/digital/burst/commanded_waveform[127]_INST_0_i_329/I0
    SLICE_X64Y75         LUT3 (Prop_lut3_I0_O)        0.124     2.222 r  native_system/digital/burst/commanded_waveform[127]_INST_0_i_329/O
                         net (fo=3, routed)           0.511     2.732    native_system/digital/burst/commanded_waveform[127]_INST_0_i_329_n_0
    SLICE_X64Y75                                                      r  native_system/digital/burst/commanded_waveform[127]_INST_0_i_267/I4
    SLICE_X64Y75         LUT5 (Prop_lut5_I4_O)        0.124     2.856 r  native_system/digital/burst/commanded_waveform[127]_INST_0_i_267/O
                         net (fo=2, routed)           0.595     3.451    native_system/digital/burst/commanded_waveform[127]_INST_0_i_267_n_0
    SLICE_X61Y75                                                      r  native_system/digital/burst/commanded_waveform[127]_INST_0_i_271/I0
    SLICE_X61Y75         LUT6 (Prop_lut6_I0_O)        0.124     3.575 r  native_system/digital/burst/commanded_waveform[127]_INST_0_i_271/O
                         net (fo=1, routed)           0.000     3.575    native_system/digital/burst/commanded_waveform[127]_INST_0_i_271_n_0
    SLICE_X61Y75                                                      r  native_system/digital/burst/commanded_waveform[127]_INST_0_i_207/S[1]
    SLICE_X61Y75         CARRY4 (Prop_carry4_S[1]_CO[3])
                                                      0.550     4.125 r  native_system/digital/burst/commanded_waveform[127]_INST_0_i_207/CO[3]
                         net (fo=1, routed)           0.000     4.125    native_system/digital/burst/commanded_waveform[127]_INST_0_i_207_n_0
    SLICE_X61Y76                                                      r  native_system/digital/burst/commanded_waveform[127]_INST_0_i_153/CI
    SLICE_X61Y76         CARRY4 (Prop_carry4_CI_CO[3])
                                                      0.114     4.239 r  native_system/digital/burst/commanded_waveform[127]_INST_0_i_153/CO[3]
                         net (fo=1, routed)           0.000     4.239    native_system/digital/burst/commanded_waveform[127]_INST_0_i_153_n_0
    SLICE_X61Y77                                                      r  native_system/digital/burst/commanded_waveform[127]_INST_0_i_101/CI
    SLICE_X61Y77         CARRY4 (Prop_carry4_CI_CO[3])
                                                      0.114     4.353 r  native_system/digital/burst/commanded_waveform[127]_INST_0_i_101/CO[3]
                         net (fo=1, routed)           0.000     4.353    native_system/digital/burst/commanded_waveform[127]_INST_0_i_101_n_0
    SLICE_X61Y78                                                      r  native_system/digital/burst/commanded_waveform[127]_INST_0_i_66/CI
    SLICE_X61Y78         CARRY4 (Prop_carry4_CI_CO[3])
                                                      0.114     4.467 r  native_system/digital/burst/commanded_waveform[127]_INST_0_i_66/CO[3]
                         net (fo=1, routed)           0.000     4.467    native_system/digital/burst/commanded_waveform[127]_INST_0_i_66_n_0
    SLICE_X61Y79                                                      r  native_system/digital/burst/commanded_waveform[127]_INST_0_i_42/CI
    SLICE_X61Y79         CARRY4 (Prop_carry4_CI_CO[3])
                                                      0.114     4.581 r  native_system/digital/burst/commanded_waveform[127]_INST_0_i_42/CO[3]
                         net (fo=1, routed)           0.000     4.581    native_system/digital/burst/commanded_waveform[127]_INST_0_i_42_n_0
    SLICE_X61Y80                                                      r  native_system/digital/burst/commanded_waveform[127]_INST_0_i_40/CI
    SLICE_X61Y80         CARRY4 (Prop_carry4_CI_CO[3])
                                                      0.114     4.695 r  native_system/digital/burst/commanded_waveform[127]_INST_0_i_40/CO[3]
                         net (fo=1, routed)           0.000     4.695    native_system/digital/burst/commanded_waveform[127]_INST_0_i_40_n_0
    SLICE_X61Y81                                                      r  native_system/digital/burst/commanded_waveform[127]_INST_0_i_39/CI
    SLICE_X61Y81         CARRY4 (Prop_carry4_CI_O[1])
                                                      0.334     5.029 r  native_system/digital/burst/commanded_waveform[127]_INST_0_i_39/O[1]
                         net (fo=26, routed)          0.621     5.650    native_system/digital/burst/commanded_waveform[127]_INST_0_i_39_n_6
    SLICE_X64Y80                                                      r  native_system/digital/burst/commanded_waveform[127]_INST_0_i_368/I0
    SLICE_X64Y80         LUT3 (Prop_lut3_I0_O)        0.303     5.953 r  native_system/digital/burst/commanded_waveform[127]_INST_0_i_368/O
                         net (fo=1, routed)           0.689     6.642    native_system/digital/burst/commanded_waveform[127]_INST_0_i_368_n_0
    SLICE_X60Y79                                                      r  native_system/digital/burst/commanded_waveform[127]_INST_0_i_339/DI[2]
    SLICE_X60Y79         CARRY4 (Prop_carry4_DI[2]_CO[3])
                                                      0.398     7.040 r  native_system/digital/burst/commanded_waveform[127]_INST_0_i_339/CO[3]
                         net (fo=1, routed)           0.000     7.040    native_system/digital/burst/commanded_waveform[127]_INST_0_i_339_n_0
    SLICE_X60Y80                                                      r  native_system/digital/burst/commanded_waveform[127]_INST_0_i_295/CI
    SLICE_X60Y80         CARRY4 (Prop_carry4_CI_CO[3])
                                                      0.114     7.154 r  native_system/digital/burst/commanded_waveform[127]_INST_0_i_295/CO[3]
                         net (fo=1, routed)           0.000     7.154    native_system/digital/burst/commanded_waveform[127]_INST_0_i_295_n_0
    SLICE_X60Y81                                                      r  native_system/digital/burst/commanded_waveform[127]_INST_0_i_244/CI
    SLICE_X60Y81         CARRY4 (Prop_carry4_CI_CO[3])
                                                      0.114     7.268 r  native_system/digital/burst/commanded_waveform[127]_INST_0_i_244/CO[3]
                         net (fo=1, routed)           0.000     7.268    native_system/digital/burst/commanded_waveform[127]_INST_0_i_244_n_0
    SLICE_X60Y82                                                      r  native_system/digital/burst/commanded_waveform[127]_INST_0_i_239/CI
    SLICE_X60Y82         CARRY4 (Prop_carry4_CI_CO[1])
                                                      0.157     7.425 r  native_system/digital/burst/commanded_waveform[127]_INST_0_i_239/CO[1]
                         net (fo=2, routed)           0.832     8.257    native_system/digital/burst/commanded_waveform[127]_INST_0_i_239_n_2
    SLICE_X63Y81                                                      r  native_system/digital/burst/commanded_waveform[127]_INST_0_i_177/I3
    SLICE_X63Y81         LUT5 (Prop_lut5_I3_O)        0.329     8.586 r  native_system/digital/burst/commanded_waveform[127]_INST_0_i_177/O
                         net (fo=2, routed)           0.618     9.204    native_system/digital/burst/commanded_waveform[127]_INST_0_i_177_n_0
    SLICE_X57Y81                                                      r  native_system/digital/burst/commanded_waveform[127]_INST_0_i_181/I0
    SLICE_X57Y81         LUT5 (Prop_lut5_I0_O)        0.124     9.328 r  native_system/digital/burst/commanded_waveform[127]_INST_0_i_181/O
                         net (fo=1, routed)           0.000     9.328    native_system/digital/burst/commanded_waveform[127]_INST_0_i_181_n_0
    SLICE_X57Y81                                                      r  native_system/digital/burst/commanded_waveform[127]_INST_0_i_124/S[2]
    SLICE_X57Y81         CARRY4 (Prop_carry4_S[2]_CO[3])
                                                      0.398     9.726 r  native_system/digital/burst/commanded_waveform[127]_INST_0_i_124/CO[3]
                         net (fo=1, routed)           0.000     9.726    native_system/digital/burst/commanded_waveform[127]_INST_0_i_124_n_0
    SLICE_X57Y82                                                      r  native_system/digital/burst/commanded_waveform[127]_INST_0_i_84/CI
    SLICE_X57Y82         CARRY4 (Prop_carry4_CI_CO[3])
                                                      0.114     9.840 r  native_system/digital/burst/commanded_waveform[127]_INST_0_i_84/CO[3]
                         net (fo=1, routed)           0.000     9.840    native_system/digital/burst/commanded_waveform[127]_INST_0_i_84_n_0
    SLICE_X57Y83                                                      r  native_system/digital/burst/commanded_waveform[127]_INST_0_i_50/CI
    SLICE_X57Y83         CARRY4 (Prop_carry4_CI_O[1])
                                                      0.334    10.174 r  native_system/digital/burst/commanded_waveform[127]_INST_0_i_50/O[1]
                         net (fo=3, routed)           0.649    10.823    native_system/digital/burst/commanded_waveform[127]_INST_0_i_50_n_6
    SLICE_X56Y81                                                      r  native_system/digital/burst/commanded_waveform[127]_INST_0_i_80/I1
    SLICE_X56Y81         LUT4 (Prop_lut4_I1_O)        0.303    11.126 r  native_system/digital/burst/commanded_waveform[127]_INST_0_i_80/O
                         net (fo=1, routed)           0.000    11.126    native_system/digital/burst/commanded_waveform[127]_INST_0_i_80_n_0
    SLICE_X56Y81                                                      r  native_system/digital/burst/commanded_waveform[127]_INST_0_i_43/S[3]
    SLICE_X56Y81         CARRY4 (Prop_carry4_S[3]_CO[3])
                                                      0.401    11.527 r  native_system/digital/burst/commanded_waveform[127]_INST_0_i_43/CO[3]
                         net (fo=1, routed)           0.000    11.527    native_system/digital/burst/commanded_waveform[127]_INST_0_i_43_n_0
    SLICE_X56Y82                                                      r  native_system/digital/burst/commanded_waveform[127]_INST_0_i_37/CI
    SLICE_X56Y82         CARRY4 (Prop_carry4_CI_CO[2])
                                                      0.228    11.755 r  native_system/digital/burst/commanded_waveform[127]_INST_0_i_37/CO[2]
                         net (fo=8, routed)           0.554    12.309    native_system/digital/burst/commanded_waveform[127]_INST_0_i_37_n_1
    SLICE_X55Y82                                                      r  native_system/digital/burst/commanded_waveform[127]_INST_0_i_35/I1
    SLICE_X55Y82         LUT6 (Prop_lut6_I1_O)        0.313    12.622 r  native_system/digital/burst/commanded_waveform[127]_INST_0_i_35/O
                         net (fo=1, routed)           0.000    12.622    native_system/digital/burst/commanded_waveform[127]_INST_0_i_35_n_0
    SLICE_X55Y82                                                      r  native_system/digital/burst/commanded_waveform[127]_INST_0_i_23/S[0]
    SLICE_X55Y82         CARRY4 (Prop_carry4_S[0]_CO[3])
                                                      0.532    13.154 r  native_system/digital/burst/commanded_waveform[127]_INST_0_i_23/CO[3]
                         net (fo=1, routed)           0.000    13.154    native_system/digital/burst/commanded_waveform[127]_INST_0_i_23_n_0
    SLICE_X55Y83                                                      r  native_system/digital/burst/commanded_waveform[127]_INST_0_i_17/CI
    SLICE_X55Y83         CARRY4 (Prop_carry4_CI_O[3])
                                                      0.313    13.467 f  native_system/digital/burst/commanded_waveform[127]_INST_0_i_17/O[3]
                         net (fo=1, routed)           0.295    13.762    native_system/digital/burst/phase[7]
    SLICE_X55Y85                                                      f  native_system/digital/burst/commanded_waveform[127]_INST_0_i_11/I0
    SLICE_X55Y85         LUT5 (Prop_lut5_I0_O)        0.306    14.068 r  native_system/digital/burst/commanded_waveform[127]_INST_0_i_11/O
                         net (fo=10, routed)          0.217    14.285    native_system/digital/scheduler/commanded_waveform3
    SLICE_X55Y85                                                      r  native_system/digital/scheduler/commanded_waveform[63]_INST_0_i_2/I4
    SLICE_X55Y85         LUT6 (Prop_lut6_I4_O)        0.124    14.409 r  native_system/digital/scheduler/commanded_waveform[63]_INST_0_i_2/O
                         net (fo=22, routed)          0.601    15.010    native_system/digital/bank/captured_reg[33]_0
    SLICE_X53Y86                                                      r  native_system/digital/bank/commanded_waveform[55]_INST_0/I3
    SLICE_X53Y86         LUT5 (Prop_lut5_I3_O)        0.124    15.134 r  native_system/digital/bank/commanded_waveform[55]_INST_0/O
                         net (fo=1, routed)           0.331    15.466    native_system/digital/serial/commanded_waveform[55]
    SLICE_X53Y84         FDCE                                         r  native_system/digital/serial/captured_reg[55]/D
  -------------------------------------------------------------------    -------------------

                         (clock core132 rise edge)    7.576     7.576 r  
                                                      0.000     7.576 r  clk (IN)
                         net (fo=18015, unset)        0.924     8.500    native_system/digital/serial/clk
    SLICE_X53Y84         FDCE                                         r  native_system/digital/serial/captured_reg[55]/C
                         clock pessimism              0.000     8.500    
                         clock uncertainty           -0.035     8.465    
    SLICE_X53Y84         FDCE (Setup_fdce_C_D)       -0.040     8.425    native_system/digital/serial/captured_reg[55]
  -------------------------------------------------------------------
                         required time                          8.425    
                         arrival time                         -15.466    
  -------------------------------------------------------------------
                         slack                                 -7.041    

Slack (VIOLATED) :        -7.038ns  (required time - arrival time)
  Source:                 native_system/digital/burst/accumulator_reg[11]_replica/C
                            (rising edge-triggered cell FDCE clocked by core132  {rise@0.000ns fall@3.788ns period=7.576ns})
  Destination:            native_system/digital/serial/serial_data_reg[31]/D
                            (rising edge-triggered cell FDCE clocked by core132  {rise@0.000ns fall@3.788ns period=7.576ns})
  Path Group:             core132
  Path Type:              Setup (Max at Slow Process Corner)
  Requirement:            7.576ns  (core132 rise@7.576ns - core132 rise@0.000ns)
  Data Path Delay:        14.561ns  (logic 7.497ns (51.488%)  route 7.064ns (48.512%))
  Logic Levels:           30  (CARRY4=18 LUT3=2 LUT4=1 LUT5=5 LUT6=4)
  Clock Path Skew:        -0.049ns (DCD - SCD + CPR)
    Destination Clock Delay (DCD):    0.924ns = ( 8.500 - 7.576 ) 
    Source Clock Delay      (SCD):    0.973ns
    Clock Pessimism Removal (CPR):    0.000ns
  Clock Uncertainty:      0.035ns  ((TSJ^2 + TIJ^2)^1/2 + DJ) / 2 + PE
    Total System Jitter     (TSJ):    0.071ns
    Total Input Jitter      (TIJ):    0.000ns
    Discrete Jitter          (DJ):    0.000ns
    Phase Error              (PE):    0.000ns

    Location             Delay type                Incr(ns)  Path(ns)    Netlist Resource(s)
  -------------------------------------------------------------------    -------------------
                         (clock core132 rise edge)    0.000     0.000 r  
                                                      0.000     0.000 r  clk (IN)
                         net (fo=18015, unset)        0.973     0.973    native_system/digital/burst/clk
    SLICE_X62Y75         FDCE                                         r  native_system/digital/burst/accumulator_reg[11]_replica/C
  -------------------------------------------------------------------    -------------------
    SLICE_X62Y75         FDCE (Prop_fdce_C_Q)         0.518     1.491 r  native_system/digital/burst/accumulator_reg[11]_replica/Q
                         net (fo=4, routed)           0.607     2.098    native_system/digital/burst/scaled[19]_repN
    SLICE_X64Y75                                                      r  native_system/digital/burst/commanded_waveform[127]_INST_0_i_329/I0
    SLICE_X64Y75         LUT3 (Prop_lut3_I0_O)        0.124     2.222 r  native_system/digital/burst/commanded_waveform[127]_INST_0_i_329/O
                         net (fo=3, routed)           0.511     2.732    native_system/digital/burst/commanded_waveform[127]_INST_0_i_329_n_0
    SLICE_X64Y75                                                      r  native_system/digital/burst/commanded_waveform[127]_INST_0_i_267/I4
    SLICE_X64Y75         LUT5 (Prop_lut5_I4_O)        0.124     2.856 r  native_system/digital/burst/commanded_waveform[127]_INST_0_i_267/O
                         net (fo=2, routed)           0.595     3.451    native_system/digital/burst/commanded_waveform[127]_INST_0_i_267_n_0
    SLICE_X61Y75                                                      r  native_system/digital/burst/commanded_waveform[127]_INST_0_i_271/I0
    SLICE_X61Y75         LUT6 (Prop_lut6_I0_O)        0.124     3.575 r  native_system/digital/burst/commanded_waveform[127]_INST_0_i_271/O
                         net (fo=1, routed)           0.000     3.575    native_system/digital/burst/commanded_waveform[127]_INST_0_i_271_n_0
    SLICE_X61Y75                                                      r  native_system/digital/burst/commanded_waveform[127]_INST_0_i_207/S[1]
    SLICE_X61Y75         CARRY4 (Prop_carry4_S[1]_CO[3])
                                                      0.550     4.125 r  native_system/digital/burst/commanded_waveform[127]_INST_0_i_207/CO[3]
                         net (fo=1, routed)           0.000     4.125    native_system/digital/burst/commanded_waveform[127]_INST_0_i_207_n_0
    SLICE_X61Y76                                                      r  native_system/digital/burst/commanded_waveform[127]_INST_0_i_153/CI
    SLICE_X61Y76         CARRY4 (Prop_carry4_CI_CO[3])
                                                      0.114     4.239 r  native_system/digital/burst/commanded_waveform[127]_INST_0_i_153/CO[3]
                         net (fo=1, routed)           0.000     4.239    native_system/digital/burst/commanded_waveform[127]_INST_0_i_153_n_0
    SLICE_X61Y77                                                      r  native_system/digital/burst/commanded_waveform[127]_INST_0_i_101/CI
    SLICE_X61Y77         CARRY4 (Prop_carry4_CI_CO[3])
                                                      0.114     4.353 r  native_system/digital/burst/commanded_waveform[127]_INST_0_i_101/CO[3]
                         net (fo=1, routed)           0.000     4.353    native_system/digital/burst/commanded_waveform[127]_INST_0_i_101_n_0
    SLICE_X61Y78                                                      r  native_system/digital/burst/commanded_waveform[127]_INST_0_i_66/CI
    SLICE_X61Y78         CARRY4 (Prop_carry4_CI_CO[3])
                                                      0.114     4.467 r  native_system/digital/burst/commanded_waveform[127]_INST_0_i_66/CO[3]
                         net (fo=1, routed)           0.000     4.467    native_system/digital/burst/commanded_waveform[127]_INST_0_i_66_n_0
    SLICE_X61Y79                                                      r  native_system/digital/burst/commanded_waveform[127]_INST_0_i_42/CI
    SLICE_X61Y79         CARRY4 (Prop_carry4_CI_CO[3])
                                                      0.114     4.581 r  native_system/digital/burst/commanded_waveform[127]_INST_0_i_42/CO[3]
                         net (fo=1, routed)           0.000     4.581    native_system/digital/burst/commanded_waveform[127]_INST_0_i_42_n_0
    SLICE_X61Y80                                                      r  native_system/digital/burst/commanded_waveform[127]_INST_0_i_40/CI
    SLICE_X61Y80         CARRY4 (Prop_carry4_CI_CO[3])
                                                      0.114     4.695 r  native_system/digital/burst/commanded_waveform[127]_INST_0_i_40/CO[3]
                         net (fo=1, routed)           0.000     4.695    native_system/digital/burst/commanded_waveform[127]_INST_0_i_40_n_0
    SLICE_X61Y81                                                      r  native_system/digital/burst/commanded_waveform[127]_INST_0_i_39/CI
    SLICE_X61Y81         CARRY4 (Prop_carry4_CI_O[1])
                                                      0.334     5.029 r  native_system/digital/burst/commanded_waveform[127]_INST_0_i_39/O[1]
                         net (fo=26, routed)          0.621     5.650    native_system/digital/burst/commanded_waveform[127]_INST_0_i_39_n_6
    SLICE_X64Y80                                                      r  native_system/digital/burst/commanded_waveform[127]_INST_0_i_368/I0
    SLICE_X64Y80         LUT3 (Prop_lut3_I0_O)        0.303     5.953 r  native_system/digital/burst/commanded_waveform[127]_INST_0_i_368/O
                         net (fo=1, routed)           0.689     6.642    native_system/digital/burst/commanded_waveform[127]_INST_0_i_368_n_0
    SLICE_X60Y79                                                      r  native_system/digital/burst/commanded_waveform[127]_INST_0_i_339/DI[2]
    SLICE_X60Y79         CARRY4 (Prop_carry4_DI[2]_CO[3])
                                                      0.398     7.040 r  native_system/digital/burst/commanded_waveform[127]_INST_0_i_339/CO[3]
                         net (fo=1, routed)           0.000     7.040    native_system/digital/burst/commanded_waveform[127]_INST_0_i_339_n_0
    SLICE_X60Y80                                                      r  native_system/digital/burst/commanded_waveform[127]_INST_0_i_295/CI
    SLICE_X60Y80         CARRY4 (Prop_carry4_CI_CO[3])
                                                      0.114     7.154 r  native_system/digital/burst/commanded_waveform[127]_INST_0_i_295/CO[3]
                         net (fo=1, routed)           0.000     7.154    native_system/digital/burst/commanded_waveform[127]_INST_0_i_295_n_0
    SLICE_X60Y81                                                      r  native_system/digital/burst/commanded_waveform[127]_INST_0_i_244/CI
    SLICE_X60Y81         CARRY4 (Prop_carry4_CI_CO[3])
                                                      0.114     7.268 r  native_system/digital/burst/commanded_waveform[127]_INST_0_i_244/CO[3]
                         net (fo=1, routed)           0.000     7.268    native_system/digital/burst/commanded_waveform[127]_INST_0_i_244_n_0
    SLICE_X60Y82                                                      r  native_system/digital/burst/commanded_waveform[127]_INST_0_i_239/CI
    SLICE_X60Y82         CARRY4 (Prop_carry4_CI_CO[1])
                                                      0.157     7.425 r  native_system/digital/burst/commanded_waveform[127]_INST_0_i_239/CO[1]
                         net (fo=2, routed)           0.832     8.257    native_system/digital/burst/commanded_waveform[127]_INST_0_i_239_n_2
    SLICE_X63Y81                                                      r  native_system/digital/burst/commanded_waveform[127]_INST_0_i_177/I3
    SLICE_X63Y81         LUT5 (Prop_lut5_I3_O)        0.329     8.586 r  native_system/digital/burst/commanded_waveform[127]_INST_0_i_177/O
                         net (fo=2, routed)           0.618     9.204    native_system/digital/burst/commanded_waveform[127]_INST_0_i_177_n_0
    SLICE_X57Y81                                                      r  native_system/digital/burst/commanded_waveform[127]_INST_0_i_181/I0
    SLICE_X57Y81         LUT5 (Prop_lut5_I0_O)        0.124     9.328 r  native_system/digital/burst/commanded_waveform[127]_INST_0_i_181/O
                         net (fo=1, routed)           0.000     9.328    native_system/digital/burst/commanded_waveform[127]_INST_0_i_181_n_0
    SLICE_X57Y81                                                      r  native_system/digital/burst/commanded_waveform[127]_INST_0_i_124/S[2]
    SLICE_X57Y81         CARRY4 (Prop_carry4_S[2]_CO[3])
                                                      0.398     9.726 r  native_system/digital/burst/commanded_waveform[127]_INST_0_i_124/CO[3]
                         net (fo=1, routed)           0.000     9.726    native_system/digital/burst/commanded_waveform[127]_INST_0_i_124_n_0
    SLICE_X57Y82                                                      r  native_system/digital/burst/commanded_waveform[127]_INST_0_i_84/CI
    SLICE_X57Y82         CARRY4 (Prop_carry4_CI_CO[3])
                                                      0.114     9.840 r  native_system/digital/burst/commanded_waveform[127]_INST_0_i_84/CO[3]
                         net (fo=1, routed)           0.000     9.840    native_system/digital/burst/commanded_waveform[127]_INST_0_i_84_n_0
    SLICE_X57Y83                                                      r  native_system/digital/burst/commanded_waveform[127]_INST_0_i_50/CI
    SLICE_X57Y83         CARRY4 (Prop_carry4_CI_O[1])
                                                      0.334    10.174 r  native_system/digital/burst/commanded_waveform[127]_INST_0_i_50/O[1]
                         net (fo=3, routed)           0.649    10.823    native_system/digital/burst/commanded_waveform[127]_INST_0_i_50_n_6
    SLICE_X56Y81                                                      r  native_system/digital/burst/commanded_waveform[127]_INST_0_i_80/I1
    SLICE_X56Y81         LUT4 (Prop_lut4_I1_O)        0.303    11.126 r  native_system/digital/burst/commanded_waveform[127]_INST_0_i_80/O
                         net (fo=1, routed)           0.000    11.126    native_system/digital/burst/commanded_waveform[127]_INST_0_i_80_n_0
    SLICE_X56Y81                                                      r  native_system/digital/burst/commanded_waveform[127]_INST_0_i_43/S[3]
    SLICE_X56Y81         CARRY4 (Prop_carry4_S[3]_CO[3])
                                                      0.401    11.527 r  native_system/digital/burst/commanded_waveform[127]_INST_0_i_43/CO[3]
                         net (fo=1, routed)           0.000    11.527    native_system/digital/burst/commanded_waveform[127]_INST_0_i_43_n_0
    SLICE_X56Y82                                                      r  native_system/digital/burst/commanded_waveform[127]_INST_0_i_37/CI
    SLICE_X56Y82         CARRY4 (Prop_carry4_CI_CO[2])
                                                      0.228    11.755 r  native_system/digital/burst/commanded_waveform[127]_INST_0_i_37/CO[2]
                         net (fo=8, routed)           0.554    12.309    native_system/digital/burst/commanded_waveform[127]_INST_0_i_37_n_1
    SLICE_X55Y82                                                      r  native_system/digital/burst/commanded_waveform[127]_INST_0_i_35/I1
    SLICE_X55Y82         LUT6 (Prop_lut6_I1_O)        0.313    12.622 r  native_system/digital/burst/commanded_waveform[127]_INST_0_i_35/O
                         net (fo=1, routed)           0.000    12.622    native_system/digital/burst/commanded_waveform[127]_INST_0_i_35_n_0
    SLICE_X55Y82                                                      r  native_system/digital/burst/commanded_waveform[127]_INST_0_i_23/S[0]
    SLICE_X55Y82         CARRY4 (Prop_carry4_S[0]_CO[3])
                                                      0.532    13.154 r  native_system/digital/burst/commanded_waveform[127]_INST_0_i_23/CO[3]
                         net (fo=1, routed)           0.000    13.154    native_system/digital/burst/commanded_waveform[127]_INST_0_i_23_n_0
    SLICE_X55Y83                                                      r  native_system/digital/burst/commanded_waveform[127]_INST_0_i_17/CI
    SLICE_X55Y83         CARRY4 (Prop_carry4_CI_O[3])
                                                      0.313    13.467 f  native_system/digital/burst/commanded_waveform[127]_INST_0_i_17/O[3]
                         net (fo=1, routed)           0.295    13.762    native_system/digital/burst/phase[7]
    SLICE_X55Y85                                                      f  native_system/digital/burst/commanded_waveform[127]_INST_0_i_11/I0
    SLICE_X55Y85         LUT5 (Prop_lut5_I0_O)        0.306    14.068 r  native_system/digital/burst/commanded_waveform[127]_INST_0_i_11/O
                         net (fo=10, routed)          0.391    14.459    native_system/digital/scheduler/commanded_waveform3
    SLICE_X57Y86                                                      r  native_system/digital/scheduler/commanded_waveform[127]_INST_0_i_3/I4
    SLICE_X57Y86         LUT6 (Prop_lut6_I4_O)        0.124    14.583 r  native_system/digital/scheduler/commanded_waveform[127]_INST_0_i_3/O
                         net (fo=17, routed)          0.399    14.982    native_system/digital/bank/captured_reg[97]_0
    SLICE_X59Y87                                                      r  native_system/digital/bank/commanded_waveform[127]_INST_0/I3
    SLICE_X59Y87         LUT5 (Prop_lut5_I3_O)        0.124    15.106 r  native_system/digital/bank/commanded_waveform[127]_INST_0/O
                         net (fo=2, routed)           0.303    15.410    native_system/digital/serial/commanded_waveform[127]
    SLICE_X60Y87                                                      r  native_system/digital/serial/serial_data[31]_i_2/I0
    SLICE_X60Y87         LUT6 (Prop_lut6_I0_O)        0.124    15.534 r  native_system/digital/serial/serial_data[31]_i_2/O
                         net (fo=1, routed)           0.000    15.534    native_system/digital/serial/serial_data[31]_i_2_n_0
    SLICE_X60Y87         FDCE                                         r  native_system/digital/serial/serial_data_reg[31]/D
  -------------------------------------------------------------------    -------------------

                         (clock core132 rise edge)    7.576     7.576 r  
                                                      0.000     7.576 r  clk (IN)
                         net (fo=18015, unset)        0.924     8.500    native_system/digital/serial/clk
    SLICE_X60Y87         FDCE                                         r  native_system/digital/serial/serial_data_reg[31]/C
                         clock pessimism              0.000     8.500    
                         clock uncertainty           -0.035     8.465    
    SLICE_X60Y87         FDCE (Setup_fdce_C_D)        0.031     8.496    native_system/digital/serial/serial_data_reg[31]
  -------------------------------------------------------------------
                         required time                          8.496    
                         arrival time                         -15.534    
  -------------------------------------------------------------------
                         slack                                 -7.038    

Slack (VIOLATED) :        -7.037ns  (required time - arrival time)
  Source:                 native_system/digital/burst/accumulator_reg[11]_replica/C
                            (rising edge-triggered cell FDCE clocked by core132  {rise@0.000ns fall@3.788ns period=7.576ns})
  Destination:            native_system/digital/serial/serial_data_reg[27]/D
                            (rising edge-triggered cell FDCE clocked by core132  {rise@0.000ns fall@3.788ns period=7.576ns})
  Path Group:             core132
  Path Type:              Setup (Max at Slow Process Corner)
  Requirement:            7.576ns  (core132 rise@7.576ns - core132 rise@0.000ns)
  Data Path Delay:        14.558ns  (logic 7.497ns (51.499%)  route 7.061ns (48.501%))
  Logic Levels:           30  (CARRY4=18 LUT3=2 LUT4=1 LUT5=5 LUT6=4)
  Clock Path Skew:        -0.049ns (DCD - SCD + CPR)
    Destination Clock Delay (DCD):    0.924ns = ( 8.500 - 7.576 ) 
    Source Clock Delay      (SCD):    0.973ns
    Clock Pessimism Removal (CPR):    0.000ns
  Clock Uncertainty:      0.035ns  ((TSJ^2 + TIJ^2)^1/2 + DJ) / 2 + PE
    Total System Jitter     (TSJ):    0.071ns
    Total Input Jitter      (TIJ):    0.000ns
    Discrete Jitter          (DJ):    0.000ns
    Phase Error              (PE):    0.000ns

    Location             Delay type                Incr(ns)  Path(ns)    Netlist Resource(s)
  -------------------------------------------------------------------    -------------------
                         (clock core132 rise edge)    0.000     0.000 r  
                                                      0.000     0.000 r  clk (IN)
                         net (fo=18015, unset)        0.973     0.973    native_system/digital/burst/clk
    SLICE_X62Y75         FDCE                                         r  native_system/digital/burst/accumulator_reg[11]_replica/C
  -------------------------------------------------------------------    -------------------
    SLICE_X62Y75         FDCE (Prop_fdce_C_Q)         0.518     1.491 r  native_system/digital/burst/accumulator_reg[11]_replica/Q
                         net (fo=4, routed)           0.607     2.098    native_system/digital/burst/scaled[19]_repN
    SLICE_X64Y75                                                      r  native_system/digital/burst/commanded_waveform[127]_INST_0_i_329/I0
    SLICE_X64Y75         LUT3 (Prop_lut3_I0_O)        0.124     2.222 r  native_system/digital/burst/commanded_waveform[127]_INST_0_i_329/O
                         net (fo=3, routed)           0.511     2.732    native_system/digital/burst/commanded_waveform[127]_INST_0_i_329_n_0
    SLICE_X64Y75                                                      r  native_system/digital/burst/commanded_waveform[127]_INST_0_i_267/I4
    SLICE_X64Y75         LUT5 (Prop_lut5_I4_O)        0.124     2.856 r  native_system/digital/burst/commanded_waveform[127]_INST_0_i_267/O
                         net (fo=2, routed)           0.595     3.451    native_system/digital/burst/commanded_waveform[127]_INST_0_i_267_n_0
    SLICE_X61Y75                                                      r  native_system/digital/burst/commanded_waveform[127]_INST_0_i_271/I0
    SLICE_X61Y75         LUT6 (Prop_lut6_I0_O)        0.124     3.575 r  native_system/digital/burst/commanded_waveform[127]_INST_0_i_271/O
                         net (fo=1, routed)           0.000     3.575    native_system/digital/burst/commanded_waveform[127]_INST_0_i_271_n_0
    SLICE_X61Y75                                                      r  native_system/digital/burst/commanded_waveform[127]_INST_0_i_207/S[1]
    SLICE_X61Y75         CARRY4 (Prop_carry4_S[1]_CO[3])
                                                      0.550     4.125 r  native_system/digital/burst/commanded_waveform[127]_INST_0_i_207/CO[3]
                         net (fo=1, routed)           0.000     4.125    native_system/digital/burst/commanded_waveform[127]_INST_0_i_207_n_0
    SLICE_X61Y76                                                      r  native_system/digital/burst/commanded_waveform[127]_INST_0_i_153/CI
    SLICE_X61Y76         CARRY4 (Prop_carry4_CI_CO[3])
                                                      0.114     4.239 r  native_system/digital/burst/commanded_waveform[127]_INST_0_i_153/CO[3]
                         net (fo=1, routed)           0.000     4.239    native_system/digital/burst/commanded_waveform[127]_INST_0_i_153_n_0
    SLICE_X61Y77                                                      r  native_system/digital/burst/commanded_waveform[127]_INST_0_i_101/CI
    SLICE_X61Y77         CARRY4 (Prop_carry4_CI_CO[3])
                                                      0.114     4.353 r  native_system/digital/burst/commanded_waveform[127]_INST_0_i_101/CO[3]
                         net (fo=1, routed)           0.000     4.353    native_system/digital/burst/commanded_waveform[127]_INST_0_i_101_n_0
    SLICE_X61Y78                                                      r  native_system/digital/burst/commanded_waveform[127]_INST_0_i_66/CI
    SLICE_X61Y78         CARRY4 (Prop_carry4_CI_CO[3])
                                                      0.114     4.467 r  native_system/digital/burst/commanded_waveform[127]_INST_0_i_66/CO[3]
                         net (fo=1, routed)           0.000     4.467    native_system/digital/burst/commanded_waveform[127]_INST_0_i_66_n_0
    SLICE_X61Y79                                                      r  native_system/digital/burst/commanded_waveform[127]_INST_0_i_42/CI
    SLICE_X61Y79         CARRY4 (Prop_carry4_CI_CO[3])
                                                      0.114     4.581 r  native_system/digital/burst/commanded_waveform[127]_INST_0_i_42/CO[3]
                         net (fo=1, routed)           0.000     4.581    native_system/digital/burst/commanded_waveform[127]_INST_0_i_42_n_0
    SLICE_X61Y80                                                      r  native_system/digital/burst/commanded_waveform[127]_INST_0_i_40/CI
    SLICE_X61Y80         CARRY4 (Prop_carry4_CI_CO[3])
                                                      0.114     4.695 r  native_system/digital/burst/commanded_waveform[127]_INST_0_i_40/CO[3]
                         net (fo=1, routed)           0.000     4.695    native_system/digital/burst/commanded_waveform[127]_INST_0_i_40_n_0
    SLICE_X61Y81                                                      r  native_system/digital/burst/commanded_waveform[127]_INST_0_i_39/CI
    SLICE_X61Y81         CARRY4 (Prop_carry4_CI_O[1])
                                                      0.334     5.029 r  native_system/digital/burst/commanded_waveform[127]_INST_0_i_39/O[1]
                         net (fo=26, routed)          0.621     5.650    native_system/digital/burst/commanded_waveform[127]_INST_0_i_39_n_6
    SLICE_X64Y80                                                      r  native_system/digital/burst/commanded_waveform[127]_INST_0_i_368/I0
    SLICE_X64Y80         LUT3 (Prop_lut3_I0_O)        0.303     5.953 r  native_system/digital/burst/commanded_waveform[127]_INST_0_i_368/O
                         net (fo=1, routed)           0.689     6.642    native_system/digital/burst/commanded_waveform[127]_INST_0_i_368_n_0
    SLICE_X60Y79                                                      r  native_system/digital/burst/commanded_waveform[127]_INST_0_i_339/DI[2]
    SLICE_X60Y79         CARRY4 (Prop_carry4_DI[2]_CO[3])
                                                      0.398     7.040 r  native_system/digital/burst/commanded_waveform[127]_INST_0_i_339/CO[3]
                         net (fo=1, routed)           0.000     7.040    native_system/digital/burst/commanded_waveform[127]_INST_0_i_339_n_0
    SLICE_X60Y80                                                      r  native_system/digital/burst/commanded_waveform[127]_INST_0_i_295/CI
    SLICE_X60Y80         CARRY4 (Prop_carry4_CI_CO[3])
                                                      0.114     7.154 r  native_system/digital/burst/commanded_waveform[127]_INST_0_i_295/CO[3]
                         net (fo=1, routed)           0.000     7.154    native_system/digital/burst/commanded_waveform[127]_INST_0_i_295_n_0
    SLICE_X60Y81                                                      r  native_system/digital/burst/commanded_waveform[127]_INST_0_i_244/CI
    SLICE_X60Y81         CARRY4 (Prop_carry4_CI_CO[3])
                                                      0.114     7.268 r  native_system/digital/burst/commanded_waveform[127]_INST_0_i_244/CO[3]
                         net (fo=1, routed)           0.000     7.268    native_system/digital/burst/commanded_waveform[127]_INST_0_i_244_n_0
    SLICE_X60Y82                                                      r  native_system/digital/burst/commanded_waveform[127]_INST_0_i_239/CI
    SLICE_X60Y82         CARRY4 (Prop_carry4_CI_CO[1])
                                                      0.157     7.425 r  native_system/digital/burst/commanded_waveform[127]_INST_0_i_239/CO[1]
                         net (fo=2, routed)           0.832     8.257    native_system/digital/burst/commanded_waveform[127]_INST_0_i_239_n_2
    SLICE_X63Y81                                                      r  native_system/digital/burst/commanded_waveform[127]_INST_0_i_177/I3
    SLICE_X63Y81         LUT5 (Prop_lut5_I3_O)        0.329     8.586 r  native_system/digital/burst/commanded_waveform[127]_INST_0_i_177/O
                         net (fo=2, routed)           0.618     9.204    native_system/digital/burst/commanded_waveform[127]_INST_0_i_177_n_0
    SLICE_X57Y81                                                      r  native_system/digital/burst/commanded_waveform[127]_INST_0_i_181/I0
    SLICE_X57Y81         LUT5 (Prop_lut5_I0_O)        0.124     9.328 r  native_system/digital/burst/commanded_waveform[127]_INST_0_i_181/O
                         net (fo=1, routed)           0.000     9.328    native_system/digital/burst/commanded_waveform[127]_INST_0_i_181_n_0
    SLICE_X57Y81                                                      r  native_system/digital/burst/commanded_waveform[127]_INST_0_i_124/S[2]
    SLICE_X57Y81         CARRY4 (Prop_carry4_S[2]_CO[3])
                                                      0.398     9.726 r  native_system/digital/burst/commanded_waveform[127]_INST_0_i_124/CO[3]
                         net (fo=1, routed)           0.000     9.726    native_system/digital/burst/commanded_waveform[127]_INST_0_i_124_n_0
    SLICE_X57Y82                                                      r  native_system/digital/burst/commanded_waveform[127]_INST_0_i_84/CI
    SLICE_X57Y82         CARRY4 (Prop_carry4_CI_CO[3])
                                                      0.114     9.840 r  native_system/digital/burst/commanded_waveform[127]_INST_0_i_84/CO[3]
                         net (fo=1, routed)           0.000     9.840    native_system/digital/burst/commanded_waveform[127]_INST_0_i_84_n_0
    SLICE_X57Y83                                                      r  native_system/digital/burst/commanded_waveform[127]_INST_0_i_50/CI
    SLICE_X57Y83         CARRY4 (Prop_carry4_CI_O[1])
                                                      0.334    10.174 r  native_system/digital/burst/commanded_waveform[127]_INST_0_i_50/O[1]
                         net (fo=3, routed)           0.649    10.823    native_system/digital/burst/commanded_waveform[127]_INST_0_i_50_n_6
    SLICE_X56Y81                                                      r  native_system/digital/burst/commanded_waveform[127]_INST_0_i_80/I1
    SLICE_X56Y81         LUT4 (Prop_lut4_I1_O)        0.303    11.126 r  native_system/digital/burst/commanded_waveform[127]_INST_0_i_80/O
                         net (fo=1, routed)           0.000    11.126    native_system/digital/burst/commanded_waveform[127]_INST_0_i_80_n_0
    SLICE_X56Y81                                                      r  native_system/digital/burst/commanded_waveform[127]_INST_0_i_43/S[3]
    SLICE_X56Y81         CARRY4 (Prop_carry4_S[3]_CO[3])
                                                      0.401    11.527 r  native_system/digital/burst/commanded_waveform[127]_INST_0_i_43/CO[3]
                         net (fo=1, routed)           0.000    11.527    native_system/digital/burst/commanded_waveform[127]_INST_0_i_43_n_0
    SLICE_X56Y82                                                      r  native_system/digital/burst/commanded_waveform[127]_INST_0_i_37/CI
    SLICE_X56Y82         CARRY4 (Prop_carry4_CI_CO[2])
                                                      0.228    11.755 r  native_system/digital/burst/commanded_waveform[127]_INST_0_i_37/CO[2]
                         net (fo=8, routed)           0.554    12.309    native_system/digital/burst/commanded_waveform[127]_INST_0_i_37_n_1
    SLICE_X55Y82                                                      r  native_system/digital/burst/commanded_waveform[127]_INST_0_i_35/I1
    SLICE_X55Y82         LUT6 (Prop_lut6_I1_O)        0.313    12.622 r  native_system/digital/burst/commanded_waveform[127]_INST_0_i_35/O
                         net (fo=1, routed)           0.000    12.622    native_system/digital/burst/commanded_waveform[127]_INST_0_i_35_n_0
    SLICE_X55Y82                                                      r  native_system/digital/burst/commanded_waveform[127]_INST_0_i_23/S[0]
    SLICE_X55Y82         CARRY4 (Prop_carry4_S[0]_CO[3])
                                                      0.532    13.154 r  native_system/digital/burst/commanded_waveform[127]_INST_0_i_23/CO[3]
                         net (fo=1, routed)           0.000    13.154    native_system/digital/burst/commanded_waveform[127]_INST_0_i_23_n_0
    SLICE_X55Y83                                                      r  native_system/digital/burst/commanded_waveform[127]_INST_0_i_17/CI
    SLICE_X55Y83         CARRY4 (Prop_carry4_CI_O[3])
                                                      0.313    13.467 f  native_system/digital/burst/commanded_waveform[127]_INST_0_i_17/O[3]
                         net (fo=1, routed)           0.295    13.762    native_system/digital/burst/phase[7]
    SLICE_X55Y85                                                      f  native_system/digital/burst/commanded_waveform[127]_INST_0_i_11/I0
    SLICE_X55Y85         LUT5 (Prop_lut5_I0_O)        0.306    14.068 r  native_system/digital/burst/commanded_waveform[127]_INST_0_i_11/O
                         net (fo=10, routed)          0.391    14.459    native_system/digital/scheduler/commanded_waveform3
    SLICE_X57Y86                                                      r  native_system/digital/scheduler/commanded_waveform[127]_INST_0_i_3/I4
    SLICE_X57Y86         LUT6 (Prop_lut6_I4_O)        0.124    14.583 r  native_system/digital/scheduler/commanded_waveform[127]_INST_0_i_3/O
                         net (fo=17, routed)          0.534    15.117    native_system/digital/bank/captured_reg[97]_0
    SLICE_X59Y86                                                      r  native_system/digital/bank/commanded_waveform[111]_INST_0/I3
    SLICE_X59Y86         LUT5 (Prop_lut5_I3_O)        0.124    15.241 r  native_system/digital/bank/commanded_waveform[111]_INST_0/O
                         net (fo=2, routed)           0.165    15.407    native_system/digital/serial/commanded_waveform[111]
    SLICE_X59Y86                                                      r  native_system/digital/serial/serial_data[27]_i_1/I0
    SLICE_X59Y86         LUT6 (Prop_lut6_I0_O)        0.124    15.531 r  native_system/digital/serial/serial_data[27]_i_1/O
                         net (fo=1, routed)           0.000    15.531    native_system/digital/serial/serial_data[27]_i_1_n_0
    SLICE_X59Y86         FDCE                                         r  native_system/digital/serial/serial_data_reg[27]/D
  -------------------------------------------------------------------    -------------------

                         (clock core132 rise edge)    7.576     7.576 r  
                                                      0.000     7.576 r  clk (IN)
                         net (fo=18015, unset)        0.924     8.500    native_system/digital/serial/clk
    SLICE_X59Y86         FDCE                                         r  native_system/digital/serial/serial_data_reg[27]/C
                         clock pessimism              0.000     8.500    
                         clock uncertainty           -0.035     8.465    
    SLICE_X59Y86         FDCE (Setup_fdce_C_D)        0.029     8.494    native_system/digital/serial/serial_data_reg[27]
  -------------------------------------------------------------------
                         required time                          8.494    
                         arrival time                         -15.531    
  -------------------------------------------------------------------
                         slack                                 -7.037    

Slack (VIOLATED) :        -7.034ns  (required time - arrival time)
  Source:                 native_system/digital/burst/accumulator_reg[11]_replica/C
                            (rising edge-triggered cell FDCE clocked by core132  {rise@0.000ns fall@3.788ns period=7.576ns})
  Destination:            native_system/digital/serial/captured_reg[63]/D
                            (rising edge-triggered cell FDCE clocked by core132  {rise@0.000ns fall@3.788ns period=7.576ns})
  Path Group:             core132
  Path Type:              Setup (Max at Slow Process Corner)
  Requirement:            7.576ns  (core132 rise@7.576ns - core132 rise@0.000ns)
  Data Path Delay:        14.479ns  (logic 7.373ns (50.922%)  route 7.106ns (49.078%))
  Logic Levels:           29  (CARRY4=18 LUT3=2 LUT4=1 LUT5=5 LUT6=3)
  Clock Path Skew:        -0.049ns (DCD - SCD + CPR)
    Destination Clock Delay (DCD):    0.924ns = ( 8.500 - 7.576 ) 
    Source Clock Delay      (SCD):    0.973ns
    Clock Pessimism Removal (CPR):    0.000ns
  Clock Uncertainty:      0.035ns  ((TSJ^2 + TIJ^2)^1/2 + DJ) / 2 + PE
    Total System Jitter     (TSJ):    0.071ns
    Total Input Jitter      (TIJ):    0.000ns
    Discrete Jitter          (DJ):    0.000ns
    Phase Error              (PE):    0.000ns

    Location             Delay type                Incr(ns)  Path(ns)    Netlist Resource(s)
  -------------------------------------------------------------------    -------------------
                         (clock core132 rise edge)    0.000     0.000 r  
                                                      0.000     0.000 r  clk (IN)
                         net (fo=18015, unset)        0.973     0.973    native_system/digital/burst/clk
    SLICE_X62Y75         FDCE                                         r  native_system/digital/burst/accumulator_reg[11]_replica/C
  -------------------------------------------------------------------    -------------------
    SLICE_X62Y75         FDCE (Prop_fdce_C_Q)         0.518     1.491 r  native_system/digital/burst/accumulator_reg[11]_replica/Q
                         net (fo=4, routed)           0.607     2.098    native_system/digital/burst/scaled[19]_repN
    SLICE_X64Y75                                                      r  native_system/digital/burst/commanded_waveform[127]_INST_0_i_329/I0
    SLICE_X64Y75         LUT3 (Prop_lut3_I0_O)        0.124     2.222 r  native_system/digital/burst/commanded_waveform[127]_INST_0_i_329/O
                         net (fo=3, routed)           0.511     2.732    native_system/digital/burst/commanded_waveform[127]_INST_0_i_329_n_0
    SLICE_X64Y75                                                      r  native_system/digital/burst/commanded_waveform[127]_INST_0_i_267/I4
    SLICE_X64Y75         LUT5 (Prop_lut5_I4_O)        0.124     2.856 r  native_system/digital/burst/commanded_waveform[127]_INST_0_i_267/O
                         net (fo=2, routed)           0.595     3.451    native_system/digital/burst/commanded_waveform[127]_INST_0_i_267_n_0
    SLICE_X61Y75                                                      r  native_system/digital/burst/commanded_waveform[127]_INST_0_i_271/I0
    SLICE_X61Y75         LUT6 (Prop_lut6_I0_O)        0.124     3.575 r  native_system/digital/burst/commanded_waveform[127]_INST_0_i_271/O
                         net (fo=1, routed)           0.000     3.575    native_system/digital/burst/commanded_waveform[127]_INST_0_i_271_n_0
    SLICE_X61Y75                                                      r  native_system/digital/burst/commanded_waveform[127]_INST_0_i_207/S[1]
    SLICE_X61Y75         CARRY4 (Prop_carry4_S[1]_CO[3])
                                                      0.550     4.125 r  native_system/digital/burst/commanded_waveform[127]_INST_0_i_207/CO[3]
                         net (fo=1, routed)           0.000     4.125    native_system/digital/burst/commanded_waveform[127]_INST_0_i_207_n_0
    SLICE_X61Y76                                                      r  native_system/digital/burst/commanded_waveform[127]_INST_0_i_153/CI
    SLICE_X61Y76         CARRY4 (Prop_carry4_CI_CO[3])
                                                      0.114     4.239 r  native_system/digital/burst/commanded_waveform[127]_INST_0_i_153/CO[3]
                         net (fo=1, routed)           0.000     4.239    native_system/digital/burst/commanded_waveform[127]_INST_0_i_153_n_0
    SLICE_X61Y77                                                      r  native_system/digital/burst/commanded_waveform[127]_INST_0_i_101/CI
    SLICE_X61Y77         CARRY4 (Prop_carry4_CI_CO[3])
                                                      0.114     4.353 r  native_system/digital/burst/commanded_waveform[127]_INST_0_i_101/CO[3]
                         net (fo=1, routed)           0.000     4.353    native_system/digital/burst/commanded_waveform[127]_INST_0_i_101_n_0
    SLICE_X61Y78                                                      r  native_system/digital/burst/commanded_waveform[127]_INST_0_i_66/CI
    SLICE_X61Y78         CARRY4 (Prop_carry4_CI_CO[3])
                                                      0.114     4.467 r  native_system/digital/burst/commanded_waveform[127]_INST_0_i_66/CO[3]
                         net (fo=1, routed)           0.000     4.467    native_system/digital/burst/commanded_waveform[127]_INST_0_i_66_n_0
    SLICE_X61Y79                                                      r  native_system/digital/burst/commanded_waveform[127]_INST_0_i_42/CI
    SLICE_X61Y79         CARRY4 (Prop_carry4_CI_CO[3])
                                                      0.114     4.581 r  native_system/digital/burst/commanded_waveform[127]_INST_0_i_42/CO[3]
                         net (fo=1, routed)           0.000     4.581    native_system/digital/burst/commanded_waveform[127]_INST_0_i_42_n_0
    SLICE_X61Y80                                                      r  native_system/digital/burst/commanded_waveform[127]_INST_0_i_40/CI
    SLICE_X61Y80         CARRY4 (Prop_carry4_CI_CO[3])
                                                      0.114     4.695 r  native_system/digital/burst/commanded_waveform[127]_INST_0_i_40/CO[3]
                         net (fo=1, routed)           0.000     4.695    native_system/digital/burst/commanded_waveform[127]_INST_0_i_40_n_0
    SLICE_X61Y81                                                      r  native_system/digital/burst/commanded_waveform[127]_INST_0_i_39/CI
    SLICE_X61Y81         CARRY4 (Prop_carry4_CI_O[1])
                                                      0.334     5.029 r  native_system/digital/burst/commanded_waveform[127]_INST_0_i_39/O[1]
                         net (fo=26, routed)          0.621     5.650    native_system/digital/burst/commanded_waveform[127]_INST_0_i_39_n_6
    SLICE_X64Y80                                                      r  native_system/digital/burst/commanded_waveform[127]_INST_0_i_368/I0
    SLICE_X64Y80         LUT3 (Prop_lut3_I0_O)        0.303     5.953 r  native_system/digital/burst/commanded_waveform[127]_INST_0_i_368/O
                         net (fo=1, routed)           0.689     6.642    native_system/digital/burst/commanded_waveform[127]_INST_0_i_368_n_0
    SLICE_X60Y79                                                      r  native_system/digital/burst/commanded_waveform[127]_INST_0_i_339/DI[2]
    SLICE_X60Y79         CARRY4 (Prop_carry4_DI[2]_CO[3])
                                                      0.398     7.040 r  native_system/digital/burst/commanded_waveform[127]_INST_0_i_339/CO[3]
                         net (fo=1, routed)           0.000     7.040    native_system/digital/burst/commanded_waveform[127]_INST_0_i_339_n_0
    SLICE_X60Y80                                                      r  native_system/digital/burst/commanded_waveform[127]_INST_0_i_295/CI
    SLICE_X60Y80         CARRY4 (Prop_carry4_CI_CO[3])
                                                      0.114     7.154 r  native_system/digital/burst/commanded_waveform[127]_INST_0_i_295/CO[3]
                         net (fo=1, routed)           0.000     7.154    native_system/digital/burst/commanded_waveform[127]_INST_0_i_295_n_0
    SLICE_X60Y81                                                      r  native_system/digital/burst/commanded_waveform[127]_INST_0_i_244/CI
    SLICE_X60Y81         CARRY4 (Prop_carry4_CI_CO[3])
                                                      0.114     7.268 r  native_system/digital/burst/commanded_waveform[127]_INST_0_i_244/CO[3]
                         net (fo=1, routed)           0.000     7.268    native_system/digital/burst/commanded_waveform[127]_INST_0_i_244_n_0
    SLICE_X60Y82                                                      r  native_system/digital/burst/commanded_waveform[127]_INST_0_i_239/CI
    SLICE_X60Y82         CARRY4 (Prop_carry4_CI_CO[1])
                                                      0.157     7.425 r  native_system/digital/burst/commanded_waveform[127]_INST_0_i_239/CO[1]
                         net (fo=2, routed)           0.832     8.257    native_system/digital/burst/commanded_waveform[127]_INST_0_i_239_n_2
    SLICE_X63Y81                                                      r  native_system/digital/burst/commanded_waveform[127]_INST_0_i_177/I3
    SLICE_X63Y81         LUT5 (Prop_lut5_I3_O)        0.329     8.586 r  native_system/digital/burst/commanded_waveform[127]_INST_0_i_177/O
                         net (fo=2, routed)           0.618     9.204    native_system/digital/burst/commanded_waveform[127]_INST_0_i_177_n_0
    SLICE_X57Y81                                                      r  native_system/digital/burst/commanded_waveform[127]_INST_0_i_181/I0
    SLICE_X57Y81         LUT5 (Prop_lut5_I0_O)        0.124     9.328 r  native_system/digital/burst/commanded_waveform[127]_INST_0_i_181/O
                         net (fo=1, routed)           0.000     9.328    native_system/digital/burst/commanded_waveform[127]_INST_0_i_181_n_0
    SLICE_X57Y81                                                      r  native_system/digital/burst/commanded_waveform[127]_INST_0_i_124/S[2]
    SLICE_X57Y81         CARRY4 (Prop_carry4_S[2]_CO[3])
                                                      0.398     9.726 r  native_system/digital/burst/commanded_waveform[127]_INST_0_i_124/CO[3]
                         net (fo=1, routed)           0.000     9.726    native_system/digital/burst/commanded_waveform[127]_INST_0_i_124_n_0
    SLICE_X57Y82                                                      r  native_system/digital/burst/commanded_waveform[127]_INST_0_i_84/CI
    SLICE_X57Y82         CARRY4 (Prop_carry4_CI_CO[3])
                                                      0.114     9.840 r  native_system/digital/burst/commanded_waveform[127]_INST_0_i_84/CO[3]
                         net (fo=1, routed)           0.000     9.840    native_system/digital/burst/commanded_waveform[127]_INST_0_i_84_n_0
    SLICE_X57Y83                                                      r  native_system/digital/burst/commanded_waveform[127]_INST_0_i_50/CI
    SLICE_X57Y83         CARRY4 (Prop_carry4_CI_O[1])
                                                      0.334    10.174 r  native_system/digital/burst/commanded_waveform[127]_INST_0_i_50/O[1]
                         net (fo=3, routed)           0.649    10.823    native_system/digital/burst/commanded_waveform[127]_INST_0_i_50_n_6
    SLICE_X56Y81                                                      r  native_system/digital/burst/commanded_waveform[127]_INST_0_i_80/I1
    SLICE_X56Y81         LUT4 (Prop_lut4_I1_O)        0.303    11.126 r  native_system/digital/burst/commanded_waveform[127]_INST_0_i_80/O
                         net (fo=1, routed)           0.000    11.126    native_system/digital/burst/commanded_waveform[127]_INST_0_i_80_n_0
    SLICE_X56Y81                                                      r  native_system/digital/burst/commanded_waveform[127]_INST_0_i_43/S[3]
    SLICE_X56Y81         CARRY4 (Prop_carry4_S[3]_CO[3])
                                                      0.401    11.527 r  native_system/digital/burst/commanded_waveform[127]_INST_0_i_43/CO[3]
                         net (fo=1, routed)           0.000    11.527    native_system/digital/burst/commanded_waveform[127]_INST_0_i_43_n_0
    SLICE_X56Y82                                                      r  native_system/digital/burst/commanded_waveform[127]_INST_0_i_37/CI
    SLICE_X56Y82         CARRY4 (Prop_carry4_CI_CO[2])
                                                      0.228    11.755 r  native_system/digital/burst/commanded_waveform[127]_INST_0_i_37/CO[2]
                         net (fo=8, routed)           0.554    12.309    native_system/digital/burst/commanded_waveform[127]_INST_0_i_37_n_1
    SLICE_X55Y82                                                      r  native_system/digital/burst/commanded_waveform[127]_INST_0_i_35/I1
    SLICE_X55Y82         LUT6 (Prop_lut6_I1_O)        0.313    12.622 r  native_system/digital/burst/commanded_waveform[127]_INST_0_i_35/O
                         net (fo=1, routed)           0.000    12.622    native_system/digital/burst/commanded_waveform[127]_INST_0_i_35_n_0
    SLICE_X55Y82                                                      r  native_system/digital/burst/commanded_waveform[127]_INST_0_i_23/S[0]
    SLICE_X55Y82         CARRY4 (Prop_carry4_S[0]_CO[3])
                                                      0.532    13.154 r  native_system/digital/burst/commanded_waveform[127]_INST_0_i_23/CO[3]
                         net (fo=1, routed)           0.000    13.154    native_system/digital/burst/commanded_waveform[127]_INST_0_i_23_n_0
    SLICE_X55Y83                                                      r  native_system/digital/burst/commanded_waveform[127]_INST_0_i_17/CI
    SLICE_X55Y83         CARRY4 (Prop_carry4_CI_O[3])
                                                      0.313    13.467 f  native_system/digital/burst/commanded_waveform[127]_INST_0_i_17/O[3]
                         net (fo=1, routed)           0.295    13.762    native_system/digital/burst/phase[7]
    SLICE_X55Y85                                                      f  native_system/digital/burst/commanded_waveform[127]_INST_0_i_11/I0
    SLICE_X55Y85         LUT5 (Prop_lut5_I0_O)        0.306    14.068 r  native_system/digital/burst/commanded_waveform[127]_INST_0_i_11/O
                         net (fo=10, routed)          0.217    14.285    native_system/digital/scheduler/commanded_waveform3
    SLICE_X55Y85                                                      r  native_system/digital/scheduler/commanded_waveform[63]_INST_0_i_2/I4
    SLICE_X55Y85         LUT6 (Prop_lut6_I4_O)        0.124    14.409 r  native_system/digital/scheduler/commanded_waveform[63]_INST_0_i_2/O
                         net (fo=22, routed)          0.589    14.998    native_system/digital/bank/captured_reg[33]_0
    SLICE_X57Y85                                                      r  native_system/digital/bank/commanded_waveform[63]_INST_0/I3
    SLICE_X57Y85         LUT5 (Prop_lut5_I3_O)        0.124    15.122 r  native_system/digital/bank/commanded_waveform[63]_INST_0/O
                         net (fo=1, routed)           0.330    15.452    native_system/digital/serial/commanded_waveform[63]
    SLICE_X57Y86         FDCE                                         r  native_system/digital/serial/captured_reg[63]/D
  -------------------------------------------------------------------    -------------------

                         (clock core132 rise edge)    7.576     7.576 r  
                                                      0.000     7.576 r  clk (IN)
                         net (fo=18015, unset)        0.924     8.500    native_system/digital/serial/clk
    SLICE_X57Y86         FDCE                                         r  native_system/digital/serial/captured_reg[63]/C
                         clock pessimism              0.000     8.500    
                         clock uncertainty           -0.035     8.465    
    SLICE_X57Y86         FDCE (Setup_fdce_C_D)       -0.047     8.418    native_system/digital/serial/captured_reg[63]
  -------------------------------------------------------------------
                         required time                          8.418    
                         arrival time                         -15.452    
  -------------------------------------------------------------------
                         slack                                 -7.034    

Slack (VIOLATED) :        -7.031ns  (required time - arrival time)
  Source:                 native_system/digital/burst/accumulator_reg[11]_replica/C
                            (rising edge-triggered cell FDCE clocked by core132  {rise@0.000ns fall@3.788ns period=7.576ns})
  Destination:            native_system/digital/serial/serial_data_reg[8]/D
                            (rising edge-triggered cell FDCE clocked by core132  {rise@0.000ns fall@3.788ns period=7.576ns})
  Path Group:             core132
  Path Type:              Setup (Max at Slow Process Corner)
  Requirement:            7.576ns  (core132 rise@7.576ns - core132 rise@0.000ns)
  Data Path Delay:        14.554ns  (logic 7.497ns (51.512%)  route 7.057ns (48.488%))
  Logic Levels:           30  (CARRY4=18 LUT3=2 LUT4=1 LUT5=5 LUT6=4)
  Clock Path Skew:        -0.049ns (DCD - SCD + CPR)
    Destination Clock Delay (DCD):    0.924ns = ( 8.500 - 7.576 ) 
    Source Clock Delay      (SCD):    0.973ns
    Clock Pessimism Removal (CPR):    0.000ns
  Clock Uncertainty:      0.035ns  ((TSJ^2 + TIJ^2)^1/2 + DJ) / 2 + PE
    Total System Jitter     (TSJ):    0.071ns
    Total Input Jitter      (TIJ):    0.000ns
    Discrete Jitter          (DJ):    0.000ns
    Phase Error              (PE):    0.000ns

    Location             Delay type                Incr(ns)  Path(ns)    Netlist Resource(s)
  -------------------------------------------------------------------    -------------------
                         (clock core132 rise edge)    0.000     0.000 r  
                                                      0.000     0.000 r  clk (IN)
                         net (fo=18015, unset)        0.973     0.973    native_system/digital/burst/clk
    SLICE_X62Y75         FDCE                                         r  native_system/digital/burst/accumulator_reg[11]_replica/C
  -------------------------------------------------------------------    -------------------
    SLICE_X62Y75         FDCE (Prop_fdce_C_Q)         0.518     1.491 r  native_system/digital/burst/accumulator_reg[11]_replica/Q
                         net (fo=4, routed)           0.607     2.098    native_system/digital/burst/scaled[19]_repN
    SLICE_X64Y75                                                      r  native_system/digital/burst/commanded_waveform[127]_INST_0_i_329/I0
    SLICE_X64Y75         LUT3 (Prop_lut3_I0_O)        0.124     2.222 r  native_system/digital/burst/commanded_waveform[127]_INST_0_i_329/O
                         net (fo=3, routed)           0.511     2.732    native_system/digital/burst/commanded_waveform[127]_INST_0_i_329_n_0
    SLICE_X64Y75                                                      r  native_system/digital/burst/commanded_waveform[127]_INST_0_i_267/I4
    SLICE_X64Y75         LUT5 (Prop_lut5_I4_O)        0.124     2.856 r  native_system/digital/burst/commanded_waveform[127]_INST_0_i_267/O
                         net (fo=2, routed)           0.595     3.451    native_system/digital/burst/commanded_waveform[127]_INST_0_i_267_n_0
    SLICE_X61Y75                                                      r  native_system/digital/burst/commanded_waveform[127]_INST_0_i_271/I0
    SLICE_X61Y75         LUT6 (Prop_lut6_I0_O)        0.124     3.575 r  native_system/digital/burst/commanded_waveform[127]_INST_0_i_271/O
                         net (fo=1, routed)           0.000     3.575    native_system/digital/burst/commanded_waveform[127]_INST_0_i_271_n_0
    SLICE_X61Y75                                                      r  native_system/digital/burst/commanded_waveform[127]_INST_0_i_207/S[1]
    SLICE_X61Y75         CARRY4 (Prop_carry4_S[1]_CO[3])
                                                      0.550     4.125 r  native_system/digital/burst/commanded_waveform[127]_INST_0_i_207/CO[3]
                         net (fo=1, routed)           0.000     4.125    native_system/digital/burst/commanded_waveform[127]_INST_0_i_207_n_0
    SLICE_X61Y76                                                      r  native_system/digital/burst/commanded_waveform[127]_INST_0_i_153/CI
    SLICE_X61Y76         CARRY4 (Prop_carry4_CI_CO[3])
                                                      0.114     4.239 r  native_system/digital/burst/commanded_waveform[127]_INST_0_i_153/CO[3]
                         net (fo=1, routed)           0.000     4.239    native_system/digital/burst/commanded_waveform[127]_INST_0_i_153_n_0
    SLICE_X61Y77                                                      r  native_system/digital/burst/commanded_waveform[127]_INST_0_i_101/CI
    SLICE_X61Y77         CARRY4 (Prop_carry4_CI_CO[3])
                                                      0.114     4.353 r  native_system/digital/burst/commanded_waveform[127]_INST_0_i_101/CO[3]
                         net (fo=1, routed)           0.000     4.353    native_system/digital/burst/commanded_waveform[127]_INST_0_i_101_n_0
    SLICE_X61Y78                                                      r  native_system/digital/burst/commanded_waveform[127]_INST_0_i_66/CI
    SLICE_X61Y78         CARRY4 (Prop_carry4_CI_CO[3])
                                                      0.114     4.467 r  native_system/digital/burst/commanded_waveform[127]_INST_0_i_66/CO[3]
                         net (fo=1, routed)           0.000     4.467    native_system/digital/burst/commanded_waveform[127]_INST_0_i_66_n_0
    SLICE_X61Y79                                                      r  native_system/digital/burst/commanded_waveform[127]_INST_0_i_42/CI
    SLICE_X61Y79         CARRY4 (Prop_carry4_CI_CO[3])
                                                      0.114     4.581 r  native_system/digital/burst/commanded_waveform[127]_INST_0_i_42/CO[3]
                         net (fo=1, routed)           0.000     4.581    native_system/digital/burst/commanded_waveform[127]_INST_0_i_42_n_0
    SLICE_X61Y80                                                      r  native_system/digital/burst/commanded_waveform[127]_INST_0_i_40/CI
    SLICE_X61Y80         CARRY4 (Prop_carry4_CI_CO[3])
                                                      0.114     4.695 r  native_system/digital/burst/commanded_waveform[127]_INST_0_i_40/CO[3]
                         net (fo=1, routed)           0.000     4.695    native_system/digital/burst/commanded_waveform[127]_INST_0_i_40_n_0
    SLICE_X61Y81                                                      r  native_system/digital/burst/commanded_waveform[127]_INST_0_i_39/CI
    SLICE_X61Y81         CARRY4 (Prop_carry4_CI_O[1])
                                                      0.334     5.029 r  native_system/digital/burst/commanded_waveform[127]_INST_0_i_39/O[1]
                         net (fo=26, routed)          0.621     5.650    native_system/digital/burst/commanded_waveform[127]_INST_0_i_39_n_6
    SLICE_X64Y80                                                      r  native_system/digital/burst/commanded_waveform[127]_INST_0_i_368/I0
    SLICE_X64Y80         LUT3 (Prop_lut3_I0_O)        0.303     5.953 r  native_system/digital/burst/commanded_waveform[127]_INST_0_i_368/O
                         net (fo=1, routed)           0.689     6.642    native_system/digital/burst/commanded_waveform[127]_INST_0_i_368_n_0
    SLICE_X60Y79                                                      r  native_system/digital/burst/commanded_waveform[127]_INST_0_i_339/DI[2]
    SLICE_X60Y79         CARRY4 (Prop_carry4_DI[2]_CO[3])
                                                      0.398     7.040 r  native_system/digital/burst/commanded_waveform[127]_INST_0_i_339/CO[3]
                         net (fo=1, routed)           0.000     7.040    native_system/digital/burst/commanded_waveform[127]_INST_0_i_339_n_0
    SLICE_X60Y80                                                      r  native_system/digital/burst/commanded_waveform[127]_INST_0_i_295/CI
    SLICE_X60Y80         CARRY4 (Prop_carry4_CI_CO[3])
                                                      0.114     7.154 r  native_system/digital/burst/commanded_waveform[127]_INST_0_i_295/CO[3]
                         net (fo=1, routed)           0.000     7.154    native_system/digital/burst/commanded_waveform[127]_INST_0_i_295_n_0
    SLICE_X60Y81                                                      r  native_system/digital/burst/commanded_waveform[127]_INST_0_i_244/CI
    SLICE_X60Y81         CARRY4 (Prop_carry4_CI_CO[3])
                                                      0.114     7.268 r  native_system/digital/burst/commanded_waveform[127]_INST_0_i_244/CO[3]
                         net (fo=1, routed)           0.000     7.268    native_system/digital/burst/commanded_waveform[127]_INST_0_i_244_n_0
    SLICE_X60Y82                                                      r  native_system/digital/burst/commanded_waveform[127]_INST_0_i_239/CI
    SLICE_X60Y82         CARRY4 (Prop_carry4_CI_CO[1])
                                                      0.157     7.425 r  native_system/digital/burst/commanded_waveform[127]_INST_0_i_239/CO[1]
                         net (fo=2, routed)           0.832     8.257    native_system/digital/burst/commanded_waveform[127]_INST_0_i_239_n_2
    SLICE_X63Y81                                                      r  native_system/digital/burst/commanded_waveform[127]_INST_0_i_177/I3
    SLICE_X63Y81         LUT5 (Prop_lut5_I3_O)        0.329     8.586 r  native_system/digital/burst/commanded_waveform[127]_INST_0_i_177/O
                         net (fo=2, routed)           0.618     9.204    native_system/digital/burst/commanded_waveform[127]_INST_0_i_177_n_0
    SLICE_X57Y81                                                      r  native_system/digital/burst/commanded_waveform[127]_INST_0_i_181/I0
    SLICE_X57Y81         LUT5 (Prop_lut5_I0_O)        0.124     9.328 r  native_system/digital/burst/commanded_waveform[127]_INST_0_i_181/O
                         net (fo=1, routed)           0.000     9.328    native_system/digital/burst/commanded_waveform[127]_INST_0_i_181_n_0
    SLICE_X57Y81                                                      r  native_system/digital/burst/commanded_waveform[127]_INST_0_i_124/S[2]
    SLICE_X57Y81         CARRY4 (Prop_carry4_S[2]_CO[3])
                                                      0.398     9.726 r  native_system/digital/burst/commanded_waveform[127]_INST_0_i_124/CO[3]
                         net (fo=1, routed)           0.000     9.726    native_system/digital/burst/commanded_waveform[127]_INST_0_i_124_n_0
    SLICE_X57Y82                                                      r  native_system/digital/burst/commanded_waveform[127]_INST_0_i_84/CI
    SLICE_X57Y82         CARRY4 (Prop_carry4_CI_CO[3])
                                                      0.114     9.840 r  native_system/digital/burst/commanded_waveform[127]_INST_0_i_84/CO[3]
                         net (fo=1, routed)           0.000     9.840    native_system/digital/burst/commanded_waveform[127]_INST_0_i_84_n_0
    SLICE_X57Y83                                                      r  native_system/digital/burst/commanded_waveform[127]_INST_0_i_50/CI
    SLICE_X57Y83         CARRY4 (Prop_carry4_CI_O[1])
                                                      0.334    10.174 r  native_system/digital/burst/commanded_waveform[127]_INST_0_i_50/O[1]
                         net (fo=3, routed)           0.649    10.823    native_system/digital/burst/commanded_waveform[127]_INST_0_i_50_n_6
    SLICE_X56Y81                                                      r  native_system/digital/burst/commanded_waveform[127]_INST_0_i_80/I1
    SLICE_X56Y81         LUT4 (Prop_lut4_I1_O)        0.303    11.126 r  native_system/digital/burst/commanded_waveform[127]_INST_0_i_80/O
                         net (fo=1, routed)           0.000    11.126    native_system/digital/burst/commanded_waveform[127]_INST_0_i_80_n_0
    SLICE_X56Y81                                                      r  native_system/digital/burst/commanded_waveform[127]_INST_0_i_43/S[3]
    SLICE_X56Y81         CARRY4 (Prop_carry4_S[3]_CO[3])
                                                      0.401    11.527 r  native_system/digital/burst/commanded_waveform[127]_INST_0_i_43/CO[3]
                         net (fo=1, routed)           0.000    11.527    native_system/digital/burst/commanded_waveform[127]_INST_0_i_43_n_0
    SLICE_X56Y82                                                      r  native_system/digital/burst/commanded_waveform[127]_INST_0_i_37/CI
    SLICE_X56Y82         CARRY4 (Prop_carry4_CI_CO[2])
                                                      0.228    11.755 r  native_system/digital/burst/commanded_waveform[127]_INST_0_i_37/CO[2]
                         net (fo=8, routed)           0.554    12.309    native_system/digital/burst/commanded_waveform[127]_INST_0_i_37_n_1
    SLICE_X55Y82                                                      r  native_system/digital/burst/commanded_waveform[127]_INST_0_i_35/I1
    SLICE_X55Y82         LUT6 (Prop_lut6_I1_O)        0.313    12.622 r  native_system/digital/burst/commanded_waveform[127]_INST_0_i_35/O
                         net (fo=1, routed)           0.000    12.622    native_system/digital/burst/commanded_waveform[127]_INST_0_i_35_n_0
    SLICE_X55Y82                                                      r  native_system/digital/burst/commanded_waveform[127]_INST_0_i_23/S[0]
    SLICE_X55Y82         CARRY4 (Prop_carry4_S[0]_CO[3])
                                                      0.532    13.154 r  native_system/digital/burst/commanded_waveform[127]_INST_0_i_23/CO[3]
                         net (fo=1, routed)           0.000    13.154    native_system/digital/burst/commanded_waveform[127]_INST_0_i_23_n_0
    SLICE_X55Y83                                                      r  native_system/digital/burst/commanded_waveform[127]_INST_0_i_17/CI
    SLICE_X55Y83         CARRY4 (Prop_carry4_CI_O[3])
                                                      0.313    13.467 f  native_system/digital/burst/commanded_waveform[127]_INST_0_i_17/O[3]
                         net (fo=1, routed)           0.295    13.762    native_system/digital/burst/phase[7]
    SLICE_X55Y85                                                      f  native_system/digital/burst/commanded_waveform[127]_INST_0_i_11/I0
    SLICE_X55Y85         LUT5 (Prop_lut5_I0_O)        0.306    14.068 r  native_system/digital/burst/commanded_waveform[127]_INST_0_i_11/O
                         net (fo=10, routed)          0.217    14.285    native_system/digital/scheduler/commanded_waveform3
    SLICE_X55Y85                                                      r  native_system/digital/scheduler/commanded_waveform[63]_INST_0_i_2/I4
    SLICE_X55Y85         LUT6 (Prop_lut6_I4_O)        0.124    14.409 r  native_system/digital/scheduler/commanded_waveform[63]_INST_0_i_2/O
                         net (fo=22, routed)          0.709    15.118    native_system/digital/bank/captured_reg[33]_0
    SLICE_X51Y85                                                      r  native_system/digital/bank/commanded_waveform[35]_INST_0/I3
    SLICE_X51Y85         LUT5 (Prop_lut5_I3_O)        0.124    15.242 r  native_system/digital/bank/commanded_waveform[35]_INST_0/O
                         net (fo=2, routed)           0.161    15.403    native_system/digital/serial/commanded_waveform[35]
    SLICE_X51Y85                                                      r  native_system/digital/serial/serial_data[8]_i_1/I0
    SLICE_X51Y85         LUT6 (Prop_lut6_I0_O)        0.124    15.527 r  native_system/digital/serial/serial_data[8]_i_1/O
                         net (fo=1, routed)           0.000    15.527    native_system/digital/serial/serial_data[8]_i_1_n_0
    SLICE_X51Y85         FDCE                                         r  native_system/digital/serial/serial_data_reg[8]/D
  -------------------------------------------------------------------    -------------------

                         (clock core132 rise edge)    7.576     7.576 r  
                                                      0.000     7.576 r  clk (IN)
                         net (fo=18015, unset)        0.924     8.500    native_system/digital/serial/clk
    SLICE_X51Y85         FDCE                                         r  native_system/digital/serial/serial_data_reg[8]/C
                         clock pessimism              0.000     8.500    
                         clock uncertainty           -0.035     8.465    
    SLICE_X51Y85         FDCE (Setup_fdce_C_D)        0.031     8.496    native_system/digital/serial/serial_data_reg[8]
  -------------------------------------------------------------------
                         required time                          8.496    
                         arrival time                         -15.527    
  -------------------------------------------------------------------
                         slack                                 -7.031    

Slack (VIOLATED) :        -7.030ns  (required time - arrival time)
  Source:                 native_system/digital/burst/accumulator_reg[11]_replica/C
                            (rising edge-triggered cell FDCE clocked by core132  {rise@0.000ns fall@3.788ns period=7.576ns})
  Destination:            native_system/digital/serial/serial_data_reg[24]/D
                            (rising edge-triggered cell FDCE clocked by core132  {rise@0.000ns fall@3.788ns period=7.576ns})
  Path Group:             core132
  Path Type:              Setup (Max at Slow Process Corner)
  Requirement:            7.576ns  (core132 rise@7.576ns - core132 rise@0.000ns)
  Data Path Delay:        14.551ns  (logic 7.497ns (51.523%)  route 7.054ns (48.477%))
  Logic Levels:           30  (CARRY4=18 LUT3=2 LUT4=1 LUT5=5 LUT6=4)
  Clock Path Skew:        -0.049ns (DCD - SCD + CPR)
    Destination Clock Delay (DCD):    0.924ns = ( 8.500 - 7.576 ) 
    Source Clock Delay      (SCD):    0.973ns
    Clock Pessimism Removal (CPR):    0.000ns
  Clock Uncertainty:      0.035ns  ((TSJ^2 + TIJ^2)^1/2 + DJ) / 2 + PE
    Total System Jitter     (TSJ):    0.071ns
    Total Input Jitter      (TIJ):    0.000ns
    Discrete Jitter          (DJ):    0.000ns
    Phase Error              (PE):    0.000ns

    Location             Delay type                Incr(ns)  Path(ns)    Netlist Resource(s)
  -------------------------------------------------------------------    -------------------
                         (clock core132 rise edge)    0.000     0.000 r  
                                                      0.000     0.000 r  clk (IN)
                         net (fo=18015, unset)        0.973     0.973    native_system/digital/burst/clk
    SLICE_X62Y75         FDCE                                         r  native_system/digital/burst/accumulator_reg[11]_replica/C
  -------------------------------------------------------------------    -------------------
    SLICE_X62Y75         FDCE (Prop_fdce_C_Q)         0.518     1.491 r  native_system/digital/burst/accumulator_reg[11]_replica/Q
                         net (fo=4, routed)           0.607     2.098    native_system/digital/burst/scaled[19]_repN
    SLICE_X64Y75                                                      r  native_system/digital/burst/commanded_waveform[127]_INST_0_i_329/I0
    SLICE_X64Y75         LUT3 (Prop_lut3_I0_O)        0.124     2.222 r  native_system/digital/burst/commanded_waveform[127]_INST_0_i_329/O
                         net (fo=3, routed)           0.511     2.732    native_system/digital/burst/commanded_waveform[127]_INST_0_i_329_n_0
    SLICE_X64Y75                                                      r  native_system/digital/burst/commanded_waveform[127]_INST_0_i_267/I4
    SLICE_X64Y75         LUT5 (Prop_lut5_I4_O)        0.124     2.856 r  native_system/digital/burst/commanded_waveform[127]_INST_0_i_267/O
                         net (fo=2, routed)           0.595     3.451    native_system/digital/burst/commanded_waveform[127]_INST_0_i_267_n_0
    SLICE_X61Y75                                                      r  native_system/digital/burst/commanded_waveform[127]_INST_0_i_271/I0
    SLICE_X61Y75         LUT6 (Prop_lut6_I0_O)        0.124     3.575 r  native_system/digital/burst/commanded_waveform[127]_INST_0_i_271/O
                         net (fo=1, routed)           0.000     3.575    native_system/digital/burst/commanded_waveform[127]_INST_0_i_271_n_0
    SLICE_X61Y75                                                      r  native_system/digital/burst/commanded_waveform[127]_INST_0_i_207/S[1]
    SLICE_X61Y75         CARRY4 (Prop_carry4_S[1]_CO[3])
                                                      0.550     4.125 r  native_system/digital/burst/commanded_waveform[127]_INST_0_i_207/CO[3]
                         net (fo=1, routed)           0.000     4.125    native_system/digital/burst/commanded_waveform[127]_INST_0_i_207_n_0
    SLICE_X61Y76                                                      r  native_system/digital/burst/commanded_waveform[127]_INST_0_i_153/CI
    SLICE_X61Y76         CARRY4 (Prop_carry4_CI_CO[3])
                                                      0.114     4.239 r  native_system/digital/burst/commanded_waveform[127]_INST_0_i_153/CO[3]
                         net (fo=1, routed)           0.000     4.239    native_system/digital/burst/commanded_waveform[127]_INST_0_i_153_n_0
    SLICE_X61Y77                                                      r  native_system/digital/burst/commanded_waveform[127]_INST_0_i_101/CI
    SLICE_X61Y77         CARRY4 (Prop_carry4_CI_CO[3])
                                                      0.114     4.353 r  native_system/digital/burst/commanded_waveform[127]_INST_0_i_101/CO[3]
                         net (fo=1, routed)           0.000     4.353    native_system/digital/burst/commanded_waveform[127]_INST_0_i_101_n_0
    SLICE_X61Y78                                                      r  native_system/digital/burst/commanded_waveform[127]_INST_0_i_66/CI
    SLICE_X61Y78         CARRY4 (Prop_carry4_CI_CO[3])
                                                      0.114     4.467 r  native_system/digital/burst/commanded_waveform[127]_INST_0_i_66/CO[3]
                         net (fo=1, routed)           0.000     4.467    native_system/digital/burst/commanded_waveform[127]_INST_0_i_66_n_0
    SLICE_X61Y79                                                      r  native_system/digital/burst/commanded_waveform[127]_INST_0_i_42/CI
    SLICE_X61Y79         CARRY4 (Prop_carry4_CI_CO[3])
                                                      0.114     4.581 r  native_system/digital/burst/commanded_waveform[127]_INST_0_i_42/CO[3]
                         net (fo=1, routed)           0.000     4.581    native_system/digital/burst/commanded_waveform[127]_INST_0_i_42_n_0
    SLICE_X61Y80                                                      r  native_system/digital/burst/commanded_waveform[127]_INST_0_i_40/CI
    SLICE_X61Y80         CARRY4 (Prop_carry4_CI_CO[3])
                                                      0.114     4.695 r  native_system/digital/burst/commanded_waveform[127]_INST_0_i_40/CO[3]
                         net (fo=1, routed)           0.000     4.695    native_system/digital/burst/commanded_waveform[127]_INST_0_i_40_n_0
    SLICE_X61Y81                                                      r  native_system/digital/burst/commanded_waveform[127]_INST_0_i_39/CI
    SLICE_X61Y81         CARRY4 (Prop_carry4_CI_O[1])
                                                      0.334     5.029 r  native_system/digital/burst/commanded_waveform[127]_INST_0_i_39/O[1]
                         net (fo=26, routed)          0.621     5.650    native_system/digital/burst/commanded_waveform[127]_INST_0_i_39_n_6
    SLICE_X64Y80                                                      r  native_system/digital/burst/commanded_waveform[127]_INST_0_i_368/I0
    SLICE_X64Y80         LUT3 (Prop_lut3_I0_O)        0.303     5.953 r  native_system/digital/burst/commanded_waveform[127]_INST_0_i_368/O
                         net (fo=1, routed)           0.689     6.642    native_system/digital/burst/commanded_waveform[127]_INST_0_i_368_n_0
    SLICE_X60Y79                                                      r  native_system/digital/burst/commanded_waveform[127]_INST_0_i_339/DI[2]
    SLICE_X60Y79         CARRY4 (Prop_carry4_DI[2]_CO[3])
                                                      0.398     7.040 r  native_system/digital/burst/commanded_waveform[127]_INST_0_i_339/CO[3]
                         net (fo=1, routed)           0.000     7.040    native_system/digital/burst/commanded_waveform[127]_INST_0_i_339_n_0
    SLICE_X60Y80                                                      r  native_system/digital/burst/commanded_waveform[127]_INST_0_i_295/CI
    SLICE_X60Y80         CARRY4 (Prop_carry4_CI_CO[3])
                                                      0.114     7.154 r  native_system/digital/burst/commanded_waveform[127]_INST_0_i_295/CO[3]
                         net (fo=1, routed)           0.000     7.154    native_system/digital/burst/commanded_waveform[127]_INST_0_i_295_n_0
    SLICE_X60Y81                                                      r  native_system/digital/burst/commanded_waveform[127]_INST_0_i_244/CI
    SLICE_X60Y81         CARRY4 (Prop_carry4_CI_CO[3])
                                                      0.114     7.268 r  native_system/digital/burst/commanded_waveform[127]_INST_0_i_244/CO[3]
                         net (fo=1, routed)           0.000     7.268    native_system/digital/burst/commanded_waveform[127]_INST_0_i_244_n_0
    SLICE_X60Y82                                                      r  native_system/digital/burst/commanded_waveform[127]_INST_0_i_239/CI
    SLICE_X60Y82         CARRY4 (Prop_carry4_CI_CO[1])
                                                      0.157     7.425 r  native_system/digital/burst/commanded_waveform[127]_INST_0_i_239/CO[1]
                         net (fo=2, routed)           0.832     8.257    native_system/digital/burst/commanded_waveform[127]_INST_0_i_239_n_2
    SLICE_X63Y81                                                      r  native_system/digital/burst/commanded_waveform[127]_INST_0_i_177/I3
    SLICE_X63Y81         LUT5 (Prop_lut5_I3_O)        0.329     8.586 r  native_system/digital/burst/commanded_waveform[127]_INST_0_i_177/O
                         net (fo=2, routed)           0.618     9.204    native_system/digital/burst/commanded_waveform[127]_INST_0_i_177_n_0
    SLICE_X57Y81                                                      r  native_system/digital/burst/commanded_waveform[127]_INST_0_i_181/I0
    SLICE_X57Y81         LUT5 (Prop_lut5_I0_O)        0.124     9.328 r  native_system/digital/burst/commanded_waveform[127]_INST_0_i_181/O
                         net (fo=1, routed)           0.000     9.328    native_system/digital/burst/commanded_waveform[127]_INST_0_i_181_n_0
    SLICE_X57Y81                                                      r  native_system/digital/burst/commanded_waveform[127]_INST_0_i_124/S[2]
    SLICE_X57Y81         CARRY4 (Prop_carry4_S[2]_CO[3])
                                                      0.398     9.726 r  native_system/digital/burst/commanded_waveform[127]_INST_0_i_124/CO[3]
                         net (fo=1, routed)           0.000     9.726    native_system/digital/burst/commanded_waveform[127]_INST_0_i_124_n_0
    SLICE_X57Y82                                                      r  native_system/digital/burst/commanded_waveform[127]_INST_0_i_84/CI
    SLICE_X57Y82         CARRY4 (Prop_carry4_CI_CO[3])
                                                      0.114     9.840 r  native_system/digital/burst/commanded_waveform[127]_INST_0_i_84/CO[3]
                         net (fo=1, routed)           0.000     9.840    native_system/digital/burst/commanded_waveform[127]_INST_0_i_84_n_0
    SLICE_X57Y83                                                      r  native_system/digital/burst/commanded_waveform[127]_INST_0_i_50/CI
    SLICE_X57Y83         CARRY4 (Prop_carry4_CI_O[1])
                                                      0.334    10.174 r  native_system/digital/burst/commanded_waveform[127]_INST_0_i_50/O[1]
                         net (fo=3, routed)           0.649    10.823    native_system/digital/burst/commanded_waveform[127]_INST_0_i_50_n_6
    SLICE_X56Y81                                                      r  native_system/digital/burst/commanded_waveform[127]_INST_0_i_80/I1
    SLICE_X56Y81         LUT4 (Prop_lut4_I1_O)        0.303    11.126 r  native_system/digital/burst/commanded_waveform[127]_INST_0_i_80/O
                         net (fo=1, routed)           0.000    11.126    native_system/digital/burst/commanded_waveform[127]_INST_0_i_80_n_0
    SLICE_X56Y81                                                      r  native_system/digital/burst/commanded_waveform[127]_INST_0_i_43/S[3]
    SLICE_X56Y81         CARRY4 (Prop_carry4_S[3]_CO[3])
                                                      0.401    11.527 r  native_system/digital/burst/commanded_waveform[127]_INST_0_i_43/CO[3]
                         net (fo=1, routed)           0.000    11.527    native_system/digital/burst/commanded_waveform[127]_INST_0_i_43_n_0
    SLICE_X56Y82                                                      r  native_system/digital/burst/commanded_waveform[127]_INST_0_i_37/CI
    SLICE_X56Y82         CARRY4 (Prop_carry4_CI_CO[2])
                                                      0.228    11.755 r  native_system/digital/burst/commanded_waveform[127]_INST_0_i_37/CO[2]
                         net (fo=8, routed)           0.554    12.309    native_system/digital/burst/commanded_waveform[127]_INST_0_i_37_n_1
    SLICE_X55Y82                                                      r  native_system/digital/burst/commanded_waveform[127]_INST_0_i_35/I1
    SLICE_X55Y82         LUT6 (Prop_lut6_I1_O)        0.313    12.622 r  native_system/digital/burst/commanded_waveform[127]_INST_0_i_35/O
                         net (fo=1, routed)           0.000    12.622    native_system/digital/burst/commanded_waveform[127]_INST_0_i_35_n_0
    SLICE_X55Y82                                                      r  native_system/digital/burst/commanded_waveform[127]_INST_0_i_23/S[0]
    SLICE_X55Y82         CARRY4 (Prop_carry4_S[0]_CO[3])
                                                      0.532    13.154 r  native_system/digital/burst/commanded_waveform[127]_INST_0_i_23/CO[3]
                         net (fo=1, routed)           0.000    13.154    native_system/digital/burst/commanded_waveform[127]_INST_0_i_23_n_0
    SLICE_X55Y83                                                      r  native_system/digital/burst/commanded_waveform[127]_INST_0_i_17/CI
    SLICE_X55Y83         CARRY4 (Prop_carry4_CI_O[3])
                                                      0.313    13.467 f  native_system/digital/burst/commanded_waveform[127]_INST_0_i_17/O[3]
                         net (fo=1, routed)           0.295    13.762    native_system/digital/burst/phase[7]
    SLICE_X55Y85                                                      f  native_system/digital/burst/commanded_waveform[127]_INST_0_i_11/I0
    SLICE_X55Y85         LUT5 (Prop_lut5_I0_O)        0.306    14.068 r  native_system/digital/burst/commanded_waveform[127]_INST_0_i_11/O
                         net (fo=10, routed)          0.391    14.459    native_system/digital/scheduler/commanded_waveform3
    SLICE_X57Y86                                                      r  native_system/digital/scheduler/commanded_waveform[127]_INST_0_i_3/I4
    SLICE_X57Y86         LUT6 (Prop_lut6_I4_O)        0.124    14.583 r  native_system/digital/scheduler/commanded_waveform[127]_INST_0_i_3/O
                         net (fo=17, routed)          0.382    14.965    native_system/digital/bank/captured_reg[97]_0
    SLICE_X57Y87                                                      r  native_system/digital/bank/commanded_waveform[99]_INST_0/I3
    SLICE_X57Y87         LUT5 (Prop_lut5_I3_O)        0.124    15.089 r  native_system/digital/bank/commanded_waveform[99]_INST_0/O
                         net (fo=2, routed)           0.311    15.400    native_system/digital/serial/commanded_waveform[99]
    SLICE_X61Y87                                                      r  native_system/digital/serial/serial_data[24]_i_1/I0
    SLICE_X61Y87         LUT6 (Prop_lut6_I0_O)        0.124    15.524 r  native_system/digital/serial/serial_data[24]_i_1/O
                         net (fo=1, routed)           0.000    15.524    native_system/digital/serial/serial_data[24]_i_1_n_0
    SLICE_X61Y87         FDCE                                         r  native_system/digital/serial/serial_data_reg[24]/D
  -------------------------------------------------------------------    -------------------

                         (clock core132 rise edge)    7.576     7.576 r  
                                                      0.000     7.576 r  clk (IN)
                         net (fo=18015, unset)        0.924     8.500    native_system/digital/serial/clk
    SLICE_X61Y87         FDCE                                         r  native_system/digital/serial/serial_data_reg[24]/C
                         clock pessimism              0.000     8.500    
                         clock uncertainty           -0.035     8.465    
    SLICE_X61Y87         FDCE (Setup_fdce_C_D)        0.029     8.494    native_system/digital/serial/serial_data_reg[24]
  -------------------------------------------------------------------
                         required time                          8.494    
                         arrival time                         -15.524    
  -------------------------------------------------------------------
                         slack                                 -7.030    

Slack (VIOLATED) :        -7.028ns  (required time - arrival time)
  Source:                 native_system/digital/burst/accumulator_reg[11]_replica/C
                            (rising edge-triggered cell FDCE clocked by core132  {rise@0.000ns fall@3.788ns period=7.576ns})
  Destination:            native_system/digital/serial/captured_reg[104]/D
                            (rising edge-triggered cell FDCE clocked by core132  {rise@0.000ns fall@3.788ns period=7.576ns})
  Path Group:             core132
  Path Type:              Setup (Max at Slow Process Corner)
  Requirement:            7.576ns  (core132 rise@7.576ns - core132 rise@0.000ns)
  Data Path Delay:        14.549ns  (logic 7.373ns (50.677%)  route 7.176ns (49.323%))
  Logic Levels:           29  (CARRY4=18 LUT3=2 LUT4=1 LUT5=5 LUT6=3)
  Clock Path Skew:        -0.049ns (DCD - SCD + CPR)
    Destination Clock Delay (DCD):    0.924ns = ( 8.500 - 7.576 ) 
    Source Clock Delay      (SCD):    0.973ns
    Clock Pessimism Removal (CPR):    0.000ns
  Clock Uncertainty:      0.035ns  ((TSJ^2 + TIJ^2)^1/2 + DJ) / 2 + PE
    Total System Jitter     (TSJ):    0.071ns
    Total Input Jitter      (TIJ):    0.000ns
    Discrete Jitter          (DJ):    0.000ns
    Phase Error              (PE):    0.000ns

    Location             Delay type                Incr(ns)  Path(ns)    Netlist Resource(s)
  -------------------------------------------------------------------    -------------------
                         (clock core132 rise edge)    0.000     0.000 r  
                                                      0.000     0.000 r  clk (IN)
                         net (fo=18015, unset)        0.973     0.973    native_system/digital/burst/clk
    SLICE_X62Y75         FDCE                                         r  native_system/digital/burst/accumulator_reg[11]_replica/C
  -------------------------------------------------------------------    -------------------
    SLICE_X62Y75         FDCE (Prop_fdce_C_Q)         0.518     1.491 r  native_system/digital/burst/accumulator_reg[11]_replica/Q
                         net (fo=4, routed)           0.607     2.098    native_system/digital/burst/scaled[19]_repN
    SLICE_X64Y75                                                      r  native_system/digital/burst/commanded_waveform[127]_INST_0_i_329/I0
    SLICE_X64Y75         LUT3 (Prop_lut3_I0_O)        0.124     2.222 r  native_system/digital/burst/commanded_waveform[127]_INST_0_i_329/O
                         net (fo=3, routed)           0.511     2.732    native_system/digital/burst/commanded_waveform[127]_INST_0_i_329_n_0
    SLICE_X64Y75                                                      r  native_system/digital/burst/commanded_waveform[127]_INST_0_i_267/I4
    SLICE_X64Y75         LUT5 (Prop_lut5_I4_O)        0.124     2.856 r  native_system/digital/burst/commanded_waveform[127]_INST_0_i_267/O
                         net (fo=2, routed)           0.595     3.451    native_system/digital/burst/commanded_waveform[127]_INST_0_i_267_n_0
    SLICE_X61Y75                                                      r  native_system/digital/burst/commanded_waveform[127]_INST_0_i_271/I0
    SLICE_X61Y75         LUT6 (Prop_lut6_I0_O)        0.124     3.575 r  native_system/digital/burst/commanded_waveform[127]_INST_0_i_271/O
                         net (fo=1, routed)           0.000     3.575    native_system/digital/burst/commanded_waveform[127]_INST_0_i_271_n_0
    SLICE_X61Y75                                                      r  native_system/digital/burst/commanded_waveform[127]_INST_0_i_207/S[1]
    SLICE_X61Y75         CARRY4 (Prop_carry4_S[1]_CO[3])
                                                      0.550     4.125 r  native_system/digital/burst/commanded_waveform[127]_INST_0_i_207/CO[3]
                         net (fo=1, routed)           0.000     4.125    native_system/digital/burst/commanded_waveform[127]_INST_0_i_207_n_0
    SLICE_X61Y76                                                      r  native_system/digital/burst/commanded_waveform[127]_INST_0_i_153/CI
    SLICE_X61Y76         CARRY4 (Prop_carry4_CI_CO[3])
                                                      0.114     4.239 r  native_system/digital/burst/commanded_waveform[127]_INST_0_i_153/CO[3]
                         net (fo=1, routed)           0.000     4.239    native_system/digital/burst/commanded_waveform[127]_INST_0_i_153_n_0
    SLICE_X61Y77                                                      r  native_system/digital/burst/commanded_waveform[127]_INST_0_i_101/CI
    SLICE_X61Y77         CARRY4 (Prop_carry4_CI_CO[3])
                                                      0.114     4.353 r  native_system/digital/burst/commanded_waveform[127]_INST_0_i_101/CO[3]
                         net (fo=1, routed)           0.000     4.353    native_system/digital/burst/commanded_waveform[127]_INST_0_i_101_n_0
    SLICE_X61Y78                                                      r  native_system/digital/burst/commanded_waveform[127]_INST_0_i_66/CI
    SLICE_X61Y78         CARRY4 (Prop_carry4_CI_CO[3])
                                                      0.114     4.467 r  native_system/digital/burst/commanded_waveform[127]_INST_0_i_66/CO[3]
                         net (fo=1, routed)           0.000     4.467    native_system/digital/burst/commanded_waveform[127]_INST_0_i_66_n_0
    SLICE_X61Y79                                                      r  native_system/digital/burst/commanded_waveform[127]_INST_0_i_42/CI
    SLICE_X61Y79         CARRY4 (Prop_carry4_CI_CO[3])
                                                      0.114     4.581 r  native_system/digital/burst/commanded_waveform[127]_INST_0_i_42/CO[3]
                         net (fo=1, routed)           0.000     4.581    native_system/digital/burst/commanded_waveform[127]_INST_0_i_42_n_0
    SLICE_X61Y80                                                      r  native_system/digital/burst/commanded_waveform[127]_INST_0_i_40/CI
    SLICE_X61Y80         CARRY4 (Prop_carry4_CI_CO[3])
                                                      0.114     4.695 r  native_system/digital/burst/commanded_waveform[127]_INST_0_i_40/CO[3]
                         net (fo=1, routed)           0.000     4.695    native_system/digital/burst/commanded_waveform[127]_INST_0_i_40_n_0
    SLICE_X61Y81                                                      r  native_system/digital/burst/commanded_waveform[127]_INST_0_i_39/CI
    SLICE_X61Y81         CARRY4 (Prop_carry4_CI_O[1])
                                                      0.334     5.029 r  native_system/digital/burst/commanded_waveform[127]_INST_0_i_39/O[1]
                         net (fo=26, routed)          0.621     5.650    native_system/digital/burst/commanded_waveform[127]_INST_0_i_39_n_6
    SLICE_X64Y80                                                      r  native_system/digital/burst/commanded_waveform[127]_INST_0_i_368/I0
    SLICE_X64Y80         LUT3 (Prop_lut3_I0_O)        0.303     5.953 r  native_system/digital/burst/commanded_waveform[127]_INST_0_i_368/O
                         net (fo=1, routed)           0.689     6.642    native_system/digital/burst/commanded_waveform[127]_INST_0_i_368_n_0
    SLICE_X60Y79                                                      r  native_system/digital/burst/commanded_waveform[127]_INST_0_i_339/DI[2]
    SLICE_X60Y79         CARRY4 (Prop_carry4_DI[2]_CO[3])
                                                      0.398     7.040 r  native_system/digital/burst/commanded_waveform[127]_INST_0_i_339/CO[3]
                         net (fo=1, routed)           0.000     7.040    native_system/digital/burst/commanded_waveform[127]_INST_0_i_339_n_0
    SLICE_X60Y80                                                      r  native_system/digital/burst/commanded_waveform[127]_INST_0_i_295/CI
    SLICE_X60Y80         CARRY4 (Prop_carry4_CI_CO[3])
                                                      0.114     7.154 r  native_system/digital/burst/commanded_waveform[127]_INST_0_i_295/CO[3]
                         net (fo=1, routed)           0.000     7.154    native_system/digital/burst/commanded_waveform[127]_INST_0_i_295_n_0
    SLICE_X60Y81                                                      r  native_system/digital/burst/commanded_waveform[127]_INST_0_i_244/CI
    SLICE_X60Y81         CARRY4 (Prop_carry4_CI_CO[3])
                                                      0.114     7.268 r  native_system/digital/burst/commanded_waveform[127]_INST_0_i_244/CO[3]
                         net (fo=1, routed)           0.000     7.268    native_system/digital/burst/commanded_waveform[127]_INST_0_i_244_n_0
    SLICE_X60Y82                                                      r  native_system/digital/burst/commanded_waveform[127]_INST_0_i_239/CI
    SLICE_X60Y82         CARRY4 (Prop_carry4_CI_CO[1])
                                                      0.157     7.425 r  native_system/digital/burst/commanded_waveform[127]_INST_0_i_239/CO[1]
                         net (fo=2, routed)           0.832     8.257    native_system/digital/burst/commanded_waveform[127]_INST_0_i_239_n_2
    SLICE_X63Y81                                                      r  native_system/digital/burst/commanded_waveform[127]_INST_0_i_177/I3
    SLICE_X63Y81         LUT5 (Prop_lut5_I3_O)        0.329     8.586 r  native_system/digital/burst/commanded_waveform[127]_INST_0_i_177/O
                         net (fo=2, routed)           0.618     9.204    native_system/digital/burst/commanded_waveform[127]_INST_0_i_177_n_0
    SLICE_X57Y81                                                      r  native_system/digital/burst/commanded_waveform[127]_INST_0_i_181/I0
    SLICE_X57Y81         LUT5 (Prop_lut5_I0_O)        0.124     9.328 r  native_system/digital/burst/commanded_waveform[127]_INST_0_i_181/O
                         net (fo=1, routed)           0.000     9.328    native_system/digital/burst/commanded_waveform[127]_INST_0_i_181_n_0
    SLICE_X57Y81                                                      r  native_system/digital/burst/commanded_waveform[127]_INST_0_i_124/S[2]
    SLICE_X57Y81         CARRY4 (Prop_carry4_S[2]_CO[3])
                                                      0.398     9.726 r  native_system/digital/burst/commanded_waveform[127]_INST_0_i_124/CO[3]
                         net (fo=1, routed)           0.000     9.726    native_system/digital/burst/commanded_waveform[127]_INST_0_i_124_n_0
    SLICE_X57Y82                                                      r  native_system/digital/burst/commanded_waveform[127]_INST_0_i_84/CI
    SLICE_X57Y82         CARRY4 (Prop_carry4_CI_CO[3])
                                                      0.114     9.840 r  native_system/digital/burst/commanded_waveform[127]_INST_0_i_84/CO[3]
                         net (fo=1, routed)           0.000     9.840    native_system/digital/burst/commanded_waveform[127]_INST_0_i_84_n_0
    SLICE_X57Y83                                                      r  native_system/digital/burst/commanded_waveform[127]_INST_0_i_50/CI
    SLICE_X57Y83         CARRY4 (Prop_carry4_CI_O[1])
                                                      0.334    10.174 r  native_system/digital/burst/commanded_waveform[127]_INST_0_i_50/O[1]
                         net (fo=3, routed)           0.649    10.823    native_system/digital/burst/commanded_waveform[127]_INST_0_i_50_n_6
    SLICE_X56Y81                                                      r  native_system/digital/burst/commanded_waveform[127]_INST_0_i_80/I1
    SLICE_X56Y81         LUT4 (Prop_lut4_I1_O)        0.303    11.126 r  native_system/digital/burst/commanded_waveform[127]_INST_0_i_80/O
                         net (fo=1, routed)           0.000    11.126    native_system/digital/burst/commanded_waveform[127]_INST_0_i_80_n_0
    SLICE_X56Y81                                                      r  native_system/digital/burst/commanded_waveform[127]_INST_0_i_43/S[3]
    SLICE_X56Y81         CARRY4 (Prop_carry4_S[3]_CO[3])
                                                      0.401    11.527 r  native_system/digital/burst/commanded_waveform[127]_INST_0_i_43/CO[3]
                         net (fo=1, routed)           0.000    11.527    native_system/digital/burst/commanded_waveform[127]_INST_0_i_43_n_0
    SLICE_X56Y82                                                      r  native_system/digital/burst/commanded_waveform[127]_INST_0_i_37/CI
    SLICE_X56Y82         CARRY4 (Prop_carry4_CI_CO[2])
                                                      0.228    11.755 r  native_system/digital/burst/commanded_waveform[127]_INST_0_i_37/CO[2]
                         net (fo=8, routed)           0.554    12.309    native_system/digital/burst/commanded_waveform[127]_INST_0_i_37_n_1
    SLICE_X55Y82                                                      r  native_system/digital/burst/commanded_waveform[127]_INST_0_i_35/I1
    SLICE_X55Y82         LUT6 (Prop_lut6_I1_O)        0.313    12.622 r  native_system/digital/burst/commanded_waveform[127]_INST_0_i_35/O
                         net (fo=1, routed)           0.000    12.622    native_system/digital/burst/commanded_waveform[127]_INST_0_i_35_n_0
    SLICE_X55Y82                                                      r  native_system/digital/burst/commanded_waveform[127]_INST_0_i_23/S[0]
    SLICE_X55Y82         CARRY4 (Prop_carry4_S[0]_CO[3])
                                                      0.532    13.154 r  native_system/digital/burst/commanded_waveform[127]_INST_0_i_23/CO[3]
                         net (fo=1, routed)           0.000    13.154    native_system/digital/burst/commanded_waveform[127]_INST_0_i_23_n_0
    SLICE_X55Y83                                                      r  native_system/digital/burst/commanded_waveform[127]_INST_0_i_17/CI
    SLICE_X55Y83         CARRY4 (Prop_carry4_CI_O[3])
                                                      0.313    13.467 f  native_system/digital/burst/commanded_waveform[127]_INST_0_i_17/O[3]
                         net (fo=1, routed)           0.295    13.762    native_system/digital/burst/phase[7]
    SLICE_X55Y85                                                      f  native_system/digital/burst/commanded_waveform[127]_INST_0_i_11/I0
    SLICE_X55Y85         LUT5 (Prop_lut5_I0_O)        0.306    14.068 r  native_system/digital/burst/commanded_waveform[127]_INST_0_i_11/O
                         net (fo=10, routed)          0.527    14.595    native_system/digital/scheduler/commanded_waveform3
    SLICE_X59Y86                                                      r  native_system/digital/scheduler/commanded_waveform[126]_INST_0_i_2/I4
    SLICE_X59Y86         LUT6 (Prop_lut6_I4_O)        0.124    14.719 r  native_system/digital/scheduler/commanded_waveform[126]_INST_0_i_2/O
                         net (fo=16, routed)          0.679    15.398    native_system/digital/bank/captured_reg[96]_0
    SLICE_X64Y85                                                      r  native_system/digital/bank/commanded_waveform[104]_INST_0/I3
    SLICE_X64Y85         LUT5 (Prop_lut5_I3_O)        0.124    15.522 r  native_system/digital/bank/commanded_waveform[104]_INST_0/O
                         net (fo=1, routed)           0.000    15.522    native_system/digital/serial/commanded_waveform[104]
    SLICE_X64Y85         FDCE                                         r  native_system/digital/serial/captured_reg[104]/D
  -------------------------------------------------------------------    -------------------

                         (clock core132 rise edge)    7.576     7.576 r  
                                                      0.000     7.576 r  clk (IN)
                         net (fo=18015, unset)        0.924     8.500    native_system/digital/serial/clk
    SLICE_X64Y85         FDCE                                         r  native_system/digital/serial/captured_reg[104]/C
                         clock pessimism              0.000     8.500    
                         clock uncertainty           -0.035     8.465    
    SLICE_X64Y85         FDCE (Setup_fdce_C_D)        0.029     8.494    native_system/digital/serial/captured_reg[104]
  -------------------------------------------------------------------
                         required time                          8.494    
                         arrival time                         -15.522    
  -------------------------------------------------------------------
                         slack                                 -7.028    

Slack (VIOLATED) :        -7.027ns  (required time - arrival time)
  Source:                 native_system/digital/burst/accumulator_reg[11]_replica/C
                            (rising edge-triggered cell FDCE clocked by core132  {rise@0.000ns fall@3.788ns period=7.576ns})
  Destination:            native_system/digital/serial/captured_reg[51]/D
                            (rising edge-triggered cell FDCE clocked by core132  {rise@0.000ns fall@3.788ns period=7.576ns})
  Path Group:             core132
  Path Type:              Setup (Max at Slow Process Corner)
  Requirement:            7.576ns  (core132 rise@7.576ns - core132 rise@0.000ns)
  Data Path Delay:        14.489ns  (logic 7.373ns (50.886%)  route 7.116ns (49.114%))
  Logic Levels:           29  (CARRY4=18 LUT3=2 LUT4=1 LUT5=5 LUT6=3)
  Clock Path Skew:        -0.049ns (DCD - SCD + CPR)
    Destination Clock Delay (DCD):    0.924ns = ( 8.500 - 7.576 ) 
    Source Clock Delay      (SCD):    0.973ns
    Clock Pessimism Removal (CPR):    0.000ns
  Clock Uncertainty:      0.035ns  ((TSJ^2 + TIJ^2)^1/2 + DJ) / 2 + PE
    Total System Jitter     (TSJ):    0.071ns
    Total Input Jitter      (TIJ):    0.000ns
    Discrete Jitter          (DJ):    0.000ns
    Phase Error              (PE):    0.000ns

    Location             Delay type                Incr(ns)  Path(ns)    Netlist Resource(s)
  -------------------------------------------------------------------    -------------------
                         (clock core132 rise edge)    0.000     0.000 r  
                                                      0.000     0.000 r  clk (IN)
                         net (fo=18015, unset)        0.973     0.973    native_system/digital/burst/clk
    SLICE_X62Y75         FDCE                                         r  native_system/digital/burst/accumulator_reg[11]_replica/C
  -------------------------------------------------------------------    -------------------
    SLICE_X62Y75         FDCE (Prop_fdce_C_Q)         0.518     1.491 r  native_system/digital/burst/accumulator_reg[11]_replica/Q
                         net (fo=4, routed)           0.607     2.098    native_system/digital/burst/scaled[19]_repN
    SLICE_X64Y75                                                      r  native_system/digital/burst/commanded_waveform[127]_INST_0_i_329/I0
    SLICE_X64Y75         LUT3 (Prop_lut3_I0_O)        0.124     2.222 r  native_system/digital/burst/commanded_waveform[127]_INST_0_i_329/O
                         net (fo=3, routed)           0.511     2.732    native_system/digital/burst/commanded_waveform[127]_INST_0_i_329_n_0
    SLICE_X64Y75                                                      r  native_system/digital/burst/commanded_waveform[127]_INST_0_i_267/I4
    SLICE_X64Y75         LUT5 (Prop_lut5_I4_O)        0.124     2.856 r  native_system/digital/burst/commanded_waveform[127]_INST_0_i_267/O
                         net (fo=2, routed)           0.595     3.451    native_system/digital/burst/commanded_waveform[127]_INST_0_i_267_n_0
    SLICE_X61Y75                                                      r  native_system/digital/burst/commanded_waveform[127]_INST_0_i_271/I0
    SLICE_X61Y75         LUT6 (Prop_lut6_I0_O)        0.124     3.575 r  native_system/digital/burst/commanded_waveform[127]_INST_0_i_271/O
                         net (fo=1, routed)           0.000     3.575    native_system/digital/burst/commanded_waveform[127]_INST_0_i_271_n_0
    SLICE_X61Y75                                                      r  native_system/digital/burst/commanded_waveform[127]_INST_0_i_207/S[1]
    SLICE_X61Y75         CARRY4 (Prop_carry4_S[1]_CO[3])
                                                      0.550     4.125 r  native_system/digital/burst/commanded_waveform[127]_INST_0_i_207/CO[3]
                         net (fo=1, routed)           0.000     4.125    native_system/digital/burst/commanded_waveform[127]_INST_0_i_207_n_0
    SLICE_X61Y76                                                      r  native_system/digital/burst/commanded_waveform[127]_INST_0_i_153/CI
    SLICE_X61Y76         CARRY4 (Prop_carry4_CI_CO[3])
                                                      0.114     4.239 r  native_system/digital/burst/commanded_waveform[127]_INST_0_i_153/CO[3]
                         net (fo=1, routed)           0.000     4.239    native_system/digital/burst/commanded_waveform[127]_INST_0_i_153_n_0
    SLICE_X61Y77                                                      r  native_system/digital/burst/commanded_waveform[127]_INST_0_i_101/CI
    SLICE_X61Y77         CARRY4 (Prop_carry4_CI_CO[3])
                                                      0.114     4.353 r  native_system/digital/burst/commanded_waveform[127]_INST_0_i_101/CO[3]
                         net (fo=1, routed)           0.000     4.353    native_system/digital/burst/commanded_waveform[127]_INST_0_i_101_n_0
    SLICE_X61Y78                                                      r  native_system/digital/burst/commanded_waveform[127]_INST_0_i_66/CI
    SLICE_X61Y78         CARRY4 (Prop_carry4_CI_CO[3])
                                                      0.114     4.467 r  native_system/digital/burst/commanded_waveform[127]_INST_0_i_66/CO[3]
                         net (fo=1, routed)           0.000     4.467    native_system/digital/burst/commanded_waveform[127]_INST_0_i_66_n_0
    SLICE_X61Y79                                                      r  native_system/digital/burst/commanded_waveform[127]_INST_0_i_42/CI
    SLICE_X61Y79         CARRY4 (Prop_carry4_CI_CO[3])
                                                      0.114     4.581 r  native_system/digital/burst/commanded_waveform[127]_INST_0_i_42/CO[3]
                         net (fo=1, routed)           0.000     4.581    native_system/digital/burst/commanded_waveform[127]_INST_0_i_42_n_0
    SLICE_X61Y80                                                      r  native_system/digital/burst/commanded_waveform[127]_INST_0_i_40/CI
    SLICE_X61Y80         CARRY4 (Prop_carry4_CI_CO[3])
                                                      0.114     4.695 r  native_system/digital/burst/commanded_waveform[127]_INST_0_i_40/CO[3]
                         net (fo=1, routed)           0.000     4.695    native_system/digital/burst/commanded_waveform[127]_INST_0_i_40_n_0
    SLICE_X61Y81                                                      r  native_system/digital/burst/commanded_waveform[127]_INST_0_i_39/CI
    SLICE_X61Y81         CARRY4 (Prop_carry4_CI_O[1])
                                                      0.334     5.029 r  native_system/digital/burst/commanded_waveform[127]_INST_0_i_39/O[1]
                         net (fo=26, routed)          0.621     5.650    native_system/digital/burst/commanded_waveform[127]_INST_0_i_39_n_6
    SLICE_X64Y80                                                      r  native_system/digital/burst/commanded_waveform[127]_INST_0_i_368/I0
    SLICE_X64Y80         LUT3 (Prop_lut3_I0_O)        0.303     5.953 r  native_system/digital/burst/commanded_waveform[127]_INST_0_i_368/O
                         net (fo=1, routed)           0.689     6.642    native_system/digital/burst/commanded_waveform[127]_INST_0_i_368_n_0
    SLICE_X60Y79                                                      r  native_system/digital/burst/commanded_waveform[127]_INST_0_i_339/DI[2]
    SLICE_X60Y79         CARRY4 (Prop_carry4_DI[2]_CO[3])
                                                      0.398     7.040 r  native_system/digital/burst/commanded_waveform[127]_INST_0_i_339/CO[3]
                         net (fo=1, routed)           0.000     7.040    native_system/digital/burst/commanded_waveform[127]_INST_0_i_339_n_0
    SLICE_X60Y80                                                      r  native_system/digital/burst/commanded_waveform[127]_INST_0_i_295/CI
    SLICE_X60Y80         CARRY4 (Prop_carry4_CI_CO[3])
                                                      0.114     7.154 r  native_system/digital/burst/commanded_waveform[127]_INST_0_i_295/CO[3]
                         net (fo=1, routed)           0.000     7.154    native_system/digital/burst/commanded_waveform[127]_INST_0_i_295_n_0
    SLICE_X60Y81                                                      r  native_system/digital/burst/commanded_waveform[127]_INST_0_i_244/CI
    SLICE_X60Y81         CARRY4 (Prop_carry4_CI_CO[3])
                                                      0.114     7.268 r  native_system/digital/burst/commanded_waveform[127]_INST_0_i_244/CO[3]
                         net (fo=1, routed)           0.000     7.268    native_system/digital/burst/commanded_waveform[127]_INST_0_i_244_n_0
    SLICE_X60Y82                                                      r  native_system/digital/burst/commanded_waveform[127]_INST_0_i_239/CI
    SLICE_X60Y82         CARRY4 (Prop_carry4_CI_CO[1])
                                                      0.157     7.425 r  native_system/digital/burst/commanded_waveform[127]_INST_0_i_239/CO[1]
                         net (fo=2, routed)           0.832     8.257    native_system/digital/burst/commanded_waveform[127]_INST_0_i_239_n_2
    SLICE_X63Y81                                                      r  native_system/digital/burst/commanded_waveform[127]_INST_0_i_177/I3
    SLICE_X63Y81         LUT5 (Prop_lut5_I3_O)        0.329     8.586 r  native_system/digital/burst/commanded_waveform[127]_INST_0_i_177/O
                         net (fo=2, routed)           0.618     9.204    native_system/digital/burst/commanded_waveform[127]_INST_0_i_177_n_0
    SLICE_X57Y81                                                      r  native_system/digital/burst/commanded_waveform[127]_INST_0_i_181/I0
    SLICE_X57Y81         LUT5 (Prop_lut5_I0_O)        0.124     9.328 r  native_system/digital/burst/commanded_waveform[127]_INST_0_i_181/O
                         net (fo=1, routed)           0.000     9.328    native_system/digital/burst/commanded_waveform[127]_INST_0_i_181_n_0
    SLICE_X57Y81                                                      r  native_system/digital/burst/commanded_waveform[127]_INST_0_i_124/S[2]
    SLICE_X57Y81         CARRY4 (Prop_carry4_S[2]_CO[3])
                                                      0.398     9.726 r  native_system/digital/burst/commanded_waveform[127]_INST_0_i_124/CO[3]
                         net (fo=1, routed)           0.000     9.726    native_system/digital/burst/commanded_waveform[127]_INST_0_i_124_n_0
    SLICE_X57Y82                                                      r  native_system/digital/burst/commanded_waveform[127]_INST_0_i_84/CI
    SLICE_X57Y82         CARRY4 (Prop_carry4_CI_CO[3])
                                                      0.114     9.840 r  native_system/digital/burst/commanded_waveform[127]_INST_0_i_84/CO[3]
                         net (fo=1, routed)           0.000     9.840    native_system/digital/burst/commanded_waveform[127]_INST_0_i_84_n_0
    SLICE_X57Y83                                                      r  native_system/digital/burst/commanded_waveform[127]_INST_0_i_50/CI
    SLICE_X57Y83         CARRY4 (Prop_carry4_CI_O[1])
                                                      0.334    10.174 r  native_system/digital/burst/commanded_waveform[127]_INST_0_i_50/O[1]
                         net (fo=3, routed)           0.649    10.823    native_system/digital/burst/commanded_waveform[127]_INST_0_i_50_n_6
    SLICE_X56Y81                                                      r  native_system/digital/burst/commanded_waveform[127]_INST_0_i_80/I1
    SLICE_X56Y81         LUT4 (Prop_lut4_I1_O)        0.303    11.126 r  native_system/digital/burst/commanded_waveform[127]_INST_0_i_80/O
                         net (fo=1, routed)           0.000    11.126    native_system/digital/burst/commanded_waveform[127]_INST_0_i_80_n_0
    SLICE_X56Y81                                                      r  native_system/digital/burst/commanded_waveform[127]_INST_0_i_43/S[3]
    SLICE_X56Y81         CARRY4 (Prop_carry4_S[3]_CO[3])
                                                      0.401    11.527 r  native_system/digital/burst/commanded_waveform[127]_INST_0_i_43/CO[3]
                         net (fo=1, routed)           0.000    11.527    native_system/digital/burst/commanded_waveform[127]_INST_0_i_43_n_0
    SLICE_X56Y82                                                      r  native_system/digital/burst/commanded_waveform[127]_INST_0_i_37/CI
    SLICE_X56Y82         CARRY4 (Prop_carry4_CI_CO[2])
                                                      0.228    11.755 r  native_system/digital/burst/commanded_waveform[127]_INST_0_i_37/CO[2]
                         net (fo=8, routed)           0.554    12.309    native_system/digital/burst/commanded_waveform[127]_INST_0_i_37_n_1
    SLICE_X55Y82                                                      r  native_system/digital/burst/commanded_waveform[127]_INST_0_i_35/I1
    SLICE_X55Y82         LUT6 (Prop_lut6_I1_O)        0.313    12.622 r  native_system/digital/burst/commanded_waveform[127]_INST_0_i_35/O
                         net (fo=1, routed)           0.000    12.622    native_system/digital/burst/commanded_waveform[127]_INST_0_i_35_n_0
    SLICE_X55Y82                                                      r  native_system/digital/burst/commanded_waveform[127]_INST_0_i_23/S[0]
    SLICE_X55Y82         CARRY4 (Prop_carry4_S[0]_CO[3])
                                                      0.532    13.154 r  native_system/digital/burst/commanded_waveform[127]_INST_0_i_23/CO[3]
                         net (fo=1, routed)           0.000    13.154    native_system/digital/burst/commanded_waveform[127]_INST_0_i_23_n_0
    SLICE_X55Y83                                                      r  native_system/digital/burst/commanded_waveform[127]_INST_0_i_17/CI
    SLICE_X55Y83         CARRY4 (Prop_carry4_CI_O[3])
                                                      0.313    13.467 f  native_system/digital/burst/commanded_waveform[127]_INST_0_i_17/O[3]
                         net (fo=1, routed)           0.295    13.762    native_system/digital/burst/phase[7]
    SLICE_X55Y85                                                      f  native_system/digital/burst/commanded_waveform[127]_INST_0_i_11/I0
    SLICE_X55Y85         LUT5 (Prop_lut5_I0_O)        0.306    14.068 r  native_system/digital/burst/commanded_waveform[127]_INST_0_i_11/O
                         net (fo=10, routed)          0.217    14.285    native_system/digital/scheduler/commanded_waveform3
    SLICE_X55Y85                                                      r  native_system/digital/scheduler/commanded_waveform[63]_INST_0_i_2/I4
    SLICE_X55Y85         LUT6 (Prop_lut6_I4_O)        0.124    14.409 r  native_system/digital/scheduler/commanded_waveform[63]_INST_0_i_2/O
                         net (fo=22, routed)          0.398    14.808    native_system/digital/bank/captured_reg[33]_0
    SLICE_X56Y85                                                      r  native_system/digital/bank/commanded_waveform[51]_INST_0/I3
    SLICE_X56Y85         LUT5 (Prop_lut5_I3_O)        0.124    14.932 r  native_system/digital/bank/commanded_waveform[51]_INST_0/O
                         net (fo=1, routed)           0.531    15.462    native_system/digital/serial/commanded_waveform[51]
    SLICE_X54Y85         FDCE                                         r  native_system/digital/serial/captured_reg[51]/D
  -------------------------------------------------------------------    -------------------

                         (clock core132 rise edge)    7.576     7.576 r  
                                                      0.000     7.576 r  clk (IN)
                         net (fo=18015, unset)        0.924     8.500    native_system/digital/serial/clk
    SLICE_X54Y85         FDCE                                         r  native_system/digital/serial/captured_reg[51]/C
                         clock pessimism              0.000     8.500    
                         clock uncertainty           -0.035     8.465    
    SLICE_X54Y85         FDCE (Setup_fdce_C_D)       -0.030     8.435    native_system/digital/serial/captured_reg[51]
  -------------------------------------------------------------------
                         required time                          8.435    
                         arrival time                         -15.462    
  -------------------------------------------------------------------
                         slack                                 -7.027    

Slack (VIOLATED) :        -7.023ns  (required time - arrival time)
  Source:                 native_system/digital/burst/accumulator_reg[11]_replica/C
                            (rising edge-triggered cell FDCE clocked by core132  {rise@0.000ns fall@3.788ns period=7.576ns})
  Destination:            native_system/digital/serial/captured_reg[115]/D
                            (rising edge-triggered cell FDCE clocked by core132  {rise@0.000ns fall@3.788ns period=7.576ns})
  Path Group:             core132
  Path Type:              Setup (Max at Slow Process Corner)
  Requirement:            7.576ns  (core132 rise@7.576ns - core132 rise@0.000ns)
  Data Path Delay:        14.468ns  (logic 7.373ns (50.959%)  route 7.095ns (49.041%))
  Logic Levels:           29  (CARRY4=18 LUT3=2 LUT4=1 LUT5=5 LUT6=3)
  Clock Path Skew:        -0.049ns (DCD - SCD + CPR)
    Destination Clock Delay (DCD):    0.924ns = ( 8.500 - 7.576 ) 
    Source Clock Delay      (SCD):    0.973ns
    Clock Pessimism Removal (CPR):    0.000ns
  Clock Uncertainty:      0.035ns  ((TSJ^2 + TIJ^2)^1/2 + DJ) / 2 + PE
    Total System Jitter     (TSJ):    0.071ns
    Total Input Jitter      (TIJ):    0.000ns
    Discrete Jitter          (DJ):    0.000ns
    Phase Error              (PE):    0.000ns

    Location             Delay type                Incr(ns)  Path(ns)    Netlist Resource(s)
  -------------------------------------------------------------------    -------------------
                         (clock core132 rise edge)    0.000     0.000 r  
                                                      0.000     0.000 r  clk (IN)
                         net (fo=18015, unset)        0.973     0.973    native_system/digital/burst/clk
    SLICE_X62Y75         FDCE                                         r  native_system/digital/burst/accumulator_reg[11]_replica/C
  -------------------------------------------------------------------    -------------------
    SLICE_X62Y75         FDCE (Prop_fdce_C_Q)         0.518     1.491 r  native_system/digital/burst/accumulator_reg[11]_replica/Q
                         net (fo=4, routed)           0.607     2.098    native_system/digital/burst/scaled[19]_repN
    SLICE_X64Y75                                                      r  native_system/digital/burst/commanded_waveform[127]_INST_0_i_329/I0
    SLICE_X64Y75         LUT3 (Prop_lut3_I0_O)        0.124     2.222 r  native_system/digital/burst/commanded_waveform[127]_INST_0_i_329/O
                         net (fo=3, routed)           0.511     2.732    native_system/digital/burst/commanded_waveform[127]_INST_0_i_329_n_0
    SLICE_X64Y75                                                      r  native_system/digital/burst/commanded_waveform[127]_INST_0_i_267/I4
    SLICE_X64Y75         LUT5 (Prop_lut5_I4_O)        0.124     2.856 r  native_system/digital/burst/commanded_waveform[127]_INST_0_i_267/O
                         net (fo=2, routed)           0.595     3.451    native_system/digital/burst/commanded_waveform[127]_INST_0_i_267_n_0
    SLICE_X61Y75                                                      r  native_system/digital/burst/commanded_waveform[127]_INST_0_i_271/I0
    SLICE_X61Y75         LUT6 (Prop_lut6_I0_O)        0.124     3.575 r  native_system/digital/burst/commanded_waveform[127]_INST_0_i_271/O
                         net (fo=1, routed)           0.000     3.575    native_system/digital/burst/commanded_waveform[127]_INST_0_i_271_n_0
    SLICE_X61Y75                                                      r  native_system/digital/burst/commanded_waveform[127]_INST_0_i_207/S[1]
    SLICE_X61Y75         CARRY4 (Prop_carry4_S[1]_CO[3])
                                                      0.550     4.125 r  native_system/digital/burst/commanded_waveform[127]_INST_0_i_207/CO[3]
                         net (fo=1, routed)           0.000     4.125    native_system/digital/burst/commanded_waveform[127]_INST_0_i_207_n_0
    SLICE_X61Y76                                                      r  native_system/digital/burst/commanded_waveform[127]_INST_0_i_153/CI
    SLICE_X61Y76         CARRY4 (Prop_carry4_CI_CO[3])
                                                      0.114     4.239 r  native_system/digital/burst/commanded_waveform[127]_INST_0_i_153/CO[3]
                         net (fo=1, routed)           0.000     4.239    native_system/digital/burst/commanded_waveform[127]_INST_0_i_153_n_0
    SLICE_X61Y77                                                      r  native_system/digital/burst/commanded_waveform[127]_INST_0_i_101/CI
    SLICE_X61Y77         CARRY4 (Prop_carry4_CI_CO[3])
                                                      0.114     4.353 r  native_system/digital/burst/commanded_waveform[127]_INST_0_i_101/CO[3]
                         net (fo=1, routed)           0.000     4.353    native_system/digital/burst/commanded_waveform[127]_INST_0_i_101_n_0
    SLICE_X61Y78                                                      r  native_system/digital/burst/commanded_waveform[127]_INST_0_i_66/CI
    SLICE_X61Y78         CARRY4 (Prop_carry4_CI_CO[3])
                                                      0.114     4.467 r  native_system/digital/burst/commanded_waveform[127]_INST_0_i_66/CO[3]
                         net (fo=1, routed)           0.000     4.467    native_system/digital/burst/commanded_waveform[127]_INST_0_i_66_n_0
    SLICE_X61Y79                                                      r  native_system/digital/burst/commanded_waveform[127]_INST_0_i_42/CI
    SLICE_X61Y79         CARRY4 (Prop_carry4_CI_CO[3])
                                                      0.114     4.581 r  native_system/digital/burst/commanded_waveform[127]_INST_0_i_42/CO[3]
                         net (fo=1, routed)           0.000     4.581    native_system/digital/burst/commanded_waveform[127]_INST_0_i_42_n_0
    SLICE_X61Y80                                                      r  native_system/digital/burst/commanded_waveform[127]_INST_0_i_40/CI
    SLICE_X61Y80         CARRY4 (Prop_carry4_CI_CO[3])
                                                      0.114     4.695 r  native_system/digital/burst/commanded_waveform[127]_INST_0_i_40/CO[3]
                         net (fo=1, routed)           0.000     4.695    native_system/digital/burst/commanded_waveform[127]_INST_0_i_40_n_0
    SLICE_X61Y81                                                      r  native_system/digital/burst/commanded_waveform[127]_INST_0_i_39/CI
    SLICE_X61Y81         CARRY4 (Prop_carry4_CI_O[1])
                                                      0.334     5.029 r  native_system/digital/burst/commanded_waveform[127]_INST_0_i_39/O[1]
                         net (fo=26, routed)          0.621     5.650    native_system/digital/burst/commanded_waveform[127]_INST_0_i_39_n_6
    SLICE_X64Y80                                                      r  native_system/digital/burst/commanded_waveform[127]_INST_0_i_368/I0
    SLICE_X64Y80         LUT3 (Prop_lut3_I0_O)        0.303     5.953 r  native_system/digital/burst/commanded_waveform[127]_INST_0_i_368/O
                         net (fo=1, routed)           0.689     6.642    native_system/digital/burst/commanded_waveform[127]_INST_0_i_368_n_0
    SLICE_X60Y79                                                      r  native_system/digital/burst/commanded_waveform[127]_INST_0_i_339/DI[2]
    SLICE_X60Y79         CARRY4 (Prop_carry4_DI[2]_CO[3])
                                                      0.398     7.040 r  native_system/digital/burst/commanded_waveform[127]_INST_0_i_339/CO[3]
                         net (fo=1, routed)           0.000     7.040    native_system/digital/burst/commanded_waveform[127]_INST_0_i_339_n_0
    SLICE_X60Y80                                                      r  native_system/digital/burst/commanded_waveform[127]_INST_0_i_295/CI
    SLICE_X60Y80         CARRY4 (Prop_carry4_CI_CO[3])
                                                      0.114     7.154 r  native_system/digital/burst/commanded_waveform[127]_INST_0_i_295/CO[3]
                         net (fo=1, routed)           0.000     7.154    native_system/digital/burst/commanded_waveform[127]_INST_0_i_295_n_0
    SLICE_X60Y81                                                      r  native_system/digital/burst/commanded_waveform[127]_INST_0_i_244/CI
    SLICE_X60Y81         CARRY4 (Prop_carry4_CI_CO[3])
                                                      0.114     7.268 r  native_system/digital/burst/commanded_waveform[127]_INST_0_i_244/CO[3]
                         net (fo=1, routed)           0.000     7.268    native_system/digital/burst/commanded_waveform[127]_INST_0_i_244_n_0
    SLICE_X60Y82                                                      r  native_system/digital/burst/commanded_waveform[127]_INST_0_i_239/CI
    SLICE_X60Y82         CARRY4 (Prop_carry4_CI_CO[1])
                                                      0.157     7.425 r  native_system/digital/burst/commanded_waveform[127]_INST_0_i_239/CO[1]
                         net (fo=2, routed)           0.832     8.257    native_system/digital/burst/commanded_waveform[127]_INST_0_i_239_n_2
    SLICE_X63Y81                                                      r  native_system/digital/burst/commanded_waveform[127]_INST_0_i_177/I3
    SLICE_X63Y81         LUT5 (Prop_lut5_I3_O)        0.329     8.586 r  native_system/digital/burst/commanded_waveform[127]_INST_0_i_177/O
                         net (fo=2, routed)           0.618     9.204    native_system/digital/burst/commanded_waveform[127]_INST_0_i_177_n_0
    SLICE_X57Y81                                                      r  native_system/digital/burst/commanded_waveform[127]_INST_0_i_181/I0
    SLICE_X57Y81         LUT5 (Prop_lut5_I0_O)        0.124     9.328 r  native_system/digital/burst/commanded_waveform[127]_INST_0_i_181/O
                         net (fo=1, routed)           0.000     9.328    native_system/digital/burst/commanded_waveform[127]_INST_0_i_181_n_0
    SLICE_X57Y81                                                      r  native_system/digital/burst/commanded_waveform[127]_INST_0_i_124/S[2]
    SLICE_X57Y81         CARRY4 (Prop_carry4_S[2]_CO[3])
                                                      0.398     9.726 r  native_system/digital/burst/commanded_waveform[127]_INST_0_i_124/CO[3]
                         net (fo=1, routed)           0.000     9.726    native_system/digital/burst/commanded_waveform[127]_INST_0_i_124_n_0
    SLICE_X57Y82                                                      r  native_system/digital/burst/commanded_waveform[127]_INST_0_i_84/CI
    SLICE_X57Y82         CARRY4 (Prop_carry4_CI_CO[3])
                                                      0.114     9.840 r  native_system/digital/burst/commanded_waveform[127]_INST_0_i_84/CO[3]
                         net (fo=1, routed)           0.000     9.840    native_system/digital/burst/commanded_waveform[127]_INST_0_i_84_n_0
    SLICE_X57Y83                                                      r  native_system/digital/burst/commanded_waveform[127]_INST_0_i_50/CI
    SLICE_X57Y83         CARRY4 (Prop_carry4_CI_O[1])
                                                      0.334    10.174 r  native_system/digital/burst/commanded_waveform[127]_INST_0_i_50/O[1]
                         net (fo=3, routed)           0.649    10.823    native_system/digital/burst/commanded_waveform[127]_INST_0_i_50_n_6
    SLICE_X56Y81                                                      r  native_system/digital/burst/commanded_waveform[127]_INST_0_i_80/I1
    SLICE_X56Y81         LUT4 (Prop_lut4_I1_O)        0.303    11.126 r  native_system/digital/burst/commanded_waveform[127]_INST_0_i_80/O
                         net (fo=1, routed)           0.000    11.126    native_system/digital/burst/commanded_waveform[127]_INST_0_i_80_n_0
    SLICE_X56Y81                                                      r  native_system/digital/burst/commanded_waveform[127]_INST_0_i_43/S[3]
    SLICE_X56Y81         CARRY4 (Prop_carry4_S[3]_CO[3])
                                                      0.401    11.527 r  native_system/digital/burst/commanded_waveform[127]_INST_0_i_43/CO[3]
                         net (fo=1, routed)           0.000    11.527    native_system/digital/burst/commanded_waveform[127]_INST_0_i_43_n_0
    SLICE_X56Y82                                                      r  native_system/digital/burst/commanded_waveform[127]_INST_0_i_37/CI
    SLICE_X56Y82         CARRY4 (Prop_carry4_CI_CO[2])
                                                      0.228    11.755 r  native_system/digital/burst/commanded_waveform[127]_INST_0_i_37/CO[2]
                         net (fo=8, routed)           0.554    12.309    native_system/digital/burst/commanded_waveform[127]_INST_0_i_37_n_1
    SLICE_X55Y82                                                      r  native_system/digital/burst/commanded_waveform[127]_INST_0_i_35/I1
    SLICE_X55Y82         LUT6 (Prop_lut6_I1_O)        0.313    12.622 r  native_system/digital/burst/commanded_waveform[127]_INST_0_i_35/O
                         net (fo=1, routed)           0.000    12.622    native_system/digital/burst/commanded_waveform[127]_INST_0_i_35_n_0
    SLICE_X55Y82                                                      r  native_system/digital/burst/commanded_waveform[127]_INST_0_i_23/S[0]
    SLICE_X55Y82         CARRY4 (Prop_carry4_S[0]_CO[3])
                                                      0.532    13.154 r  native_system/digital/burst/commanded_waveform[127]_INST_0_i_23/CO[3]
                         net (fo=1, routed)           0.000    13.154    native_system/digital/burst/commanded_waveform[127]_INST_0_i_23_n_0
    SLICE_X55Y83                                                      r  native_system/digital/burst/commanded_waveform[127]_INST_0_i_17/CI
    SLICE_X55Y83         CARRY4 (Prop_carry4_CI_O[3])
                                                      0.313    13.467 f  native_system/digital/burst/commanded_waveform[127]_INST_0_i_17/O[3]
                         net (fo=1, routed)           0.295    13.762    native_system/digital/burst/phase[7]
    SLICE_X55Y85                                                      f  native_system/digital/burst/commanded_waveform[127]_INST_0_i_11/I0
    SLICE_X55Y85         LUT5 (Prop_lut5_I0_O)        0.306    14.068 r  native_system/digital/burst/commanded_waveform[127]_INST_0_i_11/O
                         net (fo=10, routed)          0.391    14.459    native_system/digital/scheduler/commanded_waveform3
    SLICE_X57Y86                                                      r  native_system/digital/scheduler/commanded_waveform[127]_INST_0_i_3/I4
    SLICE_X57Y86         LUT6 (Prop_lut6_I4_O)        0.124    14.583 r  native_system/digital/scheduler/commanded_waveform[127]_INST_0_i_3/O
                         net (fo=17, routed)          0.394    14.977    native_system/digital/bank/captured_reg[97]_0
    SLICE_X59Y87                                                      r  native_system/digital/bank/commanded_waveform[115]_INST_0/I3
    SLICE_X59Y87         LUT5 (Prop_lut5_I3_O)        0.124    15.101 r  native_system/digital/bank/commanded_waveform[115]_INST_0/O
                         net (fo=1, routed)           0.340    15.441    native_system/digital/serial/commanded_waveform[115]
    SLICE_X59Y87         FDCE                                         r  native_system/digital/serial/captured_reg[115]/D
  -------------------------------------------------------------------    -------------------

                         (clock core132 rise edge)    7.576     7.576 r  
                                                      0.000     7.576 r  clk (IN)
                         net (fo=18015, unset)        0.924     8.500    native_system/digital/serial/clk
    SLICE_X59Y87         FDCE                                         r  native_system/digital/serial/captured_reg[115]/C
                         clock pessimism              0.000     8.500    
                         clock uncertainty           -0.035     8.465    
    SLICE_X59Y87         FDCE (Setup_fdce_C_D)       -0.047     8.418    native_system/digital/serial/captured_reg[115]
  -------------------------------------------------------------------
                         required time                          8.418    
                         arrival time                         -15.441    
  -------------------------------------------------------------------
                         slack                                 -7.023    

Slack (VIOLATED) :        -7.023ns  (required time - arrival time)
  Source:                 native_system/digital/burst/accumulator_reg[11]_replica/C
                            (rising edge-triggered cell FDCE clocked by core132  {rise@0.000ns fall@3.788ns period=7.576ns})
  Destination:            native_system/digital/serial/captured_reg[112]/D
                            (rising edge-triggered cell FDCE clocked by core132  {rise@0.000ns fall@3.788ns period=7.576ns})
  Path Group:             core132
  Path Type:              Setup (Max at Slow Process Corner)
  Requirement:            7.576ns  (core132 rise@7.576ns - core132 rise@0.000ns)
  Data Path Delay:        14.546ns  (logic 7.373ns (50.687%)  route 7.173ns (49.313%))
  Logic Levels:           29  (CARRY4=18 LUT3=2 LUT4=1 LUT5=5 LUT6=3)
  Clock Path Skew:        -0.049ns (DCD - SCD + CPR)
    Destination Clock Delay (DCD):    0.924ns = ( 8.500 - 7.576 ) 
    Source Clock Delay      (SCD):    0.973ns
    Clock Pessimism Removal (CPR):    0.000ns
  Clock Uncertainty:      0.035ns  ((TSJ^2 + TIJ^2)^1/2 + DJ) / 2 + PE
    Total System Jitter     (TSJ):    0.071ns
    Total Input Jitter      (TIJ):    0.000ns
    Discrete Jitter          (DJ):    0.000ns
    Phase Error              (PE):    0.000ns

    Location             Delay type                Incr(ns)  Path(ns)    Netlist Resource(s)
  -------------------------------------------------------------------    -------------------
                         (clock core132 rise edge)    0.000     0.000 r  
                                                      0.000     0.000 r  clk (IN)
                         net (fo=18015, unset)        0.973     0.973    native_system/digital/burst/clk
    SLICE_X62Y75         FDCE                                         r  native_system/digital/burst/accumulator_reg[11]_replica/C
  -------------------------------------------------------------------    -------------------
    SLICE_X62Y75         FDCE (Prop_fdce_C_Q)         0.518     1.491 r  native_system/digital/burst/accumulator_reg[11]_replica/Q
                         net (fo=4, routed)           0.607     2.098    native_system/digital/burst/scaled[19]_repN
    SLICE_X64Y75                                                      r  native_system/digital/burst/commanded_waveform[127]_INST_0_i_329/I0
    SLICE_X64Y75         LUT3 (Prop_lut3_I0_O)        0.124     2.222 r  native_system/digital/burst/commanded_waveform[127]_INST_0_i_329/O
                         net (fo=3, routed)           0.511     2.732    native_system/digital/burst/commanded_waveform[127]_INST_0_i_329_n_0
    SLICE_X64Y75                                                      r  native_system/digital/burst/commanded_waveform[127]_INST_0_i_267/I4
    SLICE_X64Y75         LUT5 (Prop_lut5_I4_O)        0.124     2.856 r  native_system/digital/burst/commanded_waveform[127]_INST_0_i_267/O
                         net (fo=2, routed)           0.595     3.451    native_system/digital/burst/commanded_waveform[127]_INST_0_i_267_n_0
    SLICE_X61Y75                                                      r  native_system/digital/burst/commanded_waveform[127]_INST_0_i_271/I0
    SLICE_X61Y75         LUT6 (Prop_lut6_I0_O)        0.124     3.575 r  native_system/digital/burst/commanded_waveform[127]_INST_0_i_271/O
                         net (fo=1, routed)           0.000     3.575    native_system/digital/burst/commanded_waveform[127]_INST_0_i_271_n_0
    SLICE_X61Y75                                                      r  native_system/digital/burst/commanded_waveform[127]_INST_0_i_207/S[1]
    SLICE_X61Y75         CARRY4 (Prop_carry4_S[1]_CO[3])
                                                      0.550     4.125 r  native_system/digital/burst/commanded_waveform[127]_INST_0_i_207/CO[3]
                         net (fo=1, routed)           0.000     4.125    native_system/digital/burst/commanded_waveform[127]_INST_0_i_207_n_0
    SLICE_X61Y76                                                      r  native_system/digital/burst/commanded_waveform[127]_INST_0_i_153/CI
    SLICE_X61Y76         CARRY4 (Prop_carry4_CI_CO[3])
                                                      0.114     4.239 r  native_system/digital/burst/commanded_waveform[127]_INST_0_i_153/CO[3]
                         net (fo=1, routed)           0.000     4.239    native_system/digital/burst/commanded_waveform[127]_INST_0_i_153_n_0
    SLICE_X61Y77                                                      r  native_system/digital/burst/commanded_waveform[127]_INST_0_i_101/CI
    SLICE_X61Y77         CARRY4 (Prop_carry4_CI_CO[3])
                                                      0.114     4.353 r  native_system/digital/burst/commanded_waveform[127]_INST_0_i_101/CO[3]
                         net (fo=1, routed)           0.000     4.353    native_system/digital/burst/commanded_waveform[127]_INST_0_i_101_n_0
    SLICE_X61Y78                                                      r  native_system/digital/burst/commanded_waveform[127]_INST_0_i_66/CI
    SLICE_X61Y78         CARRY4 (Prop_carry4_CI_CO[3])
                                                      0.114     4.467 r  native_system/digital/burst/commanded_waveform[127]_INST_0_i_66/CO[3]
                         net (fo=1, routed)           0.000     4.467    native_system/digital/burst/commanded_waveform[127]_INST_0_i_66_n_0
    SLICE_X61Y79                                                      r  native_system/digital/burst/commanded_waveform[127]_INST_0_i_42/CI
    SLICE_X61Y79         CARRY4 (Prop_carry4_CI_CO[3])
                                                      0.114     4.581 r  native_system/digital/burst/commanded_waveform[127]_INST_0_i_42/CO[3]
                         net (fo=1, routed)           0.000     4.581    native_system/digital/burst/commanded_waveform[127]_INST_0_i_42_n_0
    SLICE_X61Y80                                                      r  native_system/digital/burst/commanded_waveform[127]_INST_0_i_40/CI
    SLICE_X61Y80         CARRY4 (Prop_carry4_CI_CO[3])
                                                      0.114     4.695 r  native_system/digital/burst/commanded_waveform[127]_INST_0_i_40/CO[3]
                         net (fo=1, routed)           0.000     4.695    native_system/digital/burst/commanded_waveform[127]_INST_0_i_40_n_0
    SLICE_X61Y81                                                      r  native_system/digital/burst/commanded_waveform[127]_INST_0_i_39/CI
    SLICE_X61Y81         CARRY4 (Prop_carry4_CI_O[1])
                                                      0.334     5.029 r  native_system/digital/burst/commanded_waveform[127]_INST_0_i_39/O[1]
                         net (fo=26, routed)          0.621     5.650    native_system/digital/burst/commanded_waveform[127]_INST_0_i_39_n_6
    SLICE_X64Y80                                                      r  native_system/digital/burst/commanded_waveform[127]_INST_0_i_368/I0
    SLICE_X64Y80         LUT3 (Prop_lut3_I0_O)        0.303     5.953 r  native_system/digital/burst/commanded_waveform[127]_INST_0_i_368/O
                         net (fo=1, routed)           0.689     6.642    native_system/digital/burst/commanded_waveform[127]_INST_0_i_368_n_0
    SLICE_X60Y79                                                      r  native_system/digital/burst/commanded_waveform[127]_INST_0_i_339/DI[2]
    SLICE_X60Y79         CARRY4 (Prop_carry4_DI[2]_CO[3])
                                                      0.398     7.040 r  native_system/digital/burst/commanded_waveform[127]_INST_0_i_339/CO[3]
                         net (fo=1, routed)           0.000     7.040    native_system/digital/burst/commanded_waveform[127]_INST_0_i_339_n_0
    SLICE_X60Y80                                                      r  native_system/digital/burst/commanded_waveform[127]_INST_0_i_295/CI
    SLICE_X60Y80         CARRY4 (Prop_carry4_CI_CO[3])
                                                      0.114     7.154 r  native_system/digital/burst/commanded_waveform[127]_INST_0_i_295/CO[3]
                         net (fo=1, routed)           0.000     7.154    native_system/digital/burst/commanded_waveform[127]_INST_0_i_295_n_0
    SLICE_X60Y81                                                      r  native_system/digital/burst/commanded_waveform[127]_INST_0_i_244/CI
    SLICE_X60Y81         CARRY4 (Prop_carry4_CI_CO[3])
                                                      0.114     7.268 r  native_system/digital/burst/commanded_waveform[127]_INST_0_i_244/CO[3]
                         net (fo=1, routed)           0.000     7.268    native_system/digital/burst/commanded_waveform[127]_INST_0_i_244_n_0
    SLICE_X60Y82                                                      r  native_system/digital/burst/commanded_waveform[127]_INST_0_i_239/CI
    SLICE_X60Y82         CARRY4 (Prop_carry4_CI_CO[1])
                                                      0.157     7.425 r  native_system/digital/burst/commanded_waveform[127]_INST_0_i_239/CO[1]
                         net (fo=2, routed)           0.832     8.257    native_system/digital/burst/commanded_waveform[127]_INST_0_i_239_n_2
    SLICE_X63Y81                                                      r  native_system/digital/burst/commanded_waveform[127]_INST_0_i_177/I3
    SLICE_X63Y81         LUT5 (Prop_lut5_I3_O)        0.329     8.586 r  native_system/digital/burst/commanded_waveform[127]_INST_0_i_177/O
                         net (fo=2, routed)           0.618     9.204    native_system/digital/burst/commanded_waveform[127]_INST_0_i_177_n_0
    SLICE_X57Y81                                                      r  native_system/digital/burst/commanded_waveform[127]_INST_0_i_181/I0
    SLICE_X57Y81         LUT5 (Prop_lut5_I0_O)        0.124     9.328 r  native_system/digital/burst/commanded_waveform[127]_INST_0_i_181/O
                         net (fo=1, routed)           0.000     9.328    native_system/digital/burst/commanded_waveform[127]_INST_0_i_181_n_0
    SLICE_X57Y81                                                      r  native_system/digital/burst/commanded_waveform[127]_INST_0_i_124/S[2]
    SLICE_X57Y81         CARRY4 (Prop_carry4_S[2]_CO[3])
                                                      0.398     9.726 r  native_system/digital/burst/commanded_waveform[127]_INST_0_i_124/CO[3]
                         net (fo=1, routed)           0.000     9.726    native_system/digital/burst/commanded_waveform[127]_INST_0_i_124_n_0
    SLICE_X57Y82                                                      r  native_system/digital/burst/commanded_waveform[127]_INST_0_i_84/CI
    SLICE_X57Y82         CARRY4 (Prop_carry4_CI_CO[3])
                                                      0.114     9.840 r  native_system/digital/burst/commanded_waveform[127]_INST_0_i_84/CO[3]
                         net (fo=1, routed)           0.000     9.840    native_system/digital/burst/commanded_waveform[127]_INST_0_i_84_n_0
    SLICE_X57Y83                                                      r  native_system/digital/burst/commanded_waveform[127]_INST_0_i_50/CI
    SLICE_X57Y83         CARRY4 (Prop_carry4_CI_O[1])
                                                      0.334    10.174 r  native_system/digital/burst/commanded_waveform[127]_INST_0_i_50/O[1]
                         net (fo=3, routed)           0.649    10.823    native_system/digital/burst/commanded_waveform[127]_INST_0_i_50_n_6
    SLICE_X56Y81                                                      r  native_system/digital/burst/commanded_waveform[127]_INST_0_i_80/I1
    SLICE_X56Y81         LUT4 (Prop_lut4_I1_O)        0.303    11.126 r  native_system/digital/burst/commanded_waveform[127]_INST_0_i_80/O
                         net (fo=1, routed)           0.000    11.126    native_system/digital/burst/commanded_waveform[127]_INST_0_i_80_n_0
    SLICE_X56Y81                                                      r  native_system/digital/burst/commanded_waveform[127]_INST_0_i_43/S[3]
    SLICE_X56Y81         CARRY4 (Prop_carry4_S[3]_CO[3])
                                                      0.401    11.527 r  native_system/digital/burst/commanded_waveform[127]_INST_0_i_43/CO[3]
                         net (fo=1, routed)           0.000    11.527    native_system/digital/burst/commanded_waveform[127]_INST_0_i_43_n_0
    SLICE_X56Y82                                                      r  native_system/digital/burst/commanded_waveform[127]_INST_0_i_37/CI
    SLICE_X56Y82         CARRY4 (Prop_carry4_CI_CO[2])
                                                      0.228    11.755 r  native_system/digital/burst/commanded_waveform[127]_INST_0_i_37/CO[2]
                         net (fo=8, routed)           0.554    12.309    native_system/digital/burst/commanded_waveform[127]_INST_0_i_37_n_1
    SLICE_X55Y82                                                      r  native_system/digital/burst/commanded_waveform[127]_INST_0_i_35/I1
    SLICE_X55Y82         LUT6 (Prop_lut6_I1_O)        0.313    12.622 r  native_system/digital/burst/commanded_waveform[127]_INST_0_i_35/O
                         net (fo=1, routed)           0.000    12.622    native_system/digital/burst/commanded_waveform[127]_INST_0_i_35_n_0
    SLICE_X55Y82                                                      r  native_system/digital/burst/commanded_waveform[127]_INST_0_i_23/S[0]
    SLICE_X55Y82         CARRY4 (Prop_carry4_S[0]_CO[3])
                                                      0.532    13.154 r  native_system/digital/burst/commanded_waveform[127]_INST_0_i_23/CO[3]
                         net (fo=1, routed)           0.000    13.154    native_system/digital/burst/commanded_waveform[127]_INST_0_i_23_n_0
    SLICE_X55Y83                                                      r  native_system/digital/burst/commanded_waveform[127]_INST_0_i_17/CI
    SLICE_X55Y83         CARRY4 (Prop_carry4_CI_O[3])
                                                      0.313    13.467 f  native_system/digital/burst/commanded_waveform[127]_INST_0_i_17/O[3]
                         net (fo=1, routed)           0.295    13.762    native_system/digital/burst/phase[7]
    SLICE_X55Y85                                                      f  native_system/digital/burst/commanded_waveform[127]_INST_0_i_11/I0
    SLICE_X55Y85         LUT5 (Prop_lut5_I0_O)        0.306    14.068 r  native_system/digital/burst/commanded_waveform[127]_INST_0_i_11/O
                         net (fo=10, routed)          0.527    14.595    native_system/digital/scheduler/commanded_waveform3
    SLICE_X59Y86                                                      r  native_system/digital/scheduler/commanded_waveform[126]_INST_0_i_2/I4
    SLICE_X59Y86         LUT6 (Prop_lut6_I4_O)        0.124    14.719 r  native_system/digital/scheduler/commanded_waveform[126]_INST_0_i_2/O
                         net (fo=16, routed)          0.676    15.395    native_system/digital/bank/captured_reg[96]_0
    SLICE_X64Y85                                                      r  native_system/digital/bank/commanded_waveform[112]_INST_0/I3
    SLICE_X64Y85         LUT5 (Prop_lut5_I3_O)        0.124    15.519 r  native_system/digital/bank/commanded_waveform[112]_INST_0/O
                         net (fo=1, routed)           0.000    15.519    native_system/digital/serial/commanded_waveform[112]
    SLICE_X64Y85         FDCE                                         r  native_system/digital/serial/captured_reg[112]/D
  -------------------------------------------------------------------    -------------------

                         (clock core132 rise edge)    7.576     7.576 r  
                                                      0.000     7.576 r  clk (IN)
                         net (fo=18015, unset)        0.924     8.500    native_system/digital/serial/clk
    SLICE_X64Y85         FDCE                                         r  native_system/digital/serial/captured_reg[112]/C
                         clock pessimism              0.000     8.500    
                         clock uncertainty           -0.035     8.465    
    SLICE_X64Y85         FDCE (Setup_fdce_C_D)        0.031     8.496    native_system/digital/serial/captured_reg[112]
  -------------------------------------------------------------------
                         required time                          8.496    
                         arrival time                         -15.519    
  -------------------------------------------------------------------
                         slack                                 -7.023    




