Copyright 1986-2022 Xilinx, Inc. All Rights Reserved. Copyright 2022-2025 Advanced Micro Devices, Inc. All Rights Reserved.
--------------------------------------------------------------------------------------------------------------------------------------------------------------------------------------------------------------------------
| Tool Version : Vivado v.2025.2 (win64) Build 6299465 Fri Nov 14 19:35:11 GMT 2025
| Date         : Tue Sep 29 13:24:21 2026
| Host         : loverlike running 64-bit major release  (build 9200)
| Command      : report_timing -max_paths 20 -nworst 1 -path_type full_clock_expanded -input_pins -nets -file E:/Codex_project/AMD-SonoField-FPGA/v2/evidence/core_timing_real_loop/baseline/synthesis/critical_paths.rpt
| Design       : sono_axi_system
| Device       : 7z020-clg400
| Speed File   : -1  PRODUCTION 1.12 2019-11-22
| Design State : Synthesized
--------------------------------------------------------------------------------------------------------------------------------------------------------------------------------------------------------------------------

Timing Report

Slack (VIOLATED) :        -8.128ns  (required time - arrival time)
  Source:                 native_system/digital/carrier_acc_reg[7]/C
                            (rising edge-triggered cell FDCE clocked by core132  {rise@0.000ns fall@3.788ns period=7.576ns})
  Destination:            native_system/digital/serial/bit_index_reg[0]/CE
                            (rising edge-triggered cell FDCE clocked by core132  {rise@0.000ns fall@3.788ns period=7.576ns})
  Path Group:             core132
  Path Type:              Setup (Max at Slow Process Corner)
  Requirement:            7.576ns  (core132 rise@7.576ns - core132 rise@0.000ns)
  Data Path Delay:        15.451ns  (logic 6.396ns (41.395%)  route 9.055ns (58.605%))
  Logic Levels:           24  (CARRY4=11 LUT2=2 LUT3=3 LUT4=1 LUT5=4 LUT6=3)
  Clock Path Skew:        -0.049ns (DCD - SCD + CPR)
    Destination Clock Delay (DCD):    0.924ns = ( 8.500 - 7.576 ) 
    Source Clock Delay      (SCD):    0.973ns
    Clock Pessimism Removal (CPR):    0.000ns
  Clock Uncertainty:      0.035ns  ((TSJ^2 + TIJ^2)^1/2 + DJ) / 2 + PE
    Total System Jitter     (TSJ):    0.071ns
    Total Input Jitter      (TIJ):    0.000ns
    Discrete Jitter          (DJ):    0.000ns
    Phase Error              (PE):    0.000ns

    Location             Delay type                Incr(ns)  Path(ns)    Netlist Resource(s)
  -------------------------------------------------------------------    -------------------
                         (clock core132 rise edge)    0.000     0.000 r  
                                                      0.000     0.000 r  clk (IN)
                         net (fo=18003, unset)        0.973     0.973    native_system/digital/clk
                         FDCE                                         r  native_system/digital/carrier_acc_reg[7]/C
  -------------------------------------------------------------------    -------------------
                         FDCE (Prop_fdce_C_Q)         0.518     1.491 r  native_system/digital/carrier_acc_reg[7]/Q
                         net (fo=15, unplaced)        0.794     2.285    native_system/digital/serial/previous_phase_reg[3][7]
                                                                      r  native_system/digital/serial/previous_phase[1]_i_76/I0
                         LUT3 (Prop_lut3_I0_O)        0.319     2.604 f  native_system/digital/serial/previous_phase[1]_i_76/O
                         net (fo=3, unplaced)         0.467     3.071    native_system/digital/serial/previous_phase[1]_i_76_n_0
                                                                      f  native_system/digital/serial/previous_phase[1]_i_55/I0
                         LUT5 (Prop_lut5_I0_O)        0.124     3.195 r  native_system/digital/serial/previous_phase[1]_i_55/O
                         net (fo=2, unplaced)         0.650     3.845    native_system/digital/serial/previous_phase[1]_i_55_n_0
                                                                      r  native_system/digital/serial/previous_phase_reg[1]_i_39/DI[1]
                         CARRY4 (Prop_carry4_DI[1]_CO[3])
                                                      0.520     4.365 r  native_system/digital/serial/previous_phase_reg[1]_i_39/CO[3]
                         net (fo=1, unplaced)         0.000     4.365    native_system/digital/serial/previous_phase_reg[1]_i_39_n_0
                                                                      r  native_system/digital/serial/previous_phase_reg[1]_i_26/CI
                         CARRY4 (Prop_carry4_CI_CO[3])
                                                      0.117     4.482 r  native_system/digital/serial/previous_phase_reg[1]_i_26/CO[3]
                         net (fo=1, unplaced)         0.000     4.482    native_system/digital/serial/previous_phase_reg[1]_i_26_n_0
                                                                      r  native_system/digital/serial/previous_phase_reg[1]_i_12/CI
                         CARRY4 (Prop_carry4_CI_CO[3])
                                                      0.117     4.599 r  native_system/digital/serial/previous_phase_reg[1]_i_12/CO[3]
                         net (fo=1, unplaced)         0.000     4.599    native_system/digital/serial/previous_phase_reg[1]_i_12_n_0
                                                                      r  native_system/digital/serial/previous_phase_reg[1]_i_3/CI
                         CARRY4 (Prop_carry4_CI_CO[3])
                                                      0.117     4.716 r  native_system/digital/serial/previous_phase_reg[1]_i_3/CO[3]
                         net (fo=1, unplaced)         0.000     4.716    native_system/digital/serial/previous_phase_reg[1]_i_3_n_0
                                                                      r  native_system/digital/serial/previous_phase_reg[1]_i_2/CI
                         CARRY4 (Prop_carry4_CI_O[2])
                                                      0.256     4.972 r  native_system/digital/serial/previous_phase_reg[1]_i_2/O[2]
                         net (fo=25, unplaced)        0.970     5.942    native_system/digital/serial/previous_phase_reg[1]_i_2_n_5
                                                                      r  native_system/digital/serial/previous_phase[7]_i_190/I2
                         LUT3 (Prop_lut3_I2_O)        0.301     6.243 r  native_system/digital/serial/previous_phase[7]_i_190/O
                         net (fo=2, unplaced)         0.460     6.703    native_system/digital/serial/previous_phase[7]_i_190_n_0
                                                                      r  native_system/digital/serial/previous_phase[7]_i_193/I3
                         LUT4 (Prop_lut4_I3_O)        0.124     6.827 r  native_system/digital/serial/previous_phase[7]_i_193/O
                         net (fo=1, unplaced)         0.000     6.827    native_system/digital/serial/previous_phase[7]_i_193_n_0
                                                                      r  native_system/digital/serial/previous_phase_reg[7]_i_141/S[3]
                         CARRY4 (Prop_carry4_S[3]_CO[3])
                                                      0.376     7.203 r  native_system/digital/serial/previous_phase_reg[7]_i_141/CO[3]
                         net (fo=1, unplaced)         0.009     7.212    native_system/digital/serial/previous_phase_reg[7]_i_141_n_0
                                                                      r  native_system/digital/serial/previous_phase_reg[7]_i_98/CI
                         CARRY4 (Prop_carry4_CI_O[1])
                                                      0.337     7.549 r  native_system/digital/serial/previous_phase_reg[7]_i_98/O[1]
                         net (fo=4, unplaced)         0.635     8.184    native_system/digital/serial/previous_phase_reg[7]_i_98_n_6
                                                                      r  native_system/digital/serial/previous_phase[7]_i_140/I0
                         LUT3 (Prop_lut3_I0_O)        0.306     8.490 r  native_system/digital/serial/previous_phase[7]_i_140/O
                         net (fo=1, unplaced)         0.419     8.909    native_system/digital/serial/previous_phase[7]_i_140_n_0
                                                                      r  native_system/digital/serial/previous_phase[7]_i_90/I4
                         LUT5 (Prop_lut5_I4_O)        0.124     9.033 r  native_system/digital/serial/previous_phase[7]_i_90/O
                         net (fo=2, unplaced)         0.460     9.493    native_system/digital/serial/previous_phase[7]_i_90_n_0
                                                                      r  native_system/digital/serial/previous_phase[7]_i_94/I0
                         LUT5 (Prop_lut5_I0_O)        0.124     9.617 r  native_system/digital/serial/previous_phase[7]_i_94/O
                         net (fo=1, unplaced)         0.000     9.617    native_system/digital/serial/previous_phase[7]_i_94_n_0
                                                                      r  native_system/digital/serial/previous_phase_reg[7]_i_52/S[2]
                         CARRY4 (Prop_carry4_S[2]_CO[3])
                                                      0.380     9.997 r  native_system/digital/serial/previous_phase_reg[7]_i_52/CO[3]
                         net (fo=1, unplaced)         0.000     9.997    native_system/digital/serial/previous_phase_reg[7]_i_52_n_0
                                                                      r  native_system/digital/serial/previous_phase_reg[7]_i_29/CI
                         CARRY4 (Prop_carry4_CI_O[3])
                                                      0.331    10.328 r  native_system/digital/serial/previous_phase_reg[7]_i_29/O[3]
                         net (fo=3, unplaced)         0.636    10.964    native_system/digital/serial/previous_phase_reg[7]_i_29_n_4
                                                                      r  native_system/digital/serial/previous_phase[7]_i_23/I0
                         LUT2 (Prop_lut2_I0_O)        0.300    11.264 r  native_system/digital/serial/previous_phase[7]_i_23/O
                         net (fo=1, unplaced)         0.000    11.264    native_system/digital/serial/previous_phase[7]_i_23_n_0
                                                                      r  native_system/digital/serial/previous_phase_reg[7]_i_9/DI[1]
                         CARRY4 (Prop_carry4_DI[1]_CO[3])
                                                      0.547    11.811 r  native_system/digital/serial/previous_phase_reg[7]_i_9/CO[3]
                         net (fo=1, unplaced)         0.000    11.811    native_system/digital/serial/previous_phase_reg[7]_i_9_n_0
                                                                      r  native_system/digital/serial/previous_phase_reg[7]_i_3/CI
                         CARRY4 (Prop_carry4_CI_CO[2])
                                                      0.252    12.063 r  native_system/digital/serial/previous_phase_reg[7]_i_3/CO[2]
                         net (fo=11, unplaced)        0.498    12.561    native_system/digital/serial/previous_phase_reg[7]_i_3_n_1
                                                                      r  native_system/digital/serial/previous_phase[3]_i_1/I1
                         LUT5 (Prop_lut5_I1_O)        0.310    12.871 r  native_system/digital/serial/previous_phase[3]_i_1/O
                         net (fo=258, unplaced)       1.025    13.896    native_system/digital/serial/D[3]
                                                                      r  native_system/digital/serial/captured[127]_i_4/I0
                         LUT6 (Prop_lut6_I0_O)        0.124    14.020 r  native_system/digital/serial/captured[127]_i_4/O
                         net (fo=1, unplaced)         0.449    14.469    native_system/digital/serial/captured[127]_i_4_n_0
                                                                      r  native_system/digital/serial/captured[127]_i_2/I1
                         LUT6 (Prop_lut6_I1_O)        0.124    14.593 r  native_system/digital/serial/captured[127]_i_2/O
                         net (fo=3, unplaced)         0.467    15.060    native_system/digital/serial/tick
                                                                      r  native_system/digital/serial/captured[127]_i_1/I0
                         LUT2 (Prop_lut2_I0_O)        0.124    15.184 r  native_system/digital/serial/captured[127]_i_1/O
                         net (fo=131, unplaced)       0.555    15.739    native_system/digital/serial/captured[0]
                                                                      r  native_system/digital/serial/serial_data[31]_i_1/I0
                         LUT6 (Prop_lut6_I0_O)        0.124    15.863 r  native_system/digital/serial/serial_data[31]_i_1/O
                         net (fo=64, unplaced)        0.561    16.424    native_system/digital/serial/serial_data[31]_i_1_n_0
                         FDCE                                         r  native_system/digital/serial/bit_index_reg[0]/CE
  -------------------------------------------------------------------    -------------------

                         (clock core132 rise edge)    7.576     7.576 r  
                                                      0.000     7.576 r  clk (IN)
                         net (fo=18003, unset)        0.924     8.500    native_system/digital/serial/clk
                         FDCE                                         r  native_system/digital/serial/bit_index_reg[0]/C
                         clock pessimism              0.000     8.500    
                         clock uncertainty           -0.035     8.465    
                         FDCE (Setup_fdce_C_CE)      -0.169     8.296    native_system/digital/serial/bit_index_reg[0]
  -------------------------------------------------------------------
                         required time                          8.296    
                         arrival time                         -16.424    
  -------------------------------------------------------------------
                         slack                                 -8.128    

Slack (VIOLATED) :        -8.128ns  (required time - arrival time)
  Source:                 native_system/digital/carrier_acc_reg[7]/C
                            (rising edge-triggered cell FDCE clocked by core132  {rise@0.000ns fall@3.788ns period=7.576ns})
  Destination:            native_system/digital/serial/bit_index_reg[10]/CE
                            (rising edge-triggered cell FDCE clocked by core132  {rise@0.000ns fall@3.788ns period=7.576ns})
  Path Group:             core132
  Path Type:              Setup (Max at Slow Process Corner)
  Requirement:            7.576ns  (core132 rise@7.576ns - core132 rise@0.000ns)
  Data Path Delay:        15.451ns  (logic 6.396ns (41.395%)  route 9.055ns (58.605%))
  Logic Levels:           24  (CARRY4=11 LUT2=2 LUT3=3 LUT4=1 LUT5=4 LUT6=3)
  Clock Path Skew:        -0.049ns (DCD - SCD + CPR)
    Destination Clock Delay (DCD):    0.924ns = ( 8.500 - 7.576 ) 
    Source Clock Delay      (SCD):    0.973ns
    Clock Pessimism Removal (CPR):    0.000ns
  Clock Uncertainty:      0.035ns  ((TSJ^2 + TIJ^2)^1/2 + DJ) / 2 + PE
    Total System Jitter     (TSJ):    0.071ns
    Total Input Jitter      (TIJ):    0.000ns
    Discrete Jitter          (DJ):    0.000ns
    Phase Error              (PE):    0.000ns

    Location             Delay type                Incr(ns)  Path(ns)    Netlist Resource(s)
  -------------------------------------------------------------------    -------------------
                         (clock core132 rise edge)    0.000     0.000 r  
                                                      0.000     0.000 r  clk (IN)
                         net (fo=18003, unset)        0.973     0.973    native_system/digital/clk
                         FDCE                                         r  native_system/digital/carrier_acc_reg[7]/C
  -------------------------------------------------------------------    -------------------
                         FDCE (Prop_fdce_C_Q)         0.518     1.491 r  native_system/digital/carrier_acc_reg[7]/Q
                         net (fo=15, unplaced)        0.794     2.285    native_system/digital/serial/previous_phase_reg[3][7]
                                                                      r  native_system/digital/serial/previous_phase[1]_i_76/I0
                         LUT3 (Prop_lut3_I0_O)        0.319     2.604 f  native_system/digital/serial/previous_phase[1]_i_76/O
                         net (fo=3, unplaced)         0.467     3.071    native_system/digital/serial/previous_phase[1]_i_76_n_0
                                                                      f  native_system/digital/serial/previous_phase[1]_i_55/I0
                         LUT5 (Prop_lut5_I0_O)        0.124     3.195 r  native_system/digital/serial/previous_phase[1]_i_55/O
                         net (fo=2, unplaced)         0.650     3.845    native_system/digital/serial/previous_phase[1]_i_55_n_0
                                                                      r  native_system/digital/serial/previous_phase_reg[1]_i_39/DI[1]
                         CARRY4 (Prop_carry4_DI[1]_CO[3])
                                                      0.520     4.365 r  native_system/digital/serial/previous_phase_reg[1]_i_39/CO[3]
                         net (fo=1, unplaced)         0.000     4.365    native_system/digital/serial/previous_phase_reg[1]_i_39_n_0
                                                                      r  native_system/digital/serial/previous_phase_reg[1]_i_26/CI
                         CARRY4 (Prop_carry4_CI_CO[3])
                                                      0.117     4.482 r  native_system/digital/serial/previous_phase_reg[1]_i_26/CO[3]
                         net (fo=1, unplaced)         0.000     4.482    native_system/digital/serial/previous_phase_reg[1]_i_26_n_0
                                                                      r  native_system/digital/serial/previous_phase_reg[1]_i_12/CI
                         CARRY4 (Prop_carry4_CI_CO[3])
                                                      0.117     4.599 r  native_system/digital/serial/previous_phase_reg[1]_i_12/CO[3]
                         net (fo=1, unplaced)         0.000     4.599    native_system/digital/serial/previous_phase_reg[1]_i_12_n_0
                                                                      r  native_system/digital/serial/previous_phase_reg[1]_i_3/CI
                         CARRY4 (Prop_carry4_CI_CO[3])
                                                      0.117     4.716 r  native_system/digital/serial/previous_phase_reg[1]_i_3/CO[3]
                         net (fo=1, unplaced)         0.000     4.716    native_system/digital/serial/previous_phase_reg[1]_i_3_n_0
                                                                      r  native_system/digital/serial/previous_phase_reg[1]_i_2/CI
                         CARRY4 (Prop_carry4_CI_O[2])
                                                      0.256     4.972 r  native_system/digital/serial/previous_phase_reg[1]_i_2/O[2]
                         net (fo=25, unplaced)        0.970     5.942    native_system/digital/serial/previous_phase_reg[1]_i_2_n_5
                                                                      r  native_system/digital/serial/previous_phase[7]_i_190/I2
                         LUT3 (Prop_lut3_I2_O)        0.301     6.243 r  native_system/digital/serial/previous_phase[7]_i_190/O
                         net (fo=2, unplaced)         0.460     6.703    native_system/digital/serial/previous_phase[7]_i_190_n_0
                                                                      r  native_system/digital/serial/previous_phase[7]_i_193/I3
                         LUT4 (Prop_lut4_I3_O)        0.124     6.827 r  native_system/digital/serial/previous_phase[7]_i_193/O
                         net (fo=1, unplaced)         0.000     6.827    native_system/digital/serial/previous_phase[7]_i_193_n_0
                                                                      r  native_system/digital/serial/previous_phase_reg[7]_i_141/S[3]
                         CARRY4 (Prop_carry4_S[3]_CO[3])
                                                      0.376     7.203 r  native_system/digital/serial/previous_phase_reg[7]_i_141/CO[3]
                         net (fo=1, unplaced)         0.009     7.212    native_system/digital/serial/previous_phase_reg[7]_i_141_n_0
                                                                      r  native_system/digital/serial/previous_phase_reg[7]_i_98/CI
                         CARRY4 (Prop_carry4_CI_O[1])
                                                      0.337     7.549 r  native_system/digital/serial/previous_phase_reg[7]_i_98/O[1]
                         net (fo=4, unplaced)         0.635     8.184    native_system/digital/serial/previous_phase_reg[7]_i_98_n_6
                                                                      r  native_system/digital/serial/previous_phase[7]_i_140/I0
                         LUT3 (Prop_lut3_I0_O)        0.306     8.490 r  native_system/digital/serial/previous_phase[7]_i_140/O
                         net (fo=1, unplaced)         0.419     8.909    native_system/digital/serial/previous_phase[7]_i_140_n_0
                                                                      r  native_system/digital/serial/previous_phase[7]_i_90/I4
                         LUT5 (Prop_lut5_I4_O)        0.124     9.033 r  native_system/digital/serial/previous_phase[7]_i_90/O
                         net (fo=2, unplaced)         0.460     9.493    native_system/digital/serial/previous_phase[7]_i_90_n_0
                                                                      r  native_system/digital/serial/previous_phase[7]_i_94/I0
                         LUT5 (Prop_lut5_I0_O)        0.124     9.617 r  native_system/digital/serial/previous_phase[7]_i_94/O
                         net (fo=1, unplaced)         0.000     9.617    native_system/digital/serial/previous_phase[7]_i_94_n_0
                                                                      r  native_system/digital/serial/previous_phase_reg[7]_i_52/S[2]
                         CARRY4 (Prop_carry4_S[2]_CO[3])
                                                      0.380     9.997 r  native_system/digital/serial/previous_phase_reg[7]_i_52/CO[3]
                         net (fo=1, unplaced)         0.000     9.997    native_system/digital/serial/previous_phase_reg[7]_i_52_n_0
                                                                      r  native_system/digital/serial/previous_phase_reg[7]_i_29/CI
                         CARRY4 (Prop_carry4_CI_O[3])
                                                      0.331    10.328 r  native_system/digital/serial/previous_phase_reg[7]_i_29/O[3]
                         net (fo=3, unplaced)         0.636    10.964    native_system/digital/serial/previous_phase_reg[7]_i_29_n_4
                                                                      r  native_system/digital/serial/previous_phase[7]_i_23/I0
                         LUT2 (Prop_lut2_I0_O)        0.300    11.264 r  native_system/digital/serial/previous_phase[7]_i_23/O
                         net (fo=1, unplaced)         0.000    11.264    native_system/digital/serial/previous_phase[7]_i_23_n_0
                                                                      r  native_system/digital/serial/previous_phase_reg[7]_i_9/DI[1]
                         CARRY4 (Prop_carry4_DI[1]_CO[3])
                                                      0.547    11.811 r  native_system/digital/serial/previous_phase_reg[7]_i_9/CO[3]
                         net (fo=1, unplaced)         0.000    11.811    native_system/digital/serial/previous_phase_reg[7]_i_9_n_0
                                                                      r  native_system/digital/serial/previous_phase_reg[7]_i_3/CI
                         CARRY4 (Prop_carry4_CI_CO[2])
                                                      0.252    12.063 r  native_system/digital/serial/previous_phase_reg[7]_i_3/CO[2]
                         net (fo=11, unplaced)        0.498    12.561    native_system/digital/serial/previous_phase_reg[7]_i_3_n_1
                                                                      r  native_system/digital/serial/previous_phase[3]_i_1/I1
                         LUT5 (Prop_lut5_I1_O)        0.310    12.871 r  native_system/digital/serial/previous_phase[3]_i_1/O
                         net (fo=258, unplaced)       1.025    13.896    native_system/digital/serial/D[3]
                                                                      r  native_system/digital/serial/captured[127]_i_4/I0
                         LUT6 (Prop_lut6_I0_O)        0.124    14.020 r  native_system/digital/serial/captured[127]_i_4/O
                         net (fo=1, unplaced)         0.449    14.469    native_system/digital/serial/captured[127]_i_4_n_0
                                                                      r  native_system/digital/serial/captured[127]_i_2/I1
                         LUT6 (Prop_lut6_I1_O)        0.124    14.593 r  native_system/digital/serial/captured[127]_i_2/O
                         net (fo=3, unplaced)         0.467    15.060    native_system/digital/serial/tick
                                                                      r  native_system/digital/serial/captured[127]_i_1/I0
                         LUT2 (Prop_lut2_I0_O)        0.124    15.184 r  native_system/digital/serial/captured[127]_i_1/O
                         net (fo=131, unplaced)       0.555    15.739    native_system/digital/serial/captured[0]
                                                                      r  native_system/digital/serial/serial_data[31]_i_1/I0
                         LUT6 (Prop_lut6_I0_O)        0.124    15.863 r  native_system/digital/serial/serial_data[31]_i_1/O
                         net (fo=64, unplaced)        0.561    16.424    native_system/digital/serial/serial_data[31]_i_1_n_0
                         FDCE                                         r  native_system/digital/serial/bit_index_reg[10]/CE
  -------------------------------------------------------------------    -------------------

                         (clock core132 rise edge)    7.576     7.576 r  
                                                      0.000     7.576 r  clk (IN)
                         net (fo=18003, unset)        0.924     8.500    native_system/digital/serial/clk
                         FDCE                                         r  native_system/digital/serial/bit_index_reg[10]/C
                         clock pessimism              0.000     8.500    
                         clock uncertainty           -0.035     8.465    
                         FDCE (Setup_fdce_C_CE)      -0.169     8.296    native_system/digital/serial/bit_index_reg[10]
  -------------------------------------------------------------------
                         required time                          8.296    
                         arrival time                         -16.424    
  -------------------------------------------------------------------
                         slack                                 -8.128    

Slack (VIOLATED) :        -8.128ns  (required time - arrival time)
  Source:                 native_system/digital/carrier_acc_reg[7]/C
                            (rising edge-triggered cell FDCE clocked by core132  {rise@0.000ns fall@3.788ns period=7.576ns})
  Destination:            native_system/digital/serial/bit_index_reg[11]/CE
                            (rising edge-triggered cell FDCE clocked by core132  {rise@0.000ns fall@3.788ns period=7.576ns})
  Path Group:             core132
  Path Type:              Setup (Max at Slow Process Corner)
  Requirement:            7.576ns  (core132 rise@7.576ns - core132 rise@0.000ns)
  Data Path Delay:        15.451ns  (logic 6.396ns (41.395%)  route 9.055ns (58.605%))
  Logic Levels:           24  (CARRY4=11 LUT2=2 LUT3=3 LUT4=1 LUT5=4 LUT6=3)
  Clock Path Skew:        -0.049ns (DCD - SCD + CPR)
    Destination Clock Delay (DCD):    0.924ns = ( 8.500 - 7.576 ) 
    Source Clock Delay      (SCD):    0.973ns
    Clock Pessimism Removal (CPR):    0.000ns
  Clock Uncertainty:      0.035ns  ((TSJ^2 + TIJ^2)^1/2 + DJ) / 2 + PE
    Total System Jitter     (TSJ):    0.071ns
    Total Input Jitter      (TIJ):    0.000ns
    Discrete Jitter          (DJ):    0.000ns
    Phase Error              (PE):    0.000ns

    Location             Delay type                Incr(ns)  Path(ns)    Netlist Resource(s)
  -------------------------------------------------------------------    -------------------
                         (clock core132 rise edge)    0.000     0.000 r  
                                                      0.000     0.000 r  clk (IN)
                         net (fo=18003, unset)        0.973     0.973    native_system/digital/clk
                         FDCE                                         r  native_system/digital/carrier_acc_reg[7]/C
  -------------------------------------------------------------------    -------------------
                         FDCE (Prop_fdce_C_Q)         0.518     1.491 r  native_system/digital/carrier_acc_reg[7]/Q
                         net (fo=15, unplaced)        0.794     2.285    native_system/digital/serial/previous_phase_reg[3][7]
                                                                      r  native_system/digital/serial/previous_phase[1]_i_76/I0
                         LUT3 (Prop_lut3_I0_O)        0.319     2.604 f  native_system/digital/serial/previous_phase[1]_i_76/O
                         net (fo=3, unplaced)         0.467     3.071    native_system/digital/serial/previous_phase[1]_i_76_n_0
                                                                      f  native_system/digital/serial/previous_phase[1]_i_55/I0
                         LUT5 (Prop_lut5_I0_O)        0.124     3.195 r  native_system/digital/serial/previous_phase[1]_i_55/O
                         net (fo=2, unplaced)         0.650     3.845    native_system/digital/serial/previous_phase[1]_i_55_n_0
                                                                      r  native_system/digital/serial/previous_phase_reg[1]_i_39/DI[1]
                         CARRY4 (Prop_carry4_DI[1]_CO[3])
                                                      0.520     4.365 r  native_system/digital/serial/previous_phase_reg[1]_i_39/CO[3]
                         net (fo=1, unplaced)         0.000     4.365    native_system/digital/serial/previous_phase_reg[1]_i_39_n_0
                                                                      r  native_system/digital/serial/previous_phase_reg[1]_i_26/CI
                         CARRY4 (Prop_carry4_CI_CO[3])
                                                      0.117     4.482 r  native_system/digital/serial/previous_phase_reg[1]_i_26/CO[3]
                         net (fo=1, unplaced)         0.000     4.482    native_system/digital/serial/previous_phase_reg[1]_i_26_n_0
                                                                      r  native_system/digital/serial/previous_phase_reg[1]_i_12/CI
                         CARRY4 (Prop_carry4_CI_CO[3])
                                                      0.117     4.599 r  native_system/digital/serial/previous_phase_reg[1]_i_12/CO[3]
                         net (fo=1, unplaced)         0.000     4.599    native_system/digital/serial/previous_phase_reg[1]_i_12_n_0
                                                                      r  native_system/digital/serial/previous_phase_reg[1]_i_3/CI
                         CARRY4 (Prop_carry4_CI_CO[3])
                                                      0.117     4.716 r  native_system/digital/serial/previous_phase_reg[1]_i_3/CO[3]
                         net (fo=1, unplaced)         0.000     4.716    native_system/digital/serial/previous_phase_reg[1]_i_3_n_0
                                                                      r  native_system/digital/serial/previous_phase_reg[1]_i_2/CI
                         CARRY4 (Prop_carry4_CI_O[2])
                                                      0.256     4.972 r  native_system/digital/serial/previous_phase_reg[1]_i_2/O[2]
                         net (fo=25, unplaced)        0.970     5.942    native_system/digital/serial/previous_phase_reg[1]_i_2_n_5
                                                                      r  native_system/digital/serial/previous_phase[7]_i_190/I2
                         LUT3 (Prop_lut3_I2_O)        0.301     6.243 r  native_system/digital/serial/previous_phase[7]_i_190/O
                         net (fo=2, unplaced)         0.460     6.703    native_system/digital/serial/previous_phase[7]_i_190_n_0
                                                                      r  native_system/digital/serial/previous_phase[7]_i_193/I3
                         LUT4 (Prop_lut4_I3_O)        0.124     6.827 r  native_system/digital/serial/previous_phase[7]_i_193/O
                         net (fo=1, unplaced)         0.000     6.827    native_system/digital/serial/previous_phase[7]_i_193_n_0
                                                                      r  native_system/digital/serial/previous_phase_reg[7]_i_141/S[3]
                         CARRY4 (Prop_carry4_S[3]_CO[3])
                                                      0.376     7.203 r  native_system/digital/serial/previous_phase_reg[7]_i_141/CO[3]
                         net (fo=1, unplaced)         0.009     7.212    native_system/digital/serial/previous_phase_reg[7]_i_141_n_0
                                                                      r  native_system/digital/serial/previous_phase_reg[7]_i_98/CI
                         CARRY4 (Prop_carry4_CI_O[1])
                                                      0.337     7.549 r  native_system/digital/serial/previous_phase_reg[7]_i_98/O[1]
                         net (fo=4, unplaced)         0.635     8.184    native_system/digital/serial/previous_phase_reg[7]_i_98_n_6
                                                                      r  native_system/digital/serial/previous_phase[7]_i_140/I0
                         LUT3 (Prop_lut3_I0_O)        0.306     8.490 r  native_system/digital/serial/previous_phase[7]_i_140/O
                         net (fo=1, unplaced)         0.419     8.909    native_system/digital/serial/previous_phase[7]_i_140_n_0
                                                                      r  native_system/digital/serial/previous_phase[7]_i_90/I4
                         LUT5 (Prop_lut5_I4_O)        0.124     9.033 r  native_system/digital/serial/previous_phase[7]_i_90/O
                         net (fo=2, unplaced)         0.460     9.493    native_system/digital/serial/previous_phase[7]_i_90_n_0
                                                                      r  native_system/digital/serial/previous_phase[7]_i_94/I0
                         LUT5 (Prop_lut5_I0_O)        0.124     9.617 r  native_system/digital/serial/previous_phase[7]_i_94/O
                         net (fo=1, unplaced)         0.000     9.617    native_system/digital/serial/previous_phase[7]_i_94_n_0
                                                                      r  native_system/digital/serial/previous_phase_reg[7]_i_52/S[2]
                         CARRY4 (Prop_carry4_S[2]_CO[3])
                                                      0.380     9.997 r  native_system/digital/serial/previous_phase_reg[7]_i_52/CO[3]
                         net (fo=1, unplaced)         0.000     9.997    native_system/digital/serial/previous_phase_reg[7]_i_52_n_0
                                                                      r  native_system/digital/serial/previous_phase_reg[7]_i_29/CI
                         CARRY4 (Prop_carry4_CI_O[3])
                                                      0.331    10.328 r  native_system/digital/serial/previous_phase_reg[7]_i_29/O[3]
                         net (fo=3, unplaced)         0.636    10.964    native_system/digital/serial/previous_phase_reg[7]_i_29_n_4
                                                                      r  native_system/digital/serial/previous_phase[7]_i_23/I0
                         LUT2 (Prop_lut2_I0_O)        0.300    11.264 r  native_system/digital/serial/previous_phase[7]_i_23/O
                         net (fo=1, unplaced)         0.000    11.264    native_system/digital/serial/previous_phase[7]_i_23_n_0
                                                                      r  native_system/digital/serial/previous_phase_reg[7]_i_9/DI[1]
                         CARRY4 (Prop_carry4_DI[1]_CO[3])
                                                      0.547    11.811 r  native_system/digital/serial/previous_phase_reg[7]_i_9/CO[3]
                         net (fo=1, unplaced)         0.000    11.811    native_system/digital/serial/previous_phase_reg[7]_i_9_n_0
                                                                      r  native_system/digital/serial/previous_phase_reg[7]_i_3/CI
                         CARRY4 (Prop_carry4_CI_CO[2])
                                                      0.252    12.063 r  native_system/digital/serial/previous_phase_reg[7]_i_3/CO[2]
                         net (fo=11, unplaced)        0.498    12.561    native_system/digital/serial/previous_phase_reg[7]_i_3_n_1
                                                                      r  native_system/digital/serial/previous_phase[3]_i_1/I1
                         LUT5 (Prop_lut5_I1_O)        0.310    12.871 r  native_system/digital/serial/previous_phase[3]_i_1/O
                         net (fo=258, unplaced)       1.025    13.896    native_system/digital/serial/D[3]
                                                                      r  native_system/digital/serial/captured[127]_i_4/I0
                         LUT6 (Prop_lut6_I0_O)        0.124    14.020 r  native_system/digital/serial/captured[127]_i_4/O
                         net (fo=1, unplaced)         0.449    14.469    native_system/digital/serial/captured[127]_i_4_n_0
                                                                      r  native_system/digital/serial/captured[127]_i_2/I1
                         LUT6 (Prop_lut6_I1_O)        0.124    14.593 r  native_system/digital/serial/captured[127]_i_2/O
                         net (fo=3, unplaced)         0.467    15.060    native_system/digital/serial/tick
                                                                      r  native_system/digital/serial/captured[127]_i_1/I0
                         LUT2 (Prop_lut2_I0_O)        0.124    15.184 r  native_system/digital/serial/captured[127]_i_1/O
                         net (fo=131, unplaced)       0.555    15.739    native_system/digital/serial/captured[0]
                                                                      r  native_system/digital/serial/serial_data[31]_i_1/I0
                         LUT6 (Prop_lut6_I0_O)        0.124    15.863 r  native_system/digital/serial/serial_data[31]_i_1/O
                         net (fo=64, unplaced)        0.561    16.424    native_system/digital/serial/serial_data[31]_i_1_n_0
                         FDCE                                         r  native_system/digital/serial/bit_index_reg[11]/CE
  -------------------------------------------------------------------    -------------------

                         (clock core132 rise edge)    7.576     7.576 r  
                                                      0.000     7.576 r  clk (IN)
                         net (fo=18003, unset)        0.924     8.500    native_system/digital/serial/clk
                         FDCE                                         r  native_system/digital/serial/bit_index_reg[11]/C
                         clock pessimism              0.000     8.500    
                         clock uncertainty           -0.035     8.465    
                         FDCE (Setup_fdce_C_CE)      -0.169     8.296    native_system/digital/serial/bit_index_reg[11]
  -------------------------------------------------------------------
                         required time                          8.296    
                         arrival time                         -16.424    
  -------------------------------------------------------------------
                         slack                                 -8.128    

Slack (VIOLATED) :        -8.128ns  (required time - arrival time)
  Source:                 native_system/digital/carrier_acc_reg[7]/C
                            (rising edge-triggered cell FDCE clocked by core132  {rise@0.000ns fall@3.788ns period=7.576ns})
  Destination:            native_system/digital/serial/bit_index_reg[12]/CE
                            (rising edge-triggered cell FDCE clocked by core132  {rise@0.000ns fall@3.788ns period=7.576ns})
  Path Group:             core132
  Path Type:              Setup (Max at Slow Process Corner)
  Requirement:            7.576ns  (core132 rise@7.576ns - core132 rise@0.000ns)
  Data Path Delay:        15.451ns  (logic 6.396ns (41.395%)  route 9.055ns (58.605%))
  Logic Levels:           24  (CARRY4=11 LUT2=2 LUT3=3 LUT4=1 LUT5=4 LUT6=3)
  Clock Path Skew:        -0.049ns (DCD - SCD + CPR)
    Destination Clock Delay (DCD):    0.924ns = ( 8.500 - 7.576 ) 
    Source Clock Delay      (SCD):    0.973ns
    Clock Pessimism Removal (CPR):    0.000ns
  Clock Uncertainty:      0.035ns  ((TSJ^2 + TIJ^2)^1/2 + DJ) / 2 + PE
    Total System Jitter     (TSJ):    0.071ns
    Total Input Jitter      (TIJ):    0.000ns
    Discrete Jitter          (DJ):    0.000ns
    Phase Error              (PE):    0.000ns

    Location             Delay type                Incr(ns)  Path(ns)    Netlist Resource(s)
  -------------------------------------------------------------------    -------------------
                         (clock core132 rise edge)    0.000     0.000 r  
                                                      0.000     0.000 r  clk (IN)
                         net (fo=18003, unset)        0.973     0.973    native_system/digital/clk
                         FDCE                                         r  native_system/digital/carrier_acc_reg[7]/C
  -------------------------------------------------------------------    -------------------
                         FDCE (Prop_fdce_C_Q)         0.518     1.491 r  native_system/digital/carrier_acc_reg[7]/Q
                         net (fo=15, unplaced)        0.794     2.285    native_system/digital/serial/previous_phase_reg[3][7]
                                                                      r  native_system/digital/serial/previous_phase[1]_i_76/I0
                         LUT3 (Prop_lut3_I0_O)        0.319     2.604 f  native_system/digital/serial/previous_phase[1]_i_76/O
                         net (fo=3, unplaced)         0.467     3.071    native_system/digital/serial/previous_phase[1]_i_76_n_0
                                                                      f  native_system/digital/serial/previous_phase[1]_i_55/I0
                         LUT5 (Prop_lut5_I0_O)        0.124     3.195 r  native_system/digital/serial/previous_phase[1]_i_55/O
                         net (fo=2, unplaced)         0.650     3.845    native_system/digital/serial/previous_phase[1]_i_55_n_0
                                                                      r  native_system/digital/serial/previous_phase_reg[1]_i_39/DI[1]
                         CARRY4 (Prop_carry4_DI[1]_CO[3])
                                                      0.520     4.365 r  native_system/digital/serial/previous_phase_reg[1]_i_39/CO[3]
                         net (fo=1, unplaced)         0.000     4.365    native_system/digital/serial/previous_phase_reg[1]_i_39_n_0
                                                                      r  native_system/digital/serial/previous_phase_reg[1]_i_26/CI
                         CARRY4 (Prop_carry4_CI_CO[3])
                                                      0.117     4.482 r  native_system/digital/serial/previous_phase_reg[1]_i_26/CO[3]
                         net (fo=1, unplaced)         0.000     4.482    native_system/digital/serial/previous_phase_reg[1]_i_26_n_0
                                                                      r  native_system/digital/serial/previous_phase_reg[1]_i_12/CI
                         CARRY4 (Prop_carry4_CI_CO[3])
                                                      0.117     4.599 r  native_system/digital/serial/previous_phase_reg[1]_i_12/CO[3]
                         net (fo=1, unplaced)         0.000     4.599    native_system/digital/serial/previous_phase_reg[1]_i_12_n_0
                                                                      r  native_system/digital/serial/previous_phase_reg[1]_i_3/CI
                         CARRY4 (Prop_carry4_CI_CO[3])
                                                      0.117     4.716 r  native_system/digital/serial/previous_phase_reg[1]_i_3/CO[3]
                         net (fo=1, unplaced)         0.000     4.716    native_system/digital/serial/previous_phase_reg[1]_i_3_n_0
                                                                      r  native_system/digital/serial/previous_phase_reg[1]_i_2/CI
                         CARRY4 (Prop_carry4_CI_O[2])
                                                      0.256     4.972 r  native_system/digital/serial/previous_phase_reg[1]_i_2/O[2]
                         net (fo=25, unplaced)        0.970     5.942    native_system/digital/serial/previous_phase_reg[1]_i_2_n_5
                                                                      r  native_system/digital/serial/previous_phase[7]_i_190/I2
                         LUT3 (Prop_lut3_I2_O)        0.301     6.243 r  native_system/digital/serial/previous_phase[7]_i_190/O
                         net (fo=2, unplaced)         0.460     6.703    native_system/digital/serial/previous_phase[7]_i_190_n_0
                                                                      r  native_system/digital/serial/previous_phase[7]_i_193/I3
                         LUT4 (Prop_lut4_I3_O)        0.124     6.827 r  native_system/digital/serial/previous_phase[7]_i_193/O
                         net (fo=1, unplaced)         0.000     6.827    native_system/digital/serial/previous_phase[7]_i_193_n_0
                                                                      r  native_system/digital/serial/previous_phase_reg[7]_i_141/S[3]
                         CARRY4 (Prop_carry4_S[3]_CO[3])
                                                      0.376     7.203 r  native_system/digital/serial/previous_phase_reg[7]_i_141/CO[3]
                         net (fo=1, unplaced)         0.009     7.212    native_system/digital/serial/previous_phase_reg[7]_i_141_n_0
                                                                      r  native_system/digital/serial/previous_phase_reg[7]_i_98/CI
                         CARRY4 (Prop_carry4_CI_O[1])
                                                      0.337     7.549 r  native_system/digital/serial/previous_phase_reg[7]_i_98/O[1]
                         net (fo=4, unplaced)         0.635     8.184    native_system/digital/serial/previous_phase_reg[7]_i_98_n_6
                                                                      r  native_system/digital/serial/previous_phase[7]_i_140/I0
                         LUT3 (Prop_lut3_I0_O)        0.306     8.490 r  native_system/digital/serial/previous_phase[7]_i_140/O
                         net (fo=1, unplaced)         0.419     8.909    native_system/digital/serial/previous_phase[7]_i_140_n_0
                                                                      r  native_system/digital/serial/previous_phase[7]_i_90/I4
                         LUT5 (Prop_lut5_I4_O)        0.124     9.033 r  native_system/digital/serial/previous_phase[7]_i_90/O
                         net (fo=2, unplaced)         0.460     9.493    native_system/digital/serial/previous_phase[7]_i_90_n_0
                                                                      r  native_system/digital/serial/previous_phase[7]_i_94/I0
                         LUT5 (Prop_lut5_I0_O)        0.124     9.617 r  native_system/digital/serial/previous_phase[7]_i_94/O
                         net (fo=1, unplaced)         0.000     9.617    native_system/digital/serial/previous_phase[7]_i_94_n_0
                                                                      r  native_system/digital/serial/previous_phase_reg[7]_i_52/S[2]
                         CARRY4 (Prop_carry4_S[2]_CO[3])
                                                      0.380     9.997 r  native_system/digital/serial/previous_phase_reg[7]_i_52/CO[3]
                         net (fo=1, unplaced)         0.000     9.997    native_system/digital/serial/previous_phase_reg[7]_i_52_n_0
                                                                      r  native_system/digital/serial/previous_phase_reg[7]_i_29/CI
                         CARRY4 (Prop_carry4_CI_O[3])
                                                      0.331    10.328 r  native_system/digital/serial/previous_phase_reg[7]_i_29/O[3]
                         net (fo=3, unplaced)         0.636    10.964    native_system/digital/serial/previous_phase_reg[7]_i_29_n_4
                                                                      r  native_system/digital/serial/previous_phase[7]_i_23/I0
                         LUT2 (Prop_lut2_I0_O)        0.300    11.264 r  native_system/digital/serial/previous_phase[7]_i_23/O
                         net (fo=1, unplaced)         0.000    11.264    native_system/digital/serial/previous_phase[7]_i_23_n_0
                                                                      r  native_system/digital/serial/previous_phase_reg[7]_i_9/DI[1]
                         CARRY4 (Prop_carry4_DI[1]_CO[3])
                                                      0.547    11.811 r  native_system/digital/serial/previous_phase_reg[7]_i_9/CO[3]
                         net (fo=1, unplaced)         0.000    11.811    native_system/digital/serial/previous_phase_reg[7]_i_9_n_0
                                                                      r  native_system/digital/serial/previous_phase_reg[7]_i_3/CI
                         CARRY4 (Prop_carry4_CI_CO[2])
                                                      0.252    12.063 r  native_system/digital/serial/previous_phase_reg[7]_i_3/CO[2]
                         net (fo=11, unplaced)        0.498    12.561    native_system/digital/serial/previous_phase_reg[7]_i_3_n_1
                                                                      r  native_system/digital/serial/previous_phase[3]_i_1/I1
                         LUT5 (Prop_lut5_I1_O)        0.310    12.871 r  native_system/digital/serial/previous_phase[3]_i_1/O
                         net (fo=258, unplaced)       1.025    13.896    native_system/digital/serial/D[3]
                                                                      r  native_system/digital/serial/captured[127]_i_4/I0
                         LUT6 (Prop_lut6_I0_O)        0.124    14.020 r  native_system/digital/serial/captured[127]_i_4/O
                         net (fo=1, unplaced)         0.449    14.469    native_system/digital/serial/captured[127]_i_4_n_0
                                                                      r  native_system/digital/serial/captured[127]_i_2/I1
                         LUT6 (Prop_lut6_I1_O)        0.124    14.593 r  native_system/digital/serial/captured[127]_i_2/O
                         net (fo=3, unplaced)         0.467    15.060    native_system/digital/serial/tick
                                                                      r  native_system/digital/serial/captured[127]_i_1/I0
                         LUT2 (Prop_lut2_I0_O)        0.124    15.184 r  native_system/digital/serial/captured[127]_i_1/O
                         net (fo=131, unplaced)       0.555    15.739    native_system/digital/serial/captured[0]
                                                                      r  native_system/digital/serial/serial_data[31]_i_1/I0
                         LUT6 (Prop_lut6_I0_O)        0.124    15.863 r  native_system/digital/serial/serial_data[31]_i_1/O
                         net (fo=64, unplaced)        0.561    16.424    native_system/digital/serial/serial_data[31]_i_1_n_0
                         FDCE                                         r  native_system/digital/serial/bit_index_reg[12]/CE
  -------------------------------------------------------------------    -------------------

                         (clock core132 rise edge)    7.576     7.576 r  
                                                      0.000     7.576 r  clk (IN)
                         net (fo=18003, unset)        0.924     8.500    native_system/digital/serial/clk
                         FDCE                                         r  native_system/digital/serial/bit_index_reg[12]/C
                         clock pessimism              0.000     8.500    
                         clock uncertainty           -0.035     8.465    
                         FDCE (Setup_fdce_C_CE)      -0.169     8.296    native_system/digital/serial/bit_index_reg[12]
  -------------------------------------------------------------------
                         required time                          8.296    
                         arrival time                         -16.424    
  -------------------------------------------------------------------
                         slack                                 -8.128    

Slack (VIOLATED) :        -8.128ns  (required time - arrival time)
  Source:                 native_system/digital/carrier_acc_reg[7]/C
                            (rising edge-triggered cell FDCE clocked by core132  {rise@0.000ns fall@3.788ns period=7.576ns})
  Destination:            native_system/digital/serial/bit_index_reg[13]/CE
                            (rising edge-triggered cell FDCE clocked by core132  {rise@0.000ns fall@3.788ns period=7.576ns})
  Path Group:             core132
  Path Type:              Setup (Max at Slow Process Corner)
  Requirement:            7.576ns  (core132 rise@7.576ns - core132 rise@0.000ns)
  Data Path Delay:        15.451ns  (logic 6.396ns (41.395%)  route 9.055ns (58.605%))
  Logic Levels:           24  (CARRY4=11 LUT2=2 LUT3=3 LUT4=1 LUT5=4 LUT6=3)
  Clock Path Skew:        -0.049ns (DCD - SCD + CPR)
    Destination Clock Delay (DCD):    0.924ns = ( 8.500 - 7.576 ) 
    Source Clock Delay      (SCD):    0.973ns
    Clock Pessimism Removal (CPR):    0.000ns
  Clock Uncertainty:      0.035ns  ((TSJ^2 + TIJ^2)^1/2 + DJ) / 2 + PE
    Total System Jitter     (TSJ):    0.071ns
    Total Input Jitter      (TIJ):    0.000ns
    Discrete Jitter          (DJ):    0.000ns
    Phase Error              (PE):    0.000ns

    Location             Delay type                Incr(ns)  Path(ns)    Netlist Resource(s)
  -------------------------------------------------------------------    -------------------
                         (clock core132 rise edge)    0.000     0.000 r  
                                                      0.000     0.000 r  clk (IN)
                         net (fo=18003, unset)        0.973     0.973    native_system/digital/clk
                         FDCE                                         r  native_system/digital/carrier_acc_reg[7]/C
  -------------------------------------------------------------------    -------------------
                         FDCE (Prop_fdce_C_Q)         0.518     1.491 r  native_system/digital/carrier_acc_reg[7]/Q
                         net (fo=15, unplaced)        0.794     2.285    native_system/digital/serial/previous_phase_reg[3][7]
                                                                      r  native_system/digital/serial/previous_phase[1]_i_76/I0
                         LUT3 (Prop_lut3_I0_O)        0.319     2.604 f  native_system/digital/serial/previous_phase[1]_i_76/O
                         net (fo=3, unplaced)         0.467     3.071    native_system/digital/serial/previous_phase[1]_i_76_n_0
                                                                      f  native_system/digital/serial/previous_phase[1]_i_55/I0
                         LUT5 (Prop_lut5_I0_O)        0.124     3.195 r  native_system/digital/serial/previous_phase[1]_i_55/O
                         net (fo=2, unplaced)         0.650     3.845    native_system/digital/serial/previous_phase[1]_i_55_n_0
                                                                      r  native_system/digital/serial/previous_phase_reg[1]_i_39/DI[1]
                         CARRY4 (Prop_carry4_DI[1]_CO[3])
                                                      0.520     4.365 r  native_system/digital/serial/previous_phase_reg[1]_i_39/CO[3]
                         net (fo=1, unplaced)         0.000     4.365    native_system/digital/serial/previous_phase_reg[1]_i_39_n_0
                                                                      r  native_system/digital/serial/previous_phase_reg[1]_i_26/CI
                         CARRY4 (Prop_carry4_CI_CO[3])
                                                      0.117     4.482 r  native_system/digital/serial/previous_phase_reg[1]_i_26/CO[3]
                         net (fo=1, unplaced)         0.000     4.482    native_system/digital/serial/previous_phase_reg[1]_i_26_n_0
                                                                      r  native_system/digital/serial/previous_phase_reg[1]_i_12/CI
                         CARRY4 (Prop_carry4_CI_CO[3])
                                                      0.117     4.599 r  native_system/digital/serial/previous_phase_reg[1]_i_12/CO[3]
                         net (fo=1, unplaced)         0.000     4.599    native_system/digital/serial/previous_phase_reg[1]_i_12_n_0
                                                                      r  native_system/digital/serial/previous_phase_reg[1]_i_3/CI
                         CARRY4 (Prop_carry4_CI_CO[3])
                                                      0.117     4.716 r  native_system/digital/serial/previous_phase_reg[1]_i_3/CO[3]
                         net (fo=1, unplaced)         0.000     4.716    native_system/digital/serial/previous_phase_reg[1]_i_3_n_0
                                                                      r  native_system/digital/serial/previous_phase_reg[1]_i_2/CI
                         CARRY4 (Prop_carry4_CI_O[2])
                                                      0.256     4.972 r  native_system/digital/serial/previous_phase_reg[1]_i_2/O[2]
                         net (fo=25, unplaced)        0.970     5.942    native_system/digital/serial/previous_phase_reg[1]_i_2_n_5
                                                                      r  native_system/digital/serial/previous_phase[7]_i_190/I2
                         LUT3 (Prop_lut3_I2_O)        0.301     6.243 r  native_system/digital/serial/previous_phase[7]_i_190/O
                         net (fo=2, unplaced)         0.460     6.703    native_system/digital/serial/previous_phase[7]_i_190_n_0
                                                                      r  native_system/digital/serial/previous_phase[7]_i_193/I3
                         LUT4 (Prop_lut4_I3_O)        0.124     6.827 r  native_system/digital/serial/previous_phase[7]_i_193/O
                         net (fo=1, unplaced)         0.000     6.827    native_system/digital/serial/previous_phase[7]_i_193_n_0
                                                                      r  native_system/digital/serial/previous_phase_reg[7]_i_141/S[3]
                         CARRY4 (Prop_carry4_S[3]_CO[3])
                                                      0.376     7.203 r  native_system/digital/serial/previous_phase_reg[7]_i_141/CO[3]
                         net (fo=1, unplaced)         0.009     7.212    native_system/digital/serial/previous_phase_reg[7]_i_141_n_0
                                                                      r  native_system/digital/serial/previous_phase_reg[7]_i_98/CI
                         CARRY4 (Prop_carry4_CI_O[1])
                                                      0.337     7.549 r  native_system/digital/serial/previous_phase_reg[7]_i_98/O[1]
                         net (fo=4, unplaced)         0.635     8.184    native_system/digital/serial/previous_phase_reg[7]_i_98_n_6
                                                                      r  native_system/digital/serial/previous_phase[7]_i_140/I0
                         LUT3 (Prop_lut3_I0_O)        0.306     8.490 r  native_system/digital/serial/previous_phase[7]_i_140/O
                         net (fo=1, unplaced)         0.419     8.909    native_system/digital/serial/previous_phase[7]_i_140_n_0
                                                                      r  native_system/digital/serial/previous_phase[7]_i_90/I4
                         LUT5 (Prop_lut5_I4_O)        0.124     9.033 r  native_system/digital/serial/previous_phase[7]_i_90/O
                         net (fo=2, unplaced)         0.460     9.493    native_system/digital/serial/previous_phase[7]_i_90_n_0
                                                                      r  native_system/digital/serial/previous_phase[7]_i_94/I0
                         LUT5 (Prop_lut5_I0_O)        0.124     9.617 r  native_system/digital/serial/previous_phase[7]_i_94/O
                         net (fo=1, unplaced)         0.000     9.617    native_system/digital/serial/previous_phase[7]_i_94_n_0
                                                                      r  native_system/digital/serial/previous_phase_reg[7]_i_52/S[2]
                         CARRY4 (Prop_carry4_S[2]_CO[3])
                                                      0.380     9.997 r  native_system/digital/serial/previous_phase_reg[7]_i_52/CO[3]
                         net (fo=1, unplaced)         0.000     9.997    native_system/digital/serial/previous_phase_reg[7]_i_52_n_0
                                                                      r  native_system/digital/serial/previous_phase_reg[7]_i_29/CI
                         CARRY4 (Prop_carry4_CI_O[3])
                                                      0.331    10.328 r  native_system/digital/serial/previous_phase_reg[7]_i_29/O[3]
                         net (fo=3, unplaced)         0.636    10.964    native_system/digital/serial/previous_phase_reg[7]_i_29_n_4
                                                                      r  native_system/digital/serial/previous_phase[7]_i_23/I0
                         LUT2 (Prop_lut2_I0_O)        0.300    11.264 r  native_system/digital/serial/previous_phase[7]_i_23/O
                         net (fo=1, unplaced)         0.000    11.264    native_system/digital/serial/previous_phase[7]_i_23_n_0
                                                                      r  native_system/digital/serial/previous_phase_reg[7]_i_9/DI[1]
                         CARRY4 (Prop_carry4_DI[1]_CO[3])
                                                      0.547    11.811 r  native_system/digital/serial/previous_phase_reg[7]_i_9/CO[3]
                         net (fo=1, unplaced)         0.000    11.811    native_system/digital/serial/previous_phase_reg[7]_i_9_n_0
                                                                      r  native_system/digital/serial/previous_phase_reg[7]_i_3/CI
                         CARRY4 (Prop_carry4_CI_CO[2])
                                                      0.252    12.063 r  native_system/digital/serial/previous_phase_reg[7]_i_3/CO[2]
                         net (fo=11, unplaced)        0.498    12.561    native_system/digital/serial/previous_phase_reg[7]_i_3_n_1
                                                                      r  native_system/digital/serial/previous_phase[3]_i_1/I1
                         LUT5 (Prop_lut5_I1_O)        0.310    12.871 r  native_system/digital/serial/previous_phase[3]_i_1/O
                         net (fo=258, unplaced)       1.025    13.896    native_system/digital/serial/D[3]
                                                                      r  native_system/digital/serial/captured[127]_i_4/I0
                         LUT6 (Prop_lut6_I0_O)        0.124    14.020 r  native_system/digital/serial/captured[127]_i_4/O
                         net (fo=1, unplaced)         0.449    14.469    native_system/digital/serial/captured[127]_i_4_n_0
                                                                      r  native_system/digital/serial/captured[127]_i_2/I1
                         LUT6 (Prop_lut6_I1_O)        0.124    14.593 r  native_system/digital/serial/captured[127]_i_2/O
                         net (fo=3, unplaced)         0.467    15.060    native_system/digital/serial/tick
                                                                      r  native_system/digital/serial/captured[127]_i_1/I0
                         LUT2 (Prop_lut2_I0_O)        0.124    15.184 r  native_system/digital/serial/captured[127]_i_1/O
                         net (fo=131, unplaced)       0.555    15.739    native_system/digital/serial/captured[0]
                                                                      r  native_system/digital/serial/serial_data[31]_i_1/I0
                         LUT6 (Prop_lut6_I0_O)        0.124    15.863 r  native_system/digital/serial/serial_data[31]_i_1/O
                         net (fo=64, unplaced)        0.561    16.424    native_system/digital/serial/serial_data[31]_i_1_n_0
                         FDCE                                         r  native_system/digital/serial/bit_index_reg[13]/CE
  -------------------------------------------------------------------    -------------------

                         (clock core132 rise edge)    7.576     7.576 r  
                                                      0.000     7.576 r  clk (IN)
                         net (fo=18003, unset)        0.924     8.500    native_system/digital/serial/clk
                         FDCE                                         r  native_system/digital/serial/bit_index_reg[13]/C
                         clock pessimism              0.000     8.500    
                         clock uncertainty           -0.035     8.465    
                         FDCE (Setup_fdce_C_CE)      -0.169     8.296    native_system/digital/serial/bit_index_reg[13]
  -------------------------------------------------------------------
                         required time                          8.296    
                         arrival time                         -16.424    
  -------------------------------------------------------------------
                         slack                                 -8.128    

Slack (VIOLATED) :        -8.128ns  (required time - arrival time)
  Source:                 native_system/digital/carrier_acc_reg[7]/C
                            (rising edge-triggered cell FDCE clocked by core132  {rise@0.000ns fall@3.788ns period=7.576ns})
  Destination:            native_system/digital/serial/bit_index_reg[14]/CE
                            (rising edge-triggered cell FDCE clocked by core132  {rise@0.000ns fall@3.788ns period=7.576ns})
  Path Group:             core132
  Path Type:              Setup (Max at Slow Process Corner)
  Requirement:            7.576ns  (core132 rise@7.576ns - core132 rise@0.000ns)
  Data Path Delay:        15.451ns  (logic 6.396ns (41.395%)  route 9.055ns (58.605%))
  Logic Levels:           24  (CARRY4=11 LUT2=2 LUT3=3 LUT4=1 LUT5=4 LUT6=3)
  Clock Path Skew:        -0.049ns (DCD - SCD + CPR)
    Destination Clock Delay (DCD):    0.924ns = ( 8.500 - 7.576 ) 
    Source Clock Delay      (SCD):    0.973ns
    Clock Pessimism Removal (CPR):    0.000ns
  Clock Uncertainty:      0.035ns  ((TSJ^2 + TIJ^2)^1/2 + DJ) / 2 + PE
    Total System Jitter     (TSJ):    0.071ns
    Total Input Jitter      (TIJ):    0.000ns
    Discrete Jitter          (DJ):    0.000ns
    Phase Error              (PE):    0.000ns

    Location             Delay type                Incr(ns)  Path(ns)    Netlist Resource(s)
  -------------------------------------------------------------------    -------------------
                         (clock core132 rise edge)    0.000     0.000 r  
                                                      0.000     0.000 r  clk (IN)
                         net (fo=18003, unset)        0.973     0.973    native_system/digital/clk
                         FDCE                                         r  native_system/digital/carrier_acc_reg[7]/C
  -------------------------------------------------------------------    -------------------
                         FDCE (Prop_fdce_C_Q)         0.518     1.491 r  native_system/digital/carrier_acc_reg[7]/Q
                         net (fo=15, unplaced)        0.794     2.285    native_system/digital/serial/previous_phase_reg[3][7]
                                                                      r  native_system/digital/serial/previous_phase[1]_i_76/I0
                         LUT3 (Prop_lut3_I0_O)        0.319     2.604 f  native_system/digital/serial/previous_phase[1]_i_76/O
                         net (fo=3, unplaced)         0.467     3.071    native_system/digital/serial/previous_phase[1]_i_76_n_0
                                                                      f  native_system/digital/serial/previous_phase[1]_i_55/I0
                         LUT5 (Prop_lut5_I0_O)        0.124     3.195 r  native_system/digital/serial/previous_phase[1]_i_55/O
                         net (fo=2, unplaced)         0.650     3.845    native_system/digital/serial/previous_phase[1]_i_55_n_0
                                                                      r  native_system/digital/serial/previous_phase_reg[1]_i_39/DI[1]
                         CARRY4 (Prop_carry4_DI[1]_CO[3])
                                                      0.520     4.365 r  native_system/digital/serial/previous_phase_reg[1]_i_39/CO[3]
                         net (fo=1, unplaced)         0.000     4.365    native_system/digital/serial/previous_phase_reg[1]_i_39_n_0
                                                                      r  native_system/digital/serial/previous_phase_reg[1]_i_26/CI
                         CARRY4 (Prop_carry4_CI_CO[3])
                                                      0.117     4.482 r  native_system/digital/serial/previous_phase_reg[1]_i_26/CO[3]
                         net (fo=1, unplaced)         0.000     4.482    native_system/digital/serial/previous_phase_reg[1]_i_26_n_0
                                                                      r  native_system/digital/serial/previous_phase_reg[1]_i_12/CI
                         CARRY4 (Prop_carry4_CI_CO[3])
                                                      0.117     4.599 r  native_system/digital/serial/previous_phase_reg[1]_i_12/CO[3]
                         net (fo=1, unplaced)         0.000     4.599    native_system/digital/serial/previous_phase_reg[1]_i_12_n_0
                                                                      r  native_system/digital/serial/previous_phase_reg[1]_i_3/CI
                         CARRY4 (Prop_carry4_CI_CO[3])
                                                      0.117     4.716 r  native_system/digital/serial/previous_phase_reg[1]_i_3/CO[3]
                         net (fo=1, unplaced)         0.000     4.716    native_system/digital/serial/previous_phase_reg[1]_i_3_n_0
                                                                      r  native_system/digital/serial/previous_phase_reg[1]_i_2/CI
                         CARRY4 (Prop_carry4_CI_O[2])
                                                      0.256     4.972 r  native_system/digital/serial/previous_phase_reg[1]_i_2/O[2]
                         net (fo=25, unplaced)        0.970     5.942    native_system/digital/serial/previous_phase_reg[1]_i_2_n_5
                                                                      r  native_system/digital/serial/previous_phase[7]_i_190/I2
                         LUT3 (Prop_lut3_I2_O)        0.301     6.243 r  native_system/digital/serial/previous_phase[7]_i_190/O
                         net (fo=2, unplaced)         0.460     6.703    native_system/digital/serial/previous_phase[7]_i_190_n_0
                                                                      r  native_system/digital/serial/previous_phase[7]_i_193/I3
                         LUT4 (Prop_lut4_I3_O)        0.124     6.827 r  native_system/digital/serial/previous_phase[7]_i_193/O
                         net (fo=1, unplaced)         0.000     6.827    native_system/digital/serial/previous_phase[7]_i_193_n_0
                                                                      r  native_system/digital/serial/previous_phase_reg[7]_i_141/S[3]
                         CARRY4 (Prop_carry4_S[3]_CO[3])
                                                      0.376     7.203 r  native_system/digital/serial/previous_phase_reg[7]_i_141/CO[3]
                         net (fo=1, unplaced)         0.009     7.212    native_system/digital/serial/previous_phase_reg[7]_i_141_n_0
                                                                      r  native_system/digital/serial/previous_phase_reg[7]_i_98/CI
                         CARRY4 (Prop_carry4_CI_O[1])
                                                      0.337     7.549 r  native_system/digital/serial/previous_phase_reg[7]_i_98/O[1]
                         net (fo=4, unplaced)         0.635     8.184    native_system/digital/serial/previous_phase_reg[7]_i_98_n_6
                                                                      r  native_system/digital/serial/previous_phase[7]_i_140/I0
                         LUT3 (Prop_lut3_I0_O)        0.306     8.490 r  native_system/digital/serial/previous_phase[7]_i_140/O
                         net (fo=1, unplaced)         0.419     8.909    native_system/digital/serial/previous_phase[7]_i_140_n_0
                                                                      r  native_system/digital/serial/previous_phase[7]_i_90/I4
                         LUT5 (Prop_lut5_I4_O)        0.124     9.033 r  native_system/digital/serial/previous_phase[7]_i_90/O
                         net (fo=2, unplaced)         0.460     9.493    native_system/digital/serial/previous_phase[7]_i_90_n_0
                                                                      r  native_system/digital/serial/previous_phase[7]_i_94/I0
                         LUT5 (Prop_lut5_I0_O)        0.124     9.617 r  native_system/digital/serial/previous_phase[7]_i_94/O
                         net (fo=1, unplaced)         0.000     9.617    native_system/digital/serial/previous_phase[7]_i_94_n_0
                                                                      r  native_system/digital/serial/previous_phase_reg[7]_i_52/S[2]
                         CARRY4 (Prop_carry4_S[2]_CO[3])
                                                      0.380     9.997 r  native_system/digital/serial/previous_phase_reg[7]_i_52/CO[3]
                         net (fo=1, unplaced)         0.000     9.997    native_system/digital/serial/previous_phase_reg[7]_i_52_n_0
                                                                      r  native_system/digital/serial/previous_phase_reg[7]_i_29/CI
                         CARRY4 (Prop_carry4_CI_O[3])
                                                      0.331    10.328 r  native_system/digital/serial/previous_phase_reg[7]_i_29/O[3]
                         net (fo=3, unplaced)         0.636    10.964    native_system/digital/serial/previous_phase_reg[7]_i_29_n_4
                                                                      r  native_system/digital/serial/previous_phase[7]_i_23/I0
                         LUT2 (Prop_lut2_I0_O)        0.300    11.264 r  native_system/digital/serial/previous_phase[7]_i_23/O
                         net (fo=1, unplaced)         0.000    11.264    native_system/digital/serial/previous_phase[7]_i_23_n_0
                                                                      r  native_system/digital/serial/previous_phase_reg[7]_i_9/DI[1]
                         CARRY4 (Prop_carry4_DI[1]_CO[3])
                                                      0.547    11.811 r  native_system/digital/serial/previous_phase_reg[7]_i_9/CO[3]
                         net (fo=1, unplaced)         0.000    11.811    native_system/digital/serial/previous_phase_reg[7]_i_9_n_0
                                                                      r  native_system/digital/serial/previous_phase_reg[7]_i_3/CI
                         CARRY4 (Prop_carry4_CI_CO[2])
                                                      0.252    12.063 r  native_system/digital/serial/previous_phase_reg[7]_i_3/CO[2]
                         net (fo=11, unplaced)        0.498    12.561    native_system/digital/serial/previous_phase_reg[7]_i_3_n_1
                                                                      r  native_system/digital/serial/previous_phase[3]_i_1/I1
                         LUT5 (Prop_lut5_I1_O)        0.310    12.871 r  native_system/digital/serial/previous_phase[3]_i_1/O
                         net (fo=258, unplaced)       1.025    13.896    native_system/digital/serial/D[3]
                                                                      r  native_system/digital/serial/captured[127]_i_4/I0
                         LUT6 (Prop_lut6_I0_O)        0.124    14.020 r  native_system/digital/serial/captured[127]_i_4/O
                         net (fo=1, unplaced)         0.449    14.469    native_system/digital/serial/captured[127]_i_4_n_0
                                                                      r  native_system/digital/serial/captured[127]_i_2/I1
                         LUT6 (Prop_lut6_I1_O)        0.124    14.593 r  native_system/digital/serial/captured[127]_i_2/O
                         net (fo=3, unplaced)         0.467    15.060    native_system/digital/serial/tick
                                                                      r  native_system/digital/serial/captured[127]_i_1/I0
                         LUT2 (Prop_lut2_I0_O)        0.124    15.184 r  native_system/digital/serial/captured[127]_i_1/O
                         net (fo=131, unplaced)       0.555    15.739    native_system/digital/serial/captured[0]
                                                                      r  native_system/digital/serial/serial_data[31]_i_1/I0
                         LUT6 (Prop_lut6_I0_O)        0.124    15.863 r  native_system/digital/serial/serial_data[31]_i_1/O
                         net (fo=64, unplaced)        0.561    16.424    native_system/digital/serial/serial_data[31]_i_1_n_0
                         FDCE                                         r  native_system/digital/serial/bit_index_reg[14]/CE
  -------------------------------------------------------------------    -------------------

                         (clock core132 rise edge)    7.576     7.576 r  
                                                      0.000     7.576 r  clk (IN)
                         net (fo=18003, unset)        0.924     8.500    native_system/digital/serial/clk
                         FDCE                                         r  native_system/digital/serial/bit_index_reg[14]/C
                         clock pessimism              0.000     8.500    
                         clock uncertainty           -0.035     8.465    
                         FDCE (Setup_fdce_C_CE)      -0.169     8.296    native_system/digital/serial/bit_index_reg[14]
  -------------------------------------------------------------------
                         required time                          8.296    
                         arrival time                         -16.424    
  -------------------------------------------------------------------
                         slack                                 -8.128    

Slack (VIOLATED) :        -8.128ns  (required time - arrival time)
  Source:                 native_system/digital/carrier_acc_reg[7]/C
                            (rising edge-triggered cell FDCE clocked by core132  {rise@0.000ns fall@3.788ns period=7.576ns})
  Destination:            native_system/digital/serial/bit_index_reg[15]/CE
                            (rising edge-triggered cell FDCE clocked by core132  {rise@0.000ns fall@3.788ns period=7.576ns})
  Path Group:             core132
  Path Type:              Setup (Max at Slow Process Corner)
  Requirement:            7.576ns  (core132 rise@7.576ns - core132 rise@0.000ns)
  Data Path Delay:        15.451ns  (logic 6.396ns (41.395%)  route 9.055ns (58.605%))
  Logic Levels:           24  (CARRY4=11 LUT2=2 LUT3=3 LUT4=1 LUT5=4 LUT6=3)
  Clock Path Skew:        -0.049ns (DCD - SCD + CPR)
    Destination Clock Delay (DCD):    0.924ns = ( 8.500 - 7.576 ) 
    Source Clock Delay      (SCD):    0.973ns
    Clock Pessimism Removal (CPR):    0.000ns
  Clock Uncertainty:      0.035ns  ((TSJ^2 + TIJ^2)^1/2 + DJ) / 2 + PE
    Total System Jitter     (TSJ):    0.071ns
    Total Input Jitter      (TIJ):    0.000ns
    Discrete Jitter          (DJ):    0.000ns
    Phase Error              (PE):    0.000ns

    Location             Delay type                Incr(ns)  Path(ns)    Netlist Resource(s)
  -------------------------------------------------------------------    -------------------
                         (clock core132 rise edge)    0.000     0.000 r  
                                                      0.000     0.000 r  clk (IN)
                         net (fo=18003, unset)        0.973     0.973    native_system/digital/clk
                         FDCE                                         r  native_system/digital/carrier_acc_reg[7]/C
  -------------------------------------------------------------------    -------------------
                         FDCE (Prop_fdce_C_Q)         0.518     1.491 r  native_system/digital/carrier_acc_reg[7]/Q
                         net (fo=15, unplaced)        0.794     2.285    native_system/digital/serial/previous_phase_reg[3][7]
                                                                      r  native_system/digital/serial/previous_phase[1]_i_76/I0
                         LUT3 (Prop_lut3_I0_O)        0.319     2.604 f  native_system/digital/serial/previous_phase[1]_i_76/O
                         net (fo=3, unplaced)         0.467     3.071    native_system/digital/serial/previous_phase[1]_i_76_n_0
                                                                      f  native_system/digital/serial/previous_phase[1]_i_55/I0
                         LUT5 (Prop_lut5_I0_O)        0.124     3.195 r  native_system/digital/serial/previous_phase[1]_i_55/O
                         net (fo=2, unplaced)         0.650     3.845    native_system/digital/serial/previous_phase[1]_i_55_n_0
                                                                      r  native_system/digital/serial/previous_phase_reg[1]_i_39/DI[1]
                         CARRY4 (Prop_carry4_DI[1]_CO[3])
                                                      0.520     4.365 r  native_system/digital/serial/previous_phase_reg[1]_i_39/CO[3]
                         net (fo=1, unplaced)         0.000     4.365    native_system/digital/serial/previous_phase_reg[1]_i_39_n_0
                                                                      r  native_system/digital/serial/previous_phase_reg[1]_i_26/CI
                         CARRY4 (Prop_carry4_CI_CO[3])
                                                      0.117     4.482 r  native_system/digital/serial/previous_phase_reg[1]_i_26/CO[3]
                         net (fo=1, unplaced)         0.000     4.482    native_system/digital/serial/previous_phase_reg[1]_i_26_n_0
                                                                      r  native_system/digital/serial/previous_phase_reg[1]_i_12/CI
                         CARRY4 (Prop_carry4_CI_CO[3])
                                                      0.117     4.599 r  native_system/digital/serial/previous_phase_reg[1]_i_12/CO[3]
                         net (fo=1, unplaced)         0.000     4.599    native_system/digital/serial/previous_phase_reg[1]_i_12_n_0
                                                                      r  native_system/digital/serial/previous_phase_reg[1]_i_3/CI
                         CARRY4 (Prop_carry4_CI_CO[3])
                                                      0.117     4.716 r  native_system/digital/serial/previous_phase_reg[1]_i_3/CO[3]
                         net (fo=1, unplaced)         0.000     4.716    native_system/digital/serial/previous_phase_reg[1]_i_3_n_0
                                                                      r  native_system/digital/serial/previous_phase_reg[1]_i_2/CI
                         CARRY4 (Prop_carry4_CI_O[2])
                                                      0.256     4.972 r  native_system/digital/serial/previous_phase_reg[1]_i_2/O[2]
                         net (fo=25, unplaced)        0.970     5.942    native_system/digital/serial/previous_phase_reg[1]_i_2_n_5
                                                                      r  native_system/digital/serial/previous_phase[7]_i_190/I2
                         LUT3 (Prop_lut3_I2_O)        0.301     6.243 r  native_system/digital/serial/previous_phase[7]_i_190/O
                         net (fo=2, unplaced)         0.460     6.703    native_system/digital/serial/previous_phase[7]_i_190_n_0
                                                                      r  native_system/digital/serial/previous_phase[7]_i_193/I3
                         LUT4 (Prop_lut4_I3_O)        0.124     6.827 r  native_system/digital/serial/previous_phase[7]_i_193/O
                         net (fo=1, unplaced)         0.000     6.827    native_system/digital/serial/previous_phase[7]_i_193_n_0
                                                                      r  native_system/digital/serial/previous_phase_reg[7]_i_141/S[3]
                         CARRY4 (Prop_carry4_S[3]_CO[3])
                                                      0.376     7.203 r  native_system/digital/serial/previous_phase_reg[7]_i_141/CO[3]
                         net (fo=1, unplaced)         0.009     7.212    native_system/digital/serial/previous_phase_reg[7]_i_141_n_0
                                                                      r  native_system/digital/serial/previous_phase_reg[7]_i_98/CI
                         CARRY4 (Prop_carry4_CI_O[1])
                                                      0.337     7.549 r  native_system/digital/serial/previous_phase_reg[7]_i_98/O[1]
                         net (fo=4, unplaced)         0.635     8.184    native_system/digital/serial/previous_phase_reg[7]_i_98_n_6
                                                                      r  native_system/digital/serial/previous_phase[7]_i_140/I0
                         LUT3 (Prop_lut3_I0_O)        0.306     8.490 r  native_system/digital/serial/previous_phase[7]_i_140/O
                         net (fo=1, unplaced)         0.419     8.909    native_system/digital/serial/previous_phase[7]_i_140_n_0
                                                                      r  native_system/digital/serial/previous_phase[7]_i_90/I4
                         LUT5 (Prop_lut5_I4_O)        0.124     9.033 r  native_system/digital/serial/previous_phase[7]_i_90/O
                         net (fo=2, unplaced)         0.460     9.493    native_system/digital/serial/previous_phase[7]_i_90_n_0
                                                                      r  native_system/digital/serial/previous_phase[7]_i_94/I0
                         LUT5 (Prop_lut5_I0_O)        0.124     9.617 r  native_system/digital/serial/previous_phase[7]_i_94/O
                         net (fo=1, unplaced)         0.000     9.617    native_system/digital/serial/previous_phase[7]_i_94_n_0
                                                                      r  native_system/digital/serial/previous_phase_reg[7]_i_52/S[2]
                         CARRY4 (Prop_carry4_S[2]_CO[3])
                                                      0.380     9.997 r  native_system/digital/serial/previous_phase_reg[7]_i_52/CO[3]
                         net (fo=1, unplaced)         0.000     9.997    native_system/digital/serial/previous_phase_reg[7]_i_52_n_0
                                                                      r  native_system/digital/serial/previous_phase_reg[7]_i_29/CI
                         CARRY4 (Prop_carry4_CI_O[3])
                                                      0.331    10.328 r  native_system/digital/serial/previous_phase_reg[7]_i_29/O[3]
                         net (fo=3, unplaced)         0.636    10.964    native_system/digital/serial/previous_phase_reg[7]_i_29_n_4
                                                                      r  native_system/digital/serial/previous_phase[7]_i_23/I0
                         LUT2 (Prop_lut2_I0_O)        0.300    11.264 r  native_system/digital/serial/previous_phase[7]_i_23/O
                         net (fo=1, unplaced)         0.000    11.264    native_system/digital/serial/previous_phase[7]_i_23_n_0
                                                                      r  native_system/digital/serial/previous_phase_reg[7]_i_9/DI[1]
                         CARRY4 (Prop_carry4_DI[1]_CO[3])
                                                      0.547    11.811 r  native_system/digital/serial/previous_phase_reg[7]_i_9/CO[3]
                         net (fo=1, unplaced)         0.000    11.811    native_system/digital/serial/previous_phase_reg[7]_i_9_n_0
                                                                      r  native_system/digital/serial/previous_phase_reg[7]_i_3/CI
                         CARRY4 (Prop_carry4_CI_CO[2])
                                                      0.252    12.063 r  native_system/digital/serial/previous_phase_reg[7]_i_3/CO[2]
                         net (fo=11, unplaced)        0.498    12.561    native_system/digital/serial/previous_phase_reg[7]_i_3_n_1
                                                                      r  native_system/digital/serial/previous_phase[3]_i_1/I1
                         LUT5 (Prop_lut5_I1_O)        0.310    12.871 r  native_system/digital/serial/previous_phase[3]_i_1/O
                         net (fo=258, unplaced)       1.025    13.896    native_system/digital/serial/D[3]
                                                                      r  native_system/digital/serial/captured[127]_i_4/I0
                         LUT6 (Prop_lut6_I0_O)        0.124    14.020 r  native_system/digital/serial/captured[127]_i_4/O
                         net (fo=1, unplaced)         0.449    14.469    native_system/digital/serial/captured[127]_i_4_n_0
                                                                      r  native_system/digital/serial/captured[127]_i_2/I1
                         LUT6 (Prop_lut6_I1_O)        0.124    14.593 r  native_system/digital/serial/captured[127]_i_2/O
                         net (fo=3, unplaced)         0.467    15.060    native_system/digital/serial/tick
                                                                      r  native_system/digital/serial/captured[127]_i_1/I0
                         LUT2 (Prop_lut2_I0_O)        0.124    15.184 r  native_system/digital/serial/captured[127]_i_1/O
                         net (fo=131, unplaced)       0.555    15.739    native_system/digital/serial/captured[0]
                                                                      r  native_system/digital/serial/serial_data[31]_i_1/I0
                         LUT6 (Prop_lut6_I0_O)        0.124    15.863 r  native_system/digital/serial/serial_data[31]_i_1/O
                         net (fo=64, unplaced)        0.561    16.424    native_system/digital/serial/serial_data[31]_i_1_n_0
                         FDCE                                         r  native_system/digital/serial/bit_index_reg[15]/CE
  -------------------------------------------------------------------    -------------------

                         (clock core132 rise edge)    7.576     7.576 r  
                                                      0.000     7.576 r  clk (IN)
                         net (fo=18003, unset)        0.924     8.500    native_system/digital/serial/clk
                         FDCE                                         r  native_system/digital/serial/bit_index_reg[15]/C
                         clock pessimism              0.000     8.500    
                         clock uncertainty           -0.035     8.465    
                         FDCE (Setup_fdce_C_CE)      -0.169     8.296    native_system/digital/serial/bit_index_reg[15]
  -------------------------------------------------------------------
                         required time                          8.296    
                         arrival time                         -16.424    
  -------------------------------------------------------------------
                         slack                                 -8.128    

Slack (VIOLATED) :        -8.128ns  (required time - arrival time)
  Source:                 native_system/digital/carrier_acc_reg[7]/C
                            (rising edge-triggered cell FDCE clocked by core132  {rise@0.000ns fall@3.788ns period=7.576ns})
  Destination:            native_system/digital/serial/bit_index_reg[16]/CE
                            (rising edge-triggered cell FDCE clocked by core132  {rise@0.000ns fall@3.788ns period=7.576ns})
  Path Group:             core132
  Path Type:              Setup (Max at Slow Process Corner)
  Requirement:            7.576ns  (core132 rise@7.576ns - core132 rise@0.000ns)
  Data Path Delay:        15.451ns  (logic 6.396ns (41.395%)  route 9.055ns (58.605%))
  Logic Levels:           24  (CARRY4=11 LUT2=2 LUT3=3 LUT4=1 LUT5=4 LUT6=3)
  Clock Path Skew:        -0.049ns (DCD - SCD + CPR)
    Destination Clock Delay (DCD):    0.924ns = ( 8.500 - 7.576 ) 
    Source Clock Delay      (SCD):    0.973ns
    Clock Pessimism Removal (CPR):    0.000ns
  Clock Uncertainty:      0.035ns  ((TSJ^2 + TIJ^2)^1/2 + DJ) / 2 + PE
    Total System Jitter     (TSJ):    0.071ns
    Total Input Jitter      (TIJ):    0.000ns
    Discrete Jitter          (DJ):    0.000ns
    Phase Error              (PE):    0.000ns

    Location             Delay type                Incr(ns)  Path(ns)    Netlist Resource(s)
  -------------------------------------------------------------------    -------------------
                         (clock core132 rise edge)    0.000     0.000 r  
                                                      0.000     0.000 r  clk (IN)
                         net (fo=18003, unset)        0.973     0.973    native_system/digital/clk
                         FDCE                                         r  native_system/digital/carrier_acc_reg[7]/C
  -------------------------------------------------------------------    -------------------
                         FDCE (Prop_fdce_C_Q)         0.518     1.491 r  native_system/digital/carrier_acc_reg[7]/Q
                         net (fo=15, unplaced)        0.794     2.285    native_system/digital/serial/previous_phase_reg[3][7]
                                                                      r  native_system/digital/serial/previous_phase[1]_i_76/I0
                         LUT3 (Prop_lut3_I0_O)        0.319     2.604 f  native_system/digital/serial/previous_phase[1]_i_76/O
                         net (fo=3, unplaced)         0.467     3.071    native_system/digital/serial/previous_phase[1]_i_76_n_0
                                                                      f  native_system/digital/serial/previous_phase[1]_i_55/I0
                         LUT5 (Prop_lut5_I0_O)        0.124     3.195 r  native_system/digital/serial/previous_phase[1]_i_55/O
                         net (fo=2, unplaced)         0.650     3.845    native_system/digital/serial/previous_phase[1]_i_55_n_0
                                                                      r  native_system/digital/serial/previous_phase_reg[1]_i_39/DI[1]
                         CARRY4 (Prop_carry4_DI[1]_CO[3])
                                                      0.520     4.365 r  native_system/digital/serial/previous_phase_reg[1]_i_39/CO[3]
                         net (fo=1, unplaced)         0.000     4.365    native_system/digital/serial/previous_phase_reg[1]_i_39_n_0
                                                                      r  native_system/digital/serial/previous_phase_reg[1]_i_26/CI
                         CARRY4 (Prop_carry4_CI_CO[3])
                                                      0.117     4.482 r  native_system/digital/serial/previous_phase_reg[1]_i_26/CO[3]
                         net (fo=1, unplaced)         0.000     4.482    native_system/digital/serial/previous_phase_reg[1]_i_26_n_0
                                                                      r  native_system/digital/serial/previous_phase_reg[1]_i_12/CI
                         CARRY4 (Prop_carry4_CI_CO[3])
                                                      0.117     4.599 r  native_system/digital/serial/previous_phase_reg[1]_i_12/CO[3]
                         net (fo=1, unplaced)         0.000     4.599    native_system/digital/serial/previous_phase_reg[1]_i_12_n_0
                                                                      r  native_system/digital/serial/previous_phase_reg[1]_i_3/CI
                         CARRY4 (Prop_carry4_CI_CO[3])
                                                      0.117     4.716 r  native_system/digital/serial/previous_phase_reg[1]_i_3/CO[3]
                         net (fo=1, unplaced)         0.000     4.716    native_system/digital/serial/previous_phase_reg[1]_i_3_n_0
                                                                      r  native_system/digital/serial/previous_phase_reg[1]_i_2/CI
                         CARRY4 (Prop_carry4_CI_O[2])
                                                      0.256     4.972 r  native_system/digital/serial/previous_phase_reg[1]_i_2/O[2]
                         net (fo=25, unplaced)        0.970     5.942    native_system/digital/serial/previous_phase_reg[1]_i_2_n_5
                                                                      r  native_system/digital/serial/previous_phase[7]_i_190/I2
                         LUT3 (Prop_lut3_I2_O)        0.301     6.243 r  native_system/digital/serial/previous_phase[7]_i_190/O
                         net (fo=2, unplaced)         0.460     6.703    native_system/digital/serial/previous_phase[7]_i_190_n_0
                                                                      r  native_system/digital/serial/previous_phase[7]_i_193/I3
                         LUT4 (Prop_lut4_I3_O)        0.124     6.827 r  native_system/digital/serial/previous_phase[7]_i_193/O
                         net (fo=1, unplaced)         0.000     6.827    native_system/digital/serial/previous_phase[7]_i_193_n_0
                                                                      r  native_system/digital/serial/previous_phase_reg[7]_i_141/S[3]
                         CARRY4 (Prop_carry4_S[3]_CO[3])
                                                      0.376     7.203 r  native_system/digital/serial/previous_phase_reg[7]_i_141/CO[3]
                         net (fo=1, unplaced)         0.009     7.212    native_system/digital/serial/previous_phase_reg[7]_i_141_n_0
                                                                      r  native_system/digital/serial/previous_phase_reg[7]_i_98/CI
                         CARRY4 (Prop_carry4_CI_O[1])
                                                      0.337     7.549 r  native_system/digital/serial/previous_phase_reg[7]_i_98/O[1]
                         net (fo=4, unplaced)         0.635     8.184    native_system/digital/serial/previous_phase_reg[7]_i_98_n_6
                                                                      r  native_system/digital/serial/previous_phase[7]_i_140/I0
                         LUT3 (Prop_lut3_I0_O)        0.306     8.490 r  native_system/digital/serial/previous_phase[7]_i_140/O
                         net (fo=1, unplaced)         0.419     8.909    native_system/digital/serial/previous_phase[7]_i_140_n_0
                                                                      r  native_system/digital/serial/previous_phase[7]_i_90/I4
                         LUT5 (Prop_lut5_I4_O)        0.124     9.033 r  native_system/digital/serial/previous_phase[7]_i_90/O
                         net (fo=2, unplaced)         0.460     9.493    native_system/digital/serial/previous_phase[7]_i_90_n_0
                                                                      r  native_system/digital/serial/previous_phase[7]_i_94/I0
                         LUT5 (Prop_lut5_I0_O)        0.124     9.617 r  native_system/digital/serial/previous_phase[7]_i_94/O
                         net (fo=1, unplaced)         0.000     9.617    native_system/digital/serial/previous_phase[7]_i_94_n_0
                                                                      r  native_system/digital/serial/previous_phase_reg[7]_i_52/S[2]
                         CARRY4 (Prop_carry4_S[2]_CO[3])
                                                      0.380     9.997 r  native_system/digital/serial/previous_phase_reg[7]_i_52/CO[3]
                         net (fo=1, unplaced)         0.000     9.997    native_system/digital/serial/previous_phase_reg[7]_i_52_n_0
                                                                      r  native_system/digital/serial/previous_phase_reg[7]_i_29/CI
                         CARRY4 (Prop_carry4_CI_O[3])
                                                      0.331    10.328 r  native_system/digital/serial/previous_phase_reg[7]_i_29/O[3]
                         net (fo=3, unplaced)         0.636    10.964    native_system/digital/serial/previous_phase_reg[7]_i_29_n_4
                                                                      r  native_system/digital/serial/previous_phase[7]_i_23/I0
                         LUT2 (Prop_lut2_I0_O)        0.300    11.264 r  native_system/digital/serial/previous_phase[7]_i_23/O
                         net (fo=1, unplaced)         0.000    11.264    native_system/digital/serial/previous_phase[7]_i_23_n_0
                                                                      r  native_system/digital/serial/previous_phase_reg[7]_i_9/DI[1]
                         CARRY4 (Prop_carry4_DI[1]_CO[3])
                                                      0.547    11.811 r  native_system/digital/serial/previous_phase_reg[7]_i_9/CO[3]
                         net (fo=1, unplaced)         0.000    11.811    native_system/digital/serial/previous_phase_reg[7]_i_9_n_0
                                                                      r  native_system/digital/serial/previous_phase_reg[7]_i_3/CI
                         CARRY4 (Prop_carry4_CI_CO[2])
                                                      0.252    12.063 r  native_system/digital/serial/previous_phase_reg[7]_i_3/CO[2]
                         net (fo=11, unplaced)        0.498    12.561    native_system/digital/serial/previous_phase_reg[7]_i_3_n_1
                                                                      r  native_system/digital/serial/previous_phase[3]_i_1/I1
                         LUT5 (Prop_lut5_I1_O)        0.310    12.871 r  native_system/digital/serial/previous_phase[3]_i_1/O
                         net (fo=258, unplaced)       1.025    13.896    native_system/digital/serial/D[3]
                                                                      r  native_system/digital/serial/captured[127]_i_4/I0
                         LUT6 (Prop_lut6_I0_O)        0.124    14.020 r  native_system/digital/serial/captured[127]_i_4/O
                         net (fo=1, unplaced)         0.449    14.469    native_system/digital/serial/captured[127]_i_4_n_0
                                                                      r  native_system/digital/serial/captured[127]_i_2/I1
                         LUT6 (Prop_lut6_I1_O)        0.124    14.593 r  native_system/digital/serial/captured[127]_i_2/O
                         net (fo=3, unplaced)         0.467    15.060    native_system/digital/serial/tick
                                                                      r  native_system/digital/serial/captured[127]_i_1/I0
                         LUT2 (Prop_lut2_I0_O)        0.124    15.184 r  native_system/digital/serial/captured[127]_i_1/O
                         net (fo=131, unplaced)       0.555    15.739    native_system/digital/serial/captured[0]
                                                                      r  native_system/digital/serial/serial_data[31]_i_1/I0
                         LUT6 (Prop_lut6_I0_O)        0.124    15.863 r  native_system/digital/serial/serial_data[31]_i_1/O
                         net (fo=64, unplaced)        0.561    16.424    native_system/digital/serial/serial_data[31]_i_1_n_0
                         FDCE                                         r  native_system/digital/serial/bit_index_reg[16]/CE
  -------------------------------------------------------------------    -------------------

                         (clock core132 rise edge)    7.576     7.576 r  
                                                      0.000     7.576 r  clk (IN)
                         net (fo=18003, unset)        0.924     8.500    native_system/digital/serial/clk
                         FDCE                                         r  native_system/digital/serial/bit_index_reg[16]/C
                         clock pessimism              0.000     8.500    
                         clock uncertainty           -0.035     8.465    
                         FDCE (Setup_fdce_C_CE)      -0.169     8.296    native_system/digital/serial/bit_index_reg[16]
  -------------------------------------------------------------------
                         required time                          8.296    
                         arrival time                         -16.424    
  -------------------------------------------------------------------
                         slack                                 -8.128    

Slack (VIOLATED) :        -8.128ns  (required time - arrival time)
  Source:                 native_system/digital/carrier_acc_reg[7]/C
                            (rising edge-triggered cell FDCE clocked by core132  {rise@0.000ns fall@3.788ns period=7.576ns})
  Destination:            native_system/digital/serial/bit_index_reg[17]/CE
                            (rising edge-triggered cell FDCE clocked by core132  {rise@0.000ns fall@3.788ns period=7.576ns})
  Path Group:             core132
  Path Type:              Setup (Max at Slow Process Corner)
  Requirement:            7.576ns  (core132 rise@7.576ns - core132 rise@0.000ns)
  Data Path Delay:        15.451ns  (logic 6.396ns (41.395%)  route 9.055ns (58.605%))
  Logic Levels:           24  (CARRY4=11 LUT2=2 LUT3=3 LUT4=1 LUT5=4 LUT6=3)
  Clock Path Skew:        -0.049ns (DCD - SCD + CPR)
    Destination Clock Delay (DCD):    0.924ns = ( 8.500 - 7.576 ) 
    Source Clock Delay      (SCD):    0.973ns
    Clock Pessimism Removal (CPR):    0.000ns
  Clock Uncertainty:      0.035ns  ((TSJ^2 + TIJ^2)^1/2 + DJ) / 2 + PE
    Total System Jitter     (TSJ):    0.071ns
    Total Input Jitter      (TIJ):    0.000ns
    Discrete Jitter          (DJ):    0.000ns
    Phase Error              (PE):    0.000ns

    Location             Delay type                Incr(ns)  Path(ns)    Netlist Resource(s)
  -------------------------------------------------------------------    -------------------
                         (clock core132 rise edge)    0.000     0.000 r  
                                                      0.000     0.000 r  clk (IN)
                         net (fo=18003, unset)        0.973     0.973    native_system/digital/clk
                         FDCE                                         r  native_system/digital/carrier_acc_reg[7]/C
  -------------------------------------------------------------------    -------------------
                         FDCE (Prop_fdce_C_Q)         0.518     1.491 r  native_system/digital/carrier_acc_reg[7]/Q
                         net (fo=15, unplaced)        0.794     2.285    native_system/digital/serial/previous_phase_reg[3][7]
                                                                      r  native_system/digital/serial/previous_phase[1]_i_76/I0
                         LUT3 (Prop_lut3_I0_O)        0.319     2.604 f  native_system/digital/serial/previous_phase[1]_i_76/O
                         net (fo=3, unplaced)         0.467     3.071    native_system/digital/serial/previous_phase[1]_i_76_n_0
                                                                      f  native_system/digital/serial/previous_phase[1]_i_55/I0
                         LUT5 (Prop_lut5_I0_O)        0.124     3.195 r  native_system/digital/serial/previous_phase[1]_i_55/O
                         net (fo=2, unplaced)         0.650     3.845    native_system/digital/serial/previous_phase[1]_i_55_n_0
                                                                      r  native_system/digital/serial/previous_phase_reg[1]_i_39/DI[1]
                         CARRY4 (Prop_carry4_DI[1]_CO[3])
                                                      0.520     4.365 r  native_system/digital/serial/previous_phase_reg[1]_i_39/CO[3]
                         net (fo=1, unplaced)         0.000     4.365    native_system/digital/serial/previous_phase_reg[1]_i_39_n_0
                                                                      r  native_system/digital/serial/previous_phase_reg[1]_i_26/CI
                         CARRY4 (Prop_carry4_CI_CO[3])
                                                      0.117     4.482 r  native_system/digital/serial/previous_phase_reg[1]_i_26/CO[3]
                         net (fo=1, unplaced)         0.000     4.482    native_system/digital/serial/previous_phase_reg[1]_i_26_n_0
                                                                      r  native_system/digital/serial/previous_phase_reg[1]_i_12/CI
                         CARRY4 (Prop_carry4_CI_CO[3])
                                                      0.117     4.599 r  native_system/digital/serial/previous_phase_reg[1]_i_12/CO[3]
                         net (fo=1, unplaced)         0.000     4.599    native_system/digital/serial/previous_phase_reg[1]_i_12_n_0
                                                                      r  native_system/digital/serial/previous_phase_reg[1]_i_3/CI
                         CARRY4 (Prop_carry4_CI_CO[3])
                                                      0.117     4.716 r  native_system/digital/serial/previous_phase_reg[1]_i_3/CO[3]
                         net (fo=1, unplaced)         0.000     4.716    native_system/digital/serial/previous_phase_reg[1]_i_3_n_0
                                                                      r  native_system/digital/serial/previous_phase_reg[1]_i_2/CI
                         CARRY4 (Prop_carry4_CI_O[2])
                                                      0.256     4.972 r  native_system/digital/serial/previous_phase_reg[1]_i_2/O[2]
                         net (fo=25, unplaced)        0.970     5.942    native_system/digital/serial/previous_phase_reg[1]_i_2_n_5
                                                                      r  native_system/digital/serial/previous_phase[7]_i_190/I2
                         LUT3 (Prop_lut3_I2_O)        0.301     6.243 r  native_system/digital/serial/previous_phase[7]_i_190/O
                         net (fo=2, unplaced)         0.460     6.703    native_system/digital/serial/previous_phase[7]_i_190_n_0
                                                                      r  native_system/digital/serial/previous_phase[7]_i_193/I3
                         LUT4 (Prop_lut4_I3_O)        0.124     6.827 r  native_system/digital/serial/previous_phase[7]_i_193/O
                         net (fo=1, unplaced)         0.000     6.827    native_system/digital/serial/previous_phase[7]_i_193_n_0
                                                                      r  native_system/digital/serial/previous_phase_reg[7]_i_141/S[3]
                         CARRY4 (Prop_carry4_S[3]_CO[3])
                                                      0.376     7.203 r  native_system/digital/serial/previous_phase_reg[7]_i_141/CO[3]
                         net (fo=1, unplaced)         0.009     7.212    native_system/digital/serial/previous_phase_reg[7]_i_141_n_0
                                                                      r  native_system/digital/serial/previous_phase_reg[7]_i_98/CI
                         CARRY4 (Prop_carry4_CI_O[1])
                                                      0.337     7.549 r  native_system/digital/serial/previous_phase_reg[7]_i_98/O[1]
                         net (fo=4, unplaced)         0.635     8.184    native_system/digital/serial/previous_phase_reg[7]_i_98_n_6
                                                                      r  native_system/digital/serial/previous_phase[7]_i_140/I0
                         LUT3 (Prop_lut3_I0_O)        0.306     8.490 r  native_system/digital/serial/previous_phase[7]_i_140/O
                         net (fo=1, unplaced)         0.419     8.909    native_system/digital/serial/previous_phase[7]_i_140_n_0
                                                                      r  native_system/digital/serial/previous_phase[7]_i_90/I4
                         LUT5 (Prop_lut5_I4_O)        0.124     9.033 r  native_system/digital/serial/previous_phase[7]_i_90/O
                         net (fo=2, unplaced)         0.460     9.493    native_system/digital/serial/previous_phase[7]_i_90_n_0
                                                                      r  native_system/digital/serial/previous_phase[7]_i_94/I0
                         LUT5 (Prop_lut5_I0_O)        0.124     9.617 r  native_system/digital/serial/previous_phase[7]_i_94/O
                         net (fo=1, unplaced)         0.000     9.617    native_system/digital/serial/previous_phase[7]_i_94_n_0
                                                                      r  native_system/digital/serial/previous_phase_reg[7]_i_52/S[2]
                         CARRY4 (Prop_carry4_S[2]_CO[3])
                                                      0.380     9.997 r  native_system/digital/serial/previous_phase_reg[7]_i_52/CO[3]
                         net (fo=1, unplaced)         0.000     9.997    native_system/digital/serial/previous_phase_reg[7]_i_52_n_0
                                                                      r  native_system/digital/serial/previous_phase_reg[7]_i_29/CI
                         CARRY4 (Prop_carry4_CI_O[3])
                                                      0.331    10.328 r  native_system/digital/serial/previous_phase_reg[7]_i_29/O[3]
                         net (fo=3, unplaced)         0.636    10.964    native_system/digital/serial/previous_phase_reg[7]_i_29_n_4
                                                                      r  native_system/digital/serial/previous_phase[7]_i_23/I0
                         LUT2 (Prop_lut2_I0_O)        0.300    11.264 r  native_system/digital/serial/previous_phase[7]_i_23/O
                         net (fo=1, unplaced)         0.000    11.264    native_system/digital/serial/previous_phase[7]_i_23_n_0
                                                                      r  native_system/digital/serial/previous_phase_reg[7]_i_9/DI[1]
                         CARRY4 (Prop_carry4_DI[1]_CO[3])
                                                      0.547    11.811 r  native_system/digital/serial/previous_phase_reg[7]_i_9/CO[3]
                         net (fo=1, unplaced)         0.000    11.811    native_system/digital/serial/previous_phase_reg[7]_i_9_n_0
                                                                      r  native_system/digital/serial/previous_phase_reg[7]_i_3/CI
                         CARRY4 (Prop_carry4_CI_CO[2])
                                                      0.252    12.063 r  native_system/digital/serial/previous_phase_reg[7]_i_3/CO[2]
                         net (fo=11, unplaced)        0.498    12.561    native_system/digital/serial/previous_phase_reg[7]_i_3_n_1
                                                                      r  native_system/digital/serial/previous_phase[3]_i_1/I1
                         LUT5 (Prop_lut5_I1_O)        0.310    12.871 r  native_system/digital/serial/previous_phase[3]_i_1/O
                         net (fo=258, unplaced)       1.025    13.896    native_system/digital/serial/D[3]
                                                                      r  native_system/digital/serial/captured[127]_i_4/I0
                         LUT6 (Prop_lut6_I0_O)        0.124    14.020 r  native_system/digital/serial/captured[127]_i_4/O
                         net (fo=1, unplaced)         0.449    14.469    native_system/digital/serial/captured[127]_i_4_n_0
                                                                      r  native_system/digital/serial/captured[127]_i_2/I1
                         LUT6 (Prop_lut6_I1_O)        0.124    14.593 r  native_system/digital/serial/captured[127]_i_2/O
                         net (fo=3, unplaced)         0.467    15.060    native_system/digital/serial/tick
                                                                      r  native_system/digital/serial/captured[127]_i_1/I0
                         LUT2 (Prop_lut2_I0_O)        0.124    15.184 r  native_system/digital/serial/captured[127]_i_1/O
                         net (fo=131, unplaced)       0.555    15.739    native_system/digital/serial/captured[0]
                                                                      r  native_system/digital/serial/serial_data[31]_i_1/I0
                         LUT6 (Prop_lut6_I0_O)        0.124    15.863 r  native_system/digital/serial/serial_data[31]_i_1/O
                         net (fo=64, unplaced)        0.561    16.424    native_system/digital/serial/serial_data[31]_i_1_n_0
                         FDCE                                         r  native_system/digital/serial/bit_index_reg[17]/CE
  -------------------------------------------------------------------    -------------------

                         (clock core132 rise edge)    7.576     7.576 r  
                                                      0.000     7.576 r  clk (IN)
                         net (fo=18003, unset)        0.924     8.500    native_system/digital/serial/clk
                         FDCE                                         r  native_system/digital/serial/bit_index_reg[17]/C
                         clock pessimism              0.000     8.500    
                         clock uncertainty           -0.035     8.465    
                         FDCE (Setup_fdce_C_CE)      -0.169     8.296    native_system/digital/serial/bit_index_reg[17]
  -------------------------------------------------------------------
                         required time                          8.296    
                         arrival time                         -16.424    
  -------------------------------------------------------------------
                         slack                                 -8.128    

Slack (VIOLATED) :        -8.128ns  (required time - arrival time)
  Source:                 native_system/digital/carrier_acc_reg[7]/C
                            (rising edge-triggered cell FDCE clocked by core132  {rise@0.000ns fall@3.788ns period=7.576ns})
  Destination:            native_system/digital/serial/bit_index_reg[18]/CE
                            (rising edge-triggered cell FDCE clocked by core132  {rise@0.000ns fall@3.788ns period=7.576ns})
  Path Group:             core132
  Path Type:              Setup (Max at Slow Process Corner)
  Requirement:            7.576ns  (core132 rise@7.576ns - core132 rise@0.000ns)
  Data Path Delay:        15.451ns  (logic 6.396ns (41.395%)  route 9.055ns (58.605%))
  Logic Levels:           24  (CARRY4=11 LUT2=2 LUT3=3 LUT4=1 LUT5=4 LUT6=3)
  Clock Path Skew:        -0.049ns (DCD - SCD + CPR)
    Destination Clock Delay (DCD):    0.924ns = ( 8.500 - 7.576 ) 
    Source Clock Delay      (SCD):    0.973ns
    Clock Pessimism Removal (CPR):    0.000ns
  Clock Uncertainty:      0.035ns  ((TSJ^2 + TIJ^2)^1/2 + DJ) / 2 + PE
    Total System Jitter     (TSJ):    0.071ns
    Total Input Jitter      (TIJ):    0.000ns
    Discrete Jitter          (DJ):    0.000ns
    Phase Error              (PE):    0.000ns

    Location             Delay type                Incr(ns)  Path(ns)    Netlist Resource(s)
  -------------------------------------------------------------------    -------------------
                         (clock core132 rise edge)    0.000     0.000 r  
                                                      0.000     0.000 r  clk (IN)
                         net (fo=18003, unset)        0.973     0.973    native_system/digital/clk
                         FDCE                                         r  native_system/digital/carrier_acc_reg[7]/C
  -------------------------------------------------------------------    -------------------
                         FDCE (Prop_fdce_C_Q)         0.518     1.491 r  native_system/digital/carrier_acc_reg[7]/Q
                         net (fo=15, unplaced)        0.794     2.285    native_system/digital/serial/previous_phase_reg[3][7]
                                                                      r  native_system/digital/serial/previous_phase[1]_i_76/I0
                         LUT3 (Prop_lut3_I0_O)        0.319     2.604 f  native_system/digital/serial/previous_phase[1]_i_76/O
                         net (fo=3, unplaced)         0.467     3.071    native_system/digital/serial/previous_phase[1]_i_76_n_0
                                                                      f  native_system/digital/serial/previous_phase[1]_i_55/I0
                         LUT5 (Prop_lut5_I0_O)        0.124     3.195 r  native_system/digital/serial/previous_phase[1]_i_55/O
                         net (fo=2, unplaced)         0.650     3.845    native_system/digital/serial/previous_phase[1]_i_55_n_0
                                                                      r  native_system/digital/serial/previous_phase_reg[1]_i_39/DI[1]
                         CARRY4 (Prop_carry4_DI[1]_CO[3])
                                                      0.520     4.365 r  native_system/digital/serial/previous_phase_reg[1]_i_39/CO[3]
                         net (fo=1, unplaced)         0.000     4.365    native_system/digital/serial/previous_phase_reg[1]_i_39_n_0
                                                                      r  native_system/digital/serial/previous_phase_reg[1]_i_26/CI
                         CARRY4 (Prop_carry4_CI_CO[3])
                                                      0.117     4.482 r  native_system/digital/serial/previous_phase_reg[1]_i_26/CO[3]
                         net (fo=1, unplaced)         0.000     4.482    native_system/digital/serial/previous_phase_reg[1]_i_26_n_0
                                                                      r  native_system/digital/serial/previous_phase_reg[1]_i_12/CI
                         CARRY4 (Prop_carry4_CI_CO[3])
                                                      0.117     4.599 r  native_system/digital/serial/previous_phase_reg[1]_i_12/CO[3]
                         net (fo=1, unplaced)         0.000     4.599    native_system/digital/serial/previous_phase_reg[1]_i_12_n_0
                                                                      r  native_system/digital/serial/previous_phase_reg[1]_i_3/CI
                         CARRY4 (Prop_carry4_CI_CO[3])
                                                      0.117     4.716 r  native_system/digital/serial/previous_phase_reg[1]_i_3/CO[3]
                         net (fo=1, unplaced)         0.000     4.716    native_system/digital/serial/previous_phase_reg[1]_i_3_n_0
                                                                      r  native_system/digital/serial/previous_phase_reg[1]_i_2/CI
                         CARRY4 (Prop_carry4_CI_O[2])
                                                      0.256     4.972 r  native_system/digital/serial/previous_phase_reg[1]_i_2/O[2]
                         net (fo=25, unplaced)        0.970     5.942    native_system/digital/serial/previous_phase_reg[1]_i_2_n_5
                                                                      r  native_system/digital/serial/previous_phase[7]_i_190/I2
                         LUT3 (Prop_lut3_I2_O)        0.301     6.243 r  native_system/digital/serial/previous_phase[7]_i_190/O
                         net (fo=2, unplaced)         0.460     6.703    native_system/digital/serial/previous_phase[7]_i_190_n_0
                                                                      r  native_system/digital/serial/previous_phase[7]_i_193/I3
                         LUT4 (Prop_lut4_I3_O)        0.124     6.827 r  native_system/digital/serial/previous_phase[7]_i_193/O
                         net (fo=1, unplaced)         0.000     6.827    native_system/digital/serial/previous_phase[7]_i_193_n_0
                                                                      r  native_system/digital/serial/previous_phase_reg[7]_i_141/S[3]
                         CARRY4 (Prop_carry4_S[3]_CO[3])
                                                      0.376     7.203 r  native_system/digital/serial/previous_phase_reg[7]_i_141/CO[3]
                         net (fo=1, unplaced)         0.009     7.212    native_system/digital/serial/previous_phase_reg[7]_i_141_n_0
                                                                      r  native_system/digital/serial/previous_phase_reg[7]_i_98/CI
                         CARRY4 (Prop_carry4_CI_O[1])
                                                      0.337     7.549 r  native_system/digital/serial/previous_phase_reg[7]_i_98/O[1]
                         net (fo=4, unplaced)         0.635     8.184    native_system/digital/serial/previous_phase_reg[7]_i_98_n_6
                                                                      r  native_system/digital/serial/previous_phase[7]_i_140/I0
                         LUT3 (Prop_lut3_I0_O)        0.306     8.490 r  native_system/digital/serial/previous_phase[7]_i_140/O
                         net (fo=1, unplaced)         0.419     8.909    native_system/digital/serial/previous_phase[7]_i_140_n_0
                                                                      r  native_system/digital/serial/previous_phase[7]_i_90/I4
                         LUT5 (Prop_lut5_I4_O)        0.124     9.033 r  native_system/digital/serial/previous_phase[7]_i_90/O
                         net (fo=2, unplaced)         0.460     9.493    native_system/digital/serial/previous_phase[7]_i_90_n_0
                                                                      r  native_system/digital/serial/previous_phase[7]_i_94/I0
                         LUT5 (Prop_lut5_I0_O)        0.124     9.617 r  native_system/digital/serial/previous_phase[7]_i_94/O
                         net (fo=1, unplaced)         0.000     9.617    native_system/digital/serial/previous_phase[7]_i_94_n_0
                                                                      r  native_system/digital/serial/previous_phase_reg[7]_i_52/S[2]
                         CARRY4 (Prop_carry4_S[2]_CO[3])
                                                      0.380     9.997 r  native_system/digital/serial/previous_phase_reg[7]_i_52/CO[3]
                         net (fo=1, unplaced)         0.000     9.997    native_system/digital/serial/previous_phase_reg[7]_i_52_n_0
                                                                      r  native_system/digital/serial/previous_phase_reg[7]_i_29/CI
                         CARRY4 (Prop_carry4_CI_O[3])
                                                      0.331    10.328 r  native_system/digital/serial/previous_phase_reg[7]_i_29/O[3]
                         net (fo=3, unplaced)         0.636    10.964    native_system/digital/serial/previous_phase_reg[7]_i_29_n_4
                                                                      r  native_system/digital/serial/previous_phase[7]_i_23/I0
                         LUT2 (Prop_lut2_I0_O)        0.300    11.264 r  native_system/digital/serial/previous_phase[7]_i_23/O
                         net (fo=1, unplaced)         0.000    11.264    native_system/digital/serial/previous_phase[7]_i_23_n_0
                                                                      r  native_system/digital/serial/previous_phase_reg[7]_i_9/DI[1]
                         CARRY4 (Prop_carry4_DI[1]_CO[3])
                                                      0.547    11.811 r  native_system/digital/serial/previous_phase_reg[7]_i_9/CO[3]
                         net (fo=1, unplaced)         0.000    11.811    native_system/digital/serial/previous_phase_reg[7]_i_9_n_0
                                                                      r  native_system/digital/serial/previous_phase_reg[7]_i_3/CI
                         CARRY4 (Prop_carry4_CI_CO[2])
                                                      0.252    12.063 r  native_system/digital/serial/previous_phase_reg[7]_i_3/CO[2]
                         net (fo=11, unplaced)        0.498    12.561    native_system/digital/serial/previous_phase_reg[7]_i_3_n_1
                                                                      r  native_system/digital/serial/previous_phase[3]_i_1/I1
                         LUT5 (Prop_lut5_I1_O)        0.310    12.871 r  native_system/digital/serial/previous_phase[3]_i_1/O
                         net (fo=258, unplaced)       1.025    13.896    native_system/digital/serial/D[3]
                                                                      r  native_system/digital/serial/captured[127]_i_4/I0
                         LUT6 (Prop_lut6_I0_O)        0.124    14.020 r  native_system/digital/serial/captured[127]_i_4/O
                         net (fo=1, unplaced)         0.449    14.469    native_system/digital/serial/captured[127]_i_4_n_0
                                                                      r  native_system/digital/serial/captured[127]_i_2/I1
                         LUT6 (Prop_lut6_I1_O)        0.124    14.593 r  native_system/digital/serial/captured[127]_i_2/O
                         net (fo=3, unplaced)         0.467    15.060    native_system/digital/serial/tick
                                                                      r  native_system/digital/serial/captured[127]_i_1/I0
                         LUT2 (Prop_lut2_I0_O)        0.124    15.184 r  native_system/digital/serial/captured[127]_i_1/O
                         net (fo=131, unplaced)       0.555    15.739    native_system/digital/serial/captured[0]
                                                                      r  native_system/digital/serial/serial_data[31]_i_1/I0
                         LUT6 (Prop_lut6_I0_O)        0.124    15.863 r  native_system/digital/serial/serial_data[31]_i_1/O
                         net (fo=64, unplaced)        0.561    16.424    native_system/digital/serial/serial_data[31]_i_1_n_0
                         FDCE                                         r  native_system/digital/serial/bit_index_reg[18]/CE
  -------------------------------------------------------------------    -------------------

                         (clock core132 rise edge)    7.576     7.576 r  
                                                      0.000     7.576 r  clk (IN)
                         net (fo=18003, unset)        0.924     8.500    native_system/digital/serial/clk
                         FDCE                                         r  native_system/digital/serial/bit_index_reg[18]/C
                         clock pessimism              0.000     8.500    
                         clock uncertainty           -0.035     8.465    
                         FDCE (Setup_fdce_C_CE)      -0.169     8.296    native_system/digital/serial/bit_index_reg[18]
  -------------------------------------------------------------------
                         required time                          8.296    
                         arrival time                         -16.424    
  -------------------------------------------------------------------
                         slack                                 -8.128    

Slack (VIOLATED) :        -8.128ns  (required time - arrival time)
  Source:                 native_system/digital/carrier_acc_reg[7]/C
                            (rising edge-triggered cell FDCE clocked by core132  {rise@0.000ns fall@3.788ns period=7.576ns})
  Destination:            native_system/digital/serial/bit_index_reg[19]/CE
                            (rising edge-triggered cell FDCE clocked by core132  {rise@0.000ns fall@3.788ns period=7.576ns})
  Path Group:             core132
  Path Type:              Setup (Max at Slow Process Corner)
  Requirement:            7.576ns  (core132 rise@7.576ns - core132 rise@0.000ns)
  Data Path Delay:        15.451ns  (logic 6.396ns (41.395%)  route 9.055ns (58.605%))
  Logic Levels:           24  (CARRY4=11 LUT2=2 LUT3=3 LUT4=1 LUT5=4 LUT6=3)
  Clock Path Skew:        -0.049ns (DCD - SCD + CPR)
    Destination Clock Delay (DCD):    0.924ns = ( 8.500 - 7.576 ) 
    Source Clock Delay      (SCD):    0.973ns
    Clock Pessimism Removal (CPR):    0.000ns
  Clock Uncertainty:      0.035ns  ((TSJ^2 + TIJ^2)^1/2 + DJ) / 2 + PE
    Total System Jitter     (TSJ):    0.071ns
    Total Input Jitter      (TIJ):    0.000ns
    Discrete Jitter          (DJ):    0.000ns
    Phase Error              (PE):    0.000ns

    Location             Delay type                Incr(ns)  Path(ns)    Netlist Resource(s)
  -------------------------------------------------------------------    -------------------
                         (clock core132 rise edge)    0.000     0.000 r  
                                                      0.000     0.000 r  clk (IN)
                         net (fo=18003, unset)        0.973     0.973    native_system/digital/clk
                         FDCE                                         r  native_system/digital/carrier_acc_reg[7]/C
  -------------------------------------------------------------------    -------------------
                         FDCE (Prop_fdce_C_Q)         0.518     1.491 r  native_system/digital/carrier_acc_reg[7]/Q
                         net (fo=15, unplaced)        0.794     2.285    native_system/digital/serial/previous_phase_reg[3][7]
                                                                      r  native_system/digital/serial/previous_phase[1]_i_76/I0
                         LUT3 (Prop_lut3_I0_O)        0.319     2.604 f  native_system/digital/serial/previous_phase[1]_i_76/O
                         net (fo=3, unplaced)         0.467     3.071    native_system/digital/serial/previous_phase[1]_i_76_n_0
                                                                      f  native_system/digital/serial/previous_phase[1]_i_55/I0
                         LUT5 (Prop_lut5_I0_O)        0.124     3.195 r  native_system/digital/serial/previous_phase[1]_i_55/O
                         net (fo=2, unplaced)         0.650     3.845    native_system/digital/serial/previous_phase[1]_i_55_n_0
                                                                      r  native_system/digital/serial/previous_phase_reg[1]_i_39/DI[1]
                         CARRY4 (Prop_carry4_DI[1]_CO[3])
                                                      0.520     4.365 r  native_system/digital/serial/previous_phase_reg[1]_i_39/CO[3]
                         net (fo=1, unplaced)         0.000     4.365    native_system/digital/serial/previous_phase_reg[1]_i_39_n_0
                                                                      r  native_system/digital/serial/previous_phase_reg[1]_i_26/CI
                         CARRY4 (Prop_carry4_CI_CO[3])
                                                      0.117     4.482 r  native_system/digital/serial/previous_phase_reg[1]_i_26/CO[3]
                         net (fo=1, unplaced)         0.000     4.482    native_system/digital/serial/previous_phase_reg[1]_i_26_n_0
                                                                      r  native_system/digital/serial/previous_phase_reg[1]_i_12/CI
                         CARRY4 (Prop_carry4_CI_CO[3])
                                                      0.117     4.599 r  native_system/digital/serial/previous_phase_reg[1]_i_12/CO[3]
                         net (fo=1, unplaced)         0.000     4.599    native_system/digital/serial/previous_phase_reg[1]_i_12_n_0
                                                                      r  native_system/digital/serial/previous_phase_reg[1]_i_3/CI
                         CARRY4 (Prop_carry4_CI_CO[3])
                                                      0.117     4.716 r  native_system/digital/serial/previous_phase_reg[1]_i_3/CO[3]
                         net (fo=1, unplaced)         0.000     4.716    native_system/digital/serial/previous_phase_reg[1]_i_3_n_0
                                                                      r  native_system/digital/serial/previous_phase_reg[1]_i_2/CI
                         CARRY4 (Prop_carry4_CI_O[2])
                                                      0.256     4.972 r  native_system/digital/serial/previous_phase_reg[1]_i_2/O[2]
                         net (fo=25, unplaced)        0.970     5.942    native_system/digital/serial/previous_phase_reg[1]_i_2_n_5
                                                                      r  native_system/digital/serial/previous_phase[7]_i_190/I2
                         LUT3 (Prop_lut3_I2_O)        0.301     6.243 r  native_system/digital/serial/previous_phase[7]_i_190/O
                         net (fo=2, unplaced)         0.460     6.703    native_system/digital/serial/previous_phase[7]_i_190_n_0
                                                                      r  native_system/digital/serial/previous_phase[7]_i_193/I3
                         LUT4 (Prop_lut4_I3_O)        0.124     6.827 r  native_system/digital/serial/previous_phase[7]_i_193/O
                         net (fo=1, unplaced)         0.000     6.827    native_system/digital/serial/previous_phase[7]_i_193_n_0
                                                                      r  native_system/digital/serial/previous_phase_reg[7]_i_141/S[3]
                         CARRY4 (Prop_carry4_S[3]_CO[3])
                                                      0.376     7.203 r  native_system/digital/serial/previous_phase_reg[7]_i_141/CO[3]
                         net (fo=1, unplaced)         0.009     7.212    native_system/digital/serial/previous_phase_reg[7]_i_141_n_0
                                                                      r  native_system/digital/serial/previous_phase_reg[7]_i_98/CI
                         CARRY4 (Prop_carry4_CI_O[1])
                                                      0.337     7.549 r  native_system/digital/serial/previous_phase_reg[7]_i_98/O[1]
                         net (fo=4, unplaced)         0.635     8.184    native_system/digital/serial/previous_phase_reg[7]_i_98_n_6
                                                                      r  native_system/digital/serial/previous_phase[7]_i_140/I0
                         LUT3 (Prop_lut3_I0_O)        0.306     8.490 r  native_system/digital/serial/previous_phase[7]_i_140/O
                         net (fo=1, unplaced)         0.419     8.909    native_system/digital/serial/previous_phase[7]_i_140_n_0
                                                                      r  native_system/digital/serial/previous_phase[7]_i_90/I4
                         LUT5 (Prop_lut5_I4_O)        0.124     9.033 r  native_system/digital/serial/previous_phase[7]_i_90/O
                         net (fo=2, unplaced)         0.460     9.493    native_system/digital/serial/previous_phase[7]_i_90_n_0
                                                                      r  native_system/digital/serial/previous_phase[7]_i_94/I0
                         LUT5 (Prop_lut5_I0_O)        0.124     9.617 r  native_system/digital/serial/previous_phase[7]_i_94/O
                         net (fo=1, unplaced)         0.000     9.617    native_system/digital/serial/previous_phase[7]_i_94_n_0
                                                                      r  native_system/digital/serial/previous_phase_reg[7]_i_52/S[2]
                         CARRY4 (Prop_carry4_S[2]_CO[3])
                                                      0.380     9.997 r  native_system/digital/serial/previous_phase_reg[7]_i_52/CO[3]
                         net (fo=1, unplaced)         0.000     9.997    native_system/digital/serial/previous_phase_reg[7]_i_52_n_0
                                                                      r  native_system/digital/serial/previous_phase_reg[7]_i_29/CI
                         CARRY4 (Prop_carry4_CI_O[3])
                                                      0.331    10.328 r  native_system/digital/serial/previous_phase_reg[7]_i_29/O[3]
                         net (fo=3, unplaced)         0.636    10.964    native_system/digital/serial/previous_phase_reg[7]_i_29_n_4
                                                                      r  native_system/digital/serial/previous_phase[7]_i_23/I0
                         LUT2 (Prop_lut2_I0_O)        0.300    11.264 r  native_system/digital/serial/previous_phase[7]_i_23/O
                         net (fo=1, unplaced)         0.000    11.264    native_system/digital/serial/previous_phase[7]_i_23_n_0
                                                                      r  native_system/digital/serial/previous_phase_reg[7]_i_9/DI[1]
                         CARRY4 (Prop_carry4_DI[1]_CO[3])
                                                      0.547    11.811 r  native_system/digital/serial/previous_phase_reg[7]_i_9/CO[3]
                         net (fo=1, unplaced)         0.000    11.811    native_system/digital/serial/previous_phase_reg[7]_i_9_n_0
                                                                      r  native_system/digital/serial/previous_phase_reg[7]_i_3/CI
                         CARRY4 (Prop_carry4_CI_CO[2])
                                                      0.252    12.063 r  native_system/digital/serial/previous_phase_reg[7]_i_3/CO[2]
                         net (fo=11, unplaced)        0.498    12.561    native_system/digital/serial/previous_phase_reg[7]_i_3_n_1
                                                                      r  native_system/digital/serial/previous_phase[3]_i_1/I1
                         LUT5 (Prop_lut5_I1_O)        0.310    12.871 r  native_system/digital/serial/previous_phase[3]_i_1/O
                         net (fo=258, unplaced)       1.025    13.896    native_system/digital/serial/D[3]
                                                                      r  native_system/digital/serial/captured[127]_i_4/I0
                         LUT6 (Prop_lut6_I0_O)        0.124    14.020 r  native_system/digital/serial/captured[127]_i_4/O
                         net (fo=1, unplaced)         0.449    14.469    native_system/digital/serial/captured[127]_i_4_n_0
                                                                      r  native_system/digital/serial/captured[127]_i_2/I1
                         LUT6 (Prop_lut6_I1_O)        0.124    14.593 r  native_system/digital/serial/captured[127]_i_2/O
                         net (fo=3, unplaced)         0.467    15.060    native_system/digital/serial/tick
                                                                      r  native_system/digital/serial/captured[127]_i_1/I0
                         LUT2 (Prop_lut2_I0_O)        0.124    15.184 r  native_system/digital/serial/captured[127]_i_1/O
                         net (fo=131, unplaced)       0.555    15.739    native_system/digital/serial/captured[0]
                                                                      r  native_system/digital/serial/serial_data[31]_i_1/I0
                         LUT6 (Prop_lut6_I0_O)        0.124    15.863 r  native_system/digital/serial/serial_data[31]_i_1/O
                         net (fo=64, unplaced)        0.561    16.424    native_system/digital/serial/serial_data[31]_i_1_n_0
                         FDCE                                         r  native_system/digital/serial/bit_index_reg[19]/CE
  -------------------------------------------------------------------    -------------------

                         (clock core132 rise edge)    7.576     7.576 r  
                                                      0.000     7.576 r  clk (IN)
                         net (fo=18003, unset)        0.924     8.500    native_system/digital/serial/clk
                         FDCE                                         r  native_system/digital/serial/bit_index_reg[19]/C
                         clock pessimism              0.000     8.500    
                         clock uncertainty           -0.035     8.465    
                         FDCE (Setup_fdce_C_CE)      -0.169     8.296    native_system/digital/serial/bit_index_reg[19]
  -------------------------------------------------------------------
                         required time                          8.296    
                         arrival time                         -16.424    
  -------------------------------------------------------------------
                         slack                                 -8.128    

Slack (VIOLATED) :        -8.128ns  (required time - arrival time)
  Source:                 native_system/digital/carrier_acc_reg[7]/C
                            (rising edge-triggered cell FDCE clocked by core132  {rise@0.000ns fall@3.788ns period=7.576ns})
  Destination:            native_system/digital/serial/bit_index_reg[1]/CE
                            (rising edge-triggered cell FDCE clocked by core132  {rise@0.000ns fall@3.788ns period=7.576ns})
  Path Group:             core132
  Path Type:              Setup (Max at Slow Process Corner)
  Requirement:            7.576ns  (core132 rise@7.576ns - core132 rise@0.000ns)
  Data Path Delay:        15.451ns  (logic 6.396ns (41.395%)  route 9.055ns (58.605%))
  Logic Levels:           24  (CARRY4=11 LUT2=2 LUT3=3 LUT4=1 LUT5=4 LUT6=3)
  Clock Path Skew:        -0.049ns (DCD - SCD + CPR)
    Destination Clock Delay (DCD):    0.924ns = ( 8.500 - 7.576 ) 
    Source Clock Delay      (SCD):    0.973ns
    Clock Pessimism Removal (CPR):    0.000ns
  Clock Uncertainty:      0.035ns  ((TSJ^2 + TIJ^2)^1/2 + DJ) / 2 + PE
    Total System Jitter     (TSJ):    0.071ns
    Total Input Jitter      (TIJ):    0.000ns
    Discrete Jitter          (DJ):    0.000ns
    Phase Error              (PE):    0.000ns

    Location             Delay type                Incr(ns)  Path(ns)    Netlist Resource(s)
  -------------------------------------------------------------------    -------------------
                         (clock core132 rise edge)    0.000     0.000 r  
                                                      0.000     0.000 r  clk (IN)
                         net (fo=18003, unset)        0.973     0.973    native_system/digital/clk
                         FDCE                                         r  native_system/digital/carrier_acc_reg[7]/C
  -------------------------------------------------------------------    -------------------
                         FDCE (Prop_fdce_C_Q)         0.518     1.491 r  native_system/digital/carrier_acc_reg[7]/Q
                         net (fo=15, unplaced)        0.794     2.285    native_system/digital/serial/previous_phase_reg[3][7]
                                                                      r  native_system/digital/serial/previous_phase[1]_i_76/I0
                         LUT3 (Prop_lut3_I0_O)        0.319     2.604 f  native_system/digital/serial/previous_phase[1]_i_76/O
                         net (fo=3, unplaced)         0.467     3.071    native_system/digital/serial/previous_phase[1]_i_76_n_0
                                                                      f  native_system/digital/serial/previous_phase[1]_i_55/I0
                         LUT5 (Prop_lut5_I0_O)        0.124     3.195 r  native_system/digital/serial/previous_phase[1]_i_55/O
                         net (fo=2, unplaced)         0.650     3.845    native_system/digital/serial/previous_phase[1]_i_55_n_0
                                                                      r  native_system/digital/serial/previous_phase_reg[1]_i_39/DI[1]
                         CARRY4 (Prop_carry4_DI[1]_CO[3])
                                                      0.520     4.365 r  native_system/digital/serial/previous_phase_reg[1]_i_39/CO[3]
                         net (fo=1, unplaced)         0.000     4.365    native_system/digital/serial/previous_phase_reg[1]_i_39_n_0
                                                                      r  native_system/digital/serial/previous_phase_reg[1]_i_26/CI
                         CARRY4 (Prop_carry4_CI_CO[3])
                                                      0.117     4.482 r  native_system/digital/serial/previous_phase_reg[1]_i_26/CO[3]
                         net (fo=1, unplaced)         0.000     4.482    native_system/digital/serial/previous_phase_reg[1]_i_26_n_0
                                                                      r  native_system/digital/serial/previous_phase_reg[1]_i_12/CI
                         CARRY4 (Prop_carry4_CI_CO[3])
                                                      0.117     4.599 r  native_system/digital/serial/previous_phase_reg[1]_i_12/CO[3]
                         net (fo=1, unplaced)         0.000     4.599    native_system/digital/serial/previous_phase_reg[1]_i_12_n_0
                                                                      r  native_system/digital/serial/previous_phase_reg[1]_i_3/CI
                         CARRY4 (Prop_carry4_CI_CO[3])
                                                      0.117     4.716 r  native_system/digital/serial/previous_phase_reg[1]_i_3/CO[3]
                         net (fo=1, unplaced)         0.000     4.716    native_system/digital/serial/previous_phase_reg[1]_i_3_n_0
                                                                      r  native_system/digital/serial/previous_phase_reg[1]_i_2/CI
                         CARRY4 (Prop_carry4_CI_O[2])
                                                      0.256     4.972 r  native_system/digital/serial/previous_phase_reg[1]_i_2/O[2]
                         net (fo=25, unplaced)        0.970     5.942    native_system/digital/serial/previous_phase_reg[1]_i_2_n_5
                                                                      r  native_system/digital/serial/previous_phase[7]_i_190/I2
                         LUT3 (Prop_lut3_I2_O)        0.301     6.243 r  native_system/digital/serial/previous_phase[7]_i_190/O
                         net (fo=2, unplaced)         0.460     6.703    native_system/digital/serial/previous_phase[7]_i_190_n_0
                                                                      r  native_system/digital/serial/previous_phase[7]_i_193/I3
                         LUT4 (Prop_lut4_I3_O)        0.124     6.827 r  native_system/digital/serial/previous_phase[7]_i_193/O
                         net (fo=1, unplaced)         0.000     6.827    native_system/digital/serial/previous_phase[7]_i_193_n_0
                                                                      r  native_system/digital/serial/previous_phase_reg[7]_i_141/S[3]
                         CARRY4 (Prop_carry4_S[3]_CO[3])
                                                      0.376     7.203 r  native_system/digital/serial/previous_phase_reg[7]_i_141/CO[3]
                         net (fo=1, unplaced)         0.009     7.212    native_system/digital/serial/previous_phase_reg[7]_i_141_n_0
                                                                      r  native_system/digital/serial/previous_phase_reg[7]_i_98/CI
                         CARRY4 (Prop_carry4_CI_O[1])
                                                      0.337     7.549 r  native_system/digital/serial/previous_phase_reg[7]_i_98/O[1]
                         net (fo=4, unplaced)         0.635     8.184    native_system/digital/serial/previous_phase_reg[7]_i_98_n_6
                                                                      r  native_system/digital/serial/previous_phase[7]_i_140/I0
                         LUT3 (Prop_lut3_I0_O)        0.306     8.490 r  native_system/digital/serial/previous_phase[7]_i_140/O
                         net (fo=1, unplaced)         0.419     8.909    native_system/digital/serial/previous_phase[7]_i_140_n_0
                                                                      r  native_system/digital/serial/previous_phase[7]_i_90/I4
                         LUT5 (Prop_lut5_I4_O)        0.124     9.033 r  native_system/digital/serial/previous_phase[7]_i_90/O
                         net (fo=2, unplaced)         0.460     9.493    native_system/digital/serial/previous_phase[7]_i_90_n_0
                                                                      r  native_system/digital/serial/previous_phase[7]_i_94/I0
                         LUT5 (Prop_lut5_I0_O)        0.124     9.617 r  native_system/digital/serial/previous_phase[7]_i_94/O
                         net (fo=1, unplaced)         0.000     9.617    native_system/digital/serial/previous_phase[7]_i_94_n_0
                                                                      r  native_system/digital/serial/previous_phase_reg[7]_i_52/S[2]
                         CARRY4 (Prop_carry4_S[2]_CO[3])
                                                      0.380     9.997 r  native_system/digital/serial/previous_phase_reg[7]_i_52/CO[3]
                         net (fo=1, unplaced)         0.000     9.997    native_system/digital/serial/previous_phase_reg[7]_i_52_n_0
                                                                      r  native_system/digital/serial/previous_phase_reg[7]_i_29/CI
                         CARRY4 (Prop_carry4_CI_O[3])
                                                      0.331    10.328 r  native_system/digital/serial/previous_phase_reg[7]_i_29/O[3]
                         net (fo=3, unplaced)         0.636    10.964    native_system/digital/serial/previous_phase_reg[7]_i_29_n_4
                                                                      r  native_system/digital/serial/previous_phase[7]_i_23/I0
                         LUT2 (Prop_lut2_I0_O)        0.300    11.264 r  native_system/digital/serial/previous_phase[7]_i_23/O
                         net (fo=1, unplaced)         0.000    11.264    native_system/digital/serial/previous_phase[7]_i_23_n_0
                                                                      r  native_system/digital/serial/previous_phase_reg[7]_i_9/DI[1]
                         CARRY4 (Prop_carry4_DI[1]_CO[3])
                                                      0.547    11.811 r  native_system/digital/serial/previous_phase_reg[7]_i_9/CO[3]
                         net (fo=1, unplaced)         0.000    11.811    native_system/digital/serial/previous_phase_reg[7]_i_9_n_0
                                                                      r  native_system/digital/serial/previous_phase_reg[7]_i_3/CI
                         CARRY4 (Prop_carry4_CI_CO[2])
                                                      0.252    12.063 r  native_system/digital/serial/previous_phase_reg[7]_i_3/CO[2]
                         net (fo=11, unplaced)        0.498    12.561    native_system/digital/serial/previous_phase_reg[7]_i_3_n_1
                                                                      r  native_system/digital/serial/previous_phase[3]_i_1/I1
                         LUT5 (Prop_lut5_I1_O)        0.310    12.871 r  native_system/digital/serial/previous_phase[3]_i_1/O
                         net (fo=258, unplaced)       1.025    13.896    native_system/digital/serial/D[3]
                                                                      r  native_system/digital/serial/captured[127]_i_4/I0
                         LUT6 (Prop_lut6_I0_O)        0.124    14.020 r  native_system/digital/serial/captured[127]_i_4/O
                         net (fo=1, unplaced)         0.449    14.469    native_system/digital/serial/captured[127]_i_4_n_0
                                                                      r  native_system/digital/serial/captured[127]_i_2/I1
                         LUT6 (Prop_lut6_I1_O)        0.124    14.593 r  native_system/digital/serial/captured[127]_i_2/O
                         net (fo=3, unplaced)         0.467    15.060    native_system/digital/serial/tick
                                                                      r  native_system/digital/serial/captured[127]_i_1/I0
                         LUT2 (Prop_lut2_I0_O)        0.124    15.184 r  native_system/digital/serial/captured[127]_i_1/O
                         net (fo=131, unplaced)       0.555    15.739    native_system/digital/serial/captured[0]
                                                                      r  native_system/digital/serial/serial_data[31]_i_1/I0
                         LUT6 (Prop_lut6_I0_O)        0.124    15.863 r  native_system/digital/serial/serial_data[31]_i_1/O
                         net (fo=64, unplaced)        0.561    16.424    native_system/digital/serial/serial_data[31]_i_1_n_0
                         FDCE                                         r  native_system/digital/serial/bit_index_reg[1]/CE
  -------------------------------------------------------------------    -------------------

                         (clock core132 rise edge)    7.576     7.576 r  
                                                      0.000     7.576 r  clk (IN)
                         net (fo=18003, unset)        0.924     8.500    native_system/digital/serial/clk
                         FDCE                                         r  native_system/digital/serial/bit_index_reg[1]/C
                         clock pessimism              0.000     8.500    
                         clock uncertainty           -0.035     8.465    
                         FDCE (Setup_fdce_C_CE)      -0.169     8.296    native_system/digital/serial/bit_index_reg[1]
  -------------------------------------------------------------------
                         required time                          8.296    
                         arrival time                         -16.424    
  -------------------------------------------------------------------
                         slack                                 -8.128    

Slack (VIOLATED) :        -8.128ns  (required time - arrival time)
  Source:                 native_system/digital/carrier_acc_reg[7]/C
                            (rising edge-triggered cell FDCE clocked by core132  {rise@0.000ns fall@3.788ns period=7.576ns})
  Destination:            native_system/digital/serial/bit_index_reg[20]/CE
                            (rising edge-triggered cell FDCE clocked by core132  {rise@0.000ns fall@3.788ns period=7.576ns})
  Path Group:             core132
  Path Type:              Setup (Max at Slow Process Corner)
  Requirement:            7.576ns  (core132 rise@7.576ns - core132 rise@0.000ns)
  Data Path Delay:        15.451ns  (logic 6.396ns (41.395%)  route 9.055ns (58.605%))
  Logic Levels:           24  (CARRY4=11 LUT2=2 LUT3=3 LUT4=1 LUT5=4 LUT6=3)
  Clock Path Skew:        -0.049ns (DCD - SCD + CPR)
    Destination Clock Delay (DCD):    0.924ns = ( 8.500 - 7.576 ) 
    Source Clock Delay      (SCD):    0.973ns
    Clock Pessimism Removal (CPR):    0.000ns
  Clock Uncertainty:      0.035ns  ((TSJ^2 + TIJ^2)^1/2 + DJ) / 2 + PE
    Total System Jitter     (TSJ):    0.071ns
    Total Input Jitter      (TIJ):    0.000ns
    Discrete Jitter          (DJ):    0.000ns
    Phase Error              (PE):    0.000ns

    Location             Delay type                Incr(ns)  Path(ns)    Netlist Resource(s)
  -------------------------------------------------------------------    -------------------
                         (clock core132 rise edge)    0.000     0.000 r  
                                                      0.000     0.000 r  clk (IN)
                         net (fo=18003, unset)        0.973     0.973    native_system/digital/clk
                         FDCE                                         r  native_system/digital/carrier_acc_reg[7]/C
  -------------------------------------------------------------------    -------------------
                         FDCE (Prop_fdce_C_Q)         0.518     1.491 r  native_system/digital/carrier_acc_reg[7]/Q
                         net (fo=15, unplaced)        0.794     2.285    native_system/digital/serial/previous_phase_reg[3][7]
                                                                      r  native_system/digital/serial/previous_phase[1]_i_76/I0
                         LUT3 (Prop_lut3_I0_O)        0.319     2.604 f  native_system/digital/serial/previous_phase[1]_i_76/O
                         net (fo=3, unplaced)         0.467     3.071    native_system/digital/serial/previous_phase[1]_i_76_n_0
                                                                      f  native_system/digital/serial/previous_phase[1]_i_55/I0
                         LUT5 (Prop_lut5_I0_O)        0.124     3.195 r  native_system/digital/serial/previous_phase[1]_i_55/O
                         net (fo=2, unplaced)         0.650     3.845    native_system/digital/serial/previous_phase[1]_i_55_n_0
                                                                      r  native_system/digital/serial/previous_phase_reg[1]_i_39/DI[1]
                         CARRY4 (Prop_carry4_DI[1]_CO[3])
                                                      0.520     4.365 r  native_system/digital/serial/previous_phase_reg[1]_i_39/CO[3]
                         net (fo=1, unplaced)         0.000     4.365    native_system/digital/serial/previous_phase_reg[1]_i_39_n_0
                                                                      r  native_system/digital/serial/previous_phase_reg[1]_i_26/CI
                         CARRY4 (Prop_carry4_CI_CO[3])
                                                      0.117     4.482 r  native_system/digital/serial/previous_phase_reg[1]_i_26/CO[3]
                         net (fo=1, unplaced)         0.000     4.482    native_system/digital/serial/previous_phase_reg[1]_i_26_n_0
                                                                      r  native_system/digital/serial/previous_phase_reg[1]_i_12/CI
                         CARRY4 (Prop_carry4_CI_CO[3])
                                                      0.117     4.599 r  native_system/digital/serial/previous_phase_reg[1]_i_12/CO[3]
                         net (fo=1, unplaced)         0.000     4.599    native_system/digital/serial/previous_phase_reg[1]_i_12_n_0
                                                                      r  native_system/digital/serial/previous_phase_reg[1]_i_3/CI
                         CARRY4 (Prop_carry4_CI_CO[3])
                                                      0.117     4.716 r  native_system/digital/serial/previous_phase_reg[1]_i_3/CO[3]
                         net (fo=1, unplaced)         0.000     4.716    native_system/digital/serial/previous_phase_reg[1]_i_3_n_0
                                                                      r  native_system/digital/serial/previous_phase_reg[1]_i_2/CI
                         CARRY4 (Prop_carry4_CI_O[2])
                                                      0.256     4.972 r  native_system/digital/serial/previous_phase_reg[1]_i_2/O[2]
                         net (fo=25, unplaced)        0.970     5.942    native_system/digital/serial/previous_phase_reg[1]_i_2_n_5
                                                                      r  native_system/digital/serial/previous_phase[7]_i_190/I2
                         LUT3 (Prop_lut3_I2_O)        0.301     6.243 r  native_system/digital/serial/previous_phase[7]_i_190/O
                         net (fo=2, unplaced)         0.460     6.703    native_system/digital/serial/previous_phase[7]_i_190_n_0
                                                                      r  native_system/digital/serial/previous_phase[7]_i_193/I3
                         LUT4 (Prop_lut4_I3_O)        0.124     6.827 r  native_system/digital/serial/previous_phase[7]_i_193/O
                         net (fo=1, unplaced)         0.000     6.827    native_system/digital/serial/previous_phase[7]_i_193_n_0
                                                                      r  native_system/digital/serial/previous_phase_reg[7]_i_141/S[3]
                         CARRY4 (Prop_carry4_S[3]_CO[3])
                                                      0.376     7.203 r  native_system/digital/serial/previous_phase_reg[7]_i_141/CO[3]
                         net (fo=1, unplaced)         0.009     7.212    native_system/digital/serial/previous_phase_reg[7]_i_141_n_0
                                                                      r  native_system/digital/serial/previous_phase_reg[7]_i_98/CI
                         CARRY4 (Prop_carry4_CI_O[1])
                                                      0.337     7.549 r  native_system/digital/serial/previous_phase_reg[7]_i_98/O[1]
                         net (fo=4, unplaced)         0.635     8.184    native_system/digital/serial/previous_phase_reg[7]_i_98_n_6
                                                                      r  native_system/digital/serial/previous_phase[7]_i_140/I0
                         LUT3 (Prop_lut3_I0_O)        0.306     8.490 r  native_system/digital/serial/previous_phase[7]_i_140/O
                         net (fo=1, unplaced)         0.419     8.909    native_system/digital/serial/previous_phase[7]_i_140_n_0
                                                                      r  native_system/digital/serial/previous_phase[7]_i_90/I4
                         LUT5 (Prop_lut5_I4_O)        0.124     9.033 r  native_system/digital/serial/previous_phase[7]_i_90/O
                         net (fo=2, unplaced)         0.460     9.493    native_system/digital/serial/previous_phase[7]_i_90_n_0
                                                                      r  native_system/digital/serial/previous_phase[7]_i_94/I0
                         LUT5 (Prop_lut5_I0_O)        0.124     9.617 r  native_system/digital/serial/previous_phase[7]_i_94/O
                         net (fo=1, unplaced)         0.000     9.617    native_system/digital/serial/previous_phase[7]_i_94_n_0
                                                                      r  native_system/digital/serial/previous_phase_reg[7]_i_52/S[2]
                         CARRY4 (Prop_carry4_S[2]_CO[3])
                                                      0.380     9.997 r  native_system/digital/serial/previous_phase_reg[7]_i_52/CO[3]
                         net (fo=1, unplaced)         0.000     9.997    native_system/digital/serial/previous_phase_reg[7]_i_52_n_0
                                                                      r  native_system/digital/serial/previous_phase_reg[7]_i_29/CI
                         CARRY4 (Prop_carry4_CI_O[3])
                                                      0.331    10.328 r  native_system/digital/serial/previous_phase_reg[7]_i_29/O[3]
                         net (fo=3, unplaced)         0.636    10.964    native_system/digital/serial/previous_phase_reg[7]_i_29_n_4
                                                                      r  native_system/digital/serial/previous_phase[7]_i_23/I0
                         LUT2 (Prop_lut2_I0_O)        0.300    11.264 r  native_system/digital/serial/previous_phase[7]_i_23/O
                         net (fo=1, unplaced)         0.000    11.264    native_system/digital/serial/previous_phase[7]_i_23_n_0
                                                                      r  native_system/digital/serial/previous_phase_reg[7]_i_9/DI[1]
                         CARRY4 (Prop_carry4_DI[1]_CO[3])
                                                      0.547    11.811 r  native_system/digital/serial/previous_phase_reg[7]_i_9/CO[3]
                         net (fo=1, unplaced)         0.000    11.811    native_system/digital/serial/previous_phase_reg[7]_i_9_n_0
                                                                      r  native_system/digital/serial/previous_phase_reg[7]_i_3/CI
                         CARRY4 (Prop_carry4_CI_CO[2])
                                                      0.252    12.063 r  native_system/digital/serial/previous_phase_reg[7]_i_3/CO[2]
                         net (fo=11, unplaced)        0.498    12.561    native_system/digital/serial/previous_phase_reg[7]_i_3_n_1
                                                                      r  native_system/digital/serial/previous_phase[3]_i_1/I1
                         LUT5 (Prop_lut5_I1_O)        0.310    12.871 r  native_system/digital/serial/previous_phase[3]_i_1/O
                         net (fo=258, unplaced)       1.025    13.896    native_system/digital/serial/D[3]
                                                                      r  native_system/digital/serial/captured[127]_i_4/I0
                         LUT6 (Prop_lut6_I0_O)        0.124    14.020 r  native_system/digital/serial/captured[127]_i_4/O
                         net (fo=1, unplaced)         0.449    14.469    native_system/digital/serial/captured[127]_i_4_n_0
                                                                      r  native_system/digital/serial/captured[127]_i_2/I1
                         LUT6 (Prop_lut6_I1_O)        0.124    14.593 r  native_system/digital/serial/captured[127]_i_2/O
                         net (fo=3, unplaced)         0.467    15.060    native_system/digital/serial/tick
                                                                      r  native_system/digital/serial/captured[127]_i_1/I0
                         LUT2 (Prop_lut2_I0_O)        0.124    15.184 r  native_system/digital/serial/captured[127]_i_1/O
                         net (fo=131, unplaced)       0.555    15.739    native_system/digital/serial/captured[0]
                                                                      r  native_system/digital/serial/serial_data[31]_i_1/I0
                         LUT6 (Prop_lut6_I0_O)        0.124    15.863 r  native_system/digital/serial/serial_data[31]_i_1/O
                         net (fo=64, unplaced)        0.561    16.424    native_system/digital/serial/serial_data[31]_i_1_n_0
                         FDCE                                         r  native_system/digital/serial/bit_index_reg[20]/CE
  -------------------------------------------------------------------    -------------------

                         (clock core132 rise edge)    7.576     7.576 r  
                                                      0.000     7.576 r  clk (IN)
                         net (fo=18003, unset)        0.924     8.500    native_system/digital/serial/clk
                         FDCE                                         r  native_system/digital/serial/bit_index_reg[20]/C
                         clock pessimism              0.000     8.500    
                         clock uncertainty           -0.035     8.465    
                         FDCE (Setup_fdce_C_CE)      -0.169     8.296    native_system/digital/serial/bit_index_reg[20]
  -------------------------------------------------------------------
                         required time                          8.296    
                         arrival time                         -16.424    
  -------------------------------------------------------------------
                         slack                                 -8.128    

Slack (VIOLATED) :        -8.128ns  (required time - arrival time)
  Source:                 native_system/digital/carrier_acc_reg[7]/C
                            (rising edge-triggered cell FDCE clocked by core132  {rise@0.000ns fall@3.788ns period=7.576ns})
  Destination:            native_system/digital/serial/bit_index_reg[21]/CE
                            (rising edge-triggered cell FDCE clocked by core132  {rise@0.000ns fall@3.788ns period=7.576ns})
  Path Group:             core132
  Path Type:              Setup (Max at Slow Process Corner)
  Requirement:            7.576ns  (core132 rise@7.576ns - core132 rise@0.000ns)
  Data Path Delay:        15.451ns  (logic 6.396ns (41.395%)  route 9.055ns (58.605%))
  Logic Levels:           24  (CARRY4=11 LUT2=2 LUT3=3 LUT4=1 LUT5=4 LUT6=3)
  Clock Path Skew:        -0.049ns (DCD - SCD + CPR)
    Destination Clock Delay (DCD):    0.924ns = ( 8.500 - 7.576 ) 
    Source Clock Delay      (SCD):    0.973ns
    Clock Pessimism Removal (CPR):    0.000ns
  Clock Uncertainty:      0.035ns  ((TSJ^2 + TIJ^2)^1/2 + DJ) / 2 + PE
    Total System Jitter     (TSJ):    0.071ns
    Total Input Jitter      (TIJ):    0.000ns
    Discrete Jitter          (DJ):    0.000ns
    Phase Error              (PE):    0.000ns

    Location             Delay type                Incr(ns)  Path(ns)    Netlist Resource(s)
  -------------------------------------------------------------------    -------------------
                         (clock core132 rise edge)    0.000     0.000 r  
                                                      0.000     0.000 r  clk (IN)
                         net (fo=18003, unset)        0.973     0.973    native_system/digital/clk
                         FDCE                                         r  native_system/digital/carrier_acc_reg[7]/C
  -------------------------------------------------------------------    -------------------
                         FDCE (Prop_fdce_C_Q)         0.518     1.491 r  native_system/digital/carrier_acc_reg[7]/Q
                         net (fo=15, unplaced)        0.794     2.285    native_system/digital/serial/previous_phase_reg[3][7]
                                                                      r  native_system/digital/serial/previous_phase[1]_i_76/I0
                         LUT3 (Prop_lut3_I0_O)        0.319     2.604 f  native_system/digital/serial/previous_phase[1]_i_76/O
                         net (fo=3, unplaced)         0.467     3.071    native_system/digital/serial/previous_phase[1]_i_76_n_0
                                                                      f  native_system/digital/serial/previous_phase[1]_i_55/I0
                         LUT5 (Prop_lut5_I0_O)        0.124     3.195 r  native_system/digital/serial/previous_phase[1]_i_55/O
                         net (fo=2, unplaced)         0.650     3.845    native_system/digital/serial/previous_phase[1]_i_55_n_0
                                                                      r  native_system/digital/serial/previous_phase_reg[1]_i_39/DI[1]
                         CARRY4 (Prop_carry4_DI[1]_CO[3])
                                                      0.520     4.365 r  native_system/digital/serial/previous_phase_reg[1]_i_39/CO[3]
                         net (fo=1, unplaced)         0.000     4.365    native_system/digital/serial/previous_phase_reg[1]_i_39_n_0
                                                                      r  native_system/digital/serial/previous_phase_reg[1]_i_26/CI
                         CARRY4 (Prop_carry4_CI_CO[3])
                                                      0.117     4.482 r  native_system/digital/serial/previous_phase_reg[1]_i_26/CO[3]
                         net (fo=1, unplaced)         0.000     4.482    native_system/digital/serial/previous_phase_reg[1]_i_26_n_0
                                                                      r  native_system/digital/serial/previous_phase_reg[1]_i_12/CI
                         CARRY4 (Prop_carry4_CI_CO[3])
                                                      0.117     4.599 r  native_system/digital/serial/previous_phase_reg[1]_i_12/CO[3]
                         net (fo=1, unplaced)         0.000     4.599    native_system/digital/serial/previous_phase_reg[1]_i_12_n_0
                                                                      r  native_system/digital/serial/previous_phase_reg[1]_i_3/CI
                         CARRY4 (Prop_carry4_CI_CO[3])
                                                      0.117     4.716 r  native_system/digital/serial/previous_phase_reg[1]_i_3/CO[3]
                         net (fo=1, unplaced)         0.000     4.716    native_system/digital/serial/previous_phase_reg[1]_i_3_n_0
                                                                      r  native_system/digital/serial/previous_phase_reg[1]_i_2/CI
                         CARRY4 (Prop_carry4_CI_O[2])
                                                      0.256     4.972 r  native_system/digital/serial/previous_phase_reg[1]_i_2/O[2]
                         net (fo=25, unplaced)        0.970     5.942    native_system/digital/serial/previous_phase_reg[1]_i_2_n_5
                                                                      r  native_system/digital/serial/previous_phase[7]_i_190/I2
                         LUT3 (Prop_lut3_I2_O)        0.301     6.243 r  native_system/digital/serial/previous_phase[7]_i_190/O
                         net (fo=2, unplaced)         0.460     6.703    native_system/digital/serial/previous_phase[7]_i_190_n_0
                                                                      r  native_system/digital/serial/previous_phase[7]_i_193/I3
                         LUT4 (Prop_lut4_I3_O)        0.124     6.827 r  native_system/digital/serial/previous_phase[7]_i_193/O
                         net (fo=1, unplaced)         0.000     6.827    native_system/digital/serial/previous_phase[7]_i_193_n_0
                                                                      r  native_system/digital/serial/previous_phase_reg[7]_i_141/S[3]
                         CARRY4 (Prop_carry4_S[3]_CO[3])
                                                      0.376     7.203 r  native_system/digital/serial/previous_phase_reg[7]_i_141/CO[3]
                         net (fo=1, unplaced)         0.009     7.212    native_system/digital/serial/previous_phase_reg[7]_i_141_n_0
                                                                      r  native_system/digital/serial/previous_phase_reg[7]_i_98/CI
                         CARRY4 (Prop_carry4_CI_O[1])
                                                      0.337     7.549 r  native_system/digital/serial/previous_phase_reg[7]_i_98/O[1]
                         net (fo=4, unplaced)         0.635     8.184    native_system/digital/serial/previous_phase_reg[7]_i_98_n_6
                                                                      r  native_system/digital/serial/previous_phase[7]_i_140/I0
                         LUT3 (Prop_lut3_I0_O)        0.306     8.490 r  native_system/digital/serial/previous_phase[7]_i_140/O
                         net (fo=1, unplaced)         0.419     8.909    native_system/digital/serial/previous_phase[7]_i_140_n_0
                                                                      r  native_system/digital/serial/previous_phase[7]_i_90/I4
                         LUT5 (Prop_lut5_I4_O)        0.124     9.033 r  native_system/digital/serial/previous_phase[7]_i_90/O
                         net (fo=2, unplaced)         0.460     9.493    native_system/digital/serial/previous_phase[7]_i_90_n_0
                                                                      r  native_system/digital/serial/previous_phase[7]_i_94/I0
                         LUT5 (Prop_lut5_I0_O)        0.124     9.617 r  native_system/digital/serial/previous_phase[7]_i_94/O
                         net (fo=1, unplaced)         0.000     9.617    native_system/digital/serial/previous_phase[7]_i_94_n_0
                                                                      r  native_system/digital/serial/previous_phase_reg[7]_i_52/S[2]
                         CARRY4 (Prop_carry4_S[2]_CO[3])
                                                      0.380     9.997 r  native_system/digital/serial/previous_phase_reg[7]_i_52/CO[3]
                         net (fo=1, unplaced)         0.000     9.997    native_system/digital/serial/previous_phase_reg[7]_i_52_n_0
                                                                      r  native_system/digital/serial/previous_phase_reg[7]_i_29/CI
                         CARRY4 (Prop_carry4_CI_O[3])
                                                      0.331    10.328 r  native_system/digital/serial/previous_phase_reg[7]_i_29/O[3]
                         net (fo=3, unplaced)         0.636    10.964    native_system/digital/serial/previous_phase_reg[7]_i_29_n_4
                                                                      r  native_system/digital/serial/previous_phase[7]_i_23/I0
                         LUT2 (Prop_lut2_I0_O)        0.300    11.264 r  native_system/digital/serial/previous_phase[7]_i_23/O
                         net (fo=1, unplaced)         0.000    11.264    native_system/digital/serial/previous_phase[7]_i_23_n_0
                                                                      r  native_system/digital/serial/previous_phase_reg[7]_i_9/DI[1]
                         CARRY4 (Prop_carry4_DI[1]_CO[3])
                                                      0.547    11.811 r  native_system/digital/serial/previous_phase_reg[7]_i_9/CO[3]
                         net (fo=1, unplaced)         0.000    11.811    native_system/digital/serial/previous_phase_reg[7]_i_9_n_0
                                                                      r  native_system/digital/serial/previous_phase_reg[7]_i_3/CI
                         CARRY4 (Prop_carry4_CI_CO[2])
                                                      0.252    12.063 r  native_system/digital/serial/previous_phase_reg[7]_i_3/CO[2]
                         net (fo=11, unplaced)        0.498    12.561    native_system/digital/serial/previous_phase_reg[7]_i_3_n_1
                                                                      r  native_system/digital/serial/previous_phase[3]_i_1/I1
                         LUT5 (Prop_lut5_I1_O)        0.310    12.871 r  native_system/digital/serial/previous_phase[3]_i_1/O
                         net (fo=258, unplaced)       1.025    13.896    native_system/digital/serial/D[3]
                                                                      r  native_system/digital/serial/captured[127]_i_4/I0
                         LUT6 (Prop_lut6_I0_O)        0.124    14.020 r  native_system/digital/serial/captured[127]_i_4/O
                         net (fo=1, unplaced)         0.449    14.469    native_system/digital/serial/captured[127]_i_4_n_0
                                                                      r  native_system/digital/serial/captured[127]_i_2/I1
                         LUT6 (Prop_lut6_I1_O)        0.124    14.593 r  native_system/digital/serial/captured[127]_i_2/O
                         net (fo=3, unplaced)         0.467    15.060    native_system/digital/serial/tick
                                                                      r  native_system/digital/serial/captured[127]_i_1/I0
                         LUT2 (Prop_lut2_I0_O)        0.124    15.184 r  native_system/digital/serial/captured[127]_i_1/O
                         net (fo=131, unplaced)       0.555    15.739    native_system/digital/serial/captured[0]
                                                                      r  native_system/digital/serial/serial_data[31]_i_1/I0
                         LUT6 (Prop_lut6_I0_O)        0.124    15.863 r  native_system/digital/serial/serial_data[31]_i_1/O
                         net (fo=64, unplaced)        0.561    16.424    native_system/digital/serial/serial_data[31]_i_1_n_0
                         FDCE                                         r  native_system/digital/serial/bit_index_reg[21]/CE
  -------------------------------------------------------------------    -------------------

                         (clock core132 rise edge)    7.576     7.576 r  
                                                      0.000     7.576 r  clk (IN)
                         net (fo=18003, unset)        0.924     8.500    native_system/digital/serial/clk
                         FDCE                                         r  native_system/digital/serial/bit_index_reg[21]/C
                         clock pessimism              0.000     8.500    
                         clock uncertainty           -0.035     8.465    
                         FDCE (Setup_fdce_C_CE)      -0.169     8.296    native_system/digital/serial/bit_index_reg[21]
  -------------------------------------------------------------------
                         required time                          8.296    
                         arrival time                         -16.424    
  -------------------------------------------------------------------
                         slack                                 -8.128    

Slack (VIOLATED) :        -8.128ns  (required time - arrival time)
  Source:                 native_system/digital/carrier_acc_reg[7]/C
                            (rising edge-triggered cell FDCE clocked by core132  {rise@0.000ns fall@3.788ns period=7.576ns})
  Destination:            native_system/digital/serial/bit_index_reg[22]/CE
                            (rising edge-triggered cell FDCE clocked by core132  {rise@0.000ns fall@3.788ns period=7.576ns})
  Path Group:             core132
  Path Type:              Setup (Max at Slow Process Corner)
  Requirement:            7.576ns  (core132 rise@7.576ns - core132 rise@0.000ns)
  Data Path Delay:        15.451ns  (logic 6.396ns (41.395%)  route 9.055ns (58.605%))
  Logic Levels:           24  (CARRY4=11 LUT2=2 LUT3=3 LUT4=1 LUT5=4 LUT6=3)
  Clock Path Skew:        -0.049ns (DCD - SCD + CPR)
    Destination Clock Delay (DCD):    0.924ns = ( 8.500 - 7.576 ) 
    Source Clock Delay      (SCD):    0.973ns
    Clock Pessimism Removal (CPR):    0.000ns
  Clock Uncertainty:      0.035ns  ((TSJ^2 + TIJ^2)^1/2 + DJ) / 2 + PE
    Total System Jitter     (TSJ):    0.071ns
    Total Input Jitter      (TIJ):    0.000ns
    Discrete Jitter          (DJ):    0.000ns
    Phase Error              (PE):    0.000ns

    Location             Delay type                Incr(ns)  Path(ns)    Netlist Resource(s)
  -------------------------------------------------------------------    -------------------
                         (clock core132 rise edge)    0.000     0.000 r  
                                                      0.000     0.000 r  clk (IN)
                         net (fo=18003, unset)        0.973     0.973    native_system/digital/clk
                         FDCE                                         r  native_system/digital/carrier_acc_reg[7]/C
  -------------------------------------------------------------------    -------------------
                         FDCE (Prop_fdce_C_Q)         0.518     1.491 r  native_system/digital/carrier_acc_reg[7]/Q
                         net (fo=15, unplaced)        0.794     2.285    native_system/digital/serial/previous_phase_reg[3][7]
                                                                      r  native_system/digital/serial/previous_phase[1]_i_76/I0
                         LUT3 (Prop_lut3_I0_O)        0.319     2.604 f  native_system/digital/serial/previous_phase[1]_i_76/O
                         net (fo=3, unplaced)         0.467     3.071    native_system/digital/serial/previous_phase[1]_i_76_n_0
                                                                      f  native_system/digital/serial/previous_phase[1]_i_55/I0
                         LUT5 (Prop_lut5_I0_O)        0.124     3.195 r  native_system/digital/serial/previous_phase[1]_i_55/O
                         net (fo=2, unplaced)         0.650     3.845    native_system/digital/serial/previous_phase[1]_i_55_n_0
                                                                      r  native_system/digital/serial/previous_phase_reg[1]_i_39/DI[1]
                         CARRY4 (Prop_carry4_DI[1]_CO[3])
                                                      0.520     4.365 r  native_system/digital/serial/previous_phase_reg[1]_i_39/CO[3]
                         net (fo=1, unplaced)         0.000     4.365    native_system/digital/serial/previous_phase_reg[1]_i_39_n_0
                                                                      r  native_system/digital/serial/previous_phase_reg[1]_i_26/CI
                         CARRY4 (Prop_carry4_CI_CO[3])
                                                      0.117     4.482 r  native_system/digital/serial/previous_phase_reg[1]_i_26/CO[3]
                         net (fo=1, unplaced)         0.000     4.482    native_system/digital/serial/previous_phase_reg[1]_i_26_n_0
                                                                      r  native_system/digital/serial/previous_phase_reg[1]_i_12/CI
                         CARRY4 (Prop_carry4_CI_CO[3])
                                                      0.117     4.599 r  native_system/digital/serial/previous_phase_reg[1]_i_12/CO[3]
                         net (fo=1, unplaced)         0.000     4.599    native_system/digital/serial/previous_phase_reg[1]_i_12_n_0
                                                                      r  native_system/digital/serial/previous_phase_reg[1]_i_3/CI
                         CARRY4 (Prop_carry4_CI_CO[3])
                                                      0.117     4.716 r  native_system/digital/serial/previous_phase_reg[1]_i_3/CO[3]
                         net (fo=1, unplaced)         0.000     4.716    native_system/digital/serial/previous_phase_reg[1]_i_3_n_0
                                                                      r  native_system/digital/serial/previous_phase_reg[1]_i_2/CI
                         CARRY4 (Prop_carry4_CI_O[2])
                                                      0.256     4.972 r  native_system/digital/serial/previous_phase_reg[1]_i_2/O[2]
                         net (fo=25, unplaced)        0.970     5.942    native_system/digital/serial/previous_phase_reg[1]_i_2_n_5
                                                                      r  native_system/digital/serial/previous_phase[7]_i_190/I2
                         LUT3 (Prop_lut3_I2_O)        0.301     6.243 r  native_system/digital/serial/previous_phase[7]_i_190/O
                         net (fo=2, unplaced)         0.460     6.703    native_system/digital/serial/previous_phase[7]_i_190_n_0
                                                                      r  native_system/digital/serial/previous_phase[7]_i_193/I3
                         LUT4 (Prop_lut4_I3_O)        0.124     6.827 r  native_system/digital/serial/previous_phase[7]_i_193/O
                         net (fo=1, unplaced)         0.000     6.827    native_system/digital/serial/previous_phase[7]_i_193_n_0
                                                                      r  native_system/digital/serial/previous_phase_reg[7]_i_141/S[3]
                         CARRY4 (Prop_carry4_S[3]_CO[3])
                                                      0.376     7.203 r  native_system/digital/serial/previous_phase_reg[7]_i_141/CO[3]
                         net (fo=1, unplaced)         0.009     7.212    native_system/digital/serial/previous_phase_reg[7]_i_141_n_0
                                                                      r  native_system/digital/serial/previous_phase_reg[7]_i_98/CI
                         CARRY4 (Prop_carry4_CI_O[1])
                                                      0.337     7.549 r  native_system/digital/serial/previous_phase_reg[7]_i_98/O[1]
                         net (fo=4, unplaced)         0.635     8.184    native_system/digital/serial/previous_phase_reg[7]_i_98_n_6
                                                                      r  native_system/digital/serial/previous_phase[7]_i_140/I0
                         LUT3 (Prop_lut3_I0_O)        0.306     8.490 r  native_system/digital/serial/previous_phase[7]_i_140/O
                         net (fo=1, unplaced)         0.419     8.909    native_system/digital/serial/previous_phase[7]_i_140_n_0
                                                                      r  native_system/digital/serial/previous_phase[7]_i_90/I4
                         LUT5 (Prop_lut5_I4_O)        0.124     9.033 r  native_system/digital/serial/previous_phase[7]_i_90/O
                         net (fo=2, unplaced)         0.460     9.493    native_system/digital/serial/previous_phase[7]_i_90_n_0
                                                                      r  native_system/digital/serial/previous_phase[7]_i_94/I0
                         LUT5 (Prop_lut5_I0_O)        0.124     9.617 r  native_system/digital/serial/previous_phase[7]_i_94/O
                         net (fo=1, unplaced)         0.000     9.617    native_system/digital/serial/previous_phase[7]_i_94_n_0
                                                                      r  native_system/digital/serial/previous_phase_reg[7]_i_52/S[2]
                         CARRY4 (Prop_carry4_S[2]_CO[3])
                                                      0.380     9.997 r  native_system/digital/serial/previous_phase_reg[7]_i_52/CO[3]
                         net (fo=1, unplaced)         0.000     9.997    native_system/digital/serial/previous_phase_reg[7]_i_52_n_0
                                                                      r  native_system/digital/serial/previous_phase_reg[7]_i_29/CI
                         CARRY4 (Prop_carry4_CI_O[3])
                                                      0.331    10.328 r  native_system/digital/serial/previous_phase_reg[7]_i_29/O[3]
                         net (fo=3, unplaced)         0.636    10.964    native_system/digital/serial/previous_phase_reg[7]_i_29_n_4
                                                                      r  native_system/digital/serial/previous_phase[7]_i_23/I0
                         LUT2 (Prop_lut2_I0_O)        0.300    11.264 r  native_system/digital/serial/previous_phase[7]_i_23/O
                         net (fo=1, unplaced)         0.000    11.264    native_system/digital/serial/previous_phase[7]_i_23_n_0
                                                                      r  native_system/digital/serial/previous_phase_reg[7]_i_9/DI[1]
                         CARRY4 (Prop_carry4_DI[1]_CO[3])
                                                      0.547    11.811 r  native_system/digital/serial/previous_phase_reg[7]_i_9/CO[3]
                         net (fo=1, unplaced)         0.000    11.811    native_system/digital/serial/previous_phase_reg[7]_i_9_n_0
                                                                      r  native_system/digital/serial/previous_phase_reg[7]_i_3/CI
                         CARRY4 (Prop_carry4_CI_CO[2])
                                                      0.252    12.063 r  native_system/digital/serial/previous_phase_reg[7]_i_3/CO[2]
                         net (fo=11, unplaced)        0.498    12.561    native_system/digital/serial/previous_phase_reg[7]_i_3_n_1
                                                                      r  native_system/digital/serial/previous_phase[3]_i_1/I1
                         LUT5 (Prop_lut5_I1_O)        0.310    12.871 r  native_system/digital/serial/previous_phase[3]_i_1/O
                         net (fo=258, unplaced)       1.025    13.896    native_system/digital/serial/D[3]
                                                                      r  native_system/digital/serial/captured[127]_i_4/I0
                         LUT6 (Prop_lut6_I0_O)        0.124    14.020 r  native_system/digital/serial/captured[127]_i_4/O
                         net (fo=1, unplaced)         0.449    14.469    native_system/digital/serial/captured[127]_i_4_n_0
                                                                      r  native_system/digital/serial/captured[127]_i_2/I1
                         LUT6 (Prop_lut6_I1_O)        0.124    14.593 r  native_system/digital/serial/captured[127]_i_2/O
                         net (fo=3, unplaced)         0.467    15.060    native_system/digital/serial/tick
                                                                      r  native_system/digital/serial/captured[127]_i_1/I0
                         LUT2 (Prop_lut2_I0_O)        0.124    15.184 r  native_system/digital/serial/captured[127]_i_1/O
                         net (fo=131, unplaced)       0.555    15.739    native_system/digital/serial/captured[0]
                                                                      r  native_system/digital/serial/serial_data[31]_i_1/I0
                         LUT6 (Prop_lut6_I0_O)        0.124    15.863 r  native_system/digital/serial/serial_data[31]_i_1/O
                         net (fo=64, unplaced)        0.561    16.424    native_system/digital/serial/serial_data[31]_i_1_n_0
                         FDCE                                         r  native_system/digital/serial/bit_index_reg[22]/CE
  -------------------------------------------------------------------    -------------------

                         (clock core132 rise edge)    7.576     7.576 r  
                                                      0.000     7.576 r  clk (IN)
                         net (fo=18003, unset)        0.924     8.500    native_system/digital/serial/clk
                         FDCE                                         r  native_system/digital/serial/bit_index_reg[22]/C
                         clock pessimism              0.000     8.500    
                         clock uncertainty           -0.035     8.465    
                         FDCE (Setup_fdce_C_CE)      -0.169     8.296    native_system/digital/serial/bit_index_reg[22]
  -------------------------------------------------------------------
                         required time                          8.296    
                         arrival time                         -16.424    
  -------------------------------------------------------------------
                         slack                                 -8.128    

Slack (VIOLATED) :        -8.128ns  (required time - arrival time)
  Source:                 native_system/digital/carrier_acc_reg[7]/C
                            (rising edge-triggered cell FDCE clocked by core132  {rise@0.000ns fall@3.788ns period=7.576ns})
  Destination:            native_system/digital/serial/bit_index_reg[23]/CE
                            (rising edge-triggered cell FDCE clocked by core132  {rise@0.000ns fall@3.788ns period=7.576ns})
  Path Group:             core132
  Path Type:              Setup (Max at Slow Process Corner)
  Requirement:            7.576ns  (core132 rise@7.576ns - core132 rise@0.000ns)
  Data Path Delay:        15.451ns  (logic 6.396ns (41.395%)  route 9.055ns (58.605%))
  Logic Levels:           24  (CARRY4=11 LUT2=2 LUT3=3 LUT4=1 LUT5=4 LUT6=3)
  Clock Path Skew:        -0.049ns (DCD - SCD + CPR)
    Destination Clock Delay (DCD):    0.924ns = ( 8.500 - 7.576 ) 
    Source Clock Delay      (SCD):    0.973ns
    Clock Pessimism Removal (CPR):    0.000ns
  Clock Uncertainty:      0.035ns  ((TSJ^2 + TIJ^2)^1/2 + DJ) / 2 + PE
    Total System Jitter     (TSJ):    0.071ns
    Total Input Jitter      (TIJ):    0.000ns
    Discrete Jitter          (DJ):    0.000ns
    Phase Error              (PE):    0.000ns

    Location             Delay type                Incr(ns)  Path(ns)    Netlist Resource(s)
  -------------------------------------------------------------------    -------------------
                         (clock core132 rise edge)    0.000     0.000 r  
                                                      0.000     0.000 r  clk (IN)
                         net (fo=18003, unset)        0.973     0.973    native_system/digital/clk
                         FDCE                                         r  native_system/digital/carrier_acc_reg[7]/C
  -------------------------------------------------------------------    -------------------
                         FDCE (Prop_fdce_C_Q)         0.518     1.491 r  native_system/digital/carrier_acc_reg[7]/Q
                         net (fo=15, unplaced)        0.794     2.285    native_system/digital/serial/previous_phase_reg[3][7]
                                                                      r  native_system/digital/serial/previous_phase[1]_i_76/I0
                         LUT3 (Prop_lut3_I0_O)        0.319     2.604 f  native_system/digital/serial/previous_phase[1]_i_76/O
                         net (fo=3, unplaced)         0.467     3.071    native_system/digital/serial/previous_phase[1]_i_76_n_0
                                                                      f  native_system/digital/serial/previous_phase[1]_i_55/I0
                         LUT5 (Prop_lut5_I0_O)        0.124     3.195 r  native_system/digital/serial/previous_phase[1]_i_55/O
                         net (fo=2, unplaced)         0.650     3.845    native_system/digital/serial/previous_phase[1]_i_55_n_0
                                                                      r  native_system/digital/serial/previous_phase_reg[1]_i_39/DI[1]
                         CARRY4 (Prop_carry4_DI[1]_CO[3])
                                                      0.520     4.365 r  native_system/digital/serial/previous_phase_reg[1]_i_39/CO[3]
                         net (fo=1, unplaced)         0.000     4.365    native_system/digital/serial/previous_phase_reg[1]_i_39_n_0
                                                                      r  native_system/digital/serial/previous_phase_reg[1]_i_26/CI
                         CARRY4 (Prop_carry4_CI_CO[3])
                                                      0.117     4.482 r  native_system/digital/serial/previous_phase_reg[1]_i_26/CO[3]
                         net (fo=1, unplaced)         0.000     4.482    native_system/digital/serial/previous_phase_reg[1]_i_26_n_0
                                                                      r  native_system/digital/serial/previous_phase_reg[1]_i_12/CI
                         CARRY4 (Prop_carry4_CI_CO[3])
                                                      0.117     4.599 r  native_system/digital/serial/previous_phase_reg[1]_i_12/CO[3]
                         net (fo=1, unplaced)         0.000     4.599    native_system/digital/serial/previous_phase_reg[1]_i_12_n_0
                                                                      r  native_system/digital/serial/previous_phase_reg[1]_i_3/CI
                         CARRY4 (Prop_carry4_CI_CO[3])
                                                      0.117     4.716 r  native_system/digital/serial/previous_phase_reg[1]_i_3/CO[3]
                         net (fo=1, unplaced)         0.000     4.716    native_system/digital/serial/previous_phase_reg[1]_i_3_n_0
                                                                      r  native_system/digital/serial/previous_phase_reg[1]_i_2/CI
                         CARRY4 (Prop_carry4_CI_O[2])
                                                      0.256     4.972 r  native_system/digital/serial/previous_phase_reg[1]_i_2/O[2]
                         net (fo=25, unplaced)        0.970     5.942    native_system/digital/serial/previous_phase_reg[1]_i_2_n_5
                                                                      r  native_system/digital/serial/previous_phase[7]_i_190/I2
                         LUT3 (Prop_lut3_I2_O)        0.301     6.243 r  native_system/digital/serial/previous_phase[7]_i_190/O
                         net (fo=2, unplaced)         0.460     6.703    native_system/digital/serial/previous_phase[7]_i_190_n_0
                                                                      r  native_system/digital/serial/previous_phase[7]_i_193/I3
                         LUT4 (Prop_lut4_I3_O)        0.124     6.827 r  native_system/digital/serial/previous_phase[7]_i_193/O
                         net (fo=1, unplaced)         0.000     6.827    native_system/digital/serial/previous_phase[7]_i_193_n_0
                                                                      r  native_system/digital/serial/previous_phase_reg[7]_i_141/S[3]
                         CARRY4 (Prop_carry4_S[3]_CO[3])
                                                      0.376     7.203 r  native_system/digital/serial/previous_phase_reg[7]_i_141/CO[3]
                         net (fo=1, unplaced)         0.009     7.212    native_system/digital/serial/previous_phase_reg[7]_i_141_n_0
                                                                      r  native_system/digital/serial/previous_phase_reg[7]_i_98/CI
                         CARRY4 (Prop_carry4_CI_O[1])
                                                      0.337     7.549 r  native_system/digital/serial/previous_phase_reg[7]_i_98/O[1]
                         net (fo=4, unplaced)         0.635     8.184    native_system/digital/serial/previous_phase_reg[7]_i_98_n_6
                                                                      r  native_system/digital/serial/previous_phase[7]_i_140/I0
                         LUT3 (Prop_lut3_I0_O)        0.306     8.490 r  native_system/digital/serial/previous_phase[7]_i_140/O
                         net (fo=1, unplaced)         0.419     8.909    native_system/digital/serial/previous_phase[7]_i_140_n_0
                                                                      r  native_system/digital/serial/previous_phase[7]_i_90/I4
                         LUT5 (Prop_lut5_I4_O)        0.124     9.033 r  native_system/digital/serial/previous_phase[7]_i_90/O
                         net (fo=2, unplaced)         0.460     9.493    native_system/digital/serial/previous_phase[7]_i_90_n_0
                                                                      r  native_system/digital/serial/previous_phase[7]_i_94/I0
                         LUT5 (Prop_lut5_I0_O)        0.124     9.617 r  native_system/digital/serial/previous_phase[7]_i_94/O
                         net (fo=1, unplaced)         0.000     9.617    native_system/digital/serial/previous_phase[7]_i_94_n_0
                                                                      r  native_system/digital/serial/previous_phase_reg[7]_i_52/S[2]
                         CARRY4 (Prop_carry4_S[2]_CO[3])
                                                      0.380     9.997 r  native_system/digital/serial/previous_phase_reg[7]_i_52/CO[3]
                         net (fo=1, unplaced)         0.000     9.997    native_system/digital/serial/previous_phase_reg[7]_i_52_n_0
                                                                      r  native_system/digital/serial/previous_phase_reg[7]_i_29/CI
                         CARRY4 (Prop_carry4_CI_O[3])
                                                      0.331    10.328 r  native_system/digital/serial/previous_phase_reg[7]_i_29/O[3]
                         net (fo=3, unplaced)         0.636    10.964    native_system/digital/serial/previous_phase_reg[7]_i_29_n_4
                                                                      r  native_system/digital/serial/previous_phase[7]_i_23/I0
                         LUT2 (Prop_lut2_I0_O)        0.300    11.264 r  native_system/digital/serial/previous_phase[7]_i_23/O
                         net (fo=1, unplaced)         0.000    11.264    native_system/digital/serial/previous_phase[7]_i_23_n_0
                                                                      r  native_system/digital/serial/previous_phase_reg[7]_i_9/DI[1]
                         CARRY4 (Prop_carry4_DI[1]_CO[3])
                                                      0.547    11.811 r  native_system/digital/serial/previous_phase_reg[7]_i_9/CO[3]
                         net (fo=1, unplaced)         0.000    11.811    native_system/digital/serial/previous_phase_reg[7]_i_9_n_0
                                                                      r  native_system/digital/serial/previous_phase_reg[7]_i_3/CI
                         CARRY4 (Prop_carry4_CI_CO[2])
                                                      0.252    12.063 r  native_system/digital/serial/previous_phase_reg[7]_i_3/CO[2]
                         net (fo=11, unplaced)        0.498    12.561    native_system/digital/serial/previous_phase_reg[7]_i_3_n_1
                                                                      r  native_system/digital/serial/previous_phase[3]_i_1/I1
                         LUT5 (Prop_lut5_I1_O)        0.310    12.871 r  native_system/digital/serial/previous_phase[3]_i_1/O
                         net (fo=258, unplaced)       1.025    13.896    native_system/digital/serial/D[3]
                                                                      r  native_system/digital/serial/captured[127]_i_4/I0
                         LUT6 (Prop_lut6_I0_O)        0.124    14.020 r  native_system/digital/serial/captured[127]_i_4/O
                         net (fo=1, unplaced)         0.449    14.469    native_system/digital/serial/captured[127]_i_4_n_0
                                                                      r  native_system/digital/serial/captured[127]_i_2/I1
                         LUT6 (Prop_lut6_I1_O)        0.124    14.593 r  native_system/digital/serial/captured[127]_i_2/O
                         net (fo=3, unplaced)         0.467    15.060    native_system/digital/serial/tick
                                                                      r  native_system/digital/serial/captured[127]_i_1/I0
                         LUT2 (Prop_lut2_I0_O)        0.124    15.184 r  native_system/digital/serial/captured[127]_i_1/O
                         net (fo=131, unplaced)       0.555    15.739    native_system/digital/serial/captured[0]
                                                                      r  native_system/digital/serial/serial_data[31]_i_1/I0
                         LUT6 (Prop_lut6_I0_O)        0.124    15.863 r  native_system/digital/serial/serial_data[31]_i_1/O
                         net (fo=64, unplaced)        0.561    16.424    native_system/digital/serial/serial_data[31]_i_1_n_0
                         FDCE                                         r  native_system/digital/serial/bit_index_reg[23]/CE
  -------------------------------------------------------------------    -------------------

                         (clock core132 rise edge)    7.576     7.576 r  
                                                      0.000     7.576 r  clk (IN)
                         net (fo=18003, unset)        0.924     8.500    native_system/digital/serial/clk
                         FDCE                                         r  native_system/digital/serial/bit_index_reg[23]/C
                         clock pessimism              0.000     8.500    
                         clock uncertainty           -0.035     8.465    
                         FDCE (Setup_fdce_C_CE)      -0.169     8.296    native_system/digital/serial/bit_index_reg[23]
  -------------------------------------------------------------------
                         required time                          8.296    
                         arrival time                         -16.424    
  -------------------------------------------------------------------
                         slack                                 -8.128    

Slack (VIOLATED) :        -8.128ns  (required time - arrival time)
  Source:                 native_system/digital/carrier_acc_reg[7]/C
                            (rising edge-triggered cell FDCE clocked by core132  {rise@0.000ns fall@3.788ns period=7.576ns})
  Destination:            native_system/digital/serial/bit_index_reg[24]/CE
                            (rising edge-triggered cell FDCE clocked by core132  {rise@0.000ns fall@3.788ns period=7.576ns})
  Path Group:             core132
  Path Type:              Setup (Max at Slow Process Corner)
  Requirement:            7.576ns  (core132 rise@7.576ns - core132 rise@0.000ns)
  Data Path Delay:        15.451ns  (logic 6.396ns (41.395%)  route 9.055ns (58.605%))
  Logic Levels:           24  (CARRY4=11 LUT2=2 LUT3=3 LUT4=1 LUT5=4 LUT6=3)
  Clock Path Skew:        -0.049ns (DCD - SCD + CPR)
    Destination Clock Delay (DCD):    0.924ns = ( 8.500 - 7.576 ) 
    Source Clock Delay      (SCD):    0.973ns
    Clock Pessimism Removal (CPR):    0.000ns
  Clock Uncertainty:      0.035ns  ((TSJ^2 + TIJ^2)^1/2 + DJ) / 2 + PE
    Total System Jitter     (TSJ):    0.071ns
    Total Input Jitter      (TIJ):    0.000ns
    Discrete Jitter          (DJ):    0.000ns
    Phase Error              (PE):    0.000ns

    Location             Delay type                Incr(ns)  Path(ns)    Netlist Resource(s)
  -------------------------------------------------------------------    -------------------
                         (clock core132 rise edge)    0.000     0.000 r  
                                                      0.000     0.000 r  clk (IN)
                         net (fo=18003, unset)        0.973     0.973    native_system/digital/clk
                         FDCE                                         r  native_system/digital/carrier_acc_reg[7]/C
  -------------------------------------------------------------------    -------------------
                         FDCE (Prop_fdce_C_Q)         0.518     1.491 r  native_system/digital/carrier_acc_reg[7]/Q
                         net (fo=15, unplaced)        0.794     2.285    native_system/digital/serial/previous_phase_reg[3][7]
                                                                      r  native_system/digital/serial/previous_phase[1]_i_76/I0
                         LUT3 (Prop_lut3_I0_O)        0.319     2.604 f  native_system/digital/serial/previous_phase[1]_i_76/O
                         net (fo=3, unplaced)         0.467     3.071    native_system/digital/serial/previous_phase[1]_i_76_n_0
                                                                      f  native_system/digital/serial/previous_phase[1]_i_55/I0
                         LUT5 (Prop_lut5_I0_O)        0.124     3.195 r  native_system/digital/serial/previous_phase[1]_i_55/O
                         net (fo=2, unplaced)         0.650     3.845    native_system/digital/serial/previous_phase[1]_i_55_n_0
                                                                      r  native_system/digital/serial/previous_phase_reg[1]_i_39/DI[1]
                         CARRY4 (Prop_carry4_DI[1]_CO[3])
                                                      0.520     4.365 r  native_system/digital/serial/previous_phase_reg[1]_i_39/CO[3]
                         net (fo=1, unplaced)         0.000     4.365    native_system/digital/serial/previous_phase_reg[1]_i_39_n_0
                                                                      r  native_system/digital/serial/previous_phase_reg[1]_i_26/CI
                         CARRY4 (Prop_carry4_CI_CO[3])
                                                      0.117     4.482 r  native_system/digital/serial/previous_phase_reg[1]_i_26/CO[3]
                         net (fo=1, unplaced)         0.000     4.482    native_system/digital/serial/previous_phase_reg[1]_i_26_n_0
                                                                      r  native_system/digital/serial/previous_phase_reg[1]_i_12/CI
                         CARRY4 (Prop_carry4_CI_CO[3])
                                                      0.117     4.599 r  native_system/digital/serial/previous_phase_reg[1]_i_12/CO[3]
                         net (fo=1, unplaced)         0.000     4.599    native_system/digital/serial/previous_phase_reg[1]_i_12_n_0
                                                                      r  native_system/digital/serial/previous_phase_reg[1]_i_3/CI
                         CARRY4 (Prop_carry4_CI_CO[3])
                                                      0.117     4.716 r  native_system/digital/serial/previous_phase_reg[1]_i_3/CO[3]
                         net (fo=1, unplaced)         0.000     4.716    native_system/digital/serial/previous_phase_reg[1]_i_3_n_0
                                                                      r  native_system/digital/serial/previous_phase_reg[1]_i_2/CI
                         CARRY4 (Prop_carry4_CI_O[2])
                                                      0.256     4.972 r  native_system/digital/serial/previous_phase_reg[1]_i_2/O[2]
                         net (fo=25, unplaced)        0.970     5.942    native_system/digital/serial/previous_phase_reg[1]_i_2_n_5
                                                                      r  native_system/digital/serial/previous_phase[7]_i_190/I2
                         LUT3 (Prop_lut3_I2_O)        0.301     6.243 r  native_system/digital/serial/previous_phase[7]_i_190/O
                         net (fo=2, unplaced)         0.460     6.703    native_system/digital/serial/previous_phase[7]_i_190_n_0
                                                                      r  native_system/digital/serial/previous_phase[7]_i_193/I3
                         LUT4 (Prop_lut4_I3_O)        0.124     6.827 r  native_system/digital/serial/previous_phase[7]_i_193/O
                         net (fo=1, unplaced)         0.000     6.827    native_system/digital/serial/previous_phase[7]_i_193_n_0
                                                                      r  native_system/digital/serial/previous_phase_reg[7]_i_141/S[3]
                         CARRY4 (Prop_carry4_S[3]_CO[3])
                                                      0.376     7.203 r  native_system/digital/serial/previous_phase_reg[7]_i_141/CO[3]
                         net (fo=1, unplaced)         0.009     7.212    native_system/digital/serial/previous_phase_reg[7]_i_141_n_0
                                                                      r  native_system/digital/serial/previous_phase_reg[7]_i_98/CI
                         CARRY4 (Prop_carry4_CI_O[1])
                                                      0.337     7.549 r  native_system/digital/serial/previous_phase_reg[7]_i_98/O[1]
                         net (fo=4, unplaced)         0.635     8.184    native_system/digital/serial/previous_phase_reg[7]_i_98_n_6
                                                                      r  native_system/digital/serial/previous_phase[7]_i_140/I0
                         LUT3 (Prop_lut3_I0_O)        0.306     8.490 r  native_system/digital/serial/previous_phase[7]_i_140/O
                         net (fo=1, unplaced)         0.419     8.909    native_system/digital/serial/previous_phase[7]_i_140_n_0
                                                                      r  native_system/digital/serial/previous_phase[7]_i_90/I4
                         LUT5 (Prop_lut5_I4_O)        0.124     9.033 r  native_system/digital/serial/previous_phase[7]_i_90/O
                         net (fo=2, unplaced)         0.460     9.493    native_system/digital/serial/previous_phase[7]_i_90_n_0
                                                                      r  native_system/digital/serial/previous_phase[7]_i_94/I0
                         LUT5 (Prop_lut5_I0_O)        0.124     9.617 r  native_system/digital/serial/previous_phase[7]_i_94/O
                         net (fo=1, unplaced)         0.000     9.617    native_system/digital/serial/previous_phase[7]_i_94_n_0
                                                                      r  native_system/digital/serial/previous_phase_reg[7]_i_52/S[2]
                         CARRY4 (Prop_carry4_S[2]_CO[3])
                                                      0.380     9.997 r  native_system/digital/serial/previous_phase_reg[7]_i_52/CO[3]
                         net (fo=1, unplaced)         0.000     9.997    native_system/digital/serial/previous_phase_reg[7]_i_52_n_0
                                                                      r  native_system/digital/serial/previous_phase_reg[7]_i_29/CI
                         CARRY4 (Prop_carry4_CI_O[3])
                                                      0.331    10.328 r  native_system/digital/serial/previous_phase_reg[7]_i_29/O[3]
                         net (fo=3, unplaced)         0.636    10.964    native_system/digital/serial/previous_phase_reg[7]_i_29_n_4
                                                                      r  native_system/digital/serial/previous_phase[7]_i_23/I0
                         LUT2 (Prop_lut2_I0_O)        0.300    11.264 r  native_system/digital/serial/previous_phase[7]_i_23/O
                         net (fo=1, unplaced)         0.000    11.264    native_system/digital/serial/previous_phase[7]_i_23_n_0
                                                                      r  native_system/digital/serial/previous_phase_reg[7]_i_9/DI[1]
                         CARRY4 (Prop_carry4_DI[1]_CO[3])
                                                      0.547    11.811 r  native_system/digital/serial/previous_phase_reg[7]_i_9/CO[3]
                         net (fo=1, unplaced)         0.000    11.811    native_system/digital/serial/previous_phase_reg[7]_i_9_n_0
                                                                      r  native_system/digital/serial/previous_phase_reg[7]_i_3/CI
                         CARRY4 (Prop_carry4_CI_CO[2])
                                                      0.252    12.063 r  native_system/digital/serial/previous_phase_reg[7]_i_3/CO[2]
                         net (fo=11, unplaced)        0.498    12.561    native_system/digital/serial/previous_phase_reg[7]_i_3_n_1
                                                                      r  native_system/digital/serial/previous_phase[3]_i_1/I1
                         LUT5 (Prop_lut5_I1_O)        0.310    12.871 r  native_system/digital/serial/previous_phase[3]_i_1/O
                         net (fo=258, unplaced)       1.025    13.896    native_system/digital/serial/D[3]
                                                                      r  native_system/digital/serial/captured[127]_i_4/I0
                         LUT6 (Prop_lut6_I0_O)        0.124    14.020 r  native_system/digital/serial/captured[127]_i_4/O
                         net (fo=1, unplaced)         0.449    14.469    native_system/digital/serial/captured[127]_i_4_n_0
                                                                      r  native_system/digital/serial/captured[127]_i_2/I1
                         LUT6 (Prop_lut6_I1_O)        0.124    14.593 r  native_system/digital/serial/captured[127]_i_2/O
                         net (fo=3, unplaced)         0.467    15.060    native_system/digital/serial/tick
                                                                      r  native_system/digital/serial/captured[127]_i_1/I0
                         LUT2 (Prop_lut2_I0_O)        0.124    15.184 r  native_system/digital/serial/captured[127]_i_1/O
                         net (fo=131, unplaced)       0.555    15.739    native_system/digital/serial/captured[0]
                                                                      r  native_system/digital/serial/serial_data[31]_i_1/I0
                         LUT6 (Prop_lut6_I0_O)        0.124    15.863 r  native_system/digital/serial/serial_data[31]_i_1/O
                         net (fo=64, unplaced)        0.561    16.424    native_system/digital/serial/serial_data[31]_i_1_n_0
                         FDCE                                         r  native_system/digital/serial/bit_index_reg[24]/CE
  -------------------------------------------------------------------    -------------------

                         (clock core132 rise edge)    7.576     7.576 r  
                                                      0.000     7.576 r  clk (IN)
                         net (fo=18003, unset)        0.924     8.500    native_system/digital/serial/clk
                         FDCE                                         r  native_system/digital/serial/bit_index_reg[24]/C
                         clock pessimism              0.000     8.500    
                         clock uncertainty           -0.035     8.465    
                         FDCE (Setup_fdce_C_CE)      -0.169     8.296    native_system/digital/serial/bit_index_reg[24]
  -------------------------------------------------------------------
                         required time                          8.296    
                         arrival time                         -16.424    
  -------------------------------------------------------------------
                         slack                                 -8.128    

Slack (VIOLATED) :        -8.128ns  (required time - arrival time)
  Source:                 native_system/digital/carrier_acc_reg[7]/C
                            (rising edge-triggered cell FDCE clocked by core132  {rise@0.000ns fall@3.788ns period=7.576ns})
  Destination:            native_system/digital/serial/bit_index_reg[25]/CE
                            (rising edge-triggered cell FDCE clocked by core132  {rise@0.000ns fall@3.788ns period=7.576ns})
  Path Group:             core132
  Path Type:              Setup (Max at Slow Process Corner)
  Requirement:            7.576ns  (core132 rise@7.576ns - core132 rise@0.000ns)
  Data Path Delay:        15.451ns  (logic 6.396ns (41.395%)  route 9.055ns (58.605%))
  Logic Levels:           24  (CARRY4=11 LUT2=2 LUT3=3 LUT4=1 LUT5=4 LUT6=3)
  Clock Path Skew:        -0.049ns (DCD - SCD + CPR)
    Destination Clock Delay (DCD):    0.924ns = ( 8.500 - 7.576 ) 
    Source Clock Delay      (SCD):    0.973ns
    Clock Pessimism Removal (CPR):    0.000ns
  Clock Uncertainty:      0.035ns  ((TSJ^2 + TIJ^2)^1/2 + DJ) / 2 + PE
    Total System Jitter     (TSJ):    0.071ns
    Total Input Jitter      (TIJ):    0.000ns
    Discrete Jitter          (DJ):    0.000ns
    Phase Error              (PE):    0.000ns

    Location             Delay type                Incr(ns)  Path(ns)    Netlist Resource(s)
  -------------------------------------------------------------------    -------------------
                         (clock core132 rise edge)    0.000     0.000 r  
                                                      0.000     0.000 r  clk (IN)
                         net (fo=18003, unset)        0.973     0.973    native_system/digital/clk
                         FDCE                                         r  native_system/digital/carrier_acc_reg[7]/C
  -------------------------------------------------------------------    -------------------
                         FDCE (Prop_fdce_C_Q)         0.518     1.491 r  native_system/digital/carrier_acc_reg[7]/Q
                         net (fo=15, unplaced)        0.794     2.285    native_system/digital/serial/previous_phase_reg[3][7]
                                                                      r  native_system/digital/serial/previous_phase[1]_i_76/I0
                         LUT3 (Prop_lut3_I0_O)        0.319     2.604 f  native_system/digital/serial/previous_phase[1]_i_76/O
                         net (fo=3, unplaced)         0.467     3.071    native_system/digital/serial/previous_phase[1]_i_76_n_0
                                                                      f  native_system/digital/serial/previous_phase[1]_i_55/I0
                         LUT5 (Prop_lut5_I0_O)        0.124     3.195 r  native_system/digital/serial/previous_phase[1]_i_55/O
                         net (fo=2, unplaced)         0.650     3.845    native_system/digital/serial/previous_phase[1]_i_55_n_0
                                                                      r  native_system/digital/serial/previous_phase_reg[1]_i_39/DI[1]
                         CARRY4 (Prop_carry4_DI[1]_CO[3])
                                                      0.520     4.365 r  native_system/digital/serial/previous_phase_reg[1]_i_39/CO[3]
                         net (fo=1, unplaced)         0.000     4.365    native_system/digital/serial/previous_phase_reg[1]_i_39_n_0
                                                                      r  native_system/digital/serial/previous_phase_reg[1]_i_26/CI
                         CARRY4 (Prop_carry4_CI_CO[3])
                                                      0.117     4.482 r  native_system/digital/serial/previous_phase_reg[1]_i_26/CO[3]
                         net (fo=1, unplaced)         0.000     4.482    native_system/digital/serial/previous_phase_reg[1]_i_26_n_0
                                                                      r  native_system/digital/serial/previous_phase_reg[1]_i_12/CI
                         CARRY4 (Prop_carry4_CI_CO[3])
                                                      0.117     4.599 r  native_system/digital/serial/previous_phase_reg[1]_i_12/CO[3]
                         net (fo=1, unplaced)         0.000     4.599    native_system/digital/serial/previous_phase_reg[1]_i_12_n_0
                                                                      r  native_system/digital/serial/previous_phase_reg[1]_i_3/CI
                         CARRY4 (Prop_carry4_CI_CO[3])
                                                      0.117     4.716 r  native_system/digital/serial/previous_phase_reg[1]_i_3/CO[3]
                         net (fo=1, unplaced)         0.000     4.716    native_system/digital/serial/previous_phase_reg[1]_i_3_n_0
                                                                      r  native_system/digital/serial/previous_phase_reg[1]_i_2/CI
                         CARRY4 (Prop_carry4_CI_O[2])
                                                      0.256     4.972 r  native_system/digital/serial/previous_phase_reg[1]_i_2/O[2]
                         net (fo=25, unplaced)        0.970     5.942    native_system/digital/serial/previous_phase_reg[1]_i_2_n_5
                                                                      r  native_system/digital/serial/previous_phase[7]_i_190/I2
                         LUT3 (Prop_lut3_I2_O)        0.301     6.243 r  native_system/digital/serial/previous_phase[7]_i_190/O
                         net (fo=2, unplaced)         0.460     6.703    native_system/digital/serial/previous_phase[7]_i_190_n_0
                                                                      r  native_system/digital/serial/previous_phase[7]_i_193/I3
                         LUT4 (Prop_lut4_I3_O)        0.124     6.827 r  native_system/digital/serial/previous_phase[7]_i_193/O
                         net (fo=1, unplaced)         0.000     6.827    native_system/digital/serial/previous_phase[7]_i_193_n_0
                                                                      r  native_system/digital/serial/previous_phase_reg[7]_i_141/S[3]
                         CARRY4 (Prop_carry4_S[3]_CO[3])
                                                      0.376     7.203 r  native_system/digital/serial/previous_phase_reg[7]_i_141/CO[3]
                         net (fo=1, unplaced)         0.009     7.212    native_system/digital/serial/previous_phase_reg[7]_i_141_n_0
                                                                      r  native_system/digital/serial/previous_phase_reg[7]_i_98/CI
                         CARRY4 (Prop_carry4_CI_O[1])
                                                      0.337     7.549 r  native_system/digital/serial/previous_phase_reg[7]_i_98/O[1]
                         net (fo=4, unplaced)         0.635     8.184    native_system/digital/serial/previous_phase_reg[7]_i_98_n_6
                                                                      r  native_system/digital/serial/previous_phase[7]_i_140/I0
                         LUT3 (Prop_lut3_I0_O)        0.306     8.490 r  native_system/digital/serial/previous_phase[7]_i_140/O
                         net (fo=1, unplaced)         0.419     8.909    native_system/digital/serial/previous_phase[7]_i_140_n_0
                                                                      r  native_system/digital/serial/previous_phase[7]_i_90/I4
                         LUT5 (Prop_lut5_I4_O)        0.124     9.033 r  native_system/digital/serial/previous_phase[7]_i_90/O
                         net (fo=2, unplaced)         0.460     9.493    native_system/digital/serial/previous_phase[7]_i_90_n_0
                                                                      r  native_system/digital/serial/previous_phase[7]_i_94/I0
                         LUT5 (Prop_lut5_I0_O)        0.124     9.617 r  native_system/digital/serial/previous_phase[7]_i_94/O
                         net (fo=1, unplaced)         0.000     9.617    native_system/digital/serial/previous_phase[7]_i_94_n_0
                                                                      r  native_system/digital/serial/previous_phase_reg[7]_i_52/S[2]
                         CARRY4 (Prop_carry4_S[2]_CO[3])
                                                      0.380     9.997 r  native_system/digital/serial/previous_phase_reg[7]_i_52/CO[3]
                         net (fo=1, unplaced)         0.000     9.997    native_system/digital/serial/previous_phase_reg[7]_i_52_n_0
                                                                      r  native_system/digital/serial/previous_phase_reg[7]_i_29/CI
                         CARRY4 (Prop_carry4_CI_O[3])
                                                      0.331    10.328 r  native_system/digital/serial/previous_phase_reg[7]_i_29/O[3]
                         net (fo=3, unplaced)         0.636    10.964    native_system/digital/serial/previous_phase_reg[7]_i_29_n_4
                                                                      r  native_system/digital/serial/previous_phase[7]_i_23/I0
                         LUT2 (Prop_lut2_I0_O)        0.300    11.264 r  native_system/digital/serial/previous_phase[7]_i_23/O
                         net (fo=1, unplaced)         0.000    11.264    native_system/digital/serial/previous_phase[7]_i_23_n_0
                                                                      r  native_system/digital/serial/previous_phase_reg[7]_i_9/DI[1]
                         CARRY4 (Prop_carry4_DI[1]_CO[3])
                                                      0.547    11.811 r  native_system/digital/serial/previous_phase_reg[7]_i_9/CO[3]
                         net (fo=1, unplaced)         0.000    11.811    native_system/digital/serial/previous_phase_reg[7]_i_9_n_0
                                                                      r  native_system/digital/serial/previous_phase_reg[7]_i_3/CI
                         CARRY4 (Prop_carry4_CI_CO[2])
                                                      0.252    12.063 r  native_system/digital/serial/previous_phase_reg[7]_i_3/CO[2]
                         net (fo=11, unplaced)        0.498    12.561    native_system/digital/serial/previous_phase_reg[7]_i_3_n_1
                                                                      r  native_system/digital/serial/previous_phase[3]_i_1/I1
                         LUT5 (Prop_lut5_I1_O)        0.310    12.871 r  native_system/digital/serial/previous_phase[3]_i_1/O
                         net (fo=258, unplaced)       1.025    13.896    native_system/digital/serial/D[3]
                                                                      r  native_system/digital/serial/captured[127]_i_4/I0
                         LUT6 (Prop_lut6_I0_O)        0.124    14.020 r  native_system/digital/serial/captured[127]_i_4/O
                         net (fo=1, unplaced)         0.449    14.469    native_system/digital/serial/captured[127]_i_4_n_0
                                                                      r  native_system/digital/serial/captured[127]_i_2/I1
                         LUT6 (Prop_lut6_I1_O)        0.124    14.593 r  native_system/digital/serial/captured[127]_i_2/O
                         net (fo=3, unplaced)         0.467    15.060    native_system/digital/serial/tick
                                                                      r  native_system/digital/serial/captured[127]_i_1/I0
                         LUT2 (Prop_lut2_I0_O)        0.124    15.184 r  native_system/digital/serial/captured[127]_i_1/O
                         net (fo=131, unplaced)       0.555    15.739    native_system/digital/serial/captured[0]
                                                                      r  native_system/digital/serial/serial_data[31]_i_1/I0
                         LUT6 (Prop_lut6_I0_O)        0.124    15.863 r  native_system/digital/serial/serial_data[31]_i_1/O
                         net (fo=64, unplaced)        0.561    16.424    native_system/digital/serial/serial_data[31]_i_1_n_0
                         FDCE                                         r  native_system/digital/serial/bit_index_reg[25]/CE
  -------------------------------------------------------------------    -------------------

                         (clock core132 rise edge)    7.576     7.576 r  
                                                      0.000     7.576 r  clk (IN)
                         net (fo=18003, unset)        0.924     8.500    native_system/digital/serial/clk
                         FDCE                                         r  native_system/digital/serial/bit_index_reg[25]/C
                         clock pessimism              0.000     8.500    
                         clock uncertainty           -0.035     8.465    
                         FDCE (Setup_fdce_C_CE)      -0.169     8.296    native_system/digital/serial/bit_index_reg[25]
  -------------------------------------------------------------------
                         required time                          8.296    
                         arrival time                         -16.424    
  -------------------------------------------------------------------
                         slack                                 -8.128    

Slack (VIOLATED) :        -8.128ns  (required time - arrival time)
  Source:                 native_system/digital/carrier_acc_reg[7]/C
                            (rising edge-triggered cell FDCE clocked by core132  {rise@0.000ns fall@3.788ns period=7.576ns})
  Destination:            native_system/digital/serial/bit_index_reg[26]/CE
                            (rising edge-triggered cell FDCE clocked by core132  {rise@0.000ns fall@3.788ns period=7.576ns})
  Path Group:             core132
  Path Type:              Setup (Max at Slow Process Corner)
  Requirement:            7.576ns  (core132 rise@7.576ns - core132 rise@0.000ns)
  Data Path Delay:        15.451ns  (logic 6.396ns (41.395%)  route 9.055ns (58.605%))
  Logic Levels:           24  (CARRY4=11 LUT2=2 LUT3=3 LUT4=1 LUT5=4 LUT6=3)
  Clock Path Skew:        -0.049ns (DCD - SCD + CPR)
    Destination Clock Delay (DCD):    0.924ns = ( 8.500 - 7.576 ) 
    Source Clock Delay      (SCD):    0.973ns
    Clock Pessimism Removal (CPR):    0.000ns
  Clock Uncertainty:      0.035ns  ((TSJ^2 + TIJ^2)^1/2 + DJ) / 2 + PE
    Total System Jitter     (TSJ):    0.071ns
    Total Input Jitter      (TIJ):    0.000ns
    Discrete Jitter          (DJ):    0.000ns
    Phase Error              (PE):    0.000ns

    Location             Delay type                Incr(ns)  Path(ns)    Netlist Resource(s)
  -------------------------------------------------------------------    -------------------
                         (clock core132 rise edge)    0.000     0.000 r  
                                                      0.000     0.000 r  clk (IN)
                         net (fo=18003, unset)        0.973     0.973    native_system/digital/clk
                         FDCE                                         r  native_system/digital/carrier_acc_reg[7]/C
  -------------------------------------------------------------------    -------------------
                         FDCE (Prop_fdce_C_Q)         0.518     1.491 r  native_system/digital/carrier_acc_reg[7]/Q
                         net (fo=15, unplaced)        0.794     2.285    native_system/digital/serial/previous_phase_reg[3][7]
                                                                      r  native_system/digital/serial/previous_phase[1]_i_76/I0
                         LUT3 (Prop_lut3_I0_O)        0.319     2.604 f  native_system/digital/serial/previous_phase[1]_i_76/O
                         net (fo=3, unplaced)         0.467     3.071    native_system/digital/serial/previous_phase[1]_i_76_n_0
                                                                      f  native_system/digital/serial/previous_phase[1]_i_55/I0
                         LUT5 (Prop_lut5_I0_O)        0.124     3.195 r  native_system/digital/serial/previous_phase[1]_i_55/O
                         net (fo=2, unplaced)         0.650     3.845    native_system/digital/serial/previous_phase[1]_i_55_n_0
                                                                      r  native_system/digital/serial/previous_phase_reg[1]_i_39/DI[1]
                         CARRY4 (Prop_carry4_DI[1]_CO[3])
                                                      0.520     4.365 r  native_system/digital/serial/previous_phase_reg[1]_i_39/CO[3]
                         net (fo=1, unplaced)         0.000     4.365    native_system/digital/serial/previous_phase_reg[1]_i_39_n_0
                                                                      r  native_system/digital/serial/previous_phase_reg[1]_i_26/CI
                         CARRY4 (Prop_carry4_CI_CO[3])
                                                      0.117     4.482 r  native_system/digital/serial/previous_phase_reg[1]_i_26/CO[3]
                         net (fo=1, unplaced)         0.000     4.482    native_system/digital/serial/previous_phase_reg[1]_i_26_n_0
                                                                      r  native_system/digital/serial/previous_phase_reg[1]_i_12/CI
                         CARRY4 (Prop_carry4_CI_CO[3])
                                                      0.117     4.599 r  native_system/digital/serial/previous_phase_reg[1]_i_12/CO[3]
                         net (fo=1, unplaced)         0.000     4.599    native_system/digital/serial/previous_phase_reg[1]_i_12_n_0
                                                                      r  native_system/digital/serial/previous_phase_reg[1]_i_3/CI
                         CARRY4 (Prop_carry4_CI_CO[3])
                                                      0.117     4.716 r  native_system/digital/serial/previous_phase_reg[1]_i_3/CO[3]
                         net (fo=1, unplaced)         0.000     4.716    native_system/digital/serial/previous_phase_reg[1]_i_3_n_0
                                                                      r  native_system/digital/serial/previous_phase_reg[1]_i_2/CI
                         CARRY4 (Prop_carry4_CI_O[2])
                                                      0.256     4.972 r  native_system/digital/serial/previous_phase_reg[1]_i_2/O[2]
                         net (fo=25, unplaced)        0.970     5.942    native_system/digital/serial/previous_phase_reg[1]_i_2_n_5
                                                                      r  native_system/digital/serial/previous_phase[7]_i_190/I2
                         LUT3 (Prop_lut3_I2_O)        0.301     6.243 r  native_system/digital/serial/previous_phase[7]_i_190/O
                         net (fo=2, unplaced)         0.460     6.703    native_system/digital/serial/previous_phase[7]_i_190_n_0
                                                                      r  native_system/digital/serial/previous_phase[7]_i_193/I3
                         LUT4 (Prop_lut4_I3_O)        0.124     6.827 r  native_system/digital/serial/previous_phase[7]_i_193/O
                         net (fo=1, unplaced)         0.000     6.827    native_system/digital/serial/previous_phase[7]_i_193_n_0
                                                                      r  native_system/digital/serial/previous_phase_reg[7]_i_141/S[3]
                         CARRY4 (Prop_carry4_S[3]_CO[3])
                                                      0.376     7.203 r  native_system/digital/serial/previous_phase_reg[7]_i_141/CO[3]
                         net (fo=1, unplaced)         0.009     7.212    native_system/digital/serial/previous_phase_reg[7]_i_141_n_0
                                                                      r  native_system/digital/serial/previous_phase_reg[7]_i_98/CI
                         CARRY4 (Prop_carry4_CI_O[1])
                                                      0.337     7.549 r  native_system/digital/serial/previous_phase_reg[7]_i_98/O[1]
                         net (fo=4, unplaced)         0.635     8.184    native_system/digital/serial/previous_phase_reg[7]_i_98_n_6
                                                                      r  native_system/digital/serial/previous_phase[7]_i_140/I0
                         LUT3 (Prop_lut3_I0_O)        0.306     8.490 r  native_system/digital/serial/previous_phase[7]_i_140/O
                         net (fo=1, unplaced)         0.419     8.909    native_system/digital/serial/previous_phase[7]_i_140_n_0
                                                                      r  native_system/digital/serial/previous_phase[7]_i_90/I4
                         LUT5 (Prop_lut5_I4_O)        0.124     9.033 r  native_system/digital/serial/previous_phase[7]_i_90/O
                         net (fo=2, unplaced)         0.460     9.493    native_system/digital/serial/previous_phase[7]_i_90_n_0
                                                                      r  native_system/digital/serial/previous_phase[7]_i_94/I0
                         LUT5 (Prop_lut5_I0_O)        0.124     9.617 r  native_system/digital/serial/previous_phase[7]_i_94/O
                         net (fo=1, unplaced)         0.000     9.617    native_system/digital/serial/previous_phase[7]_i_94_n_0
                                                                      r  native_system/digital/serial/previous_phase_reg[7]_i_52/S[2]
                         CARRY4 (Prop_carry4_S[2]_CO[3])
                                                      0.380     9.997 r  native_system/digital/serial/previous_phase_reg[7]_i_52/CO[3]
                         net (fo=1, unplaced)         0.000     9.997    native_system/digital/serial/previous_phase_reg[7]_i_52_n_0
                                                                      r  native_system/digital/serial/previous_phase_reg[7]_i_29/CI
                         CARRY4 (Prop_carry4_CI_O[3])
                                                      0.331    10.328 r  native_system/digital/serial/previous_phase_reg[7]_i_29/O[3]
                         net (fo=3, unplaced)         0.636    10.964    native_system/digital/serial/previous_phase_reg[7]_i_29_n_4
                                                                      r  native_system/digital/serial/previous_phase[7]_i_23/I0
                         LUT2 (Prop_lut2_I0_O)        0.300    11.264 r  native_system/digital/serial/previous_phase[7]_i_23/O
                         net (fo=1, unplaced)         0.000    11.264    native_system/digital/serial/previous_phase[7]_i_23_n_0
                                                                      r  native_system/digital/serial/previous_phase_reg[7]_i_9/DI[1]
                         CARRY4 (Prop_carry4_DI[1]_CO[3])
                                                      0.547    11.811 r  native_system/digital/serial/previous_phase_reg[7]_i_9/CO[3]
                         net (fo=1, unplaced)         0.000    11.811    native_system/digital/serial/previous_phase_reg[7]_i_9_n_0
                                                                      r  native_system/digital/serial/previous_phase_reg[7]_i_3/CI
                         CARRY4 (Prop_carry4_CI_CO[2])
                                                      0.252    12.063 r  native_system/digital/serial/previous_phase_reg[7]_i_3/CO[2]
                         net (fo=11, unplaced)        0.498    12.561    native_system/digital/serial/previous_phase_reg[7]_i_3_n_1
                                                                      r  native_system/digital/serial/previous_phase[3]_i_1/I1
                         LUT5 (Prop_lut5_I1_O)        0.310    12.871 r  native_system/digital/serial/previous_phase[3]_i_1/O
                         net (fo=258, unplaced)       1.025    13.896    native_system/digital/serial/D[3]
                                                                      r  native_system/digital/serial/captured[127]_i_4/I0
                         LUT6 (Prop_lut6_I0_O)        0.124    14.020 r  native_system/digital/serial/captured[127]_i_4/O
                         net (fo=1, unplaced)         0.449    14.469    native_system/digital/serial/captured[127]_i_4_n_0
                                                                      r  native_system/digital/serial/captured[127]_i_2/I1
                         LUT6 (Prop_lut6_I1_O)        0.124    14.593 r  native_system/digital/serial/captured[127]_i_2/O
                         net (fo=3, unplaced)         0.467    15.060    native_system/digital/serial/tick
                                                                      r  native_system/digital/serial/captured[127]_i_1/I0
                         LUT2 (Prop_lut2_I0_O)        0.124    15.184 r  native_system/digital/serial/captured[127]_i_1/O
                         net (fo=131, unplaced)       0.555    15.739    native_system/digital/serial/captured[0]
                                                                      r  native_system/digital/serial/serial_data[31]_i_1/I0
                         LUT6 (Prop_lut6_I0_O)        0.124    15.863 r  native_system/digital/serial/serial_data[31]_i_1/O
                         net (fo=64, unplaced)        0.561    16.424    native_system/digital/serial/serial_data[31]_i_1_n_0
                         FDCE                                         r  native_system/digital/serial/bit_index_reg[26]/CE
  -------------------------------------------------------------------    -------------------

                         (clock core132 rise edge)    7.576     7.576 r  
                                                      0.000     7.576 r  clk (IN)
                         net (fo=18003, unset)        0.924     8.500    native_system/digital/serial/clk
                         FDCE                                         r  native_system/digital/serial/bit_index_reg[26]/C
                         clock pessimism              0.000     8.500    
                         clock uncertainty           -0.035     8.465    
                         FDCE (Setup_fdce_C_CE)      -0.169     8.296    native_system/digital/serial/bit_index_reg[26]
  -------------------------------------------------------------------
                         required time                          8.296    
                         arrival time                         -16.424    
  -------------------------------------------------------------------
                         slack                                 -8.128    

Slack (VIOLATED) :        -8.128ns  (required time - arrival time)
  Source:                 native_system/digital/carrier_acc_reg[7]/C
                            (rising edge-triggered cell FDCE clocked by core132  {rise@0.000ns fall@3.788ns period=7.576ns})
  Destination:            native_system/digital/serial/bit_index_reg[27]/CE
                            (rising edge-triggered cell FDCE clocked by core132  {rise@0.000ns fall@3.788ns period=7.576ns})
  Path Group:             core132
  Path Type:              Setup (Max at Slow Process Corner)
  Requirement:            7.576ns  (core132 rise@7.576ns - core132 rise@0.000ns)
  Data Path Delay:        15.451ns  (logic 6.396ns (41.395%)  route 9.055ns (58.605%))
  Logic Levels:           24  (CARRY4=11 LUT2=2 LUT3=3 LUT4=1 LUT5=4 LUT6=3)
  Clock Path Skew:        -0.049ns (DCD - SCD + CPR)
    Destination Clock Delay (DCD):    0.924ns = ( 8.500 - 7.576 ) 
    Source Clock Delay      (SCD):    0.973ns
    Clock Pessimism Removal (CPR):    0.000ns
  Clock Uncertainty:      0.035ns  ((TSJ^2 + TIJ^2)^1/2 + DJ) / 2 + PE
    Total System Jitter     (TSJ):    0.071ns
    Total Input Jitter      (TIJ):    0.000ns
    Discrete Jitter          (DJ):    0.000ns
    Phase Error              (PE):    0.000ns

    Location             Delay type                Incr(ns)  Path(ns)    Netlist Resource(s)
  -------------------------------------------------------------------    -------------------
                         (clock core132 rise edge)    0.000     0.000 r  
                                                      0.000     0.000 r  clk (IN)
                         net (fo=18003, unset)        0.973     0.973    native_system/digital/clk
                         FDCE                                         r  native_system/digital/carrier_acc_reg[7]/C
  -------------------------------------------------------------------    -------------------
                         FDCE (Prop_fdce_C_Q)         0.518     1.491 r  native_system/digital/carrier_acc_reg[7]/Q
                         net (fo=15, unplaced)        0.794     2.285    native_system/digital/serial/previous_phase_reg[3][7]
                                                                      r  native_system/digital/serial/previous_phase[1]_i_76/I0
                         LUT3 (Prop_lut3_I0_O)        0.319     2.604 f  native_system/digital/serial/previous_phase[1]_i_76/O
                         net (fo=3, unplaced)         0.467     3.071    native_system/digital/serial/previous_phase[1]_i_76_n_0
                                                                      f  native_system/digital/serial/previous_phase[1]_i_55/I0
                         LUT5 (Prop_lut5_I0_O)        0.124     3.195 r  native_system/digital/serial/previous_phase[1]_i_55/O
                         net (fo=2, unplaced)         0.650     3.845    native_system/digital/serial/previous_phase[1]_i_55_n_0
                                                                      r  native_system/digital/serial/previous_phase_reg[1]_i_39/DI[1]
                         CARRY4 (Prop_carry4_DI[1]_CO[3])
                                                      0.520     4.365 r  native_system/digital/serial/previous_phase_reg[1]_i_39/CO[3]
                         net (fo=1, unplaced)         0.000     4.365    native_system/digital/serial/previous_phase_reg[1]_i_39_n_0
                                                                      r  native_system/digital/serial/previous_phase_reg[1]_i_26/CI
                         CARRY4 (Prop_carry4_CI_CO[3])
                                                      0.117     4.482 r  native_system/digital/serial/previous_phase_reg[1]_i_26/CO[3]
                         net (fo=1, unplaced)         0.000     4.482    native_system/digital/serial/previous_phase_reg[1]_i_26_n_0
                                                                      r  native_system/digital/serial/previous_phase_reg[1]_i_12/CI
                         CARRY4 (Prop_carry4_CI_CO[3])
                                                      0.117     4.599 r  native_system/digital/serial/previous_phase_reg[1]_i_12/CO[3]
                         net (fo=1, unplaced)         0.000     4.599    native_system/digital/serial/previous_phase_reg[1]_i_12_n_0
                                                                      r  native_system/digital/serial/previous_phase_reg[1]_i_3/CI
                         CARRY4 (Prop_carry4_CI_CO[3])
                                                      0.117     4.716 r  native_system/digital/serial/previous_phase_reg[1]_i_3/CO[3]
                         net (fo=1, unplaced)         0.000     4.716    native_system/digital/serial/previous_phase_reg[1]_i_3_n_0
                                                                      r  native_system/digital/serial/previous_phase_reg[1]_i_2/CI
                         CARRY4 (Prop_carry4_CI_O[2])
                                                      0.256     4.972 r  native_system/digital/serial/previous_phase_reg[1]_i_2/O[2]
                         net (fo=25, unplaced)        0.970     5.942    native_system/digital/serial/previous_phase_reg[1]_i_2_n_5
                                                                      r  native_system/digital/serial/previous_phase[7]_i_190/I2
                         LUT3 (Prop_lut3_I2_O)        0.301     6.243 r  native_system/digital/serial/previous_phase[7]_i_190/O
                         net (fo=2, unplaced)         0.460     6.703    native_system/digital/serial/previous_phase[7]_i_190_n_0
                                                                      r  native_system/digital/serial/previous_phase[7]_i_193/I3
                         LUT4 (Prop_lut4_I3_O)        0.124     6.827 r  native_system/digital/serial/previous_phase[7]_i_193/O
                         net (fo=1, unplaced)         0.000     6.827    native_system/digital/serial/previous_phase[7]_i_193_n_0
                                                                      r  native_system/digital/serial/previous_phase_reg[7]_i_141/S[3]
                         CARRY4 (Prop_carry4_S[3]_CO[3])
                                                      0.376     7.203 r  native_system/digital/serial/previous_phase_reg[7]_i_141/CO[3]
                         net (fo=1, unplaced)         0.009     7.212    native_system/digital/serial/previous_phase_reg[7]_i_141_n_0
                                                                      r  native_system/digital/serial/previous_phase_reg[7]_i_98/CI
                         CARRY4 (Prop_carry4_CI_O[1])
                                                      0.337     7.549 r  native_system/digital/serial/previous_phase_reg[7]_i_98/O[1]
                         net (fo=4, unplaced)         0.635     8.184    native_system/digital/serial/previous_phase_reg[7]_i_98_n_6
                                                                      r  native_system/digital/serial/previous_phase[7]_i_140/I0
                         LUT3 (Prop_lut3_I0_O)        0.306     8.490 r  native_system/digital/serial/previous_phase[7]_i_140/O
                         net (fo=1, unplaced)         0.419     8.909    native_system/digital/serial/previous_phase[7]_i_140_n_0
                                                                      r  native_system/digital/serial/previous_phase[7]_i_90/I4
                         LUT5 (Prop_lut5_I4_O)        0.124     9.033 r  native_system/digital/serial/previous_phase[7]_i_90/O
                         net (fo=2, unplaced)         0.460     9.493    native_system/digital/serial/previous_phase[7]_i_90_n_0
                                                                      r  native_system/digital/serial/previous_phase[7]_i_94/I0
                         LUT5 (Prop_lut5_I0_O)        0.124     9.617 r  native_system/digital/serial/previous_phase[7]_i_94/O
                         net (fo=1, unplaced)         0.000     9.617    native_system/digital/serial/previous_phase[7]_i_94_n_0
                                                                      r  native_system/digital/serial/previous_phase_reg[7]_i_52/S[2]
                         CARRY4 (Prop_carry4_S[2]_CO[3])
                                                      0.380     9.997 r  native_system/digital/serial/previous_phase_reg[7]_i_52/CO[3]
                         net (fo=1, unplaced)         0.000     9.997    native_system/digital/serial/previous_phase_reg[7]_i_52_n_0
                                                                      r  native_system/digital/serial/previous_phase_reg[7]_i_29/CI
                         CARRY4 (Prop_carry4_CI_O[3])
                                                      0.331    10.328 r  native_system/digital/serial/previous_phase_reg[7]_i_29/O[3]
                         net (fo=3, unplaced)         0.636    10.964    native_system/digital/serial/previous_phase_reg[7]_i_29_n_4
                                                                      r  native_system/digital/serial/previous_phase[7]_i_23/I0
                         LUT2 (Prop_lut2_I0_O)        0.300    11.264 r  native_system/digital/serial/previous_phase[7]_i_23/O
                         net (fo=1, unplaced)         0.000    11.264    native_system/digital/serial/previous_phase[7]_i_23_n_0
                                                                      r  native_system/digital/serial/previous_phase_reg[7]_i_9/DI[1]
                         CARRY4 (Prop_carry4_DI[1]_CO[3])
                                                      0.547    11.811 r  native_system/digital/serial/previous_phase_reg[7]_i_9/CO[3]
                         net (fo=1, unplaced)         0.000    11.811    native_system/digital/serial/previous_phase_reg[7]_i_9_n_0
                                                                      r  native_system/digital/serial/previous_phase_reg[7]_i_3/CI
                         CARRY4 (Prop_carry4_CI_CO[2])
                                                      0.252    12.063 r  native_system/digital/serial/previous_phase_reg[7]_i_3/CO[2]
                         net (fo=11, unplaced)        0.498    12.561    native_system/digital/serial/previous_phase_reg[7]_i_3_n_1
                                                                      r  native_system/digital/serial/previous_phase[3]_i_1/I1
                         LUT5 (Prop_lut5_I1_O)        0.310    12.871 r  native_system/digital/serial/previous_phase[3]_i_1/O
                         net (fo=258, unplaced)       1.025    13.896    native_system/digital/serial/D[3]
                                                                      r  native_system/digital/serial/captured[127]_i_4/I0
                         LUT6 (Prop_lut6_I0_O)        0.124    14.020 r  native_system/digital/serial/captured[127]_i_4/O
                         net (fo=1, unplaced)         0.449    14.469    native_system/digital/serial/captured[127]_i_4_n_0
                                                                      r  native_system/digital/serial/captured[127]_i_2/I1
                         LUT6 (Prop_lut6_I1_O)        0.124    14.593 r  native_system/digital/serial/captured[127]_i_2/O
                         net (fo=3, unplaced)         0.467    15.060    native_system/digital/serial/tick
                                                                      r  native_system/digital/serial/captured[127]_i_1/I0
                         LUT2 (Prop_lut2_I0_O)        0.124    15.184 r  native_system/digital/serial/captured[127]_i_1/O
                         net (fo=131, unplaced)       0.555    15.739    native_system/digital/serial/captured[0]
                                                                      r  native_system/digital/serial/serial_data[31]_i_1/I0
                         LUT6 (Prop_lut6_I0_O)        0.124    15.863 r  native_system/digital/serial/serial_data[31]_i_1/O
                         net (fo=64, unplaced)        0.561    16.424    native_system/digital/serial/serial_data[31]_i_1_n_0
                         FDCE                                         r  native_system/digital/serial/bit_index_reg[27]/CE
  -------------------------------------------------------------------    -------------------

                         (clock core132 rise edge)    7.576     7.576 r  
                                                      0.000     7.576 r  clk (IN)
                         net (fo=18003, unset)        0.924     8.500    native_system/digital/serial/clk
                         FDCE                                         r  native_system/digital/serial/bit_index_reg[27]/C
                         clock pessimism              0.000     8.500    
                         clock uncertainty           -0.035     8.465    
                         FDCE (Setup_fdce_C_CE)      -0.169     8.296    native_system/digital/serial/bit_index_reg[27]
  -------------------------------------------------------------------
                         required time                          8.296    
                         arrival time                         -16.424    
  -------------------------------------------------------------------
                         slack                                 -8.128    




