Copyright 1986-2022 Xilinx, Inc. All Rights Reserved. Copyright 2022-2025 Advanced Micro Devices, Inc. All Rights Reserved.
---------------------------------------------------------------------------------------------------------------------------------------------------------------------------------------------------------------------
| Tool Version : Vivado v.2025.2 (win64) Build 6299465 Fri Nov 14 19:35:11 GMT 2025
| Date         : Tue Sep 29 13:29:10 2026
| Host         : loverlike running 64-bit major release  (build 9200)
| Command      : report_timing -max_paths 20 -nworst 1 -path_type full_clock_expanded -input_pins -nets -file E:/Codex_project/AMD-SonoField-FPGA/v2/evidence/core_timing_real_loop/round1/placed/critical_paths.rpt
| Design       : sono_axi_system
| Device       : 7z020-clg400
| Speed File   : -1  PRODUCTION 1.12 2019-11-22
| Design State : Fully Placed
---------------------------------------------------------------------------------------------------------------------------------------------------------------------------------------------------------------------

Timing Report

Slack (VIOLATED) :        -6.466ns  (required time - arrival time)
  Source:                 native_system/digital/burst/accumulator_reg[6]/C
                            (rising edge-triggered cell FDCE clocked by core132  {rise@0.000ns fall@3.788ns period=7.576ns})
  Destination:            native_system/digital/serial/serial_data_reg[0]/D
                            (rising edge-triggered cell FDCE clocked by core132  {rise@0.000ns fall@3.788ns period=7.576ns})
  Path Group:             core132
  Path Type:              Setup (Max at Slow Process Corner)
  Requirement:            7.576ns  (core132 rise@7.576ns - core132 rise@0.000ns)
  Data Path Delay:        13.987ns  (logic 7.409ns (52.971%)  route 6.578ns (47.029%))
  Logic Levels:           26  (CARRY4=14 LUT3=1 LUT4=2 LUT5=4 LUT6=5)
  Clock Path Skew:        -0.049ns (DCD - SCD + CPR)
    Destination Clock Delay (DCD):    0.924ns = ( 8.500 - 7.576 ) 
    Source Clock Delay      (SCD):    0.973ns
    Clock Pessimism Removal (CPR):    0.000ns
  Clock Uncertainty:      0.035ns  ((TSJ^2 + TIJ^2)^1/2 + DJ) / 2 + PE
    Total System Jitter     (TSJ):    0.071ns
    Total Input Jitter      (TIJ):    0.000ns
    Discrete Jitter          (DJ):    0.000ns
    Phase Error              (PE):    0.000ns

    Location             Delay type                Incr(ns)  Path(ns)    Netlist Resource(s)
  -------------------------------------------------------------------    -------------------
                         (clock core132 rise edge)    0.000     0.000 r  
                                                      0.000     0.000 r  clk (IN)
                         net (fo=18006, unset)        0.973     0.973    native_system/digital/burst/clk
    SLICE_X62Y75         FDCE                                         r  native_system/digital/burst/accumulator_reg[6]/C
  -------------------------------------------------------------------    -------------------
    SLICE_X62Y75         FDCE (Prop_fdce_C_Q)         0.478     1.451 r  native_system/digital/burst/accumulator_reg[6]/Q
                         net (fo=16, estimated)       0.860     2.311    native_system/digital/burst/scaled[14]
    SLICE_X64Y75                                                      r  native_system/digital/burst/commanded_waveform[127]_INST_0_i_267/I0
    SLICE_X64Y75         LUT5 (Prop_lut5_I0_O)        0.295     2.606 r  native_system/digital/burst/commanded_waveform[127]_INST_0_i_267/O
                         net (fo=2, estimated)        0.441     3.047    native_system/digital/burst/commanded_waveform[127]_INST_0_i_267_n_0
    SLICE_X61Y75                                                      r  native_system/digital/burst/commanded_waveform[127]_INST_0_i_271/I0
    SLICE_X61Y75         LUT6 (Prop_lut6_I0_O)        0.124     3.171 r  native_system/digital/burst/commanded_waveform[127]_INST_0_i_271/O
                         net (fo=1, routed)           0.000     3.171    native_system/digital/burst/commanded_waveform[127]_INST_0_i_271_n_0
    SLICE_X61Y75                                                      r  native_system/digital/burst/commanded_waveform[127]_INST_0_i_207/S[1]
    SLICE_X61Y75         CARRY4 (Prop_carry4_S[1]_CO[3])
                                                      0.550     3.721 r  native_system/digital/burst/commanded_waveform[127]_INST_0_i_207/CO[3]
                         net (fo=1, estimated)        0.000     3.721    native_system/digital/burst/commanded_waveform[127]_INST_0_i_207_n_0
    SLICE_X61Y76                                                      r  native_system/digital/burst/commanded_waveform[127]_INST_0_i_153/CI
    SLICE_X61Y76         CARRY4 (Prop_carry4_CI_CO[3])
                                                      0.114     3.835 r  native_system/digital/burst/commanded_waveform[127]_INST_0_i_153/CO[3]
                         net (fo=1, estimated)        0.000     3.835    native_system/digital/burst/commanded_waveform[127]_INST_0_i_153_n_0
    SLICE_X61Y77                                                      r  native_system/digital/burst/commanded_waveform[127]_INST_0_i_101/CI
    SLICE_X61Y77         CARRY4 (Prop_carry4_CI_CO[3])
                                                      0.114     3.949 r  native_system/digital/burst/commanded_waveform[127]_INST_0_i_101/CO[3]
                         net (fo=1, estimated)        0.000     3.949    native_system/digital/burst/commanded_waveform[127]_INST_0_i_101_n_0
    SLICE_X61Y78                                                      r  native_system/digital/burst/commanded_waveform[127]_INST_0_i_66/CI
    SLICE_X61Y78         CARRY4 (Prop_carry4_CI_CO[3])
                                                      0.114     4.063 r  native_system/digital/burst/commanded_waveform[127]_INST_0_i_66/CO[3]
                         net (fo=1, estimated)        0.000     4.063    native_system/digital/burst/commanded_waveform[127]_INST_0_i_66_n_0
    SLICE_X61Y79                                                      r  native_system/digital/burst/commanded_waveform[127]_INST_0_i_42/CI
    SLICE_X61Y79         CARRY4 (Prop_carry4_CI_O[2])
                                                      0.239     4.302 r  native_system/digital/burst/commanded_waveform[127]_INST_0_i_42/O[2]
                         net (fo=28, estimated)       1.002     5.304    native_system/digital/burst/commanded_waveform[127]_INST_0_i_42_n_5
    SLICE_X62Y80                                                      r  native_system/digital/burst/commanded_waveform[127]_INST_0_i_305/I0
    SLICE_X62Y80         LUT4 (Prop_lut4_I0_O)        0.302     5.606 r  native_system/digital/burst/commanded_waveform[127]_INST_0_i_305/O
                         net (fo=1, routed)           0.000     5.606    native_system/digital/burst/commanded_waveform[127]_INST_0_i_305_n_0
    SLICE_X62Y80                                                      r  native_system/digital/burst/commanded_waveform[127]_INST_0_i_241/S[1]
    SLICE_X62Y80         CARRY4 (Prop_carry4_S[1]_CO[3])
                                                      0.533     6.139 r  native_system/digital/burst/commanded_waveform[127]_INST_0_i_241/CO[3]
                         net (fo=1, estimated)        0.000     6.139    native_system/digital/burst/commanded_waveform[127]_INST_0_i_241_n_0
    SLICE_X62Y81                                                      r  native_system/digital/burst/commanded_waveform[127]_INST_0_i_185/CI
    SLICE_X62Y81         CARRY4 (Prop_carry4_CI_O[0])
                                                      0.219     6.358 r  native_system/digital/burst/commanded_waveform[127]_INST_0_i_185/O[0]
                         net (fo=3, estimated)        0.739     7.097    native_system/digital/burst/commanded_waveform[127]_INST_0_i_185_n_7
    SLICE_X58Y80                                                      r  native_system/digital/burst/commanded_waveform[127]_INST_0_i_242/I2
    SLICE_X58Y80         LUT3 (Prop_lut3_I2_O)        0.295     7.392 r  native_system/digital/burst/commanded_waveform[127]_INST_0_i_242/O
                         net (fo=2, estimated)        0.300     7.692    native_system/digital/burst/commanded_waveform[127]_INST_0_i_242_n_0
    SLICE_X58Y80                                                      r  native_system/digital/burst/commanded_waveform[127]_INST_0_i_178/I4
    SLICE_X58Y80         LUT5 (Prop_lut5_I4_O)        0.124     7.816 r  native_system/digital/burst/commanded_waveform[127]_INST_0_i_178/O
                         net (fo=2, estimated)        0.438     8.254    native_system/digital/burst/commanded_waveform[127]_INST_0_i_178_n_0
    SLICE_X57Y81                                                      r  native_system/digital/burst/commanded_waveform[127]_INST_0_i_182/I0
    SLICE_X57Y81         LUT6 (Prop_lut6_I0_O)        0.124     8.378 r  native_system/digital/burst/commanded_waveform[127]_INST_0_i_182/O
                         net (fo=1, routed)           0.000     8.378    native_system/digital/burst/commanded_waveform[127]_INST_0_i_182_n_0
    SLICE_X57Y81                                                      r  native_system/digital/burst/commanded_waveform[127]_INST_0_i_124/S[1]
    SLICE_X57Y81         CARRY4 (Prop_carry4_S[1]_CO[3])
                                                      0.550     8.928 r  native_system/digital/burst/commanded_waveform[127]_INST_0_i_124/CO[3]
                         net (fo=1, estimated)        0.000     8.928    native_system/digital/burst/commanded_waveform[127]_INST_0_i_124_n_0
    SLICE_X57Y82                                                      r  native_system/digital/burst/commanded_waveform[127]_INST_0_i_84/CI
    SLICE_X57Y82         CARRY4 (Prop_carry4_CI_CO[3])
                                                      0.114     9.042 r  native_system/digital/burst/commanded_waveform[127]_INST_0_i_84/CO[3]
                         net (fo=1, estimated)        0.000     9.042    native_system/digital/burst/commanded_waveform[127]_INST_0_i_84_n_0
    SLICE_X57Y83                                                      r  native_system/digital/burst/commanded_waveform[127]_INST_0_i_50/CI
    SLICE_X57Y83         CARRY4 (Prop_carry4_CI_O[1])
                                                      0.334     9.376 r  native_system/digital/burst/commanded_waveform[127]_INST_0_i_50/O[1]
                         net (fo=3, estimated)        0.787    10.163    native_system/digital/burst/commanded_waveform[127]_INST_0_i_50_n_6
    SLICE_X56Y81                                                      r  native_system/digital/burst/commanded_waveform[127]_INST_0_i_80/I1
    SLICE_X56Y81         LUT4 (Prop_lut4_I1_O)        0.303    10.466 r  native_system/digital/burst/commanded_waveform[127]_INST_0_i_80/O
                         net (fo=1, routed)           0.000    10.466    native_system/digital/burst/commanded_waveform[127]_INST_0_i_80_n_0
    SLICE_X56Y81                                                      r  native_system/digital/burst/commanded_waveform[127]_INST_0_i_43/S[3]
    SLICE_X56Y81         CARRY4 (Prop_carry4_S[3]_CO[3])
                                                      0.401    10.867 r  native_system/digital/burst/commanded_waveform[127]_INST_0_i_43/CO[3]
                         net (fo=1, estimated)        0.000    10.867    native_system/digital/burst/commanded_waveform[127]_INST_0_i_43_n_0
    SLICE_X56Y82                                                      r  native_system/digital/burst/commanded_waveform[127]_INST_0_i_37/CI
    SLICE_X56Y82         CARRY4 (Prop_carry4_CI_CO[2])
                                                      0.228    11.095 r  native_system/digital/burst/commanded_waveform[127]_INST_0_i_37/CO[2]
                         net (fo=8, estimated)        0.482    11.577    native_system/digital/burst/commanded_waveform[127]_INST_0_i_37_n_1
    SLICE_X55Y82                                                      r  native_system/digital/burst/commanded_waveform[127]_INST_0_i_34/I1
    SLICE_X55Y82         LUT6 (Prop_lut6_I1_O)        0.313    11.890 r  native_system/digital/burst/commanded_waveform[127]_INST_0_i_34/O
                         net (fo=1, routed)           0.000    11.890    native_system/digital/burst/commanded_waveform[127]_INST_0_i_34_n_0
    SLICE_X55Y82                                                      r  native_system/digital/burst/commanded_waveform[127]_INST_0_i_23/S[1]
    SLICE_X55Y82         CARRY4 (Prop_carry4_S[1]_CO[3])
                                                      0.550    12.440 r  native_system/digital/burst/commanded_waveform[127]_INST_0_i_23/CO[3]
                         net (fo=1, estimated)        0.000    12.440    native_system/digital/burst/commanded_waveform[127]_INST_0_i_23_n_0
    SLICE_X55Y83                                                      r  native_system/digital/burst/commanded_waveform[127]_INST_0_i_17/CI
    SLICE_X55Y83         CARRY4 (Prop_carry4_CI_O[3])
                                                      0.313    12.753 f  native_system/digital/burst/commanded_waveform[127]_INST_0_i_17/O[3]
                         net (fo=1, estimated)        0.296    13.049    native_system/digital/burst/phase[7]
    SLICE_X55Y85                                                      f  native_system/digital/burst/commanded_waveform[127]_INST_0_i_11/I0
    SLICE_X55Y85         LUT5 (Prop_lut5_I0_O)        0.306    13.355 r  native_system/digital/burst/commanded_waveform[127]_INST_0_i_11/O
                         net (fo=8, estimated)        0.336    13.691    native_system/digital/scheduler/commanded_waveform3
    SLICE_X57Y85                                                      r  native_system/digital/scheduler/commanded_waveform[31]_INST_0_i_2/I4
    SLICE_X57Y85         LUT6 (Prop_lut6_I4_O)        0.124    13.815 r  native_system/digital/scheduler/commanded_waveform[31]_INST_0_i_2/O
                         net (fo=16, estimated)       0.597    14.412    native_system/digital/bank/captured_reg[1]_0
    SLICE_X52Y85                                                      r  native_system/digital/bank/commanded_waveform[3]_INST_0/I3
    SLICE_X52Y85         LUT5 (Prop_lut5_I3_O)        0.124    14.536 r  native_system/digital/bank/commanded_waveform[3]_INST_0/O
                         net (fo=2, estimated)        0.300    14.836    native_system/digital/serial/commanded_waveform[3]
    SLICE_X51Y85                                                      r  native_system/digital/serial/serial_data[0]_i_1/I0
    SLICE_X51Y85         LUT6 (Prop_lut6_I0_O)        0.124    14.960 r  native_system/digital/serial/serial_data[0]_i_1/O
                         net (fo=1, routed)           0.000    14.960    native_system/digital/serial/serial_data[0]_i_1_n_0
    SLICE_X51Y85         FDCE                                         r  native_system/digital/serial/serial_data_reg[0]/D
  -------------------------------------------------------------------    -------------------

                         (clock core132 rise edge)    7.576     7.576 r  
                                                      0.000     7.576 r  clk (IN)
                         net (fo=18006, unset)        0.924     8.500    native_system/digital/serial/clk
    SLICE_X51Y85         FDCE                                         r  native_system/digital/serial/serial_data_reg[0]/C
                         clock pessimism              0.000     8.500    
                         clock uncertainty           -0.035     8.465    
    SLICE_X51Y85         FDCE (Setup_fdce_C_D)        0.029     8.494    native_system/digital/serial/serial_data_reg[0]
  -------------------------------------------------------------------
                         required time                          8.494    
                         arrival time                         -14.960    
  -------------------------------------------------------------------
                         slack                                 -6.466    

Slack (VIOLATED) :        -6.433ns  (required time - arrival time)
  Source:                 native_system/digital/burst/accumulator_reg[6]/C
                            (rising edge-triggered cell FDCE clocked by core132  {rise@0.000ns fall@3.788ns period=7.576ns})
  Destination:            native_system/digital/serial/serial_data_reg[14]/D
                            (rising edge-triggered cell FDCE clocked by core132  {rise@0.000ns fall@3.788ns period=7.576ns})
  Path Group:             core132
  Path Type:              Setup (Max at Slow Process Corner)
  Requirement:            7.576ns  (core132 rise@7.576ns - core132 rise@0.000ns)
  Data Path Delay:        13.956ns  (logic 7.409ns (53.088%)  route 6.547ns (46.912%))
  Logic Levels:           26  (CARRY4=14 LUT3=1 LUT4=2 LUT5=4 LUT6=5)
  Clock Path Skew:        -0.049ns (DCD - SCD + CPR)
    Destination Clock Delay (DCD):    0.924ns = ( 8.500 - 7.576 ) 
    Source Clock Delay      (SCD):    0.973ns
    Clock Pessimism Removal (CPR):    0.000ns
  Clock Uncertainty:      0.035ns  ((TSJ^2 + TIJ^2)^1/2 + DJ) / 2 + PE
    Total System Jitter     (TSJ):    0.071ns
    Total Input Jitter      (TIJ):    0.000ns
    Discrete Jitter          (DJ):    0.000ns
    Phase Error              (PE):    0.000ns

    Location             Delay type                Incr(ns)  Path(ns)    Netlist Resource(s)
  -------------------------------------------------------------------    -------------------
                         (clock core132 rise edge)    0.000     0.000 r  
                                                      0.000     0.000 r  clk (IN)
                         net (fo=18006, unset)        0.973     0.973    native_system/digital/burst/clk
    SLICE_X62Y75         FDCE                                         r  native_system/digital/burst/accumulator_reg[6]/C
  -------------------------------------------------------------------    -------------------
    SLICE_X62Y75         FDCE (Prop_fdce_C_Q)         0.478     1.451 r  native_system/digital/burst/accumulator_reg[6]/Q
                         net (fo=16, estimated)       0.860     2.311    native_system/digital/burst/scaled[14]
    SLICE_X64Y75                                                      r  native_system/digital/burst/commanded_waveform[127]_INST_0_i_267/I0
    SLICE_X64Y75         LUT5 (Prop_lut5_I0_O)        0.295     2.606 r  native_system/digital/burst/commanded_waveform[127]_INST_0_i_267/O
                         net (fo=2, estimated)        0.441     3.047    native_system/digital/burst/commanded_waveform[127]_INST_0_i_267_n_0
    SLICE_X61Y75                                                      r  native_system/digital/burst/commanded_waveform[127]_INST_0_i_271/I0
    SLICE_X61Y75         LUT6 (Prop_lut6_I0_O)        0.124     3.171 r  native_system/digital/burst/commanded_waveform[127]_INST_0_i_271/O
                         net (fo=1, routed)           0.000     3.171    native_system/digital/burst/commanded_waveform[127]_INST_0_i_271_n_0
    SLICE_X61Y75                                                      r  native_system/digital/burst/commanded_waveform[127]_INST_0_i_207/S[1]
    SLICE_X61Y75         CARRY4 (Prop_carry4_S[1]_CO[3])
                                                      0.550     3.721 r  native_system/digital/burst/commanded_waveform[127]_INST_0_i_207/CO[3]
                         net (fo=1, estimated)        0.000     3.721    native_system/digital/burst/commanded_waveform[127]_INST_0_i_207_n_0
    SLICE_X61Y76                                                      r  native_system/digital/burst/commanded_waveform[127]_INST_0_i_153/CI
    SLICE_X61Y76         CARRY4 (Prop_carry4_CI_CO[3])
                                                      0.114     3.835 r  native_system/digital/burst/commanded_waveform[127]_INST_0_i_153/CO[3]
                         net (fo=1, estimated)        0.000     3.835    native_system/digital/burst/commanded_waveform[127]_INST_0_i_153_n_0
    SLICE_X61Y77                                                      r  native_system/digital/burst/commanded_waveform[127]_INST_0_i_101/CI
    SLICE_X61Y77         CARRY4 (Prop_carry4_CI_CO[3])
                                                      0.114     3.949 r  native_system/digital/burst/commanded_waveform[127]_INST_0_i_101/CO[3]
                         net (fo=1, estimated)        0.000     3.949    native_system/digital/burst/commanded_waveform[127]_INST_0_i_101_n_0
    SLICE_X61Y78                                                      r  native_system/digital/burst/commanded_waveform[127]_INST_0_i_66/CI
    SLICE_X61Y78         CARRY4 (Prop_carry4_CI_CO[3])
                                                      0.114     4.063 r  native_system/digital/burst/commanded_waveform[127]_INST_0_i_66/CO[3]
                         net (fo=1, estimated)        0.000     4.063    native_system/digital/burst/commanded_waveform[127]_INST_0_i_66_n_0
    SLICE_X61Y79                                                      r  native_system/digital/burst/commanded_waveform[127]_INST_0_i_42/CI
    SLICE_X61Y79         CARRY4 (Prop_carry4_CI_O[2])
                                                      0.239     4.302 r  native_system/digital/burst/commanded_waveform[127]_INST_0_i_42/O[2]
                         net (fo=28, estimated)       1.002     5.304    native_system/digital/burst/commanded_waveform[127]_INST_0_i_42_n_5
    SLICE_X62Y80                                                      r  native_system/digital/burst/commanded_waveform[127]_INST_0_i_305/I0
    SLICE_X62Y80         LUT4 (Prop_lut4_I0_O)        0.302     5.606 r  native_system/digital/burst/commanded_waveform[127]_INST_0_i_305/O
                         net (fo=1, routed)           0.000     5.606    native_system/digital/burst/commanded_waveform[127]_INST_0_i_305_n_0
    SLICE_X62Y80                                                      r  native_system/digital/burst/commanded_waveform[127]_INST_0_i_241/S[1]
    SLICE_X62Y80         CARRY4 (Prop_carry4_S[1]_CO[3])
                                                      0.533     6.139 r  native_system/digital/burst/commanded_waveform[127]_INST_0_i_241/CO[3]
                         net (fo=1, estimated)        0.000     6.139    native_system/digital/burst/commanded_waveform[127]_INST_0_i_241_n_0
    SLICE_X62Y81                                                      r  native_system/digital/burst/commanded_waveform[127]_INST_0_i_185/CI
    SLICE_X62Y81         CARRY4 (Prop_carry4_CI_O[0])
                                                      0.219     6.358 r  native_system/digital/burst/commanded_waveform[127]_INST_0_i_185/O[0]
                         net (fo=3, estimated)        0.739     7.097    native_system/digital/burst/commanded_waveform[127]_INST_0_i_185_n_7
    SLICE_X58Y80                                                      r  native_system/digital/burst/commanded_waveform[127]_INST_0_i_242/I2
    SLICE_X58Y80         LUT3 (Prop_lut3_I2_O)        0.295     7.392 r  native_system/digital/burst/commanded_waveform[127]_INST_0_i_242/O
                         net (fo=2, estimated)        0.300     7.692    native_system/digital/burst/commanded_waveform[127]_INST_0_i_242_n_0
    SLICE_X58Y80                                                      r  native_system/digital/burst/commanded_waveform[127]_INST_0_i_178/I4
    SLICE_X58Y80         LUT5 (Prop_lut5_I4_O)        0.124     7.816 r  native_system/digital/burst/commanded_waveform[127]_INST_0_i_178/O
                         net (fo=2, estimated)        0.438     8.254    native_system/digital/burst/commanded_waveform[127]_INST_0_i_178_n_0
    SLICE_X57Y81                                                      r  native_system/digital/burst/commanded_waveform[127]_INST_0_i_182/I0
    SLICE_X57Y81         LUT6 (Prop_lut6_I0_O)        0.124     8.378 r  native_system/digital/burst/commanded_waveform[127]_INST_0_i_182/O
                         net (fo=1, routed)           0.000     8.378    native_system/digital/burst/commanded_waveform[127]_INST_0_i_182_n_0
    SLICE_X57Y81                                                      r  native_system/digital/burst/commanded_waveform[127]_INST_0_i_124/S[1]
    SLICE_X57Y81         CARRY4 (Prop_carry4_S[1]_CO[3])
                                                      0.550     8.928 r  native_system/digital/burst/commanded_waveform[127]_INST_0_i_124/CO[3]
                         net (fo=1, estimated)        0.000     8.928    native_system/digital/burst/commanded_waveform[127]_INST_0_i_124_n_0
    SLICE_X57Y82                                                      r  native_system/digital/burst/commanded_waveform[127]_INST_0_i_84/CI
    SLICE_X57Y82         CARRY4 (Prop_carry4_CI_CO[3])
                                                      0.114     9.042 r  native_system/digital/burst/commanded_waveform[127]_INST_0_i_84/CO[3]
                         net (fo=1, estimated)        0.000     9.042    native_system/digital/burst/commanded_waveform[127]_INST_0_i_84_n_0
    SLICE_X57Y83                                                      r  native_system/digital/burst/commanded_waveform[127]_INST_0_i_50/CI
    SLICE_X57Y83         CARRY4 (Prop_carry4_CI_O[1])
                                                      0.334     9.376 r  native_system/digital/burst/commanded_waveform[127]_INST_0_i_50/O[1]
                         net (fo=3, estimated)        0.787    10.163    native_system/digital/burst/commanded_waveform[127]_INST_0_i_50_n_6
    SLICE_X56Y81                                                      r  native_system/digital/burst/commanded_waveform[127]_INST_0_i_80/I1
    SLICE_X56Y81         LUT4 (Prop_lut4_I1_O)        0.303    10.466 r  native_system/digital/burst/commanded_waveform[127]_INST_0_i_80/O
                         net (fo=1, routed)           0.000    10.466    native_system/digital/burst/commanded_waveform[127]_INST_0_i_80_n_0
    SLICE_X56Y81                                                      r  native_system/digital/burst/commanded_waveform[127]_INST_0_i_43/S[3]
    SLICE_X56Y81         CARRY4 (Prop_carry4_S[3]_CO[3])
                                                      0.401    10.867 r  native_system/digital/burst/commanded_waveform[127]_INST_0_i_43/CO[3]
                         net (fo=1, estimated)        0.000    10.867    native_system/digital/burst/commanded_waveform[127]_INST_0_i_43_n_0
    SLICE_X56Y82                                                      r  native_system/digital/burst/commanded_waveform[127]_INST_0_i_37/CI
    SLICE_X56Y82         CARRY4 (Prop_carry4_CI_CO[2])
                                                      0.228    11.095 r  native_system/digital/burst/commanded_waveform[127]_INST_0_i_37/CO[2]
                         net (fo=8, estimated)        0.482    11.577    native_system/digital/burst/commanded_waveform[127]_INST_0_i_37_n_1
    SLICE_X55Y82                                                      r  native_system/digital/burst/commanded_waveform[127]_INST_0_i_34/I1
    SLICE_X55Y82         LUT6 (Prop_lut6_I1_O)        0.313    11.890 r  native_system/digital/burst/commanded_waveform[127]_INST_0_i_34/O
                         net (fo=1, routed)           0.000    11.890    native_system/digital/burst/commanded_waveform[127]_INST_0_i_34_n_0
    SLICE_X55Y82                                                      r  native_system/digital/burst/commanded_waveform[127]_INST_0_i_23/S[1]
    SLICE_X55Y82         CARRY4 (Prop_carry4_S[1]_CO[3])
                                                      0.550    12.440 r  native_system/digital/burst/commanded_waveform[127]_INST_0_i_23/CO[3]
                         net (fo=1, estimated)        0.000    12.440    native_system/digital/burst/commanded_waveform[127]_INST_0_i_23_n_0
    SLICE_X55Y83                                                      r  native_system/digital/burst/commanded_waveform[127]_INST_0_i_17/CI
    SLICE_X55Y83         CARRY4 (Prop_carry4_CI_O[3])
                                                      0.313    12.753 f  native_system/digital/burst/commanded_waveform[127]_INST_0_i_17/O[3]
                         net (fo=1, estimated)        0.296    13.049    native_system/digital/burst/phase[7]
    SLICE_X55Y85                                                      f  native_system/digital/burst/commanded_waveform[127]_INST_0_i_11/I0
    SLICE_X55Y85         LUT5 (Prop_lut5_I0_O)        0.306    13.355 r  native_system/digital/burst/commanded_waveform[127]_INST_0_i_11/O
                         net (fo=8, estimated)        0.195    13.550    native_system/digital/scheduler/commanded_waveform3
    SLICE_X55Y85                                                      r  native_system/digital/scheduler/commanded_waveform[63]_INST_0_i_2/I4
    SLICE_X55Y85         LUT6 (Prop_lut6_I4_O)        0.124    13.674 r  native_system/digital/scheduler/commanded_waveform[63]_INST_0_i_2/O
                         net (fo=16, estimated)       0.513    14.187    native_system/digital/bank/captured_reg[33]_0
    SLICE_X55Y86                                                      r  native_system/digital/bank/commanded_waveform[59]_INST_0/I3
    SLICE_X55Y86         LUT5 (Prop_lut5_I3_O)        0.124    14.311 r  native_system/digital/bank/commanded_waveform[59]_INST_0/O
                         net (fo=2, estimated)        0.494    14.805    native_system/digital/serial/commanded_waveform[59]
    SLICE_X55Y86                                                      r  native_system/digital/serial/serial_data[14]_i_1/I0
    SLICE_X55Y86         LUT6 (Prop_lut6_I0_O)        0.124    14.929 r  native_system/digital/serial/serial_data[14]_i_1/O
                         net (fo=1, routed)           0.000    14.929    native_system/digital/serial/serial_data[14]_i_1_n_0
    SLICE_X55Y86         FDCE                                         r  native_system/digital/serial/serial_data_reg[14]/D
  -------------------------------------------------------------------    -------------------

                         (clock core132 rise edge)    7.576     7.576 r  
                                                      0.000     7.576 r  clk (IN)
                         net (fo=18006, unset)        0.924     8.500    native_system/digital/serial/clk
    SLICE_X55Y86         FDCE                                         r  native_system/digital/serial/serial_data_reg[14]/C
                         clock pessimism              0.000     8.500    
                         clock uncertainty           -0.035     8.465    
    SLICE_X55Y86         FDCE (Setup_fdce_C_D)        0.031     8.496    native_system/digital/serial/serial_data_reg[14]
  -------------------------------------------------------------------
                         required time                          8.496    
                         arrival time                         -14.929    
  -------------------------------------------------------------------
                         slack                                 -6.433    

Slack (VIOLATED) :        -6.421ns  (required time - arrival time)
  Source:                 native_system/digital/burst/accumulator_reg[6]/C
                            (rising edge-triggered cell FDCE clocked by core132  {rise@0.000ns fall@3.788ns period=7.576ns})
  Destination:            native_system/digital/serial/serial_data_reg[11]/D
                            (rising edge-triggered cell FDCE clocked by core132  {rise@0.000ns fall@3.788ns period=7.576ns})
  Path Group:             core132
  Path Type:              Setup (Max at Slow Process Corner)
  Requirement:            7.576ns  (core132 rise@7.576ns - core132 rise@0.000ns)
  Data Path Delay:        13.942ns  (logic 7.409ns (53.142%)  route 6.533ns (46.858%))
  Logic Levels:           26  (CARRY4=14 LUT3=1 LUT4=2 LUT5=4 LUT6=5)
  Clock Path Skew:        -0.049ns (DCD - SCD + CPR)
    Destination Clock Delay (DCD):    0.924ns = ( 8.500 - 7.576 ) 
    Source Clock Delay      (SCD):    0.973ns
    Clock Pessimism Removal (CPR):    0.000ns
  Clock Uncertainty:      0.035ns  ((TSJ^2 + TIJ^2)^1/2 + DJ) / 2 + PE
    Total System Jitter     (TSJ):    0.071ns
    Total Input Jitter      (TIJ):    0.000ns
    Discrete Jitter          (DJ):    0.000ns
    Phase Error              (PE):    0.000ns

    Location             Delay type                Incr(ns)  Path(ns)    Netlist Resource(s)
  -------------------------------------------------------------------    -------------------
                         (clock core132 rise edge)    0.000     0.000 r  
                                                      0.000     0.000 r  clk (IN)
                         net (fo=18006, unset)        0.973     0.973    native_system/digital/burst/clk
    SLICE_X62Y75         FDCE                                         r  native_system/digital/burst/accumulator_reg[6]/C
  -------------------------------------------------------------------    -------------------
    SLICE_X62Y75         FDCE (Prop_fdce_C_Q)         0.478     1.451 r  native_system/digital/burst/accumulator_reg[6]/Q
                         net (fo=16, estimated)       0.860     2.311    native_system/digital/burst/scaled[14]
    SLICE_X64Y75                                                      r  native_system/digital/burst/commanded_waveform[127]_INST_0_i_267/I0
    SLICE_X64Y75         LUT5 (Prop_lut5_I0_O)        0.295     2.606 r  native_system/digital/burst/commanded_waveform[127]_INST_0_i_267/O
                         net (fo=2, estimated)        0.441     3.047    native_system/digital/burst/commanded_waveform[127]_INST_0_i_267_n_0
    SLICE_X61Y75                                                      r  native_system/digital/burst/commanded_waveform[127]_INST_0_i_271/I0
    SLICE_X61Y75         LUT6 (Prop_lut6_I0_O)        0.124     3.171 r  native_system/digital/burst/commanded_waveform[127]_INST_0_i_271/O
                         net (fo=1, routed)           0.000     3.171    native_system/digital/burst/commanded_waveform[127]_INST_0_i_271_n_0
    SLICE_X61Y75                                                      r  native_system/digital/burst/commanded_waveform[127]_INST_0_i_207/S[1]
    SLICE_X61Y75         CARRY4 (Prop_carry4_S[1]_CO[3])
                                                      0.550     3.721 r  native_system/digital/burst/commanded_waveform[127]_INST_0_i_207/CO[3]
                         net (fo=1, estimated)        0.000     3.721    native_system/digital/burst/commanded_waveform[127]_INST_0_i_207_n_0
    SLICE_X61Y76                                                      r  native_system/digital/burst/commanded_waveform[127]_INST_0_i_153/CI
    SLICE_X61Y76         CARRY4 (Prop_carry4_CI_CO[3])
                                                      0.114     3.835 r  native_system/digital/burst/commanded_waveform[127]_INST_0_i_153/CO[3]
                         net (fo=1, estimated)        0.000     3.835    native_system/digital/burst/commanded_waveform[127]_INST_0_i_153_n_0
    SLICE_X61Y77                                                      r  native_system/digital/burst/commanded_waveform[127]_INST_0_i_101/CI
    SLICE_X61Y77         CARRY4 (Prop_carry4_CI_CO[3])
                                                      0.114     3.949 r  native_system/digital/burst/commanded_waveform[127]_INST_0_i_101/CO[3]
                         net (fo=1, estimated)        0.000     3.949    native_system/digital/burst/commanded_waveform[127]_INST_0_i_101_n_0
    SLICE_X61Y78                                                      r  native_system/digital/burst/commanded_waveform[127]_INST_0_i_66/CI
    SLICE_X61Y78         CARRY4 (Prop_carry4_CI_CO[3])
                                                      0.114     4.063 r  native_system/digital/burst/commanded_waveform[127]_INST_0_i_66/CO[3]
                         net (fo=1, estimated)        0.000     4.063    native_system/digital/burst/commanded_waveform[127]_INST_0_i_66_n_0
    SLICE_X61Y79                                                      r  native_system/digital/burst/commanded_waveform[127]_INST_0_i_42/CI
    SLICE_X61Y79         CARRY4 (Prop_carry4_CI_O[2])
                                                      0.239     4.302 r  native_system/digital/burst/commanded_waveform[127]_INST_0_i_42/O[2]
                         net (fo=28, estimated)       1.002     5.304    native_system/digital/burst/commanded_waveform[127]_INST_0_i_42_n_5
    SLICE_X62Y80                                                      r  native_system/digital/burst/commanded_waveform[127]_INST_0_i_305/I0
    SLICE_X62Y80         LUT4 (Prop_lut4_I0_O)        0.302     5.606 r  native_system/digital/burst/commanded_waveform[127]_INST_0_i_305/O
                         net (fo=1, routed)           0.000     5.606    native_system/digital/burst/commanded_waveform[127]_INST_0_i_305_n_0
    SLICE_X62Y80                                                      r  native_system/digital/burst/commanded_waveform[127]_INST_0_i_241/S[1]
    SLICE_X62Y80         CARRY4 (Prop_carry4_S[1]_CO[3])
                                                      0.533     6.139 r  native_system/digital/burst/commanded_waveform[127]_INST_0_i_241/CO[3]
                         net (fo=1, estimated)        0.000     6.139    native_system/digital/burst/commanded_waveform[127]_INST_0_i_241_n_0
    SLICE_X62Y81                                                      r  native_system/digital/burst/commanded_waveform[127]_INST_0_i_185/CI
    SLICE_X62Y81         CARRY4 (Prop_carry4_CI_O[0])
                                                      0.219     6.358 r  native_system/digital/burst/commanded_waveform[127]_INST_0_i_185/O[0]
                         net (fo=3, estimated)        0.739     7.097    native_system/digital/burst/commanded_waveform[127]_INST_0_i_185_n_7
    SLICE_X58Y80                                                      r  native_system/digital/burst/commanded_waveform[127]_INST_0_i_242/I2
    SLICE_X58Y80         LUT3 (Prop_lut3_I2_O)        0.295     7.392 r  native_system/digital/burst/commanded_waveform[127]_INST_0_i_242/O
                         net (fo=2, estimated)        0.300     7.692    native_system/digital/burst/commanded_waveform[127]_INST_0_i_242_n_0
    SLICE_X58Y80                                                      r  native_system/digital/burst/commanded_waveform[127]_INST_0_i_178/I4
    SLICE_X58Y80         LUT5 (Prop_lut5_I4_O)        0.124     7.816 r  native_system/digital/burst/commanded_waveform[127]_INST_0_i_178/O
                         net (fo=2, estimated)        0.438     8.254    native_system/digital/burst/commanded_waveform[127]_INST_0_i_178_n_0
    SLICE_X57Y81                                                      r  native_system/digital/burst/commanded_waveform[127]_INST_0_i_182/I0
    SLICE_X57Y81         LUT6 (Prop_lut6_I0_O)        0.124     8.378 r  native_system/digital/burst/commanded_waveform[127]_INST_0_i_182/O
                         net (fo=1, routed)           0.000     8.378    native_system/digital/burst/commanded_waveform[127]_INST_0_i_182_n_0
    SLICE_X57Y81                                                      r  native_system/digital/burst/commanded_waveform[127]_INST_0_i_124/S[1]
    SLICE_X57Y81         CARRY4 (Prop_carry4_S[1]_CO[3])
                                                      0.550     8.928 r  native_system/digital/burst/commanded_waveform[127]_INST_0_i_124/CO[3]
                         net (fo=1, estimated)        0.000     8.928    native_system/digital/burst/commanded_waveform[127]_INST_0_i_124_n_0
    SLICE_X57Y82                                                      r  native_system/digital/burst/commanded_waveform[127]_INST_0_i_84/CI
    SLICE_X57Y82         CARRY4 (Prop_carry4_CI_CO[3])
                                                      0.114     9.042 r  native_system/digital/burst/commanded_waveform[127]_INST_0_i_84/CO[3]
                         net (fo=1, estimated)        0.000     9.042    native_system/digital/burst/commanded_waveform[127]_INST_0_i_84_n_0
    SLICE_X57Y83                                                      r  native_system/digital/burst/commanded_waveform[127]_INST_0_i_50/CI
    SLICE_X57Y83         CARRY4 (Prop_carry4_CI_O[1])
                                                      0.334     9.376 r  native_system/digital/burst/commanded_waveform[127]_INST_0_i_50/O[1]
                         net (fo=3, estimated)        0.787    10.163    native_system/digital/burst/commanded_waveform[127]_INST_0_i_50_n_6
    SLICE_X56Y81                                                      r  native_system/digital/burst/commanded_waveform[127]_INST_0_i_80/I1
    SLICE_X56Y81         LUT4 (Prop_lut4_I1_O)        0.303    10.466 r  native_system/digital/burst/commanded_waveform[127]_INST_0_i_80/O
                         net (fo=1, routed)           0.000    10.466    native_system/digital/burst/commanded_waveform[127]_INST_0_i_80_n_0
    SLICE_X56Y81                                                      r  native_system/digital/burst/commanded_waveform[127]_INST_0_i_43/S[3]
    SLICE_X56Y81         CARRY4 (Prop_carry4_S[3]_CO[3])
                                                      0.401    10.867 r  native_system/digital/burst/commanded_waveform[127]_INST_0_i_43/CO[3]
                         net (fo=1, estimated)        0.000    10.867    native_system/digital/burst/commanded_waveform[127]_INST_0_i_43_n_0
    SLICE_X56Y82                                                      r  native_system/digital/burst/commanded_waveform[127]_INST_0_i_37/CI
    SLICE_X56Y82         CARRY4 (Prop_carry4_CI_CO[2])
                                                      0.228    11.095 r  native_system/digital/burst/commanded_waveform[127]_INST_0_i_37/CO[2]
                         net (fo=8, estimated)        0.482    11.577    native_system/digital/burst/commanded_waveform[127]_INST_0_i_37_n_1
    SLICE_X55Y82                                                      r  native_system/digital/burst/commanded_waveform[127]_INST_0_i_34/I1
    SLICE_X55Y82         LUT6 (Prop_lut6_I1_O)        0.313    11.890 r  native_system/digital/burst/commanded_waveform[127]_INST_0_i_34/O
                         net (fo=1, routed)           0.000    11.890    native_system/digital/burst/commanded_waveform[127]_INST_0_i_34_n_0
    SLICE_X55Y82                                                      r  native_system/digital/burst/commanded_waveform[127]_INST_0_i_23/S[1]
    SLICE_X55Y82         CARRY4 (Prop_carry4_S[1]_CO[3])
                                                      0.550    12.440 r  native_system/digital/burst/commanded_waveform[127]_INST_0_i_23/CO[3]
                         net (fo=1, estimated)        0.000    12.440    native_system/digital/burst/commanded_waveform[127]_INST_0_i_23_n_0
    SLICE_X55Y83                                                      r  native_system/digital/burst/commanded_waveform[127]_INST_0_i_17/CI
    SLICE_X55Y83         CARRY4 (Prop_carry4_CI_O[3])
                                                      0.313    12.753 f  native_system/digital/burst/commanded_waveform[127]_INST_0_i_17/O[3]
                         net (fo=1, estimated)        0.296    13.049    native_system/digital/burst/phase[7]
    SLICE_X55Y85                                                      f  native_system/digital/burst/commanded_waveform[127]_INST_0_i_11/I0
    SLICE_X55Y85         LUT5 (Prop_lut5_I0_O)        0.306    13.355 r  native_system/digital/burst/commanded_waveform[127]_INST_0_i_11/O
                         net (fo=8, estimated)        0.195    13.550    native_system/digital/scheduler/commanded_waveform3
    SLICE_X55Y85                                                      r  native_system/digital/scheduler/commanded_waveform[63]_INST_0_i_2/I4
    SLICE_X55Y85         LUT6 (Prop_lut6_I4_O)        0.124    13.674 r  native_system/digital/scheduler/commanded_waveform[63]_INST_0_i_2/O
                         net (fo=16, estimated)       0.498    14.172    native_system/digital/bank/captured_reg[33]_0
    SLICE_X54Y86                                                      r  native_system/digital/bank/commanded_waveform[47]_INST_0/I3
    SLICE_X54Y86         LUT5 (Prop_lut5_I3_O)        0.124    14.296 r  native_system/digital/bank/commanded_waveform[47]_INST_0/O
                         net (fo=2, estimated)        0.495    14.791    native_system/digital/serial/commanded_waveform[47]
    SLICE_X55Y86                                                      r  native_system/digital/serial/serial_data[11]_i_1/I0
    SLICE_X55Y86         LUT6 (Prop_lut6_I0_O)        0.124    14.915 r  native_system/digital/serial/serial_data[11]_i_1/O
                         net (fo=1, routed)           0.000    14.915    native_system/digital/serial/serial_data[11]_i_1_n_0
    SLICE_X55Y86         FDCE                                         r  native_system/digital/serial/serial_data_reg[11]/D
  -------------------------------------------------------------------    -------------------

                         (clock core132 rise edge)    7.576     7.576 r  
                                                      0.000     7.576 r  clk (IN)
                         net (fo=18006, unset)        0.924     8.500    native_system/digital/serial/clk
    SLICE_X55Y86         FDCE                                         r  native_system/digital/serial/serial_data_reg[11]/C
                         clock pessimism              0.000     8.500    
                         clock uncertainty           -0.035     8.465    
    SLICE_X55Y86         FDCE (Setup_fdce_C_D)        0.029     8.494    native_system/digital/serial/serial_data_reg[11]
  -------------------------------------------------------------------
                         required time                          8.494    
                         arrival time                         -14.915    
  -------------------------------------------------------------------
                         slack                                 -6.421    

Slack (VIOLATED) :        -6.420ns  (required time - arrival time)
  Source:                 native_system/digital/burst/accumulator_reg[6]/C
                            (rising edge-triggered cell FDCE clocked by core132  {rise@0.000ns fall@3.788ns period=7.576ns})
  Destination:            native_system/digital/serial/captured_reg[103]/D
                            (rising edge-triggered cell FDCE clocked by core132  {rise@0.000ns fall@3.788ns period=7.576ns})
  Path Group:             core132
  Path Type:              Setup (Max at Slow Process Corner)
  Requirement:            7.576ns  (core132 rise@7.576ns - core132 rise@0.000ns)
  Data Path Delay:        13.865ns  (logic 7.285ns (52.542%)  route 6.580ns (47.458%))
  Logic Levels:           25  (CARRY4=14 LUT3=1 LUT4=2 LUT5=4 LUT6=4)
  Clock Path Skew:        -0.049ns (DCD - SCD + CPR)
    Destination Clock Delay (DCD):    0.924ns = ( 8.500 - 7.576 ) 
    Source Clock Delay      (SCD):    0.973ns
    Clock Pessimism Removal (CPR):    0.000ns
  Clock Uncertainty:      0.035ns  ((TSJ^2 + TIJ^2)^1/2 + DJ) / 2 + PE
    Total System Jitter     (TSJ):    0.071ns
    Total Input Jitter      (TIJ):    0.000ns
    Discrete Jitter          (DJ):    0.000ns
    Phase Error              (PE):    0.000ns

    Location             Delay type                Incr(ns)  Path(ns)    Netlist Resource(s)
  -------------------------------------------------------------------    -------------------
                         (clock core132 rise edge)    0.000     0.000 r  
                                                      0.000     0.000 r  clk (IN)
                         net (fo=18006, unset)        0.973     0.973    native_system/digital/burst/clk
    SLICE_X62Y75         FDCE                                         r  native_system/digital/burst/accumulator_reg[6]/C
  -------------------------------------------------------------------    -------------------
    SLICE_X62Y75         FDCE (Prop_fdce_C_Q)         0.478     1.451 r  native_system/digital/burst/accumulator_reg[6]/Q
                         net (fo=16, estimated)       0.860     2.311    native_system/digital/burst/scaled[14]
    SLICE_X64Y75                                                      r  native_system/digital/burst/commanded_waveform[127]_INST_0_i_267/I0
    SLICE_X64Y75         LUT5 (Prop_lut5_I0_O)        0.295     2.606 r  native_system/digital/burst/commanded_waveform[127]_INST_0_i_267/O
                         net (fo=2, estimated)        0.441     3.047    native_system/digital/burst/commanded_waveform[127]_INST_0_i_267_n_0
    SLICE_X61Y75                                                      r  native_system/digital/burst/commanded_waveform[127]_INST_0_i_271/I0
    SLICE_X61Y75         LUT6 (Prop_lut6_I0_O)        0.124     3.171 r  native_system/digital/burst/commanded_waveform[127]_INST_0_i_271/O
                         net (fo=1, routed)           0.000     3.171    native_system/digital/burst/commanded_waveform[127]_INST_0_i_271_n_0
    SLICE_X61Y75                                                      r  native_system/digital/burst/commanded_waveform[127]_INST_0_i_207/S[1]
    SLICE_X61Y75         CARRY4 (Prop_carry4_S[1]_CO[3])
                                                      0.550     3.721 r  native_system/digital/burst/commanded_waveform[127]_INST_0_i_207/CO[3]
                         net (fo=1, estimated)        0.000     3.721    native_system/digital/burst/commanded_waveform[127]_INST_0_i_207_n_0
    SLICE_X61Y76                                                      r  native_system/digital/burst/commanded_waveform[127]_INST_0_i_153/CI
    SLICE_X61Y76         CARRY4 (Prop_carry4_CI_CO[3])
                                                      0.114     3.835 r  native_system/digital/burst/commanded_waveform[127]_INST_0_i_153/CO[3]
                         net (fo=1, estimated)        0.000     3.835    native_system/digital/burst/commanded_waveform[127]_INST_0_i_153_n_0
    SLICE_X61Y77                                                      r  native_system/digital/burst/commanded_waveform[127]_INST_0_i_101/CI
    SLICE_X61Y77         CARRY4 (Prop_carry4_CI_CO[3])
                                                      0.114     3.949 r  native_system/digital/burst/commanded_waveform[127]_INST_0_i_101/CO[3]
                         net (fo=1, estimated)        0.000     3.949    native_system/digital/burst/commanded_waveform[127]_INST_0_i_101_n_0
    SLICE_X61Y78                                                      r  native_system/digital/burst/commanded_waveform[127]_INST_0_i_66/CI
    SLICE_X61Y78         CARRY4 (Prop_carry4_CI_CO[3])
                                                      0.114     4.063 r  native_system/digital/burst/commanded_waveform[127]_INST_0_i_66/CO[3]
                         net (fo=1, estimated)        0.000     4.063    native_system/digital/burst/commanded_waveform[127]_INST_0_i_66_n_0
    SLICE_X61Y79                                                      r  native_system/digital/burst/commanded_waveform[127]_INST_0_i_42/CI
    SLICE_X61Y79         CARRY4 (Prop_carry4_CI_O[2])
                                                      0.239     4.302 r  native_system/digital/burst/commanded_waveform[127]_INST_0_i_42/O[2]
                         net (fo=28, estimated)       1.002     5.304    native_system/digital/burst/commanded_waveform[127]_INST_0_i_42_n_5
    SLICE_X62Y80                                                      r  native_system/digital/burst/commanded_waveform[127]_INST_0_i_305/I0
    SLICE_X62Y80         LUT4 (Prop_lut4_I0_O)        0.302     5.606 r  native_system/digital/burst/commanded_waveform[127]_INST_0_i_305/O
                         net (fo=1, routed)           0.000     5.606    native_system/digital/burst/commanded_waveform[127]_INST_0_i_305_n_0
    SLICE_X62Y80                                                      r  native_system/digital/burst/commanded_waveform[127]_INST_0_i_241/S[1]
    SLICE_X62Y80         CARRY4 (Prop_carry4_S[1]_CO[3])
                                                      0.533     6.139 r  native_system/digital/burst/commanded_waveform[127]_INST_0_i_241/CO[3]
                         net (fo=1, estimated)        0.000     6.139    native_system/digital/burst/commanded_waveform[127]_INST_0_i_241_n_0
    SLICE_X62Y81                                                      r  native_system/digital/burst/commanded_waveform[127]_INST_0_i_185/CI
    SLICE_X62Y81         CARRY4 (Prop_carry4_CI_O[0])
                                                      0.219     6.358 r  native_system/digital/burst/commanded_waveform[127]_INST_0_i_185/O[0]
                         net (fo=3, estimated)        0.739     7.097    native_system/digital/burst/commanded_waveform[127]_INST_0_i_185_n_7
    SLICE_X58Y80                                                      r  native_system/digital/burst/commanded_waveform[127]_INST_0_i_242/I2
    SLICE_X58Y80         LUT3 (Prop_lut3_I2_O)        0.295     7.392 r  native_system/digital/burst/commanded_waveform[127]_INST_0_i_242/O
                         net (fo=2, estimated)        0.300     7.692    native_system/digital/burst/commanded_waveform[127]_INST_0_i_242_n_0
    SLICE_X58Y80                                                      r  native_system/digital/burst/commanded_waveform[127]_INST_0_i_178/I4
    SLICE_X58Y80         LUT5 (Prop_lut5_I4_O)        0.124     7.816 r  native_system/digital/burst/commanded_waveform[127]_INST_0_i_178/O
                         net (fo=2, estimated)        0.438     8.254    native_system/digital/burst/commanded_waveform[127]_INST_0_i_178_n_0
    SLICE_X57Y81                                                      r  native_system/digital/burst/commanded_waveform[127]_INST_0_i_182/I0
    SLICE_X57Y81         LUT6 (Prop_lut6_I0_O)        0.124     8.378 r  native_system/digital/burst/commanded_waveform[127]_INST_0_i_182/O
                         net (fo=1, routed)           0.000     8.378    native_system/digital/burst/commanded_waveform[127]_INST_0_i_182_n_0
    SLICE_X57Y81                                                      r  native_system/digital/burst/commanded_waveform[127]_INST_0_i_124/S[1]
    SLICE_X57Y81         CARRY4 (Prop_carry4_S[1]_CO[3])
                                                      0.550     8.928 r  native_system/digital/burst/commanded_waveform[127]_INST_0_i_124/CO[3]
                         net (fo=1, estimated)        0.000     8.928    native_system/digital/burst/commanded_waveform[127]_INST_0_i_124_n_0
    SLICE_X57Y82                                                      r  native_system/digital/burst/commanded_waveform[127]_INST_0_i_84/CI
    SLICE_X57Y82         CARRY4 (Prop_carry4_CI_CO[3])
                                                      0.114     9.042 r  native_system/digital/burst/commanded_waveform[127]_INST_0_i_84/CO[3]
                         net (fo=1, estimated)        0.000     9.042    native_system/digital/burst/commanded_waveform[127]_INST_0_i_84_n_0
    SLICE_X57Y83                                                      r  native_system/digital/burst/commanded_waveform[127]_INST_0_i_50/CI
    SLICE_X57Y83         CARRY4 (Prop_carry4_CI_O[1])
                                                      0.334     9.376 r  native_system/digital/burst/commanded_waveform[127]_INST_0_i_50/O[1]
                         net (fo=3, estimated)        0.787    10.163    native_system/digital/burst/commanded_waveform[127]_INST_0_i_50_n_6
    SLICE_X56Y81                                                      r  native_system/digital/burst/commanded_waveform[127]_INST_0_i_80/I1
    SLICE_X56Y81         LUT4 (Prop_lut4_I1_O)        0.303    10.466 r  native_system/digital/burst/commanded_waveform[127]_INST_0_i_80/O
                         net (fo=1, routed)           0.000    10.466    native_system/digital/burst/commanded_waveform[127]_INST_0_i_80_n_0
    SLICE_X56Y81                                                      r  native_system/digital/burst/commanded_waveform[127]_INST_0_i_43/S[3]
    SLICE_X56Y81         CARRY4 (Prop_carry4_S[3]_CO[3])
                                                      0.401    10.867 r  native_system/digital/burst/commanded_waveform[127]_INST_0_i_43/CO[3]
                         net (fo=1, estimated)        0.000    10.867    native_system/digital/burst/commanded_waveform[127]_INST_0_i_43_n_0
    SLICE_X56Y82                                                      r  native_system/digital/burst/commanded_waveform[127]_INST_0_i_37/CI
    SLICE_X56Y82         CARRY4 (Prop_carry4_CI_CO[2])
                                                      0.228    11.095 r  native_system/digital/burst/commanded_waveform[127]_INST_0_i_37/CO[2]
                         net (fo=8, estimated)        0.482    11.577    native_system/digital/burst/commanded_waveform[127]_INST_0_i_37_n_1
    SLICE_X55Y82                                                      r  native_system/digital/burst/commanded_waveform[127]_INST_0_i_34/I1
    SLICE_X55Y82         LUT6 (Prop_lut6_I1_O)        0.313    11.890 r  native_system/digital/burst/commanded_waveform[127]_INST_0_i_34/O
                         net (fo=1, routed)           0.000    11.890    native_system/digital/burst/commanded_waveform[127]_INST_0_i_34_n_0
    SLICE_X55Y82                                                      r  native_system/digital/burst/commanded_waveform[127]_INST_0_i_23/S[1]
    SLICE_X55Y82         CARRY4 (Prop_carry4_S[1]_CO[3])
                                                      0.550    12.440 r  native_system/digital/burst/commanded_waveform[127]_INST_0_i_23/CO[3]
                         net (fo=1, estimated)        0.000    12.440    native_system/digital/burst/commanded_waveform[127]_INST_0_i_23_n_0
    SLICE_X55Y83                                                      r  native_system/digital/burst/commanded_waveform[127]_INST_0_i_17/CI
    SLICE_X55Y83         CARRY4 (Prop_carry4_CI_O[3])
                                                      0.313    12.753 f  native_system/digital/burst/commanded_waveform[127]_INST_0_i_17/O[3]
                         net (fo=1, estimated)        0.296    13.049    native_system/digital/burst/phase[7]
    SLICE_X55Y85                                                      f  native_system/digital/burst/commanded_waveform[127]_INST_0_i_11/I0
    SLICE_X55Y85         LUT5 (Prop_lut5_I0_O)        0.306    13.355 r  native_system/digital/burst/commanded_waveform[127]_INST_0_i_11/O
                         net (fo=8, estimated)        0.353    13.708    native_system/digital/scheduler/commanded_waveform3
    SLICE_X57Y86                                                      r  native_system/digital/scheduler/commanded_waveform[127]_INST_0_i_3/I4
    SLICE_X57Y86         LUT6 (Prop_lut6_I4_O)        0.124    13.832 r  native_system/digital/scheduler/commanded_waveform[127]_INST_0_i_3/O
                         net (fo=16, estimated)       0.351    14.183    native_system/digital/bank/captured_reg[97]_0
    SLICE_X57Y87                                                      r  native_system/digital/bank/commanded_waveform[103]_INST_0/I3
    SLICE_X57Y87         LUT5 (Prop_lut5_I3_O)        0.124    14.307 r  native_system/digital/bank/commanded_waveform[103]_INST_0/O
                         net (fo=2, estimated)        0.531    14.838    native_system/digital/serial/commanded_waveform[103]
    SLICE_X57Y88         FDCE                                         r  native_system/digital/serial/captured_reg[103]/D
  -------------------------------------------------------------------    -------------------

                         (clock core132 rise edge)    7.576     7.576 r  
                                                      0.000     7.576 r  clk (IN)
                         net (fo=18006, unset)        0.924     8.500    native_system/digital/serial/clk
    SLICE_X57Y88         FDCE                                         r  native_system/digital/serial/captured_reg[103]/C
                         clock pessimism              0.000     8.500    
                         clock uncertainty           -0.035     8.465    
    SLICE_X57Y88         FDCE (Setup_fdce_C_D)       -0.047     8.418    native_system/digital/serial/captured_reg[103]
  -------------------------------------------------------------------
                         required time                          8.418    
                         arrival time                         -14.838    
  -------------------------------------------------------------------
                         slack                                 -6.420    

Slack (VIOLATED) :        -6.416ns  (required time - arrival time)
  Source:                 native_system/digital/burst/accumulator_reg[6]/C
                            (rising edge-triggered cell FDCE clocked by core132  {rise@0.000ns fall@3.788ns period=7.576ns})
  Destination:            native_system/digital/serial/serial_data_reg[15]/D
                            (rising edge-triggered cell FDCE clocked by core132  {rise@0.000ns fall@3.788ns period=7.576ns})
  Path Group:             core132
  Path Type:              Setup (Max at Slow Process Corner)
  Requirement:            7.576ns  (core132 rise@7.576ns - core132 rise@0.000ns)
  Data Path Delay:        13.937ns  (logic 7.409ns (53.161%)  route 6.528ns (46.839%))
  Logic Levels:           26  (CARRY4=14 LUT3=1 LUT4=2 LUT5=4 LUT6=5)
  Clock Path Skew:        -0.049ns (DCD - SCD + CPR)
    Destination Clock Delay (DCD):    0.924ns = ( 8.500 - 7.576 ) 
    Source Clock Delay      (SCD):    0.973ns
    Clock Pessimism Removal (CPR):    0.000ns
  Clock Uncertainty:      0.035ns  ((TSJ^2 + TIJ^2)^1/2 + DJ) / 2 + PE
    Total System Jitter     (TSJ):    0.071ns
    Total Input Jitter      (TIJ):    0.000ns
    Discrete Jitter          (DJ):    0.000ns
    Phase Error              (PE):    0.000ns

    Location             Delay type                Incr(ns)  Path(ns)    Netlist Resource(s)
  -------------------------------------------------------------------    -------------------
                         (clock core132 rise edge)    0.000     0.000 r  
                                                      0.000     0.000 r  clk (IN)
                         net (fo=18006, unset)        0.973     0.973    native_system/digital/burst/clk
    SLICE_X62Y75         FDCE                                         r  native_system/digital/burst/accumulator_reg[6]/C
  -------------------------------------------------------------------    -------------------
    SLICE_X62Y75         FDCE (Prop_fdce_C_Q)         0.478     1.451 r  native_system/digital/burst/accumulator_reg[6]/Q
                         net (fo=16, estimated)       0.860     2.311    native_system/digital/burst/scaled[14]
    SLICE_X64Y75                                                      r  native_system/digital/burst/commanded_waveform[127]_INST_0_i_267/I0
    SLICE_X64Y75         LUT5 (Prop_lut5_I0_O)        0.295     2.606 r  native_system/digital/burst/commanded_waveform[127]_INST_0_i_267/O
                         net (fo=2, estimated)        0.441     3.047    native_system/digital/burst/commanded_waveform[127]_INST_0_i_267_n_0
    SLICE_X61Y75                                                      r  native_system/digital/burst/commanded_waveform[127]_INST_0_i_271/I0
    SLICE_X61Y75         LUT6 (Prop_lut6_I0_O)        0.124     3.171 r  native_system/digital/burst/commanded_waveform[127]_INST_0_i_271/O
                         net (fo=1, routed)           0.000     3.171    native_system/digital/burst/commanded_waveform[127]_INST_0_i_271_n_0
    SLICE_X61Y75                                                      r  native_system/digital/burst/commanded_waveform[127]_INST_0_i_207/S[1]
    SLICE_X61Y75         CARRY4 (Prop_carry4_S[1]_CO[3])
                                                      0.550     3.721 r  native_system/digital/burst/commanded_waveform[127]_INST_0_i_207/CO[3]
                         net (fo=1, estimated)        0.000     3.721    native_system/digital/burst/commanded_waveform[127]_INST_0_i_207_n_0
    SLICE_X61Y76                                                      r  native_system/digital/burst/commanded_waveform[127]_INST_0_i_153/CI
    SLICE_X61Y76         CARRY4 (Prop_carry4_CI_CO[3])
                                                      0.114     3.835 r  native_system/digital/burst/commanded_waveform[127]_INST_0_i_153/CO[3]
                         net (fo=1, estimated)        0.000     3.835    native_system/digital/burst/commanded_waveform[127]_INST_0_i_153_n_0
    SLICE_X61Y77                                                      r  native_system/digital/burst/commanded_waveform[127]_INST_0_i_101/CI
    SLICE_X61Y77         CARRY4 (Prop_carry4_CI_CO[3])
                                                      0.114     3.949 r  native_system/digital/burst/commanded_waveform[127]_INST_0_i_101/CO[3]
                         net (fo=1, estimated)        0.000     3.949    native_system/digital/burst/commanded_waveform[127]_INST_0_i_101_n_0
    SLICE_X61Y78                                                      r  native_system/digital/burst/commanded_waveform[127]_INST_0_i_66/CI
    SLICE_X61Y78         CARRY4 (Prop_carry4_CI_CO[3])
                                                      0.114     4.063 r  native_system/digital/burst/commanded_waveform[127]_INST_0_i_66/CO[3]
                         net (fo=1, estimated)        0.000     4.063    native_system/digital/burst/commanded_waveform[127]_INST_0_i_66_n_0
    SLICE_X61Y79                                                      r  native_system/digital/burst/commanded_waveform[127]_INST_0_i_42/CI
    SLICE_X61Y79         CARRY4 (Prop_carry4_CI_O[2])
                                                      0.239     4.302 r  native_system/digital/burst/commanded_waveform[127]_INST_0_i_42/O[2]
                         net (fo=28, estimated)       1.002     5.304    native_system/digital/burst/commanded_waveform[127]_INST_0_i_42_n_5
    SLICE_X62Y80                                                      r  native_system/digital/burst/commanded_waveform[127]_INST_0_i_305/I0
    SLICE_X62Y80         LUT4 (Prop_lut4_I0_O)        0.302     5.606 r  native_system/digital/burst/commanded_waveform[127]_INST_0_i_305/O
                         net (fo=1, routed)           0.000     5.606    native_system/digital/burst/commanded_waveform[127]_INST_0_i_305_n_0
    SLICE_X62Y80                                                      r  native_system/digital/burst/commanded_waveform[127]_INST_0_i_241/S[1]
    SLICE_X62Y80         CARRY4 (Prop_carry4_S[1]_CO[3])
                                                      0.533     6.139 r  native_system/digital/burst/commanded_waveform[127]_INST_0_i_241/CO[3]
                         net (fo=1, estimated)        0.000     6.139    native_system/digital/burst/commanded_waveform[127]_INST_0_i_241_n_0
    SLICE_X62Y81                                                      r  native_system/digital/burst/commanded_waveform[127]_INST_0_i_185/CI
    SLICE_X62Y81         CARRY4 (Prop_carry4_CI_O[0])
                                                      0.219     6.358 r  native_system/digital/burst/commanded_waveform[127]_INST_0_i_185/O[0]
                         net (fo=3, estimated)        0.739     7.097    native_system/digital/burst/commanded_waveform[127]_INST_0_i_185_n_7
    SLICE_X58Y80                                                      r  native_system/digital/burst/commanded_waveform[127]_INST_0_i_242/I2
    SLICE_X58Y80         LUT3 (Prop_lut3_I2_O)        0.295     7.392 r  native_system/digital/burst/commanded_waveform[127]_INST_0_i_242/O
                         net (fo=2, estimated)        0.300     7.692    native_system/digital/burst/commanded_waveform[127]_INST_0_i_242_n_0
    SLICE_X58Y80                                                      r  native_system/digital/burst/commanded_waveform[127]_INST_0_i_178/I4
    SLICE_X58Y80         LUT5 (Prop_lut5_I4_O)        0.124     7.816 r  native_system/digital/burst/commanded_waveform[127]_INST_0_i_178/O
                         net (fo=2, estimated)        0.438     8.254    native_system/digital/burst/commanded_waveform[127]_INST_0_i_178_n_0
    SLICE_X57Y81                                                      r  native_system/digital/burst/commanded_waveform[127]_INST_0_i_182/I0
    SLICE_X57Y81         LUT6 (Prop_lut6_I0_O)        0.124     8.378 r  native_system/digital/burst/commanded_waveform[127]_INST_0_i_182/O
                         net (fo=1, routed)           0.000     8.378    native_system/digital/burst/commanded_waveform[127]_INST_0_i_182_n_0
    SLICE_X57Y81                                                      r  native_system/digital/burst/commanded_waveform[127]_INST_0_i_124/S[1]
    SLICE_X57Y81         CARRY4 (Prop_carry4_S[1]_CO[3])
                                                      0.550     8.928 r  native_system/digital/burst/commanded_waveform[127]_INST_0_i_124/CO[3]
                         net (fo=1, estimated)        0.000     8.928    native_system/digital/burst/commanded_waveform[127]_INST_0_i_124_n_0
    SLICE_X57Y82                                                      r  native_system/digital/burst/commanded_waveform[127]_INST_0_i_84/CI
    SLICE_X57Y82         CARRY4 (Prop_carry4_CI_CO[3])
                                                      0.114     9.042 r  native_system/digital/burst/commanded_waveform[127]_INST_0_i_84/CO[3]
                         net (fo=1, estimated)        0.000     9.042    native_system/digital/burst/commanded_waveform[127]_INST_0_i_84_n_0
    SLICE_X57Y83                                                      r  native_system/digital/burst/commanded_waveform[127]_INST_0_i_50/CI
    SLICE_X57Y83         CARRY4 (Prop_carry4_CI_O[1])
                                                      0.334     9.376 r  native_system/digital/burst/commanded_waveform[127]_INST_0_i_50/O[1]
                         net (fo=3, estimated)        0.787    10.163    native_system/digital/burst/commanded_waveform[127]_INST_0_i_50_n_6
    SLICE_X56Y81                                                      r  native_system/digital/burst/commanded_waveform[127]_INST_0_i_80/I1
    SLICE_X56Y81         LUT4 (Prop_lut4_I1_O)        0.303    10.466 r  native_system/digital/burst/commanded_waveform[127]_INST_0_i_80/O
                         net (fo=1, routed)           0.000    10.466    native_system/digital/burst/commanded_waveform[127]_INST_0_i_80_n_0
    SLICE_X56Y81                                                      r  native_system/digital/burst/commanded_waveform[127]_INST_0_i_43/S[3]
    SLICE_X56Y81         CARRY4 (Prop_carry4_S[3]_CO[3])
                                                      0.401    10.867 r  native_system/digital/burst/commanded_waveform[127]_INST_0_i_43/CO[3]
                         net (fo=1, estimated)        0.000    10.867    native_system/digital/burst/commanded_waveform[127]_INST_0_i_43_n_0
    SLICE_X56Y82                                                      r  native_system/digital/burst/commanded_waveform[127]_INST_0_i_37/CI
    SLICE_X56Y82         CARRY4 (Prop_carry4_CI_CO[2])
                                                      0.228    11.095 r  native_system/digital/burst/commanded_waveform[127]_INST_0_i_37/CO[2]
                         net (fo=8, estimated)        0.482    11.577    native_system/digital/burst/commanded_waveform[127]_INST_0_i_37_n_1
    SLICE_X55Y82                                                      r  native_system/digital/burst/commanded_waveform[127]_INST_0_i_34/I1
    SLICE_X55Y82         LUT6 (Prop_lut6_I1_O)        0.313    11.890 r  native_system/digital/burst/commanded_waveform[127]_INST_0_i_34/O
                         net (fo=1, routed)           0.000    11.890    native_system/digital/burst/commanded_waveform[127]_INST_0_i_34_n_0
    SLICE_X55Y82                                                      r  native_system/digital/burst/commanded_waveform[127]_INST_0_i_23/S[1]
    SLICE_X55Y82         CARRY4 (Prop_carry4_S[1]_CO[3])
                                                      0.550    12.440 r  native_system/digital/burst/commanded_waveform[127]_INST_0_i_23/CO[3]
                         net (fo=1, estimated)        0.000    12.440    native_system/digital/burst/commanded_waveform[127]_INST_0_i_23_n_0
    SLICE_X55Y83                                                      r  native_system/digital/burst/commanded_waveform[127]_INST_0_i_17/CI
    SLICE_X55Y83         CARRY4 (Prop_carry4_CI_O[3])
                                                      0.313    12.753 f  native_system/digital/burst/commanded_waveform[127]_INST_0_i_17/O[3]
                         net (fo=1, estimated)        0.296    13.049    native_system/digital/burst/phase[7]
    SLICE_X55Y85                                                      f  native_system/digital/burst/commanded_waveform[127]_INST_0_i_11/I0
    SLICE_X55Y85         LUT5 (Prop_lut5_I0_O)        0.306    13.355 r  native_system/digital/burst/commanded_waveform[127]_INST_0_i_11/O
                         net (fo=8, estimated)        0.195    13.550    native_system/digital/scheduler/commanded_waveform3
    SLICE_X55Y85                                                      r  native_system/digital/scheduler/commanded_waveform[63]_INST_0_i_2/I4
    SLICE_X55Y85         LUT6 (Prop_lut6_I4_O)        0.124    13.674 r  native_system/digital/scheduler/commanded_waveform[63]_INST_0_i_2/O
                         net (fo=16, estimated)       0.493    14.167    native_system/digital/bank/captured_reg[33]_0
    SLICE_X57Y85                                                      r  native_system/digital/bank/commanded_waveform[63]_INST_0/I3
    SLICE_X57Y85         LUT5 (Prop_lut5_I3_O)        0.124    14.291 r  native_system/digital/bank/commanded_waveform[63]_INST_0/O
                         net (fo=2, estimated)        0.495    14.786    native_system/digital/serial/commanded_waveform[63]
    SLICE_X57Y85                                                      r  native_system/digital/serial/serial_data[15]_i_1/I0
    SLICE_X57Y85         LUT6 (Prop_lut6_I0_O)        0.124    14.910 r  native_system/digital/serial/serial_data[15]_i_1/O
                         net (fo=1, routed)           0.000    14.910    native_system/digital/serial/serial_data[15]_i_1_n_0
    SLICE_X57Y85         FDCE                                         r  native_system/digital/serial/serial_data_reg[15]/D
  -------------------------------------------------------------------    -------------------

                         (clock core132 rise edge)    7.576     7.576 r  
                                                      0.000     7.576 r  clk (IN)
                         net (fo=18006, unset)        0.924     8.500    native_system/digital/serial/clk
    SLICE_X57Y85         FDCE                                         r  native_system/digital/serial/serial_data_reg[15]/C
                         clock pessimism              0.000     8.500    
                         clock uncertainty           -0.035     8.465    
    SLICE_X57Y85         FDCE (Setup_fdce_C_D)        0.029     8.494    native_system/digital/serial/serial_data_reg[15]
  -------------------------------------------------------------------
                         required time                          8.494    
                         arrival time                         -14.910    
  -------------------------------------------------------------------
                         slack                                 -6.416    

Slack (VIOLATED) :        -6.409ns  (required time - arrival time)
  Source:                 native_system/digital/burst/accumulator_reg[6]/C
                            (rising edge-triggered cell FDCE clocked by core132  {rise@0.000ns fall@3.788ns period=7.576ns})
  Destination:            native_system/digital/serial/captured_reg[67]/D
                            (rising edge-triggered cell FDCE clocked by core132  {rise@0.000ns fall@3.788ns period=7.576ns})
  Path Group:             core132
  Path Type:              Setup (Max at Slow Process Corner)
  Requirement:            7.576ns  (core132 rise@7.576ns - core132 rise@0.000ns)
  Data Path Delay:        13.854ns  (logic 7.285ns (52.584%)  route 6.569ns (47.416%))
  Logic Levels:           25  (CARRY4=14 LUT3=1 LUT4=2 LUT5=4 LUT6=4)
  Clock Path Skew:        -0.049ns (DCD - SCD + CPR)
    Destination Clock Delay (DCD):    0.924ns = ( 8.500 - 7.576 ) 
    Source Clock Delay      (SCD):    0.973ns
    Clock Pessimism Removal (CPR):    0.000ns
  Clock Uncertainty:      0.035ns  ((TSJ^2 + TIJ^2)^1/2 + DJ) / 2 + PE
    Total System Jitter     (TSJ):    0.071ns
    Total Input Jitter      (TIJ):    0.000ns
    Discrete Jitter          (DJ):    0.000ns
    Phase Error              (PE):    0.000ns

    Location             Delay type                Incr(ns)  Path(ns)    Netlist Resource(s)
  -------------------------------------------------------------------    -------------------
                         (clock core132 rise edge)    0.000     0.000 r  
                                                      0.000     0.000 r  clk (IN)
                         net (fo=18006, unset)        0.973     0.973    native_system/digital/burst/clk
    SLICE_X62Y75         FDCE                                         r  native_system/digital/burst/accumulator_reg[6]/C
  -------------------------------------------------------------------    -------------------
    SLICE_X62Y75         FDCE (Prop_fdce_C_Q)         0.478     1.451 r  native_system/digital/burst/accumulator_reg[6]/Q
                         net (fo=16, estimated)       0.860     2.311    native_system/digital/burst/scaled[14]
    SLICE_X64Y75                                                      r  native_system/digital/burst/commanded_waveform[127]_INST_0_i_267/I0
    SLICE_X64Y75         LUT5 (Prop_lut5_I0_O)        0.295     2.606 r  native_system/digital/burst/commanded_waveform[127]_INST_0_i_267/O
                         net (fo=2, estimated)        0.441     3.047    native_system/digital/burst/commanded_waveform[127]_INST_0_i_267_n_0
    SLICE_X61Y75                                                      r  native_system/digital/burst/commanded_waveform[127]_INST_0_i_271/I0
    SLICE_X61Y75         LUT6 (Prop_lut6_I0_O)        0.124     3.171 r  native_system/digital/burst/commanded_waveform[127]_INST_0_i_271/O
                         net (fo=1, routed)           0.000     3.171    native_system/digital/burst/commanded_waveform[127]_INST_0_i_271_n_0
    SLICE_X61Y75                                                      r  native_system/digital/burst/commanded_waveform[127]_INST_0_i_207/S[1]
    SLICE_X61Y75         CARRY4 (Prop_carry4_S[1]_CO[3])
                                                      0.550     3.721 r  native_system/digital/burst/commanded_waveform[127]_INST_0_i_207/CO[3]
                         net (fo=1, estimated)        0.000     3.721    native_system/digital/burst/commanded_waveform[127]_INST_0_i_207_n_0
    SLICE_X61Y76                                                      r  native_system/digital/burst/commanded_waveform[127]_INST_0_i_153/CI
    SLICE_X61Y76         CARRY4 (Prop_carry4_CI_CO[3])
                                                      0.114     3.835 r  native_system/digital/burst/commanded_waveform[127]_INST_0_i_153/CO[3]
                         net (fo=1, estimated)        0.000     3.835    native_system/digital/burst/commanded_waveform[127]_INST_0_i_153_n_0
    SLICE_X61Y77                                                      r  native_system/digital/burst/commanded_waveform[127]_INST_0_i_101/CI
    SLICE_X61Y77         CARRY4 (Prop_carry4_CI_CO[3])
                                                      0.114     3.949 r  native_system/digital/burst/commanded_waveform[127]_INST_0_i_101/CO[3]
                         net (fo=1, estimated)        0.000     3.949    native_system/digital/burst/commanded_waveform[127]_INST_0_i_101_n_0
    SLICE_X61Y78                                                      r  native_system/digital/burst/commanded_waveform[127]_INST_0_i_66/CI
    SLICE_X61Y78         CARRY4 (Prop_carry4_CI_CO[3])
                                                      0.114     4.063 r  native_system/digital/burst/commanded_waveform[127]_INST_0_i_66/CO[3]
                         net (fo=1, estimated)        0.000     4.063    native_system/digital/burst/commanded_waveform[127]_INST_0_i_66_n_0
    SLICE_X61Y79                                                      r  native_system/digital/burst/commanded_waveform[127]_INST_0_i_42/CI
    SLICE_X61Y79         CARRY4 (Prop_carry4_CI_O[2])
                                                      0.239     4.302 r  native_system/digital/burst/commanded_waveform[127]_INST_0_i_42/O[2]
                         net (fo=28, estimated)       1.002     5.304    native_system/digital/burst/commanded_waveform[127]_INST_0_i_42_n_5
    SLICE_X62Y80                                                      r  native_system/digital/burst/commanded_waveform[127]_INST_0_i_305/I0
    SLICE_X62Y80         LUT4 (Prop_lut4_I0_O)        0.302     5.606 r  native_system/digital/burst/commanded_waveform[127]_INST_0_i_305/O
                         net (fo=1, routed)           0.000     5.606    native_system/digital/burst/commanded_waveform[127]_INST_0_i_305_n_0
    SLICE_X62Y80                                                      r  native_system/digital/burst/commanded_waveform[127]_INST_0_i_241/S[1]
    SLICE_X62Y80         CARRY4 (Prop_carry4_S[1]_CO[3])
                                                      0.533     6.139 r  native_system/digital/burst/commanded_waveform[127]_INST_0_i_241/CO[3]
                         net (fo=1, estimated)        0.000     6.139    native_system/digital/burst/commanded_waveform[127]_INST_0_i_241_n_0
    SLICE_X62Y81                                                      r  native_system/digital/burst/commanded_waveform[127]_INST_0_i_185/CI
    SLICE_X62Y81         CARRY4 (Prop_carry4_CI_O[0])
                                                      0.219     6.358 r  native_system/digital/burst/commanded_waveform[127]_INST_0_i_185/O[0]
                         net (fo=3, estimated)        0.739     7.097    native_system/digital/burst/commanded_waveform[127]_INST_0_i_185_n_7
    SLICE_X58Y80                                                      r  native_system/digital/burst/commanded_waveform[127]_INST_0_i_242/I2
    SLICE_X58Y80         LUT3 (Prop_lut3_I2_O)        0.295     7.392 r  native_system/digital/burst/commanded_waveform[127]_INST_0_i_242/O
                         net (fo=2, estimated)        0.300     7.692    native_system/digital/burst/commanded_waveform[127]_INST_0_i_242_n_0
    SLICE_X58Y80                                                      r  native_system/digital/burst/commanded_waveform[127]_INST_0_i_178/I4
    SLICE_X58Y80         LUT5 (Prop_lut5_I4_O)        0.124     7.816 r  native_system/digital/burst/commanded_waveform[127]_INST_0_i_178/O
                         net (fo=2, estimated)        0.438     8.254    native_system/digital/burst/commanded_waveform[127]_INST_0_i_178_n_0
    SLICE_X57Y81                                                      r  native_system/digital/burst/commanded_waveform[127]_INST_0_i_182/I0
    SLICE_X57Y81         LUT6 (Prop_lut6_I0_O)        0.124     8.378 r  native_system/digital/burst/commanded_waveform[127]_INST_0_i_182/O
                         net (fo=1, routed)           0.000     8.378    native_system/digital/burst/commanded_waveform[127]_INST_0_i_182_n_0
    SLICE_X57Y81                                                      r  native_system/digital/burst/commanded_waveform[127]_INST_0_i_124/S[1]
    SLICE_X57Y81         CARRY4 (Prop_carry4_S[1]_CO[3])
                                                      0.550     8.928 r  native_system/digital/burst/commanded_waveform[127]_INST_0_i_124/CO[3]
                         net (fo=1, estimated)        0.000     8.928    native_system/digital/burst/commanded_waveform[127]_INST_0_i_124_n_0
    SLICE_X57Y82                                                      r  native_system/digital/burst/commanded_waveform[127]_INST_0_i_84/CI
    SLICE_X57Y82         CARRY4 (Prop_carry4_CI_CO[3])
                                                      0.114     9.042 r  native_system/digital/burst/commanded_waveform[127]_INST_0_i_84/CO[3]
                         net (fo=1, estimated)        0.000     9.042    native_system/digital/burst/commanded_waveform[127]_INST_0_i_84_n_0
    SLICE_X57Y83                                                      r  native_system/digital/burst/commanded_waveform[127]_INST_0_i_50/CI
    SLICE_X57Y83         CARRY4 (Prop_carry4_CI_O[1])
                                                      0.334     9.376 r  native_system/digital/burst/commanded_waveform[127]_INST_0_i_50/O[1]
                         net (fo=3, estimated)        0.787    10.163    native_system/digital/burst/commanded_waveform[127]_INST_0_i_50_n_6
    SLICE_X56Y81                                                      r  native_system/digital/burst/commanded_waveform[127]_INST_0_i_80/I1
    SLICE_X56Y81         LUT4 (Prop_lut4_I1_O)        0.303    10.466 r  native_system/digital/burst/commanded_waveform[127]_INST_0_i_80/O
                         net (fo=1, routed)           0.000    10.466    native_system/digital/burst/commanded_waveform[127]_INST_0_i_80_n_0
    SLICE_X56Y81                                                      r  native_system/digital/burst/commanded_waveform[127]_INST_0_i_43/S[3]
    SLICE_X56Y81         CARRY4 (Prop_carry4_S[3]_CO[3])
                                                      0.401    10.867 r  native_system/digital/burst/commanded_waveform[127]_INST_0_i_43/CO[3]
                         net (fo=1, estimated)        0.000    10.867    native_system/digital/burst/commanded_waveform[127]_INST_0_i_43_n_0
    SLICE_X56Y82                                                      r  native_system/digital/burst/commanded_waveform[127]_INST_0_i_37/CI
    SLICE_X56Y82         CARRY4 (Prop_carry4_CI_CO[2])
                                                      0.228    11.095 r  native_system/digital/burst/commanded_waveform[127]_INST_0_i_37/CO[2]
                         net (fo=8, estimated)        0.482    11.577    native_system/digital/burst/commanded_waveform[127]_INST_0_i_37_n_1
    SLICE_X55Y82                                                      r  native_system/digital/burst/commanded_waveform[127]_INST_0_i_34/I1
    SLICE_X55Y82         LUT6 (Prop_lut6_I1_O)        0.313    11.890 r  native_system/digital/burst/commanded_waveform[127]_INST_0_i_34/O
                         net (fo=1, routed)           0.000    11.890    native_system/digital/burst/commanded_waveform[127]_INST_0_i_34_n_0
    SLICE_X55Y82                                                      r  native_system/digital/burst/commanded_waveform[127]_INST_0_i_23/S[1]
    SLICE_X55Y82         CARRY4 (Prop_carry4_S[1]_CO[3])
                                                      0.550    12.440 r  native_system/digital/burst/commanded_waveform[127]_INST_0_i_23/CO[3]
                         net (fo=1, estimated)        0.000    12.440    native_system/digital/burst/commanded_waveform[127]_INST_0_i_23_n_0
    SLICE_X55Y83                                                      r  native_system/digital/burst/commanded_waveform[127]_INST_0_i_17/CI
    SLICE_X55Y83         CARRY4 (Prop_carry4_CI_O[3])
                                                      0.313    12.753 f  native_system/digital/burst/commanded_waveform[127]_INST_0_i_17/O[3]
                         net (fo=1, estimated)        0.296    13.049    native_system/digital/burst/phase[7]
    SLICE_X55Y85                                                      f  native_system/digital/burst/commanded_waveform[127]_INST_0_i_11/I0
    SLICE_X55Y85         LUT5 (Prop_lut5_I0_O)        0.306    13.355 r  native_system/digital/burst/commanded_waveform[127]_INST_0_i_11/O
                         net (fo=8, estimated)        0.192    13.547    native_system/digital/scheduler/commanded_waveform3
    SLICE_X55Y85                                                      r  native_system/digital/scheduler/commanded_waveform[95]_INST_0_i_2/I4
    SLICE_X55Y85         LUT6 (Prop_lut6_I4_O)        0.124    13.671 r  native_system/digital/scheduler/commanded_waveform[95]_INST_0_i_2/O
                         net (fo=16, estimated)       0.683    14.354    native_system/digital/bank/captured_reg[65]_0
    SLICE_X65Y85                                                      r  native_system/digital/bank/commanded_waveform[67]_INST_0/I3
    SLICE_X65Y85         LUT5 (Prop_lut5_I3_O)        0.124    14.478 r  native_system/digital/bank/commanded_waveform[67]_INST_0/O
                         net (fo=2, estimated)        0.349    14.827    native_system/digital/serial/commanded_waveform[67]
    SLICE_X64Y85         FDCE                                         r  native_system/digital/serial/captured_reg[67]/D
  -------------------------------------------------------------------    -------------------

                         (clock core132 rise edge)    7.576     7.576 r  
                                                      0.000     7.576 r  clk (IN)
                         net (fo=18006, unset)        0.924     8.500    native_system/digital/serial/clk
    SLICE_X64Y85         FDCE                                         r  native_system/digital/serial/captured_reg[67]/C
                         clock pessimism              0.000     8.500    
                         clock uncertainty           -0.035     8.465    
    SLICE_X64Y85         FDCE (Setup_fdce_C_D)       -0.047     8.418    native_system/digital/serial/captured_reg[67]
  -------------------------------------------------------------------
                         required time                          8.418    
                         arrival time                         -14.827    
  -------------------------------------------------------------------
                         slack                                 -6.409    

Slack (VIOLATED) :        -6.408ns  (required time - arrival time)
  Source:                 native_system/digital/burst/accumulator_reg[6]/C
                            (rising edge-triggered cell FDCE clocked by core132  {rise@0.000ns fall@3.788ns period=7.576ns})
  Destination:            native_system/digital/serial/serial_data_reg[28]/D
                            (rising edge-triggered cell FDCE clocked by core132  {rise@0.000ns fall@3.788ns period=7.576ns})
  Path Group:             core132
  Path Type:              Setup (Max at Slow Process Corner)
  Requirement:            7.576ns  (core132 rise@7.576ns - core132 rise@0.000ns)
  Data Path Delay:        13.929ns  (logic 7.409ns (53.191%)  route 6.520ns (46.809%))
  Logic Levels:           26  (CARRY4=14 LUT3=1 LUT4=2 LUT5=4 LUT6=5)
  Clock Path Skew:        -0.049ns (DCD - SCD + CPR)
    Destination Clock Delay (DCD):    0.924ns = ( 8.500 - 7.576 ) 
    Source Clock Delay      (SCD):    0.973ns
    Clock Pessimism Removal (CPR):    0.000ns
  Clock Uncertainty:      0.035ns  ((TSJ^2 + TIJ^2)^1/2 + DJ) / 2 + PE
    Total System Jitter     (TSJ):    0.071ns
    Total Input Jitter      (TIJ):    0.000ns
    Discrete Jitter          (DJ):    0.000ns
    Phase Error              (PE):    0.000ns

    Location             Delay type                Incr(ns)  Path(ns)    Netlist Resource(s)
  -------------------------------------------------------------------    -------------------
                         (clock core132 rise edge)    0.000     0.000 r  
                                                      0.000     0.000 r  clk (IN)
                         net (fo=18006, unset)        0.973     0.973    native_system/digital/burst/clk
    SLICE_X62Y75         FDCE                                         r  native_system/digital/burst/accumulator_reg[6]/C
  -------------------------------------------------------------------    -------------------
    SLICE_X62Y75         FDCE (Prop_fdce_C_Q)         0.478     1.451 r  native_system/digital/burst/accumulator_reg[6]/Q
                         net (fo=16, estimated)       0.860     2.311    native_system/digital/burst/scaled[14]
    SLICE_X64Y75                                                      r  native_system/digital/burst/commanded_waveform[127]_INST_0_i_267/I0
    SLICE_X64Y75         LUT5 (Prop_lut5_I0_O)        0.295     2.606 r  native_system/digital/burst/commanded_waveform[127]_INST_0_i_267/O
                         net (fo=2, estimated)        0.441     3.047    native_system/digital/burst/commanded_waveform[127]_INST_0_i_267_n_0
    SLICE_X61Y75                                                      r  native_system/digital/burst/commanded_waveform[127]_INST_0_i_271/I0
    SLICE_X61Y75         LUT6 (Prop_lut6_I0_O)        0.124     3.171 r  native_system/digital/burst/commanded_waveform[127]_INST_0_i_271/O
                         net (fo=1, routed)           0.000     3.171    native_system/digital/burst/commanded_waveform[127]_INST_0_i_271_n_0
    SLICE_X61Y75                                                      r  native_system/digital/burst/commanded_waveform[127]_INST_0_i_207/S[1]
    SLICE_X61Y75         CARRY4 (Prop_carry4_S[1]_CO[3])
                                                      0.550     3.721 r  native_system/digital/burst/commanded_waveform[127]_INST_0_i_207/CO[3]
                         net (fo=1, estimated)        0.000     3.721    native_system/digital/burst/commanded_waveform[127]_INST_0_i_207_n_0
    SLICE_X61Y76                                                      r  native_system/digital/burst/commanded_waveform[127]_INST_0_i_153/CI
    SLICE_X61Y76         CARRY4 (Prop_carry4_CI_CO[3])
                                                      0.114     3.835 r  native_system/digital/burst/commanded_waveform[127]_INST_0_i_153/CO[3]
                         net (fo=1, estimated)        0.000     3.835    native_system/digital/burst/commanded_waveform[127]_INST_0_i_153_n_0
    SLICE_X61Y77                                                      r  native_system/digital/burst/commanded_waveform[127]_INST_0_i_101/CI
    SLICE_X61Y77         CARRY4 (Prop_carry4_CI_CO[3])
                                                      0.114     3.949 r  native_system/digital/burst/commanded_waveform[127]_INST_0_i_101/CO[3]
                         net (fo=1, estimated)        0.000     3.949    native_system/digital/burst/commanded_waveform[127]_INST_0_i_101_n_0
    SLICE_X61Y78                                                      r  native_system/digital/burst/commanded_waveform[127]_INST_0_i_66/CI
    SLICE_X61Y78         CARRY4 (Prop_carry4_CI_CO[3])
                                                      0.114     4.063 r  native_system/digital/burst/commanded_waveform[127]_INST_0_i_66/CO[3]
                         net (fo=1, estimated)        0.000     4.063    native_system/digital/burst/commanded_waveform[127]_INST_0_i_66_n_0
    SLICE_X61Y79                                                      r  native_system/digital/burst/commanded_waveform[127]_INST_0_i_42/CI
    SLICE_X61Y79         CARRY4 (Prop_carry4_CI_O[2])
                                                      0.239     4.302 r  native_system/digital/burst/commanded_waveform[127]_INST_0_i_42/O[2]
                         net (fo=28, estimated)       1.002     5.304    native_system/digital/burst/commanded_waveform[127]_INST_0_i_42_n_5
    SLICE_X62Y80                                                      r  native_system/digital/burst/commanded_waveform[127]_INST_0_i_305/I0
    SLICE_X62Y80         LUT4 (Prop_lut4_I0_O)        0.302     5.606 r  native_system/digital/burst/commanded_waveform[127]_INST_0_i_305/O
                         net (fo=1, routed)           0.000     5.606    native_system/digital/burst/commanded_waveform[127]_INST_0_i_305_n_0
    SLICE_X62Y80                                                      r  native_system/digital/burst/commanded_waveform[127]_INST_0_i_241/S[1]
    SLICE_X62Y80         CARRY4 (Prop_carry4_S[1]_CO[3])
                                                      0.533     6.139 r  native_system/digital/burst/commanded_waveform[127]_INST_0_i_241/CO[3]
                         net (fo=1, estimated)        0.000     6.139    native_system/digital/burst/commanded_waveform[127]_INST_0_i_241_n_0
    SLICE_X62Y81                                                      r  native_system/digital/burst/commanded_waveform[127]_INST_0_i_185/CI
    SLICE_X62Y81         CARRY4 (Prop_carry4_CI_O[0])
                                                      0.219     6.358 r  native_system/digital/burst/commanded_waveform[127]_INST_0_i_185/O[0]
                         net (fo=3, estimated)        0.739     7.097    native_system/digital/burst/commanded_waveform[127]_INST_0_i_185_n_7
    SLICE_X58Y80                                                      r  native_system/digital/burst/commanded_waveform[127]_INST_0_i_242/I2
    SLICE_X58Y80         LUT3 (Prop_lut3_I2_O)        0.295     7.392 r  native_system/digital/burst/commanded_waveform[127]_INST_0_i_242/O
                         net (fo=2, estimated)        0.300     7.692    native_system/digital/burst/commanded_waveform[127]_INST_0_i_242_n_0
    SLICE_X58Y80                                                      r  native_system/digital/burst/commanded_waveform[127]_INST_0_i_178/I4
    SLICE_X58Y80         LUT5 (Prop_lut5_I4_O)        0.124     7.816 r  native_system/digital/burst/commanded_waveform[127]_INST_0_i_178/O
                         net (fo=2, estimated)        0.438     8.254    native_system/digital/burst/commanded_waveform[127]_INST_0_i_178_n_0
    SLICE_X57Y81                                                      r  native_system/digital/burst/commanded_waveform[127]_INST_0_i_182/I0
    SLICE_X57Y81         LUT6 (Prop_lut6_I0_O)        0.124     8.378 r  native_system/digital/burst/commanded_waveform[127]_INST_0_i_182/O
                         net (fo=1, routed)           0.000     8.378    native_system/digital/burst/commanded_waveform[127]_INST_0_i_182_n_0
    SLICE_X57Y81                                                      r  native_system/digital/burst/commanded_waveform[127]_INST_0_i_124/S[1]
    SLICE_X57Y81         CARRY4 (Prop_carry4_S[1]_CO[3])
                                                      0.550     8.928 r  native_system/digital/burst/commanded_waveform[127]_INST_0_i_124/CO[3]
                         net (fo=1, estimated)        0.000     8.928    native_system/digital/burst/commanded_waveform[127]_INST_0_i_124_n_0
    SLICE_X57Y82                                                      r  native_system/digital/burst/commanded_waveform[127]_INST_0_i_84/CI
    SLICE_X57Y82         CARRY4 (Prop_carry4_CI_CO[3])
                                                      0.114     9.042 r  native_system/digital/burst/commanded_waveform[127]_INST_0_i_84/CO[3]
                         net (fo=1, estimated)        0.000     9.042    native_system/digital/burst/commanded_waveform[127]_INST_0_i_84_n_0
    SLICE_X57Y83                                                      r  native_system/digital/burst/commanded_waveform[127]_INST_0_i_50/CI
    SLICE_X57Y83         CARRY4 (Prop_carry4_CI_O[1])
                                                      0.334     9.376 r  native_system/digital/burst/commanded_waveform[127]_INST_0_i_50/O[1]
                         net (fo=3, estimated)        0.787    10.163    native_system/digital/burst/commanded_waveform[127]_INST_0_i_50_n_6
    SLICE_X56Y81                                                      r  native_system/digital/burst/commanded_waveform[127]_INST_0_i_80/I1
    SLICE_X56Y81         LUT4 (Prop_lut4_I1_O)        0.303    10.466 r  native_system/digital/burst/commanded_waveform[127]_INST_0_i_80/O
                         net (fo=1, routed)           0.000    10.466    native_system/digital/burst/commanded_waveform[127]_INST_0_i_80_n_0
    SLICE_X56Y81                                                      r  native_system/digital/burst/commanded_waveform[127]_INST_0_i_43/S[3]
    SLICE_X56Y81         CARRY4 (Prop_carry4_S[3]_CO[3])
                                                      0.401    10.867 r  native_system/digital/burst/commanded_waveform[127]_INST_0_i_43/CO[3]
                         net (fo=1, estimated)        0.000    10.867    native_system/digital/burst/commanded_waveform[127]_INST_0_i_43_n_0
    SLICE_X56Y82                                                      r  native_system/digital/burst/commanded_waveform[127]_INST_0_i_37/CI
    SLICE_X56Y82         CARRY4 (Prop_carry4_CI_CO[2])
                                                      0.228    11.095 r  native_system/digital/burst/commanded_waveform[127]_INST_0_i_37/CO[2]
                         net (fo=8, estimated)        0.482    11.577    native_system/digital/burst/commanded_waveform[127]_INST_0_i_37_n_1
    SLICE_X55Y82                                                      r  native_system/digital/burst/commanded_waveform[127]_INST_0_i_34/I1
    SLICE_X55Y82         LUT6 (Prop_lut6_I1_O)        0.313    11.890 r  native_system/digital/burst/commanded_waveform[127]_INST_0_i_34/O
                         net (fo=1, routed)           0.000    11.890    native_system/digital/burst/commanded_waveform[127]_INST_0_i_34_n_0
    SLICE_X55Y82                                                      r  native_system/digital/burst/commanded_waveform[127]_INST_0_i_23/S[1]
    SLICE_X55Y82         CARRY4 (Prop_carry4_S[1]_CO[3])
                                                      0.550    12.440 r  native_system/digital/burst/commanded_waveform[127]_INST_0_i_23/CO[3]
                         net (fo=1, estimated)        0.000    12.440    native_system/digital/burst/commanded_waveform[127]_INST_0_i_23_n_0
    SLICE_X55Y83                                                      r  native_system/digital/burst/commanded_waveform[127]_INST_0_i_17/CI
    SLICE_X55Y83         CARRY4 (Prop_carry4_CI_O[3])
                                                      0.313    12.753 f  native_system/digital/burst/commanded_waveform[127]_INST_0_i_17/O[3]
                         net (fo=1, estimated)        0.296    13.049    native_system/digital/burst/phase[7]
    SLICE_X55Y85                                                      f  native_system/digital/burst/commanded_waveform[127]_INST_0_i_11/I0
    SLICE_X55Y85         LUT5 (Prop_lut5_I0_O)        0.306    13.355 r  native_system/digital/burst/commanded_waveform[127]_INST_0_i_11/O
                         net (fo=8, estimated)        0.353    13.708    native_system/digital/scheduler/commanded_waveform3
    SLICE_X57Y86                                                      r  native_system/digital/scheduler/commanded_waveform[127]_INST_0_i_3/I4
    SLICE_X57Y86         LUT6 (Prop_lut6_I4_O)        0.124    13.832 r  native_system/digital/scheduler/commanded_waveform[127]_INST_0_i_3/O
                         net (fo=16, estimated)       0.348    14.180    native_system/digital/bank/captured_reg[97]_0
    SLICE_X59Y87                                                      r  native_system/digital/bank/commanded_waveform[115]_INST_0/I3
    SLICE_X59Y87         LUT5 (Prop_lut5_I3_O)        0.124    14.304 r  native_system/digital/bank/commanded_waveform[115]_INST_0/O
                         net (fo=2, estimated)        0.474    14.778    native_system/digital/serial/commanded_waveform[115]
    SLICE_X60Y87                                                      r  native_system/digital/serial/serial_data[28]_i_1/I0
    SLICE_X60Y87         LUT6 (Prop_lut6_I0_O)        0.124    14.902 r  native_system/digital/serial/serial_data[28]_i_1/O
                         net (fo=1, routed)           0.000    14.902    native_system/digital/serial/serial_data[28]_i_1_n_0
    SLICE_X60Y87         FDCE                                         r  native_system/digital/serial/serial_data_reg[28]/D
  -------------------------------------------------------------------    -------------------

                         (clock core132 rise edge)    7.576     7.576 r  
                                                      0.000     7.576 r  clk (IN)
                         net (fo=18006, unset)        0.924     8.500    native_system/digital/serial/clk
    SLICE_X60Y87         FDCE                                         r  native_system/digital/serial/serial_data_reg[28]/C
                         clock pessimism              0.000     8.500    
                         clock uncertainty           -0.035     8.465    
    SLICE_X60Y87         FDCE (Setup_fdce_C_D)        0.029     8.494    native_system/digital/serial/serial_data_reg[28]
  -------------------------------------------------------------------
                         required time                          8.494    
                         arrival time                         -14.902    
  -------------------------------------------------------------------
                         slack                                 -6.408    

Slack (VIOLATED) :        -6.408ns  (required time - arrival time)
  Source:                 native_system/digital/burst/accumulator_reg[6]/C
                            (rising edge-triggered cell FDCE clocked by core132  {rise@0.000ns fall@3.788ns period=7.576ns})
  Destination:            native_system/digital/serial/captured_reg[87]/D
                            (rising edge-triggered cell FDCE clocked by core132  {rise@0.000ns fall@3.788ns period=7.576ns})
  Path Group:             core132
  Path Type:              Setup (Max at Slow Process Corner)
  Requirement:            7.576ns  (core132 rise@7.576ns - core132 rise@0.000ns)
  Data Path Delay:        13.833ns  (logic 7.285ns (52.664%)  route 6.548ns (47.336%))
  Logic Levels:           25  (CARRY4=14 LUT3=1 LUT4=2 LUT5=4 LUT6=4)
  Clock Path Skew:        -0.049ns (DCD - SCD + CPR)
    Destination Clock Delay (DCD):    0.924ns = ( 8.500 - 7.576 ) 
    Source Clock Delay      (SCD):    0.973ns
    Clock Pessimism Removal (CPR):    0.000ns
  Clock Uncertainty:      0.035ns  ((TSJ^2 + TIJ^2)^1/2 + DJ) / 2 + PE
    Total System Jitter     (TSJ):    0.071ns
    Total Input Jitter      (TIJ):    0.000ns
    Discrete Jitter          (DJ):    0.000ns
    Phase Error              (PE):    0.000ns

    Location             Delay type                Incr(ns)  Path(ns)    Netlist Resource(s)
  -------------------------------------------------------------------    -------------------
                         (clock core132 rise edge)    0.000     0.000 r  
                                                      0.000     0.000 r  clk (IN)
                         net (fo=18006, unset)        0.973     0.973    native_system/digital/burst/clk
    SLICE_X62Y75         FDCE                                         r  native_system/digital/burst/accumulator_reg[6]/C
  -------------------------------------------------------------------    -------------------
    SLICE_X62Y75         FDCE (Prop_fdce_C_Q)         0.478     1.451 r  native_system/digital/burst/accumulator_reg[6]/Q
                         net (fo=16, estimated)       0.860     2.311    native_system/digital/burst/scaled[14]
    SLICE_X64Y75                                                      r  native_system/digital/burst/commanded_waveform[127]_INST_0_i_267/I0
    SLICE_X64Y75         LUT5 (Prop_lut5_I0_O)        0.295     2.606 r  native_system/digital/burst/commanded_waveform[127]_INST_0_i_267/O
                         net (fo=2, estimated)        0.441     3.047    native_system/digital/burst/commanded_waveform[127]_INST_0_i_267_n_0
    SLICE_X61Y75                                                      r  native_system/digital/burst/commanded_waveform[127]_INST_0_i_271/I0
    SLICE_X61Y75         LUT6 (Prop_lut6_I0_O)        0.124     3.171 r  native_system/digital/burst/commanded_waveform[127]_INST_0_i_271/O
                         net (fo=1, routed)           0.000     3.171    native_system/digital/burst/commanded_waveform[127]_INST_0_i_271_n_0
    SLICE_X61Y75                                                      r  native_system/digital/burst/commanded_waveform[127]_INST_0_i_207/S[1]
    SLICE_X61Y75         CARRY4 (Prop_carry4_S[1]_CO[3])
                                                      0.550     3.721 r  native_system/digital/burst/commanded_waveform[127]_INST_0_i_207/CO[3]
                         net (fo=1, estimated)        0.000     3.721    native_system/digital/burst/commanded_waveform[127]_INST_0_i_207_n_0
    SLICE_X61Y76                                                      r  native_system/digital/burst/commanded_waveform[127]_INST_0_i_153/CI
    SLICE_X61Y76         CARRY4 (Prop_carry4_CI_CO[3])
                                                      0.114     3.835 r  native_system/digital/burst/commanded_waveform[127]_INST_0_i_153/CO[3]
                         net (fo=1, estimated)        0.000     3.835    native_system/digital/burst/commanded_waveform[127]_INST_0_i_153_n_0
    SLICE_X61Y77                                                      r  native_system/digital/burst/commanded_waveform[127]_INST_0_i_101/CI
    SLICE_X61Y77         CARRY4 (Prop_carry4_CI_CO[3])
                                                      0.114     3.949 r  native_system/digital/burst/commanded_waveform[127]_INST_0_i_101/CO[3]
                         net (fo=1, estimated)        0.000     3.949    native_system/digital/burst/commanded_waveform[127]_INST_0_i_101_n_0
    SLICE_X61Y78                                                      r  native_system/digital/burst/commanded_waveform[127]_INST_0_i_66/CI
    SLICE_X61Y78         CARRY4 (Prop_carry4_CI_CO[3])
                                                      0.114     4.063 r  native_system/digital/burst/commanded_waveform[127]_INST_0_i_66/CO[3]
                         net (fo=1, estimated)        0.000     4.063    native_system/digital/burst/commanded_waveform[127]_INST_0_i_66_n_0
    SLICE_X61Y79                                                      r  native_system/digital/burst/commanded_waveform[127]_INST_0_i_42/CI
    SLICE_X61Y79         CARRY4 (Prop_carry4_CI_O[2])
                                                      0.239     4.302 r  native_system/digital/burst/commanded_waveform[127]_INST_0_i_42/O[2]
                         net (fo=28, estimated)       1.002     5.304    native_system/digital/burst/commanded_waveform[127]_INST_0_i_42_n_5
    SLICE_X62Y80                                                      r  native_system/digital/burst/commanded_waveform[127]_INST_0_i_305/I0
    SLICE_X62Y80         LUT4 (Prop_lut4_I0_O)        0.302     5.606 r  native_system/digital/burst/commanded_waveform[127]_INST_0_i_305/O
                         net (fo=1, routed)           0.000     5.606    native_system/digital/burst/commanded_waveform[127]_INST_0_i_305_n_0
    SLICE_X62Y80                                                      r  native_system/digital/burst/commanded_waveform[127]_INST_0_i_241/S[1]
    SLICE_X62Y80         CARRY4 (Prop_carry4_S[1]_CO[3])
                                                      0.533     6.139 r  native_system/digital/burst/commanded_waveform[127]_INST_0_i_241/CO[3]
                         net (fo=1, estimated)        0.000     6.139    native_system/digital/burst/commanded_waveform[127]_INST_0_i_241_n_0
    SLICE_X62Y81                                                      r  native_system/digital/burst/commanded_waveform[127]_INST_0_i_185/CI
    SLICE_X62Y81         CARRY4 (Prop_carry4_CI_O[0])
                                                      0.219     6.358 r  native_system/digital/burst/commanded_waveform[127]_INST_0_i_185/O[0]
                         net (fo=3, estimated)        0.739     7.097    native_system/digital/burst/commanded_waveform[127]_INST_0_i_185_n_7
    SLICE_X58Y80                                                      r  native_system/digital/burst/commanded_waveform[127]_INST_0_i_242/I2
    SLICE_X58Y80         LUT3 (Prop_lut3_I2_O)        0.295     7.392 r  native_system/digital/burst/commanded_waveform[127]_INST_0_i_242/O
                         net (fo=2, estimated)        0.300     7.692    native_system/digital/burst/commanded_waveform[127]_INST_0_i_242_n_0
    SLICE_X58Y80                                                      r  native_system/digital/burst/commanded_waveform[127]_INST_0_i_178/I4
    SLICE_X58Y80         LUT5 (Prop_lut5_I4_O)        0.124     7.816 r  native_system/digital/burst/commanded_waveform[127]_INST_0_i_178/O
                         net (fo=2, estimated)        0.438     8.254    native_system/digital/burst/commanded_waveform[127]_INST_0_i_178_n_0
    SLICE_X57Y81                                                      r  native_system/digital/burst/commanded_waveform[127]_INST_0_i_182/I0
    SLICE_X57Y81         LUT6 (Prop_lut6_I0_O)        0.124     8.378 r  native_system/digital/burst/commanded_waveform[127]_INST_0_i_182/O
                         net (fo=1, routed)           0.000     8.378    native_system/digital/burst/commanded_waveform[127]_INST_0_i_182_n_0
    SLICE_X57Y81                                                      r  native_system/digital/burst/commanded_waveform[127]_INST_0_i_124/S[1]
    SLICE_X57Y81         CARRY4 (Prop_carry4_S[1]_CO[3])
                                                      0.550     8.928 r  native_system/digital/burst/commanded_waveform[127]_INST_0_i_124/CO[3]
                         net (fo=1, estimated)        0.000     8.928    native_system/digital/burst/commanded_waveform[127]_INST_0_i_124_n_0
    SLICE_X57Y82                                                      r  native_system/digital/burst/commanded_waveform[127]_INST_0_i_84/CI
    SLICE_X57Y82         CARRY4 (Prop_carry4_CI_CO[3])
                                                      0.114     9.042 r  native_system/digital/burst/commanded_waveform[127]_INST_0_i_84/CO[3]
                         net (fo=1, estimated)        0.000     9.042    native_system/digital/burst/commanded_waveform[127]_INST_0_i_84_n_0
    SLICE_X57Y83                                                      r  native_system/digital/burst/commanded_waveform[127]_INST_0_i_50/CI
    SLICE_X57Y83         CARRY4 (Prop_carry4_CI_O[1])
                                                      0.334     9.376 r  native_system/digital/burst/commanded_waveform[127]_INST_0_i_50/O[1]
                         net (fo=3, estimated)        0.787    10.163    native_system/digital/burst/commanded_waveform[127]_INST_0_i_50_n_6
    SLICE_X56Y81                                                      r  native_system/digital/burst/commanded_waveform[127]_INST_0_i_80/I1
    SLICE_X56Y81         LUT4 (Prop_lut4_I1_O)        0.303    10.466 r  native_system/digital/burst/commanded_waveform[127]_INST_0_i_80/O
                         net (fo=1, routed)           0.000    10.466    native_system/digital/burst/commanded_waveform[127]_INST_0_i_80_n_0
    SLICE_X56Y81                                                      r  native_system/digital/burst/commanded_waveform[127]_INST_0_i_43/S[3]
    SLICE_X56Y81         CARRY4 (Prop_carry4_S[3]_CO[3])
                                                      0.401    10.867 r  native_system/digital/burst/commanded_waveform[127]_INST_0_i_43/CO[3]
                         net (fo=1, estimated)        0.000    10.867    native_system/digital/burst/commanded_waveform[127]_INST_0_i_43_n_0
    SLICE_X56Y82                                                      r  native_system/digital/burst/commanded_waveform[127]_INST_0_i_37/CI
    SLICE_X56Y82         CARRY4 (Prop_carry4_CI_CO[2])
                                                      0.228    11.095 r  native_system/digital/burst/commanded_waveform[127]_INST_0_i_37/CO[2]
                         net (fo=8, estimated)        0.482    11.577    native_system/digital/burst/commanded_waveform[127]_INST_0_i_37_n_1
    SLICE_X55Y82                                                      r  native_system/digital/burst/commanded_waveform[127]_INST_0_i_34/I1
    SLICE_X55Y82         LUT6 (Prop_lut6_I1_O)        0.313    11.890 r  native_system/digital/burst/commanded_waveform[127]_INST_0_i_34/O
                         net (fo=1, routed)           0.000    11.890    native_system/digital/burst/commanded_waveform[127]_INST_0_i_34_n_0
    SLICE_X55Y82                                                      r  native_system/digital/burst/commanded_waveform[127]_INST_0_i_23/S[1]
    SLICE_X55Y82         CARRY4 (Prop_carry4_S[1]_CO[3])
                                                      0.550    12.440 r  native_system/digital/burst/commanded_waveform[127]_INST_0_i_23/CO[3]
                         net (fo=1, estimated)        0.000    12.440    native_system/digital/burst/commanded_waveform[127]_INST_0_i_23_n_0
    SLICE_X55Y83                                                      r  native_system/digital/burst/commanded_waveform[127]_INST_0_i_17/CI
    SLICE_X55Y83         CARRY4 (Prop_carry4_CI_O[3])
                                                      0.313    12.753 f  native_system/digital/burst/commanded_waveform[127]_INST_0_i_17/O[3]
                         net (fo=1, estimated)        0.296    13.049    native_system/digital/burst/phase[7]
    SLICE_X55Y85                                                      f  native_system/digital/burst/commanded_waveform[127]_INST_0_i_11/I0
    SLICE_X55Y85         LUT5 (Prop_lut5_I0_O)        0.306    13.355 r  native_system/digital/burst/commanded_waveform[127]_INST_0_i_11/O
                         net (fo=8, estimated)        0.192    13.547    native_system/digital/scheduler/commanded_waveform3
    SLICE_X55Y85                                                      r  native_system/digital/scheduler/commanded_waveform[95]_INST_0_i_2/I4
    SLICE_X55Y85         LUT6 (Prop_lut6_I4_O)        0.124    13.671 r  native_system/digital/scheduler/commanded_waveform[95]_INST_0_i_2/O
                         net (fo=16, estimated)       0.529    14.200    native_system/digital/bank/captured_reg[65]_0
    SLICE_X63Y86                                                      r  native_system/digital/bank/commanded_waveform[87]_INST_0/I3
    SLICE_X63Y86         LUT5 (Prop_lut5_I3_O)        0.124    14.324 r  native_system/digital/bank/commanded_waveform[87]_INST_0/O
                         net (fo=2, estimated)        0.482    14.806    native_system/digital/serial/commanded_waveform[87]
    SLICE_X63Y86         FDCE                                         r  native_system/digital/serial/captured_reg[87]/D
  -------------------------------------------------------------------    -------------------

                         (clock core132 rise edge)    7.576     7.576 r  
                                                      0.000     7.576 r  clk (IN)
                         net (fo=18006, unset)        0.924     8.500    native_system/digital/serial/clk
    SLICE_X63Y86         FDCE                                         r  native_system/digital/serial/captured_reg[87]/C
                         clock pessimism              0.000     8.500    
                         clock uncertainty           -0.035     8.465    
    SLICE_X63Y86         FDCE (Setup_fdce_C_D)       -0.067     8.398    native_system/digital/serial/captured_reg[87]
  -------------------------------------------------------------------
                         required time                          8.398    
                         arrival time                         -14.806    
  -------------------------------------------------------------------
                         slack                                 -6.408    

Slack (VIOLATED) :        -6.406ns  (required time - arrival time)
  Source:                 native_system/digital/burst/accumulator_reg[6]/C
                            (rising edge-triggered cell FDCE clocked by core132  {rise@0.000ns fall@3.788ns period=7.576ns})
  Destination:            native_system/digital/serial/captured_reg[59]/D
                            (rising edge-triggered cell FDCE clocked by core132  {rise@0.000ns fall@3.788ns period=7.576ns})
  Path Group:             core132
  Path Type:              Setup (Max at Slow Process Corner)
  Requirement:            7.576ns  (core132 rise@7.576ns - core132 rise@0.000ns)
  Data Path Delay:        13.870ns  (logic 7.285ns (52.523%)  route 6.585ns (47.477%))
  Logic Levels:           25  (CARRY4=14 LUT3=1 LUT4=2 LUT5=4 LUT6=4)
  Clock Path Skew:        -0.049ns (DCD - SCD + CPR)
    Destination Clock Delay (DCD):    0.924ns = ( 8.500 - 7.576 ) 
    Source Clock Delay      (SCD):    0.973ns
    Clock Pessimism Removal (CPR):    0.000ns
  Clock Uncertainty:      0.035ns  ((TSJ^2 + TIJ^2)^1/2 + DJ) / 2 + PE
    Total System Jitter     (TSJ):    0.071ns
    Total Input Jitter      (TIJ):    0.000ns
    Discrete Jitter          (DJ):    0.000ns
    Phase Error              (PE):    0.000ns

    Location             Delay type                Incr(ns)  Path(ns)    Netlist Resource(s)
  -------------------------------------------------------------------    -------------------
                         (clock core132 rise edge)    0.000     0.000 r  
                                                      0.000     0.000 r  clk (IN)
                         net (fo=18006, unset)        0.973     0.973    native_system/digital/burst/clk
    SLICE_X62Y75         FDCE                                         r  native_system/digital/burst/accumulator_reg[6]/C
  -------------------------------------------------------------------    -------------------
    SLICE_X62Y75         FDCE (Prop_fdce_C_Q)         0.478     1.451 r  native_system/digital/burst/accumulator_reg[6]/Q
                         net (fo=16, estimated)       0.860     2.311    native_system/digital/burst/scaled[14]
    SLICE_X64Y75                                                      r  native_system/digital/burst/commanded_waveform[127]_INST_0_i_267/I0
    SLICE_X64Y75         LUT5 (Prop_lut5_I0_O)        0.295     2.606 r  native_system/digital/burst/commanded_waveform[127]_INST_0_i_267/O
                         net (fo=2, estimated)        0.441     3.047    native_system/digital/burst/commanded_waveform[127]_INST_0_i_267_n_0
    SLICE_X61Y75                                                      r  native_system/digital/burst/commanded_waveform[127]_INST_0_i_271/I0
    SLICE_X61Y75         LUT6 (Prop_lut6_I0_O)        0.124     3.171 r  native_system/digital/burst/commanded_waveform[127]_INST_0_i_271/O
                         net (fo=1, routed)           0.000     3.171    native_system/digital/burst/commanded_waveform[127]_INST_0_i_271_n_0
    SLICE_X61Y75                                                      r  native_system/digital/burst/commanded_waveform[127]_INST_0_i_207/S[1]
    SLICE_X61Y75         CARRY4 (Prop_carry4_S[1]_CO[3])
                                                      0.550     3.721 r  native_system/digital/burst/commanded_waveform[127]_INST_0_i_207/CO[3]
                         net (fo=1, estimated)        0.000     3.721    native_system/digital/burst/commanded_waveform[127]_INST_0_i_207_n_0
    SLICE_X61Y76                                                      r  native_system/digital/burst/commanded_waveform[127]_INST_0_i_153/CI
    SLICE_X61Y76         CARRY4 (Prop_carry4_CI_CO[3])
                                                      0.114     3.835 r  native_system/digital/burst/commanded_waveform[127]_INST_0_i_153/CO[3]
                         net (fo=1, estimated)        0.000     3.835    native_system/digital/burst/commanded_waveform[127]_INST_0_i_153_n_0
    SLICE_X61Y77                                                      r  native_system/digital/burst/commanded_waveform[127]_INST_0_i_101/CI
    SLICE_X61Y77         CARRY4 (Prop_carry4_CI_CO[3])
                                                      0.114     3.949 r  native_system/digital/burst/commanded_waveform[127]_INST_0_i_101/CO[3]
                         net (fo=1, estimated)        0.000     3.949    native_system/digital/burst/commanded_waveform[127]_INST_0_i_101_n_0
    SLICE_X61Y78                                                      r  native_system/digital/burst/commanded_waveform[127]_INST_0_i_66/CI
    SLICE_X61Y78         CARRY4 (Prop_carry4_CI_CO[3])
                                                      0.114     4.063 r  native_system/digital/burst/commanded_waveform[127]_INST_0_i_66/CO[3]
                         net (fo=1, estimated)        0.000     4.063    native_system/digital/burst/commanded_waveform[127]_INST_0_i_66_n_0
    SLICE_X61Y79                                                      r  native_system/digital/burst/commanded_waveform[127]_INST_0_i_42/CI
    SLICE_X61Y79         CARRY4 (Prop_carry4_CI_O[2])
                                                      0.239     4.302 r  native_system/digital/burst/commanded_waveform[127]_INST_0_i_42/O[2]
                         net (fo=28, estimated)       1.002     5.304    native_system/digital/burst/commanded_waveform[127]_INST_0_i_42_n_5
    SLICE_X62Y80                                                      r  native_system/digital/burst/commanded_waveform[127]_INST_0_i_305/I0
    SLICE_X62Y80         LUT4 (Prop_lut4_I0_O)        0.302     5.606 r  native_system/digital/burst/commanded_waveform[127]_INST_0_i_305/O
                         net (fo=1, routed)           0.000     5.606    native_system/digital/burst/commanded_waveform[127]_INST_0_i_305_n_0
    SLICE_X62Y80                                                      r  native_system/digital/burst/commanded_waveform[127]_INST_0_i_241/S[1]
    SLICE_X62Y80         CARRY4 (Prop_carry4_S[1]_CO[3])
                                                      0.533     6.139 r  native_system/digital/burst/commanded_waveform[127]_INST_0_i_241/CO[3]
                         net (fo=1, estimated)        0.000     6.139    native_system/digital/burst/commanded_waveform[127]_INST_0_i_241_n_0
    SLICE_X62Y81                                                      r  native_system/digital/burst/commanded_waveform[127]_INST_0_i_185/CI
    SLICE_X62Y81         CARRY4 (Prop_carry4_CI_O[0])
                                                      0.219     6.358 r  native_system/digital/burst/commanded_waveform[127]_INST_0_i_185/O[0]
                         net (fo=3, estimated)        0.739     7.097    native_system/digital/burst/commanded_waveform[127]_INST_0_i_185_n_7
    SLICE_X58Y80                                                      r  native_system/digital/burst/commanded_waveform[127]_INST_0_i_242/I2
    SLICE_X58Y80         LUT3 (Prop_lut3_I2_O)        0.295     7.392 r  native_system/digital/burst/commanded_waveform[127]_INST_0_i_242/O
                         net (fo=2, estimated)        0.300     7.692    native_system/digital/burst/commanded_waveform[127]_INST_0_i_242_n_0
    SLICE_X58Y80                                                      r  native_system/digital/burst/commanded_waveform[127]_INST_0_i_178/I4
    SLICE_X58Y80         LUT5 (Prop_lut5_I4_O)        0.124     7.816 r  native_system/digital/burst/commanded_waveform[127]_INST_0_i_178/O
                         net (fo=2, estimated)        0.438     8.254    native_system/digital/burst/commanded_waveform[127]_INST_0_i_178_n_0
    SLICE_X57Y81                                                      r  native_system/digital/burst/commanded_waveform[127]_INST_0_i_182/I0
    SLICE_X57Y81         LUT6 (Prop_lut6_I0_O)        0.124     8.378 r  native_system/digital/burst/commanded_waveform[127]_INST_0_i_182/O
                         net (fo=1, routed)           0.000     8.378    native_system/digital/burst/commanded_waveform[127]_INST_0_i_182_n_0
    SLICE_X57Y81                                                      r  native_system/digital/burst/commanded_waveform[127]_INST_0_i_124/S[1]
    SLICE_X57Y81         CARRY4 (Prop_carry4_S[1]_CO[3])
                                                      0.550     8.928 r  native_system/digital/burst/commanded_waveform[127]_INST_0_i_124/CO[3]
                         net (fo=1, estimated)        0.000     8.928    native_system/digital/burst/commanded_waveform[127]_INST_0_i_124_n_0
    SLICE_X57Y82                                                      r  native_system/digital/burst/commanded_waveform[127]_INST_0_i_84/CI
    SLICE_X57Y82         CARRY4 (Prop_carry4_CI_CO[3])
                                                      0.114     9.042 r  native_system/digital/burst/commanded_waveform[127]_INST_0_i_84/CO[3]
                         net (fo=1, estimated)        0.000     9.042    native_system/digital/burst/commanded_waveform[127]_INST_0_i_84_n_0
    SLICE_X57Y83                                                      r  native_system/digital/burst/commanded_waveform[127]_INST_0_i_50/CI
    SLICE_X57Y83         CARRY4 (Prop_carry4_CI_O[1])
                                                      0.334     9.376 r  native_system/digital/burst/commanded_waveform[127]_INST_0_i_50/O[1]
                         net (fo=3, estimated)        0.787    10.163    native_system/digital/burst/commanded_waveform[127]_INST_0_i_50_n_6
    SLICE_X56Y81                                                      r  native_system/digital/burst/commanded_waveform[127]_INST_0_i_80/I1
    SLICE_X56Y81         LUT4 (Prop_lut4_I1_O)        0.303    10.466 r  native_system/digital/burst/commanded_waveform[127]_INST_0_i_80/O
                         net (fo=1, routed)           0.000    10.466    native_system/digital/burst/commanded_waveform[127]_INST_0_i_80_n_0
    SLICE_X56Y81                                                      r  native_system/digital/burst/commanded_waveform[127]_INST_0_i_43/S[3]
    SLICE_X56Y81         CARRY4 (Prop_carry4_S[3]_CO[3])
                                                      0.401    10.867 r  native_system/digital/burst/commanded_waveform[127]_INST_0_i_43/CO[3]
                         net (fo=1, estimated)        0.000    10.867    native_system/digital/burst/commanded_waveform[127]_INST_0_i_43_n_0
    SLICE_X56Y82                                                      r  native_system/digital/burst/commanded_waveform[127]_INST_0_i_37/CI
    SLICE_X56Y82         CARRY4 (Prop_carry4_CI_CO[2])
                                                      0.228    11.095 r  native_system/digital/burst/commanded_waveform[127]_INST_0_i_37/CO[2]
                         net (fo=8, estimated)        0.482    11.577    native_system/digital/burst/commanded_waveform[127]_INST_0_i_37_n_1
    SLICE_X55Y82                                                      r  native_system/digital/burst/commanded_waveform[127]_INST_0_i_34/I1
    SLICE_X55Y82         LUT6 (Prop_lut6_I1_O)        0.313    11.890 r  native_system/digital/burst/commanded_waveform[127]_INST_0_i_34/O
                         net (fo=1, routed)           0.000    11.890    native_system/digital/burst/commanded_waveform[127]_INST_0_i_34_n_0
    SLICE_X55Y82                                                      r  native_system/digital/burst/commanded_waveform[127]_INST_0_i_23/S[1]
    SLICE_X55Y82         CARRY4 (Prop_carry4_S[1]_CO[3])
                                                      0.550    12.440 r  native_system/digital/burst/commanded_waveform[127]_INST_0_i_23/CO[3]
                         net (fo=1, estimated)        0.000    12.440    native_system/digital/burst/commanded_waveform[127]_INST_0_i_23_n_0
    SLICE_X55Y83                                                      r  native_system/digital/burst/commanded_waveform[127]_INST_0_i_17/CI
    SLICE_X55Y83         CARRY4 (Prop_carry4_CI_O[3])
                                                      0.313    12.753 f  native_system/digital/burst/commanded_waveform[127]_INST_0_i_17/O[3]
                         net (fo=1, estimated)        0.296    13.049    native_system/digital/burst/phase[7]
    SLICE_X55Y85                                                      f  native_system/digital/burst/commanded_waveform[127]_INST_0_i_11/I0
    SLICE_X55Y85         LUT5 (Prop_lut5_I0_O)        0.306    13.355 r  native_system/digital/burst/commanded_waveform[127]_INST_0_i_11/O
                         net (fo=8, estimated)        0.195    13.550    native_system/digital/scheduler/commanded_waveform3
    SLICE_X55Y85                                                      r  native_system/digital/scheduler/commanded_waveform[63]_INST_0_i_2/I4
    SLICE_X55Y85         LUT6 (Prop_lut6_I4_O)        0.124    13.674 r  native_system/digital/scheduler/commanded_waveform[63]_INST_0_i_2/O
                         net (fo=16, estimated)       0.513    14.187    native_system/digital/bank/captured_reg[33]_0
    SLICE_X55Y86                                                      r  native_system/digital/bank/commanded_waveform[59]_INST_0/I3
    SLICE_X55Y86         LUT5 (Prop_lut5_I3_O)        0.124    14.311 r  native_system/digital/bank/commanded_waveform[59]_INST_0/O
                         net (fo=2, estimated)        0.532    14.843    native_system/digital/serial/commanded_waveform[59]
    SLICE_X54Y86         FDCE                                         r  native_system/digital/serial/captured_reg[59]/D
  -------------------------------------------------------------------    -------------------

                         (clock core132 rise edge)    7.576     7.576 r  
                                                      0.000     7.576 r  clk (IN)
                         net (fo=18006, unset)        0.924     8.500    native_system/digital/serial/clk
    SLICE_X54Y86         FDCE                                         r  native_system/digital/serial/captured_reg[59]/C
                         clock pessimism              0.000     8.500    
                         clock uncertainty           -0.035     8.465    
    SLICE_X54Y86         FDCE (Setup_fdce_C_D)       -0.028     8.437    native_system/digital/serial/captured_reg[59]
  -------------------------------------------------------------------
                         required time                          8.437    
                         arrival time                         -14.843    
  -------------------------------------------------------------------
                         slack                                 -6.406    

Slack (VIOLATED) :        -6.399ns  (required time - arrival time)
  Source:                 native_system/digital/burst/accumulator_reg[6]/C
                            (rising edge-triggered cell FDCE clocked by core132  {rise@0.000ns fall@3.788ns period=7.576ns})
  Destination:            native_system/digital/serial/captured_reg[43]/D
                            (rising edge-triggered cell FDCE clocked by core132  {rise@0.000ns fall@3.788ns period=7.576ns})
  Path Group:             core132
  Path Type:              Setup (Max at Slow Process Corner)
  Requirement:            7.576ns  (core132 rise@7.576ns - core132 rise@0.000ns)
  Data Path Delay:        13.863ns  (logic 7.285ns (52.550%)  route 6.578ns (47.450%))
  Logic Levels:           25  (CARRY4=14 LUT3=1 LUT4=2 LUT5=4 LUT6=4)
  Clock Path Skew:        -0.049ns (DCD - SCD + CPR)
    Destination Clock Delay (DCD):    0.924ns = ( 8.500 - 7.576 ) 
    Source Clock Delay      (SCD):    0.973ns
    Clock Pessimism Removal (CPR):    0.000ns
  Clock Uncertainty:      0.035ns  ((TSJ^2 + TIJ^2)^1/2 + DJ) / 2 + PE
    Total System Jitter     (TSJ):    0.071ns
    Total Input Jitter      (TIJ):    0.000ns
    Discrete Jitter          (DJ):    0.000ns
    Phase Error              (PE):    0.000ns

    Location             Delay type                Incr(ns)  Path(ns)    Netlist Resource(s)
  -------------------------------------------------------------------    -------------------
                         (clock core132 rise edge)    0.000     0.000 r  
                                                      0.000     0.000 r  clk (IN)
                         net (fo=18006, unset)        0.973     0.973    native_system/digital/burst/clk
    SLICE_X62Y75         FDCE                                         r  native_system/digital/burst/accumulator_reg[6]/C
  -------------------------------------------------------------------    -------------------
    SLICE_X62Y75         FDCE (Prop_fdce_C_Q)         0.478     1.451 r  native_system/digital/burst/accumulator_reg[6]/Q
                         net (fo=16, estimated)       0.860     2.311    native_system/digital/burst/scaled[14]
    SLICE_X64Y75                                                      r  native_system/digital/burst/commanded_waveform[127]_INST_0_i_267/I0
    SLICE_X64Y75         LUT5 (Prop_lut5_I0_O)        0.295     2.606 r  native_system/digital/burst/commanded_waveform[127]_INST_0_i_267/O
                         net (fo=2, estimated)        0.441     3.047    native_system/digital/burst/commanded_waveform[127]_INST_0_i_267_n_0
    SLICE_X61Y75                                                      r  native_system/digital/burst/commanded_waveform[127]_INST_0_i_271/I0
    SLICE_X61Y75         LUT6 (Prop_lut6_I0_O)        0.124     3.171 r  native_system/digital/burst/commanded_waveform[127]_INST_0_i_271/O
                         net (fo=1, routed)           0.000     3.171    native_system/digital/burst/commanded_waveform[127]_INST_0_i_271_n_0
    SLICE_X61Y75                                                      r  native_system/digital/burst/commanded_waveform[127]_INST_0_i_207/S[1]
    SLICE_X61Y75         CARRY4 (Prop_carry4_S[1]_CO[3])
                                                      0.550     3.721 r  native_system/digital/burst/commanded_waveform[127]_INST_0_i_207/CO[3]
                         net (fo=1, estimated)        0.000     3.721    native_system/digital/burst/commanded_waveform[127]_INST_0_i_207_n_0
    SLICE_X61Y76                                                      r  native_system/digital/burst/commanded_waveform[127]_INST_0_i_153/CI
    SLICE_X61Y76         CARRY4 (Prop_carry4_CI_CO[3])
                                                      0.114     3.835 r  native_system/digital/burst/commanded_waveform[127]_INST_0_i_153/CO[3]
                         net (fo=1, estimated)        0.000     3.835    native_system/digital/burst/commanded_waveform[127]_INST_0_i_153_n_0
    SLICE_X61Y77                                                      r  native_system/digital/burst/commanded_waveform[127]_INST_0_i_101/CI
    SLICE_X61Y77         CARRY4 (Prop_carry4_CI_CO[3])
                                                      0.114     3.949 r  native_system/digital/burst/commanded_waveform[127]_INST_0_i_101/CO[3]
                         net (fo=1, estimated)        0.000     3.949    native_system/digital/burst/commanded_waveform[127]_INST_0_i_101_n_0
    SLICE_X61Y78                                                      r  native_system/digital/burst/commanded_waveform[127]_INST_0_i_66/CI
    SLICE_X61Y78         CARRY4 (Prop_carry4_CI_CO[3])
                                                      0.114     4.063 r  native_system/digital/burst/commanded_waveform[127]_INST_0_i_66/CO[3]
                         net (fo=1, estimated)        0.000     4.063    native_system/digital/burst/commanded_waveform[127]_INST_0_i_66_n_0
    SLICE_X61Y79                                                      r  native_system/digital/burst/commanded_waveform[127]_INST_0_i_42/CI
    SLICE_X61Y79         CARRY4 (Prop_carry4_CI_O[2])
                                                      0.239     4.302 r  native_system/digital/burst/commanded_waveform[127]_INST_0_i_42/O[2]
                         net (fo=28, estimated)       1.002     5.304    native_system/digital/burst/commanded_waveform[127]_INST_0_i_42_n_5
    SLICE_X62Y80                                                      r  native_system/digital/burst/commanded_waveform[127]_INST_0_i_305/I0
    SLICE_X62Y80         LUT4 (Prop_lut4_I0_O)        0.302     5.606 r  native_system/digital/burst/commanded_waveform[127]_INST_0_i_305/O
                         net (fo=1, routed)           0.000     5.606    native_system/digital/burst/commanded_waveform[127]_INST_0_i_305_n_0
    SLICE_X62Y80                                                      r  native_system/digital/burst/commanded_waveform[127]_INST_0_i_241/S[1]
    SLICE_X62Y80         CARRY4 (Prop_carry4_S[1]_CO[3])
                                                      0.533     6.139 r  native_system/digital/burst/commanded_waveform[127]_INST_0_i_241/CO[3]
                         net (fo=1, estimated)        0.000     6.139    native_system/digital/burst/commanded_waveform[127]_INST_0_i_241_n_0
    SLICE_X62Y81                                                      r  native_system/digital/burst/commanded_waveform[127]_INST_0_i_185/CI
    SLICE_X62Y81         CARRY4 (Prop_carry4_CI_O[0])
                                                      0.219     6.358 r  native_system/digital/burst/commanded_waveform[127]_INST_0_i_185/O[0]
                         net (fo=3, estimated)        0.739     7.097    native_system/digital/burst/commanded_waveform[127]_INST_0_i_185_n_7
    SLICE_X58Y80                                                      r  native_system/digital/burst/commanded_waveform[127]_INST_0_i_242/I2
    SLICE_X58Y80         LUT3 (Prop_lut3_I2_O)        0.295     7.392 r  native_system/digital/burst/commanded_waveform[127]_INST_0_i_242/O
                         net (fo=2, estimated)        0.300     7.692    native_system/digital/burst/commanded_waveform[127]_INST_0_i_242_n_0
    SLICE_X58Y80                                                      r  native_system/digital/burst/commanded_waveform[127]_INST_0_i_178/I4
    SLICE_X58Y80         LUT5 (Prop_lut5_I4_O)        0.124     7.816 r  native_system/digital/burst/commanded_waveform[127]_INST_0_i_178/O
                         net (fo=2, estimated)        0.438     8.254    native_system/digital/burst/commanded_waveform[127]_INST_0_i_178_n_0
    SLICE_X57Y81                                                      r  native_system/digital/burst/commanded_waveform[127]_INST_0_i_182/I0
    SLICE_X57Y81         LUT6 (Prop_lut6_I0_O)        0.124     8.378 r  native_system/digital/burst/commanded_waveform[127]_INST_0_i_182/O
                         net (fo=1, routed)           0.000     8.378    native_system/digital/burst/commanded_waveform[127]_INST_0_i_182_n_0
    SLICE_X57Y81                                                      r  native_system/digital/burst/commanded_waveform[127]_INST_0_i_124/S[1]
    SLICE_X57Y81         CARRY4 (Prop_carry4_S[1]_CO[3])
                                                      0.550     8.928 r  native_system/digital/burst/commanded_waveform[127]_INST_0_i_124/CO[3]
                         net (fo=1, estimated)        0.000     8.928    native_system/digital/burst/commanded_waveform[127]_INST_0_i_124_n_0
    SLICE_X57Y82                                                      r  native_system/digital/burst/commanded_waveform[127]_INST_0_i_84/CI
    SLICE_X57Y82         CARRY4 (Prop_carry4_CI_CO[3])
                                                      0.114     9.042 r  native_system/digital/burst/commanded_waveform[127]_INST_0_i_84/CO[3]
                         net (fo=1, estimated)        0.000     9.042    native_system/digital/burst/commanded_waveform[127]_INST_0_i_84_n_0
    SLICE_X57Y83                                                      r  native_system/digital/burst/commanded_waveform[127]_INST_0_i_50/CI
    SLICE_X57Y83         CARRY4 (Prop_carry4_CI_O[1])
                                                      0.334     9.376 r  native_system/digital/burst/commanded_waveform[127]_INST_0_i_50/O[1]
                         net (fo=3, estimated)        0.787    10.163    native_system/digital/burst/commanded_waveform[127]_INST_0_i_50_n_6
    SLICE_X56Y81                                                      r  native_system/digital/burst/commanded_waveform[127]_INST_0_i_80/I1
    SLICE_X56Y81         LUT4 (Prop_lut4_I1_O)        0.303    10.466 r  native_system/digital/burst/commanded_waveform[127]_INST_0_i_80/O
                         net (fo=1, routed)           0.000    10.466    native_system/digital/burst/commanded_waveform[127]_INST_0_i_80_n_0
    SLICE_X56Y81                                                      r  native_system/digital/burst/commanded_waveform[127]_INST_0_i_43/S[3]
    SLICE_X56Y81         CARRY4 (Prop_carry4_S[3]_CO[3])
                                                      0.401    10.867 r  native_system/digital/burst/commanded_waveform[127]_INST_0_i_43/CO[3]
                         net (fo=1, estimated)        0.000    10.867    native_system/digital/burst/commanded_waveform[127]_INST_0_i_43_n_0
    SLICE_X56Y82                                                      r  native_system/digital/burst/commanded_waveform[127]_INST_0_i_37/CI
    SLICE_X56Y82         CARRY4 (Prop_carry4_CI_CO[2])
                                                      0.228    11.095 r  native_system/digital/burst/commanded_waveform[127]_INST_0_i_37/CO[2]
                         net (fo=8, estimated)        0.482    11.577    native_system/digital/burst/commanded_waveform[127]_INST_0_i_37_n_1
    SLICE_X55Y82                                                      r  native_system/digital/burst/commanded_waveform[127]_INST_0_i_34/I1
    SLICE_X55Y82         LUT6 (Prop_lut6_I1_O)        0.313    11.890 r  native_system/digital/burst/commanded_waveform[127]_INST_0_i_34/O
                         net (fo=1, routed)           0.000    11.890    native_system/digital/burst/commanded_waveform[127]_INST_0_i_34_n_0
    SLICE_X55Y82                                                      r  native_system/digital/burst/commanded_waveform[127]_INST_0_i_23/S[1]
    SLICE_X55Y82         CARRY4 (Prop_carry4_S[1]_CO[3])
                                                      0.550    12.440 r  native_system/digital/burst/commanded_waveform[127]_INST_0_i_23/CO[3]
                         net (fo=1, estimated)        0.000    12.440    native_system/digital/burst/commanded_waveform[127]_INST_0_i_23_n_0
    SLICE_X55Y83                                                      r  native_system/digital/burst/commanded_waveform[127]_INST_0_i_17/CI
    SLICE_X55Y83         CARRY4 (Prop_carry4_CI_O[3])
                                                      0.313    12.753 f  native_system/digital/burst/commanded_waveform[127]_INST_0_i_17/O[3]
                         net (fo=1, estimated)        0.296    13.049    native_system/digital/burst/phase[7]
    SLICE_X55Y85                                                      f  native_system/digital/burst/commanded_waveform[127]_INST_0_i_11/I0
    SLICE_X55Y85         LUT5 (Prop_lut5_I0_O)        0.306    13.355 r  native_system/digital/burst/commanded_waveform[127]_INST_0_i_11/O
                         net (fo=8, estimated)        0.195    13.550    native_system/digital/scheduler/commanded_waveform3
    SLICE_X55Y85                                                      r  native_system/digital/scheduler/commanded_waveform[63]_INST_0_i_2/I4
    SLICE_X55Y85         LUT6 (Prop_lut6_I4_O)        0.124    13.674 r  native_system/digital/scheduler/commanded_waveform[63]_INST_0_i_2/O
                         net (fo=16, estimated)       0.647    14.321    native_system/digital/bank/captured_reg[33]_0
    SLICE_X58Y86                                                      r  native_system/digital/bank/commanded_waveform[43]_INST_0/I3
    SLICE_X58Y86         LUT5 (Prop_lut5_I3_O)        0.124    14.445 r  native_system/digital/bank/commanded_waveform[43]_INST_0/O
                         net (fo=2, estimated)        0.391    14.836    native_system/digital/serial/commanded_waveform[43]
    SLICE_X58Y86         FDCE                                         r  native_system/digital/serial/captured_reg[43]/D
  -------------------------------------------------------------------    -------------------

                         (clock core132 rise edge)    7.576     7.576 r  
                                                      0.000     7.576 r  clk (IN)
                         net (fo=18006, unset)        0.924     8.500    native_system/digital/serial/clk
    SLICE_X58Y86         FDCE                                         r  native_system/digital/serial/captured_reg[43]/C
                         clock pessimism              0.000     8.500    
                         clock uncertainty           -0.035     8.465    
    SLICE_X58Y86         FDCE (Setup_fdce_C_D)       -0.028     8.437    native_system/digital/serial/captured_reg[43]
  -------------------------------------------------------------------
                         required time                          8.437    
                         arrival time                         -14.836    
  -------------------------------------------------------------------
                         slack                                 -6.399    

Slack (VIOLATED) :        -6.396ns  (required time - arrival time)
  Source:                 native_system/digital/burst/accumulator_reg[6]/C
                            (rising edge-triggered cell FDCE clocked by core132  {rise@0.000ns fall@3.788ns period=7.576ns})
  Destination:            native_system/digital/serial/captured_reg[11]/D
                            (rising edge-triggered cell FDCE clocked by core132  {rise@0.000ns fall@3.788ns period=7.576ns})
  Path Group:             core132
  Path Type:              Setup (Max at Slow Process Corner)
  Requirement:            7.576ns  (core132 rise@7.576ns - core132 rise@0.000ns)
  Data Path Delay:        13.872ns  (logic 7.285ns (52.516%)  route 6.587ns (47.484%))
  Logic Levels:           25  (CARRY4=14 LUT3=1 LUT4=2 LUT5=4 LUT6=4)
  Clock Path Skew:        -0.049ns (DCD - SCD + CPR)
    Destination Clock Delay (DCD):    0.924ns = ( 8.500 - 7.576 ) 
    Source Clock Delay      (SCD):    0.973ns
    Clock Pessimism Removal (CPR):    0.000ns
  Clock Uncertainty:      0.035ns  ((TSJ^2 + TIJ^2)^1/2 + DJ) / 2 + PE
    Total System Jitter     (TSJ):    0.071ns
    Total Input Jitter      (TIJ):    0.000ns
    Discrete Jitter          (DJ):    0.000ns
    Phase Error              (PE):    0.000ns

    Location             Delay type                Incr(ns)  Path(ns)    Netlist Resource(s)
  -------------------------------------------------------------------    -------------------
                         (clock core132 rise edge)    0.000     0.000 r  
                                                      0.000     0.000 r  clk (IN)
                         net (fo=18006, unset)        0.973     0.973    native_system/digital/burst/clk
    SLICE_X62Y75         FDCE                                         r  native_system/digital/burst/accumulator_reg[6]/C
  -------------------------------------------------------------------    -------------------
    SLICE_X62Y75         FDCE (Prop_fdce_C_Q)         0.478     1.451 r  native_system/digital/burst/accumulator_reg[6]/Q
                         net (fo=16, estimated)       0.860     2.311    native_system/digital/burst/scaled[14]
    SLICE_X64Y75                                                      r  native_system/digital/burst/commanded_waveform[127]_INST_0_i_267/I0
    SLICE_X64Y75         LUT5 (Prop_lut5_I0_O)        0.295     2.606 r  native_system/digital/burst/commanded_waveform[127]_INST_0_i_267/O
                         net (fo=2, estimated)        0.441     3.047    native_system/digital/burst/commanded_waveform[127]_INST_0_i_267_n_0
    SLICE_X61Y75                                                      r  native_system/digital/burst/commanded_waveform[127]_INST_0_i_271/I0
    SLICE_X61Y75         LUT6 (Prop_lut6_I0_O)        0.124     3.171 r  native_system/digital/burst/commanded_waveform[127]_INST_0_i_271/O
                         net (fo=1, routed)           0.000     3.171    native_system/digital/burst/commanded_waveform[127]_INST_0_i_271_n_0
    SLICE_X61Y75                                                      r  native_system/digital/burst/commanded_waveform[127]_INST_0_i_207/S[1]
    SLICE_X61Y75         CARRY4 (Prop_carry4_S[1]_CO[3])
                                                      0.550     3.721 r  native_system/digital/burst/commanded_waveform[127]_INST_0_i_207/CO[3]
                         net (fo=1, estimated)        0.000     3.721    native_system/digital/burst/commanded_waveform[127]_INST_0_i_207_n_0
    SLICE_X61Y76                                                      r  native_system/digital/burst/commanded_waveform[127]_INST_0_i_153/CI
    SLICE_X61Y76         CARRY4 (Prop_carry4_CI_CO[3])
                                                      0.114     3.835 r  native_system/digital/burst/commanded_waveform[127]_INST_0_i_153/CO[3]
                         net (fo=1, estimated)        0.000     3.835    native_system/digital/burst/commanded_waveform[127]_INST_0_i_153_n_0
    SLICE_X61Y77                                                      r  native_system/digital/burst/commanded_waveform[127]_INST_0_i_101/CI
    SLICE_X61Y77         CARRY4 (Prop_carry4_CI_CO[3])
                                                      0.114     3.949 r  native_system/digital/burst/commanded_waveform[127]_INST_0_i_101/CO[3]
                         net (fo=1, estimated)        0.000     3.949    native_system/digital/burst/commanded_waveform[127]_INST_0_i_101_n_0
    SLICE_X61Y78                                                      r  native_system/digital/burst/commanded_waveform[127]_INST_0_i_66/CI
    SLICE_X61Y78         CARRY4 (Prop_carry4_CI_CO[3])
                                                      0.114     4.063 r  native_system/digital/burst/commanded_waveform[127]_INST_0_i_66/CO[3]
                         net (fo=1, estimated)        0.000     4.063    native_system/digital/burst/commanded_waveform[127]_INST_0_i_66_n_0
    SLICE_X61Y79                                                      r  native_system/digital/burst/commanded_waveform[127]_INST_0_i_42/CI
    SLICE_X61Y79         CARRY4 (Prop_carry4_CI_O[2])
                                                      0.239     4.302 r  native_system/digital/burst/commanded_waveform[127]_INST_0_i_42/O[2]
                         net (fo=28, estimated)       1.002     5.304    native_system/digital/burst/commanded_waveform[127]_INST_0_i_42_n_5
    SLICE_X62Y80                                                      r  native_system/digital/burst/commanded_waveform[127]_INST_0_i_305/I0
    SLICE_X62Y80         LUT4 (Prop_lut4_I0_O)        0.302     5.606 r  native_system/digital/burst/commanded_waveform[127]_INST_0_i_305/O
                         net (fo=1, routed)           0.000     5.606    native_system/digital/burst/commanded_waveform[127]_INST_0_i_305_n_0
    SLICE_X62Y80                                                      r  native_system/digital/burst/commanded_waveform[127]_INST_0_i_241/S[1]
    SLICE_X62Y80         CARRY4 (Prop_carry4_S[1]_CO[3])
                                                      0.533     6.139 r  native_system/digital/burst/commanded_waveform[127]_INST_0_i_241/CO[3]
                         net (fo=1, estimated)        0.000     6.139    native_system/digital/burst/commanded_waveform[127]_INST_0_i_241_n_0
    SLICE_X62Y81                                                      r  native_system/digital/burst/commanded_waveform[127]_INST_0_i_185/CI
    SLICE_X62Y81         CARRY4 (Prop_carry4_CI_O[0])
                                                      0.219     6.358 r  native_system/digital/burst/commanded_waveform[127]_INST_0_i_185/O[0]
                         net (fo=3, estimated)        0.739     7.097    native_system/digital/burst/commanded_waveform[127]_INST_0_i_185_n_7
    SLICE_X58Y80                                                      r  native_system/digital/burst/commanded_waveform[127]_INST_0_i_242/I2
    SLICE_X58Y80         LUT3 (Prop_lut3_I2_O)        0.295     7.392 r  native_system/digital/burst/commanded_waveform[127]_INST_0_i_242/O
                         net (fo=2, estimated)        0.300     7.692    native_system/digital/burst/commanded_waveform[127]_INST_0_i_242_n_0
    SLICE_X58Y80                                                      r  native_system/digital/burst/commanded_waveform[127]_INST_0_i_178/I4
    SLICE_X58Y80         LUT5 (Prop_lut5_I4_O)        0.124     7.816 r  native_system/digital/burst/commanded_waveform[127]_INST_0_i_178/O
                         net (fo=2, estimated)        0.438     8.254    native_system/digital/burst/commanded_waveform[127]_INST_0_i_178_n_0
    SLICE_X57Y81                                                      r  native_system/digital/burst/commanded_waveform[127]_INST_0_i_182/I0
    SLICE_X57Y81         LUT6 (Prop_lut6_I0_O)        0.124     8.378 r  native_system/digital/burst/commanded_waveform[127]_INST_0_i_182/O
                         net (fo=1, routed)           0.000     8.378    native_system/digital/burst/commanded_waveform[127]_INST_0_i_182_n_0
    SLICE_X57Y81                                                      r  native_system/digital/burst/commanded_waveform[127]_INST_0_i_124/S[1]
    SLICE_X57Y81         CARRY4 (Prop_carry4_S[1]_CO[3])
                                                      0.550     8.928 r  native_system/digital/burst/commanded_waveform[127]_INST_0_i_124/CO[3]
                         net (fo=1, estimated)        0.000     8.928    native_system/digital/burst/commanded_waveform[127]_INST_0_i_124_n_0
    SLICE_X57Y82                                                      r  native_system/digital/burst/commanded_waveform[127]_INST_0_i_84/CI
    SLICE_X57Y82         CARRY4 (Prop_carry4_CI_CO[3])
                                                      0.114     9.042 r  native_system/digital/burst/commanded_waveform[127]_INST_0_i_84/CO[3]
                         net (fo=1, estimated)        0.000     9.042    native_system/digital/burst/commanded_waveform[127]_INST_0_i_84_n_0
    SLICE_X57Y83                                                      r  native_system/digital/burst/commanded_waveform[127]_INST_0_i_50/CI
    SLICE_X57Y83         CARRY4 (Prop_carry4_CI_O[1])
                                                      0.334     9.376 r  native_system/digital/burst/commanded_waveform[127]_INST_0_i_50/O[1]
                         net (fo=3, estimated)        0.787    10.163    native_system/digital/burst/commanded_waveform[127]_INST_0_i_50_n_6
    SLICE_X56Y81                                                      r  native_system/digital/burst/commanded_waveform[127]_INST_0_i_80/I1
    SLICE_X56Y81         LUT4 (Prop_lut4_I1_O)        0.303    10.466 r  native_system/digital/burst/commanded_waveform[127]_INST_0_i_80/O
                         net (fo=1, routed)           0.000    10.466    native_system/digital/burst/commanded_waveform[127]_INST_0_i_80_n_0
    SLICE_X56Y81                                                      r  native_system/digital/burst/commanded_waveform[127]_INST_0_i_43/S[3]
    SLICE_X56Y81         CARRY4 (Prop_carry4_S[3]_CO[3])
                                                      0.401    10.867 r  native_system/digital/burst/commanded_waveform[127]_INST_0_i_43/CO[3]
                         net (fo=1, estimated)        0.000    10.867    native_system/digital/burst/commanded_waveform[127]_INST_0_i_43_n_0
    SLICE_X56Y82                                                      r  native_system/digital/burst/commanded_waveform[127]_INST_0_i_37/CI
    SLICE_X56Y82         CARRY4 (Prop_carry4_CI_CO[2])
                                                      0.228    11.095 r  native_system/digital/burst/commanded_waveform[127]_INST_0_i_37/CO[2]
                         net (fo=8, estimated)        0.482    11.577    native_system/digital/burst/commanded_waveform[127]_INST_0_i_37_n_1
    SLICE_X55Y82                                                      r  native_system/digital/burst/commanded_waveform[127]_INST_0_i_34/I1
    SLICE_X55Y82         LUT6 (Prop_lut6_I1_O)        0.313    11.890 r  native_system/digital/burst/commanded_waveform[127]_INST_0_i_34/O
                         net (fo=1, routed)           0.000    11.890    native_system/digital/burst/commanded_waveform[127]_INST_0_i_34_n_0
    SLICE_X55Y82                                                      r  native_system/digital/burst/commanded_waveform[127]_INST_0_i_23/S[1]
    SLICE_X55Y82         CARRY4 (Prop_carry4_S[1]_CO[3])
                                                      0.550    12.440 r  native_system/digital/burst/commanded_waveform[127]_INST_0_i_23/CO[3]
                         net (fo=1, estimated)        0.000    12.440    native_system/digital/burst/commanded_waveform[127]_INST_0_i_23_n_0
    SLICE_X55Y83                                                      r  native_system/digital/burst/commanded_waveform[127]_INST_0_i_17/CI
    SLICE_X55Y83         CARRY4 (Prop_carry4_CI_O[3])
                                                      0.313    12.753 f  native_system/digital/burst/commanded_waveform[127]_INST_0_i_17/O[3]
                         net (fo=1, estimated)        0.296    13.049    native_system/digital/burst/phase[7]
    SLICE_X55Y85                                                      f  native_system/digital/burst/commanded_waveform[127]_INST_0_i_11/I0
    SLICE_X55Y85         LUT5 (Prop_lut5_I0_O)        0.306    13.355 r  native_system/digital/burst/commanded_waveform[127]_INST_0_i_11/O
                         net (fo=8, estimated)        0.336    13.691    native_system/digital/scheduler/commanded_waveform3
    SLICE_X57Y85                                                      r  native_system/digital/scheduler/commanded_waveform[31]_INST_0_i_2/I4
    SLICE_X57Y85         LUT6 (Prop_lut6_I4_O)        0.124    13.815 r  native_system/digital/scheduler/commanded_waveform[31]_INST_0_i_2/O
                         net (fo=16, estimated)       0.366    14.181    native_system/digital/bank/captured_reg[1]_0
    SLICE_X58Y86                                                      r  native_system/digital/bank/commanded_waveform[11]_INST_0/I3
    SLICE_X58Y86         LUT5 (Prop_lut5_I3_O)        0.124    14.305 r  native_system/digital/bank/commanded_waveform[11]_INST_0/O
                         net (fo=2, estimated)        0.540    14.845    native_system/digital/serial/commanded_waveform[11]
    SLICE_X58Y86         FDCE                                         r  native_system/digital/serial/captured_reg[11]/D
  -------------------------------------------------------------------    -------------------

                         (clock core132 rise edge)    7.576     7.576 r  
                                                      0.000     7.576 r  clk (IN)
                         net (fo=18006, unset)        0.924     8.500    native_system/digital/serial/clk
    SLICE_X58Y86         FDCE                                         r  native_system/digital/serial/captured_reg[11]/C
                         clock pessimism              0.000     8.500    
                         clock uncertainty           -0.035     8.465    
    SLICE_X58Y86         FDCE (Setup_fdce_C_D)       -0.016     8.449    native_system/digital/serial/captured_reg[11]
  -------------------------------------------------------------------
                         required time                          8.449    
                         arrival time                         -14.845    
  -------------------------------------------------------------------
                         slack                                 -6.396    

Slack (VIOLATED) :        -6.387ns  (required time - arrival time)
  Source:                 native_system/digital/burst/accumulator_reg[6]/C
                            (rising edge-triggered cell FDCE clocked by core132  {rise@0.000ns fall@3.788ns period=7.576ns})
  Destination:            native_system/digital/serial/serial_data_reg[2]/D
                            (rising edge-triggered cell FDCE clocked by core132  {rise@0.000ns fall@3.788ns period=7.576ns})
  Path Group:             core132
  Path Type:              Setup (Max at Slow Process Corner)
  Requirement:            7.576ns  (core132 rise@7.576ns - core132 rise@0.000ns)
  Data Path Delay:        13.958ns  (logic 7.409ns (53.081%)  route 6.549ns (46.919%))
  Logic Levels:           26  (CARRY4=14 LUT3=1 LUT4=2 LUT5=4 LUT6=5)
  Clock Path Skew:        -0.049ns (DCD - SCD + CPR)
    Destination Clock Delay (DCD):    0.924ns = ( 8.500 - 7.576 ) 
    Source Clock Delay      (SCD):    0.973ns
    Clock Pessimism Removal (CPR):    0.000ns
  Clock Uncertainty:      0.035ns  ((TSJ^2 + TIJ^2)^1/2 + DJ) / 2 + PE
    Total System Jitter     (TSJ):    0.071ns
    Total Input Jitter      (TIJ):    0.000ns
    Discrete Jitter          (DJ):    0.000ns
    Phase Error              (PE):    0.000ns

    Location             Delay type                Incr(ns)  Path(ns)    Netlist Resource(s)
  -------------------------------------------------------------------    -------------------
                         (clock core132 rise edge)    0.000     0.000 r  
                                                      0.000     0.000 r  clk (IN)
                         net (fo=18006, unset)        0.973     0.973    native_system/digital/burst/clk
    SLICE_X62Y75         FDCE                                         r  native_system/digital/burst/accumulator_reg[6]/C
  -------------------------------------------------------------------    -------------------
    SLICE_X62Y75         FDCE (Prop_fdce_C_Q)         0.478     1.451 r  native_system/digital/burst/accumulator_reg[6]/Q
                         net (fo=16, estimated)       0.860     2.311    native_system/digital/burst/scaled[14]
    SLICE_X64Y75                                                      r  native_system/digital/burst/commanded_waveform[127]_INST_0_i_267/I0
    SLICE_X64Y75         LUT5 (Prop_lut5_I0_O)        0.295     2.606 r  native_system/digital/burst/commanded_waveform[127]_INST_0_i_267/O
                         net (fo=2, estimated)        0.441     3.047    native_system/digital/burst/commanded_waveform[127]_INST_0_i_267_n_0
    SLICE_X61Y75                                                      r  native_system/digital/burst/commanded_waveform[127]_INST_0_i_271/I0
    SLICE_X61Y75         LUT6 (Prop_lut6_I0_O)        0.124     3.171 r  native_system/digital/burst/commanded_waveform[127]_INST_0_i_271/O
                         net (fo=1, routed)           0.000     3.171    native_system/digital/burst/commanded_waveform[127]_INST_0_i_271_n_0
    SLICE_X61Y75                                                      r  native_system/digital/burst/commanded_waveform[127]_INST_0_i_207/S[1]
    SLICE_X61Y75         CARRY4 (Prop_carry4_S[1]_CO[3])
                                                      0.550     3.721 r  native_system/digital/burst/commanded_waveform[127]_INST_0_i_207/CO[3]
                         net (fo=1, estimated)        0.000     3.721    native_system/digital/burst/commanded_waveform[127]_INST_0_i_207_n_0
    SLICE_X61Y76                                                      r  native_system/digital/burst/commanded_waveform[127]_INST_0_i_153/CI
    SLICE_X61Y76         CARRY4 (Prop_carry4_CI_CO[3])
                                                      0.114     3.835 r  native_system/digital/burst/commanded_waveform[127]_INST_0_i_153/CO[3]
                         net (fo=1, estimated)        0.000     3.835    native_system/digital/burst/commanded_waveform[127]_INST_0_i_153_n_0
    SLICE_X61Y77                                                      r  native_system/digital/burst/commanded_waveform[127]_INST_0_i_101/CI
    SLICE_X61Y77         CARRY4 (Prop_carry4_CI_CO[3])
                                                      0.114     3.949 r  native_system/digital/burst/commanded_waveform[127]_INST_0_i_101/CO[3]
                         net (fo=1, estimated)        0.000     3.949    native_system/digital/burst/commanded_waveform[127]_INST_0_i_101_n_0
    SLICE_X61Y78                                                      r  native_system/digital/burst/commanded_waveform[127]_INST_0_i_66/CI
    SLICE_X61Y78         CARRY4 (Prop_carry4_CI_CO[3])
                                                      0.114     4.063 r  native_system/digital/burst/commanded_waveform[127]_INST_0_i_66/CO[3]
                         net (fo=1, estimated)        0.000     4.063    native_system/digital/burst/commanded_waveform[127]_INST_0_i_66_n_0
    SLICE_X61Y79                                                      r  native_system/digital/burst/commanded_waveform[127]_INST_0_i_42/CI
    SLICE_X61Y79         CARRY4 (Prop_carry4_CI_O[2])
                                                      0.239     4.302 r  native_system/digital/burst/commanded_waveform[127]_INST_0_i_42/O[2]
                         net (fo=28, estimated)       1.002     5.304    native_system/digital/burst/commanded_waveform[127]_INST_0_i_42_n_5
    SLICE_X62Y80                                                      r  native_system/digital/burst/commanded_waveform[127]_INST_0_i_305/I0
    SLICE_X62Y80         LUT4 (Prop_lut4_I0_O)        0.302     5.606 r  native_system/digital/burst/commanded_waveform[127]_INST_0_i_305/O
                         net (fo=1, routed)           0.000     5.606    native_system/digital/burst/commanded_waveform[127]_INST_0_i_305_n_0
    SLICE_X62Y80                                                      r  native_system/digital/burst/commanded_waveform[127]_INST_0_i_241/S[1]
    SLICE_X62Y80         CARRY4 (Prop_carry4_S[1]_CO[3])
                                                      0.533     6.139 r  native_system/digital/burst/commanded_waveform[127]_INST_0_i_241/CO[3]
                         net (fo=1, estimated)        0.000     6.139    native_system/digital/burst/commanded_waveform[127]_INST_0_i_241_n_0
    SLICE_X62Y81                                                      r  native_system/digital/burst/commanded_waveform[127]_INST_0_i_185/CI
    SLICE_X62Y81         CARRY4 (Prop_carry4_CI_O[0])
                                                      0.219     6.358 r  native_system/digital/burst/commanded_waveform[127]_INST_0_i_185/O[0]
                         net (fo=3, estimated)        0.739     7.097    native_system/digital/burst/commanded_waveform[127]_INST_0_i_185_n_7
    SLICE_X58Y80                                                      r  native_system/digital/burst/commanded_waveform[127]_INST_0_i_242/I2
    SLICE_X58Y80         LUT3 (Prop_lut3_I2_O)        0.295     7.392 r  native_system/digital/burst/commanded_waveform[127]_INST_0_i_242/O
                         net (fo=2, estimated)        0.300     7.692    native_system/digital/burst/commanded_waveform[127]_INST_0_i_242_n_0
    SLICE_X58Y80                                                      r  native_system/digital/burst/commanded_waveform[127]_INST_0_i_178/I4
    SLICE_X58Y80         LUT5 (Prop_lut5_I4_O)        0.124     7.816 r  native_system/digital/burst/commanded_waveform[127]_INST_0_i_178/O
                         net (fo=2, estimated)        0.438     8.254    native_system/digital/burst/commanded_waveform[127]_INST_0_i_178_n_0
    SLICE_X57Y81                                                      r  native_system/digital/burst/commanded_waveform[127]_INST_0_i_182/I0
    SLICE_X57Y81         LUT6 (Prop_lut6_I0_O)        0.124     8.378 r  native_system/digital/burst/commanded_waveform[127]_INST_0_i_182/O
                         net (fo=1, routed)           0.000     8.378    native_system/digital/burst/commanded_waveform[127]_INST_0_i_182_n_0
    SLICE_X57Y81                                                      r  native_system/digital/burst/commanded_waveform[127]_INST_0_i_124/S[1]
    SLICE_X57Y81         CARRY4 (Prop_carry4_S[1]_CO[3])
                                                      0.550     8.928 r  native_system/digital/burst/commanded_waveform[127]_INST_0_i_124/CO[3]
                         net (fo=1, estimated)        0.000     8.928    native_system/digital/burst/commanded_waveform[127]_INST_0_i_124_n_0
    SLICE_X57Y82                                                      r  native_system/digital/burst/commanded_waveform[127]_INST_0_i_84/CI
    SLICE_X57Y82         CARRY4 (Prop_carry4_CI_CO[3])
                                                      0.114     9.042 r  native_system/digital/burst/commanded_waveform[127]_INST_0_i_84/CO[3]
                         net (fo=1, estimated)        0.000     9.042    native_system/digital/burst/commanded_waveform[127]_INST_0_i_84_n_0
    SLICE_X57Y83                                                      r  native_system/digital/burst/commanded_waveform[127]_INST_0_i_50/CI
    SLICE_X57Y83         CARRY4 (Prop_carry4_CI_O[1])
                                                      0.334     9.376 r  native_system/digital/burst/commanded_waveform[127]_INST_0_i_50/O[1]
                         net (fo=3, estimated)        0.787    10.163    native_system/digital/burst/commanded_waveform[127]_INST_0_i_50_n_6
    SLICE_X56Y81                                                      r  native_system/digital/burst/commanded_waveform[127]_INST_0_i_80/I1
    SLICE_X56Y81         LUT4 (Prop_lut4_I1_O)        0.303    10.466 r  native_system/digital/burst/commanded_waveform[127]_INST_0_i_80/O
                         net (fo=1, routed)           0.000    10.466    native_system/digital/burst/commanded_waveform[127]_INST_0_i_80_n_0
    SLICE_X56Y81                                                      r  native_system/digital/burst/commanded_waveform[127]_INST_0_i_43/S[3]
    SLICE_X56Y81         CARRY4 (Prop_carry4_S[3]_CO[3])
                                                      0.401    10.867 r  native_system/digital/burst/commanded_waveform[127]_INST_0_i_43/CO[3]
                         net (fo=1, estimated)        0.000    10.867    native_system/digital/burst/commanded_waveform[127]_INST_0_i_43_n_0
    SLICE_X56Y82                                                      r  native_system/digital/burst/commanded_waveform[127]_INST_0_i_37/CI
    SLICE_X56Y82         CARRY4 (Prop_carry4_CI_CO[2])
                                                      0.228    11.095 r  native_system/digital/burst/commanded_waveform[127]_INST_0_i_37/CO[2]
                         net (fo=8, estimated)        0.482    11.577    native_system/digital/burst/commanded_waveform[127]_INST_0_i_37_n_1
    SLICE_X55Y82                                                      r  native_system/digital/burst/commanded_waveform[127]_INST_0_i_34/I1
    SLICE_X55Y82         LUT6 (Prop_lut6_I1_O)        0.313    11.890 r  native_system/digital/burst/commanded_waveform[127]_INST_0_i_34/O
                         net (fo=1, routed)           0.000    11.890    native_system/digital/burst/commanded_waveform[127]_INST_0_i_34_n_0
    SLICE_X55Y82                                                      r  native_system/digital/burst/commanded_waveform[127]_INST_0_i_23/S[1]
    SLICE_X55Y82         CARRY4 (Prop_carry4_S[1]_CO[3])
                                                      0.550    12.440 r  native_system/digital/burst/commanded_waveform[127]_INST_0_i_23/CO[3]
                         net (fo=1, estimated)        0.000    12.440    native_system/digital/burst/commanded_waveform[127]_INST_0_i_23_n_0
    SLICE_X55Y83                                                      r  native_system/digital/burst/commanded_waveform[127]_INST_0_i_17/CI
    SLICE_X55Y83         CARRY4 (Prop_carry4_CI_O[3])
                                                      0.313    12.753 f  native_system/digital/burst/commanded_waveform[127]_INST_0_i_17/O[3]
                         net (fo=1, estimated)        0.296    13.049    native_system/digital/burst/phase[7]
    SLICE_X55Y85                                                      f  native_system/digital/burst/commanded_waveform[127]_INST_0_i_11/I0
    SLICE_X55Y85         LUT5 (Prop_lut5_I0_O)        0.306    13.355 r  native_system/digital/burst/commanded_waveform[127]_INST_0_i_11/O
                         net (fo=8, estimated)        0.336    13.691    native_system/digital/scheduler/commanded_waveform3
    SLICE_X57Y85                                                      r  native_system/digital/scheduler/commanded_waveform[31]_INST_0_i_2/I4
    SLICE_X57Y85         LUT6 (Prop_lut6_I4_O)        0.124    13.815 r  native_system/digital/scheduler/commanded_waveform[31]_INST_0_i_2/O
                         net (fo=16, estimated)       0.366    14.181    native_system/digital/bank/captured_reg[1]_0
    SLICE_X58Y86                                                      r  native_system/digital/bank/commanded_waveform[11]_INST_0/I3
    SLICE_X58Y86         LUT5 (Prop_lut5_I3_O)        0.124    14.305 r  native_system/digital/bank/commanded_waveform[11]_INST_0/O
                         net (fo=2, estimated)        0.502    14.807    native_system/digital/serial/commanded_waveform[11]
    SLICE_X58Y87                                                      r  native_system/digital/serial/serial_data[2]_i_1/I0
    SLICE_X58Y87         LUT6 (Prop_lut6_I0_O)        0.124    14.931 r  native_system/digital/serial/serial_data[2]_i_1/O
                         net (fo=1, routed)           0.000    14.931    native_system/digital/serial/serial_data[2]_i_1_n_0
    SLICE_X58Y87         FDCE                                         r  native_system/digital/serial/serial_data_reg[2]/D
  -------------------------------------------------------------------    -------------------

                         (clock core132 rise edge)    7.576     7.576 r  
                                                      0.000     7.576 r  clk (IN)
                         net (fo=18006, unset)        0.924     8.500    native_system/digital/serial/clk
    SLICE_X58Y87         FDCE                                         r  native_system/digital/serial/serial_data_reg[2]/C
                         clock pessimism              0.000     8.500    
                         clock uncertainty           -0.035     8.465    
    SLICE_X58Y87         FDCE (Setup_fdce_C_D)        0.079     8.544    native_system/digital/serial/serial_data_reg[2]
  -------------------------------------------------------------------
                         required time                          8.544    
                         arrival time                         -14.931    
  -------------------------------------------------------------------
                         slack                                 -6.387    

Slack (VIOLATED) :        -6.387ns  (required time - arrival time)
  Source:                 native_system/digital/burst/accumulator_reg[6]/C
                            (rising edge-triggered cell FDCE clocked by core132  {rise@0.000ns fall@3.788ns period=7.576ns})
  Destination:            native_system/digital/serial/captured_reg[47]/D
                            (rising edge-triggered cell FDCE clocked by core132  {rise@0.000ns fall@3.788ns period=7.576ns})
  Path Group:             core132
  Path Type:              Setup (Max at Slow Process Corner)
  Requirement:            7.576ns  (core132 rise@7.576ns - core132 rise@0.000ns)
  Data Path Delay:        13.863ns  (logic 7.285ns (52.550%)  route 6.578ns (47.450%))
  Logic Levels:           25  (CARRY4=14 LUT3=1 LUT4=2 LUT5=4 LUT6=4)
  Clock Path Skew:        -0.049ns (DCD - SCD + CPR)
    Destination Clock Delay (DCD):    0.924ns = ( 8.500 - 7.576 ) 
    Source Clock Delay      (SCD):    0.973ns
    Clock Pessimism Removal (CPR):    0.000ns
  Clock Uncertainty:      0.035ns  ((TSJ^2 + TIJ^2)^1/2 + DJ) / 2 + PE
    Total System Jitter     (TSJ):    0.071ns
    Total Input Jitter      (TIJ):    0.000ns
    Discrete Jitter          (DJ):    0.000ns
    Phase Error              (PE):    0.000ns

    Location             Delay type                Incr(ns)  Path(ns)    Netlist Resource(s)
  -------------------------------------------------------------------    -------------------
                         (clock core132 rise edge)    0.000     0.000 r  
                                                      0.000     0.000 r  clk (IN)
                         net (fo=18006, unset)        0.973     0.973    native_system/digital/burst/clk
    SLICE_X62Y75         FDCE                                         r  native_system/digital/burst/accumulator_reg[6]/C
  -------------------------------------------------------------------    -------------------
    SLICE_X62Y75         FDCE (Prop_fdce_C_Q)         0.478     1.451 r  native_system/digital/burst/accumulator_reg[6]/Q
                         net (fo=16, estimated)       0.860     2.311    native_system/digital/burst/scaled[14]
    SLICE_X64Y75                                                      r  native_system/digital/burst/commanded_waveform[127]_INST_0_i_267/I0
    SLICE_X64Y75         LUT5 (Prop_lut5_I0_O)        0.295     2.606 r  native_system/digital/burst/commanded_waveform[127]_INST_0_i_267/O
                         net (fo=2, estimated)        0.441     3.047    native_system/digital/burst/commanded_waveform[127]_INST_0_i_267_n_0
    SLICE_X61Y75                                                      r  native_system/digital/burst/commanded_waveform[127]_INST_0_i_271/I0
    SLICE_X61Y75         LUT6 (Prop_lut6_I0_O)        0.124     3.171 r  native_system/digital/burst/commanded_waveform[127]_INST_0_i_271/O
                         net (fo=1, routed)           0.000     3.171    native_system/digital/burst/commanded_waveform[127]_INST_0_i_271_n_0
    SLICE_X61Y75                                                      r  native_system/digital/burst/commanded_waveform[127]_INST_0_i_207/S[1]
    SLICE_X61Y75         CARRY4 (Prop_carry4_S[1]_CO[3])
                                                      0.550     3.721 r  native_system/digital/burst/commanded_waveform[127]_INST_0_i_207/CO[3]
                         net (fo=1, estimated)        0.000     3.721    native_system/digital/burst/commanded_waveform[127]_INST_0_i_207_n_0
    SLICE_X61Y76                                                      r  native_system/digital/burst/commanded_waveform[127]_INST_0_i_153/CI
    SLICE_X61Y76         CARRY4 (Prop_carry4_CI_CO[3])
                                                      0.114     3.835 r  native_system/digital/burst/commanded_waveform[127]_INST_0_i_153/CO[3]
                         net (fo=1, estimated)        0.000     3.835    native_system/digital/burst/commanded_waveform[127]_INST_0_i_153_n_0
    SLICE_X61Y77                                                      r  native_system/digital/burst/commanded_waveform[127]_INST_0_i_101/CI
    SLICE_X61Y77         CARRY4 (Prop_carry4_CI_CO[3])
                                                      0.114     3.949 r  native_system/digital/burst/commanded_waveform[127]_INST_0_i_101/CO[3]
                         net (fo=1, estimated)        0.000     3.949    native_system/digital/burst/commanded_waveform[127]_INST_0_i_101_n_0
    SLICE_X61Y78                                                      r  native_system/digital/burst/commanded_waveform[127]_INST_0_i_66/CI
    SLICE_X61Y78         CARRY4 (Prop_carry4_CI_CO[3])
                                                      0.114     4.063 r  native_system/digital/burst/commanded_waveform[127]_INST_0_i_66/CO[3]
                         net (fo=1, estimated)        0.000     4.063    native_system/digital/burst/commanded_waveform[127]_INST_0_i_66_n_0
    SLICE_X61Y79                                                      r  native_system/digital/burst/commanded_waveform[127]_INST_0_i_42/CI
    SLICE_X61Y79         CARRY4 (Prop_carry4_CI_O[2])
                                                      0.239     4.302 r  native_system/digital/burst/commanded_waveform[127]_INST_0_i_42/O[2]
                         net (fo=28, estimated)       1.002     5.304    native_system/digital/burst/commanded_waveform[127]_INST_0_i_42_n_5
    SLICE_X62Y80                                                      r  native_system/digital/burst/commanded_waveform[127]_INST_0_i_305/I0
    SLICE_X62Y80         LUT4 (Prop_lut4_I0_O)        0.302     5.606 r  native_system/digital/burst/commanded_waveform[127]_INST_0_i_305/O
                         net (fo=1, routed)           0.000     5.606    native_system/digital/burst/commanded_waveform[127]_INST_0_i_305_n_0
    SLICE_X62Y80                                                      r  native_system/digital/burst/commanded_waveform[127]_INST_0_i_241/S[1]
    SLICE_X62Y80         CARRY4 (Prop_carry4_S[1]_CO[3])
                                                      0.533     6.139 r  native_system/digital/burst/commanded_waveform[127]_INST_0_i_241/CO[3]
                         net (fo=1, estimated)        0.000     6.139    native_system/digital/burst/commanded_waveform[127]_INST_0_i_241_n_0
    SLICE_X62Y81                                                      r  native_system/digital/burst/commanded_waveform[127]_INST_0_i_185/CI
    SLICE_X62Y81         CARRY4 (Prop_carry4_CI_O[0])
                                                      0.219     6.358 r  native_system/digital/burst/commanded_waveform[127]_INST_0_i_185/O[0]
                         net (fo=3, estimated)        0.739     7.097    native_system/digital/burst/commanded_waveform[127]_INST_0_i_185_n_7
    SLICE_X58Y80                                                      r  native_system/digital/burst/commanded_waveform[127]_INST_0_i_242/I2
    SLICE_X58Y80         LUT3 (Prop_lut3_I2_O)        0.295     7.392 r  native_system/digital/burst/commanded_waveform[127]_INST_0_i_242/O
                         net (fo=2, estimated)        0.300     7.692    native_system/digital/burst/commanded_waveform[127]_INST_0_i_242_n_0
    SLICE_X58Y80                                                      r  native_system/digital/burst/commanded_waveform[127]_INST_0_i_178/I4
    SLICE_X58Y80         LUT5 (Prop_lut5_I4_O)        0.124     7.816 r  native_system/digital/burst/commanded_waveform[127]_INST_0_i_178/O
                         net (fo=2, estimated)        0.438     8.254    native_system/digital/burst/commanded_waveform[127]_INST_0_i_178_n_0
    SLICE_X57Y81                                                      r  native_system/digital/burst/commanded_waveform[127]_INST_0_i_182/I0
    SLICE_X57Y81         LUT6 (Prop_lut6_I0_O)        0.124     8.378 r  native_system/digital/burst/commanded_waveform[127]_INST_0_i_182/O
                         net (fo=1, routed)           0.000     8.378    native_system/digital/burst/commanded_waveform[127]_INST_0_i_182_n_0
    SLICE_X57Y81                                                      r  native_system/digital/burst/commanded_waveform[127]_INST_0_i_124/S[1]
    SLICE_X57Y81         CARRY4 (Prop_carry4_S[1]_CO[3])
                                                      0.550     8.928 r  native_system/digital/burst/commanded_waveform[127]_INST_0_i_124/CO[3]
                         net (fo=1, estimated)        0.000     8.928    native_system/digital/burst/commanded_waveform[127]_INST_0_i_124_n_0
    SLICE_X57Y82                                                      r  native_system/digital/burst/commanded_waveform[127]_INST_0_i_84/CI
    SLICE_X57Y82         CARRY4 (Prop_carry4_CI_CO[3])
                                                      0.114     9.042 r  native_system/digital/burst/commanded_waveform[127]_INST_0_i_84/CO[3]
                         net (fo=1, estimated)        0.000     9.042    native_system/digital/burst/commanded_waveform[127]_INST_0_i_84_n_0
    SLICE_X57Y83                                                      r  native_system/digital/burst/commanded_waveform[127]_INST_0_i_50/CI
    SLICE_X57Y83         CARRY4 (Prop_carry4_CI_O[1])
                                                      0.334     9.376 r  native_system/digital/burst/commanded_waveform[127]_INST_0_i_50/O[1]
                         net (fo=3, estimated)        0.787    10.163    native_system/digital/burst/commanded_waveform[127]_INST_0_i_50_n_6
    SLICE_X56Y81                                                      r  native_system/digital/burst/commanded_waveform[127]_INST_0_i_80/I1
    SLICE_X56Y81         LUT4 (Prop_lut4_I1_O)        0.303    10.466 r  native_system/digital/burst/commanded_waveform[127]_INST_0_i_80/O
                         net (fo=1, routed)           0.000    10.466    native_system/digital/burst/commanded_waveform[127]_INST_0_i_80_n_0
    SLICE_X56Y81                                                      r  native_system/digital/burst/commanded_waveform[127]_INST_0_i_43/S[3]
    SLICE_X56Y81         CARRY4 (Prop_carry4_S[3]_CO[3])
                                                      0.401    10.867 r  native_system/digital/burst/commanded_waveform[127]_INST_0_i_43/CO[3]
                         net (fo=1, estimated)        0.000    10.867    native_system/digital/burst/commanded_waveform[127]_INST_0_i_43_n_0
    SLICE_X56Y82                                                      r  native_system/digital/burst/commanded_waveform[127]_INST_0_i_37/CI
    SLICE_X56Y82         CARRY4 (Prop_carry4_CI_CO[2])
                                                      0.228    11.095 r  native_system/digital/burst/commanded_waveform[127]_INST_0_i_37/CO[2]
                         net (fo=8, estimated)        0.482    11.577    native_system/digital/burst/commanded_waveform[127]_INST_0_i_37_n_1
    SLICE_X55Y82                                                      r  native_system/digital/burst/commanded_waveform[127]_INST_0_i_34/I1
    SLICE_X55Y82         LUT6 (Prop_lut6_I1_O)        0.313    11.890 r  native_system/digital/burst/commanded_waveform[127]_INST_0_i_34/O
                         net (fo=1, routed)           0.000    11.890    native_system/digital/burst/commanded_waveform[127]_INST_0_i_34_n_0
    SLICE_X55Y82                                                      r  native_system/digital/burst/commanded_waveform[127]_INST_0_i_23/S[1]
    SLICE_X55Y82         CARRY4 (Prop_carry4_S[1]_CO[3])
                                                      0.550    12.440 r  native_system/digital/burst/commanded_waveform[127]_INST_0_i_23/CO[3]
                         net (fo=1, estimated)        0.000    12.440    native_system/digital/burst/commanded_waveform[127]_INST_0_i_23_n_0
    SLICE_X55Y83                                                      r  native_system/digital/burst/commanded_waveform[127]_INST_0_i_17/CI
    SLICE_X55Y83         CARRY4 (Prop_carry4_CI_O[3])
                                                      0.313    12.753 f  native_system/digital/burst/commanded_waveform[127]_INST_0_i_17/O[3]
                         net (fo=1, estimated)        0.296    13.049    native_system/digital/burst/phase[7]
    SLICE_X55Y85                                                      f  native_system/digital/burst/commanded_waveform[127]_INST_0_i_11/I0
    SLICE_X55Y85         LUT5 (Prop_lut5_I0_O)        0.306    13.355 r  native_system/digital/burst/commanded_waveform[127]_INST_0_i_11/O
                         net (fo=8, estimated)        0.195    13.550    native_system/digital/scheduler/commanded_waveform3
    SLICE_X55Y85                                                      r  native_system/digital/scheduler/commanded_waveform[63]_INST_0_i_2/I4
    SLICE_X55Y85         LUT6 (Prop_lut6_I4_O)        0.124    13.674 r  native_system/digital/scheduler/commanded_waveform[63]_INST_0_i_2/O
                         net (fo=16, estimated)       0.498    14.172    native_system/digital/bank/captured_reg[33]_0
    SLICE_X54Y86                                                      r  native_system/digital/bank/commanded_waveform[47]_INST_0/I3
    SLICE_X54Y86         LUT5 (Prop_lut5_I3_O)        0.124    14.296 r  native_system/digital/bank/commanded_waveform[47]_INST_0/O
                         net (fo=2, estimated)        0.540    14.836    native_system/digital/serial/commanded_waveform[47]
    SLICE_X54Y86         FDCE                                         r  native_system/digital/serial/captured_reg[47]/D
  -------------------------------------------------------------------    -------------------

                         (clock core132 rise edge)    7.576     7.576 r  
                                                      0.000     7.576 r  clk (IN)
                         net (fo=18006, unset)        0.924     8.500    native_system/digital/serial/clk
    SLICE_X54Y86         FDCE                                         r  native_system/digital/serial/captured_reg[47]/C
                         clock pessimism              0.000     8.500    
                         clock uncertainty           -0.035     8.465    
    SLICE_X54Y86         FDCE (Setup_fdce_C_D)       -0.016     8.449    native_system/digital/serial/captured_reg[47]
  -------------------------------------------------------------------
                         required time                          8.449    
                         arrival time                         -14.836    
  -------------------------------------------------------------------
                         slack                                 -6.387    

Slack (VIOLATED) :        -6.383ns  (required time - arrival time)
  Source:                 native_system/digital/burst/accumulator_reg[6]/C
                            (rising edge-triggered cell FDCE clocked by core132  {rise@0.000ns fall@3.788ns period=7.576ns})
  Destination:            native_system/digital/serial/captured_reg[99]/D
                            (rising edge-triggered cell FDCE clocked by core132  {rise@0.000ns fall@3.788ns period=7.576ns})
  Path Group:             core132
  Path Type:              Setup (Max at Slow Process Corner)
  Requirement:            7.576ns  (core132 rise@7.576ns - core132 rise@0.000ns)
  Data Path Delay:        13.808ns  (logic 7.285ns (52.759%)  route 6.523ns (47.241%))
  Logic Levels:           25  (CARRY4=14 LUT3=1 LUT4=2 LUT5=4 LUT6=4)
  Clock Path Skew:        -0.049ns (DCD - SCD + CPR)
    Destination Clock Delay (DCD):    0.924ns = ( 8.500 - 7.576 ) 
    Source Clock Delay      (SCD):    0.973ns
    Clock Pessimism Removal (CPR):    0.000ns
  Clock Uncertainty:      0.035ns  ((TSJ^2 + TIJ^2)^1/2 + DJ) / 2 + PE
    Total System Jitter     (TSJ):    0.071ns
    Total Input Jitter      (TIJ):    0.000ns
    Discrete Jitter          (DJ):    0.000ns
    Phase Error              (PE):    0.000ns

    Location             Delay type                Incr(ns)  Path(ns)    Netlist Resource(s)
  -------------------------------------------------------------------    -------------------
                         (clock core132 rise edge)    0.000     0.000 r  
                                                      0.000     0.000 r  clk (IN)
                         net (fo=18006, unset)        0.973     0.973    native_system/digital/burst/clk
    SLICE_X62Y75         FDCE                                         r  native_system/digital/burst/accumulator_reg[6]/C
  -------------------------------------------------------------------    -------------------
    SLICE_X62Y75         FDCE (Prop_fdce_C_Q)         0.478     1.451 r  native_system/digital/burst/accumulator_reg[6]/Q
                         net (fo=16, estimated)       0.860     2.311    native_system/digital/burst/scaled[14]
    SLICE_X64Y75                                                      r  native_system/digital/burst/commanded_waveform[127]_INST_0_i_267/I0
    SLICE_X64Y75         LUT5 (Prop_lut5_I0_O)        0.295     2.606 r  native_system/digital/burst/commanded_waveform[127]_INST_0_i_267/O
                         net (fo=2, estimated)        0.441     3.047    native_system/digital/burst/commanded_waveform[127]_INST_0_i_267_n_0
    SLICE_X61Y75                                                      r  native_system/digital/burst/commanded_waveform[127]_INST_0_i_271/I0
    SLICE_X61Y75         LUT6 (Prop_lut6_I0_O)        0.124     3.171 r  native_system/digital/burst/commanded_waveform[127]_INST_0_i_271/O
                         net (fo=1, routed)           0.000     3.171    native_system/digital/burst/commanded_waveform[127]_INST_0_i_271_n_0
    SLICE_X61Y75                                                      r  native_system/digital/burst/commanded_waveform[127]_INST_0_i_207/S[1]
    SLICE_X61Y75         CARRY4 (Prop_carry4_S[1]_CO[3])
                                                      0.550     3.721 r  native_system/digital/burst/commanded_waveform[127]_INST_0_i_207/CO[3]
                         net (fo=1, estimated)        0.000     3.721    native_system/digital/burst/commanded_waveform[127]_INST_0_i_207_n_0
    SLICE_X61Y76                                                      r  native_system/digital/burst/commanded_waveform[127]_INST_0_i_153/CI
    SLICE_X61Y76         CARRY4 (Prop_carry4_CI_CO[3])
                                                      0.114     3.835 r  native_system/digital/burst/commanded_waveform[127]_INST_0_i_153/CO[3]
                         net (fo=1, estimated)        0.000     3.835    native_system/digital/burst/commanded_waveform[127]_INST_0_i_153_n_0
    SLICE_X61Y77                                                      r  native_system/digital/burst/commanded_waveform[127]_INST_0_i_101/CI
    SLICE_X61Y77         CARRY4 (Prop_carry4_CI_CO[3])
                                                      0.114     3.949 r  native_system/digital/burst/commanded_waveform[127]_INST_0_i_101/CO[3]
                         net (fo=1, estimated)        0.000     3.949    native_system/digital/burst/commanded_waveform[127]_INST_0_i_101_n_0
    SLICE_X61Y78                                                      r  native_system/digital/burst/commanded_waveform[127]_INST_0_i_66/CI
    SLICE_X61Y78         CARRY4 (Prop_carry4_CI_CO[3])
                                                      0.114     4.063 r  native_system/digital/burst/commanded_waveform[127]_INST_0_i_66/CO[3]
                         net (fo=1, estimated)        0.000     4.063    native_system/digital/burst/commanded_waveform[127]_INST_0_i_66_n_0
    SLICE_X61Y79                                                      r  native_system/digital/burst/commanded_waveform[127]_INST_0_i_42/CI
    SLICE_X61Y79         CARRY4 (Prop_carry4_CI_O[2])
                                                      0.239     4.302 r  native_system/digital/burst/commanded_waveform[127]_INST_0_i_42/O[2]
                         net (fo=28, estimated)       1.002     5.304    native_system/digital/burst/commanded_waveform[127]_INST_0_i_42_n_5
    SLICE_X62Y80                                                      r  native_system/digital/burst/commanded_waveform[127]_INST_0_i_305/I0
    SLICE_X62Y80         LUT4 (Prop_lut4_I0_O)        0.302     5.606 r  native_system/digital/burst/commanded_waveform[127]_INST_0_i_305/O
                         net (fo=1, routed)           0.000     5.606    native_system/digital/burst/commanded_waveform[127]_INST_0_i_305_n_0
    SLICE_X62Y80                                                      r  native_system/digital/burst/commanded_waveform[127]_INST_0_i_241/S[1]
    SLICE_X62Y80         CARRY4 (Prop_carry4_S[1]_CO[3])
                                                      0.533     6.139 r  native_system/digital/burst/commanded_waveform[127]_INST_0_i_241/CO[3]
                         net (fo=1, estimated)        0.000     6.139    native_system/digital/burst/commanded_waveform[127]_INST_0_i_241_n_0
    SLICE_X62Y81                                                      r  native_system/digital/burst/commanded_waveform[127]_INST_0_i_185/CI
    SLICE_X62Y81         CARRY4 (Prop_carry4_CI_O[0])
                                                      0.219     6.358 r  native_system/digital/burst/commanded_waveform[127]_INST_0_i_185/O[0]
                         net (fo=3, estimated)        0.739     7.097    native_system/digital/burst/commanded_waveform[127]_INST_0_i_185_n_7
    SLICE_X58Y80                                                      r  native_system/digital/burst/commanded_waveform[127]_INST_0_i_242/I2
    SLICE_X58Y80         LUT3 (Prop_lut3_I2_O)        0.295     7.392 r  native_system/digital/burst/commanded_waveform[127]_INST_0_i_242/O
                         net (fo=2, estimated)        0.300     7.692    native_system/digital/burst/commanded_waveform[127]_INST_0_i_242_n_0
    SLICE_X58Y80                                                      r  native_system/digital/burst/commanded_waveform[127]_INST_0_i_178/I4
    SLICE_X58Y80         LUT5 (Prop_lut5_I4_O)        0.124     7.816 r  native_system/digital/burst/commanded_waveform[127]_INST_0_i_178/O
                         net (fo=2, estimated)        0.438     8.254    native_system/digital/burst/commanded_waveform[127]_INST_0_i_178_n_0
    SLICE_X57Y81                                                      r  native_system/digital/burst/commanded_waveform[127]_INST_0_i_182/I0
    SLICE_X57Y81         LUT6 (Prop_lut6_I0_O)        0.124     8.378 r  native_system/digital/burst/commanded_waveform[127]_INST_0_i_182/O
                         net (fo=1, routed)           0.000     8.378    native_system/digital/burst/commanded_waveform[127]_INST_0_i_182_n_0
    SLICE_X57Y81                                                      r  native_system/digital/burst/commanded_waveform[127]_INST_0_i_124/S[1]
    SLICE_X57Y81         CARRY4 (Prop_carry4_S[1]_CO[3])
                                                      0.550     8.928 r  native_system/digital/burst/commanded_waveform[127]_INST_0_i_124/CO[3]
                         net (fo=1, estimated)        0.000     8.928    native_system/digital/burst/commanded_waveform[127]_INST_0_i_124_n_0
    SLICE_X57Y82                                                      r  native_system/digital/burst/commanded_waveform[127]_INST_0_i_84/CI
    SLICE_X57Y82         CARRY4 (Prop_carry4_CI_CO[3])
                                                      0.114     9.042 r  native_system/digital/burst/commanded_waveform[127]_INST_0_i_84/CO[3]
                         net (fo=1, estimated)        0.000     9.042    native_system/digital/burst/commanded_waveform[127]_INST_0_i_84_n_0
    SLICE_X57Y83                                                      r  native_system/digital/burst/commanded_waveform[127]_INST_0_i_50/CI
    SLICE_X57Y83         CARRY4 (Prop_carry4_CI_O[1])
                                                      0.334     9.376 r  native_system/digital/burst/commanded_waveform[127]_INST_0_i_50/O[1]
                         net (fo=3, estimated)        0.787    10.163    native_system/digital/burst/commanded_waveform[127]_INST_0_i_50_n_6
    SLICE_X56Y81                                                      r  native_system/digital/burst/commanded_waveform[127]_INST_0_i_80/I1
    SLICE_X56Y81         LUT4 (Prop_lut4_I1_O)        0.303    10.466 r  native_system/digital/burst/commanded_waveform[127]_INST_0_i_80/O
                         net (fo=1, routed)           0.000    10.466    native_system/digital/burst/commanded_waveform[127]_INST_0_i_80_n_0
    SLICE_X56Y81                                                      r  native_system/digital/burst/commanded_waveform[127]_INST_0_i_43/S[3]
    SLICE_X56Y81         CARRY4 (Prop_carry4_S[3]_CO[3])
                                                      0.401    10.867 r  native_system/digital/burst/commanded_waveform[127]_INST_0_i_43/CO[3]
                         net (fo=1, estimated)        0.000    10.867    native_system/digital/burst/commanded_waveform[127]_INST_0_i_43_n_0
    SLICE_X56Y82                                                      r  native_system/digital/burst/commanded_waveform[127]_INST_0_i_37/CI
    SLICE_X56Y82         CARRY4 (Prop_carry4_CI_CO[2])
                                                      0.228    11.095 r  native_system/digital/burst/commanded_waveform[127]_INST_0_i_37/CO[2]
                         net (fo=8, estimated)        0.482    11.577    native_system/digital/burst/commanded_waveform[127]_INST_0_i_37_n_1
    SLICE_X55Y82                                                      r  native_system/digital/burst/commanded_waveform[127]_INST_0_i_34/I1
    SLICE_X55Y82         LUT6 (Prop_lut6_I1_O)        0.313    11.890 r  native_system/digital/burst/commanded_waveform[127]_INST_0_i_34/O
                         net (fo=1, routed)           0.000    11.890    native_system/digital/burst/commanded_waveform[127]_INST_0_i_34_n_0
    SLICE_X55Y82                                                      r  native_system/digital/burst/commanded_waveform[127]_INST_0_i_23/S[1]
    SLICE_X55Y82         CARRY4 (Prop_carry4_S[1]_CO[3])
                                                      0.550    12.440 r  native_system/digital/burst/commanded_waveform[127]_INST_0_i_23/CO[3]
                         net (fo=1, estimated)        0.000    12.440    native_system/digital/burst/commanded_waveform[127]_INST_0_i_23_n_0
    SLICE_X55Y83                                                      r  native_system/digital/burst/commanded_waveform[127]_INST_0_i_17/CI
    SLICE_X55Y83         CARRY4 (Prop_carry4_CI_O[3])
                                                      0.313    12.753 f  native_system/digital/burst/commanded_waveform[127]_INST_0_i_17/O[3]
                         net (fo=1, estimated)        0.296    13.049    native_system/digital/burst/phase[7]
    SLICE_X55Y85                                                      f  native_system/digital/burst/commanded_waveform[127]_INST_0_i_11/I0
    SLICE_X55Y85         LUT5 (Prop_lut5_I0_O)        0.306    13.355 r  native_system/digital/burst/commanded_waveform[127]_INST_0_i_11/O
                         net (fo=8, estimated)        0.353    13.708    native_system/digital/scheduler/commanded_waveform3
    SLICE_X57Y86                                                      r  native_system/digital/scheduler/commanded_waveform[127]_INST_0_i_3/I4
    SLICE_X57Y86         LUT6 (Prop_lut6_I4_O)        0.124    13.832 r  native_system/digital/scheduler/commanded_waveform[127]_INST_0_i_3/O
                         net (fo=16, estimated)       0.346    14.178    native_system/digital/bank/captured_reg[97]_0
    SLICE_X57Y87                                                      r  native_system/digital/bank/commanded_waveform[99]_INST_0/I3
    SLICE_X57Y87         LUT5 (Prop_lut5_I3_O)        0.124    14.302 r  native_system/digital/bank/commanded_waveform[99]_INST_0/O
                         net (fo=2, estimated)        0.479    14.781    native_system/digital/serial/commanded_waveform[99]
    SLICE_X61Y88         FDCE                                         r  native_system/digital/serial/captured_reg[99]/D
  -------------------------------------------------------------------    -------------------

                         (clock core132 rise edge)    7.576     7.576 r  
                                                      0.000     7.576 r  clk (IN)
                         net (fo=18006, unset)        0.924     8.500    native_system/digital/serial/clk
    SLICE_X61Y88         FDCE                                         r  native_system/digital/serial/captured_reg[99]/C
                         clock pessimism              0.000     8.500    
                         clock uncertainty           -0.035     8.465    
    SLICE_X61Y88         FDCE (Setup_fdce_C_D)       -0.067     8.398    native_system/digital/serial/captured_reg[99]
  -------------------------------------------------------------------
                         required time                          8.398    
                         arrival time                         -14.781    
  -------------------------------------------------------------------
                         slack                                 -6.383    

Slack (VIOLATED) :        -6.383ns  (required time - arrival time)
  Source:                 native_system/digital/burst/accumulator_reg[6]/C
                            (rising edge-triggered cell FDCE clocked by core132  {rise@0.000ns fall@3.788ns period=7.576ns})
  Destination:            native_system/digital/serial/serial_data_reg[7]/D
                            (rising edge-triggered cell FDCE clocked by core132  {rise@0.000ns fall@3.788ns period=7.576ns})
  Path Group:             core132
  Path Type:              Setup (Max at Slow Process Corner)
  Requirement:            7.576ns  (core132 rise@7.576ns - core132 rise@0.000ns)
  Data Path Delay:        13.907ns  (logic 7.409ns (53.275%)  route 6.498ns (46.725%))
  Logic Levels:           26  (CARRY4=14 LUT3=1 LUT4=2 LUT5=4 LUT6=5)
  Clock Path Skew:        -0.049ns (DCD - SCD + CPR)
    Destination Clock Delay (DCD):    0.924ns = ( 8.500 - 7.576 ) 
    Source Clock Delay      (SCD):    0.973ns
    Clock Pessimism Removal (CPR):    0.000ns
  Clock Uncertainty:      0.035ns  ((TSJ^2 + TIJ^2)^1/2 + DJ) / 2 + PE
    Total System Jitter     (TSJ):    0.071ns
    Total Input Jitter      (TIJ):    0.000ns
    Discrete Jitter          (DJ):    0.000ns
    Phase Error              (PE):    0.000ns

    Location             Delay type                Incr(ns)  Path(ns)    Netlist Resource(s)
  -------------------------------------------------------------------    -------------------
                         (clock core132 rise edge)    0.000     0.000 r  
                                                      0.000     0.000 r  clk (IN)
                         net (fo=18006, unset)        0.973     0.973    native_system/digital/burst/clk
    SLICE_X62Y75         FDCE                                         r  native_system/digital/burst/accumulator_reg[6]/C
  -------------------------------------------------------------------    -------------------
    SLICE_X62Y75         FDCE (Prop_fdce_C_Q)         0.478     1.451 r  native_system/digital/burst/accumulator_reg[6]/Q
                         net (fo=16, estimated)       0.860     2.311    native_system/digital/burst/scaled[14]
    SLICE_X64Y75                                                      r  native_system/digital/burst/commanded_waveform[127]_INST_0_i_267/I0
    SLICE_X64Y75         LUT5 (Prop_lut5_I0_O)        0.295     2.606 r  native_system/digital/burst/commanded_waveform[127]_INST_0_i_267/O
                         net (fo=2, estimated)        0.441     3.047    native_system/digital/burst/commanded_waveform[127]_INST_0_i_267_n_0
    SLICE_X61Y75                                                      r  native_system/digital/burst/commanded_waveform[127]_INST_0_i_271/I0
    SLICE_X61Y75         LUT6 (Prop_lut6_I0_O)        0.124     3.171 r  native_system/digital/burst/commanded_waveform[127]_INST_0_i_271/O
                         net (fo=1, routed)           0.000     3.171    native_system/digital/burst/commanded_waveform[127]_INST_0_i_271_n_0
    SLICE_X61Y75                                                      r  native_system/digital/burst/commanded_waveform[127]_INST_0_i_207/S[1]
    SLICE_X61Y75         CARRY4 (Prop_carry4_S[1]_CO[3])
                                                      0.550     3.721 r  native_system/digital/burst/commanded_waveform[127]_INST_0_i_207/CO[3]
                         net (fo=1, estimated)        0.000     3.721    native_system/digital/burst/commanded_waveform[127]_INST_0_i_207_n_0
    SLICE_X61Y76                                                      r  native_system/digital/burst/commanded_waveform[127]_INST_0_i_153/CI
    SLICE_X61Y76         CARRY4 (Prop_carry4_CI_CO[3])
                                                      0.114     3.835 r  native_system/digital/burst/commanded_waveform[127]_INST_0_i_153/CO[3]
                         net (fo=1, estimated)        0.000     3.835    native_system/digital/burst/commanded_waveform[127]_INST_0_i_153_n_0
    SLICE_X61Y77                                                      r  native_system/digital/burst/commanded_waveform[127]_INST_0_i_101/CI
    SLICE_X61Y77         CARRY4 (Prop_carry4_CI_CO[3])
                                                      0.114     3.949 r  native_system/digital/burst/commanded_waveform[127]_INST_0_i_101/CO[3]
                         net (fo=1, estimated)        0.000     3.949    native_system/digital/burst/commanded_waveform[127]_INST_0_i_101_n_0
    SLICE_X61Y78                                                      r  native_system/digital/burst/commanded_waveform[127]_INST_0_i_66/CI
    SLICE_X61Y78         CARRY4 (Prop_carry4_CI_CO[3])
                                                      0.114     4.063 r  native_system/digital/burst/commanded_waveform[127]_INST_0_i_66/CO[3]
                         net (fo=1, estimated)        0.000     4.063    native_system/digital/burst/commanded_waveform[127]_INST_0_i_66_n_0
    SLICE_X61Y79                                                      r  native_system/digital/burst/commanded_waveform[127]_INST_0_i_42/CI
    SLICE_X61Y79         CARRY4 (Prop_carry4_CI_O[2])
                                                      0.239     4.302 r  native_system/digital/burst/commanded_waveform[127]_INST_0_i_42/O[2]
                         net (fo=28, estimated)       1.002     5.304    native_system/digital/burst/commanded_waveform[127]_INST_0_i_42_n_5
    SLICE_X62Y80                                                      r  native_system/digital/burst/commanded_waveform[127]_INST_0_i_305/I0
    SLICE_X62Y80         LUT4 (Prop_lut4_I0_O)        0.302     5.606 r  native_system/digital/burst/commanded_waveform[127]_INST_0_i_305/O
                         net (fo=1, routed)           0.000     5.606    native_system/digital/burst/commanded_waveform[127]_INST_0_i_305_n_0
    SLICE_X62Y80                                                      r  native_system/digital/burst/commanded_waveform[127]_INST_0_i_241/S[1]
    SLICE_X62Y80         CARRY4 (Prop_carry4_S[1]_CO[3])
                                                      0.533     6.139 r  native_system/digital/burst/commanded_waveform[127]_INST_0_i_241/CO[3]
                         net (fo=1, estimated)        0.000     6.139    native_system/digital/burst/commanded_waveform[127]_INST_0_i_241_n_0
    SLICE_X62Y81                                                      r  native_system/digital/burst/commanded_waveform[127]_INST_0_i_185/CI
    SLICE_X62Y81         CARRY4 (Prop_carry4_CI_O[0])
                                                      0.219     6.358 r  native_system/digital/burst/commanded_waveform[127]_INST_0_i_185/O[0]
                         net (fo=3, estimated)        0.739     7.097    native_system/digital/burst/commanded_waveform[127]_INST_0_i_185_n_7
    SLICE_X58Y80                                                      r  native_system/digital/burst/commanded_waveform[127]_INST_0_i_242/I2
    SLICE_X58Y80         LUT3 (Prop_lut3_I2_O)        0.295     7.392 r  native_system/digital/burst/commanded_waveform[127]_INST_0_i_242/O
                         net (fo=2, estimated)        0.300     7.692    native_system/digital/burst/commanded_waveform[127]_INST_0_i_242_n_0
    SLICE_X58Y80                                                      r  native_system/digital/burst/commanded_waveform[127]_INST_0_i_178/I4
    SLICE_X58Y80         LUT5 (Prop_lut5_I4_O)        0.124     7.816 r  native_system/digital/burst/commanded_waveform[127]_INST_0_i_178/O
                         net (fo=2, estimated)        0.438     8.254    native_system/digital/burst/commanded_waveform[127]_INST_0_i_178_n_0
    SLICE_X57Y81                                                      r  native_system/digital/burst/commanded_waveform[127]_INST_0_i_182/I0
    SLICE_X57Y81         LUT6 (Prop_lut6_I0_O)        0.124     8.378 r  native_system/digital/burst/commanded_waveform[127]_INST_0_i_182/O
                         net (fo=1, routed)           0.000     8.378    native_system/digital/burst/commanded_waveform[127]_INST_0_i_182_n_0
    SLICE_X57Y81                                                      r  native_system/digital/burst/commanded_waveform[127]_INST_0_i_124/S[1]
    SLICE_X57Y81         CARRY4 (Prop_carry4_S[1]_CO[3])
                                                      0.550     8.928 r  native_system/digital/burst/commanded_waveform[127]_INST_0_i_124/CO[3]
                         net (fo=1, estimated)        0.000     8.928    native_system/digital/burst/commanded_waveform[127]_INST_0_i_124_n_0
    SLICE_X57Y82                                                      r  native_system/digital/burst/commanded_waveform[127]_INST_0_i_84/CI
    SLICE_X57Y82         CARRY4 (Prop_carry4_CI_CO[3])
                                                      0.114     9.042 r  native_system/digital/burst/commanded_waveform[127]_INST_0_i_84/CO[3]
                         net (fo=1, estimated)        0.000     9.042    native_system/digital/burst/commanded_waveform[127]_INST_0_i_84_n_0
    SLICE_X57Y83                                                      r  native_system/digital/burst/commanded_waveform[127]_INST_0_i_50/CI
    SLICE_X57Y83         CARRY4 (Prop_carry4_CI_O[1])
                                                      0.334     9.376 r  native_system/digital/burst/commanded_waveform[127]_INST_0_i_50/O[1]
                         net (fo=3, estimated)        0.787    10.163    native_system/digital/burst/commanded_waveform[127]_INST_0_i_50_n_6
    SLICE_X56Y81                                                      r  native_system/digital/burst/commanded_waveform[127]_INST_0_i_80/I1
    SLICE_X56Y81         LUT4 (Prop_lut4_I1_O)        0.303    10.466 r  native_system/digital/burst/commanded_waveform[127]_INST_0_i_80/O
                         net (fo=1, routed)           0.000    10.466    native_system/digital/burst/commanded_waveform[127]_INST_0_i_80_n_0
    SLICE_X56Y81                                                      r  native_system/digital/burst/commanded_waveform[127]_INST_0_i_43/S[3]
    SLICE_X56Y81         CARRY4 (Prop_carry4_S[3]_CO[3])
                                                      0.401    10.867 r  native_system/digital/burst/commanded_waveform[127]_INST_0_i_43/CO[3]
                         net (fo=1, estimated)        0.000    10.867    native_system/digital/burst/commanded_waveform[127]_INST_0_i_43_n_0
    SLICE_X56Y82                                                      r  native_system/digital/burst/commanded_waveform[127]_INST_0_i_37/CI
    SLICE_X56Y82         CARRY4 (Prop_carry4_CI_CO[2])
                                                      0.228    11.095 r  native_system/digital/burst/commanded_waveform[127]_INST_0_i_37/CO[2]
                         net (fo=8, estimated)        0.482    11.577    native_system/digital/burst/commanded_waveform[127]_INST_0_i_37_n_1
    SLICE_X55Y82                                                      r  native_system/digital/burst/commanded_waveform[127]_INST_0_i_34/I1
    SLICE_X55Y82         LUT6 (Prop_lut6_I1_O)        0.313    11.890 r  native_system/digital/burst/commanded_waveform[127]_INST_0_i_34/O
                         net (fo=1, routed)           0.000    11.890    native_system/digital/burst/commanded_waveform[127]_INST_0_i_34_n_0
    SLICE_X55Y82                                                      r  native_system/digital/burst/commanded_waveform[127]_INST_0_i_23/S[1]
    SLICE_X55Y82         CARRY4 (Prop_carry4_S[1]_CO[3])
                                                      0.550    12.440 r  native_system/digital/burst/commanded_waveform[127]_INST_0_i_23/CO[3]
                         net (fo=1, estimated)        0.000    12.440    native_system/digital/burst/commanded_waveform[127]_INST_0_i_23_n_0
    SLICE_X55Y83                                                      r  native_system/digital/burst/commanded_waveform[127]_INST_0_i_17/CI
    SLICE_X55Y83         CARRY4 (Prop_carry4_CI_O[3])
                                                      0.313    12.753 f  native_system/digital/burst/commanded_waveform[127]_INST_0_i_17/O[3]
                         net (fo=1, estimated)        0.296    13.049    native_system/digital/burst/phase[7]
    SLICE_X55Y85                                                      f  native_system/digital/burst/commanded_waveform[127]_INST_0_i_11/I0
    SLICE_X55Y85         LUT5 (Prop_lut5_I0_O)        0.306    13.355 r  native_system/digital/burst/commanded_waveform[127]_INST_0_i_11/O
                         net (fo=8, estimated)        0.336    13.691    native_system/digital/scheduler/commanded_waveform3
    SLICE_X57Y85                                                      r  native_system/digital/scheduler/commanded_waveform[31]_INST_0_i_2/I4
    SLICE_X57Y85         LUT6 (Prop_lut6_I4_O)        0.124    13.815 r  native_system/digital/scheduler/commanded_waveform[31]_INST_0_i_2/O
                         net (fo=16, estimated)       0.496    14.311    native_system/digital/bank/captured_reg[1]_0
    SLICE_X59Y85                                                      r  native_system/digital/bank/commanded_waveform[31]_INST_0/I3
    SLICE_X59Y85         LUT5 (Prop_lut5_I3_O)        0.124    14.435 r  native_system/digital/bank/commanded_waveform[31]_INST_0/O
                         net (fo=2, estimated)        0.321    14.756    native_system/digital/serial/commanded_waveform[31]
    SLICE_X61Y86                                                      r  native_system/digital/serial/serial_data[7]_i_1/I0
    SLICE_X61Y86         LUT6 (Prop_lut6_I0_O)        0.124    14.880 r  native_system/digital/serial/serial_data[7]_i_1/O
                         net (fo=1, routed)           0.000    14.880    native_system/digital/serial/serial_data[7]_i_1_n_0
    SLICE_X61Y86         FDCE                                         r  native_system/digital/serial/serial_data_reg[7]/D
  -------------------------------------------------------------------    -------------------

                         (clock core132 rise edge)    7.576     7.576 r  
                                                      0.000     7.576 r  clk (IN)
                         net (fo=18006, unset)        0.924     8.500    native_system/digital/serial/clk
    SLICE_X61Y86         FDCE                                         r  native_system/digital/serial/serial_data_reg[7]/C
                         clock pessimism              0.000     8.500    
                         clock uncertainty           -0.035     8.465    
    SLICE_X61Y86         FDCE (Setup_fdce_C_D)        0.032     8.497    native_system/digital/serial/serial_data_reg[7]
  -------------------------------------------------------------------
                         required time                          8.497    
                         arrival time                         -14.880    
  -------------------------------------------------------------------
                         slack                                 -6.383    

Slack (VIOLATED) :        -6.380ns  (required time - arrival time)
  Source:                 native_system/digital/burst/accumulator_reg[6]/C
                            (rising edge-triggered cell FDCE clocked by core132  {rise@0.000ns fall@3.788ns period=7.576ns})
  Destination:            native_system/digital/serial/captured_reg[111]/D
                            (rising edge-triggered cell FDCE clocked by core132  {rise@0.000ns fall@3.788ns period=7.576ns})
  Path Group:             core132
  Path Type:              Setup (Max at Slow Process Corner)
  Requirement:            7.576ns  (core132 rise@7.576ns - core132 rise@0.000ns)
  Data Path Delay:        13.825ns  (logic 7.285ns (52.694%)  route 6.540ns (47.306%))
  Logic Levels:           25  (CARRY4=14 LUT3=1 LUT4=2 LUT5=4 LUT6=4)
  Clock Path Skew:        -0.049ns (DCD - SCD + CPR)
    Destination Clock Delay (DCD):    0.924ns = ( 8.500 - 7.576 ) 
    Source Clock Delay      (SCD):    0.973ns
    Clock Pessimism Removal (CPR):    0.000ns
  Clock Uncertainty:      0.035ns  ((TSJ^2 + TIJ^2)^1/2 + DJ) / 2 + PE
    Total System Jitter     (TSJ):    0.071ns
    Total Input Jitter      (TIJ):    0.000ns
    Discrete Jitter          (DJ):    0.000ns
    Phase Error              (PE):    0.000ns

    Location             Delay type                Incr(ns)  Path(ns)    Netlist Resource(s)
  -------------------------------------------------------------------    -------------------
                         (clock core132 rise edge)    0.000     0.000 r  
                                                      0.000     0.000 r  clk (IN)
                         net (fo=18006, unset)        0.973     0.973    native_system/digital/burst/clk
    SLICE_X62Y75         FDCE                                         r  native_system/digital/burst/accumulator_reg[6]/C
  -------------------------------------------------------------------    -------------------
    SLICE_X62Y75         FDCE (Prop_fdce_C_Q)         0.478     1.451 r  native_system/digital/burst/accumulator_reg[6]/Q
                         net (fo=16, estimated)       0.860     2.311    native_system/digital/burst/scaled[14]
    SLICE_X64Y75                                                      r  native_system/digital/burst/commanded_waveform[127]_INST_0_i_267/I0
    SLICE_X64Y75         LUT5 (Prop_lut5_I0_O)        0.295     2.606 r  native_system/digital/burst/commanded_waveform[127]_INST_0_i_267/O
                         net (fo=2, estimated)        0.441     3.047    native_system/digital/burst/commanded_waveform[127]_INST_0_i_267_n_0
    SLICE_X61Y75                                                      r  native_system/digital/burst/commanded_waveform[127]_INST_0_i_271/I0
    SLICE_X61Y75         LUT6 (Prop_lut6_I0_O)        0.124     3.171 r  native_system/digital/burst/commanded_waveform[127]_INST_0_i_271/O
                         net (fo=1, routed)           0.000     3.171    native_system/digital/burst/commanded_waveform[127]_INST_0_i_271_n_0
    SLICE_X61Y75                                                      r  native_system/digital/burst/commanded_waveform[127]_INST_0_i_207/S[1]
    SLICE_X61Y75         CARRY4 (Prop_carry4_S[1]_CO[3])
                                                      0.550     3.721 r  native_system/digital/burst/commanded_waveform[127]_INST_0_i_207/CO[3]
                         net (fo=1, estimated)        0.000     3.721    native_system/digital/burst/commanded_waveform[127]_INST_0_i_207_n_0
    SLICE_X61Y76                                                      r  native_system/digital/burst/commanded_waveform[127]_INST_0_i_153/CI
    SLICE_X61Y76         CARRY4 (Prop_carry4_CI_CO[3])
                                                      0.114     3.835 r  native_system/digital/burst/commanded_waveform[127]_INST_0_i_153/CO[3]
                         net (fo=1, estimated)        0.000     3.835    native_system/digital/burst/commanded_waveform[127]_INST_0_i_153_n_0
    SLICE_X61Y77                                                      r  native_system/digital/burst/commanded_waveform[127]_INST_0_i_101/CI
    SLICE_X61Y77         CARRY4 (Prop_carry4_CI_CO[3])
                                                      0.114     3.949 r  native_system/digital/burst/commanded_waveform[127]_INST_0_i_101/CO[3]
                         net (fo=1, estimated)        0.000     3.949    native_system/digital/burst/commanded_waveform[127]_INST_0_i_101_n_0
    SLICE_X61Y78                                                      r  native_system/digital/burst/commanded_waveform[127]_INST_0_i_66/CI
    SLICE_X61Y78         CARRY4 (Prop_carry4_CI_CO[3])
                                                      0.114     4.063 r  native_system/digital/burst/commanded_waveform[127]_INST_0_i_66/CO[3]
                         net (fo=1, estimated)        0.000     4.063    native_system/digital/burst/commanded_waveform[127]_INST_0_i_66_n_0
    SLICE_X61Y79                                                      r  native_system/digital/burst/commanded_waveform[127]_INST_0_i_42/CI
    SLICE_X61Y79         CARRY4 (Prop_carry4_CI_O[2])
                                                      0.239     4.302 r  native_system/digital/burst/commanded_waveform[127]_INST_0_i_42/O[2]
                         net (fo=28, estimated)       1.002     5.304    native_system/digital/burst/commanded_waveform[127]_INST_0_i_42_n_5
    SLICE_X62Y80                                                      r  native_system/digital/burst/commanded_waveform[127]_INST_0_i_305/I0
    SLICE_X62Y80         LUT4 (Prop_lut4_I0_O)        0.302     5.606 r  native_system/digital/burst/commanded_waveform[127]_INST_0_i_305/O
                         net (fo=1, routed)           0.000     5.606    native_system/digital/burst/commanded_waveform[127]_INST_0_i_305_n_0
    SLICE_X62Y80                                                      r  native_system/digital/burst/commanded_waveform[127]_INST_0_i_241/S[1]
    SLICE_X62Y80         CARRY4 (Prop_carry4_S[1]_CO[3])
                                                      0.533     6.139 r  native_system/digital/burst/commanded_waveform[127]_INST_0_i_241/CO[3]
                         net (fo=1, estimated)        0.000     6.139    native_system/digital/burst/commanded_waveform[127]_INST_0_i_241_n_0
    SLICE_X62Y81                                                      r  native_system/digital/burst/commanded_waveform[127]_INST_0_i_185/CI
    SLICE_X62Y81         CARRY4 (Prop_carry4_CI_O[0])
                                                      0.219     6.358 r  native_system/digital/burst/commanded_waveform[127]_INST_0_i_185/O[0]
                         net (fo=3, estimated)        0.739     7.097    native_system/digital/burst/commanded_waveform[127]_INST_0_i_185_n_7
    SLICE_X58Y80                                                      r  native_system/digital/burst/commanded_waveform[127]_INST_0_i_242/I2
    SLICE_X58Y80         LUT3 (Prop_lut3_I2_O)        0.295     7.392 r  native_system/digital/burst/commanded_waveform[127]_INST_0_i_242/O
                         net (fo=2, estimated)        0.300     7.692    native_system/digital/burst/commanded_waveform[127]_INST_0_i_242_n_0
    SLICE_X58Y80                                                      r  native_system/digital/burst/commanded_waveform[127]_INST_0_i_178/I4
    SLICE_X58Y80         LUT5 (Prop_lut5_I4_O)        0.124     7.816 r  native_system/digital/burst/commanded_waveform[127]_INST_0_i_178/O
                         net (fo=2, estimated)        0.438     8.254    native_system/digital/burst/commanded_waveform[127]_INST_0_i_178_n_0
    SLICE_X57Y81                                                      r  native_system/digital/burst/commanded_waveform[127]_INST_0_i_182/I0
    SLICE_X57Y81         LUT6 (Prop_lut6_I0_O)        0.124     8.378 r  native_system/digital/burst/commanded_waveform[127]_INST_0_i_182/O
                         net (fo=1, routed)           0.000     8.378    native_system/digital/burst/commanded_waveform[127]_INST_0_i_182_n_0
    SLICE_X57Y81                                                      r  native_system/digital/burst/commanded_waveform[127]_INST_0_i_124/S[1]
    SLICE_X57Y81         CARRY4 (Prop_carry4_S[1]_CO[3])
                                                      0.550     8.928 r  native_system/digital/burst/commanded_waveform[127]_INST_0_i_124/CO[3]
                         net (fo=1, estimated)        0.000     8.928    native_system/digital/burst/commanded_waveform[127]_INST_0_i_124_n_0
    SLICE_X57Y82                                                      r  native_system/digital/burst/commanded_waveform[127]_INST_0_i_84/CI
    SLICE_X57Y82         CARRY4 (Prop_carry4_CI_CO[3])
                                                      0.114     9.042 r  native_system/digital/burst/commanded_waveform[127]_INST_0_i_84/CO[3]
                         net (fo=1, estimated)        0.000     9.042    native_system/digital/burst/commanded_waveform[127]_INST_0_i_84_n_0
    SLICE_X57Y83                                                      r  native_system/digital/burst/commanded_waveform[127]_INST_0_i_50/CI
    SLICE_X57Y83         CARRY4 (Prop_carry4_CI_O[1])
                                                      0.334     9.376 r  native_system/digital/burst/commanded_waveform[127]_INST_0_i_50/O[1]
                         net (fo=3, estimated)        0.787    10.163    native_system/digital/burst/commanded_waveform[127]_INST_0_i_50_n_6
    SLICE_X56Y81                                                      r  native_system/digital/burst/commanded_waveform[127]_INST_0_i_80/I1
    SLICE_X56Y81         LUT4 (Prop_lut4_I1_O)        0.303    10.466 r  native_system/digital/burst/commanded_waveform[127]_INST_0_i_80/O
                         net (fo=1, routed)           0.000    10.466    native_system/digital/burst/commanded_waveform[127]_INST_0_i_80_n_0
    SLICE_X56Y81                                                      r  native_system/digital/burst/commanded_waveform[127]_INST_0_i_43/S[3]
    SLICE_X56Y81         CARRY4 (Prop_carry4_S[3]_CO[3])
                                                      0.401    10.867 r  native_system/digital/burst/commanded_waveform[127]_INST_0_i_43/CO[3]
                         net (fo=1, estimated)        0.000    10.867    native_system/digital/burst/commanded_waveform[127]_INST_0_i_43_n_0
    SLICE_X56Y82                                                      r  native_system/digital/burst/commanded_waveform[127]_INST_0_i_37/CI
    SLICE_X56Y82         CARRY4 (Prop_carry4_CI_CO[2])
                                                      0.228    11.095 r  native_system/digital/burst/commanded_waveform[127]_INST_0_i_37/CO[2]
                         net (fo=8, estimated)        0.482    11.577    native_system/digital/burst/commanded_waveform[127]_INST_0_i_37_n_1
    SLICE_X55Y82                                                      r  native_system/digital/burst/commanded_waveform[127]_INST_0_i_34/I1
    SLICE_X55Y82         LUT6 (Prop_lut6_I1_O)        0.313    11.890 r  native_system/digital/burst/commanded_waveform[127]_INST_0_i_34/O
                         net (fo=1, routed)           0.000    11.890    native_system/digital/burst/commanded_waveform[127]_INST_0_i_34_n_0
    SLICE_X55Y82                                                      r  native_system/digital/burst/commanded_waveform[127]_INST_0_i_23/S[1]
    SLICE_X55Y82         CARRY4 (Prop_carry4_S[1]_CO[3])
                                                      0.550    12.440 r  native_system/digital/burst/commanded_waveform[127]_INST_0_i_23/CO[3]
                         net (fo=1, estimated)        0.000    12.440    native_system/digital/burst/commanded_waveform[127]_INST_0_i_23_n_0
    SLICE_X55Y83                                                      r  native_system/digital/burst/commanded_waveform[127]_INST_0_i_17/CI
    SLICE_X55Y83         CARRY4 (Prop_carry4_CI_O[3])
                                                      0.313    12.753 f  native_system/digital/burst/commanded_waveform[127]_INST_0_i_17/O[3]
                         net (fo=1, estimated)        0.296    13.049    native_system/digital/burst/phase[7]
    SLICE_X55Y85                                                      f  native_system/digital/burst/commanded_waveform[127]_INST_0_i_11/I0
    SLICE_X55Y85         LUT5 (Prop_lut5_I0_O)        0.306    13.355 r  native_system/digital/burst/commanded_waveform[127]_INST_0_i_11/O
                         net (fo=8, estimated)        0.353    13.708    native_system/digital/scheduler/commanded_waveform3
    SLICE_X57Y86                                                      r  native_system/digital/scheduler/commanded_waveform[127]_INST_0_i_3/I4
    SLICE_X57Y86         LUT6 (Prop_lut6_I4_O)        0.124    13.832 r  native_system/digital/scheduler/commanded_waveform[127]_INST_0_i_3/O
                         net (fo=16, estimated)       0.489    14.321    native_system/digital/bank/captured_reg[97]_0
    SLICE_X59Y86                                                      r  native_system/digital/bank/commanded_waveform[111]_INST_0/I3
    SLICE_X59Y86         LUT5 (Prop_lut5_I3_O)        0.124    14.445 r  native_system/digital/bank/commanded_waveform[111]_INST_0/O
                         net (fo=2, estimated)        0.353    14.798    native_system/digital/serial/commanded_waveform[111]
    SLICE_X60Y86         FDCE                                         r  native_system/digital/serial/captured_reg[111]/D
  -------------------------------------------------------------------    -------------------

                         (clock core132 rise edge)    7.576     7.576 r  
                                                      0.000     7.576 r  clk (IN)
                         net (fo=18006, unset)        0.924     8.500    native_system/digital/serial/clk
    SLICE_X60Y86         FDCE                                         r  native_system/digital/serial/captured_reg[111]/C
                         clock pessimism              0.000     8.500    
                         clock uncertainty           -0.035     8.465    
    SLICE_X60Y86         FDCE (Setup_fdce_C_D)       -0.047     8.418    native_system/digital/serial/captured_reg[111]
  -------------------------------------------------------------------
                         required time                          8.418    
                         arrival time                         -14.798    
  -------------------------------------------------------------------
                         slack                                 -6.380    

Slack (VIOLATED) :        -6.377ns  (required time - arrival time)
  Source:                 native_system/digital/burst/accumulator_reg[6]/C
                            (rising edge-triggered cell FDCE clocked by core132  {rise@0.000ns fall@3.788ns period=7.576ns})
  Destination:            native_system/digital/serial/serial_data_reg[13]/D
                            (rising edge-triggered cell FDCE clocked by core132  {rise@0.000ns fall@3.788ns period=7.576ns})
  Path Group:             core132
  Path Type:              Setup (Max at Slow Process Corner)
  Requirement:            7.576ns  (core132 rise@7.576ns - core132 rise@0.000ns)
  Data Path Delay:        13.898ns  (logic 7.409ns (53.310%)  route 6.489ns (46.690%))
  Logic Levels:           26  (CARRY4=14 LUT3=1 LUT4=2 LUT5=4 LUT6=5)
  Clock Path Skew:        -0.049ns (DCD - SCD + CPR)
    Destination Clock Delay (DCD):    0.924ns = ( 8.500 - 7.576 ) 
    Source Clock Delay      (SCD):    0.973ns
    Clock Pessimism Removal (CPR):    0.000ns
  Clock Uncertainty:      0.035ns  ((TSJ^2 + TIJ^2)^1/2 + DJ) / 2 + PE
    Total System Jitter     (TSJ):    0.071ns
    Total Input Jitter      (TIJ):    0.000ns
    Discrete Jitter          (DJ):    0.000ns
    Phase Error              (PE):    0.000ns

    Location             Delay type                Incr(ns)  Path(ns)    Netlist Resource(s)
  -------------------------------------------------------------------    -------------------
                         (clock core132 rise edge)    0.000     0.000 r  
                                                      0.000     0.000 r  clk (IN)
                         net (fo=18006, unset)        0.973     0.973    native_system/digital/burst/clk
    SLICE_X62Y75         FDCE                                         r  native_system/digital/burst/accumulator_reg[6]/C
  -------------------------------------------------------------------    -------------------
    SLICE_X62Y75         FDCE (Prop_fdce_C_Q)         0.478     1.451 r  native_system/digital/burst/accumulator_reg[6]/Q
                         net (fo=16, estimated)       0.860     2.311    native_system/digital/burst/scaled[14]
    SLICE_X64Y75                                                      r  native_system/digital/burst/commanded_waveform[127]_INST_0_i_267/I0
    SLICE_X64Y75         LUT5 (Prop_lut5_I0_O)        0.295     2.606 r  native_system/digital/burst/commanded_waveform[127]_INST_0_i_267/O
                         net (fo=2, estimated)        0.441     3.047    native_system/digital/burst/commanded_waveform[127]_INST_0_i_267_n_0
    SLICE_X61Y75                                                      r  native_system/digital/burst/commanded_waveform[127]_INST_0_i_271/I0
    SLICE_X61Y75         LUT6 (Prop_lut6_I0_O)        0.124     3.171 r  native_system/digital/burst/commanded_waveform[127]_INST_0_i_271/O
                         net (fo=1, routed)           0.000     3.171    native_system/digital/burst/commanded_waveform[127]_INST_0_i_271_n_0
    SLICE_X61Y75                                                      r  native_system/digital/burst/commanded_waveform[127]_INST_0_i_207/S[1]
    SLICE_X61Y75         CARRY4 (Prop_carry4_S[1]_CO[3])
                                                      0.550     3.721 r  native_system/digital/burst/commanded_waveform[127]_INST_0_i_207/CO[3]
                         net (fo=1, estimated)        0.000     3.721    native_system/digital/burst/commanded_waveform[127]_INST_0_i_207_n_0
    SLICE_X61Y76                                                      r  native_system/digital/burst/commanded_waveform[127]_INST_0_i_153/CI
    SLICE_X61Y76         CARRY4 (Prop_carry4_CI_CO[3])
                                                      0.114     3.835 r  native_system/digital/burst/commanded_waveform[127]_INST_0_i_153/CO[3]
                         net (fo=1, estimated)        0.000     3.835    native_system/digital/burst/commanded_waveform[127]_INST_0_i_153_n_0
    SLICE_X61Y77                                                      r  native_system/digital/burst/commanded_waveform[127]_INST_0_i_101/CI
    SLICE_X61Y77         CARRY4 (Prop_carry4_CI_CO[3])
                                                      0.114     3.949 r  native_system/digital/burst/commanded_waveform[127]_INST_0_i_101/CO[3]
                         net (fo=1, estimated)        0.000     3.949    native_system/digital/burst/commanded_waveform[127]_INST_0_i_101_n_0
    SLICE_X61Y78                                                      r  native_system/digital/burst/commanded_waveform[127]_INST_0_i_66/CI
    SLICE_X61Y78         CARRY4 (Prop_carry4_CI_CO[3])
                                                      0.114     4.063 r  native_system/digital/burst/commanded_waveform[127]_INST_0_i_66/CO[3]
                         net (fo=1, estimated)        0.000     4.063    native_system/digital/burst/commanded_waveform[127]_INST_0_i_66_n_0
    SLICE_X61Y79                                                      r  native_system/digital/burst/commanded_waveform[127]_INST_0_i_42/CI
    SLICE_X61Y79         CARRY4 (Prop_carry4_CI_O[2])
                                                      0.239     4.302 r  native_system/digital/burst/commanded_waveform[127]_INST_0_i_42/O[2]
                         net (fo=28, estimated)       1.002     5.304    native_system/digital/burst/commanded_waveform[127]_INST_0_i_42_n_5
    SLICE_X62Y80                                                      r  native_system/digital/burst/commanded_waveform[127]_INST_0_i_305/I0
    SLICE_X62Y80         LUT4 (Prop_lut4_I0_O)        0.302     5.606 r  native_system/digital/burst/commanded_waveform[127]_INST_0_i_305/O
                         net (fo=1, routed)           0.000     5.606    native_system/digital/burst/commanded_waveform[127]_INST_0_i_305_n_0
    SLICE_X62Y80                                                      r  native_system/digital/burst/commanded_waveform[127]_INST_0_i_241/S[1]
    SLICE_X62Y80         CARRY4 (Prop_carry4_S[1]_CO[3])
                                                      0.533     6.139 r  native_system/digital/burst/commanded_waveform[127]_INST_0_i_241/CO[3]
                         net (fo=1, estimated)        0.000     6.139    native_system/digital/burst/commanded_waveform[127]_INST_0_i_241_n_0
    SLICE_X62Y81                                                      r  native_system/digital/burst/commanded_waveform[127]_INST_0_i_185/CI
    SLICE_X62Y81         CARRY4 (Prop_carry4_CI_O[0])
                                                      0.219     6.358 r  native_system/digital/burst/commanded_waveform[127]_INST_0_i_185/O[0]
                         net (fo=3, estimated)        0.739     7.097    native_system/digital/burst/commanded_waveform[127]_INST_0_i_185_n_7
    SLICE_X58Y80                                                      r  native_system/digital/burst/commanded_waveform[127]_INST_0_i_242/I2
    SLICE_X58Y80         LUT3 (Prop_lut3_I2_O)        0.295     7.392 r  native_system/digital/burst/commanded_waveform[127]_INST_0_i_242/O
                         net (fo=2, estimated)        0.300     7.692    native_system/digital/burst/commanded_waveform[127]_INST_0_i_242_n_0
    SLICE_X58Y80                                                      r  native_system/digital/burst/commanded_waveform[127]_INST_0_i_178/I4
    SLICE_X58Y80         LUT5 (Prop_lut5_I4_O)        0.124     7.816 r  native_system/digital/burst/commanded_waveform[127]_INST_0_i_178/O
                         net (fo=2, estimated)        0.438     8.254    native_system/digital/burst/commanded_waveform[127]_INST_0_i_178_n_0
    SLICE_X57Y81                                                      r  native_system/digital/burst/commanded_waveform[127]_INST_0_i_182/I0
    SLICE_X57Y81         LUT6 (Prop_lut6_I0_O)        0.124     8.378 r  native_system/digital/burst/commanded_waveform[127]_INST_0_i_182/O
                         net (fo=1, routed)           0.000     8.378    native_system/digital/burst/commanded_waveform[127]_INST_0_i_182_n_0
    SLICE_X57Y81                                                      r  native_system/digital/burst/commanded_waveform[127]_INST_0_i_124/S[1]
    SLICE_X57Y81         CARRY4 (Prop_carry4_S[1]_CO[3])
                                                      0.550     8.928 r  native_system/digital/burst/commanded_waveform[127]_INST_0_i_124/CO[3]
                         net (fo=1, estimated)        0.000     8.928    native_system/digital/burst/commanded_waveform[127]_INST_0_i_124_n_0
    SLICE_X57Y82                                                      r  native_system/digital/burst/commanded_waveform[127]_INST_0_i_84/CI
    SLICE_X57Y82         CARRY4 (Prop_carry4_CI_CO[3])
                                                      0.114     9.042 r  native_system/digital/burst/commanded_waveform[127]_INST_0_i_84/CO[3]
                         net (fo=1, estimated)        0.000     9.042    native_system/digital/burst/commanded_waveform[127]_INST_0_i_84_n_0
    SLICE_X57Y83                                                      r  native_system/digital/burst/commanded_waveform[127]_INST_0_i_50/CI
    SLICE_X57Y83         CARRY4 (Prop_carry4_CI_O[1])
                                                      0.334     9.376 r  native_system/digital/burst/commanded_waveform[127]_INST_0_i_50/O[1]
                         net (fo=3, estimated)        0.787    10.163    native_system/digital/burst/commanded_waveform[127]_INST_0_i_50_n_6
    SLICE_X56Y81                                                      r  native_system/digital/burst/commanded_waveform[127]_INST_0_i_80/I1
    SLICE_X56Y81         LUT4 (Prop_lut4_I1_O)        0.303    10.466 r  native_system/digital/burst/commanded_waveform[127]_INST_0_i_80/O
                         net (fo=1, routed)           0.000    10.466    native_system/digital/burst/commanded_waveform[127]_INST_0_i_80_n_0
    SLICE_X56Y81                                                      r  native_system/digital/burst/commanded_waveform[127]_INST_0_i_43/S[3]
    SLICE_X56Y81         CARRY4 (Prop_carry4_S[3]_CO[3])
                                                      0.401    10.867 r  native_system/digital/burst/commanded_waveform[127]_INST_0_i_43/CO[3]
                         net (fo=1, estimated)        0.000    10.867    native_system/digital/burst/commanded_waveform[127]_INST_0_i_43_n_0
    SLICE_X56Y82                                                      r  native_system/digital/burst/commanded_waveform[127]_INST_0_i_37/CI
    SLICE_X56Y82         CARRY4 (Prop_carry4_CI_CO[2])
                                                      0.228    11.095 r  native_system/digital/burst/commanded_waveform[127]_INST_0_i_37/CO[2]
                         net (fo=8, estimated)        0.482    11.577    native_system/digital/burst/commanded_waveform[127]_INST_0_i_37_n_1
    SLICE_X55Y82                                                      r  native_system/digital/burst/commanded_waveform[127]_INST_0_i_34/I1
    SLICE_X55Y82         LUT6 (Prop_lut6_I1_O)        0.313    11.890 r  native_system/digital/burst/commanded_waveform[127]_INST_0_i_34/O
                         net (fo=1, routed)           0.000    11.890    native_system/digital/burst/commanded_waveform[127]_INST_0_i_34_n_0
    SLICE_X55Y82                                                      r  native_system/digital/burst/commanded_waveform[127]_INST_0_i_23/S[1]
    SLICE_X55Y82         CARRY4 (Prop_carry4_S[1]_CO[3])
                                                      0.550    12.440 r  native_system/digital/burst/commanded_waveform[127]_INST_0_i_23/CO[3]
                         net (fo=1, estimated)        0.000    12.440    native_system/digital/burst/commanded_waveform[127]_INST_0_i_23_n_0
    SLICE_X55Y83                                                      r  native_system/digital/burst/commanded_waveform[127]_INST_0_i_17/CI
    SLICE_X55Y83         CARRY4 (Prop_carry4_CI_O[3])
                                                      0.313    12.753 f  native_system/digital/burst/commanded_waveform[127]_INST_0_i_17/O[3]
                         net (fo=1, estimated)        0.296    13.049    native_system/digital/burst/phase[7]
    SLICE_X55Y85                                                      f  native_system/digital/burst/commanded_waveform[127]_INST_0_i_11/I0
    SLICE_X55Y85         LUT5 (Prop_lut5_I0_O)        0.306    13.355 r  native_system/digital/burst/commanded_waveform[127]_INST_0_i_11/O
                         net (fo=8, estimated)        0.195    13.550    native_system/digital/scheduler/commanded_waveform3
    SLICE_X55Y85                                                      r  native_system/digital/scheduler/commanded_waveform[63]_INST_0_i_2/I4
    SLICE_X55Y85         LUT6 (Prop_lut6_I4_O)        0.124    13.674 r  native_system/digital/scheduler/commanded_waveform[63]_INST_0_i_2/O
                         net (fo=16, estimated)       0.586    14.260    native_system/digital/bank/captured_reg[33]_0
    SLICE_X53Y86                                                      r  native_system/digital/bank/commanded_waveform[55]_INST_0/I3
    SLICE_X53Y86         LUT5 (Prop_lut5_I3_O)        0.124    14.384 r  native_system/digital/bank/commanded_waveform[55]_INST_0/O
                         net (fo=2, estimated)        0.363    14.747    native_system/digital/serial/commanded_waveform[55]
    SLICE_X52Y86                                                      r  native_system/digital/serial/serial_data[13]_i_1/I0
    SLICE_X52Y86         LUT6 (Prop_lut6_I0_O)        0.124    14.871 r  native_system/digital/serial/serial_data[13]_i_1/O
                         net (fo=1, routed)           0.000    14.871    native_system/digital/serial/serial_data[13]_i_1_n_0
    SLICE_X52Y86         FDCE                                         r  native_system/digital/serial/serial_data_reg[13]/D
  -------------------------------------------------------------------    -------------------

                         (clock core132 rise edge)    7.576     7.576 r  
                                                      0.000     7.576 r  clk (IN)
                         net (fo=18006, unset)        0.924     8.500    native_system/digital/serial/clk
    SLICE_X52Y86         FDCE                                         r  native_system/digital/serial/serial_data_reg[13]/C
                         clock pessimism              0.000     8.500    
                         clock uncertainty           -0.035     8.465    
    SLICE_X52Y86         FDCE (Setup_fdce_C_D)        0.029     8.494    native_system/digital/serial/serial_data_reg[13]
  -------------------------------------------------------------------
                         required time                          8.494    
                         arrival time                         -14.871    
  -------------------------------------------------------------------
                         slack                                 -6.377    

Slack (VIOLATED) :        -6.370ns  (required time - arrival time)
  Source:                 native_system/digital/burst/accumulator_reg[6]/C
                            (rising edge-triggered cell FDCE clocked by core132  {rise@0.000ns fall@3.788ns period=7.576ns})
  Destination:            native_system/digital/serial/serial_data_reg[16]/D
                            (rising edge-triggered cell FDCE clocked by core132  {rise@0.000ns fall@3.788ns period=7.576ns})
  Path Group:             core132
  Path Type:              Setup (Max at Slow Process Corner)
  Requirement:            7.576ns  (core132 rise@7.576ns - core132 rise@0.000ns)
  Data Path Delay:        13.939ns  (logic 7.409ns (53.153%)  route 6.530ns (46.847%))
  Logic Levels:           26  (CARRY4=14 LUT3=1 LUT4=2 LUT5=4 LUT6=5)
  Clock Path Skew:        -0.049ns (DCD - SCD + CPR)
    Destination Clock Delay (DCD):    0.924ns = ( 8.500 - 7.576 ) 
    Source Clock Delay      (SCD):    0.973ns
    Clock Pessimism Removal (CPR):    0.000ns
  Clock Uncertainty:      0.035ns  ((TSJ^2 + TIJ^2)^1/2 + DJ) / 2 + PE
    Total System Jitter     (TSJ):    0.071ns
    Total Input Jitter      (TIJ):    0.000ns
    Discrete Jitter          (DJ):    0.000ns
    Phase Error              (PE):    0.000ns

    Location             Delay type                Incr(ns)  Path(ns)    Netlist Resource(s)
  -------------------------------------------------------------------    -------------------
                         (clock core132 rise edge)    0.000     0.000 r  
                                                      0.000     0.000 r  clk (IN)
                         net (fo=18006, unset)        0.973     0.973    native_system/digital/burst/clk
    SLICE_X62Y75         FDCE                                         r  native_system/digital/burst/accumulator_reg[6]/C
  -------------------------------------------------------------------    -------------------
    SLICE_X62Y75         FDCE (Prop_fdce_C_Q)         0.478     1.451 r  native_system/digital/burst/accumulator_reg[6]/Q
                         net (fo=16, estimated)       0.860     2.311    native_system/digital/burst/scaled[14]
    SLICE_X64Y75                                                      r  native_system/digital/burst/commanded_waveform[127]_INST_0_i_267/I0
    SLICE_X64Y75         LUT5 (Prop_lut5_I0_O)        0.295     2.606 r  native_system/digital/burst/commanded_waveform[127]_INST_0_i_267/O
                         net (fo=2, estimated)        0.441     3.047    native_system/digital/burst/commanded_waveform[127]_INST_0_i_267_n_0
    SLICE_X61Y75                                                      r  native_system/digital/burst/commanded_waveform[127]_INST_0_i_271/I0
    SLICE_X61Y75         LUT6 (Prop_lut6_I0_O)        0.124     3.171 r  native_system/digital/burst/commanded_waveform[127]_INST_0_i_271/O
                         net (fo=1, routed)           0.000     3.171    native_system/digital/burst/commanded_waveform[127]_INST_0_i_271_n_0
    SLICE_X61Y75                                                      r  native_system/digital/burst/commanded_waveform[127]_INST_0_i_207/S[1]
    SLICE_X61Y75         CARRY4 (Prop_carry4_S[1]_CO[3])
                                                      0.550     3.721 r  native_system/digital/burst/commanded_waveform[127]_INST_0_i_207/CO[3]
                         net (fo=1, estimated)        0.000     3.721    native_system/digital/burst/commanded_waveform[127]_INST_0_i_207_n_0
    SLICE_X61Y76                                                      r  native_system/digital/burst/commanded_waveform[127]_INST_0_i_153/CI
    SLICE_X61Y76         CARRY4 (Prop_carry4_CI_CO[3])
                                                      0.114     3.835 r  native_system/digital/burst/commanded_waveform[127]_INST_0_i_153/CO[3]
                         net (fo=1, estimated)        0.000     3.835    native_system/digital/burst/commanded_waveform[127]_INST_0_i_153_n_0
    SLICE_X61Y77                                                      r  native_system/digital/burst/commanded_waveform[127]_INST_0_i_101/CI
    SLICE_X61Y77         CARRY4 (Prop_carry4_CI_CO[3])
                                                      0.114     3.949 r  native_system/digital/burst/commanded_waveform[127]_INST_0_i_101/CO[3]
                         net (fo=1, estimated)        0.000     3.949    native_system/digital/burst/commanded_waveform[127]_INST_0_i_101_n_0
    SLICE_X61Y78                                                      r  native_system/digital/burst/commanded_waveform[127]_INST_0_i_66/CI
    SLICE_X61Y78         CARRY4 (Prop_carry4_CI_CO[3])
                                                      0.114     4.063 r  native_system/digital/burst/commanded_waveform[127]_INST_0_i_66/CO[3]
                         net (fo=1, estimated)        0.000     4.063    native_system/digital/burst/commanded_waveform[127]_INST_0_i_66_n_0
    SLICE_X61Y79                                                      r  native_system/digital/burst/commanded_waveform[127]_INST_0_i_42/CI
    SLICE_X61Y79         CARRY4 (Prop_carry4_CI_O[2])
                                                      0.239     4.302 r  native_system/digital/burst/commanded_waveform[127]_INST_0_i_42/O[2]
                         net (fo=28, estimated)       1.002     5.304    native_system/digital/burst/commanded_waveform[127]_INST_0_i_42_n_5
    SLICE_X62Y80                                                      r  native_system/digital/burst/commanded_waveform[127]_INST_0_i_305/I0
    SLICE_X62Y80         LUT4 (Prop_lut4_I0_O)        0.302     5.606 r  native_system/digital/burst/commanded_waveform[127]_INST_0_i_305/O
                         net (fo=1, routed)           0.000     5.606    native_system/digital/burst/commanded_waveform[127]_INST_0_i_305_n_0
    SLICE_X62Y80                                                      r  native_system/digital/burst/commanded_waveform[127]_INST_0_i_241/S[1]
    SLICE_X62Y80         CARRY4 (Prop_carry4_S[1]_CO[3])
                                                      0.533     6.139 r  native_system/digital/burst/commanded_waveform[127]_INST_0_i_241/CO[3]
                         net (fo=1, estimated)        0.000     6.139    native_system/digital/burst/commanded_waveform[127]_INST_0_i_241_n_0
    SLICE_X62Y81                                                      r  native_system/digital/burst/commanded_waveform[127]_INST_0_i_185/CI
    SLICE_X62Y81         CARRY4 (Prop_carry4_CI_O[0])
                                                      0.219     6.358 r  native_system/digital/burst/commanded_waveform[127]_INST_0_i_185/O[0]
                         net (fo=3, estimated)        0.739     7.097    native_system/digital/burst/commanded_waveform[127]_INST_0_i_185_n_7
    SLICE_X58Y80                                                      r  native_system/digital/burst/commanded_waveform[127]_INST_0_i_242/I2
    SLICE_X58Y80         LUT3 (Prop_lut3_I2_O)        0.295     7.392 r  native_system/digital/burst/commanded_waveform[127]_INST_0_i_242/O
                         net (fo=2, estimated)        0.300     7.692    native_system/digital/burst/commanded_waveform[127]_INST_0_i_242_n_0
    SLICE_X58Y80                                                      r  native_system/digital/burst/commanded_waveform[127]_INST_0_i_178/I4
    SLICE_X58Y80         LUT5 (Prop_lut5_I4_O)        0.124     7.816 r  native_system/digital/burst/commanded_waveform[127]_INST_0_i_178/O
                         net (fo=2, estimated)        0.438     8.254    native_system/digital/burst/commanded_waveform[127]_INST_0_i_178_n_0
    SLICE_X57Y81                                                      r  native_system/digital/burst/commanded_waveform[127]_INST_0_i_182/I0
    SLICE_X57Y81         LUT6 (Prop_lut6_I0_O)        0.124     8.378 r  native_system/digital/burst/commanded_waveform[127]_INST_0_i_182/O
                         net (fo=1, routed)           0.000     8.378    native_system/digital/burst/commanded_waveform[127]_INST_0_i_182_n_0
    SLICE_X57Y81                                                      r  native_system/digital/burst/commanded_waveform[127]_INST_0_i_124/S[1]
    SLICE_X57Y81         CARRY4 (Prop_carry4_S[1]_CO[3])
                                                      0.550     8.928 r  native_system/digital/burst/commanded_waveform[127]_INST_0_i_124/CO[3]
                         net (fo=1, estimated)        0.000     8.928    native_system/digital/burst/commanded_waveform[127]_INST_0_i_124_n_0
    SLICE_X57Y82                                                      r  native_system/digital/burst/commanded_waveform[127]_INST_0_i_84/CI
    SLICE_X57Y82         CARRY4 (Prop_carry4_CI_CO[3])
                                                      0.114     9.042 r  native_system/digital/burst/commanded_waveform[127]_INST_0_i_84/CO[3]
                         net (fo=1, estimated)        0.000     9.042    native_system/digital/burst/commanded_waveform[127]_INST_0_i_84_n_0
    SLICE_X57Y83                                                      r  native_system/digital/burst/commanded_waveform[127]_INST_0_i_50/CI
    SLICE_X57Y83         CARRY4 (Prop_carry4_CI_O[1])
                                                      0.334     9.376 r  native_system/digital/burst/commanded_waveform[127]_INST_0_i_50/O[1]
                         net (fo=3, estimated)        0.787    10.163    native_system/digital/burst/commanded_waveform[127]_INST_0_i_50_n_6
    SLICE_X56Y81                                                      r  native_system/digital/burst/commanded_waveform[127]_INST_0_i_80/I1
    SLICE_X56Y81         LUT4 (Prop_lut4_I1_O)        0.303    10.466 r  native_system/digital/burst/commanded_waveform[127]_INST_0_i_80/O
                         net (fo=1, routed)           0.000    10.466    native_system/digital/burst/commanded_waveform[127]_INST_0_i_80_n_0
    SLICE_X56Y81                                                      r  native_system/digital/burst/commanded_waveform[127]_INST_0_i_43/S[3]
    SLICE_X56Y81         CARRY4 (Prop_carry4_S[3]_CO[3])
                                                      0.401    10.867 r  native_system/digital/burst/commanded_waveform[127]_INST_0_i_43/CO[3]
                         net (fo=1, estimated)        0.000    10.867    native_system/digital/burst/commanded_waveform[127]_INST_0_i_43_n_0
    SLICE_X56Y82                                                      r  native_system/digital/burst/commanded_waveform[127]_INST_0_i_37/CI
    SLICE_X56Y82         CARRY4 (Prop_carry4_CI_CO[2])
                                                      0.228    11.095 r  native_system/digital/burst/commanded_waveform[127]_INST_0_i_37/CO[2]
                         net (fo=8, estimated)        0.482    11.577    native_system/digital/burst/commanded_waveform[127]_INST_0_i_37_n_1
    SLICE_X55Y82                                                      r  native_system/digital/burst/commanded_waveform[127]_INST_0_i_34/I1
    SLICE_X55Y82         LUT6 (Prop_lut6_I1_O)        0.313    11.890 r  native_system/digital/burst/commanded_waveform[127]_INST_0_i_34/O
                         net (fo=1, routed)           0.000    11.890    native_system/digital/burst/commanded_waveform[127]_INST_0_i_34_n_0
    SLICE_X55Y82                                                      r  native_system/digital/burst/commanded_waveform[127]_INST_0_i_23/S[1]
    SLICE_X55Y82         CARRY4 (Prop_carry4_S[1]_CO[3])
                                                      0.550    12.440 r  native_system/digital/burst/commanded_waveform[127]_INST_0_i_23/CO[3]
                         net (fo=1, estimated)        0.000    12.440    native_system/digital/burst/commanded_waveform[127]_INST_0_i_23_n_0
    SLICE_X55Y83                                                      r  native_system/digital/burst/commanded_waveform[127]_INST_0_i_17/CI
    SLICE_X55Y83         CARRY4 (Prop_carry4_CI_O[3])
                                                      0.313    12.753 f  native_system/digital/burst/commanded_waveform[127]_INST_0_i_17/O[3]
                         net (fo=1, estimated)        0.296    13.049    native_system/digital/burst/phase[7]
    SLICE_X55Y85                                                      f  native_system/digital/burst/commanded_waveform[127]_INST_0_i_11/I0
    SLICE_X55Y85         LUT5 (Prop_lut5_I0_O)        0.306    13.355 r  native_system/digital/burst/commanded_waveform[127]_INST_0_i_11/O
                         net (fo=8, estimated)        0.192    13.547    native_system/digital/scheduler/commanded_waveform3
    SLICE_X55Y85                                                      r  native_system/digital/scheduler/commanded_waveform[95]_INST_0_i_2/I4
    SLICE_X55Y85         LUT6 (Prop_lut6_I4_O)        0.124    13.671 r  native_system/digital/scheduler/commanded_waveform[95]_INST_0_i_2/O
                         net (fo=16, estimated)       0.683    14.354    native_system/digital/bank/captured_reg[65]_0
    SLICE_X65Y85                                                      r  native_system/digital/bank/commanded_waveform[67]_INST_0/I3
    SLICE_X65Y85         LUT5 (Prop_lut5_I3_O)        0.124    14.478 r  native_system/digital/bank/commanded_waveform[67]_INST_0/O
                         net (fo=2, estimated)        0.310    14.788    native_system/digital/serial/commanded_waveform[67]
    SLICE_X66Y85                                                      r  native_system/digital/serial/serial_data[16]_i_1/I0
    SLICE_X66Y85         LUT6 (Prop_lut6_I0_O)        0.124    14.912 r  native_system/digital/serial/serial_data[16]_i_1/O
                         net (fo=1, routed)           0.000    14.912    native_system/digital/serial/serial_data[16]_i_1_n_0
    SLICE_X66Y85         FDCE                                         r  native_system/digital/serial/serial_data_reg[16]/D
  -------------------------------------------------------------------    -------------------

                         (clock core132 rise edge)    7.576     7.576 r  
                                                      0.000     7.576 r  clk (IN)
                         net (fo=18006, unset)        0.924     8.500    native_system/digital/serial/clk
    SLICE_X66Y85         FDCE                                         r  native_system/digital/serial/serial_data_reg[16]/C
                         clock pessimism              0.000     8.500    
                         clock uncertainty           -0.035     8.465    
    SLICE_X66Y85         FDCE (Setup_fdce_C_D)        0.077     8.542    native_system/digital/serial/serial_data_reg[16]
  -------------------------------------------------------------------
                         required time                          8.542    
                         arrival time                         -14.912    
  -------------------------------------------------------------------
                         slack                                 -6.370    

Slack (VIOLATED) :        -6.370ns  (required time - arrival time)
  Source:                 native_system/digital/burst/accumulator_reg[6]/C
                            (rising edge-triggered cell FDCE clocked by core132  {rise@0.000ns fall@3.788ns period=7.576ns})
  Destination:            native_system/digital/serial/captured_reg[7]/D
                            (rising edge-triggered cell FDCE clocked by core132  {rise@0.000ns fall@3.788ns period=7.576ns})
  Path Group:             core132
  Path Type:              Setup (Max at Slow Process Corner)
  Requirement:            7.576ns  (core132 rise@7.576ns - core132 rise@0.000ns)
  Data Path Delay:        13.817ns  (logic 7.285ns (52.725%)  route 6.532ns (47.275%))
  Logic Levels:           25  (CARRY4=14 LUT3=1 LUT4=2 LUT5=4 LUT6=4)
  Clock Path Skew:        -0.049ns (DCD - SCD + CPR)
    Destination Clock Delay (DCD):    0.924ns = ( 8.500 - 7.576 ) 
    Source Clock Delay      (SCD):    0.973ns
    Clock Pessimism Removal (CPR):    0.000ns
  Clock Uncertainty:      0.035ns  ((TSJ^2 + TIJ^2)^1/2 + DJ) / 2 + PE
    Total System Jitter     (TSJ):    0.071ns
    Total Input Jitter      (TIJ):    0.000ns
    Discrete Jitter          (DJ):    0.000ns
    Phase Error              (PE):    0.000ns

    Location             Delay type                Incr(ns)  Path(ns)    Netlist Resource(s)
  -------------------------------------------------------------------    -------------------
                         (clock core132 rise edge)    0.000     0.000 r  
                                                      0.000     0.000 r  clk (IN)
                         net (fo=18006, unset)        0.973     0.973    native_system/digital/burst/clk
    SLICE_X62Y75         FDCE                                         r  native_system/digital/burst/accumulator_reg[6]/C
  -------------------------------------------------------------------    -------------------
    SLICE_X62Y75         FDCE (Prop_fdce_C_Q)         0.478     1.451 r  native_system/digital/burst/accumulator_reg[6]/Q
                         net (fo=16, estimated)       0.860     2.311    native_system/digital/burst/scaled[14]
    SLICE_X64Y75                                                      r  native_system/digital/burst/commanded_waveform[127]_INST_0_i_267/I0
    SLICE_X64Y75         LUT5 (Prop_lut5_I0_O)        0.295     2.606 r  native_system/digital/burst/commanded_waveform[127]_INST_0_i_267/O
                         net (fo=2, estimated)        0.441     3.047    native_system/digital/burst/commanded_waveform[127]_INST_0_i_267_n_0
    SLICE_X61Y75                                                      r  native_system/digital/burst/commanded_waveform[127]_INST_0_i_271/I0
    SLICE_X61Y75         LUT6 (Prop_lut6_I0_O)        0.124     3.171 r  native_system/digital/burst/commanded_waveform[127]_INST_0_i_271/O
                         net (fo=1, routed)           0.000     3.171    native_system/digital/burst/commanded_waveform[127]_INST_0_i_271_n_0
    SLICE_X61Y75                                                      r  native_system/digital/burst/commanded_waveform[127]_INST_0_i_207/S[1]
    SLICE_X61Y75         CARRY4 (Prop_carry4_S[1]_CO[3])
                                                      0.550     3.721 r  native_system/digital/burst/commanded_waveform[127]_INST_0_i_207/CO[3]
                         net (fo=1, estimated)        0.000     3.721    native_system/digital/burst/commanded_waveform[127]_INST_0_i_207_n_0
    SLICE_X61Y76                                                      r  native_system/digital/burst/commanded_waveform[127]_INST_0_i_153/CI
    SLICE_X61Y76         CARRY4 (Prop_carry4_CI_CO[3])
                                                      0.114     3.835 r  native_system/digital/burst/commanded_waveform[127]_INST_0_i_153/CO[3]
                         net (fo=1, estimated)        0.000     3.835    native_system/digital/burst/commanded_waveform[127]_INST_0_i_153_n_0
    SLICE_X61Y77                                                      r  native_system/digital/burst/commanded_waveform[127]_INST_0_i_101/CI
    SLICE_X61Y77         CARRY4 (Prop_carry4_CI_CO[3])
                                                      0.114     3.949 r  native_system/digital/burst/commanded_waveform[127]_INST_0_i_101/CO[3]
                         net (fo=1, estimated)        0.000     3.949    native_system/digital/burst/commanded_waveform[127]_INST_0_i_101_n_0
    SLICE_X61Y78                                                      r  native_system/digital/burst/commanded_waveform[127]_INST_0_i_66/CI
    SLICE_X61Y78         CARRY4 (Prop_carry4_CI_CO[3])
                                                      0.114     4.063 r  native_system/digital/burst/commanded_waveform[127]_INST_0_i_66/CO[3]
                         net (fo=1, estimated)        0.000     4.063    native_system/digital/burst/commanded_waveform[127]_INST_0_i_66_n_0
    SLICE_X61Y79                                                      r  native_system/digital/burst/commanded_waveform[127]_INST_0_i_42/CI
    SLICE_X61Y79         CARRY4 (Prop_carry4_CI_O[2])
                                                      0.239     4.302 r  native_system/digital/burst/commanded_waveform[127]_INST_0_i_42/O[2]
                         net (fo=28, estimated)       1.002     5.304    native_system/digital/burst/commanded_waveform[127]_INST_0_i_42_n_5
    SLICE_X62Y80                                                      r  native_system/digital/burst/commanded_waveform[127]_INST_0_i_305/I0
    SLICE_X62Y80         LUT4 (Prop_lut4_I0_O)        0.302     5.606 r  native_system/digital/burst/commanded_waveform[127]_INST_0_i_305/O
                         net (fo=1, routed)           0.000     5.606    native_system/digital/burst/commanded_waveform[127]_INST_0_i_305_n_0
    SLICE_X62Y80                                                      r  native_system/digital/burst/commanded_waveform[127]_INST_0_i_241/S[1]
    SLICE_X62Y80         CARRY4 (Prop_carry4_S[1]_CO[3])
                                                      0.533     6.139 r  native_system/digital/burst/commanded_waveform[127]_INST_0_i_241/CO[3]
                         net (fo=1, estimated)        0.000     6.139    native_system/digital/burst/commanded_waveform[127]_INST_0_i_241_n_0
    SLICE_X62Y81                                                      r  native_system/digital/burst/commanded_waveform[127]_INST_0_i_185/CI
    SLICE_X62Y81         CARRY4 (Prop_carry4_CI_O[0])
                                                      0.219     6.358 r  native_system/digital/burst/commanded_waveform[127]_INST_0_i_185/O[0]
                         net (fo=3, estimated)        0.739     7.097    native_system/digital/burst/commanded_waveform[127]_INST_0_i_185_n_7
    SLICE_X58Y80                                                      r  native_system/digital/burst/commanded_waveform[127]_INST_0_i_242/I2
    SLICE_X58Y80         LUT3 (Prop_lut3_I2_O)        0.295     7.392 r  native_system/digital/burst/commanded_waveform[127]_INST_0_i_242/O
                         net (fo=2, estimated)        0.300     7.692    native_system/digital/burst/commanded_waveform[127]_INST_0_i_242_n_0
    SLICE_X58Y80                                                      r  native_system/digital/burst/commanded_waveform[127]_INST_0_i_178/I4
    SLICE_X58Y80         LUT5 (Prop_lut5_I4_O)        0.124     7.816 r  native_system/digital/burst/commanded_waveform[127]_INST_0_i_178/O
                         net (fo=2, estimated)        0.438     8.254    native_system/digital/burst/commanded_waveform[127]_INST_0_i_178_n_0
    SLICE_X57Y81                                                      r  native_system/digital/burst/commanded_waveform[127]_INST_0_i_182/I0
    SLICE_X57Y81         LUT6 (Prop_lut6_I0_O)        0.124     8.378 r  native_system/digital/burst/commanded_waveform[127]_INST_0_i_182/O
                         net (fo=1, routed)           0.000     8.378    native_system/digital/burst/commanded_waveform[127]_INST_0_i_182_n_0
    SLICE_X57Y81                                                      r  native_system/digital/burst/commanded_waveform[127]_INST_0_i_124/S[1]
    SLICE_X57Y81         CARRY4 (Prop_carry4_S[1]_CO[3])
                                                      0.550     8.928 r  native_system/digital/burst/commanded_waveform[127]_INST_0_i_124/CO[3]
                         net (fo=1, estimated)        0.000     8.928    native_system/digital/burst/commanded_waveform[127]_INST_0_i_124_n_0
    SLICE_X57Y82                                                      r  native_system/digital/burst/commanded_waveform[127]_INST_0_i_84/CI
    SLICE_X57Y82         CARRY4 (Prop_carry4_CI_CO[3])
                                                      0.114     9.042 r  native_system/digital/burst/commanded_waveform[127]_INST_0_i_84/CO[3]
                         net (fo=1, estimated)        0.000     9.042    native_system/digital/burst/commanded_waveform[127]_INST_0_i_84_n_0
    SLICE_X57Y83                                                      r  native_system/digital/burst/commanded_waveform[127]_INST_0_i_50/CI
    SLICE_X57Y83         CARRY4 (Prop_carry4_CI_O[1])
                                                      0.334     9.376 r  native_system/digital/burst/commanded_waveform[127]_INST_0_i_50/O[1]
                         net (fo=3, estimated)        0.787    10.163    native_system/digital/burst/commanded_waveform[127]_INST_0_i_50_n_6
    SLICE_X56Y81                                                      r  native_system/digital/burst/commanded_waveform[127]_INST_0_i_80/I1
    SLICE_X56Y81         LUT4 (Prop_lut4_I1_O)        0.303    10.466 r  native_system/digital/burst/commanded_waveform[127]_INST_0_i_80/O
                         net (fo=1, routed)           0.000    10.466    native_system/digital/burst/commanded_waveform[127]_INST_0_i_80_n_0
    SLICE_X56Y81                                                      r  native_system/digital/burst/commanded_waveform[127]_INST_0_i_43/S[3]
    SLICE_X56Y81         CARRY4 (Prop_carry4_S[3]_CO[3])
                                                      0.401    10.867 r  native_system/digital/burst/commanded_waveform[127]_INST_0_i_43/CO[3]
                         net (fo=1, estimated)        0.000    10.867    native_system/digital/burst/commanded_waveform[127]_INST_0_i_43_n_0
    SLICE_X56Y82                                                      r  native_system/digital/burst/commanded_waveform[127]_INST_0_i_37/CI
    SLICE_X56Y82         CARRY4 (Prop_carry4_CI_CO[2])
                                                      0.228    11.095 r  native_system/digital/burst/commanded_waveform[127]_INST_0_i_37/CO[2]
                         net (fo=8, estimated)        0.482    11.577    native_system/digital/burst/commanded_waveform[127]_INST_0_i_37_n_1
    SLICE_X55Y82                                                      r  native_system/digital/burst/commanded_waveform[127]_INST_0_i_34/I1
    SLICE_X55Y82         LUT6 (Prop_lut6_I1_O)        0.313    11.890 r  native_system/digital/burst/commanded_waveform[127]_INST_0_i_34/O
                         net (fo=1, routed)           0.000    11.890    native_system/digital/burst/commanded_waveform[127]_INST_0_i_34_n_0
    SLICE_X55Y82                                                      r  native_system/digital/burst/commanded_waveform[127]_INST_0_i_23/S[1]
    SLICE_X55Y82         CARRY4 (Prop_carry4_S[1]_CO[3])
                                                      0.550    12.440 r  native_system/digital/burst/commanded_waveform[127]_INST_0_i_23/CO[3]
                         net (fo=1, estimated)        0.000    12.440    native_system/digital/burst/commanded_waveform[127]_INST_0_i_23_n_0
    SLICE_X55Y83                                                      r  native_system/digital/burst/commanded_waveform[127]_INST_0_i_17/CI
    SLICE_X55Y83         CARRY4 (Prop_carry4_CI_O[3])
                                                      0.313    12.753 f  native_system/digital/burst/commanded_waveform[127]_INST_0_i_17/O[3]
                         net (fo=1, estimated)        0.296    13.049    native_system/digital/burst/phase[7]
    SLICE_X55Y85                                                      f  native_system/digital/burst/commanded_waveform[127]_INST_0_i_11/I0
    SLICE_X55Y85         LUT5 (Prop_lut5_I0_O)        0.306    13.355 r  native_system/digital/burst/commanded_waveform[127]_INST_0_i_11/O
                         net (fo=8, estimated)        0.336    13.691    native_system/digital/scheduler/commanded_waveform3
    SLICE_X57Y85                                                      r  native_system/digital/scheduler/commanded_waveform[31]_INST_0_i_2/I4
    SLICE_X57Y85         LUT6 (Prop_lut6_I4_O)        0.124    13.815 r  native_system/digital/scheduler/commanded_waveform[31]_INST_0_i_2/O
                         net (fo=16, estimated)       0.510    14.325    native_system/digital/bank/captured_reg[1]_0
    SLICE_X62Y86                                                      r  native_system/digital/bank/commanded_waveform[7]_INST_0/I3
    SLICE_X62Y86         LUT5 (Prop_lut5_I3_O)        0.124    14.449 r  native_system/digital/bank/commanded_waveform[7]_INST_0/O
                         net (fo=2, estimated)        0.341    14.790    native_system/digital/serial/commanded_waveform[7]
    SLICE_X62Y87         FDCE                                         r  native_system/digital/serial/captured_reg[7]/D
  -------------------------------------------------------------------    -------------------

                         (clock core132 rise edge)    7.576     7.576 r  
                                                      0.000     7.576 r  clk (IN)
                         net (fo=18006, unset)        0.924     8.500    native_system/digital/serial/clk
    SLICE_X62Y87         FDCE                                         r  native_system/digital/serial/captured_reg[7]/C
                         clock pessimism              0.000     8.500    
                         clock uncertainty           -0.035     8.465    
    SLICE_X62Y87         FDCE (Setup_fdce_C_D)       -0.045     8.420    native_system/digital/serial/captured_reg[7]
  -------------------------------------------------------------------
                         required time                          8.420    
                         arrival time                         -14.790    
  -------------------------------------------------------------------
                         slack                                 -6.370    

Slack (VIOLATED) :        -6.367ns  (required time - arrival time)
  Source:                 native_system/digital/burst/accumulator_reg[6]/C
                            (rising edge-triggered cell FDCE clocked by core132  {rise@0.000ns fall@3.788ns period=7.576ns})
  Destination:            native_system/digital/serial/serial_data_reg[3]/D
                            (rising edge-triggered cell FDCE clocked by core132  {rise@0.000ns fall@3.788ns period=7.576ns})
  Path Group:             core132
  Path Type:              Setup (Max at Slow Process Corner)
  Requirement:            7.576ns  (core132 rise@7.576ns - core132 rise@0.000ns)
  Data Path Delay:        13.890ns  (logic 7.409ns (53.341%)  route 6.481ns (46.659%))
  Logic Levels:           26  (CARRY4=14 LUT3=1 LUT4=2 LUT5=4 LUT6=5)
  Clock Path Skew:        -0.049ns (DCD - SCD + CPR)
    Destination Clock Delay (DCD):    0.924ns = ( 8.500 - 7.576 ) 
    Source Clock Delay      (SCD):    0.973ns
    Clock Pessimism Removal (CPR):    0.000ns
  Clock Uncertainty:      0.035ns  ((TSJ^2 + TIJ^2)^1/2 + DJ) / 2 + PE
    Total System Jitter     (TSJ):    0.071ns
    Total Input Jitter      (TIJ):    0.000ns
    Discrete Jitter          (DJ):    0.000ns
    Phase Error              (PE):    0.000ns

    Location             Delay type                Incr(ns)  Path(ns)    Netlist Resource(s)
  -------------------------------------------------------------------    -------------------
                         (clock core132 rise edge)    0.000     0.000 r  
                                                      0.000     0.000 r  clk (IN)
                         net (fo=18006, unset)        0.973     0.973    native_system/digital/burst/clk
    SLICE_X62Y75         FDCE                                         r  native_system/digital/burst/accumulator_reg[6]/C
  -------------------------------------------------------------------    -------------------
    SLICE_X62Y75         FDCE (Prop_fdce_C_Q)         0.478     1.451 r  native_system/digital/burst/accumulator_reg[6]/Q
                         net (fo=16, estimated)       0.860     2.311    native_system/digital/burst/scaled[14]
    SLICE_X64Y75                                                      r  native_system/digital/burst/commanded_waveform[127]_INST_0_i_267/I0
    SLICE_X64Y75         LUT5 (Prop_lut5_I0_O)        0.295     2.606 r  native_system/digital/burst/commanded_waveform[127]_INST_0_i_267/O
                         net (fo=2, estimated)        0.441     3.047    native_system/digital/burst/commanded_waveform[127]_INST_0_i_267_n_0
    SLICE_X61Y75                                                      r  native_system/digital/burst/commanded_waveform[127]_INST_0_i_271/I0
    SLICE_X61Y75         LUT6 (Prop_lut6_I0_O)        0.124     3.171 r  native_system/digital/burst/commanded_waveform[127]_INST_0_i_271/O
                         net (fo=1, routed)           0.000     3.171    native_system/digital/burst/commanded_waveform[127]_INST_0_i_271_n_0
    SLICE_X61Y75                                                      r  native_system/digital/burst/commanded_waveform[127]_INST_0_i_207/S[1]
    SLICE_X61Y75         CARRY4 (Prop_carry4_S[1]_CO[3])
                                                      0.550     3.721 r  native_system/digital/burst/commanded_waveform[127]_INST_0_i_207/CO[3]
                         net (fo=1, estimated)        0.000     3.721    native_system/digital/burst/commanded_waveform[127]_INST_0_i_207_n_0
    SLICE_X61Y76                                                      r  native_system/digital/burst/commanded_waveform[127]_INST_0_i_153/CI
    SLICE_X61Y76         CARRY4 (Prop_carry4_CI_CO[3])
                                                      0.114     3.835 r  native_system/digital/burst/commanded_waveform[127]_INST_0_i_153/CO[3]
                         net (fo=1, estimated)        0.000     3.835    native_system/digital/burst/commanded_waveform[127]_INST_0_i_153_n_0
    SLICE_X61Y77                                                      r  native_system/digital/burst/commanded_waveform[127]_INST_0_i_101/CI
    SLICE_X61Y77         CARRY4 (Prop_carry4_CI_CO[3])
                                                      0.114     3.949 r  native_system/digital/burst/commanded_waveform[127]_INST_0_i_101/CO[3]
                         net (fo=1, estimated)        0.000     3.949    native_system/digital/burst/commanded_waveform[127]_INST_0_i_101_n_0
    SLICE_X61Y78                                                      r  native_system/digital/burst/commanded_waveform[127]_INST_0_i_66/CI
    SLICE_X61Y78         CARRY4 (Prop_carry4_CI_CO[3])
                                                      0.114     4.063 r  native_system/digital/burst/commanded_waveform[127]_INST_0_i_66/CO[3]
                         net (fo=1, estimated)        0.000     4.063    native_system/digital/burst/commanded_waveform[127]_INST_0_i_66_n_0
    SLICE_X61Y79                                                      r  native_system/digital/burst/commanded_waveform[127]_INST_0_i_42/CI
    SLICE_X61Y79         CARRY4 (Prop_carry4_CI_O[2])
                                                      0.239     4.302 r  native_system/digital/burst/commanded_waveform[127]_INST_0_i_42/O[2]
                         net (fo=28, estimated)       1.002     5.304    native_system/digital/burst/commanded_waveform[127]_INST_0_i_42_n_5
    SLICE_X62Y80                                                      r  native_system/digital/burst/commanded_waveform[127]_INST_0_i_305/I0
    SLICE_X62Y80         LUT4 (Prop_lut4_I0_O)        0.302     5.606 r  native_system/digital/burst/commanded_waveform[127]_INST_0_i_305/O
                         net (fo=1, routed)           0.000     5.606    native_system/digital/burst/commanded_waveform[127]_INST_0_i_305_n_0
    SLICE_X62Y80                                                      r  native_system/digital/burst/commanded_waveform[127]_INST_0_i_241/S[1]
    SLICE_X62Y80         CARRY4 (Prop_carry4_S[1]_CO[3])
                                                      0.533     6.139 r  native_system/digital/burst/commanded_waveform[127]_INST_0_i_241/CO[3]
                         net (fo=1, estimated)        0.000     6.139    native_system/digital/burst/commanded_waveform[127]_INST_0_i_241_n_0
    SLICE_X62Y81                                                      r  native_system/digital/burst/commanded_waveform[127]_INST_0_i_185/CI
    SLICE_X62Y81         CARRY4 (Prop_carry4_CI_O[0])
                                                      0.219     6.358 r  native_system/digital/burst/commanded_waveform[127]_INST_0_i_185/O[0]
                         net (fo=3, estimated)        0.739     7.097    native_system/digital/burst/commanded_waveform[127]_INST_0_i_185_n_7
    SLICE_X58Y80                                                      r  native_system/digital/burst/commanded_waveform[127]_INST_0_i_242/I2
    SLICE_X58Y80         LUT3 (Prop_lut3_I2_O)        0.295     7.392 r  native_system/digital/burst/commanded_waveform[127]_INST_0_i_242/O
                         net (fo=2, estimated)        0.300     7.692    native_system/digital/burst/commanded_waveform[127]_INST_0_i_242_n_0
    SLICE_X58Y80                                                      r  native_system/digital/burst/commanded_waveform[127]_INST_0_i_178/I4
    SLICE_X58Y80         LUT5 (Prop_lut5_I4_O)        0.124     7.816 r  native_system/digital/burst/commanded_waveform[127]_INST_0_i_178/O
                         net (fo=2, estimated)        0.438     8.254    native_system/digital/burst/commanded_waveform[127]_INST_0_i_178_n_0
    SLICE_X57Y81                                                      r  native_system/digital/burst/commanded_waveform[127]_INST_0_i_182/I0
    SLICE_X57Y81         LUT6 (Prop_lut6_I0_O)        0.124     8.378 r  native_system/digital/burst/commanded_waveform[127]_INST_0_i_182/O
                         net (fo=1, routed)           0.000     8.378    native_system/digital/burst/commanded_waveform[127]_INST_0_i_182_n_0
    SLICE_X57Y81                                                      r  native_system/digital/burst/commanded_waveform[127]_INST_0_i_124/S[1]
    SLICE_X57Y81         CARRY4 (Prop_carry4_S[1]_CO[3])
                                                      0.550     8.928 r  native_system/digital/burst/commanded_waveform[127]_INST_0_i_124/CO[3]
                         net (fo=1, estimated)        0.000     8.928    native_system/digital/burst/commanded_waveform[127]_INST_0_i_124_n_0
    SLICE_X57Y82                                                      r  native_system/digital/burst/commanded_waveform[127]_INST_0_i_84/CI
    SLICE_X57Y82         CARRY4 (Prop_carry4_CI_CO[3])
                                                      0.114     9.042 r  native_system/digital/burst/commanded_waveform[127]_INST_0_i_84/CO[3]
                         net (fo=1, estimated)        0.000     9.042    native_system/digital/burst/commanded_waveform[127]_INST_0_i_84_n_0
    SLICE_X57Y83                                                      r  native_system/digital/burst/commanded_waveform[127]_INST_0_i_50/CI
    SLICE_X57Y83         CARRY4 (Prop_carry4_CI_O[1])
                                                      0.334     9.376 r  native_system/digital/burst/commanded_waveform[127]_INST_0_i_50/O[1]
                         net (fo=3, estimated)        0.787    10.163    native_system/digital/burst/commanded_waveform[127]_INST_0_i_50_n_6
    SLICE_X56Y81                                                      r  native_system/digital/burst/commanded_waveform[127]_INST_0_i_80/I1
    SLICE_X56Y81         LUT4 (Prop_lut4_I1_O)        0.303    10.466 r  native_system/digital/burst/commanded_waveform[127]_INST_0_i_80/O
                         net (fo=1, routed)           0.000    10.466    native_system/digital/burst/commanded_waveform[127]_INST_0_i_80_n_0
    SLICE_X56Y81                                                      r  native_system/digital/burst/commanded_waveform[127]_INST_0_i_43/S[3]
    SLICE_X56Y81         CARRY4 (Prop_carry4_S[3]_CO[3])
                                                      0.401    10.867 r  native_system/digital/burst/commanded_waveform[127]_INST_0_i_43/CO[3]
                         net (fo=1, estimated)        0.000    10.867    native_system/digital/burst/commanded_waveform[127]_INST_0_i_43_n_0
    SLICE_X56Y82                                                      r  native_system/digital/burst/commanded_waveform[127]_INST_0_i_37/CI
    SLICE_X56Y82         CARRY4 (Prop_carry4_CI_CO[2])
                                                      0.228    11.095 r  native_system/digital/burst/commanded_waveform[127]_INST_0_i_37/CO[2]
                         net (fo=8, estimated)        0.482    11.577    native_system/digital/burst/commanded_waveform[127]_INST_0_i_37_n_1
    SLICE_X55Y82                                                      r  native_system/digital/burst/commanded_waveform[127]_INST_0_i_34/I1
    SLICE_X55Y82         LUT6 (Prop_lut6_I1_O)        0.313    11.890 r  native_system/digital/burst/commanded_waveform[127]_INST_0_i_34/O
                         net (fo=1, routed)           0.000    11.890    native_system/digital/burst/commanded_waveform[127]_INST_0_i_34_n_0
    SLICE_X55Y82                                                      r  native_system/digital/burst/commanded_waveform[127]_INST_0_i_23/S[1]
    SLICE_X55Y82         CARRY4 (Prop_carry4_S[1]_CO[3])
                                                      0.550    12.440 r  native_system/digital/burst/commanded_waveform[127]_INST_0_i_23/CO[3]
                         net (fo=1, estimated)        0.000    12.440    native_system/digital/burst/commanded_waveform[127]_INST_0_i_23_n_0
    SLICE_X55Y83                                                      r  native_system/digital/burst/commanded_waveform[127]_INST_0_i_17/CI
    SLICE_X55Y83         CARRY4 (Prop_carry4_CI_O[3])
                                                      0.313    12.753 f  native_system/digital/burst/commanded_waveform[127]_INST_0_i_17/O[3]
                         net (fo=1, estimated)        0.296    13.049    native_system/digital/burst/phase[7]
    SLICE_X55Y85                                                      f  native_system/digital/burst/commanded_waveform[127]_INST_0_i_11/I0
    SLICE_X55Y85         LUT5 (Prop_lut5_I0_O)        0.306    13.355 r  native_system/digital/burst/commanded_waveform[127]_INST_0_i_11/O
                         net (fo=8, estimated)        0.336    13.691    native_system/digital/scheduler/commanded_waveform3
    SLICE_X57Y85                                                      r  native_system/digital/scheduler/commanded_waveform[31]_INST_0_i_2/I4
    SLICE_X57Y85         LUT6 (Prop_lut6_I4_O)        0.124    13.815 r  native_system/digital/scheduler/commanded_waveform[31]_INST_0_i_2/O
                         net (fo=16, estimated)       0.354    14.169    native_system/digital/bank/captured_reg[1]_0
    SLICE_X61Y85                                                      r  native_system/digital/bank/commanded_waveform[15]_INST_0/I3
    SLICE_X61Y85         LUT5 (Prop_lut5_I3_O)        0.124    14.293 r  native_system/digital/bank/commanded_waveform[15]_INST_0/O
                         net (fo=2, estimated)        0.446    14.739    native_system/digital/serial/commanded_waveform[15]
    SLICE_X61Y86                                                      r  native_system/digital/serial/serial_data[3]_i_1/I0
    SLICE_X61Y86         LUT6 (Prop_lut6_I0_O)        0.124    14.863 r  native_system/digital/serial/serial_data[3]_i_1/O
                         net (fo=1, routed)           0.000    14.863    native_system/digital/serial/serial_data[3]_i_1_n_0
    SLICE_X61Y86         FDCE                                         r  native_system/digital/serial/serial_data_reg[3]/D
  -------------------------------------------------------------------    -------------------

                         (clock core132 rise edge)    7.576     7.576 r  
                                                      0.000     7.576 r  clk (IN)
                         net (fo=18006, unset)        0.924     8.500    native_system/digital/serial/clk
    SLICE_X61Y86         FDCE                                         r  native_system/digital/serial/serial_data_reg[3]/C
                         clock pessimism              0.000     8.500    
                         clock uncertainty           -0.035     8.465    
    SLICE_X61Y86         FDCE (Setup_fdce_C_D)        0.031     8.496    native_system/digital/serial/serial_data_reg[3]
  -------------------------------------------------------------------
                         required time                          8.496    
                         arrival time                         -14.863    
  -------------------------------------------------------------------
                         slack                                 -6.367    




