Copyright 1986-2022 Xilinx, Inc. All Rights Reserved. Copyright 2022-2025 Advanced Micro Devices, Inc. All Rights Reserved.
-----------------------------------------------------------------------------------------------------------------------------------------------------------------------------------------------------------------------
| Tool Version : Vivado v.2025.2 (win64) Build 6299465 Fri Nov 14 19:35:11 GMT 2025
| Date         : Sat Oct  3 16:33:43 2026
| Host         : loverlike running 64-bit major release  (build 9200)
| Command      : report_timing -max_paths 20 -nworst 1 -path_type full_clock_expanded -input_pins -file E:/Codex_project/AMD-SonoField-FPGA/v2/evidence/pre_pcb_board_ready/timing/strategy3/routed/critical_paths.rpt
| Design       : sono_axi_system
| Device       : 7z020-clg400
| Speed File   : -1  PRODUCTION 1.12 2019-11-22
| Design State : Routed
-----------------------------------------------------------------------------------------------------------------------------------------------------------------------------------------------------------------------

Timing Report

Slack (MET) :             0.082ns  (required time - arrival time)
  Source:                 native_system/digital/cfg_reg[9][6]/C
                            (rising edge-triggered cell FDCE clocked by core132  {rise@0.000ns fall@3.788ns period=7.576ns})
  Destination:            native_system/digital/scheduler/error_reg/D
                            (rising edge-triggered cell FDCE clocked by core132  {rise@0.000ns fall@3.788ns period=7.576ns})
  Path Group:             core132
  Path Type:              Setup (Max at Slow Process Corner)
  Requirement:            7.576ns  (core132 rise@7.576ns - core132 rise@0.000ns)
  Data Path Delay:        7.352ns  (logic 2.790ns (37.949%)  route 4.562ns (62.051%))
  Logic Levels:           14  (CARRY4=7 LUT3=3 LUT4=1 LUT6=3)
  Clock Path Skew:        -0.049ns (DCD - SCD + CPR)
    Destination Clock Delay (DCD):    0.924ns = ( 8.500 - 7.576 ) 
    Source Clock Delay      (SCD):    0.973ns
    Clock Pessimism Removal (CPR):    0.000ns
  Clock Uncertainty:      0.035ns  ((TSJ^2 + TIJ^2)^1/2 + DJ) / 2 + PE
    Total System Jitter     (TSJ):    0.071ns
    Total Input Jitter      (TIJ):    0.000ns
    Discrete Jitter          (DJ):    0.000ns
    Phase Error              (PE):    0.000ns

    Location             Delay type                Incr(ns)  Path(ns)    Netlist Resource(s)
  -------------------------------------------------------------------    -------------------
                         (clock core132 rise edge)    0.000     0.000 r  
                                                      0.000     0.000 r  clk (IN)
                         net (fo=17925, unset)        0.973     0.973    native_system/digital/clk
    SLICE_X48Y90         FDCE                                         r  native_system/digital/cfg_reg[9][6]/C
  -------------------------------------------------------------------    -------------------
    SLICE_X48Y90         FDCE (Prop_fdce_C_Q)         0.456     1.429 r  native_system/digital/cfg_reg[9][6]/Q
                         net (fo=5, routed)           0.611     2.040    native_system/digital/scheduler/total_reg[31]_0[6]
    SLICE_X47Y90                                                      r  native_system/digital/scheduler/total[7]_i_2/I0
    SLICE_X47Y90         LUT3 (Prop_lut3_I0_O)        0.124     2.164 r  native_system/digital/scheduler/total[7]_i_2/O
                         net (fo=2, routed)           0.757     2.921    native_system/digital/scheduler/total[7]_i_2_n_0
    SLICE_X44Y90                                                      r  native_system/digital/scheduler/total[7]_i_6/I3
    SLICE_X44Y90         LUT4 (Prop_lut4_I3_O)        0.124     3.045 r  native_system/digital/scheduler/total[7]_i_6/O
                         net (fo=1, routed)           0.000     3.045    native_system/digital/scheduler/total[7]_i_6_n_0
    SLICE_X44Y90                                                      r  native_system/digital/scheduler/total_reg[7]_i_1/S[3]
    SLICE_X44Y90         CARRY4 (Prop_carry4_S[3]_CO[3])
                                                      0.401     3.446 r  native_system/digital/scheduler/total_reg[7]_i_1/CO[3]
                         net (fo=1, routed)           0.000     3.446    native_system/digital/scheduler/total_reg[7]_i_1_n_0
    SLICE_X44Y91                                                      r  native_system/digital/scheduler/total_reg[11]_i_1/CI
    SLICE_X44Y91         CARRY4 (Prop_carry4_CI_CO[3])
                                                      0.114     3.560 r  native_system/digital/scheduler/total_reg[11]_i_1/CO[3]
                         net (fo=1, routed)           0.000     3.560    native_system/digital/scheduler/total_reg[11]_i_1_n_0
    SLICE_X44Y92                                                      r  native_system/digital/scheduler/total_reg[15]_i_1/CI
    SLICE_X44Y92         CARRY4 (Prop_carry4_CI_CO[3])
                                                      0.114     3.674 r  native_system/digital/scheduler/total_reg[15]_i_1/CO[3]
                         net (fo=1, routed)           0.000     3.674    native_system/digital/scheduler/total_reg[15]_i_1_n_0
    SLICE_X44Y93                                                      r  native_system/digital/scheduler/total_reg[19]_i_1/CI
    SLICE_X44Y93         CARRY4 (Prop_carry4_CI_CO[3])
                                                      0.114     3.788 r  native_system/digital/scheduler/total_reg[19]_i_1/CO[3]
                         net (fo=1, routed)           0.000     3.788    native_system/digital/scheduler/total_reg[19]_i_1_n_0
    SLICE_X44Y94                                                      r  native_system/digital/scheduler/total_reg[23]_i_1/CI
    SLICE_X44Y94         CARRY4 (Prop_carry4_CI_CO[3])
                                                      0.114     3.902 r  native_system/digital/scheduler/total_reg[23]_i_1/CO[3]
                         net (fo=1, routed)           0.000     3.902    native_system/digital/scheduler/total_reg[23]_i_1_n_0
    SLICE_X44Y95                                                      r  native_system/digital/scheduler/total_reg[27]_i_1/CI
    SLICE_X44Y95         CARRY4 (Prop_carry4_CI_CO[3])
                                                      0.114     4.016 r  native_system/digital/scheduler/total_reg[27]_i_1/CO[3]
                         net (fo=1, routed)           0.000     4.016    native_system/digital/scheduler/total_reg[27]_i_1_n_0
    SLICE_X44Y96                                                      r  native_system/digital/scheduler/total_reg[31]_i_2/CI
    SLICE_X44Y96         CARRY4 (Prop_carry4_CI_O[3])
                                                      0.313     4.329 r  native_system/digital/scheduler/total_reg[31]_i_2/O[3]
                         net (fo=2, routed)           0.520     4.849    native_system/digital/scheduler/total_reg[31]_i_2_n_4
    SLICE_X45Y88                                                      r  native_system/digital/scheduler/capture_sequence[7]_i_17/I2
    SLICE_X45Y88         LUT3 (Prop_lut3_I2_O)        0.306     5.155 r  native_system/digital/scheduler/capture_sequence[7]_i_17/O
                         net (fo=1, routed)           0.645     5.800    native_system/digital/scheduler/capture_sequence[7]_i_17_n_0
    SLICE_X45Y87                                                      r  native_system/digital/scheduler/capture_sequence[7]_i_8/I0
    SLICE_X45Y87         LUT6 (Prop_lut6_I0_O)        0.124     5.924 r  native_system/digital/scheduler/capture_sequence[7]_i_8/O
                         net (fo=1, routed)           0.395     6.319    native_system/digital/adc/spi/selected_tx_reg[0]
    SLICE_X47Y88                                                      r  native_system/digital/adc/spi/capture_sequence[7]_i_5/I1
    SLICE_X47Y88         LUT6 (Prop_lut6_I1_O)        0.124     6.443 r  native_system/digital/adc/spi/capture_sequence[7]_i_5/O
                         net (fo=7, routed)           0.511     6.955    native_system/digital/scheduler/state1
    SLICE_X49Y86                                                      r  native_system/digital/scheduler/state[2]_i_3/I2
    SLICE_X49Y86         LUT3 (Prop_lut3_I2_O)        0.124     7.079 r  native_system/digital/scheduler/state[2]_i_3/O
                         net (fo=2, routed)           0.574     7.653    native_system/digital/scheduler/state[2]_i_3_n_0
    SLICE_X50Y85                                                      r  native_system/digital/scheduler/error_i_1/I3
    SLICE_X50Y85         LUT6 (Prop_lut6_I3_O)        0.124     7.777 r  native_system/digital/scheduler/error_i_1/O
                         net (fo=1, routed)           0.548     8.325    native_system/digital/scheduler/error_i_1_n_0
    SLICE_X55Y84         FDCE                                         r  native_system/digital/scheduler/error_reg/D
  -------------------------------------------------------------------    -------------------

                         (clock core132 rise edge)    7.576     7.576 r  
                                                      0.000     7.576 r  clk (IN)
                         net (fo=17925, unset)        0.924     8.500    native_system/digital/scheduler/clk
    SLICE_X55Y84         FDCE                                         r  native_system/digital/scheduler/error_reg/C
                         clock pessimism              0.000     8.500    
                         clock uncertainty           -0.035     8.465    
    SLICE_X55Y84         FDCE (Setup_fdce_C_D)       -0.058     8.407    native_system/digital/scheduler/error_reg
  -------------------------------------------------------------------
                         required time                          8.407    
                         arrival time                          -8.325    
  -------------------------------------------------------------------
                         slack                                  0.082    

Slack (MET) :             0.134ns  (required time - arrival time)
  Source:                 native_system/queue/bus_valid_reg/C
                            (rising edge-triggered cell FDCE clocked by core132  {rise@0.000ns fall@3.788ns period=7.576ns})
  Destination:            bridge/s_rdata_reg[2]/D
                            (rising edge-triggered cell FDCE clocked by core132  {rise@0.000ns fall@3.788ns period=7.576ns})
  Path Group:             core132
  Path Type:              Setup (Max at Slow Process Corner)
  Requirement:            7.576ns  (core132 rise@7.576ns - core132 rise@0.000ns)
  Data Path Delay:        7.390ns  (logic 1.550ns (20.974%)  route 5.840ns (79.026%))
  Logic Levels:           7  (LUT3=4 LUT5=1 LUT6=2)
  Clock Path Skew:        -0.049ns (DCD - SCD + CPR)
    Destination Clock Delay (DCD):    0.924ns = ( 8.500 - 7.576 ) 
    Source Clock Delay      (SCD):    0.973ns
    Clock Pessimism Removal (CPR):    0.000ns
  Clock Uncertainty:      0.035ns  ((TSJ^2 + TIJ^2)^1/2 + DJ) / 2 + PE
    Total System Jitter     (TSJ):    0.071ns
    Total Input Jitter      (TIJ):    0.000ns
    Discrete Jitter          (DJ):    0.000ns
    Phase Error              (PE):    0.000ns

    Location             Delay type                Incr(ns)  Path(ns)    Netlist Resource(s)
  -------------------------------------------------------------------    -------------------
                         (clock core132 rise edge)    0.000     0.000 r  
                                                      0.000     0.000 r  clk (IN)
                         net (fo=17925, unset)        0.973     0.973    native_system/queue/clk
    SLICE_X47Y97         FDCE                                         r  native_system/queue/bus_valid_reg/C
  -------------------------------------------------------------------    -------------------
    SLICE_X47Y97         FDCE (Prop_fdce_C_Q)         0.456     1.429 r  native_system/queue/bus_valid_reg/Q
                         net (fo=45, routed)          1.186     2.615    native_system/queue/qvalid
    SLICE_X54Y93                                                      r  native_system/queue/cfg[3][31]_i_4/I1
    SLICE_X54Y93         LUT3 (Prop_lut3_I1_O)        0.124     2.739 f  native_system/queue/cfg[3][31]_i_4/O
                         net (fo=25, routed)          1.119     3.858    native_system/queue/cfg[3][31]_i_4_n_0
    SLICE_X53Y92                                                      f  native_system/queue/s_rdata[31]_i_30/I3
    SLICE_X53Y92         LUT6 (Prop_lut6_I3_O)        0.124     3.982 f  native_system/queue/s_rdata[31]_i_30/O
                         net (fo=1, routed)           0.290     4.272    native_system/queue/s_rdata[31]_i_30_n_0
    SLICE_X53Y91                                                      f  native_system/queue/s_rdata[31]_i_23/I2
    SLICE_X53Y91         LUT3 (Prop_lut3_I2_O)        0.124     4.396 r  native_system/queue/s_rdata[31]_i_23/O
                         net (fo=97, routed)          1.123     5.519    native_system/digital/scheduler/s_rdata[8]_i_3
    SLICE_X43Y82                                                      r  native_system/digital/scheduler/s_rdata[2]_i_6/I4
    SLICE_X43Y82         LUT5 (Prop_lut5_I4_O)        0.124     5.643 r  native_system/digital/scheduler/s_rdata[2]_i_6/O
                         net (fo=1, routed)           0.942     6.585    native_system/digital/scheduler/s_rdata[2]_i_6_n_0
    SLICE_X46Y83                                                      r  native_system/digital/scheduler/s_rdata[2]_i_3/I2
    SLICE_X46Y83         LUT3 (Prop_lut3_I2_O)        0.146     6.731 f  native_system/digital/scheduler/s_rdata[2]_i_3/O
                         net (fo=1, routed)           0.607     7.338    native_system/queue/s_rdata_reg[2]
    SLICE_X50Y85                                                      f  native_system/queue/s_rdata[2]_i_2/I0
    SLICE_X50Y85         LUT6 (Prop_lut6_I0_O)        0.328     7.666 r  native_system/queue/s_rdata[2]_i_2/O
                         net (fo=1, routed)           0.573     8.239    bridge/bus_rdata[2]
    SLICE_X47Y84                                                      r  bridge/s_rdata[2]_i_1/I0
    SLICE_X47Y84         LUT3 (Prop_lut3_I0_O)        0.124     8.363 r  bridge/s_rdata[2]_i_1/O
                         net (fo=1, routed)           0.000     8.363    bridge/s_rdata0_in[2]
    SLICE_X47Y84         FDCE                                         r  bridge/s_rdata_reg[2]/D
  -------------------------------------------------------------------    -------------------

                         (clock core132 rise edge)    7.576     7.576 r  
                                                      0.000     7.576 r  clk (IN)
                         net (fo=17925, unset)        0.924     8.500    bridge/clk
    SLICE_X47Y84         FDCE                                         r  bridge/s_rdata_reg[2]/C
                         clock pessimism              0.000     8.500    
                         clock uncertainty           -0.035     8.465    
    SLICE_X47Y84         FDCE (Setup_fdce_C_D)        0.032     8.497    bridge/s_rdata_reg[2]
  -------------------------------------------------------------------
                         required time                          8.497    
                         arrival time                          -8.363    
  -------------------------------------------------------------------
                         slack                                  0.134    

Slack (MET) :             0.136ns  (required time - arrival time)
  Source:                 native_system/queue/timer_reg[15]/C
                            (rising edge-triggered cell FDCE clocked by core132  {rise@0.000ns fall@3.788ns period=7.576ns})
  Destination:            native_system/queue/queue_reg[0][1329]/CE
                            (rising edge-triggered cell FDRE clocked by core132  {rise@0.000ns fall@3.788ns period=7.576ns})
  Path Group:             core132
  Path Type:              Setup (Max at Slow Process Corner)
  Requirement:            7.576ns  (core132 rise@7.576ns - core132 rise@0.000ns)
  Data Path Delay:        7.151ns  (logic 1.200ns (16.782%)  route 5.951ns (83.218%))
  Logic Levels:           6  (LUT4=1 LUT5=2 LUT6=3)
  Clock Path Skew:        -0.049ns (DCD - SCD + CPR)
    Destination Clock Delay (DCD):    0.924ns = ( 8.500 - 7.576 ) 
    Source Clock Delay      (SCD):    0.973ns
    Clock Pessimism Removal (CPR):    0.000ns
  Clock Uncertainty:      0.035ns  ((TSJ^2 + TIJ^2)^1/2 + DJ) / 2 + PE
    Total System Jitter     (TSJ):    0.071ns
    Total Input Jitter      (TIJ):    0.000ns
    Discrete Jitter          (DJ):    0.000ns
    Phase Error              (PE):    0.000ns

    Location             Delay type                Incr(ns)  Path(ns)    Netlist Resource(s)
  -------------------------------------------------------------------    -------------------
                         (clock core132 rise edge)    0.000     0.000 r  
                                                      0.000     0.000 r  clk (IN)
                         net (fo=17925, unset)        0.973     0.973    native_system/queue/clk
    SLICE_X53Y100        FDCE                                         r  native_system/queue/timer_reg[15]/C
  -------------------------------------------------------------------    -------------------
    SLICE_X53Y100        FDCE (Prop_fdce_C_Q)         0.456     1.429 r  native_system/queue/timer_reg[15]/Q
                         net (fo=4, routed)           0.840     2.269    native_system/queue/timer_reg_n_0_[15]
    SLICE_X52Y98                                                      r  native_system/queue/frame_ready_INST_0_i_6/I1
    SLICE_X52Y98         LUT4 (Prop_lut4_I1_O)        0.124     2.393 r  native_system/queue/frame_ready_INST_0_i_6/O
                         net (fo=1, routed)           0.762     3.155    native_system/queue/frame_ready_INST_0_i_6_n_0
    SLICE_X53Y99                                                      r  native_system/queue/frame_ready_INST_0_i_3/I2
    SLICE_X53Y99         LUT6 (Prop_lut6_I2_O)        0.124     3.279 f  native_system/queue/frame_ready_INST_0_i_3/O
                         net (fo=2, routed)           0.307     3.586    native_system/queue/p_28_in
    SLICE_X50Y99                                                      f  native_system/queue/frame_ready_INST_0_i_1/I0
    SLICE_X50Y99         LUT5 (Prop_lut5_I0_O)        0.124     3.710 f  native_system/queue/frame_ready_INST_0_i_1/O
                         net (fo=30, routed)          0.616     4.325    native_system/queue/p_30_in
    SLICE_X55Y99                                                      f  native_system/queue/frame_ready_INST_0/I2
    SLICE_X55Y99         LUT6 (Prop_lut6_I2_O)        0.124     4.449 r  native_system/queue/frame_ready_INST_0/O
                         net (fo=2, routed)           0.583     5.032    native_system/queue/frame_ready
    SLICE_X57Y101                                                     r  native_system/queue/occupancy[2]_i_4/I1
    SLICE_X57Y101        LUT6 (Prop_lut6_I1_O)        0.124     5.156 r  native_system/queue/occupancy[2]_i_4/O
                         net (fo=12, routed)          0.631     5.787    native_system/queue/occupancy[2]_i_4_n_0
    SLICE_X57Y105                                                     r  native_system/queue/seq[0][31]_i_1/I4
    SLICE_X57Y105        LUT5 (Prop_lut5_I4_O)        0.124     5.911 r  native_system/queue/seq[0][31]_i_1/O
                         net (fo=2208, routed)        2.213     8.124    native_system/queue/seq[0][31]_i_1_n_0
    SLICE_X31Y127        FDRE                                         r  native_system/queue/queue_reg[0][1329]/CE
  -------------------------------------------------------------------    -------------------

                         (clock core132 rise edge)    7.576     7.576 r  
                                                      0.000     7.576 r  clk (IN)
                         net (fo=17925, unset)        0.924     8.500    native_system/queue/clk
    SLICE_X31Y127        FDRE                                         r  native_system/queue/queue_reg[0][1329]/C
                         clock pessimism              0.000     8.500    
                         clock uncertainty           -0.035     8.465    
    SLICE_X31Y127        FDRE (Setup_fdre_C_CE)      -0.205     8.260    native_system/queue/queue_reg[0][1329]
  -------------------------------------------------------------------
                         required time                          8.260    
                         arrival time                          -8.124    
  -------------------------------------------------------------------
                         slack                                  0.136    

Slack (MET) :             0.141ns  (required time - arrival time)
  Source:                 native_system/queue/timer_reg[15]/C
                            (rising edge-triggered cell FDCE clocked by core132  {rise@0.000ns fall@3.788ns period=7.576ns})
  Destination:            native_system/queue/queue_reg[0][1415]/CE
                            (rising edge-triggered cell FDRE clocked by core132  {rise@0.000ns fall@3.788ns period=7.576ns})
  Path Group:             core132
  Path Type:              Setup (Max at Slow Process Corner)
  Requirement:            7.576ns  (core132 rise@7.576ns - core132 rise@0.000ns)
  Data Path Delay:        7.146ns  (logic 1.200ns (16.793%)  route 5.946ns (83.207%))
  Logic Levels:           6  (LUT4=1 LUT5=2 LUT6=3)
  Clock Path Skew:        -0.049ns (DCD - SCD + CPR)
    Destination Clock Delay (DCD):    0.924ns = ( 8.500 - 7.576 ) 
    Source Clock Delay      (SCD):    0.973ns
    Clock Pessimism Removal (CPR):    0.000ns
  Clock Uncertainty:      0.035ns  ((TSJ^2 + TIJ^2)^1/2 + DJ) / 2 + PE
    Total System Jitter     (TSJ):    0.071ns
    Total Input Jitter      (TIJ):    0.000ns
    Discrete Jitter          (DJ):    0.000ns
    Phase Error              (PE):    0.000ns

    Location             Delay type                Incr(ns)  Path(ns)    Netlist Resource(s)
  -------------------------------------------------------------------    -------------------
                         (clock core132 rise edge)    0.000     0.000 r  
                                                      0.000     0.000 r  clk (IN)
                         net (fo=17925, unset)        0.973     0.973    native_system/queue/clk
    SLICE_X53Y100        FDCE                                         r  native_system/queue/timer_reg[15]/C
  -------------------------------------------------------------------    -------------------
    SLICE_X53Y100        FDCE (Prop_fdce_C_Q)         0.456     1.429 r  native_system/queue/timer_reg[15]/Q
                         net (fo=4, routed)           0.840     2.269    native_system/queue/timer_reg_n_0_[15]
    SLICE_X52Y98                                                      r  native_system/queue/frame_ready_INST_0_i_6/I1
    SLICE_X52Y98         LUT4 (Prop_lut4_I1_O)        0.124     2.393 r  native_system/queue/frame_ready_INST_0_i_6/O
                         net (fo=1, routed)           0.762     3.155    native_system/queue/frame_ready_INST_0_i_6_n_0
    SLICE_X53Y99                                                      r  native_system/queue/frame_ready_INST_0_i_3/I2
    SLICE_X53Y99         LUT6 (Prop_lut6_I2_O)        0.124     3.279 f  native_system/queue/frame_ready_INST_0_i_3/O
                         net (fo=2, routed)           0.307     3.586    native_system/queue/p_28_in
    SLICE_X50Y99                                                      f  native_system/queue/frame_ready_INST_0_i_1/I0
    SLICE_X50Y99         LUT5 (Prop_lut5_I0_O)        0.124     3.710 f  native_system/queue/frame_ready_INST_0_i_1/O
                         net (fo=30, routed)          0.616     4.325    native_system/queue/p_30_in
    SLICE_X55Y99                                                      f  native_system/queue/frame_ready_INST_0/I2
    SLICE_X55Y99         LUT6 (Prop_lut6_I2_O)        0.124     4.449 r  native_system/queue/frame_ready_INST_0/O
                         net (fo=2, routed)           0.583     5.032    native_system/queue/frame_ready
    SLICE_X57Y101                                                     r  native_system/queue/occupancy[2]_i_4/I1
    SLICE_X57Y101        LUT6 (Prop_lut6_I1_O)        0.124     5.156 r  native_system/queue/occupancy[2]_i_4/O
                         net (fo=12, routed)          0.631     5.787    native_system/queue/occupancy[2]_i_4_n_0
    SLICE_X57Y105                                                     r  native_system/queue/seq[0][31]_i_1/I4
    SLICE_X57Y105        LUT5 (Prop_lut5_I4_O)        0.124     5.911 r  native_system/queue/seq[0][31]_i_1/O
                         net (fo=2208, routed)        2.208     8.119    native_system/queue/seq[0][31]_i_1_n_0
    SLICE_X44Y140        FDRE                                         r  native_system/queue/queue_reg[0][1415]/CE
  -------------------------------------------------------------------    -------------------

                         (clock core132 rise edge)    7.576     7.576 r  
                                                      0.000     7.576 r  clk (IN)
                         net (fo=17925, unset)        0.924     8.500    native_system/queue/clk
    SLICE_X44Y140        FDRE                                         r  native_system/queue/queue_reg[0][1415]/C
                         clock pessimism              0.000     8.500    
                         clock uncertainty           -0.035     8.465    
    SLICE_X44Y140        FDRE (Setup_fdre_C_CE)      -0.205     8.260    native_system/queue/queue_reg[0][1415]
  -------------------------------------------------------------------
                         required time                          8.260    
                         arrival time                          -8.119    
  -------------------------------------------------------------------
                         slack                                  0.141    

Slack (MET) :             0.141ns  (required time - arrival time)
  Source:                 native_system/queue/timer_reg[15]/C
                            (rising edge-triggered cell FDCE clocked by core132  {rise@0.000ns fall@3.788ns period=7.576ns})
  Destination:            native_system/queue/queue_reg[0][226]/CE
                            (rising edge-triggered cell FDRE clocked by core132  {rise@0.000ns fall@3.788ns period=7.576ns})
  Path Group:             core132
  Path Type:              Setup (Max at Slow Process Corner)
  Requirement:            7.576ns  (core132 rise@7.576ns - core132 rise@0.000ns)
  Data Path Delay:        7.146ns  (logic 1.200ns (16.793%)  route 5.946ns (83.207%))
  Logic Levels:           6  (LUT4=1 LUT5=2 LUT6=3)
  Clock Path Skew:        -0.049ns (DCD - SCD + CPR)
    Destination Clock Delay (DCD):    0.924ns = ( 8.500 - 7.576 ) 
    Source Clock Delay      (SCD):    0.973ns
    Clock Pessimism Removal (CPR):    0.000ns
  Clock Uncertainty:      0.035ns  ((TSJ^2 + TIJ^2)^1/2 + DJ) / 2 + PE
    Total System Jitter     (TSJ):    0.071ns
    Total Input Jitter      (TIJ):    0.000ns
    Discrete Jitter          (DJ):    0.000ns
    Phase Error              (PE):    0.000ns

    Location             Delay type                Incr(ns)  Path(ns)    Netlist Resource(s)
  -------------------------------------------------------------------    -------------------
                         (clock core132 rise edge)    0.000     0.000 r  
                                                      0.000     0.000 r  clk (IN)
                         net (fo=17925, unset)        0.973     0.973    native_system/queue/clk
    SLICE_X53Y100        FDCE                                         r  native_system/queue/timer_reg[15]/C
  -------------------------------------------------------------------    -------------------
    SLICE_X53Y100        FDCE (Prop_fdce_C_Q)         0.456     1.429 r  native_system/queue/timer_reg[15]/Q
                         net (fo=4, routed)           0.840     2.269    native_system/queue/timer_reg_n_0_[15]
    SLICE_X52Y98                                                      r  native_system/queue/frame_ready_INST_0_i_6/I1
    SLICE_X52Y98         LUT4 (Prop_lut4_I1_O)        0.124     2.393 r  native_system/queue/frame_ready_INST_0_i_6/O
                         net (fo=1, routed)           0.762     3.155    native_system/queue/frame_ready_INST_0_i_6_n_0
    SLICE_X53Y99                                                      r  native_system/queue/frame_ready_INST_0_i_3/I2
    SLICE_X53Y99         LUT6 (Prop_lut6_I2_O)        0.124     3.279 f  native_system/queue/frame_ready_INST_0_i_3/O
                         net (fo=2, routed)           0.307     3.586    native_system/queue/p_28_in
    SLICE_X50Y99                                                      f  native_system/queue/frame_ready_INST_0_i_1/I0
    SLICE_X50Y99         LUT5 (Prop_lut5_I0_O)        0.124     3.710 f  native_system/queue/frame_ready_INST_0_i_1/O
                         net (fo=30, routed)          0.616     4.325    native_system/queue/p_30_in
    SLICE_X55Y99                                                      f  native_system/queue/frame_ready_INST_0/I2
    SLICE_X55Y99         LUT6 (Prop_lut6_I2_O)        0.124     4.449 r  native_system/queue/frame_ready_INST_0/O
                         net (fo=2, routed)           0.583     5.032    native_system/queue/frame_ready
    SLICE_X57Y101                                                     r  native_system/queue/occupancy[2]_i_4/I1
    SLICE_X57Y101        LUT6 (Prop_lut6_I1_O)        0.124     5.156 r  native_system/queue/occupancy[2]_i_4/O
                         net (fo=12, routed)          0.631     5.787    native_system/queue/occupancy[2]_i_4_n_0
    SLICE_X57Y105                                                     r  native_system/queue/seq[0][31]_i_1/I4
    SLICE_X57Y105        LUT5 (Prop_lut5_I4_O)        0.124     5.911 r  native_system/queue/seq[0][31]_i_1/O
                         net (fo=2208, routed)        2.208     8.119    native_system/queue/seq[0][31]_i_1_n_0
    SLICE_X45Y140        FDRE                                         r  native_system/queue/queue_reg[0][226]/CE
  -------------------------------------------------------------------    -------------------

                         (clock core132 rise edge)    7.576     7.576 r  
                                                      0.000     7.576 r  clk (IN)
                         net (fo=17925, unset)        0.924     8.500    native_system/queue/clk
    SLICE_X45Y140        FDRE                                         r  native_system/queue/queue_reg[0][226]/C
                         clock pessimism              0.000     8.500    
                         clock uncertainty           -0.035     8.465    
    SLICE_X45Y140        FDRE (Setup_fdre_C_CE)      -0.205     8.260    native_system/queue/queue_reg[0][226]
  -------------------------------------------------------------------
                         required time                          8.260    
                         arrival time                          -8.119    
  -------------------------------------------------------------------
                         slack                                  0.141    

Slack (MET) :             0.141ns  (required time - arrival time)
  Source:                 native_system/queue/timer_reg[15]/C
                            (rising edge-triggered cell FDCE clocked by core132  {rise@0.000ns fall@3.788ns period=7.576ns})
  Destination:            native_system/queue/queue_reg[0][22]/CE
                            (rising edge-triggered cell FDRE clocked by core132  {rise@0.000ns fall@3.788ns period=7.576ns})
  Path Group:             core132
  Path Type:              Setup (Max at Slow Process Corner)
  Requirement:            7.576ns  (core132 rise@7.576ns - core132 rise@0.000ns)
  Data Path Delay:        7.146ns  (logic 1.200ns (16.793%)  route 5.946ns (83.207%))
  Logic Levels:           6  (LUT4=1 LUT5=2 LUT6=3)
  Clock Path Skew:        -0.049ns (DCD - SCD + CPR)
    Destination Clock Delay (DCD):    0.924ns = ( 8.500 - 7.576 ) 
    Source Clock Delay      (SCD):    0.973ns
    Clock Pessimism Removal (CPR):    0.000ns
  Clock Uncertainty:      0.035ns  ((TSJ^2 + TIJ^2)^1/2 + DJ) / 2 + PE
    Total System Jitter     (TSJ):    0.071ns
    Total Input Jitter      (TIJ):    0.000ns
    Discrete Jitter          (DJ):    0.000ns
    Phase Error              (PE):    0.000ns

    Location             Delay type                Incr(ns)  Path(ns)    Netlist Resource(s)
  -------------------------------------------------------------------    -------------------
                         (clock core132 rise edge)    0.000     0.000 r  
                                                      0.000     0.000 r  clk (IN)
                         net (fo=17925, unset)        0.973     0.973    native_system/queue/clk
    SLICE_X53Y100        FDCE                                         r  native_system/queue/timer_reg[15]/C
  -------------------------------------------------------------------    -------------------
    SLICE_X53Y100        FDCE (Prop_fdce_C_Q)         0.456     1.429 r  native_system/queue/timer_reg[15]/Q
                         net (fo=4, routed)           0.840     2.269    native_system/queue/timer_reg_n_0_[15]
    SLICE_X52Y98                                                      r  native_system/queue/frame_ready_INST_0_i_6/I1
    SLICE_X52Y98         LUT4 (Prop_lut4_I1_O)        0.124     2.393 r  native_system/queue/frame_ready_INST_0_i_6/O
                         net (fo=1, routed)           0.762     3.155    native_system/queue/frame_ready_INST_0_i_6_n_0
    SLICE_X53Y99                                                      r  native_system/queue/frame_ready_INST_0_i_3/I2
    SLICE_X53Y99         LUT6 (Prop_lut6_I2_O)        0.124     3.279 f  native_system/queue/frame_ready_INST_0_i_3/O
                         net (fo=2, routed)           0.307     3.586    native_system/queue/p_28_in
    SLICE_X50Y99                                                      f  native_system/queue/frame_ready_INST_0_i_1/I0
    SLICE_X50Y99         LUT5 (Prop_lut5_I0_O)        0.124     3.710 f  native_system/queue/frame_ready_INST_0_i_1/O
                         net (fo=30, routed)          0.616     4.325    native_system/queue/p_30_in
    SLICE_X55Y99                                                      f  native_system/queue/frame_ready_INST_0/I2
    SLICE_X55Y99         LUT6 (Prop_lut6_I2_O)        0.124     4.449 r  native_system/queue/frame_ready_INST_0/O
                         net (fo=2, routed)           0.583     5.032    native_system/queue/frame_ready
    SLICE_X57Y101                                                     r  native_system/queue/occupancy[2]_i_4/I1
    SLICE_X57Y101        LUT6 (Prop_lut6_I1_O)        0.124     5.156 r  native_system/queue/occupancy[2]_i_4/O
                         net (fo=12, routed)          0.631     5.787    native_system/queue/occupancy[2]_i_4_n_0
    SLICE_X57Y105                                                     r  native_system/queue/seq[0][31]_i_1/I4
    SLICE_X57Y105        LUT5 (Prop_lut5_I4_O)        0.124     5.911 r  native_system/queue/seq[0][31]_i_1/O
                         net (fo=2208, routed)        2.208     8.119    native_system/queue/seq[0][31]_i_1_n_0
    SLICE_X45Y140        FDRE                                         r  native_system/queue/queue_reg[0][22]/CE
  -------------------------------------------------------------------    -------------------

                         (clock core132 rise edge)    7.576     7.576 r  
                                                      0.000     7.576 r  clk (IN)
                         net (fo=17925, unset)        0.924     8.500    native_system/queue/clk
    SLICE_X45Y140        FDRE                                         r  native_system/queue/queue_reg[0][22]/C
                         clock pessimism              0.000     8.500    
                         clock uncertainty           -0.035     8.465    
    SLICE_X45Y140        FDRE (Setup_fdre_C_CE)      -0.205     8.260    native_system/queue/queue_reg[0][22]
  -------------------------------------------------------------------
                         required time                          8.260    
                         arrival time                          -8.119    
  -------------------------------------------------------------------
                         slack                                  0.141    

Slack (MET) :             0.141ns  (required time - arrival time)
  Source:                 native_system/queue/timer_reg[15]/C
                            (rising edge-triggered cell FDCE clocked by core132  {rise@0.000ns fall@3.788ns period=7.576ns})
  Destination:            native_system/queue/queue_reg[0][260]/CE
                            (rising edge-triggered cell FDRE clocked by core132  {rise@0.000ns fall@3.788ns period=7.576ns})
  Path Group:             core132
  Path Type:              Setup (Max at Slow Process Corner)
  Requirement:            7.576ns  (core132 rise@7.576ns - core132 rise@0.000ns)
  Data Path Delay:        7.146ns  (logic 1.200ns (16.793%)  route 5.946ns (83.207%))
  Logic Levels:           6  (LUT4=1 LUT5=2 LUT6=3)
  Clock Path Skew:        -0.049ns (DCD - SCD + CPR)
    Destination Clock Delay (DCD):    0.924ns = ( 8.500 - 7.576 ) 
    Source Clock Delay      (SCD):    0.973ns
    Clock Pessimism Removal (CPR):    0.000ns
  Clock Uncertainty:      0.035ns  ((TSJ^2 + TIJ^2)^1/2 + DJ) / 2 + PE
    Total System Jitter     (TSJ):    0.071ns
    Total Input Jitter      (TIJ):    0.000ns
    Discrete Jitter          (DJ):    0.000ns
    Phase Error              (PE):    0.000ns

    Location             Delay type                Incr(ns)  Path(ns)    Netlist Resource(s)
  -------------------------------------------------------------------    -------------------
                         (clock core132 rise edge)    0.000     0.000 r  
                                                      0.000     0.000 r  clk (IN)
                         net (fo=17925, unset)        0.973     0.973    native_system/queue/clk
    SLICE_X53Y100        FDCE                                         r  native_system/queue/timer_reg[15]/C
  -------------------------------------------------------------------    -------------------
    SLICE_X53Y100        FDCE (Prop_fdce_C_Q)         0.456     1.429 r  native_system/queue/timer_reg[15]/Q
                         net (fo=4, routed)           0.840     2.269    native_system/queue/timer_reg_n_0_[15]
    SLICE_X52Y98                                                      r  native_system/queue/frame_ready_INST_0_i_6/I1
    SLICE_X52Y98         LUT4 (Prop_lut4_I1_O)        0.124     2.393 r  native_system/queue/frame_ready_INST_0_i_6/O
                         net (fo=1, routed)           0.762     3.155    native_system/queue/frame_ready_INST_0_i_6_n_0
    SLICE_X53Y99                                                      r  native_system/queue/frame_ready_INST_0_i_3/I2
    SLICE_X53Y99         LUT6 (Prop_lut6_I2_O)        0.124     3.279 f  native_system/queue/frame_ready_INST_0_i_3/O
                         net (fo=2, routed)           0.307     3.586    native_system/queue/p_28_in
    SLICE_X50Y99                                                      f  native_system/queue/frame_ready_INST_0_i_1/I0
    SLICE_X50Y99         LUT5 (Prop_lut5_I0_O)        0.124     3.710 f  native_system/queue/frame_ready_INST_0_i_1/O
                         net (fo=30, routed)          0.616     4.325    native_system/queue/p_30_in
    SLICE_X55Y99                                                      f  native_system/queue/frame_ready_INST_0/I2
    SLICE_X55Y99         LUT6 (Prop_lut6_I2_O)        0.124     4.449 r  native_system/queue/frame_ready_INST_0/O
                         net (fo=2, routed)           0.583     5.032    native_system/queue/frame_ready
    SLICE_X57Y101                                                     r  native_system/queue/occupancy[2]_i_4/I1
    SLICE_X57Y101        LUT6 (Prop_lut6_I1_O)        0.124     5.156 r  native_system/queue/occupancy[2]_i_4/O
                         net (fo=12, routed)          0.631     5.787    native_system/queue/occupancy[2]_i_4_n_0
    SLICE_X57Y105                                                     r  native_system/queue/seq[0][31]_i_1/I4
    SLICE_X57Y105        LUT5 (Prop_lut5_I4_O)        0.124     5.911 r  native_system/queue/seq[0][31]_i_1/O
                         net (fo=2208, routed)        2.208     8.119    native_system/queue/seq[0][31]_i_1_n_0
    SLICE_X44Y140        FDRE                                         r  native_system/queue/queue_reg[0][260]/CE
  -------------------------------------------------------------------    -------------------

                         (clock core132 rise edge)    7.576     7.576 r  
                                                      0.000     7.576 r  clk (IN)
                         net (fo=17925, unset)        0.924     8.500    native_system/queue/clk
    SLICE_X44Y140        FDRE                                         r  native_system/queue/queue_reg[0][260]/C
                         clock pessimism              0.000     8.500    
                         clock uncertainty           -0.035     8.465    
    SLICE_X44Y140        FDRE (Setup_fdre_C_CE)      -0.205     8.260    native_system/queue/queue_reg[0][260]
  -------------------------------------------------------------------
                         required time                          8.260    
                         arrival time                          -8.119    
  -------------------------------------------------------------------
                         slack                                  0.141    

Slack (MET) :             0.141ns  (required time - arrival time)
  Source:                 native_system/queue/timer_reg[15]/C
                            (rising edge-triggered cell FDCE clocked by core132  {rise@0.000ns fall@3.788ns period=7.576ns})
  Destination:            native_system/queue/queue_reg[0][699]/CE
                            (rising edge-triggered cell FDRE clocked by core132  {rise@0.000ns fall@3.788ns period=7.576ns})
  Path Group:             core132
  Path Type:              Setup (Max at Slow Process Corner)
  Requirement:            7.576ns  (core132 rise@7.576ns - core132 rise@0.000ns)
  Data Path Delay:        7.146ns  (logic 1.200ns (16.793%)  route 5.946ns (83.207%))
  Logic Levels:           6  (LUT4=1 LUT5=2 LUT6=3)
  Clock Path Skew:        -0.049ns (DCD - SCD + CPR)
    Destination Clock Delay (DCD):    0.924ns = ( 8.500 - 7.576 ) 
    Source Clock Delay      (SCD):    0.973ns
    Clock Pessimism Removal (CPR):    0.000ns
  Clock Uncertainty:      0.035ns  ((TSJ^2 + TIJ^2)^1/2 + DJ) / 2 + PE
    Total System Jitter     (TSJ):    0.071ns
    Total Input Jitter      (TIJ):    0.000ns
    Discrete Jitter          (DJ):    0.000ns
    Phase Error              (PE):    0.000ns

    Location             Delay type                Incr(ns)  Path(ns)    Netlist Resource(s)
  -------------------------------------------------------------------    -------------------
                         (clock core132 rise edge)    0.000     0.000 r  
                                                      0.000     0.000 r  clk (IN)
                         net (fo=17925, unset)        0.973     0.973    native_system/queue/clk
    SLICE_X53Y100        FDCE                                         r  native_system/queue/timer_reg[15]/C
  -------------------------------------------------------------------    -------------------
    SLICE_X53Y100        FDCE (Prop_fdce_C_Q)         0.456     1.429 r  native_system/queue/timer_reg[15]/Q
                         net (fo=4, routed)           0.840     2.269    native_system/queue/timer_reg_n_0_[15]
    SLICE_X52Y98                                                      r  native_system/queue/frame_ready_INST_0_i_6/I1
    SLICE_X52Y98         LUT4 (Prop_lut4_I1_O)        0.124     2.393 r  native_system/queue/frame_ready_INST_0_i_6/O
                         net (fo=1, routed)           0.762     3.155    native_system/queue/frame_ready_INST_0_i_6_n_0
    SLICE_X53Y99                                                      r  native_system/queue/frame_ready_INST_0_i_3/I2
    SLICE_X53Y99         LUT6 (Prop_lut6_I2_O)        0.124     3.279 f  native_system/queue/frame_ready_INST_0_i_3/O
                         net (fo=2, routed)           0.307     3.586    native_system/queue/p_28_in
    SLICE_X50Y99                                                      f  native_system/queue/frame_ready_INST_0_i_1/I0
    SLICE_X50Y99         LUT5 (Prop_lut5_I0_O)        0.124     3.710 f  native_system/queue/frame_ready_INST_0_i_1/O
                         net (fo=30, routed)          0.616     4.325    native_system/queue/p_30_in
    SLICE_X55Y99                                                      f  native_system/queue/frame_ready_INST_0/I2
    SLICE_X55Y99         LUT6 (Prop_lut6_I2_O)        0.124     4.449 r  native_system/queue/frame_ready_INST_0/O
                         net (fo=2, routed)           0.583     5.032    native_system/queue/frame_ready
    SLICE_X57Y101                                                     r  native_system/queue/occupancy[2]_i_4/I1
    SLICE_X57Y101        LUT6 (Prop_lut6_I1_O)        0.124     5.156 r  native_system/queue/occupancy[2]_i_4/O
                         net (fo=12, routed)          0.631     5.787    native_system/queue/occupancy[2]_i_4_n_0
    SLICE_X57Y105                                                     r  native_system/queue/seq[0][31]_i_1/I4
    SLICE_X57Y105        LUT5 (Prop_lut5_I4_O)        0.124     5.911 r  native_system/queue/seq[0][31]_i_1/O
                         net (fo=2208, routed)        2.208     8.119    native_system/queue/seq[0][31]_i_1_n_0
    SLICE_X45Y140        FDRE                                         r  native_system/queue/queue_reg[0][699]/CE
  -------------------------------------------------------------------    -------------------

                         (clock core132 rise edge)    7.576     7.576 r  
                                                      0.000     7.576 r  clk (IN)
                         net (fo=17925, unset)        0.924     8.500    native_system/queue/clk
    SLICE_X45Y140        FDRE                                         r  native_system/queue/queue_reg[0][699]/C
                         clock pessimism              0.000     8.500    
                         clock uncertainty           -0.035     8.465    
    SLICE_X45Y140        FDRE (Setup_fdre_C_CE)      -0.205     8.260    native_system/queue/queue_reg[0][699]
  -------------------------------------------------------------------
                         required time                          8.260    
                         arrival time                          -8.119    
  -------------------------------------------------------------------
                         slack                                  0.141    

Slack (MET) :             0.141ns  (required time - arrival time)
  Source:                 native_system/queue/timer_reg[15]/C
                            (rising edge-triggered cell FDCE clocked by core132  {rise@0.000ns fall@3.788ns period=7.576ns})
  Destination:            native_system/queue/queue_reg[0][750]/CE
                            (rising edge-triggered cell FDRE clocked by core132  {rise@0.000ns fall@3.788ns period=7.576ns})
  Path Group:             core132
  Path Type:              Setup (Max at Slow Process Corner)
  Requirement:            7.576ns  (core132 rise@7.576ns - core132 rise@0.000ns)
  Data Path Delay:        7.146ns  (logic 1.200ns (16.793%)  route 5.946ns (83.207%))
  Logic Levels:           6  (LUT4=1 LUT5=2 LUT6=3)
  Clock Path Skew:        -0.049ns (DCD - SCD + CPR)
    Destination Clock Delay (DCD):    0.924ns = ( 8.500 - 7.576 ) 
    Source Clock Delay      (SCD):    0.973ns
    Clock Pessimism Removal (CPR):    0.000ns
  Clock Uncertainty:      0.035ns  ((TSJ^2 + TIJ^2)^1/2 + DJ) / 2 + PE
    Total System Jitter     (TSJ):    0.071ns
    Total Input Jitter      (TIJ):    0.000ns
    Discrete Jitter          (DJ):    0.000ns
    Phase Error              (PE):    0.000ns

    Location             Delay type                Incr(ns)  Path(ns)    Netlist Resource(s)
  -------------------------------------------------------------------    -------------------
                         (clock core132 rise edge)    0.000     0.000 r  
                                                      0.000     0.000 r  clk (IN)
                         net (fo=17925, unset)        0.973     0.973    native_system/queue/clk
    SLICE_X53Y100        FDCE                                         r  native_system/queue/timer_reg[15]/C
  -------------------------------------------------------------------    -------------------
    SLICE_X53Y100        FDCE (Prop_fdce_C_Q)         0.456     1.429 r  native_system/queue/timer_reg[15]/Q
                         net (fo=4, routed)           0.840     2.269    native_system/queue/timer_reg_n_0_[15]
    SLICE_X52Y98                                                      r  native_system/queue/frame_ready_INST_0_i_6/I1
    SLICE_X52Y98         LUT4 (Prop_lut4_I1_O)        0.124     2.393 r  native_system/queue/frame_ready_INST_0_i_6/O
                         net (fo=1, routed)           0.762     3.155    native_system/queue/frame_ready_INST_0_i_6_n_0
    SLICE_X53Y99                                                      r  native_system/queue/frame_ready_INST_0_i_3/I2
    SLICE_X53Y99         LUT6 (Prop_lut6_I2_O)        0.124     3.279 f  native_system/queue/frame_ready_INST_0_i_3/O
                         net (fo=2, routed)           0.307     3.586    native_system/queue/p_28_in
    SLICE_X50Y99                                                      f  native_system/queue/frame_ready_INST_0_i_1/I0
    SLICE_X50Y99         LUT5 (Prop_lut5_I0_O)        0.124     3.710 f  native_system/queue/frame_ready_INST_0_i_1/O
                         net (fo=30, routed)          0.616     4.325    native_system/queue/p_30_in
    SLICE_X55Y99                                                      f  native_system/queue/frame_ready_INST_0/I2
    SLICE_X55Y99         LUT6 (Prop_lut6_I2_O)        0.124     4.449 r  native_system/queue/frame_ready_INST_0/O
                         net (fo=2, routed)           0.583     5.032    native_system/queue/frame_ready
    SLICE_X57Y101                                                     r  native_system/queue/occupancy[2]_i_4/I1
    SLICE_X57Y101        LUT6 (Prop_lut6_I1_O)        0.124     5.156 r  native_system/queue/occupancy[2]_i_4/O
                         net (fo=12, routed)          0.631     5.787    native_system/queue/occupancy[2]_i_4_n_0
    SLICE_X57Y105                                                     r  native_system/queue/seq[0][31]_i_1/I4
    SLICE_X57Y105        LUT5 (Prop_lut5_I4_O)        0.124     5.911 r  native_system/queue/seq[0][31]_i_1/O
                         net (fo=2208, routed)        2.208     8.119    native_system/queue/seq[0][31]_i_1_n_0
    SLICE_X45Y140        FDRE                                         r  native_system/queue/queue_reg[0][750]/CE
  -------------------------------------------------------------------    -------------------

                         (clock core132 rise edge)    7.576     7.576 r  
                                                      0.000     7.576 r  clk (IN)
                         net (fo=17925, unset)        0.924     8.500    native_system/queue/clk
    SLICE_X45Y140        FDRE                                         r  native_system/queue/queue_reg[0][750]/C
                         clock pessimism              0.000     8.500    
                         clock uncertainty           -0.035     8.465    
    SLICE_X45Y140        FDRE (Setup_fdre_C_CE)      -0.205     8.260    native_system/queue/queue_reg[0][750]
  -------------------------------------------------------------------
                         required time                          8.260    
                         arrival time                          -8.119    
  -------------------------------------------------------------------
                         slack                                  0.141    

Slack (MET) :             0.143ns  (required time - arrival time)
  Source:                 native_system/queue/timer_reg[15]/C
                            (rising edge-triggered cell FDCE clocked by core132  {rise@0.000ns fall@3.788ns period=7.576ns})
  Destination:            native_system/queue/queue_reg[0][107]/CE
                            (rising edge-triggered cell FDRE clocked by core132  {rise@0.000ns fall@3.788ns period=7.576ns})
  Path Group:             core132
  Path Type:              Setup (Max at Slow Process Corner)
  Requirement:            7.576ns  (core132 rise@7.576ns - core132 rise@0.000ns)
  Data Path Delay:        7.144ns  (logic 1.200ns (16.798%)  route 5.944ns (83.202%))
  Logic Levels:           6  (LUT4=1 LUT5=2 LUT6=3)
  Clock Path Skew:        -0.049ns (DCD - SCD + CPR)
    Destination Clock Delay (DCD):    0.924ns = ( 8.500 - 7.576 ) 
    Source Clock Delay      (SCD):    0.973ns
    Clock Pessimism Removal (CPR):    0.000ns
  Clock Uncertainty:      0.035ns  ((TSJ^2 + TIJ^2)^1/2 + DJ) / 2 + PE
    Total System Jitter     (TSJ):    0.071ns
    Total Input Jitter      (TIJ):    0.000ns
    Discrete Jitter          (DJ):    0.000ns
    Phase Error              (PE):    0.000ns

    Location             Delay type                Incr(ns)  Path(ns)    Netlist Resource(s)
  -------------------------------------------------------------------    -------------------
                         (clock core132 rise edge)    0.000     0.000 r  
                                                      0.000     0.000 r  clk (IN)
                         net (fo=17925, unset)        0.973     0.973    native_system/queue/clk
    SLICE_X53Y100        FDCE                                         r  native_system/queue/timer_reg[15]/C
  -------------------------------------------------------------------    -------------------
    SLICE_X53Y100        FDCE (Prop_fdce_C_Q)         0.456     1.429 r  native_system/queue/timer_reg[15]/Q
                         net (fo=4, routed)           0.840     2.269    native_system/queue/timer_reg_n_0_[15]
    SLICE_X52Y98                                                      r  native_system/queue/frame_ready_INST_0_i_6/I1
    SLICE_X52Y98         LUT4 (Prop_lut4_I1_O)        0.124     2.393 r  native_system/queue/frame_ready_INST_0_i_6/O
                         net (fo=1, routed)           0.762     3.155    native_system/queue/frame_ready_INST_0_i_6_n_0
    SLICE_X53Y99                                                      r  native_system/queue/frame_ready_INST_0_i_3/I2
    SLICE_X53Y99         LUT6 (Prop_lut6_I2_O)        0.124     3.279 f  native_system/queue/frame_ready_INST_0_i_3/O
                         net (fo=2, routed)           0.307     3.586    native_system/queue/p_28_in
    SLICE_X50Y99                                                      f  native_system/queue/frame_ready_INST_0_i_1/I0
    SLICE_X50Y99         LUT5 (Prop_lut5_I0_O)        0.124     3.710 f  native_system/queue/frame_ready_INST_0_i_1/O
                         net (fo=30, routed)          0.616     4.325    native_system/queue/p_30_in
    SLICE_X55Y99                                                      f  native_system/queue/frame_ready_INST_0/I2
    SLICE_X55Y99         LUT6 (Prop_lut6_I2_O)        0.124     4.449 r  native_system/queue/frame_ready_INST_0/O
                         net (fo=2, routed)           0.583     5.032    native_system/queue/frame_ready
    SLICE_X57Y101                                                     r  native_system/queue/occupancy[2]_i_4/I1
    SLICE_X57Y101        LUT6 (Prop_lut6_I1_O)        0.124     5.156 r  native_system/queue/occupancy[2]_i_4/O
                         net (fo=12, routed)          0.631     5.787    native_system/queue/occupancy[2]_i_4_n_0
    SLICE_X57Y105                                                     r  native_system/queue/seq[0][31]_i_1/I4
    SLICE_X57Y105        LUT5 (Prop_lut5_I4_O)        0.124     5.911 r  native_system/queue/seq[0][31]_i_1/O
                         net (fo=2208, routed)        2.206     8.117    native_system/queue/seq[0][31]_i_1_n_0
    SLICE_X44Y137        FDRE                                         r  native_system/queue/queue_reg[0][107]/CE
  -------------------------------------------------------------------    -------------------

                         (clock core132 rise edge)    7.576     7.576 r  
                                                      0.000     7.576 r  clk (IN)
                         net (fo=17925, unset)        0.924     8.500    native_system/queue/clk
    SLICE_X44Y137        FDRE                                         r  native_system/queue/queue_reg[0][107]/C
                         clock pessimism              0.000     8.500    
                         clock uncertainty           -0.035     8.465    
    SLICE_X44Y137        FDRE (Setup_fdre_C_CE)      -0.205     8.260    native_system/queue/queue_reg[0][107]
  -------------------------------------------------------------------
                         required time                          8.260    
                         arrival time                          -8.117    
  -------------------------------------------------------------------
                         slack                                  0.143    

Slack (MET) :             0.143ns  (required time - arrival time)
  Source:                 native_system/queue/timer_reg[15]/C
                            (rising edge-triggered cell FDCE clocked by core132  {rise@0.000ns fall@3.788ns period=7.576ns})
  Destination:            native_system/queue/queue_reg[0][158]/CE
                            (rising edge-triggered cell FDRE clocked by core132  {rise@0.000ns fall@3.788ns period=7.576ns})
  Path Group:             core132
  Path Type:              Setup (Max at Slow Process Corner)
  Requirement:            7.576ns  (core132 rise@7.576ns - core132 rise@0.000ns)
  Data Path Delay:        7.144ns  (logic 1.200ns (16.798%)  route 5.944ns (83.202%))
  Logic Levels:           6  (LUT4=1 LUT5=2 LUT6=3)
  Clock Path Skew:        -0.049ns (DCD - SCD + CPR)
    Destination Clock Delay (DCD):    0.924ns = ( 8.500 - 7.576 ) 
    Source Clock Delay      (SCD):    0.973ns
    Clock Pessimism Removal (CPR):    0.000ns
  Clock Uncertainty:      0.035ns  ((TSJ^2 + TIJ^2)^1/2 + DJ) / 2 + PE
    Total System Jitter     (TSJ):    0.071ns
    Total Input Jitter      (TIJ):    0.000ns
    Discrete Jitter          (DJ):    0.000ns
    Phase Error              (PE):    0.000ns

    Location             Delay type                Incr(ns)  Path(ns)    Netlist Resource(s)
  -------------------------------------------------------------------    -------------------
                         (clock core132 rise edge)    0.000     0.000 r  
                                                      0.000     0.000 r  clk (IN)
                         net (fo=17925, unset)        0.973     0.973    native_system/queue/clk
    SLICE_X53Y100        FDCE                                         r  native_system/queue/timer_reg[15]/C
  -------------------------------------------------------------------    -------------------
    SLICE_X53Y100        FDCE (Prop_fdce_C_Q)         0.456     1.429 r  native_system/queue/timer_reg[15]/Q
                         net (fo=4, routed)           0.840     2.269    native_system/queue/timer_reg_n_0_[15]
    SLICE_X52Y98                                                      r  native_system/queue/frame_ready_INST_0_i_6/I1
    SLICE_X52Y98         LUT4 (Prop_lut4_I1_O)        0.124     2.393 r  native_system/queue/frame_ready_INST_0_i_6/O
                         net (fo=1, routed)           0.762     3.155    native_system/queue/frame_ready_INST_0_i_6_n_0
    SLICE_X53Y99                                                      r  native_system/queue/frame_ready_INST_0_i_3/I2
    SLICE_X53Y99         LUT6 (Prop_lut6_I2_O)        0.124     3.279 f  native_system/queue/frame_ready_INST_0_i_3/O
                         net (fo=2, routed)           0.307     3.586    native_system/queue/p_28_in
    SLICE_X50Y99                                                      f  native_system/queue/frame_ready_INST_0_i_1/I0
    SLICE_X50Y99         LUT5 (Prop_lut5_I0_O)        0.124     3.710 f  native_system/queue/frame_ready_INST_0_i_1/O
                         net (fo=30, routed)          0.616     4.325    native_system/queue/p_30_in
    SLICE_X55Y99                                                      f  native_system/queue/frame_ready_INST_0/I2
    SLICE_X55Y99         LUT6 (Prop_lut6_I2_O)        0.124     4.449 r  native_system/queue/frame_ready_INST_0/O
                         net (fo=2, routed)           0.583     5.032    native_system/queue/frame_ready
    SLICE_X57Y101                                                     r  native_system/queue/occupancy[2]_i_4/I1
    SLICE_X57Y101        LUT6 (Prop_lut6_I1_O)        0.124     5.156 r  native_system/queue/occupancy[2]_i_4/O
                         net (fo=12, routed)          0.631     5.787    native_system/queue/occupancy[2]_i_4_n_0
    SLICE_X57Y105                                                     r  native_system/queue/seq[0][31]_i_1/I4
    SLICE_X57Y105        LUT5 (Prop_lut5_I4_O)        0.124     5.911 r  native_system/queue/seq[0][31]_i_1/O
                         net (fo=2208, routed)        2.206     8.117    native_system/queue/seq[0][31]_i_1_n_0
    SLICE_X44Y137        FDRE                                         r  native_system/queue/queue_reg[0][158]/CE
  -------------------------------------------------------------------    -------------------

                         (clock core132 rise edge)    7.576     7.576 r  
                                                      0.000     7.576 r  clk (IN)
                         net (fo=17925, unset)        0.924     8.500    native_system/queue/clk
    SLICE_X44Y137        FDRE                                         r  native_system/queue/queue_reg[0][158]/C
                         clock pessimism              0.000     8.500    
                         clock uncertainty           -0.035     8.465    
    SLICE_X44Y137        FDRE (Setup_fdre_C_CE)      -0.205     8.260    native_system/queue/queue_reg[0][158]
  -------------------------------------------------------------------
                         required time                          8.260    
                         arrival time                          -8.117    
  -------------------------------------------------------------------
                         slack                                  0.143    

Slack (MET) :             0.143ns  (required time - arrival time)
  Source:                 native_system/queue/timer_reg[15]/C
                            (rising edge-triggered cell FDCE clocked by core132  {rise@0.000ns fall@3.788ns period=7.576ns})
  Destination:            native_system/queue/queue_reg[0][1718]/CE
                            (rising edge-triggered cell FDRE clocked by core132  {rise@0.000ns fall@3.788ns period=7.576ns})
  Path Group:             core132
  Path Type:              Setup (Max at Slow Process Corner)
  Requirement:            7.576ns  (core132 rise@7.576ns - core132 rise@0.000ns)
  Data Path Delay:        7.144ns  (logic 1.200ns (16.798%)  route 5.944ns (83.202%))
  Logic Levels:           6  (LUT4=1 LUT5=2 LUT6=3)
  Clock Path Skew:        -0.049ns (DCD - SCD + CPR)
    Destination Clock Delay (DCD):    0.924ns = ( 8.500 - 7.576 ) 
    Source Clock Delay      (SCD):    0.973ns
    Clock Pessimism Removal (CPR):    0.000ns
  Clock Uncertainty:      0.035ns  ((TSJ^2 + TIJ^2)^1/2 + DJ) / 2 + PE
    Total System Jitter     (TSJ):    0.071ns
    Total Input Jitter      (TIJ):    0.000ns
    Discrete Jitter          (DJ):    0.000ns
    Phase Error              (PE):    0.000ns

    Location             Delay type                Incr(ns)  Path(ns)    Netlist Resource(s)
  -------------------------------------------------------------------    -------------------
                         (clock core132 rise edge)    0.000     0.000 r  
                                                      0.000     0.000 r  clk (IN)
                         net (fo=17925, unset)        0.973     0.973    native_system/queue/clk
    SLICE_X53Y100        FDCE                                         r  native_system/queue/timer_reg[15]/C
  -------------------------------------------------------------------    -------------------
    SLICE_X53Y100        FDCE (Prop_fdce_C_Q)         0.456     1.429 r  native_system/queue/timer_reg[15]/Q
                         net (fo=4, routed)           0.840     2.269    native_system/queue/timer_reg_n_0_[15]
    SLICE_X52Y98                                                      r  native_system/queue/frame_ready_INST_0_i_6/I1
    SLICE_X52Y98         LUT4 (Prop_lut4_I1_O)        0.124     2.393 r  native_system/queue/frame_ready_INST_0_i_6/O
                         net (fo=1, routed)           0.762     3.155    native_system/queue/frame_ready_INST_0_i_6_n_0
    SLICE_X53Y99                                                      r  native_system/queue/frame_ready_INST_0_i_3/I2
    SLICE_X53Y99         LUT6 (Prop_lut6_I2_O)        0.124     3.279 f  native_system/queue/frame_ready_INST_0_i_3/O
                         net (fo=2, routed)           0.307     3.586    native_system/queue/p_28_in
    SLICE_X50Y99                                                      f  native_system/queue/frame_ready_INST_0_i_1/I0
    SLICE_X50Y99         LUT5 (Prop_lut5_I0_O)        0.124     3.710 f  native_system/queue/frame_ready_INST_0_i_1/O
                         net (fo=30, routed)          0.616     4.325    native_system/queue/p_30_in
    SLICE_X55Y99                                                      f  native_system/queue/frame_ready_INST_0/I2
    SLICE_X55Y99         LUT6 (Prop_lut6_I2_O)        0.124     4.449 r  native_system/queue/frame_ready_INST_0/O
                         net (fo=2, routed)           0.583     5.032    native_system/queue/frame_ready
    SLICE_X57Y101                                                     r  native_system/queue/occupancy[2]_i_4/I1
    SLICE_X57Y101        LUT6 (Prop_lut6_I1_O)        0.124     5.156 r  native_system/queue/occupancy[2]_i_4/O
                         net (fo=12, routed)          0.631     5.787    native_system/queue/occupancy[2]_i_4_n_0
    SLICE_X57Y105                                                     r  native_system/queue/seq[0][31]_i_1/I4
    SLICE_X57Y105        LUT5 (Prop_lut5_I4_O)        0.124     5.911 r  native_system/queue/seq[0][31]_i_1/O
                         net (fo=2208, routed)        2.206     8.117    native_system/queue/seq[0][31]_i_1_n_0
    SLICE_X44Y137        FDRE                                         r  native_system/queue/queue_reg[0][1718]/CE
  -------------------------------------------------------------------    -------------------

                         (clock core132 rise edge)    7.576     7.576 r  
                                                      0.000     7.576 r  clk (IN)
                         net (fo=17925, unset)        0.924     8.500    native_system/queue/clk
    SLICE_X44Y137        FDRE                                         r  native_system/queue/queue_reg[0][1718]/C
                         clock pessimism              0.000     8.500    
                         clock uncertainty           -0.035     8.465    
    SLICE_X44Y137        FDRE (Setup_fdre_C_CE)      -0.205     8.260    native_system/queue/queue_reg[0][1718]
  -------------------------------------------------------------------
                         required time                          8.260    
                         arrival time                          -8.117    
  -------------------------------------------------------------------
                         slack                                  0.143    

Slack (MET) :             0.143ns  (required time - arrival time)
  Source:                 native_system/queue/timer_reg[15]/C
                            (rising edge-triggered cell FDCE clocked by core132  {rise@0.000ns fall@3.788ns period=7.576ns})
  Destination:            native_system/queue/queue_reg[0][1939]/CE
                            (rising edge-triggered cell FDRE clocked by core132  {rise@0.000ns fall@3.788ns period=7.576ns})
  Path Group:             core132
  Path Type:              Setup (Max at Slow Process Corner)
  Requirement:            7.576ns  (core132 rise@7.576ns - core132 rise@0.000ns)
  Data Path Delay:        7.144ns  (logic 1.200ns (16.798%)  route 5.944ns (83.202%))
  Logic Levels:           6  (LUT4=1 LUT5=2 LUT6=3)
  Clock Path Skew:        -0.049ns (DCD - SCD + CPR)
    Destination Clock Delay (DCD):    0.924ns = ( 8.500 - 7.576 ) 
    Source Clock Delay      (SCD):    0.973ns
    Clock Pessimism Removal (CPR):    0.000ns
  Clock Uncertainty:      0.035ns  ((TSJ^2 + TIJ^2)^1/2 + DJ) / 2 + PE
    Total System Jitter     (TSJ):    0.071ns
    Total Input Jitter      (TIJ):    0.000ns
    Discrete Jitter          (DJ):    0.000ns
    Phase Error              (PE):    0.000ns

    Location             Delay type                Incr(ns)  Path(ns)    Netlist Resource(s)
  -------------------------------------------------------------------    -------------------
                         (clock core132 rise edge)    0.000     0.000 r  
                                                      0.000     0.000 r  clk (IN)
                         net (fo=17925, unset)        0.973     0.973    native_system/queue/clk
    SLICE_X53Y100        FDCE                                         r  native_system/queue/timer_reg[15]/C
  -------------------------------------------------------------------    -------------------
    SLICE_X53Y100        FDCE (Prop_fdce_C_Q)         0.456     1.429 r  native_system/queue/timer_reg[15]/Q
                         net (fo=4, routed)           0.840     2.269    native_system/queue/timer_reg_n_0_[15]
    SLICE_X52Y98                                                      r  native_system/queue/frame_ready_INST_0_i_6/I1
    SLICE_X52Y98         LUT4 (Prop_lut4_I1_O)        0.124     2.393 r  native_system/queue/frame_ready_INST_0_i_6/O
                         net (fo=1, routed)           0.762     3.155    native_system/queue/frame_ready_INST_0_i_6_n_0
    SLICE_X53Y99                                                      r  native_system/queue/frame_ready_INST_0_i_3/I2
    SLICE_X53Y99         LUT6 (Prop_lut6_I2_O)        0.124     3.279 f  native_system/queue/frame_ready_INST_0_i_3/O
                         net (fo=2, routed)           0.307     3.586    native_system/queue/p_28_in
    SLICE_X50Y99                                                      f  native_system/queue/frame_ready_INST_0_i_1/I0
    SLICE_X50Y99         LUT5 (Prop_lut5_I0_O)        0.124     3.710 f  native_system/queue/frame_ready_INST_0_i_1/O
                         net (fo=30, routed)          0.616     4.325    native_system/queue/p_30_in
    SLICE_X55Y99                                                      f  native_system/queue/frame_ready_INST_0/I2
    SLICE_X55Y99         LUT6 (Prop_lut6_I2_O)        0.124     4.449 r  native_system/queue/frame_ready_INST_0/O
                         net (fo=2, routed)           0.583     5.032    native_system/queue/frame_ready
    SLICE_X57Y101                                                     r  native_system/queue/occupancy[2]_i_4/I1
    SLICE_X57Y101        LUT6 (Prop_lut6_I1_O)        0.124     5.156 r  native_system/queue/occupancy[2]_i_4/O
                         net (fo=12, routed)          0.631     5.787    native_system/queue/occupancy[2]_i_4_n_0
    SLICE_X57Y105                                                     r  native_system/queue/seq[0][31]_i_1/I4
    SLICE_X57Y105        LUT5 (Prop_lut5_I4_O)        0.124     5.911 r  native_system/queue/seq[0][31]_i_1/O
                         net (fo=2208, routed)        2.206     8.117    native_system/queue/seq[0][31]_i_1_n_0
    SLICE_X44Y137        FDRE                                         r  native_system/queue/queue_reg[0][1939]/CE
  -------------------------------------------------------------------    -------------------

                         (clock core132 rise edge)    7.576     7.576 r  
                                                      0.000     7.576 r  clk (IN)
                         net (fo=17925, unset)        0.924     8.500    native_system/queue/clk
    SLICE_X44Y137        FDRE                                         r  native_system/queue/queue_reg[0][1939]/C
                         clock pessimism              0.000     8.500    
                         clock uncertainty           -0.035     8.465    
    SLICE_X44Y137        FDRE (Setup_fdre_C_CE)      -0.205     8.260    native_system/queue/queue_reg[0][1939]
  -------------------------------------------------------------------
                         required time                          8.260    
                         arrival time                          -8.117    
  -------------------------------------------------------------------
                         slack                                  0.143    

Slack (MET) :             0.143ns  (required time - arrival time)
  Source:                 native_system/queue/timer_reg[15]/C
                            (rising edge-triggered cell FDCE clocked by core132  {rise@0.000ns fall@3.788ns period=7.576ns})
  Destination:            native_system/queue/queue_reg[0][665]/CE
                            (rising edge-triggered cell FDRE clocked by core132  {rise@0.000ns fall@3.788ns period=7.576ns})
  Path Group:             core132
  Path Type:              Setup (Max at Slow Process Corner)
  Requirement:            7.576ns  (core132 rise@7.576ns - core132 rise@0.000ns)
  Data Path Delay:        7.144ns  (logic 1.200ns (16.798%)  route 5.944ns (83.202%))
  Logic Levels:           6  (LUT4=1 LUT5=2 LUT6=3)
  Clock Path Skew:        -0.049ns (DCD - SCD + CPR)
    Destination Clock Delay (DCD):    0.924ns = ( 8.500 - 7.576 ) 
    Source Clock Delay      (SCD):    0.973ns
    Clock Pessimism Removal (CPR):    0.000ns
  Clock Uncertainty:      0.035ns  ((TSJ^2 + TIJ^2)^1/2 + DJ) / 2 + PE
    Total System Jitter     (TSJ):    0.071ns
    Total Input Jitter      (TIJ):    0.000ns
    Discrete Jitter          (DJ):    0.000ns
    Phase Error              (PE):    0.000ns

    Location             Delay type                Incr(ns)  Path(ns)    Netlist Resource(s)
  -------------------------------------------------------------------    -------------------
                         (clock core132 rise edge)    0.000     0.000 r  
                                                      0.000     0.000 r  clk (IN)
                         net (fo=17925, unset)        0.973     0.973    native_system/queue/clk
    SLICE_X53Y100        FDCE                                         r  native_system/queue/timer_reg[15]/C
  -------------------------------------------------------------------    -------------------
    SLICE_X53Y100        FDCE (Prop_fdce_C_Q)         0.456     1.429 r  native_system/queue/timer_reg[15]/Q
                         net (fo=4, routed)           0.840     2.269    native_system/queue/timer_reg_n_0_[15]
    SLICE_X52Y98                                                      r  native_system/queue/frame_ready_INST_0_i_6/I1
    SLICE_X52Y98         LUT4 (Prop_lut4_I1_O)        0.124     2.393 r  native_system/queue/frame_ready_INST_0_i_6/O
                         net (fo=1, routed)           0.762     3.155    native_system/queue/frame_ready_INST_0_i_6_n_0
    SLICE_X53Y99                                                      r  native_system/queue/frame_ready_INST_0_i_3/I2
    SLICE_X53Y99         LUT6 (Prop_lut6_I2_O)        0.124     3.279 f  native_system/queue/frame_ready_INST_0_i_3/O
                         net (fo=2, routed)           0.307     3.586    native_system/queue/p_28_in
    SLICE_X50Y99                                                      f  native_system/queue/frame_ready_INST_0_i_1/I0
    SLICE_X50Y99         LUT5 (Prop_lut5_I0_O)        0.124     3.710 f  native_system/queue/frame_ready_INST_0_i_1/O
                         net (fo=30, routed)          0.616     4.325    native_system/queue/p_30_in
    SLICE_X55Y99                                                      f  native_system/queue/frame_ready_INST_0/I2
    SLICE_X55Y99         LUT6 (Prop_lut6_I2_O)        0.124     4.449 r  native_system/queue/frame_ready_INST_0/O
                         net (fo=2, routed)           0.583     5.032    native_system/queue/frame_ready
    SLICE_X57Y101                                                     r  native_system/queue/occupancy[2]_i_4/I1
    SLICE_X57Y101        LUT6 (Prop_lut6_I1_O)        0.124     5.156 r  native_system/queue/occupancy[2]_i_4/O
                         net (fo=12, routed)          0.631     5.787    native_system/queue/occupancy[2]_i_4_n_0
    SLICE_X57Y105                                                     r  native_system/queue/seq[0][31]_i_1/I4
    SLICE_X57Y105        LUT5 (Prop_lut5_I4_O)        0.124     5.911 r  native_system/queue/seq[0][31]_i_1/O
                         net (fo=2208, routed)        2.206     8.117    native_system/queue/seq[0][31]_i_1_n_0
    SLICE_X44Y137        FDRE                                         r  native_system/queue/queue_reg[0][665]/CE
  -------------------------------------------------------------------    -------------------

                         (clock core132 rise edge)    7.576     7.576 r  
                                                      0.000     7.576 r  clk (IN)
                         net (fo=17925, unset)        0.924     8.500    native_system/queue/clk
    SLICE_X44Y137        FDRE                                         r  native_system/queue/queue_reg[0][665]/C
                         clock pessimism              0.000     8.500    
                         clock uncertainty           -0.035     8.465    
    SLICE_X44Y137        FDRE (Setup_fdre_C_CE)      -0.205     8.260    native_system/queue/queue_reg[0][665]
  -------------------------------------------------------------------
                         required time                          8.260    
                         arrival time                          -8.117    
  -------------------------------------------------------------------
                         slack                                  0.143    

Slack (MET) :             0.153ns  (required time - arrival time)
  Source:                 native_system/queue/timer_reg[15]/C
                            (rising edge-triggered cell FDCE clocked by core132  {rise@0.000ns fall@3.788ns period=7.576ns})
  Destination:            native_system/queue/queue_reg[0][1433]/CE
                            (rising edge-triggered cell FDRE clocked by core132  {rise@0.000ns fall@3.788ns period=7.576ns})
  Path Group:             core132
  Path Type:              Setup (Max at Slow Process Corner)
  Requirement:            7.576ns  (core132 rise@7.576ns - core132 rise@0.000ns)
  Data Path Delay:        7.134ns  (logic 1.200ns (16.820%)  route 5.934ns (83.180%))
  Logic Levels:           6  (LUT4=1 LUT5=2 LUT6=3)
  Clock Path Skew:        -0.049ns (DCD - SCD + CPR)
    Destination Clock Delay (DCD):    0.924ns = ( 8.500 - 7.576 ) 
    Source Clock Delay      (SCD):    0.973ns
    Clock Pessimism Removal (CPR):    0.000ns
  Clock Uncertainty:      0.035ns  ((TSJ^2 + TIJ^2)^1/2 + DJ) / 2 + PE
    Total System Jitter     (TSJ):    0.071ns
    Total Input Jitter      (TIJ):    0.000ns
    Discrete Jitter          (DJ):    0.000ns
    Phase Error              (PE):    0.000ns

    Location             Delay type                Incr(ns)  Path(ns)    Netlist Resource(s)
  -------------------------------------------------------------------    -------------------
                         (clock core132 rise edge)    0.000     0.000 r  
                                                      0.000     0.000 r  clk (IN)
                         net (fo=17925, unset)        0.973     0.973    native_system/queue/clk
    SLICE_X53Y100        FDCE                                         r  native_system/queue/timer_reg[15]/C
  -------------------------------------------------------------------    -------------------
    SLICE_X53Y100        FDCE (Prop_fdce_C_Q)         0.456     1.429 r  native_system/queue/timer_reg[15]/Q
                         net (fo=4, routed)           0.840     2.269    native_system/queue/timer_reg_n_0_[15]
    SLICE_X52Y98                                                      r  native_system/queue/frame_ready_INST_0_i_6/I1
    SLICE_X52Y98         LUT4 (Prop_lut4_I1_O)        0.124     2.393 r  native_system/queue/frame_ready_INST_0_i_6/O
                         net (fo=1, routed)           0.762     3.155    native_system/queue/frame_ready_INST_0_i_6_n_0
    SLICE_X53Y99                                                      r  native_system/queue/frame_ready_INST_0_i_3/I2
    SLICE_X53Y99         LUT6 (Prop_lut6_I2_O)        0.124     3.279 f  native_system/queue/frame_ready_INST_0_i_3/O
                         net (fo=2, routed)           0.307     3.586    native_system/queue/p_28_in
    SLICE_X50Y99                                                      f  native_system/queue/frame_ready_INST_0_i_1/I0
    SLICE_X50Y99         LUT5 (Prop_lut5_I0_O)        0.124     3.710 f  native_system/queue/frame_ready_INST_0_i_1/O
                         net (fo=30, routed)          0.616     4.325    native_system/queue/p_30_in
    SLICE_X55Y99                                                      f  native_system/queue/frame_ready_INST_0/I2
    SLICE_X55Y99         LUT6 (Prop_lut6_I2_O)        0.124     4.449 r  native_system/queue/frame_ready_INST_0/O
                         net (fo=2, routed)           0.583     5.032    native_system/queue/frame_ready
    SLICE_X57Y101                                                     r  native_system/queue/occupancy[2]_i_4/I1
    SLICE_X57Y101        LUT6 (Prop_lut6_I1_O)        0.124     5.156 r  native_system/queue/occupancy[2]_i_4/O
                         net (fo=12, routed)          0.631     5.787    native_system/queue/occupancy[2]_i_4_n_0
    SLICE_X57Y105                                                     r  native_system/queue/seq[0][31]_i_1/I4
    SLICE_X57Y105        LUT5 (Prop_lut5_I4_O)        0.124     5.911 r  native_system/queue/seq[0][31]_i_1/O
                         net (fo=2208, routed)        2.197     8.107    native_system/queue/seq[0][31]_i_1_n_0
    SLICE_X51Y143        FDRE                                         r  native_system/queue/queue_reg[0][1433]/CE
  -------------------------------------------------------------------    -------------------

                         (clock core132 rise edge)    7.576     7.576 r  
                                                      0.000     7.576 r  clk (IN)
                         net (fo=17925, unset)        0.924     8.500    native_system/queue/clk
    SLICE_X51Y143        FDRE                                         r  native_system/queue/queue_reg[0][1433]/C
                         clock pessimism              0.000     8.500    
                         clock uncertainty           -0.035     8.465    
    SLICE_X51Y143        FDRE (Setup_fdre_C_CE)      -0.205     8.260    native_system/queue/queue_reg[0][1433]
  -------------------------------------------------------------------
                         required time                          8.260    
                         arrival time                          -8.107    
  -------------------------------------------------------------------
                         slack                                  0.153    

Slack (MET) :             0.153ns  (required time - arrival time)
  Source:                 native_system/queue/timer_reg[15]/C
                            (rising edge-triggered cell FDCE clocked by core132  {rise@0.000ns fall@3.788ns period=7.576ns})
  Destination:            native_system/queue/queue_reg[0][903]/CE
                            (rising edge-triggered cell FDRE clocked by core132  {rise@0.000ns fall@3.788ns period=7.576ns})
  Path Group:             core132
  Path Type:              Setup (Max at Slow Process Corner)
  Requirement:            7.576ns  (core132 rise@7.576ns - core132 rise@0.000ns)
  Data Path Delay:        7.134ns  (logic 1.200ns (16.820%)  route 5.934ns (83.180%))
  Logic Levels:           6  (LUT4=1 LUT5=2 LUT6=3)
  Clock Path Skew:        -0.049ns (DCD - SCD + CPR)
    Destination Clock Delay (DCD):    0.924ns = ( 8.500 - 7.576 ) 
    Source Clock Delay      (SCD):    0.973ns
    Clock Pessimism Removal (CPR):    0.000ns
  Clock Uncertainty:      0.035ns  ((TSJ^2 + TIJ^2)^1/2 + DJ) / 2 + PE
    Total System Jitter     (TSJ):    0.071ns
    Total Input Jitter      (TIJ):    0.000ns
    Discrete Jitter          (DJ):    0.000ns
    Phase Error              (PE):    0.000ns

    Location             Delay type                Incr(ns)  Path(ns)    Netlist Resource(s)
  -------------------------------------------------------------------    -------------------
                         (clock core132 rise edge)    0.000     0.000 r  
                                                      0.000     0.000 r  clk (IN)
                         net (fo=17925, unset)        0.973     0.973    native_system/queue/clk
    SLICE_X53Y100        FDCE                                         r  native_system/queue/timer_reg[15]/C
  -------------------------------------------------------------------    -------------------
    SLICE_X53Y100        FDCE (Prop_fdce_C_Q)         0.456     1.429 r  native_system/queue/timer_reg[15]/Q
                         net (fo=4, routed)           0.840     2.269    native_system/queue/timer_reg_n_0_[15]
    SLICE_X52Y98                                                      r  native_system/queue/frame_ready_INST_0_i_6/I1
    SLICE_X52Y98         LUT4 (Prop_lut4_I1_O)        0.124     2.393 r  native_system/queue/frame_ready_INST_0_i_6/O
                         net (fo=1, routed)           0.762     3.155    native_system/queue/frame_ready_INST_0_i_6_n_0
    SLICE_X53Y99                                                      r  native_system/queue/frame_ready_INST_0_i_3/I2
    SLICE_X53Y99         LUT6 (Prop_lut6_I2_O)        0.124     3.279 f  native_system/queue/frame_ready_INST_0_i_3/O
                         net (fo=2, routed)           0.307     3.586    native_system/queue/p_28_in
    SLICE_X50Y99                                                      f  native_system/queue/frame_ready_INST_0_i_1/I0
    SLICE_X50Y99         LUT5 (Prop_lut5_I0_O)        0.124     3.710 f  native_system/queue/frame_ready_INST_0_i_1/O
                         net (fo=30, routed)          0.616     4.325    native_system/queue/p_30_in
    SLICE_X55Y99                                                      f  native_system/queue/frame_ready_INST_0/I2
    SLICE_X55Y99         LUT6 (Prop_lut6_I2_O)        0.124     4.449 r  native_system/queue/frame_ready_INST_0/O
                         net (fo=2, routed)           0.583     5.032    native_system/queue/frame_ready
    SLICE_X57Y101                                                     r  native_system/queue/occupancy[2]_i_4/I1
    SLICE_X57Y101        LUT6 (Prop_lut6_I1_O)        0.124     5.156 r  native_system/queue/occupancy[2]_i_4/O
                         net (fo=12, routed)          0.631     5.787    native_system/queue/occupancy[2]_i_4_n_0
    SLICE_X57Y105                                                     r  native_system/queue/seq[0][31]_i_1/I4
    SLICE_X57Y105        LUT5 (Prop_lut5_I4_O)        0.124     5.911 r  native_system/queue/seq[0][31]_i_1/O
                         net (fo=2208, routed)        2.197     8.107    native_system/queue/seq[0][31]_i_1_n_0
    SLICE_X51Y143        FDRE                                         r  native_system/queue/queue_reg[0][903]/CE
  -------------------------------------------------------------------    -------------------

                         (clock core132 rise edge)    7.576     7.576 r  
                                                      0.000     7.576 r  clk (IN)
                         net (fo=17925, unset)        0.924     8.500    native_system/queue/clk
    SLICE_X51Y143        FDRE                                         r  native_system/queue/queue_reg[0][903]/C
                         clock pessimism              0.000     8.500    
                         clock uncertainty           -0.035     8.465    
    SLICE_X51Y143        FDRE (Setup_fdre_C_CE)      -0.205     8.260    native_system/queue/queue_reg[0][903]
  -------------------------------------------------------------------
                         required time                          8.260    
                         arrival time                          -8.107    
  -------------------------------------------------------------------
                         slack                                  0.153    

Slack (MET) :             0.166ns  (required time - arrival time)
  Source:                 native_system/queue/timer_reg[15]/C
                            (rising edge-triggered cell FDCE clocked by core132  {rise@0.000ns fall@3.788ns period=7.576ns})
  Destination:            native_system/queue/queue_reg[0][1313]/CE
                            (rising edge-triggered cell FDRE clocked by core132  {rise@0.000ns fall@3.788ns period=7.576ns})
  Path Group:             core132
  Path Type:              Setup (Max at Slow Process Corner)
  Requirement:            7.576ns  (core132 rise@7.576ns - core132 rise@0.000ns)
  Data Path Delay:        7.157ns  (logic 1.200ns (16.766%)  route 5.957ns (83.234%))
  Logic Levels:           6  (LUT4=1 LUT5=2 LUT6=3)
  Clock Path Skew:        -0.049ns (DCD - SCD + CPR)
    Destination Clock Delay (DCD):    0.924ns = ( 8.500 - 7.576 ) 
    Source Clock Delay      (SCD):    0.973ns
    Clock Pessimism Removal (CPR):    0.000ns
  Clock Uncertainty:      0.035ns  ((TSJ^2 + TIJ^2)^1/2 + DJ) / 2 + PE
    Total System Jitter     (TSJ):    0.071ns
    Total Input Jitter      (TIJ):    0.000ns
    Discrete Jitter          (DJ):    0.000ns
    Phase Error              (PE):    0.000ns

    Location             Delay type                Incr(ns)  Path(ns)    Netlist Resource(s)
  -------------------------------------------------------------------    -------------------
                         (clock core132 rise edge)    0.000     0.000 r  
                                                      0.000     0.000 r  clk (IN)
                         net (fo=17925, unset)        0.973     0.973    native_system/queue/clk
    SLICE_X53Y100        FDCE                                         r  native_system/queue/timer_reg[15]/C
  -------------------------------------------------------------------    -------------------
    SLICE_X53Y100        FDCE (Prop_fdce_C_Q)         0.456     1.429 r  native_system/queue/timer_reg[15]/Q
                         net (fo=4, routed)           0.840     2.269    native_system/queue/timer_reg_n_0_[15]
    SLICE_X52Y98                                                      r  native_system/queue/frame_ready_INST_0_i_6/I1
    SLICE_X52Y98         LUT4 (Prop_lut4_I1_O)        0.124     2.393 r  native_system/queue/frame_ready_INST_0_i_6/O
                         net (fo=1, routed)           0.762     3.155    native_system/queue/frame_ready_INST_0_i_6_n_0
    SLICE_X53Y99                                                      r  native_system/queue/frame_ready_INST_0_i_3/I2
    SLICE_X53Y99         LUT6 (Prop_lut6_I2_O)        0.124     3.279 f  native_system/queue/frame_ready_INST_0_i_3/O
                         net (fo=2, routed)           0.307     3.586    native_system/queue/p_28_in
    SLICE_X50Y99                                                      f  native_system/queue/frame_ready_INST_0_i_1/I0
    SLICE_X50Y99         LUT5 (Prop_lut5_I0_O)        0.124     3.710 f  native_system/queue/frame_ready_INST_0_i_1/O
                         net (fo=30, routed)          0.616     4.325    native_system/queue/p_30_in
    SLICE_X55Y99                                                      f  native_system/queue/frame_ready_INST_0/I2
    SLICE_X55Y99         LUT6 (Prop_lut6_I2_O)        0.124     4.449 r  native_system/queue/frame_ready_INST_0/O
                         net (fo=2, routed)           0.583     5.032    native_system/queue/frame_ready
    SLICE_X57Y101                                                     r  native_system/queue/occupancy[2]_i_4/I1
    SLICE_X57Y101        LUT6 (Prop_lut6_I1_O)        0.124     5.156 r  native_system/queue/occupancy[2]_i_4/O
                         net (fo=12, routed)          0.631     5.787    native_system/queue/occupancy[2]_i_4_n_0
    SLICE_X57Y105                                                     r  native_system/queue/seq[0][31]_i_1/I4
    SLICE_X57Y105        LUT5 (Prop_lut5_I4_O)        0.124     5.911 r  native_system/queue/seq[0][31]_i_1/O
                         net (fo=2208, routed)        2.220     8.130    native_system/queue/seq[0][31]_i_1_n_0
    SLICE_X42Y138        FDRE                                         r  native_system/queue/queue_reg[0][1313]/CE
  -------------------------------------------------------------------    -------------------

                         (clock core132 rise edge)    7.576     7.576 r  
                                                      0.000     7.576 r  clk (IN)
                         net (fo=17925, unset)        0.924     8.500    native_system/queue/clk
    SLICE_X42Y138        FDRE                                         r  native_system/queue/queue_reg[0][1313]/C
                         clock pessimism              0.000     8.500    
                         clock uncertainty           -0.035     8.465    
    SLICE_X42Y138        FDRE (Setup_fdre_C_CE)      -0.169     8.296    native_system/queue/queue_reg[0][1313]
  -------------------------------------------------------------------
                         required time                          8.296    
                         arrival time                          -8.130    
  -------------------------------------------------------------------
                         slack                                  0.166    

Slack (MET) :             0.166ns  (required time - arrival time)
  Source:                 native_system/queue/timer_reg[15]/C
                            (rising edge-triggered cell FDCE clocked by core132  {rise@0.000ns fall@3.788ns period=7.576ns})
  Destination:            native_system/queue/queue_reg[0][1769]/CE
                            (rising edge-triggered cell FDRE clocked by core132  {rise@0.000ns fall@3.788ns period=7.576ns})
  Path Group:             core132
  Path Type:              Setup (Max at Slow Process Corner)
  Requirement:            7.576ns  (core132 rise@7.576ns - core132 rise@0.000ns)
  Data Path Delay:        7.157ns  (logic 1.200ns (16.766%)  route 5.957ns (83.234%))
  Logic Levels:           6  (LUT4=1 LUT5=2 LUT6=3)
  Clock Path Skew:        -0.049ns (DCD - SCD + CPR)
    Destination Clock Delay (DCD):    0.924ns = ( 8.500 - 7.576 ) 
    Source Clock Delay      (SCD):    0.973ns
    Clock Pessimism Removal (CPR):    0.000ns
  Clock Uncertainty:      0.035ns  ((TSJ^2 + TIJ^2)^1/2 + DJ) / 2 + PE
    Total System Jitter     (TSJ):    0.071ns
    Total Input Jitter      (TIJ):    0.000ns
    Discrete Jitter          (DJ):    0.000ns
    Phase Error              (PE):    0.000ns

    Location             Delay type                Incr(ns)  Path(ns)    Netlist Resource(s)
  -------------------------------------------------------------------    -------------------
                         (clock core132 rise edge)    0.000     0.000 r  
                                                      0.000     0.000 r  clk (IN)
                         net (fo=17925, unset)        0.973     0.973    native_system/queue/clk
    SLICE_X53Y100        FDCE                                         r  native_system/queue/timer_reg[15]/C
  -------------------------------------------------------------------    -------------------
    SLICE_X53Y100        FDCE (Prop_fdce_C_Q)         0.456     1.429 r  native_system/queue/timer_reg[15]/Q
                         net (fo=4, routed)           0.840     2.269    native_system/queue/timer_reg_n_0_[15]
    SLICE_X52Y98                                                      r  native_system/queue/frame_ready_INST_0_i_6/I1
    SLICE_X52Y98         LUT4 (Prop_lut4_I1_O)        0.124     2.393 r  native_system/queue/frame_ready_INST_0_i_6/O
                         net (fo=1, routed)           0.762     3.155    native_system/queue/frame_ready_INST_0_i_6_n_0
    SLICE_X53Y99                                                      r  native_system/queue/frame_ready_INST_0_i_3/I2
    SLICE_X53Y99         LUT6 (Prop_lut6_I2_O)        0.124     3.279 f  native_system/queue/frame_ready_INST_0_i_3/O
                         net (fo=2, routed)           0.307     3.586    native_system/queue/p_28_in
    SLICE_X50Y99                                                      f  native_system/queue/frame_ready_INST_0_i_1/I0
    SLICE_X50Y99         LUT5 (Prop_lut5_I0_O)        0.124     3.710 f  native_system/queue/frame_ready_INST_0_i_1/O
                         net (fo=30, routed)          0.616     4.325    native_system/queue/p_30_in
    SLICE_X55Y99                                                      f  native_system/queue/frame_ready_INST_0/I2
    SLICE_X55Y99         LUT6 (Prop_lut6_I2_O)        0.124     4.449 r  native_system/queue/frame_ready_INST_0/O
                         net (fo=2, routed)           0.583     5.032    native_system/queue/frame_ready
    SLICE_X57Y101                                                     r  native_system/queue/occupancy[2]_i_4/I1
    SLICE_X57Y101        LUT6 (Prop_lut6_I1_O)        0.124     5.156 r  native_system/queue/occupancy[2]_i_4/O
                         net (fo=12, routed)          0.631     5.787    native_system/queue/occupancy[2]_i_4_n_0
    SLICE_X57Y105                                                     r  native_system/queue/seq[0][31]_i_1/I4
    SLICE_X57Y105        LUT5 (Prop_lut5_I4_O)        0.124     5.911 r  native_system/queue/seq[0][31]_i_1/O
                         net (fo=2208, routed)        2.220     8.130    native_system/queue/seq[0][31]_i_1_n_0
    SLICE_X42Y138        FDRE                                         r  native_system/queue/queue_reg[0][1769]/CE
  -------------------------------------------------------------------    -------------------

                         (clock core132 rise edge)    7.576     7.576 r  
                                                      0.000     7.576 r  clk (IN)
                         net (fo=17925, unset)        0.924     8.500    native_system/queue/clk
    SLICE_X42Y138        FDRE                                         r  native_system/queue/queue_reg[0][1769]/C
                         clock pessimism              0.000     8.500    
                         clock uncertainty           -0.035     8.465    
    SLICE_X42Y138        FDRE (Setup_fdre_C_CE)      -0.169     8.296    native_system/queue/queue_reg[0][1769]
  -------------------------------------------------------------------
                         required time                          8.296    
                         arrival time                          -8.130    
  -------------------------------------------------------------------
                         slack                                  0.166    

Slack (MET) :             0.177ns  (required time - arrival time)
  Source:                 native_system/queue/timer_reg[15]/C
                            (rising edge-triggered cell FDCE clocked by core132  {rise@0.000ns fall@3.788ns period=7.576ns})
  Destination:            native_system/queue/queue_reg[0][1296]/CE
                            (rising edge-triggered cell FDRE clocked by core132  {rise@0.000ns fall@3.788ns period=7.576ns})
  Path Group:             core132
  Path Type:              Setup (Max at Slow Process Corner)
  Requirement:            7.576ns  (core132 rise@7.576ns - core132 rise@0.000ns)
  Data Path Delay:        7.110ns  (logic 1.200ns (16.878%)  route 5.910ns (83.122%))
  Logic Levels:           6  (LUT4=1 LUT5=2 LUT6=3)
  Clock Path Skew:        -0.049ns (DCD - SCD + CPR)
    Destination Clock Delay (DCD):    0.924ns = ( 8.500 - 7.576 ) 
    Source Clock Delay      (SCD):    0.973ns
    Clock Pessimism Removal (CPR):    0.000ns
  Clock Uncertainty:      0.035ns  ((TSJ^2 + TIJ^2)^1/2 + DJ) / 2 + PE
    Total System Jitter     (TSJ):    0.071ns
    Total Input Jitter      (TIJ):    0.000ns
    Discrete Jitter          (DJ):    0.000ns
    Phase Error              (PE):    0.000ns

    Location             Delay type                Incr(ns)  Path(ns)    Netlist Resource(s)
  -------------------------------------------------------------------    -------------------
                         (clock core132 rise edge)    0.000     0.000 r  
                                                      0.000     0.000 r  clk (IN)
                         net (fo=17925, unset)        0.973     0.973    native_system/queue/clk
    SLICE_X53Y100        FDCE                                         r  native_system/queue/timer_reg[15]/C
  -------------------------------------------------------------------    -------------------
    SLICE_X53Y100        FDCE (Prop_fdce_C_Q)         0.456     1.429 r  native_system/queue/timer_reg[15]/Q
                         net (fo=4, routed)           0.840     2.269    native_system/queue/timer_reg_n_0_[15]
    SLICE_X52Y98                                                      r  native_system/queue/frame_ready_INST_0_i_6/I1
    SLICE_X52Y98         LUT4 (Prop_lut4_I1_O)        0.124     2.393 r  native_system/queue/frame_ready_INST_0_i_6/O
                         net (fo=1, routed)           0.762     3.155    native_system/queue/frame_ready_INST_0_i_6_n_0
    SLICE_X53Y99                                                      r  native_system/queue/frame_ready_INST_0_i_3/I2
    SLICE_X53Y99         LUT6 (Prop_lut6_I2_O)        0.124     3.279 f  native_system/queue/frame_ready_INST_0_i_3/O
                         net (fo=2, routed)           0.307     3.586    native_system/queue/p_28_in
    SLICE_X50Y99                                                      f  native_system/queue/frame_ready_INST_0_i_1/I0
    SLICE_X50Y99         LUT5 (Prop_lut5_I0_O)        0.124     3.710 f  native_system/queue/frame_ready_INST_0_i_1/O
                         net (fo=30, routed)          0.616     4.325    native_system/queue/p_30_in
    SLICE_X55Y99                                                      f  native_system/queue/frame_ready_INST_0/I2
    SLICE_X55Y99         LUT6 (Prop_lut6_I2_O)        0.124     4.449 r  native_system/queue/frame_ready_INST_0/O
                         net (fo=2, routed)           0.583     5.032    native_system/queue/frame_ready
    SLICE_X57Y101                                                     r  native_system/queue/occupancy[2]_i_4/I1
    SLICE_X57Y101        LUT6 (Prop_lut6_I1_O)        0.124     5.156 r  native_system/queue/occupancy[2]_i_4/O
                         net (fo=12, routed)          0.631     5.787    native_system/queue/occupancy[2]_i_4_n_0
    SLICE_X57Y105                                                     r  native_system/queue/seq[0][31]_i_1/I4
    SLICE_X57Y105        LUT5 (Prop_lut5_I4_O)        0.124     5.911 r  native_system/queue/seq[0][31]_i_1/O
                         net (fo=2208, routed)        2.172     8.083    native_system/queue/seq[0][31]_i_1_n_0
    SLICE_X43Y136        FDRE                                         r  native_system/queue/queue_reg[0][1296]/CE
  -------------------------------------------------------------------    -------------------

                         (clock core132 rise edge)    7.576     7.576 r  
                                                      0.000     7.576 r  clk (IN)
                         net (fo=17925, unset)        0.924     8.500    native_system/queue/clk
    SLICE_X43Y136        FDRE                                         r  native_system/queue/queue_reg[0][1296]/C
                         clock pessimism              0.000     8.500    
                         clock uncertainty           -0.035     8.465    
    SLICE_X43Y136        FDRE (Setup_fdre_C_CE)      -0.205     8.260    native_system/queue/queue_reg[0][1296]
  -------------------------------------------------------------------
                         required time                          8.260    
                         arrival time                          -8.083    
  -------------------------------------------------------------------
                         slack                                  0.177    

Slack (MET) :             0.177ns  (required time - arrival time)
  Source:                 native_system/queue/timer_reg[15]/C
                            (rising edge-triggered cell FDCE clocked by core132  {rise@0.000ns fall@3.788ns period=7.576ns})
  Destination:            native_system/queue/queue_reg[0][1735]/CE
                            (rising edge-triggered cell FDRE clocked by core132  {rise@0.000ns fall@3.788ns period=7.576ns})
  Path Group:             core132
  Path Type:              Setup (Max at Slow Process Corner)
  Requirement:            7.576ns  (core132 rise@7.576ns - core132 rise@0.000ns)
  Data Path Delay:        7.110ns  (logic 1.200ns (16.878%)  route 5.910ns (83.122%))
  Logic Levels:           6  (LUT4=1 LUT5=2 LUT6=3)
  Clock Path Skew:        -0.049ns (DCD - SCD + CPR)
    Destination Clock Delay (DCD):    0.924ns = ( 8.500 - 7.576 ) 
    Source Clock Delay      (SCD):    0.973ns
    Clock Pessimism Removal (CPR):    0.000ns
  Clock Uncertainty:      0.035ns  ((TSJ^2 + TIJ^2)^1/2 + DJ) / 2 + PE
    Total System Jitter     (TSJ):    0.071ns
    Total Input Jitter      (TIJ):    0.000ns
    Discrete Jitter          (DJ):    0.000ns
    Phase Error              (PE):    0.000ns

    Location             Delay type                Incr(ns)  Path(ns)    Netlist Resource(s)
  -------------------------------------------------------------------    -------------------
                         (clock core132 rise edge)    0.000     0.000 r  
                                                      0.000     0.000 r  clk (IN)
                         net (fo=17925, unset)        0.973     0.973    native_system/queue/clk
    SLICE_X53Y100        FDCE                                         r  native_system/queue/timer_reg[15]/C
  -------------------------------------------------------------------    -------------------
    SLICE_X53Y100        FDCE (Prop_fdce_C_Q)         0.456     1.429 r  native_system/queue/timer_reg[15]/Q
                         net (fo=4, routed)           0.840     2.269    native_system/queue/timer_reg_n_0_[15]
    SLICE_X52Y98                                                      r  native_system/queue/frame_ready_INST_0_i_6/I1
    SLICE_X52Y98         LUT4 (Prop_lut4_I1_O)        0.124     2.393 r  native_system/queue/frame_ready_INST_0_i_6/O
                         net (fo=1, routed)           0.762     3.155    native_system/queue/frame_ready_INST_0_i_6_n_0
    SLICE_X53Y99                                                      r  native_system/queue/frame_ready_INST_0_i_3/I2
    SLICE_X53Y99         LUT6 (Prop_lut6_I2_O)        0.124     3.279 f  native_system/queue/frame_ready_INST_0_i_3/O
                         net (fo=2, routed)           0.307     3.586    native_system/queue/p_28_in
    SLICE_X50Y99                                                      f  native_system/queue/frame_ready_INST_0_i_1/I0
    SLICE_X50Y99         LUT5 (Prop_lut5_I0_O)        0.124     3.710 f  native_system/queue/frame_ready_INST_0_i_1/O
                         net (fo=30, routed)          0.616     4.325    native_system/queue/p_30_in
    SLICE_X55Y99                                                      f  native_system/queue/frame_ready_INST_0/I2
    SLICE_X55Y99         LUT6 (Prop_lut6_I2_O)        0.124     4.449 r  native_system/queue/frame_ready_INST_0/O
                         net (fo=2, routed)           0.583     5.032    native_system/queue/frame_ready
    SLICE_X57Y101                                                     r  native_system/queue/occupancy[2]_i_4/I1
    SLICE_X57Y101        LUT6 (Prop_lut6_I1_O)        0.124     5.156 r  native_system/queue/occupancy[2]_i_4/O
                         net (fo=12, routed)          0.631     5.787    native_system/queue/occupancy[2]_i_4_n_0
    SLICE_X57Y105                                                     r  native_system/queue/seq[0][31]_i_1/I4
    SLICE_X57Y105        LUT5 (Prop_lut5_I4_O)        0.124     5.911 r  native_system/queue/seq[0][31]_i_1/O
                         net (fo=2208, routed)        2.172     8.083    native_system/queue/seq[0][31]_i_1_n_0
    SLICE_X43Y136        FDRE                                         r  native_system/queue/queue_reg[0][1735]/CE
  -------------------------------------------------------------------    -------------------

                         (clock core132 rise edge)    7.576     7.576 r  
                                                      0.000     7.576 r  clk (IN)
                         net (fo=17925, unset)        0.924     8.500    native_system/queue/clk
    SLICE_X43Y136        FDRE                                         r  native_system/queue/queue_reg[0][1735]/C
                         clock pessimism              0.000     8.500    
                         clock uncertainty           -0.035     8.465    
    SLICE_X43Y136        FDRE (Setup_fdre_C_CE)      -0.205     8.260    native_system/queue/queue_reg[0][1735]
  -------------------------------------------------------------------
                         required time                          8.260    
                         arrival time                          -8.083    
  -------------------------------------------------------------------
                         slack                                  0.177    




