Copyright 1986-2022 Xilinx, Inc. All Rights Reserved. Copyright 2022-2025 Advanced Micro Devices, Inc. All Rights Reserved.
----------------------------------------------------------------------------------------------------------------------------------------------
| Tool Version : Vivado v.2025.2 (win64) Build 6299465 Fri Nov 14 19:35:11 GMT 2025
| Date         : Tue Sep 29 13:29:14 2026
| Host         : loverlike running 64-bit major release  (build 9200)
| Command      : report_methodology -file E:/Codex_project/AMD-SonoField-FPGA/v2/evidence/core_timing_real_loop/round1/placed/methodology.rpt
| Design       : sono_axi_system
| Device       : xc7z020clg400-1
| Speed File   : -1
| Design State : Fully Placed
----------------------------------------------------------------------------------------------------------------------------------------------

Report Methodology

Table of Contents
-----------------
1. REPORT SUMMARY
2. REPORT DETAILS

1. REPORT SUMMARY
-----------------
            Netlist: sono_axi_system
          Floorplan: design_1
      Design limits: <entire design considered>
             Max checks: <unlimited>
             Checks found: 1622
+-----------+----------+--------------------------------------------+--------+
| Rule      | Severity | Description                                | Checks |
+-----------+----------+--------------------------------------------+--------+
| DPIR-1    | Warning  | Asynchronous driver check                  | 30     |
| LUTAR-1   | Warning  | LUT drives async reset alert               | 1      |
| SYNTH-6   | Warning  | Timing of a RAM block might be sub-optimal | 4      |
| TIMING-16 | Warning  | Large setup violation                      | 587    |
| TIMING-18 | Warning  | Missing input or output delay              | 1000   |
+-----------+----------+--------------------------------------------+--------+

2. REPORT DETAILS
-----------------
DPIR-1#1 Warning
Asynchronous driver check  
DSP native_system/queue/bus_wdata1 input pin native_system/queue/bus_wdata1/A[0] is connected to registers with an asynchronous reset. This is preventing the possibility of merging these registers in to the DSP Block since the DSP block registers only possess synchronous reset capability.  It is suggested to recode or change these registers to remove the reset or use a synchronous reset to get the best optimization for performance, power and area.
Related violations: <none>

DPIR-1#2 Warning
Asynchronous driver check  
DSP native_system/queue/bus_wdata1 input pin native_system/queue/bus_wdata1/A[10] is connected to registers with an asynchronous reset. This is preventing the possibility of merging these registers in to the DSP Block since the DSP block registers only possess synchronous reset capability.  It is suggested to recode or change these registers to remove the reset or use a synchronous reset to get the best optimization for performance, power and area.
Related violations: <none>

DPIR-1#3 Warning
Asynchronous driver check  
DSP native_system/queue/bus_wdata1 input pin native_system/queue/bus_wdata1/A[11] is connected to registers with an asynchronous reset. This is preventing the possibility of merging these registers in to the DSP Block since the DSP block registers only possess synchronous reset capability.  It is suggested to recode or change these registers to remove the reset or use a synchronous reset to get the best optimization for performance, power and area.
Related violations: <none>

DPIR-1#4 Warning
Asynchronous driver check  
DSP native_system/queue/bus_wdata1 input pin native_system/queue/bus_wdata1/A[12] is connected to registers with an asynchronous reset. This is preventing the possibility of merging these registers in to the DSP Block since the DSP block registers only possess synchronous reset capability.  It is suggested to recode or change these registers to remove the reset or use a synchronous reset to get the best optimization for performance, power and area.
Related violations: <none>

DPIR-1#5 Warning
Asynchronous driver check  
DSP native_system/queue/bus_wdata1 input pin native_system/queue/bus_wdata1/A[13] is connected to registers with an asynchronous reset. This is preventing the possibility of merging these registers in to the DSP Block since the DSP block registers only possess synchronous reset capability.  It is suggested to recode or change these registers to remove the reset or use a synchronous reset to get the best optimization for performance, power and area.
Related violations: <none>

DPIR-1#6 Warning
Asynchronous driver check  
DSP native_system/queue/bus_wdata1 input pin native_system/queue/bus_wdata1/A[14] is connected to registers with an asynchronous reset. This is preventing the possibility of merging these registers in to the DSP Block since the DSP block registers only possess synchronous reset capability.  It is suggested to recode or change these registers to remove the reset or use a synchronous reset to get the best optimization for performance, power and area.
Related violations: <none>

DPIR-1#7 Warning
Asynchronous driver check  
DSP native_system/queue/bus_wdata1 input pin native_system/queue/bus_wdata1/A[15] is connected to registers with an asynchronous reset. This is preventing the possibility of merging these registers in to the DSP Block since the DSP block registers only possess synchronous reset capability.  It is suggested to recode or change these registers to remove the reset or use a synchronous reset to get the best optimization for performance, power and area.
Related violations: <none>

DPIR-1#8 Warning
Asynchronous driver check  
DSP native_system/queue/bus_wdata1 input pin native_system/queue/bus_wdata1/A[16] is connected to registers with an asynchronous reset. This is preventing the possibility of merging these registers in to the DSP Block since the DSP block registers only possess synchronous reset capability.  It is suggested to recode or change these registers to remove the reset or use a synchronous reset to get the best optimization for performance, power and area.
Related violations: <none>

DPIR-1#9 Warning
Asynchronous driver check  
DSP native_system/queue/bus_wdata1 input pin native_system/queue/bus_wdata1/A[17] is connected to registers with an asynchronous reset. This is preventing the possibility of merging these registers in to the DSP Block since the DSP block registers only possess synchronous reset capability.  It is suggested to recode or change these registers to remove the reset or use a synchronous reset to get the best optimization for performance, power and area.
Related violations: <none>

DPIR-1#10 Warning
Asynchronous driver check  
DSP native_system/queue/bus_wdata1 input pin native_system/queue/bus_wdata1/A[18] is connected to registers with an asynchronous reset. This is preventing the possibility of merging these registers in to the DSP Block since the DSP block registers only possess synchronous reset capability.  It is suggested to recode or change these registers to remove the reset or use a synchronous reset to get the best optimization for performance, power and area.
Related violations: <none>

DPIR-1#11 Warning
Asynchronous driver check  
DSP native_system/queue/bus_wdata1 input pin native_system/queue/bus_wdata1/A[19] is connected to registers with an asynchronous reset. This is preventing the possibility of merging these registers in to the DSP Block since the DSP block registers only possess synchronous reset capability.  It is suggested to recode or change these registers to remove the reset or use a synchronous reset to get the best optimization for performance, power and area.
Related violations: <none>

DPIR-1#12 Warning
Asynchronous driver check  
DSP native_system/queue/bus_wdata1 input pin native_system/queue/bus_wdata1/A[1] is connected to registers with an asynchronous reset. This is preventing the possibility of merging these registers in to the DSP Block since the DSP block registers only possess synchronous reset capability.  It is suggested to recode or change these registers to remove the reset or use a synchronous reset to get the best optimization for performance, power and area.
Related violations: <none>

DPIR-1#13 Warning
Asynchronous driver check  
DSP native_system/queue/bus_wdata1 input pin native_system/queue/bus_wdata1/A[20] is connected to registers with an asynchronous reset. This is preventing the possibility of merging these registers in to the DSP Block since the DSP block registers only possess synchronous reset capability.  It is suggested to recode or change these registers to remove the reset or use a synchronous reset to get the best optimization for performance, power and area.
Related violations: <none>

DPIR-1#14 Warning
Asynchronous driver check  
DSP native_system/queue/bus_wdata1 input pin native_system/queue/bus_wdata1/A[21] is connected to registers with an asynchronous reset. This is preventing the possibility of merging these registers in to the DSP Block since the DSP block registers only possess synchronous reset capability.  It is suggested to recode or change these registers to remove the reset or use a synchronous reset to get the best optimization for performance, power and area.
Related violations: <none>

DPIR-1#15 Warning
Asynchronous driver check  
DSP native_system/queue/bus_wdata1 input pin native_system/queue/bus_wdata1/A[22] is connected to registers with an asynchronous reset. This is preventing the possibility of merging these registers in to the DSP Block since the DSP block registers only possess synchronous reset capability.  It is suggested to recode or change these registers to remove the reset or use a synchronous reset to get the best optimization for performance, power and area.
Related violations: <none>

DPIR-1#16 Warning
Asynchronous driver check  
DSP native_system/queue/bus_wdata1 input pin native_system/queue/bus_wdata1/A[23] is connected to registers with an asynchronous reset. This is preventing the possibility of merging these registers in to the DSP Block since the DSP block registers only possess synchronous reset capability.  It is suggested to recode or change these registers to remove the reset or use a synchronous reset to get the best optimization for performance, power and area.
Related violations: <none>

DPIR-1#17 Warning
Asynchronous driver check  
DSP native_system/queue/bus_wdata1 input pin native_system/queue/bus_wdata1/A[24] is connected to registers with an asynchronous reset. This is preventing the possibility of merging these registers in to the DSP Block since the DSP block registers only possess synchronous reset capability.  It is suggested to recode or change these registers to remove the reset or use a synchronous reset to get the best optimization for performance, power and area.
Related violations: <none>

DPIR-1#18 Warning
Asynchronous driver check  
DSP native_system/queue/bus_wdata1 input pin native_system/queue/bus_wdata1/A[25] is connected to registers with an asynchronous reset. This is preventing the possibility of merging these registers in to the DSP Block since the DSP block registers only possess synchronous reset capability.  It is suggested to recode or change these registers to remove the reset or use a synchronous reset to get the best optimization for performance, power and area.
Related violations: <none>

DPIR-1#19 Warning
Asynchronous driver check  
DSP native_system/queue/bus_wdata1 input pin native_system/queue/bus_wdata1/A[26] is connected to registers with an asynchronous reset. This is preventing the possibility of merging these registers in to the DSP Block since the DSP block registers only possess synchronous reset capability.  It is suggested to recode or change these registers to remove the reset or use a synchronous reset to get the best optimization for performance, power and area.
Related violations: <none>

DPIR-1#20 Warning
Asynchronous driver check  
DSP native_system/queue/bus_wdata1 input pin native_system/queue/bus_wdata1/A[27] is connected to registers with an asynchronous reset. This is preventing the possibility of merging these registers in to the DSP Block since the DSP block registers only possess synchronous reset capability.  It is suggested to recode or change these registers to remove the reset or use a synchronous reset to get the best optimization for performance, power and area.
Related violations: <none>

DPIR-1#21 Warning
Asynchronous driver check  
DSP native_system/queue/bus_wdata1 input pin native_system/queue/bus_wdata1/A[28] is connected to registers with an asynchronous reset. This is preventing the possibility of merging these registers in to the DSP Block since the DSP block registers only possess synchronous reset capability.  It is suggested to recode or change these registers to remove the reset or use a synchronous reset to get the best optimization for performance, power and area.
Related violations: <none>

DPIR-1#22 Warning
Asynchronous driver check  
DSP native_system/queue/bus_wdata1 input pin native_system/queue/bus_wdata1/A[29] is connected to registers with an asynchronous reset. This is preventing the possibility of merging these registers in to the DSP Block since the DSP block registers only possess synchronous reset capability.  It is suggested to recode or change these registers to remove the reset or use a synchronous reset to get the best optimization for performance, power and area.
Related violations: <none>

DPIR-1#23 Warning
Asynchronous driver check  
DSP native_system/queue/bus_wdata1 input pin native_system/queue/bus_wdata1/A[2] is connected to registers with an asynchronous reset. This is preventing the possibility of merging these registers in to the DSP Block since the DSP block registers only possess synchronous reset capability.  It is suggested to recode or change these registers to remove the reset or use a synchronous reset to get the best optimization for performance, power and area.
Related violations: <none>

DPIR-1#24 Warning
Asynchronous driver check  
DSP native_system/queue/bus_wdata1 input pin native_system/queue/bus_wdata1/A[3] is connected to registers with an asynchronous reset. This is preventing the possibility of merging these registers in to the DSP Block since the DSP block registers only possess synchronous reset capability.  It is suggested to recode or change these registers to remove the reset or use a synchronous reset to get the best optimization for performance, power and area.
Related violations: <none>

DPIR-1#25 Warning
Asynchronous driver check  
DSP native_system/queue/bus_wdata1 input pin native_system/queue/bus_wdata1/A[4] is connected to registers with an asynchronous reset. This is preventing the possibility of merging these registers in to the DSP Block since the DSP block registers only possess synchronous reset capability.  It is suggested to recode or change these registers to remove the reset or use a synchronous reset to get the best optimization for performance, power and area.
Related violations: <none>

DPIR-1#26 Warning
Asynchronous driver check  
DSP native_system/queue/bus_wdata1 input pin native_system/queue/bus_wdata1/A[5] is connected to registers with an asynchronous reset. This is preventing the possibility of merging these registers in to the DSP Block since the DSP block registers only possess synchronous reset capability.  It is suggested to recode or change these registers to remove the reset or use a synchronous reset to get the best optimization for performance, power and area.
Related violations: <none>

DPIR-1#27 Warning
Asynchronous driver check  
DSP native_system/queue/bus_wdata1 input pin native_system/queue/bus_wdata1/A[6] is connected to registers with an asynchronous reset. This is preventing the possibility of merging these registers in to the DSP Block since the DSP block registers only possess synchronous reset capability.  It is suggested to recode or change these registers to remove the reset or use a synchronous reset to get the best optimization for performance, power and area.
Related violations: <none>

DPIR-1#28 Warning
Asynchronous driver check  
DSP native_system/queue/bus_wdata1 input pin native_system/queue/bus_wdata1/A[7] is connected to registers with an asynchronous reset. This is preventing the possibility of merging these registers in to the DSP Block since the DSP block registers only possess synchronous reset capability.  It is suggested to recode or change these registers to remove the reset or use a synchronous reset to get the best optimization for performance, power and area.
Related violations: <none>

DPIR-1#29 Warning
Asynchronous driver check  
DSP native_system/queue/bus_wdata1 input pin native_system/queue/bus_wdata1/A[8] is connected to registers with an asynchronous reset. This is preventing the possibility of merging these registers in to the DSP Block since the DSP block registers only possess synchronous reset capability.  It is suggested to recode or change these registers to remove the reset or use a synchronous reset to get the best optimization for performance, power and area.
Related violations: <none>

DPIR-1#30 Warning
Asynchronous driver check  
DSP native_system/queue/bus_wdata1 input pin native_system/queue/bus_wdata1/A[9] is connected to registers with an asynchronous reset. This is preventing the possibility of merging these registers in to the DSP Block since the DSP block registers only possess synchronous reset capability.  It is suggested to recode or change these registers to remove the reset or use a synchronous reset to get the best optimization for performance, power and area.
Related violations: <none>

LUTAR-1#1 Warning
LUT drives async reset alert  
LUT cell native_system/queue/enable_sync[1]_i_1, with 2 or more inputs, drives asynchronous preset/clear pin(s) native_system/digital/enable_sync_reg[0]/CLR
native_system/digital/enable_sync_reg[1]/CLR. The LUT may glitch and trigger an unexpected reset, even if it is a properly timed path.
Related violations: <none>

SYNTH-6#1 Warning
Timing of a RAM block might be sub-optimal  
The timing for the instance native_system/digital/scheduler/memory_reg_0, implemented as a RAM block, might be sub-optimal as no output register was merged into the block.
Related violations: <none>

SYNTH-6#2 Warning
Timing of a RAM block might be sub-optimal  
The timing for the instance native_system/digital/scheduler/memory_reg_1, implemented as a RAM block, might be sub-optimal as no output register was merged into the block.
Related violations: <none>

SYNTH-6#3 Warning
Timing of a RAM block might be sub-optimal  
The timing for the instance native_system/digital/scheduler/memory_reg_2, implemented as a RAM block, might be sub-optimal as no output register was merged into the block.
Related violations: <none>

SYNTH-6#4 Warning
Timing of a RAM block might be sub-optimal  
The timing for the instance native_system/digital/scheduler/memory_reg_3, implemented as a RAM block, might be sub-optimal as no output register was merged into the block.
Related violations: <none>

TIMING-16#1 Warning
Large setup violation  
There is a large setup violation of -1.020 ns between native_system/digital/cfg_reg[10][2]/C (clocked by core132) and native_system/digital/scheduler/total_reg[17]/CE (clocked by core132). Large setup violations at the end of those stages might be difficult to fix during the post-placement implementation flow and could be the result of non-optimal XDC constraints or non-optimal design architecture
Related violations: <none>

TIMING-16#2 Warning
Large setup violation  
There is a large setup violation of -1.025 ns between native_system/queue/bus_wdata_reg[18]/C (clocked by core132) and native_system/digital/cfg_reg[9][26]/CE (clocked by core132). Large setup violations at the end of those stages might be difficult to fix during the post-placement implementation flow and could be the result of non-optimal XDC constraints or non-optimal design architecture
Related violations: <none>

TIMING-16#3 Warning
Large setup violation  
There is a large setup violation of -1.034 ns between native_system/queue/bus_wdata_reg[18]/C (clocked by core132) and native_system/digital/cfg_reg[11][24]/CE (clocked by core132). Large setup violations at the end of those stages might be difficult to fix during the post-placement implementation flow and could be the result of non-optimal XDC constraints or non-optimal design architecture
Related violations: <none>

TIMING-16#4 Warning
Large setup violation  
There is a large setup violation of -1.034 ns between native_system/queue/bus_wdata_reg[18]/C (clocked by core132) and native_system/digital/cfg_reg[11][25]/CE (clocked by core132). Large setup violations at the end of those stages might be difficult to fix during the post-placement implementation flow and could be the result of non-optimal XDC constraints or non-optimal design architecture
Related violations: <none>

TIMING-16#5 Warning
Large setup violation  
There is a large setup violation of -1.034 ns between native_system/queue/bus_wdata_reg[18]/C (clocked by core132) and native_system/digital/cfg_reg[11][26]/CE (clocked by core132). Large setup violations at the end of those stages might be difficult to fix during the post-placement implementation flow and could be the result of non-optimal XDC constraints or non-optimal design architecture
Related violations: <none>

TIMING-16#6 Warning
Large setup violation  
There is a large setup violation of -1.034 ns between native_system/queue/bus_wdata_reg[18]/C (clocked by core132) and native_system/digital/cfg_reg[11][27]/CE (clocked by core132). Large setup violations at the end of those stages might be difficult to fix during the post-placement implementation flow and could be the result of non-optimal XDC constraints or non-optimal design architecture
Related violations: <none>

TIMING-16#7 Warning
Large setup violation  
There is a large setup violation of -1.034 ns between native_system/queue/bus_wdata_reg[18]/C (clocked by core132) and native_system/digital/cfg_reg[11][29]/CE (clocked by core132). Large setup violations at the end of those stages might be difficult to fix during the post-placement implementation flow and could be the result of non-optimal XDC constraints or non-optimal design architecture
Related violations: <none>

TIMING-16#8 Warning
Large setup violation  
There is a large setup violation of -1.041 ns between native_system/digital/cfg_reg[10][2]/C (clocked by core132) and native_system/digital/scheduler/total_reg[15]/CE (clocked by core132). Large setup violations at the end of those stages might be difficult to fix during the post-placement implementation flow and could be the result of non-optimal XDC constraints or non-optimal design architecture
Related violations: <none>

TIMING-16#9 Warning
Large setup violation  
There is a large setup violation of -1.049 ns between native_system/queue/bus_wdata_reg[18]/C (clocked by core132) and native_system/digital/cfg_reg[7][24]/CE (clocked by core132). Large setup violations at the end of those stages might be difficult to fix during the post-placement implementation flow and could be the result of non-optimal XDC constraints or non-optimal design architecture
Related violations: <none>

TIMING-16#10 Warning
Large setup violation  
There is a large setup violation of -1.049 ns between native_system/queue/bus_wdata_reg[18]/C (clocked by core132) and native_system/digital/cfg_reg[7][26]/CE (clocked by core132). Large setup violations at the end of those stages might be difficult to fix during the post-placement implementation flow and could be the result of non-optimal XDC constraints or non-optimal design architecture
Related violations: <none>

TIMING-16#11 Warning
Large setup violation  
There is a large setup violation of -1.049 ns between native_system/queue/bus_wdata_reg[18]/C (clocked by core132) and native_system/digital/cfg_reg[7][31]/CE (clocked by core132). Large setup violations at the end of those stages might be difficult to fix during the post-placement implementation flow and could be the result of non-optimal XDC constraints or non-optimal design architecture
Related violations: <none>

TIMING-16#12 Warning
Large setup violation  
There is a large setup violation of -1.056 ns between native_system/digital/cfg_reg[10][2]/C (clocked by core132) and native_system/digital/scheduler/capture_ready_reg/D (clocked by core132). Large setup violations at the end of those stages might be difficult to fix during the post-placement implementation flow and could be the result of non-optimal XDC constraints or non-optimal design architecture
Related violations: <none>

TIMING-16#13 Warning
Large setup violation  
There is a large setup violation of -1.060 ns between native_system/queue/bus_wdata_reg[18]/C (clocked by core132) and native_system/digital/cfg_reg[7][25]/CE (clocked by core132). Large setup violations at the end of those stages might be difficult to fix during the post-placement implementation flow and could be the result of non-optimal XDC constraints or non-optimal design architecture
Related violations: <none>

TIMING-16#14 Warning
Large setup violation  
There is a large setup violation of -1.060 ns between native_system/queue/bus_wdata_reg[18]/C (clocked by core132) and native_system/digital/cfg_reg[7][27]/CE (clocked by core132). Large setup violations at the end of those stages might be difficult to fix during the post-placement implementation flow and could be the result of non-optimal XDC constraints or non-optimal design architecture
Related violations: <none>

TIMING-16#15 Warning
Large setup violation  
There is a large setup violation of -1.063 ns between native_system/queue/bus_wdata_reg[18]/C (clocked by core132) and native_system/digital/cfg_reg[21][16]/CE (clocked by core132). Large setup violations at the end of those stages might be difficult to fix during the post-placement implementation flow and could be the result of non-optimal XDC constraints or non-optimal design architecture
Related violations: <none>

TIMING-16#16 Warning
Large setup violation  
There is a large setup violation of -1.063 ns between native_system/queue/bus_wdata_reg[18]/C (clocked by core132) and native_system/digital/cfg_reg[21][17]/CE (clocked by core132). Large setup violations at the end of those stages might be difficult to fix during the post-placement implementation flow and could be the result of non-optimal XDC constraints or non-optimal design architecture
Related violations: <none>

TIMING-16#17 Warning
Large setup violation  
There is a large setup violation of -1.063 ns between native_system/queue/bus_wdata_reg[18]/C (clocked by core132) and native_system/digital/cfg_reg[21][21]/CE (clocked by core132). Large setup violations at the end of those stages might be difficult to fix during the post-placement implementation flow and could be the result of non-optimal XDC constraints or non-optimal design architecture
Related violations: <none>

TIMING-16#18 Warning
Large setup violation  
There is a large setup violation of -1.063 ns between native_system/queue/bus_wdata_reg[18]/C (clocked by core132) and native_system/digital/cfg_reg[21][24]/CE (clocked by core132). Large setup violations at the end of those stages might be difficult to fix during the post-placement implementation flow and could be the result of non-optimal XDC constraints or non-optimal design architecture
Related violations: <none>

TIMING-16#19 Warning
Large setup violation  
There is a large setup violation of -1.068 ns between native_system/queue/bus_address_reg[4]/C (clocked by core132) and bridge/s_rdata_reg[9]/D (clocked by core132). Large setup violations at the end of those stages might be difficult to fix during the post-placement implementation flow and could be the result of non-optimal XDC constraints or non-optimal design architecture
Related violations: <none>

TIMING-16#20 Warning
Large setup violation  
There is a large setup violation of -1.073 ns between native_system/queue/bus_wdata_reg[18]/C (clocked by core132) and native_system/digital/mode_reg[0]/D (clocked by core132). Large setup violations at the end of those stages might be difficult to fix during the post-placement implementation flow and could be the result of non-optimal XDC constraints or non-optimal design architecture
Related violations: <none>

TIMING-16#21 Warning
Large setup violation  
There is a large setup violation of -1.081 ns between native_system/queue/bus_wdata_reg[18]/C (clocked by core132) and native_system/digital/cfg_reg[3][24]/CE (clocked by core132). Large setup violations at the end of those stages might be difficult to fix during the post-placement implementation flow and could be the result of non-optimal XDC constraints or non-optimal design architecture
Related violations: <none>

TIMING-16#22 Warning
Large setup violation  
There is a large setup violation of -1.088 ns between native_system/queue/bus_wdata_reg[18]/C (clocked by core132) and native_system/digital/cfg_reg[8][28]/CE (clocked by core132). Large setup violations at the end of those stages might be difficult to fix during the post-placement implementation flow and could be the result of non-optimal XDC constraints or non-optimal design architecture
Related violations: <none>

TIMING-16#23 Warning
Large setup violation  
There is a large setup violation of -1.088 ns between native_system/queue/bus_wdata_reg[18]/C (clocked by core132) and native_system/digital/cfg_reg[8][30]/CE (clocked by core132). Large setup violations at the end of those stages might be difficult to fix during the post-placement implementation flow and could be the result of non-optimal XDC constraints or non-optimal design architecture
Related violations: <none>

TIMING-16#24 Warning
Large setup violation  
There is a large setup violation of -1.088 ns between native_system/queue/bus_wdata_reg[18]/C (clocked by core132) and native_system/digital/cfg_reg[8][31]/CE (clocked by core132). Large setup violations at the end of those stages might be difficult to fix during the post-placement implementation flow and could be the result of non-optimal XDC constraints or non-optimal design architecture
Related violations: <none>

TIMING-16#25 Warning
Large setup violation  
There is a large setup violation of -1.096 ns between native_system/digital/cfg_reg[10][2]/C (clocked by core132) and native_system/digital/scheduler/done_reg/D (clocked by core132). Large setup violations at the end of those stages might be difficult to fix during the post-placement implementation flow and could be the result of non-optimal XDC constraints or non-optimal design architecture
Related violations: <none>

TIMING-16#26 Warning
Large setup violation  
There is a large setup violation of -1.096 ns between native_system/queue/bus_address_reg[4]/C (clocked by core132) and bridge/s_rdata_reg[18]/D (clocked by core132). Large setup violations at the end of those stages might be difficult to fix during the post-placement implementation flow and could be the result of non-optimal XDC constraints or non-optimal design architecture
Related violations: <none>

TIMING-16#27 Warning
Large setup violation  
There is a large setup violation of -1.119 ns between native_system/queue/bus_wdata_reg[18]/C (clocked by core132) and native_system/digital/cfg_reg[9][25]/CE (clocked by core132). Large setup violations at the end of those stages might be difficult to fix during the post-placement implementation flow and could be the result of non-optimal XDC constraints or non-optimal design architecture
Related violations: <none>

TIMING-16#28 Warning
Large setup violation  
There is a large setup violation of -1.119 ns between native_system/queue/bus_wdata_reg[18]/C (clocked by core132) and native_system/digital/cfg_reg[9][31]/CE (clocked by core132). Large setup violations at the end of those stages might be difficult to fix during the post-placement implementation flow and could be the result of non-optimal XDC constraints or non-optimal design architecture
Related violations: <none>

TIMING-16#29 Warning
Large setup violation  
There is a large setup violation of -1.120 ns between native_system/queue/bus_wdata_reg[18]/C (clocked by core132) and native_system/digital/cfg_reg[21][27]/CE (clocked by core132). Large setup violations at the end of those stages might be difficult to fix during the post-placement implementation flow and could be the result of non-optimal XDC constraints or non-optimal design architecture
Related violations: <none>

TIMING-16#30 Warning
Large setup violation  
There is a large setup violation of -1.120 ns between native_system/queue/bus_wdata_reg[18]/C (clocked by core132) and native_system/digital/cfg_reg[21][28]/CE (clocked by core132). Large setup violations at the end of those stages might be difficult to fix during the post-placement implementation flow and could be the result of non-optimal XDC constraints or non-optimal design architecture
Related violations: <none>

TIMING-16#31 Warning
Large setup violation  
There is a large setup violation of -1.120 ns between native_system/queue/bus_wdata_reg[18]/C (clocked by core132) and native_system/digital/cfg_reg[21][29]/CE (clocked by core132). Large setup violations at the end of those stages might be difficult to fix during the post-placement implementation flow and could be the result of non-optimal XDC constraints or non-optimal design architecture
Related violations: <none>

TIMING-16#32 Warning
Large setup violation  
There is a large setup violation of -1.121 ns between native_system/queue/bus_wdata_reg[18]/C (clocked by core132) and native_system/digital/cfg_reg[8][19]/CE (clocked by core132). Large setup violations at the end of those stages might be difficult to fix during the post-placement implementation flow and could be the result of non-optimal XDC constraints or non-optimal design architecture
Related violations: <none>

TIMING-16#33 Warning
Large setup violation  
There is a large setup violation of -1.121 ns between native_system/queue/bus_wdata_reg[18]/C (clocked by core132) and native_system/digital/cfg_reg[8][20]/CE (clocked by core132). Large setup violations at the end of those stages might be difficult to fix during the post-placement implementation flow and could be the result of non-optimal XDC constraints or non-optimal design architecture
Related violations: <none>

TIMING-16#34 Warning
Large setup violation  
There is a large setup violation of -1.121 ns between native_system/queue/bus_wdata_reg[18]/C (clocked by core132) and native_system/digital/cfg_reg[8][21]/CE (clocked by core132). Large setup violations at the end of those stages might be difficult to fix during the post-placement implementation flow and could be the result of non-optimal XDC constraints or non-optimal design architecture
Related violations: <none>

TIMING-16#35 Warning
Large setup violation  
There is a large setup violation of -1.121 ns between native_system/queue/bus_wdata_reg[18]/C (clocked by core132) and native_system/digital/cfg_reg[8][25]/CE (clocked by core132). Large setup violations at the end of those stages might be difficult to fix during the post-placement implementation flow and could be the result of non-optimal XDC constraints or non-optimal design architecture
Related violations: <none>

TIMING-16#36 Warning
Large setup violation  
There is a large setup violation of -1.124 ns between native_system/digital/cfg_reg[10][2]/C (clocked by core132) and native_system/digital/scheduler/wait_count_reg[21]/CE (clocked by core132). Large setup violations at the end of those stages might be difficult to fix during the post-placement implementation flow and could be the result of non-optimal XDC constraints or non-optimal design architecture
Related violations: <none>

TIMING-16#37 Warning
Large setup violation  
There is a large setup violation of -1.124 ns between native_system/digital/cfg_reg[10][2]/C (clocked by core132) and native_system/digital/scheduler/wait_count_reg[22]/CE (clocked by core132). Large setup violations at the end of those stages might be difficult to fix during the post-placement implementation flow and could be the result of non-optimal XDC constraints or non-optimal design architecture
Related violations: <none>

TIMING-16#38 Warning
Large setup violation  
There is a large setup violation of -1.124 ns between native_system/digital/cfg_reg[10][2]/C (clocked by core132) and native_system/digital/scheduler/wait_count_reg[24]/CE (clocked by core132). Large setup violations at the end of those stages might be difficult to fix during the post-placement implementation flow and could be the result of non-optimal XDC constraints or non-optimal design architecture
Related violations: <none>

TIMING-16#39 Warning
Large setup violation  
There is a large setup violation of -1.125 ns between native_system/queue/bus_wdata_reg[18]/C (clocked by core132) and native_system/digital/cfg_reg[21][3]/CE (clocked by core132). Large setup violations at the end of those stages might be difficult to fix during the post-placement implementation flow and could be the result of non-optimal XDC constraints or non-optimal design architecture
Related violations: <none>

TIMING-16#40 Warning
Large setup violation  
There is a large setup violation of -1.125 ns between native_system/queue/bus_wdata_reg[18]/C (clocked by core132) and native_system/digital/cfg_reg[21][4]/CE (clocked by core132). Large setup violations at the end of those stages might be difficult to fix during the post-placement implementation flow and could be the result of non-optimal XDC constraints or non-optimal design architecture
Related violations: <none>

TIMING-16#41 Warning
Large setup violation  
There is a large setup violation of -1.127 ns between native_system/queue/bus_wdata_reg[18]/C (clocked by core132) and native_system/digital/cfg_reg[3][26]/CE (clocked by core132). Large setup violations at the end of those stages might be difficult to fix during the post-placement implementation flow and could be the result of non-optimal XDC constraints or non-optimal design architecture
Related violations: <none>

TIMING-16#42 Warning
Large setup violation  
There is a large setup violation of -1.127 ns between native_system/queue/bus_wdata_reg[18]/C (clocked by core132) and native_system/digital/cfg_reg[3][27]/CE (clocked by core132). Large setup violations at the end of those stages might be difficult to fix during the post-placement implementation flow and could be the result of non-optimal XDC constraints or non-optimal design architecture
Related violations: <none>

TIMING-16#43 Warning
Large setup violation  
There is a large setup violation of -1.127 ns between native_system/queue/bus_wdata_reg[18]/C (clocked by core132) and native_system/digital/cfg_reg[3][28]/CE (clocked by core132). Large setup violations at the end of those stages might be difficult to fix during the post-placement implementation flow and could be the result of non-optimal XDC constraints or non-optimal design architecture
Related violations: <none>

TIMING-16#44 Warning
Large setup violation  
There is a large setup violation of -1.127 ns between native_system/queue/bus_wdata_reg[18]/C (clocked by core132) and native_system/digital/cfg_reg[3][29]/CE (clocked by core132). Large setup violations at the end of those stages might be difficult to fix during the post-placement implementation flow and could be the result of non-optimal XDC constraints or non-optimal design architecture
Related violations: <none>

TIMING-16#45 Warning
Large setup violation  
There is a large setup violation of -1.129 ns between native_system/queue/bus_wdata_reg[18]/C (clocked by core132) and native_system/digital/cfg_reg[21][11]/CE (clocked by core132). Large setup violations at the end of those stages might be difficult to fix during the post-placement implementation flow and could be the result of non-optimal XDC constraints or non-optimal design architecture
Related violations: <none>

TIMING-16#46 Warning
Large setup violation  
There is a large setup violation of -1.129 ns between native_system/queue/bus_wdata_reg[18]/C (clocked by core132) and native_system/digital/cfg_reg[21][15]/CE (clocked by core132). Large setup violations at the end of those stages might be difficult to fix during the post-placement implementation flow and could be the result of non-optimal XDC constraints or non-optimal design architecture
Related violations: <none>

TIMING-16#47 Warning
Large setup violation  
There is a large setup violation of -1.129 ns between native_system/queue/bus_wdata_reg[18]/C (clocked by core132) and native_system/digital/cfg_reg[21][8]/CE (clocked by core132). Large setup violations at the end of those stages might be difficult to fix during the post-placement implementation flow and could be the result of non-optimal XDC constraints or non-optimal design architecture
Related violations: <none>

TIMING-16#48 Warning
Large setup violation  
There is a large setup violation of -1.130 ns between native_system/queue/bus_wdata_reg[18]/C (clocked by core132) and native_system/digital/cfg_reg[3][18]/CE (clocked by core132). Large setup violations at the end of those stages might be difficult to fix during the post-placement implementation flow and could be the result of non-optimal XDC constraints or non-optimal design architecture
Related violations: <none>

TIMING-16#49 Warning
Large setup violation  
There is a large setup violation of -1.130 ns between native_system/queue/bus_wdata_reg[18]/C (clocked by core132) and native_system/digital/cfg_reg[3][22]/CE (clocked by core132). Large setup violations at the end of those stages might be difficult to fix during the post-placement implementation flow and could be the result of non-optimal XDC constraints or non-optimal design architecture
Related violations: <none>

TIMING-16#50 Warning
Large setup violation  
There is a large setup violation of -1.130 ns between native_system/queue/bus_wdata_reg[18]/C (clocked by core132) and native_system/digital/cfg_reg[3][25]/CE (clocked by core132). Large setup violations at the end of those stages might be difficult to fix during the post-placement implementation flow and could be the result of non-optimal XDC constraints or non-optimal design architecture
Related violations: <none>

TIMING-16#51 Warning
Large setup violation  
There is a large setup violation of -1.130 ns between native_system/queue/bus_wdata_reg[18]/C (clocked by core132) and native_system/digital/cfg_reg[3][30]/CE (clocked by core132). Large setup violations at the end of those stages might be difficult to fix during the post-placement implementation flow and could be the result of non-optimal XDC constraints or non-optimal design architecture
Related violations: <none>

TIMING-16#52 Warning
Large setup violation  
There is a large setup violation of -1.157 ns between native_system/queue/bus_wdata_reg[18]/C (clocked by core132) and native_system/digital/cfg_reg[7][28]/CE (clocked by core132). Large setup violations at the end of those stages might be difficult to fix during the post-placement implementation flow and could be the result of non-optimal XDC constraints or non-optimal design architecture
Related violations: <none>

TIMING-16#53 Warning
Large setup violation  
There is a large setup violation of -1.157 ns between native_system/queue/bus_wdata_reg[18]/C (clocked by core132) and native_system/digital/cfg_reg[7][29]/CE (clocked by core132). Large setup violations at the end of those stages might be difficult to fix during the post-placement implementation flow and could be the result of non-optimal XDC constraints or non-optimal design architecture
Related violations: <none>

TIMING-16#54 Warning
Large setup violation  
There is a large setup violation of -1.157 ns between native_system/queue/bus_wdata_reg[18]/C (clocked by core132) and native_system/digital/cfg_reg[7][30]/CE (clocked by core132). Large setup violations at the end of those stages might be difficult to fix during the post-placement implementation flow and could be the result of non-optimal XDC constraints or non-optimal design architecture
Related violations: <none>

TIMING-16#55 Warning
Large setup violation  
There is a large setup violation of -1.165 ns between native_system/digital/cfg_reg[10][2]/C (clocked by core132) and native_system/digital/scheduler/frame_count_reg[0]/CE (clocked by core132). Large setup violations at the end of those stages might be difficult to fix during the post-placement implementation flow and could be the result of non-optimal XDC constraints or non-optimal design architecture
Related violations: <none>

TIMING-16#56 Warning
Large setup violation  
There is a large setup violation of -1.165 ns between native_system/digital/cfg_reg[10][2]/C (clocked by core132) and native_system/digital/scheduler/frame_count_reg[4]/CE (clocked by core132). Large setup violations at the end of those stages might be difficult to fix during the post-placement implementation flow and could be the result of non-optimal XDC constraints or non-optimal design architecture
Related violations: <none>

TIMING-16#57 Warning
Large setup violation  
There is a large setup violation of -1.166 ns between native_system/queue/bus_wdata_reg[18]/C (clocked by core132) and native_system/digital/cfg_reg[9][24]/CE (clocked by core132). Large setup violations at the end of those stages might be difficult to fix during the post-placement implementation flow and could be the result of non-optimal XDC constraints or non-optimal design architecture
Related violations: <none>

TIMING-16#58 Warning
Large setup violation  
There is a large setup violation of -1.166 ns between native_system/queue/bus_wdata_reg[18]/C (clocked by core132) and native_system/digital/cfg_reg[9][29]/CE (clocked by core132). Large setup violations at the end of those stages might be difficult to fix during the post-placement implementation flow and could be the result of non-optimal XDC constraints or non-optimal design architecture
Related violations: <none>

TIMING-16#59 Warning
Large setup violation  
There is a large setup violation of -1.172 ns between native_system/queue/bus_wdata_reg[18]/C (clocked by core132) and native_system/digital/cfg_reg[21][14]/CE (clocked by core132). Large setup violations at the end of those stages might be difficult to fix during the post-placement implementation flow and could be the result of non-optimal XDC constraints or non-optimal design architecture
Related violations: <none>

TIMING-16#60 Warning
Large setup violation  
There is a large setup violation of -1.172 ns between native_system/queue/bus_wdata_reg[18]/C (clocked by core132) and native_system/digital/cfg_reg[21][18]/CE (clocked by core132). Large setup violations at the end of those stages might be difficult to fix during the post-placement implementation flow and could be the result of non-optimal XDC constraints or non-optimal design architecture
Related violations: <none>

TIMING-16#61 Warning
Large setup violation  
There is a large setup violation of -1.172 ns between native_system/queue/bus_wdata_reg[18]/C (clocked by core132) and native_system/digital/cfg_reg[21][2]/CE (clocked by core132). Large setup violations at the end of those stages might be difficult to fix during the post-placement implementation flow and could be the result of non-optimal XDC constraints or non-optimal design architecture
Related violations: <none>

TIMING-16#62 Warning
Large setup violation  
There is a large setup violation of -1.172 ns between native_system/queue/bus_wdata_reg[18]/C (clocked by core132) and native_system/digital/cfg_reg[21][5]/CE (clocked by core132). Large setup violations at the end of those stages might be difficult to fix during the post-placement implementation flow and could be the result of non-optimal XDC constraints or non-optimal design architecture
Related violations: <none>

TIMING-16#63 Warning
Large setup violation  
There is a large setup violation of -1.173 ns between native_system/queue/bus_wdata_reg[18]/C (clocked by core132) and native_system/digital/cfg_reg[21][10]/CE (clocked by core132). Large setup violations at the end of those stages might be difficult to fix during the post-placement implementation flow and could be the result of non-optimal XDC constraints or non-optimal design architecture
Related violations: <none>

TIMING-16#64 Warning
Large setup violation  
There is a large setup violation of -1.173 ns between native_system/queue/bus_wdata_reg[18]/C (clocked by core132) and native_system/digital/cfg_reg[21][13]/CE (clocked by core132). Large setup violations at the end of those stages might be difficult to fix during the post-placement implementation flow and could be the result of non-optimal XDC constraints or non-optimal design architecture
Related violations: <none>

TIMING-16#65 Warning
Large setup violation  
There is a large setup violation of -1.173 ns between native_system/queue/bus_wdata_reg[18]/C (clocked by core132) and native_system/digital/cfg_reg[21][22]/CE (clocked by core132). Large setup violations at the end of those stages might be difficult to fix during the post-placement implementation flow and could be the result of non-optimal XDC constraints or non-optimal design architecture
Related violations: <none>

TIMING-16#66 Warning
Large setup violation  
There is a large setup violation of -1.173 ns between native_system/queue/bus_wdata_reg[18]/C (clocked by core132) and native_system/digital/cfg_reg[21][25]/CE (clocked by core132). Large setup violations at the end of those stages might be difficult to fix during the post-placement implementation flow and could be the result of non-optimal XDC constraints or non-optimal design architecture
Related violations: <none>

TIMING-16#67 Warning
Large setup violation  
There is a large setup violation of -1.173 ns between native_system/queue/bus_wdata_reg[18]/C (clocked by core132) and native_system/digital/cfg_reg[21][26]/CE (clocked by core132). Large setup violations at the end of those stages might be difficult to fix during the post-placement implementation flow and could be the result of non-optimal XDC constraints or non-optimal design architecture
Related violations: <none>

TIMING-16#68 Warning
Large setup violation  
There is a large setup violation of -1.180 ns between native_system/queue/bus_wdata_reg[18]/C (clocked by core132) and native_system/digital/cfg_reg[9][12]/CE (clocked by core132). Large setup violations at the end of those stages might be difficult to fix during the post-placement implementation flow and could be the result of non-optimal XDC constraints or non-optimal design architecture
Related violations: <none>

TIMING-16#69 Warning
Large setup violation  
There is a large setup violation of -1.180 ns between native_system/queue/bus_wdata_reg[18]/C (clocked by core132) and native_system/digital/cfg_reg[9][14]/CE (clocked by core132). Large setup violations at the end of those stages might be difficult to fix during the post-placement implementation flow and could be the result of non-optimal XDC constraints or non-optimal design architecture
Related violations: <none>

TIMING-16#70 Warning
Large setup violation  
There is a large setup violation of -1.180 ns between native_system/queue/bus_wdata_reg[18]/C (clocked by core132) and native_system/digital/cfg_reg[9][15]/CE (clocked by core132). Large setup violations at the end of those stages might be difficult to fix during the post-placement implementation flow and could be the result of non-optimal XDC constraints or non-optimal design architecture
Related violations: <none>

TIMING-16#71 Warning
Large setup violation  
There is a large setup violation of -1.181 ns between native_system/queue/bus_wdata_reg[18]/C (clocked by core132) and native_system/digital/cfg_reg[11][10]/CE (clocked by core132). Large setup violations at the end of those stages might be difficult to fix during the post-placement implementation flow and could be the result of non-optimal XDC constraints or non-optimal design architecture
Related violations: <none>

TIMING-16#72 Warning
Large setup violation  
There is a large setup violation of -1.181 ns between native_system/queue/bus_wdata_reg[18]/C (clocked by core132) and native_system/digital/cfg_reg[11][11]/CE (clocked by core132). Large setup violations at the end of those stages might be difficult to fix during the post-placement implementation flow and could be the result of non-optimal XDC constraints or non-optimal design architecture
Related violations: <none>

TIMING-16#73 Warning
Large setup violation  
There is a large setup violation of -1.181 ns between native_system/queue/bus_wdata_reg[18]/C (clocked by core132) and native_system/digital/cfg_reg[11][8]/CE (clocked by core132). Large setup violations at the end of those stages might be difficult to fix during the post-placement implementation flow and could be the result of non-optimal XDC constraints or non-optimal design architecture
Related violations: <none>

TIMING-16#74 Warning
Large setup violation  
There is a large setup violation of -1.181 ns between native_system/queue/bus_wdata_reg[18]/C (clocked by core132) and native_system/digital/cfg_reg[11][9]/CE (clocked by core132). Large setup violations at the end of those stages might be difficult to fix during the post-placement implementation flow and could be the result of non-optimal XDC constraints or non-optimal design architecture
Related violations: <none>

TIMING-16#75 Warning
Large setup violation  
There is a large setup violation of -1.185 ns between native_system/queue/bus_wdata_reg[18]/C (clocked by core132) and native_system/digital/cfg_reg[11][12]/CE (clocked by core132). Large setup violations at the end of those stages might be difficult to fix during the post-placement implementation flow and could be the result of non-optimal XDC constraints or non-optimal design architecture
Related violations: <none>

TIMING-16#76 Warning
Large setup violation  
There is a large setup violation of -1.185 ns between native_system/queue/bus_wdata_reg[18]/C (clocked by core132) and native_system/digital/cfg_reg[11][14]/CE (clocked by core132). Large setup violations at the end of those stages might be difficult to fix during the post-placement implementation flow and could be the result of non-optimal XDC constraints or non-optimal design architecture
Related violations: <none>

TIMING-16#77 Warning
Large setup violation  
There is a large setup violation of -1.185 ns between native_system/queue/bus_wdata_reg[18]/C (clocked by core132) and native_system/digital/cfg_reg[11][15]/CE (clocked by core132). Large setup violations at the end of those stages might be difficult to fix during the post-placement implementation flow and could be the result of non-optimal XDC constraints or non-optimal design architecture
Related violations: <none>

TIMING-16#78 Warning
Large setup violation  
There is a large setup violation of -1.185 ns between native_system/queue/bus_wdata_reg[18]/C (clocked by core132) and native_system/digital/cfg_reg[11][17]/CE (clocked by core132). Large setup violations at the end of those stages might be difficult to fix during the post-placement implementation flow and could be the result of non-optimal XDC constraints or non-optimal design architecture
Related violations: <none>

TIMING-16#79 Warning
Large setup violation  
There is a large setup violation of -1.186 ns between native_system/queue/bus_wdata_reg[18]/C (clocked by core132) and native_system/digital/cfg_reg[8][10]/CE (clocked by core132). Large setup violations at the end of those stages might be difficult to fix during the post-placement implementation flow and could be the result of non-optimal XDC constraints or non-optimal design architecture
Related violations: <none>

TIMING-16#80 Warning
Large setup violation  
There is a large setup violation of -1.186 ns between native_system/queue/bus_wdata_reg[18]/C (clocked by core132) and native_system/digital/cfg_reg[8][12]/CE (clocked by core132). Large setup violations at the end of those stages might be difficult to fix during the post-placement implementation flow and could be the result of non-optimal XDC constraints or non-optimal design architecture
Related violations: <none>

TIMING-16#81 Warning
Large setup violation  
There is a large setup violation of -1.186 ns between native_system/queue/bus_wdata_reg[18]/C (clocked by core132) and native_system/digital/cfg_reg[8][13]/CE (clocked by core132). Large setup violations at the end of those stages might be difficult to fix during the post-placement implementation flow and could be the result of non-optimal XDC constraints or non-optimal design architecture
Related violations: <none>

TIMING-16#82 Warning
Large setup violation  
There is a large setup violation of -1.186 ns between native_system/queue/bus_wdata_reg[18]/C (clocked by core132) and native_system/digital/cfg_reg[8][14]/CE (clocked by core132). Large setup violations at the end of those stages might be difficult to fix during the post-placement implementation flow and could be the result of non-optimal XDC constraints or non-optimal design architecture
Related violations: <none>

TIMING-16#83 Warning
Large setup violation  
There is a large setup violation of -1.186 ns between native_system/queue/bus_wdata_reg[18]/C (clocked by core132) and native_system/digital/cfg_reg[8][9]/CE (clocked by core132). Large setup violations at the end of those stages might be difficult to fix during the post-placement implementation flow and could be the result of non-optimal XDC constraints or non-optimal design architecture
Related violations: <none>

TIMING-16#84 Warning
Large setup violation  
There is a large setup violation of -1.187 ns between native_system/queue/bus_wdata_reg[18]/C (clocked by core132) and native_system/digital/cfg_reg[7][5]/CE (clocked by core132). Large setup violations at the end of those stages might be difficult to fix during the post-placement implementation flow and could be the result of non-optimal XDC constraints or non-optimal design architecture
Related violations: <none>

TIMING-16#85 Warning
Large setup violation  
There is a large setup violation of -1.190 ns between native_system/queue/bus_wdata_reg[18]/C (clocked by core132) and native_system/digital/cfg_reg[21][0]/CE (clocked by core132). Large setup violations at the end of those stages might be difficult to fix during the post-placement implementation flow and could be the result of non-optimal XDC constraints or non-optimal design architecture
Related violations: <none>

TIMING-16#86 Warning
Large setup violation  
There is a large setup violation of -1.190 ns between native_system/queue/bus_wdata_reg[18]/C (clocked by core132) and native_system/digital/cfg_reg[21][1]/CE (clocked by core132). Large setup violations at the end of those stages might be difficult to fix during the post-placement implementation flow and could be the result of non-optimal XDC constraints or non-optimal design architecture
Related violations: <none>

TIMING-16#87 Warning
Large setup violation  
There is a large setup violation of -1.190 ns between native_system/queue/bus_wdata_reg[18]/C (clocked by core132) and native_system/digital/cfg_reg[21][6]/CE (clocked by core132). Large setup violations at the end of those stages might be difficult to fix during the post-placement implementation flow and could be the result of non-optimal XDC constraints or non-optimal design architecture
Related violations: <none>

TIMING-16#88 Warning
Large setup violation  
There is a large setup violation of -1.193 ns between native_system/queue/bus_wdata_reg[18]/C (clocked by core132) and native_system/digital/cfg_reg[9][27]/CE (clocked by core132). Large setup violations at the end of those stages might be difficult to fix during the post-placement implementation flow and could be the result of non-optimal XDC constraints or non-optimal design architecture
Related violations: <none>

TIMING-16#89 Warning
Large setup violation  
There is a large setup violation of -1.199 ns between native_system/queue/bus_wdata_reg[18]/C (clocked by core132) and native_system/digital/cfg_reg[9][1]/CE (clocked by core132). Large setup violations at the end of those stages might be difficult to fix during the post-placement implementation flow and could be the result of non-optimal XDC constraints or non-optimal design architecture
Related violations: <none>

TIMING-16#90 Warning
Large setup violation  
There is a large setup violation of -1.199 ns between native_system/queue/bus_wdata_reg[18]/C (clocked by core132) and native_system/digital/cfg_reg[9][7]/CE (clocked by core132). Large setup violations at the end of those stages might be difficult to fix during the post-placement implementation flow and could be the result of non-optimal XDC constraints or non-optimal design architecture
Related violations: <none>

TIMING-16#91 Warning
Large setup violation  
There is a large setup violation of -1.210 ns between native_system/queue/bus_address_reg[4]/C (clocked by core132) and bridge/s_rdata_reg[4]/D (clocked by core132). Large setup violations at the end of those stages might be difficult to fix during the post-placement implementation flow and could be the result of non-optimal XDC constraints or non-optimal design architecture
Related violations: <none>

TIMING-16#92 Warning
Large setup violation  
There is a large setup violation of -1.215 ns between native_system/queue/bus_wdata_reg[18]/C (clocked by core132) and native_system/digital/cfg_reg[9][21]/CE (clocked by core132). Large setup violations at the end of those stages might be difficult to fix during the post-placement implementation flow and could be the result of non-optimal XDC constraints or non-optimal design architecture
Related violations: <none>

TIMING-16#93 Warning
Large setup violation  
There is a large setup violation of -1.215 ns between native_system/queue/bus_wdata_reg[18]/C (clocked by core132) and native_system/digital/cfg_reg[9][22]/CE (clocked by core132). Large setup violations at the end of those stages might be difficult to fix during the post-placement implementation flow and could be the result of non-optimal XDC constraints or non-optimal design architecture
Related violations: <none>

TIMING-16#94 Warning
Large setup violation  
There is a large setup violation of -1.215 ns between native_system/queue/bus_wdata_reg[18]/C (clocked by core132) and native_system/digital/cfg_reg[9][23]/CE (clocked by core132). Large setup violations at the end of those stages might be difficult to fix during the post-placement implementation flow and could be the result of non-optimal XDC constraints or non-optimal design architecture
Related violations: <none>

TIMING-16#95 Warning
Large setup violation  
There is a large setup violation of -1.215 ns between native_system/queue/bus_wdata_reg[18]/C (clocked by core132) and native_system/digital/cfg_reg[9][28]/CE (clocked by core132). Large setup violations at the end of those stages might be difficult to fix during the post-placement implementation flow and could be the result of non-optimal XDC constraints or non-optimal design architecture
Related violations: <none>

TIMING-16#96 Warning
Large setup violation  
There is a large setup violation of -1.215 ns between native_system/queue/bus_wdata_reg[18]/C (clocked by core132) and native_system/digital/cfg_reg[9][30]/CE (clocked by core132). Large setup violations at the end of those stages might be difficult to fix during the post-placement implementation flow and could be the result of non-optimal XDC constraints or non-optimal design architecture
Related violations: <none>

TIMING-16#97 Warning
Large setup violation  
There is a large setup violation of -1.219 ns between native_system/queue/bus_address_reg[4]/C (clocked by core132) and bridge/s_rdata_reg[22]/D (clocked by core132). Large setup violations at the end of those stages might be difficult to fix during the post-placement implementation flow and could be the result of non-optimal XDC constraints or non-optimal design architecture
Related violations: <none>

TIMING-16#98 Warning
Large setup violation  
There is a large setup violation of -1.232 ns between native_system/queue/bus_wdata_reg[18]/C (clocked by core132) and native_system/digital/cfg_reg[11][0]/CE (clocked by core132). Large setup violations at the end of those stages might be difficult to fix during the post-placement implementation flow and could be the result of non-optimal XDC constraints or non-optimal design architecture
Related violations: <none>

TIMING-16#99 Warning
Large setup violation  
There is a large setup violation of -1.232 ns between native_system/queue/bus_wdata_reg[18]/C (clocked by core132) and native_system/digital/cfg_reg[7][21]/CE (clocked by core132). Large setup violations at the end of those stages might be difficult to fix during the post-placement implementation flow and could be the result of non-optimal XDC constraints or non-optimal design architecture
Related violations: <none>

TIMING-16#100 Warning
Large setup violation  
There is a large setup violation of -1.233 ns between native_system/queue/bus_wdata_reg[18]/C (clocked by core132) and native_system/digital/cfg_reg[6][24]/CE (clocked by core132). Large setup violations at the end of those stages might be difficult to fix during the post-placement implementation flow and could be the result of non-optimal XDC constraints or non-optimal design architecture
Related violations: <none>

TIMING-16#101 Warning
Large setup violation  
There is a large setup violation of -1.234 ns between native_system/queue/bus_wdata_reg[18]/C (clocked by core132) and native_system/digital/cfg_reg[21][9]/CE (clocked by core132). Large setup violations at the end of those stages might be difficult to fix during the post-placement implementation flow and could be the result of non-optimal XDC constraints or non-optimal design architecture
Related violations: <none>

TIMING-16#102 Warning
Large setup violation  
There is a large setup violation of -1.235 ns between native_system/queue/bus_wdata_reg[18]/C (clocked by core132) and native_system/digital/cfg_reg[8][24]/CE (clocked by core132). Large setup violations at the end of those stages might be difficult to fix during the post-placement implementation flow and could be the result of non-optimal XDC constraints or non-optimal design architecture
Related violations: <none>

TIMING-16#103 Warning
Large setup violation  
There is a large setup violation of -1.235 ns between native_system/queue/bus_wdata_reg[18]/C (clocked by core132) and native_system/digital/cfg_reg[8][26]/CE (clocked by core132). Large setup violations at the end of those stages might be difficult to fix during the post-placement implementation flow and could be the result of non-optimal XDC constraints or non-optimal design architecture
Related violations: <none>

TIMING-16#104 Warning
Large setup violation  
There is a large setup violation of -1.235 ns between native_system/queue/bus_wdata_reg[18]/C (clocked by core132) and native_system/digital/cfg_reg[8][27]/CE (clocked by core132). Large setup violations at the end of those stages might be difficult to fix during the post-placement implementation flow and could be the result of non-optimal XDC constraints or non-optimal design architecture
Related violations: <none>

TIMING-16#105 Warning
Large setup violation  
There is a large setup violation of -1.235 ns between native_system/queue/bus_wdata_reg[18]/C (clocked by core132) and native_system/digital/cfg_reg[8][29]/CE (clocked by core132). Large setup violations at the end of those stages might be difficult to fix during the post-placement implementation flow and could be the result of non-optimal XDC constraints or non-optimal design architecture
Related violations: <none>

TIMING-16#106 Warning
Large setup violation  
There is a large setup violation of -1.239 ns between native_system/queue/bus_wdata_reg[18]/C (clocked by core132) and native_system/digital/cfg_reg[11][4]/CE (clocked by core132). Large setup violations at the end of those stages might be difficult to fix during the post-placement implementation flow and could be the result of non-optimal XDC constraints or non-optimal design architecture
Related violations: <none>

TIMING-16#107 Warning
Large setup violation  
There is a large setup violation of -1.239 ns between native_system/queue/bus_wdata_reg[18]/C (clocked by core132) and native_system/digital/cfg_reg[11][5]/CE (clocked by core132). Large setup violations at the end of those stages might be difficult to fix during the post-placement implementation flow and could be the result of non-optimal XDC constraints or non-optimal design architecture
Related violations: <none>

TIMING-16#108 Warning
Large setup violation  
There is a large setup violation of -1.239 ns between native_system/queue/bus_wdata_reg[18]/C (clocked by core132) and native_system/digital/cfg_reg[11][6]/CE (clocked by core132). Large setup violations at the end of those stages might be difficult to fix during the post-placement implementation flow and could be the result of non-optimal XDC constraints or non-optimal design architecture
Related violations: <none>

TIMING-16#109 Warning
Large setup violation  
There is a large setup violation of -1.239 ns between native_system/queue/bus_wdata_reg[18]/C (clocked by core132) and native_system/digital/cfg_reg[11][7]/CE (clocked by core132). Large setup violations at the end of those stages might be difficult to fix during the post-placement implementation flow and could be the result of non-optimal XDC constraints or non-optimal design architecture
Related violations: <none>

TIMING-16#110 Warning
Large setup violation  
There is a large setup violation of -1.239 ns between native_system/queue/bus_wdata_reg[18]/C (clocked by core132) and native_system/digital/cfg_reg[3][17]/CE (clocked by core132). Large setup violations at the end of those stages might be difficult to fix during the post-placement implementation flow and could be the result of non-optimal XDC constraints or non-optimal design architecture
Related violations: <none>

TIMING-16#111 Warning
Large setup violation  
There is a large setup violation of -1.239 ns between native_system/queue/bus_wdata_reg[18]/C (clocked by core132) and native_system/digital/cfg_reg[3][31]/CE (clocked by core132). Large setup violations at the end of those stages might be difficult to fix during the post-placement implementation flow and could be the result of non-optimal XDC constraints or non-optimal design architecture
Related violations: <none>

TIMING-16#112 Warning
Large setup violation  
There is a large setup violation of -1.247 ns between native_system/digital/cfg_reg[10][2]/C (clocked by core132) and native_system/digital/scheduler/state_reg[1]/D (clocked by core132). Large setup violations at the end of those stages might be difficult to fix during the post-placement implementation flow and could be the result of non-optimal XDC constraints or non-optimal design architecture
Related violations: <none>

TIMING-16#113 Warning
Large setup violation  
There is a large setup violation of -1.265 ns between native_system/queue/bus_wdata_reg[18]/C (clocked by core132) and native_system/digital/cfg_reg[8][3]/CE (clocked by core132). Large setup violations at the end of those stages might be difficult to fix during the post-placement implementation flow and could be the result of non-optimal XDC constraints or non-optimal design architecture
Related violations: <none>

TIMING-16#114 Warning
Large setup violation  
There is a large setup violation of -1.265 ns between native_system/queue/bus_wdata_reg[18]/C (clocked by core132) and native_system/digital/cfg_reg[8][7]/CE (clocked by core132). Large setup violations at the end of those stages might be difficult to fix during the post-placement implementation flow and could be the result of non-optimal XDC constraints or non-optimal design architecture
Related violations: <none>

TIMING-16#115 Warning
Large setup violation  
There is a large setup violation of -1.266 ns between native_system/queue/bus_wdata_reg[18]/C (clocked by core132) and native_system/digital/cfg_reg[8][1]/CE (clocked by core132). Large setup violations at the end of those stages might be difficult to fix during the post-placement implementation flow and could be the result of non-optimal XDC constraints or non-optimal design architecture
Related violations: <none>

TIMING-16#116 Warning
Large setup violation  
There is a large setup violation of -1.266 ns between native_system/queue/bus_wdata_reg[18]/C (clocked by core132) and native_system/digital/cfg_reg[8][2]/CE (clocked by core132). Large setup violations at the end of those stages might be difficult to fix during the post-placement implementation flow and could be the result of non-optimal XDC constraints or non-optimal design architecture
Related violations: <none>

TIMING-16#117 Warning
Large setup violation  
There is a large setup violation of -1.266 ns between native_system/queue/bus_wdata_reg[18]/C (clocked by core132) and native_system/digital/cfg_reg[8][4]/CE (clocked by core132). Large setup violations at the end of those stages might be difficult to fix during the post-placement implementation flow and could be the result of non-optimal XDC constraints or non-optimal design architecture
Related violations: <none>

TIMING-16#118 Warning
Large setup violation  
There is a large setup violation of -1.266 ns between native_system/queue/bus_wdata_reg[18]/C (clocked by core132) and native_system/digital/cfg_reg[8][6]/CE (clocked by core132). Large setup violations at the end of those stages might be difficult to fix during the post-placement implementation flow and could be the result of non-optimal XDC constraints or non-optimal design architecture
Related violations: <none>

TIMING-16#119 Warning
Large setup violation  
There is a large setup violation of -1.268 ns between native_system/digital/cfg_reg[10][2]/C (clocked by core132) and native_system/digital/scheduler/wait_count_reg[17]/CE (clocked by core132). Large setup violations at the end of those stages might be difficult to fix during the post-placement implementation flow and could be the result of non-optimal XDC constraints or non-optimal design architecture
Related violations: <none>

TIMING-16#120 Warning
Large setup violation  
There is a large setup violation of -1.268 ns between native_system/digital/cfg_reg[10][2]/C (clocked by core132) and native_system/digital/scheduler/wait_count_reg[19]/CE (clocked by core132). Large setup violations at the end of those stages might be difficult to fix during the post-placement implementation flow and could be the result of non-optimal XDC constraints or non-optimal design architecture
Related violations: <none>

TIMING-16#121 Warning
Large setup violation  
There is a large setup violation of -1.268 ns between native_system/digital/cfg_reg[10][2]/C (clocked by core132) and native_system/digital/scheduler/wait_count_reg[20]/CE (clocked by core132). Large setup violations at the end of those stages might be difficult to fix during the post-placement implementation flow and could be the result of non-optimal XDC constraints or non-optimal design architecture
Related violations: <none>

TIMING-16#122 Warning
Large setup violation  
There is a large setup violation of -1.268 ns between native_system/digital/cfg_reg[10][2]/C (clocked by core132) and native_system/digital/scheduler/wait_count_reg[23]/CE (clocked by core132). Large setup violations at the end of those stages might be difficult to fix during the post-placement implementation flow and could be the result of non-optimal XDC constraints or non-optimal design architecture
Related violations: <none>

TIMING-16#123 Warning
Large setup violation  
There is a large setup violation of -1.268 ns between native_system/digital/cfg_reg[10][2]/C (clocked by core132) and native_system/digital/scheduler/wait_count_reg[25]/CE (clocked by core132). Large setup violations at the end of those stages might be difficult to fix during the post-placement implementation flow and could be the result of non-optimal XDC constraints or non-optimal design architecture
Related violations: <none>

TIMING-16#124 Warning
Large setup violation  
There is a large setup violation of -1.268 ns between native_system/digital/cfg_reg[10][2]/C (clocked by core132) and native_system/digital/scheduler/wait_count_reg[26]/CE (clocked by core132). Large setup violations at the end of those stages might be difficult to fix during the post-placement implementation flow and could be the result of non-optimal XDC constraints or non-optimal design architecture
Related violations: <none>

TIMING-16#125 Warning
Large setup violation  
There is a large setup violation of -1.268 ns between native_system/digital/cfg_reg[10][2]/C (clocked by core132) and native_system/digital/scheduler/wait_count_reg[27]/CE (clocked by core132). Large setup violations at the end of those stages might be difficult to fix during the post-placement implementation flow and could be the result of non-optimal XDC constraints or non-optimal design architecture
Related violations: <none>

TIMING-16#126 Warning
Large setup violation  
There is a large setup violation of -1.268 ns between native_system/digital/cfg_reg[10][2]/C (clocked by core132) and native_system/digital/scheduler/wait_count_reg[28]/CE (clocked by core132). Large setup violations at the end of those stages might be difficult to fix during the post-placement implementation flow and could be the result of non-optimal XDC constraints or non-optimal design architecture
Related violations: <none>

TIMING-16#127 Warning
Large setup violation  
There is a large setup violation of -1.269 ns between native_system/queue/bus_address_reg[4]/C (clocked by core132) and bridge/s_rdata_reg[25]/D (clocked by core132). Large setup violations at the end of those stages might be difficult to fix during the post-placement implementation flow and could be the result of non-optimal XDC constraints or non-optimal design architecture
Related violations: <none>

TIMING-16#128 Warning
Large setup violation  
There is a large setup violation of -1.277 ns between native_system/queue/bus_wdata_reg[18]/C (clocked by core132) and native_system/digital/cfg_reg[9][13]/CE (clocked by core132). Large setup violations at the end of those stages might be difficult to fix during the post-placement implementation flow and could be the result of non-optimal XDC constraints or non-optimal design architecture
Related violations: <none>

TIMING-16#129 Warning
Large setup violation  
There is a large setup violation of -1.277 ns between native_system/queue/bus_wdata_reg[18]/C (clocked by core132) and native_system/digital/cfg_reg[9][16]/CE (clocked by core132). Large setup violations at the end of those stages might be difficult to fix during the post-placement implementation flow and could be the result of non-optimal XDC constraints or non-optimal design architecture
Related violations: <none>

TIMING-16#130 Warning
Large setup violation  
There is a large setup violation of -1.281 ns between native_system/queue/bus_wdata_reg[18]/C (clocked by core132) and native_system/digital/cfg_reg[7][16]/CE (clocked by core132). Large setup violations at the end of those stages might be difficult to fix during the post-placement implementation flow and could be the result of non-optimal XDC constraints or non-optimal design architecture
Related violations: <none>

TIMING-16#131 Warning
Large setup violation  
There is a large setup violation of -1.283 ns between native_system/queue/bus_wdata_reg[18]/C (clocked by core132) and native_system/digital/cfg_reg[8][16]/CE (clocked by core132). Large setup violations at the end of those stages might be difficult to fix during the post-placement implementation flow and could be the result of non-optimal XDC constraints or non-optimal design architecture
Related violations: <none>

TIMING-16#132 Warning
Large setup violation  
There is a large setup violation of -1.283 ns between native_system/queue/bus_wdata_reg[18]/C (clocked by core132) and native_system/digital/cfg_reg[8][17]/CE (clocked by core132). Large setup violations at the end of those stages might be difficult to fix during the post-placement implementation flow and could be the result of non-optimal XDC constraints or non-optimal design architecture
Related violations: <none>

TIMING-16#133 Warning
Large setup violation  
There is a large setup violation of -1.283 ns between native_system/queue/bus_wdata_reg[18]/C (clocked by core132) and native_system/digital/cfg_reg[8][18]/CE (clocked by core132). Large setup violations at the end of those stages might be difficult to fix during the post-placement implementation flow and could be the result of non-optimal XDC constraints or non-optimal design architecture
Related violations: <none>

TIMING-16#134 Warning
Large setup violation  
There is a large setup violation of -1.283 ns between native_system/queue/bus_wdata_reg[18]/C (clocked by core132) and native_system/digital/cfg_reg[8][22]/CE (clocked by core132). Large setup violations at the end of those stages might be difficult to fix during the post-placement implementation flow and could be the result of non-optimal XDC constraints or non-optimal design architecture
Related violations: <none>

TIMING-16#135 Warning
Large setup violation  
There is a large setup violation of -1.283 ns between native_system/queue/bus_wdata_reg[18]/C (clocked by core132) and native_system/digital/cfg_reg[8][23]/CE (clocked by core132). Large setup violations at the end of those stages might be difficult to fix during the post-placement implementation flow and could be the result of non-optimal XDC constraints or non-optimal design architecture
Related violations: <none>

TIMING-16#136 Warning
Large setup violation  
There is a large setup violation of -1.290 ns between native_system/queue/bus_wdata_reg[18]/C (clocked by core132) and native_system/digital/cfg_reg[8][0]/CE (clocked by core132). Large setup violations at the end of those stages might be difficult to fix during the post-placement implementation flow and could be the result of non-optimal XDC constraints or non-optimal design architecture
Related violations: <none>

TIMING-16#137 Warning
Large setup violation  
There is a large setup violation of -1.290 ns between native_system/queue/bus_wdata_reg[18]/C (clocked by core132) and native_system/digital/cfg_reg[8][11]/CE (clocked by core132). Large setup violations at the end of those stages might be difficult to fix during the post-placement implementation flow and could be the result of non-optimal XDC constraints or non-optimal design architecture
Related violations: <none>

TIMING-16#138 Warning
Large setup violation  
There is a large setup violation of -1.290 ns between native_system/queue/bus_wdata_reg[18]/C (clocked by core132) and native_system/digital/cfg_reg[8][5]/CE (clocked by core132). Large setup violations at the end of those stages might be difficult to fix during the post-placement implementation flow and could be the result of non-optimal XDC constraints or non-optimal design architecture
Related violations: <none>

TIMING-16#139 Warning
Large setup violation  
There is a large setup violation of -1.290 ns between native_system/queue/bus_wdata_reg[18]/C (clocked by core132) and native_system/digital/cfg_reg[8][8]/CE (clocked by core132). Large setup violations at the end of those stages might be difficult to fix during the post-placement implementation flow and could be the result of non-optimal XDC constraints or non-optimal design architecture
Related violations: <none>

TIMING-16#140 Warning
Large setup violation  
There is a large setup violation of -1.294 ns between native_system/queue/bus_wdata_reg[18]/C (clocked by core132) and native_system/digital/cfg_reg[7][0]/CE (clocked by core132). Large setup violations at the end of those stages might be difficult to fix during the post-placement implementation flow and could be the result of non-optimal XDC constraints or non-optimal design architecture
Related violations: <none>

TIMING-16#141 Warning
Large setup violation  
There is a large setup violation of -1.294 ns between native_system/queue/bus_wdata_reg[18]/C (clocked by core132) and native_system/digital/cfg_reg[7][17]/CE (clocked by core132). Large setup violations at the end of those stages might be difficult to fix during the post-placement implementation flow and could be the result of non-optimal XDC constraints or non-optimal design architecture
Related violations: <none>

TIMING-16#142 Warning
Large setup violation  
There is a large setup violation of -1.294 ns between native_system/queue/bus_wdata_reg[18]/C (clocked by core132) and native_system/digital/cfg_reg[7][1]/CE (clocked by core132). Large setup violations at the end of those stages might be difficult to fix during the post-placement implementation flow and could be the result of non-optimal XDC constraints or non-optimal design architecture
Related violations: <none>

TIMING-16#143 Warning
Large setup violation  
There is a large setup violation of -1.295 ns between native_system/queue/bus_wdata_reg[18]/C (clocked by core132) and native_system/digital/cfg_reg[7][3]/CE (clocked by core132). Large setup violations at the end of those stages might be difficult to fix during the post-placement implementation flow and could be the result of non-optimal XDC constraints or non-optimal design architecture
Related violations: <none>

TIMING-16#144 Warning
Large setup violation  
There is a large setup violation of -1.295 ns between native_system/queue/bus_wdata_reg[18]/C (clocked by core132) and native_system/digital/cfg_reg[7][6]/CE (clocked by core132). Large setup violations at the end of those stages might be difficult to fix during the post-placement implementation flow and could be the result of non-optimal XDC constraints or non-optimal design architecture
Related violations: <none>

TIMING-16#145 Warning
Large setup violation  
There is a large setup violation of -1.310 ns between native_system/queue/bus_wdata_reg[18]/C (clocked by core132) and native_system/digital/cfg_reg[21][12]/CE (clocked by core132). Large setup violations at the end of those stages might be difficult to fix during the post-placement implementation flow and could be the result of non-optimal XDC constraints or non-optimal design architecture
Related violations: <none>

TIMING-16#146 Warning
Large setup violation  
There is a large setup violation of -1.310 ns between native_system/queue/bus_wdata_reg[18]/C (clocked by core132) and native_system/digital/cfg_reg[21][7]/CE (clocked by core132). Large setup violations at the end of those stages might be difficult to fix during the post-placement implementation flow and could be the result of non-optimal XDC constraints or non-optimal design architecture
Related violations: <none>

TIMING-16#147 Warning
Large setup violation  
There is a large setup violation of -1.311 ns between native_system/digital/cfg_reg[10][2]/C (clocked by core132) and native_system/digital/scheduler/frame_count_reg[5]/CE (clocked by core132). Large setup violations at the end of those stages might be difficult to fix during the post-placement implementation flow and could be the result of non-optimal XDC constraints or non-optimal design architecture
Related violations: <none>

TIMING-16#148 Warning
Large setup violation  
There is a large setup violation of -1.312 ns between native_system/queue/bus_wdata_reg[18]/C (clocked by core132) and native_system/digital/cfg_reg[7][19]/CE (clocked by core132). Large setup violations at the end of those stages might be difficult to fix during the post-placement implementation flow and could be the result of non-optimal XDC constraints or non-optimal design architecture
Related violations: <none>

TIMING-16#149 Warning
Large setup violation  
There is a large setup violation of -1.312 ns between native_system/queue/bus_wdata_reg[18]/C (clocked by core132) and native_system/digital/cfg_reg[7][20]/CE (clocked by core132). Large setup violations at the end of those stages might be difficult to fix during the post-placement implementation flow and could be the result of non-optimal XDC constraints or non-optimal design architecture
Related violations: <none>

TIMING-16#150 Warning
Large setup violation  
There is a large setup violation of -1.312 ns between native_system/queue/bus_wdata_reg[18]/C (clocked by core132) and native_system/digital/cfg_reg[7][7]/CE (clocked by core132). Large setup violations at the end of those stages might be difficult to fix during the post-placement implementation flow and could be the result of non-optimal XDC constraints or non-optimal design architecture
Related violations: <none>

TIMING-16#151 Warning
Large setup violation  
There is a large setup violation of -1.314 ns between native_system/queue/bus_wdata_reg[18]/C (clocked by core132) and native_system/digital/cfg_reg[9][10]/CE (clocked by core132). Large setup violations at the end of those stages might be difficult to fix during the post-placement implementation flow and could be the result of non-optimal XDC constraints or non-optimal design architecture
Related violations: <none>

TIMING-16#152 Warning
Large setup violation  
There is a large setup violation of -1.314 ns between native_system/queue/bus_wdata_reg[18]/C (clocked by core132) and native_system/digital/cfg_reg[9][11]/CE (clocked by core132). Large setup violations at the end of those stages might be difficult to fix during the post-placement implementation flow and could be the result of non-optimal XDC constraints or non-optimal design architecture
Related violations: <none>

TIMING-16#153 Warning
Large setup violation  
There is a large setup violation of -1.314 ns between native_system/queue/bus_wdata_reg[18]/C (clocked by core132) and native_system/digital/cfg_reg[9][6]/CE (clocked by core132). Large setup violations at the end of those stages might be difficult to fix during the post-placement implementation flow and could be the result of non-optimal XDC constraints or non-optimal design architecture
Related violations: <none>

TIMING-16#154 Warning
Large setup violation  
There is a large setup violation of -1.314 ns between native_system/queue/bus_wdata_reg[18]/C (clocked by core132) and native_system/digital/cfg_reg[9][8]/CE (clocked by core132). Large setup violations at the end of those stages might be difficult to fix during the post-placement implementation flow and could be the result of non-optimal XDC constraints or non-optimal design architecture
Related violations: <none>

TIMING-16#155 Warning
Large setup violation  
There is a large setup violation of -1.314 ns between native_system/queue/bus_wdata_reg[18]/C (clocked by core132) and native_system/digital/cfg_reg[9][9]/CE (clocked by core132). Large setup violations at the end of those stages might be difficult to fix during the post-placement implementation flow and could be the result of non-optimal XDC constraints or non-optimal design architecture
Related violations: <none>

TIMING-16#156 Warning
Large setup violation  
There is a large setup violation of -1.315 ns between native_system/digital/cfg_reg[10][2]/C (clocked by core132) and native_system/digital/scheduler/wait_count_reg[11]/CE (clocked by core132). Large setup violations at the end of those stages might be difficult to fix during the post-placement implementation flow and could be the result of non-optimal XDC constraints or non-optimal design architecture
Related violations: <none>

TIMING-16#157 Warning
Large setup violation  
There is a large setup violation of -1.315 ns between native_system/digital/cfg_reg[10][2]/C (clocked by core132) and native_system/digital/scheduler/wait_count_reg[12]/CE (clocked by core132). Large setup violations at the end of those stages might be difficult to fix during the post-placement implementation flow and could be the result of non-optimal XDC constraints or non-optimal design architecture
Related violations: <none>

TIMING-16#158 Warning
Large setup violation  
There is a large setup violation of -1.315 ns between native_system/digital/cfg_reg[10][2]/C (clocked by core132) and native_system/digital/scheduler/wait_count_reg[14]/CE (clocked by core132). Large setup violations at the end of those stages might be difficult to fix during the post-placement implementation flow and could be the result of non-optimal XDC constraints or non-optimal design architecture
Related violations: <none>

TIMING-16#159 Warning
Large setup violation  
There is a large setup violation of -1.315 ns between native_system/digital/cfg_reg[10][2]/C (clocked by core132) and native_system/digital/scheduler/wait_count_reg[9]/CE (clocked by core132). Large setup violations at the end of those stages might be difficult to fix during the post-placement implementation flow and could be the result of non-optimal XDC constraints or non-optimal design architecture
Related violations: <none>

TIMING-16#160 Warning
Large setup violation  
There is a large setup violation of -1.315 ns between native_system/queue/bus_wdata_reg[18]/C (clocked by core132) and native_system/digital/cfg_reg[8][15]/CE (clocked by core132). Large setup violations at the end of those stages might be difficult to fix during the post-placement implementation flow and could be the result of non-optimal XDC constraints or non-optimal design architecture
Related violations: <none>

TIMING-16#161 Warning
Large setup violation  
There is a large setup violation of -1.326 ns between native_system/queue/bus_wdata_reg[18]/C (clocked by core132) and native_system/digital/cfg_reg[3][14]/CE (clocked by core132). Large setup violations at the end of those stages might be difficult to fix during the post-placement implementation flow and could be the result of non-optimal XDC constraints or non-optimal design architecture
Related violations: <none>

TIMING-16#162 Warning
Large setup violation  
There is a large setup violation of -1.326 ns between native_system/queue/bus_wdata_reg[18]/C (clocked by core132) and native_system/digital/cfg_reg[3][15]/CE (clocked by core132). Large setup violations at the end of those stages might be difficult to fix during the post-placement implementation flow and could be the result of non-optimal XDC constraints or non-optimal design architecture
Related violations: <none>

TIMING-16#163 Warning
Large setup violation  
There is a large setup violation of -1.326 ns between native_system/queue/bus_wdata_reg[18]/C (clocked by core132) and native_system/digital/cfg_reg[3][16]/CE (clocked by core132). Large setup violations at the end of those stages might be difficult to fix during the post-placement implementation flow and could be the result of non-optimal XDC constraints or non-optimal design architecture
Related violations: <none>

TIMING-16#164 Warning
Large setup violation  
There is a large setup violation of -1.326 ns between native_system/queue/bus_wdata_reg[18]/C (clocked by core132) and native_system/digital/cfg_reg[3][7]/CE (clocked by core132). Large setup violations at the end of those stages might be difficult to fix during the post-placement implementation flow and could be the result of non-optimal XDC constraints or non-optimal design architecture
Related violations: <none>

TIMING-16#165 Warning
Large setup violation  
There is a large setup violation of -1.328 ns between native_system/queue/bus_address_reg[4]/C (clocked by core132) and bridge/s_rdata_reg[3]/D (clocked by core132). Large setup violations at the end of those stages might be difficult to fix during the post-placement implementation flow and could be the result of non-optimal XDC constraints or non-optimal design architecture
Related violations: <none>

TIMING-16#166 Warning
Large setup violation  
There is a large setup violation of -1.340 ns between native_system/queue/bus_wdata_reg[18]/C (clocked by core132) and native_system/digital/cfg_reg[7][18]/CE (clocked by core132). Large setup violations at the end of those stages might be difficult to fix during the post-placement implementation flow and could be the result of non-optimal XDC constraints or non-optimal design architecture
Related violations: <none>

TIMING-16#167 Warning
Large setup violation  
There is a large setup violation of -1.340 ns between native_system/queue/bus_wdata_reg[18]/C (clocked by core132) and native_system/digital/cfg_reg[7][23]/CE (clocked by core132). Large setup violations at the end of those stages might be difficult to fix during the post-placement implementation flow and could be the result of non-optimal XDC constraints or non-optimal design architecture
Related violations: <none>

TIMING-16#168 Warning
Large setup violation  
There is a large setup violation of -1.340 ns between native_system/queue/bus_wdata_reg[18]/C (clocked by core132) and native_system/digital/cfg_reg[7][2]/CE (clocked by core132). Large setup violations at the end of those stages might be difficult to fix during the post-placement implementation flow and could be the result of non-optimal XDC constraints or non-optimal design architecture
Related violations: <none>

TIMING-16#169 Warning
Large setup violation  
There is a large setup violation of -1.340 ns between native_system/queue/bus_wdata_reg[18]/C (clocked by core132) and native_system/digital/cfg_reg[7][4]/CE (clocked by core132). Large setup violations at the end of those stages might be difficult to fix during the post-placement implementation flow and could be the result of non-optimal XDC constraints or non-optimal design architecture
Related violations: <none>

TIMING-16#170 Warning
Large setup violation  
There is a large setup violation of -1.340 ns between native_system/queue/bus_wdata_reg[18]/C (clocked by core132) and native_system/digital/cfg_reg[9][0]/CE (clocked by core132). Large setup violations at the end of those stages might be difficult to fix during the post-placement implementation flow and could be the result of non-optimal XDC constraints or non-optimal design architecture
Related violations: <none>

TIMING-16#171 Warning
Large setup violation  
There is a large setup violation of -1.341 ns between native_system/queue/bus_wdata_reg[18]/C (clocked by core132) and native_system/digital/cfg_reg[6][3]/CE (clocked by core132). Large setup violations at the end of those stages might be difficult to fix during the post-placement implementation flow and could be the result of non-optimal XDC constraints or non-optimal design architecture
Related violations: <none>

TIMING-16#172 Warning
Large setup violation  
There is a large setup violation of -1.346 ns between native_system/queue/bus_wdata_reg[18]/C (clocked by core132) and native_system/digital/cfg_reg[21][30]/CE (clocked by core132). Large setup violations at the end of those stages might be difficult to fix during the post-placement implementation flow and could be the result of non-optimal XDC constraints or non-optimal design architecture
Related violations: <none>

TIMING-16#173 Warning
Large setup violation  
There is a large setup violation of -1.346 ns between native_system/queue/bus_wdata_reg[18]/C (clocked by core132) and native_system/digital/cfg_reg[21][31]/CE (clocked by core132). Large setup violations at the end of those stages might be difficult to fix during the post-placement implementation flow and could be the result of non-optimal XDC constraints or non-optimal design architecture
Related violations: <none>

TIMING-16#174 Warning
Large setup violation  
There is a large setup violation of -1.350 ns between native_system/queue/bus_address_reg[4]/C (clocked by core132) and bridge/s_rdata_reg[15]/D (clocked by core132). Large setup violations at the end of those stages might be difficult to fix during the post-placement implementation flow and could be the result of non-optimal XDC constraints or non-optimal design architecture
Related violations: <none>

TIMING-16#175 Warning
Large setup violation  
There is a large setup violation of -1.356 ns between native_system/queue/bus_wdata_reg[18]/C (clocked by core132) and native_system/digital/cfg_reg[11][16]/CE (clocked by core132). Large setup violations at the end of those stages might be difficult to fix during the post-placement implementation flow and could be the result of non-optimal XDC constraints or non-optimal design architecture
Related violations: <none>

TIMING-16#176 Warning
Large setup violation  
There is a large setup violation of -1.356 ns between native_system/queue/bus_wdata_reg[18]/C (clocked by core132) and native_system/digital/cfg_reg[11][18]/CE (clocked by core132). Large setup violations at the end of those stages might be difficult to fix during the post-placement implementation flow and could be the result of non-optimal XDC constraints or non-optimal design architecture
Related violations: <none>

TIMING-16#177 Warning
Large setup violation  
There is a large setup violation of -1.356 ns between native_system/queue/bus_wdata_reg[18]/C (clocked by core132) and native_system/digital/cfg_reg[11][19]/CE (clocked by core132). Large setup violations at the end of those stages might be difficult to fix during the post-placement implementation flow and could be the result of non-optimal XDC constraints or non-optimal design architecture
Related violations: <none>

TIMING-16#178 Warning
Large setup violation  
There is a large setup violation of -1.356 ns between native_system/queue/bus_wdata_reg[18]/C (clocked by core132) and native_system/digital/cfg_reg[11][20]/CE (clocked by core132). Large setup violations at the end of those stages might be difficult to fix during the post-placement implementation flow and could be the result of non-optimal XDC constraints or non-optimal design architecture
Related violations: <none>

TIMING-16#179 Warning
Large setup violation  
There is a large setup violation of -1.356 ns between native_system/queue/bus_wdata_reg[18]/C (clocked by core132) and native_system/digital/cfg_reg[11][21]/CE (clocked by core132). Large setup violations at the end of those stages might be difficult to fix during the post-placement implementation flow and could be the result of non-optimal XDC constraints or non-optimal design architecture
Related violations: <none>

TIMING-16#180 Warning
Large setup violation  
There is a large setup violation of -1.356 ns between native_system/queue/bus_wdata_reg[18]/C (clocked by core132) and native_system/digital/cfg_reg[11][22]/CE (clocked by core132). Large setup violations at the end of those stages might be difficult to fix during the post-placement implementation flow and could be the result of non-optimal XDC constraints or non-optimal design architecture
Related violations: <none>

TIMING-16#181 Warning
Large setup violation  
There is a large setup violation of -1.356 ns between native_system/queue/bus_wdata_reg[18]/C (clocked by core132) and native_system/digital/cfg_reg[11][23]/CE (clocked by core132). Large setup violations at the end of those stages might be difficult to fix during the post-placement implementation flow and could be the result of non-optimal XDC constraints or non-optimal design architecture
Related violations: <none>

TIMING-16#182 Warning
Large setup violation  
There is a large setup violation of -1.369 ns between native_system/digital/cfg_reg[10][2]/C (clocked by core132) and native_system/digital/scheduler/wait_count_reg[29]/CE (clocked by core132). Large setup violations at the end of those stages might be difficult to fix during the post-placement implementation flow and could be the result of non-optimal XDC constraints or non-optimal design architecture
Related violations: <none>

TIMING-16#183 Warning
Large setup violation  
There is a large setup violation of -1.369 ns between native_system/digital/cfg_reg[10][2]/C (clocked by core132) and native_system/digital/scheduler/wait_count_reg[30]/CE (clocked by core132). Large setup violations at the end of those stages might be difficult to fix during the post-placement implementation flow and could be the result of non-optimal XDC constraints or non-optimal design architecture
Related violations: <none>

TIMING-16#184 Warning
Large setup violation  
There is a large setup violation of -1.369 ns between native_system/digital/cfg_reg[10][2]/C (clocked by core132) and native_system/digital/scheduler/wait_count_reg[31]/CE (clocked by core132). Large setup violations at the end of those stages might be difficult to fix during the post-placement implementation flow and could be the result of non-optimal XDC constraints or non-optimal design architecture
Related violations: <none>

TIMING-16#185 Warning
Large setup violation  
There is a large setup violation of -1.370 ns between native_system/queue/bus_wdata_reg[18]/C (clocked by core132) and native_system/digital/cfg_reg[9][2]/CE (clocked by core132). Large setup violations at the end of those stages might be difficult to fix during the post-placement implementation flow and could be the result of non-optimal XDC constraints or non-optimal design architecture
Related violations: <none>

TIMING-16#186 Warning
Large setup violation  
There is a large setup violation of -1.377 ns between native_system/queue/bus_wdata_reg[18]/C (clocked by core132) and native_system/digital/cfg_reg[9][3]/CE (clocked by core132). Large setup violations at the end of those stages might be difficult to fix during the post-placement implementation flow and could be the result of non-optimal XDC constraints or non-optimal design architecture
Related violations: <none>

TIMING-16#187 Warning
Large setup violation  
There is a large setup violation of -1.377 ns between native_system/queue/bus_wdata_reg[18]/C (clocked by core132) and native_system/digital/cfg_reg[9][5]/CE (clocked by core132). Large setup violations at the end of those stages might be difficult to fix during the post-placement implementation flow and could be the result of non-optimal XDC constraints or non-optimal design architecture
Related violations: <none>

TIMING-16#188 Warning
Large setup violation  
There is a large setup violation of -1.382 ns between native_system/queue/bus_wdata_reg[18]/C (clocked by core132) and native_system/digital/cfg_reg[6][26]/CE (clocked by core132). Large setup violations at the end of those stages might be difficult to fix during the post-placement implementation flow and could be the result of non-optimal XDC constraints or non-optimal design architecture
Related violations: <none>

TIMING-16#189 Warning
Large setup violation  
There is a large setup violation of -1.382 ns between native_system/queue/bus_wdata_reg[18]/C (clocked by core132) and native_system/digital/cfg_reg[6][27]/CE (clocked by core132). Large setup violations at the end of those stages might be difficult to fix during the post-placement implementation flow and could be the result of non-optimal XDC constraints or non-optimal design architecture
Related violations: <none>

TIMING-16#190 Warning
Large setup violation  
There is a large setup violation of -1.382 ns between native_system/queue/bus_wdata_reg[18]/C (clocked by core132) and native_system/digital/cfg_reg[6][31]/CE (clocked by core132). Large setup violations at the end of those stages might be difficult to fix during the post-placement implementation flow and could be the result of non-optimal XDC constraints or non-optimal design architecture
Related violations: <none>

TIMING-16#191 Warning
Large setup violation  
There is a large setup violation of -1.385 ns between native_system/queue/bus_wdata_reg[18]/C (clocked by core132) and native_system/digital/cfg_reg[6][25]/CE (clocked by core132). Large setup violations at the end of those stages might be difficult to fix during the post-placement implementation flow and could be the result of non-optimal XDC constraints or non-optimal design architecture
Related violations: <none>

TIMING-16#192 Warning
Large setup violation  
There is a large setup violation of -1.385 ns between native_system/queue/bus_wdata_reg[18]/C (clocked by core132) and native_system/digital/cfg_reg[6][28]/CE (clocked by core132). Large setup violations at the end of those stages might be difficult to fix during the post-placement implementation flow and could be the result of non-optimal XDC constraints or non-optimal design architecture
Related violations: <none>

TIMING-16#193 Warning
Large setup violation  
There is a large setup violation of -1.385 ns between native_system/queue/bus_wdata_reg[18]/C (clocked by core132) and native_system/digital/cfg_reg[6][29]/CE (clocked by core132). Large setup violations at the end of those stages might be difficult to fix during the post-placement implementation flow and could be the result of non-optimal XDC constraints or non-optimal design architecture
Related violations: <none>

TIMING-16#194 Warning
Large setup violation  
There is a large setup violation of -1.385 ns between native_system/queue/bus_wdata_reg[18]/C (clocked by core132) and native_system/digital/cfg_reg[6][30]/CE (clocked by core132). Large setup violations at the end of those stages might be difficult to fix during the post-placement implementation flow and could be the result of non-optimal XDC constraints or non-optimal design architecture
Related violations: <none>

TIMING-16#195 Warning
Large setup violation  
There is a large setup violation of -1.391 ns between native_system/queue/bus_wdata_reg[18]/C (clocked by core132) and native_system/digital/cfg_reg[11][1]/CE (clocked by core132). Large setup violations at the end of those stages might be difficult to fix during the post-placement implementation flow and could be the result of non-optimal XDC constraints or non-optimal design architecture
Related violations: <none>

TIMING-16#196 Warning
Large setup violation  
There is a large setup violation of -1.391 ns between native_system/queue/bus_wdata_reg[18]/C (clocked by core132) and native_system/digital/cfg_reg[11][2]/CE (clocked by core132). Large setup violations at the end of those stages might be difficult to fix during the post-placement implementation flow and could be the result of non-optimal XDC constraints or non-optimal design architecture
Related violations: <none>

TIMING-16#197 Warning
Large setup violation  
There is a large setup violation of -1.391 ns between native_system/queue/bus_wdata_reg[18]/C (clocked by core132) and native_system/digital/cfg_reg[11][3]/CE (clocked by core132). Large setup violations at the end of those stages might be difficult to fix during the post-placement implementation flow and could be the result of non-optimal XDC constraints or non-optimal design architecture
Related violations: <none>

TIMING-16#198 Warning
Large setup violation  
There is a large setup violation of -1.401 ns between native_system/digital/cfg_reg[10][2]/C (clocked by core132) and native_system/digital/scheduler/frame_count_reg[6]/CE (clocked by core132). Large setup violations at the end of those stages might be difficult to fix during the post-placement implementation flow and could be the result of non-optimal XDC constraints or non-optimal design architecture
Related violations: <none>

TIMING-16#199 Warning
Large setup violation  
There is a large setup violation of -1.401 ns between native_system/digital/cfg_reg[10][2]/C (clocked by core132) and native_system/digital/scheduler/frame_count_reg[8]/CE (clocked by core132). Large setup violations at the end of those stages might be difficult to fix during the post-placement implementation flow and could be the result of non-optimal XDC constraints or non-optimal design architecture
Related violations: <none>

TIMING-16#200 Warning
Large setup violation  
There is a large setup violation of -1.408 ns between native_system/digital/cfg_reg[10][2]/C (clocked by core132) and native_system/digital/scheduler/wait_count_reg[13]/CE (clocked by core132). Large setup violations at the end of those stages might be difficult to fix during the post-placement implementation flow and could be the result of non-optimal XDC constraints or non-optimal design architecture
Related violations: <none>

TIMING-16#201 Warning
Large setup violation  
There is a large setup violation of -1.408 ns between native_system/digital/cfg_reg[10][2]/C (clocked by core132) and native_system/digital/scheduler/wait_count_reg[16]/CE (clocked by core132). Large setup violations at the end of those stages might be difficult to fix during the post-placement implementation flow and could be the result of non-optimal XDC constraints or non-optimal design architecture
Related violations: <none>

TIMING-16#202 Warning
Large setup violation  
There is a large setup violation of -1.408 ns between native_system/digital/cfg_reg[10][2]/C (clocked by core132) and native_system/digital/scheduler/wait_count_reg[18]/CE (clocked by core132). Large setup violations at the end of those stages might be difficult to fix during the post-placement implementation flow and could be the result of non-optimal XDC constraints or non-optimal design architecture
Related violations: <none>

TIMING-16#203 Warning
Large setup violation  
There is a large setup violation of -1.411 ns between native_system/queue/bus_wdata_reg[18]/C (clocked by core132) and native_system/digital/cfg_reg[3][12]/CE (clocked by core132). Large setup violations at the end of those stages might be difficult to fix during the post-placement implementation flow and could be the result of non-optimal XDC constraints or non-optimal design architecture
Related violations: <none>

TIMING-16#204 Warning
Large setup violation  
There is a large setup violation of -1.416 ns between native_system/digital/cfg_reg[10][2]/C (clocked by core132) and native_system/digital/scheduler/frame_count_reg[1]/CE (clocked by core132). Large setup violations at the end of those stages might be difficult to fix during the post-placement implementation flow and could be the result of non-optimal XDC constraints or non-optimal design architecture
Related violations: <none>

TIMING-16#205 Warning
Large setup violation  
There is a large setup violation of -1.416 ns between native_system/digital/cfg_reg[10][2]/C (clocked by core132) and native_system/digital/scheduler/frame_count_reg[2]/CE (clocked by core132). Large setup violations at the end of those stages might be difficult to fix during the post-placement implementation flow and could be the result of non-optimal XDC constraints or non-optimal design architecture
Related violations: <none>

TIMING-16#206 Warning
Large setup violation  
There is a large setup violation of -1.416 ns between native_system/digital/cfg_reg[10][2]/C (clocked by core132) and native_system/digital/scheduler/frame_count_reg[3]/CE (clocked by core132). Large setup violations at the end of those stages might be difficult to fix during the post-placement implementation flow and could be the result of non-optimal XDC constraints or non-optimal design architecture
Related violations: <none>

TIMING-16#207 Warning
Large setup violation  
There is a large setup violation of -1.416 ns between native_system/digital/cfg_reg[10][2]/C (clocked by core132) and native_system/digital/scheduler/frame_count_reg[7]/CE (clocked by core132). Large setup violations at the end of those stages might be difficult to fix during the post-placement implementation flow and could be the result of non-optimal XDC constraints or non-optimal design architecture
Related violations: <none>

TIMING-16#208 Warning
Large setup violation  
There is a large setup violation of -1.418 ns between native_system/queue/bus_wdata_reg[18]/C (clocked by core132) and native_system/digital/cfg_reg[3][19]/CE (clocked by core132). Large setup violations at the end of those stages might be difficult to fix during the post-placement implementation flow and could be the result of non-optimal XDC constraints or non-optimal design architecture
Related violations: <none>

TIMING-16#209 Warning
Large setup violation  
There is a large setup violation of -1.418 ns between native_system/queue/bus_wdata_reg[18]/C (clocked by core132) and native_system/digital/cfg_reg[3][20]/CE (clocked by core132). Large setup violations at the end of those stages might be difficult to fix during the post-placement implementation flow and could be the result of non-optimal XDC constraints or non-optimal design architecture
Related violations: <none>

TIMING-16#210 Warning
Large setup violation  
There is a large setup violation of -1.418 ns between native_system/queue/bus_wdata_reg[18]/C (clocked by core132) and native_system/digital/cfg_reg[3][21]/CE (clocked by core132). Large setup violations at the end of those stages might be difficult to fix during the post-placement implementation flow and could be the result of non-optimal XDC constraints or non-optimal design architecture
Related violations: <none>

TIMING-16#211 Warning
Large setup violation  
There is a large setup violation of -1.418 ns between native_system/queue/bus_wdata_reg[18]/C (clocked by core132) and native_system/digital/cfg_reg[3][23]/CE (clocked by core132). Large setup violations at the end of those stages might be difficult to fix during the post-placement implementation flow and could be the result of non-optimal XDC constraints or non-optimal design architecture
Related violations: <none>

TIMING-16#212 Warning
Large setup violation  
There is a large setup violation of -1.418 ns between native_system/queue/bus_wdata_reg[18]/C (clocked by core132) and native_system/digital/cfg_reg[3][2]/CE (clocked by core132). Large setup violations at the end of those stages might be difficult to fix during the post-placement implementation flow and could be the result of non-optimal XDC constraints or non-optimal design architecture
Related violations: <none>

TIMING-16#213 Warning
Large setup violation  
There is a large setup violation of -1.420 ns between native_system/queue/bus_wdata_reg[18]/C (clocked by core132) and native_system/digital/cfg_reg[9][4]/CE (clocked by core132). Large setup violations at the end of those stages might be difficult to fix during the post-placement implementation flow and could be the result of non-optimal XDC constraints or non-optimal design architecture
Related violations: <none>

TIMING-16#214 Warning
Large setup violation  
There is a large setup violation of -1.421 ns between native_system/digital/cfg_reg[10][2]/C (clocked by core132) and native_system/digital/scheduler/wait_count_reg[15]/CE (clocked by core132). Large setup violations at the end of those stages might be difficult to fix during the post-placement implementation flow and could be the result of non-optimal XDC constraints or non-optimal design architecture
Related violations: <none>

TIMING-16#215 Warning
Large setup violation  
There is a large setup violation of -1.421 ns between native_system/digital/cfg_reg[10][2]/C (clocked by core132) and native_system/digital/scheduler/wait_count_reg[5]/CE (clocked by core132). Large setup violations at the end of those stages might be difficult to fix during the post-placement implementation flow and could be the result of non-optimal XDC constraints or non-optimal design architecture
Related violations: <none>

TIMING-16#216 Warning
Large setup violation  
There is a large setup violation of -1.421 ns between native_system/digital/cfg_reg[10][2]/C (clocked by core132) and native_system/digital/scheduler/wait_count_reg[6]/CE (clocked by core132). Large setup violations at the end of those stages might be difficult to fix during the post-placement implementation flow and could be the result of non-optimal XDC constraints or non-optimal design architecture
Related violations: <none>

TIMING-16#217 Warning
Large setup violation  
There is a large setup violation of -1.421 ns between native_system/digital/cfg_reg[10][2]/C (clocked by core132) and native_system/digital/scheduler/wait_count_reg[7]/CE (clocked by core132). Large setup violations at the end of those stages might be difficult to fix during the post-placement implementation flow and could be the result of non-optimal XDC constraints or non-optimal design architecture
Related violations: <none>

TIMING-16#218 Warning
Large setup violation  
There is a large setup violation of -1.427 ns between native_system/digital/cfg_reg[10][2]/C (clocked by core132) and native_system/digital/scheduler/wait_count_reg[0]/CE (clocked by core132). Large setup violations at the end of those stages might be difficult to fix during the post-placement implementation flow and could be the result of non-optimal XDC constraints or non-optimal design architecture
Related violations: <none>

TIMING-16#219 Warning
Large setup violation  
There is a large setup violation of -1.427 ns between native_system/digital/cfg_reg[10][2]/C (clocked by core132) and native_system/digital/scheduler/wait_count_reg[4]/CE (clocked by core132). Large setup violations at the end of those stages might be difficult to fix during the post-placement implementation flow and could be the result of non-optimal XDC constraints or non-optimal design architecture
Related violations: <none>

TIMING-16#220 Warning
Large setup violation  
There is a large setup violation of -1.434 ns between native_system/queue/bus_wdata_reg[18]/C (clocked by core132) and native_system/digital/cfg_reg[3][0]/CE (clocked by core132). Large setup violations at the end of those stages might be difficult to fix during the post-placement implementation flow and could be the result of non-optimal XDC constraints or non-optimal design architecture
Related violations: <none>

TIMING-16#221 Warning
Large setup violation  
There is a large setup violation of -1.434 ns between native_system/queue/bus_wdata_reg[18]/C (clocked by core132) and native_system/digital/cfg_reg[3][3]/CE (clocked by core132). Large setup violations at the end of those stages might be difficult to fix during the post-placement implementation flow and could be the result of non-optimal XDC constraints or non-optimal design architecture
Related violations: <none>

TIMING-16#222 Warning
Large setup violation  
There is a large setup violation of -1.442 ns between native_system/queue/bus_wdata_reg[18]/C (clocked by core132) and native_system/digital/cfg_reg[11][13]/CE (clocked by core132). Large setup violations at the end of those stages might be difficult to fix during the post-placement implementation flow and could be the result of non-optimal XDC constraints or non-optimal design architecture
Related violations: <none>

TIMING-16#223 Warning
Large setup violation  
There is a large setup violation of -1.444 ns between native_system/queue/bus_wdata_reg[18]/C (clocked by core132) and native_system/digital/cfg_reg[7][15]/CE (clocked by core132). Large setup violations at the end of those stages might be difficult to fix during the post-placement implementation flow and could be the result of non-optimal XDC constraints or non-optimal design architecture
Related violations: <none>

TIMING-16#224 Warning
Large setup violation  
There is a large setup violation of -1.444 ns between native_system/queue/bus_wdata_reg[18]/C (clocked by core132) and native_system/digital/cfg_reg[7][22]/CE (clocked by core132). Large setup violations at the end of those stages might be difficult to fix during the post-placement implementation flow and could be the result of non-optimal XDC constraints or non-optimal design architecture
Related violations: <none>

TIMING-16#225 Warning
Large setup violation  
There is a large setup violation of -1.449 ns between native_system/queue/bus_wdata_reg[18]/C (clocked by core132) and native_system/digital/cfg_reg[7][10]/CE (clocked by core132). Large setup violations at the end of those stages might be difficult to fix during the post-placement implementation flow and could be the result of non-optimal XDC constraints or non-optimal design architecture
Related violations: <none>

TIMING-16#226 Warning
Large setup violation  
There is a large setup violation of -1.449 ns between native_system/queue/bus_wdata_reg[18]/C (clocked by core132) and native_system/digital/cfg_reg[7][12]/CE (clocked by core132). Large setup violations at the end of those stages might be difficult to fix during the post-placement implementation flow and could be the result of non-optimal XDC constraints or non-optimal design architecture
Related violations: <none>

TIMING-16#227 Warning
Large setup violation  
There is a large setup violation of -1.449 ns between native_system/queue/bus_wdata_reg[18]/C (clocked by core132) and native_system/digital/cfg_reg[7][8]/CE (clocked by core132). Large setup violations at the end of those stages might be difficult to fix during the post-placement implementation flow and could be the result of non-optimal XDC constraints or non-optimal design architecture
Related violations: <none>

TIMING-16#228 Warning
Large setup violation  
There is a large setup violation of -1.449 ns between native_system/queue/bus_wdata_reg[18]/C (clocked by core132) and native_system/digital/cfg_reg[7][9]/CE (clocked by core132). Large setup violations at the end of those stages might be difficult to fix during the post-placement implementation flow and could be the result of non-optimal XDC constraints or non-optimal design architecture
Related violations: <none>

TIMING-16#229 Warning
Large setup violation  
There is a large setup violation of -1.453 ns between native_system/digital/cfg_reg[10][2]/C (clocked by core132) and native_system/digital/scheduler/frame_count_reg[10]/CE (clocked by core132). Large setup violations at the end of those stages might be difficult to fix during the post-placement implementation flow and could be the result of non-optimal XDC constraints or non-optimal design architecture
Related violations: <none>

TIMING-16#230 Warning
Large setup violation  
There is a large setup violation of -1.453 ns between native_system/digital/cfg_reg[10][2]/C (clocked by core132) and native_system/digital/scheduler/frame_count_reg[9]/CE (clocked by core132). Large setup violations at the end of those stages might be difficult to fix during the post-placement implementation flow and could be the result of non-optimal XDC constraints or non-optimal design architecture
Related violations: <none>

TIMING-16#231 Warning
Large setup violation  
There is a large setup violation of -1.455 ns between native_system/digital/cfg_reg[10][2]/C (clocked by core132) and native_system/digital/scheduler/wait_count_reg[1]/CE (clocked by core132). Large setup violations at the end of those stages might be difficult to fix during the post-placement implementation flow and could be the result of non-optimal XDC constraints or non-optimal design architecture
Related violations: <none>

TIMING-16#232 Warning
Large setup violation  
There is a large setup violation of -1.455 ns between native_system/digital/cfg_reg[10][2]/C (clocked by core132) and native_system/digital/scheduler/wait_count_reg[2]/CE (clocked by core132). Large setup violations at the end of those stages might be difficult to fix during the post-placement implementation flow and could be the result of non-optimal XDC constraints or non-optimal design architecture
Related violations: <none>

TIMING-16#233 Warning
Large setup violation  
There is a large setup violation of -1.455 ns between native_system/digital/cfg_reg[10][2]/C (clocked by core132) and native_system/digital/scheduler/wait_count_reg[3]/CE (clocked by core132). Large setup violations at the end of those stages might be difficult to fix during the post-placement implementation flow and could be the result of non-optimal XDC constraints or non-optimal design architecture
Related violations: <none>

TIMING-16#234 Warning
Large setup violation  
There is a large setup violation of -1.455 ns between native_system/digital/cfg_reg[10][2]/C (clocked by core132) and native_system/digital/scheduler/wait_count_reg[8]/CE (clocked by core132). Large setup violations at the end of those stages might be difficult to fix during the post-placement implementation flow and could be the result of non-optimal XDC constraints or non-optimal design architecture
Related violations: <none>

TIMING-16#235 Warning
Large setup violation  
There is a large setup violation of -1.459 ns between native_system/digital/cfg_reg[10][2]/C (clocked by core132) and native_system/digital/scheduler/wait_count_reg[10]/CE (clocked by core132). Large setup violations at the end of those stages might be difficult to fix during the post-placement implementation flow and could be the result of non-optimal XDC constraints or non-optimal design architecture
Related violations: <none>

TIMING-16#236 Warning
Large setup violation  
There is a large setup violation of -1.483 ns between native_system/queue/bus_wdata_reg[18]/C (clocked by core132) and native_system/digital/cfg_reg[9][17]/CE (clocked by core132). Large setup violations at the end of those stages might be difficult to fix during the post-placement implementation flow and could be the result of non-optimal XDC constraints or non-optimal design architecture
Related violations: <none>

TIMING-16#237 Warning
Large setup violation  
There is a large setup violation of -1.483 ns between native_system/queue/bus_wdata_reg[18]/C (clocked by core132) and native_system/digital/cfg_reg[9][18]/CE (clocked by core132). Large setup violations at the end of those stages might be difficult to fix during the post-placement implementation flow and could be the result of non-optimal XDC constraints or non-optimal design architecture
Related violations: <none>

TIMING-16#238 Warning
Large setup violation  
There is a large setup violation of -1.483 ns between native_system/queue/bus_wdata_reg[18]/C (clocked by core132) and native_system/digital/cfg_reg[9][19]/CE (clocked by core132). Large setup violations at the end of those stages might be difficult to fix during the post-placement implementation flow and could be the result of non-optimal XDC constraints or non-optimal design architecture
Related violations: <none>

TIMING-16#239 Warning
Large setup violation  
There is a large setup violation of -1.483 ns between native_system/queue/bus_wdata_reg[18]/C (clocked by core132) and native_system/digital/cfg_reg[9][20]/CE (clocked by core132). Large setup violations at the end of those stages might be difficult to fix during the post-placement implementation flow and could be the result of non-optimal XDC constraints or non-optimal design architecture
Related violations: <none>

TIMING-16#240 Warning
Large setup violation  
There is a large setup violation of -1.506 ns between native_system/queue/bus_address_reg[4]/C (clocked by core132) and bridge/s_rdata_reg[11]/D (clocked by core132). Large setup violations at the end of those stages might be difficult to fix during the post-placement implementation flow and could be the result of non-optimal XDC constraints or non-optimal design architecture
Related violations: <none>

TIMING-16#241 Warning
Large setup violation  
There is a large setup violation of -1.515 ns between native_system/queue/bus_wdata_reg[18]/C (clocked by core132) and native_system/digital/cfg_reg[3][1]/CE (clocked by core132). Large setup violations at the end of those stages might be difficult to fix during the post-placement implementation flow and could be the result of non-optimal XDC constraints or non-optimal design architecture
Related violations: <none>

TIMING-16#242 Warning
Large setup violation  
There is a large setup violation of -1.515 ns between native_system/queue/bus_wdata_reg[18]/C (clocked by core132) and native_system/digital/cfg_reg[3][9]/CE (clocked by core132). Large setup violations at the end of those stages might be difficult to fix during the post-placement implementation flow and could be the result of non-optimal XDC constraints or non-optimal design architecture
Related violations: <none>

TIMING-16#243 Warning
Large setup violation  
There is a large setup violation of -1.572 ns between native_system/queue/bus_wdata_reg[18]/C (clocked by core132) and native_system/digital/cfg_reg[6][21]/CE (clocked by core132). Large setup violations at the end of those stages might be difficult to fix during the post-placement implementation flow and could be the result of non-optimal XDC constraints or non-optimal design architecture
Related violations: <none>

TIMING-16#244 Warning
Large setup violation  
There is a large setup violation of -1.572 ns between native_system/queue/bus_wdata_reg[18]/C (clocked by core132) and native_system/digital/cfg_reg[6][7]/CE (clocked by core132). Large setup violations at the end of those stages might be difficult to fix during the post-placement implementation flow and could be the result of non-optimal XDC constraints or non-optimal design architecture
Related violations: <none>

TIMING-16#245 Warning
Large setup violation  
There is a large setup violation of -1.577 ns between native_system/queue/bus_wdata_reg[18]/C (clocked by core132) and native_system/digital/cfg_reg[7][11]/CE (clocked by core132). Large setup violations at the end of those stages might be difficult to fix during the post-placement implementation flow and could be the result of non-optimal XDC constraints or non-optimal design architecture
Related violations: <none>

TIMING-16#246 Warning
Large setup violation  
There is a large setup violation of -1.577 ns between native_system/queue/bus_wdata_reg[18]/C (clocked by core132) and native_system/digital/cfg_reg[7][13]/CE (clocked by core132). Large setup violations at the end of those stages might be difficult to fix during the post-placement implementation flow and could be the result of non-optimal XDC constraints or non-optimal design architecture
Related violations: <none>

TIMING-16#247 Warning
Large setup violation  
There is a large setup violation of -1.577 ns between native_system/queue/bus_wdata_reg[18]/C (clocked by core132) and native_system/digital/cfg_reg[7][14]/CE (clocked by core132). Large setup violations at the end of those stages might be difficult to fix during the post-placement implementation flow and could be the result of non-optimal XDC constraints or non-optimal design architecture
Related violations: <none>

TIMING-16#248 Warning
Large setup violation  
There is a large setup violation of -1.582 ns between native_system/queue/bus_wdata_reg[18]/C (clocked by core132) and native_system/digital/cfg_reg[6][19]/CE (clocked by core132). Large setup violations at the end of those stages might be difficult to fix during the post-placement implementation flow and could be the result of non-optimal XDC constraints or non-optimal design architecture
Related violations: <none>

TIMING-16#249 Warning
Large setup violation  
There is a large setup violation of -1.582 ns between native_system/queue/bus_wdata_reg[18]/C (clocked by core132) and native_system/digital/cfg_reg[6][20]/CE (clocked by core132). Large setup violations at the end of those stages might be difficult to fix during the post-placement implementation flow and could be the result of non-optimal XDC constraints or non-optimal design architecture
Related violations: <none>

TIMING-16#250 Warning
Large setup violation  
There is a large setup violation of -1.585 ns between native_system/digital/cfg_reg[10][2]/C (clocked by core132) and native_system/digital/scheduler/issued_reg[20]/CE (clocked by core132). Large setup violations at the end of those stages might be difficult to fix during the post-placement implementation flow and could be the result of non-optimal XDC constraints or non-optimal design architecture
Related violations: <none>

TIMING-16#251 Warning
Large setup violation  
There is a large setup violation of -1.585 ns between native_system/digital/cfg_reg[10][2]/C (clocked by core132) and native_system/digital/scheduler/issued_reg[21]/CE (clocked by core132). Large setup violations at the end of those stages might be difficult to fix during the post-placement implementation flow and could be the result of non-optimal XDC constraints or non-optimal design architecture
Related violations: <none>

TIMING-16#252 Warning
Large setup violation  
There is a large setup violation of -1.585 ns between native_system/digital/cfg_reg[10][2]/C (clocked by core132) and native_system/digital/scheduler/issued_reg[22]/CE (clocked by core132). Large setup violations at the end of those stages might be difficult to fix during the post-placement implementation flow and could be the result of non-optimal XDC constraints or non-optimal design architecture
Related violations: <none>

TIMING-16#253 Warning
Large setup violation  
There is a large setup violation of -1.585 ns between native_system/digital/cfg_reg[10][2]/C (clocked by core132) and native_system/digital/scheduler/issued_reg[23]/CE (clocked by core132). Large setup violations at the end of those stages might be difficult to fix during the post-placement implementation flow and could be the result of non-optimal XDC constraints or non-optimal design architecture
Related violations: <none>

TIMING-16#254 Warning
Large setup violation  
There is a large setup violation of -1.585 ns between native_system/digital/cfg_reg[10][2]/C (clocked by core132) and native_system/digital/scheduler/issued_reg[24]/CE (clocked by core132). Large setup violations at the end of those stages might be difficult to fix during the post-placement implementation flow and could be the result of non-optimal XDC constraints or non-optimal design architecture
Related violations: <none>

TIMING-16#255 Warning
Large setup violation  
There is a large setup violation of -1.585 ns between native_system/digital/cfg_reg[10][2]/C (clocked by core132) and native_system/digital/scheduler/issued_reg[25]/CE (clocked by core132). Large setup violations at the end of those stages might be difficult to fix during the post-placement implementation flow and could be the result of non-optimal XDC constraints or non-optimal design architecture
Related violations: <none>

TIMING-16#256 Warning
Large setup violation  
There is a large setup violation of -1.585 ns between native_system/digital/cfg_reg[10][2]/C (clocked by core132) and native_system/digital/scheduler/issued_reg[28]/CE (clocked by core132). Large setup violations at the end of those stages might be difficult to fix during the post-placement implementation flow and could be the result of non-optimal XDC constraints or non-optimal design architecture
Related violations: <none>

TIMING-16#257 Warning
Large setup violation  
There is a large setup violation of -1.585 ns between native_system/digital/cfg_reg[10][2]/C (clocked by core132) and native_system/digital/scheduler/issued_reg[29]/CE (clocked by core132). Large setup violations at the end of those stages might be difficult to fix during the post-placement implementation flow and could be the result of non-optimal XDC constraints or non-optimal design architecture
Related violations: <none>

TIMING-16#258 Warning
Large setup violation  
There is a large setup violation of -1.592 ns between native_system/queue/bus_address_reg[4]/C (clocked by core132) and bridge/s_rdata_reg[1]/D (clocked by core132). Large setup violations at the end of those stages might be difficult to fix during the post-placement implementation flow and could be the result of non-optimal XDC constraints or non-optimal design architecture
Related violations: <none>

TIMING-16#259 Warning
Large setup violation  
There is a large setup violation of -1.595 ns between native_system/queue/bus_wdata_reg[18]/C (clocked by core132) and native_system/digital/cfg_reg[6][17]/CE (clocked by core132). Large setup violations at the end of those stages might be difficult to fix during the post-placement implementation flow and could be the result of non-optimal XDC constraints or non-optimal design architecture
Related violations: <none>

TIMING-16#260 Warning
Large setup violation  
There is a large setup violation of -1.595 ns between native_system/queue/bus_wdata_reg[18]/C (clocked by core132) and native_system/digital/cfg_reg[6][18]/CE (clocked by core132). Large setup violations at the end of those stages might be difficult to fix during the post-placement implementation flow and could be the result of non-optimal XDC constraints or non-optimal design architecture
Related violations: <none>

TIMING-16#261 Warning
Large setup violation  
There is a large setup violation of -1.595 ns between native_system/queue/bus_wdata_reg[18]/C (clocked by core132) and native_system/digital/cfg_reg[6][23]/CE (clocked by core132). Large setup violations at the end of those stages might be difficult to fix during the post-placement implementation flow and could be the result of non-optimal XDC constraints or non-optimal design architecture
Related violations: <none>

TIMING-16#262 Warning
Large setup violation  
There is a large setup violation of -1.595 ns between native_system/queue/bus_wdata_reg[18]/C (clocked by core132) and native_system/digital/cfg_reg[6][2]/CE (clocked by core132). Large setup violations at the end of those stages might be difficult to fix during the post-placement implementation flow and could be the result of non-optimal XDC constraints or non-optimal design architecture
Related violations: <none>

TIMING-16#263 Warning
Large setup violation  
There is a large setup violation of -1.595 ns between native_system/queue/bus_wdata_reg[18]/C (clocked by core132) and native_system/digital/cfg_reg[6][4]/CE (clocked by core132). Large setup violations at the end of those stages might be difficult to fix during the post-placement implementation flow and could be the result of non-optimal XDC constraints or non-optimal design architecture
Related violations: <none>

TIMING-16#264 Warning
Large setup violation  
There is a large setup violation of -1.595 ns between native_system/queue/bus_wdata_reg[18]/C (clocked by core132) and native_system/digital/cfg_reg[6][5]/CE (clocked by core132). Large setup violations at the end of those stages might be difficult to fix during the post-placement implementation flow and could be the result of non-optimal XDC constraints or non-optimal design architecture
Related violations: <none>

TIMING-16#265 Warning
Large setup violation  
There is a large setup violation of -1.600 ns between native_system/digital/cfg_reg[10][2]/C (clocked by core132) and native_system/digital/scheduler/issued_reg[10]/CE (clocked by core132). Large setup violations at the end of those stages might be difficult to fix during the post-placement implementation flow and could be the result of non-optimal XDC constraints or non-optimal design architecture
Related violations: <none>

TIMING-16#266 Warning
Large setup violation  
There is a large setup violation of -1.600 ns between native_system/digital/cfg_reg[10][2]/C (clocked by core132) and native_system/digital/scheduler/issued_reg[11]/CE (clocked by core132). Large setup violations at the end of those stages might be difficult to fix during the post-placement implementation flow and could be the result of non-optimal XDC constraints or non-optimal design architecture
Related violations: <none>

TIMING-16#267 Warning
Large setup violation  
There is a large setup violation of -1.600 ns between native_system/digital/cfg_reg[10][2]/C (clocked by core132) and native_system/digital/scheduler/issued_reg[14]/CE (clocked by core132). Large setup violations at the end of those stages might be difficult to fix during the post-placement implementation flow and could be the result of non-optimal XDC constraints or non-optimal design architecture
Related violations: <none>

TIMING-16#268 Warning
Large setup violation  
There is a large setup violation of -1.600 ns between native_system/digital/cfg_reg[10][2]/C (clocked by core132) and native_system/digital/scheduler/issued_reg[15]/CE (clocked by core132). Large setup violations at the end of those stages might be difficult to fix during the post-placement implementation flow and could be the result of non-optimal XDC constraints or non-optimal design architecture
Related violations: <none>

TIMING-16#269 Warning
Large setup violation  
There is a large setup violation of -1.600 ns between native_system/digital/cfg_reg[10][2]/C (clocked by core132) and native_system/digital/scheduler/issued_reg[8]/CE (clocked by core132). Large setup violations at the end of those stages might be difficult to fix during the post-placement implementation flow and could be the result of non-optimal XDC constraints or non-optimal design architecture
Related violations: <none>

TIMING-16#270 Warning
Large setup violation  
There is a large setup violation of -1.600 ns between native_system/digital/cfg_reg[10][2]/C (clocked by core132) and native_system/digital/scheduler/issued_reg[9]/CE (clocked by core132). Large setup violations at the end of those stages might be difficult to fix during the post-placement implementation flow and could be the result of non-optimal XDC constraints or non-optimal design architecture
Related violations: <none>

TIMING-16#271 Warning
Large setup violation  
There is a large setup violation of -1.616 ns between native_system/queue/bus_wdata_reg[18]/C (clocked by core132) and native_system/digital/cfg_reg[6][0]/CE (clocked by core132). Large setup violations at the end of those stages might be difficult to fix during the post-placement implementation flow and could be the result of non-optimal XDC constraints or non-optimal design architecture
Related violations: <none>

TIMING-16#272 Warning
Large setup violation  
There is a large setup violation of -1.616 ns between native_system/queue/bus_wdata_reg[18]/C (clocked by core132) and native_system/digital/cfg_reg[6][16]/CE (clocked by core132). Large setup violations at the end of those stages might be difficult to fix during the post-placement implementation flow and could be the result of non-optimal XDC constraints or non-optimal design architecture
Related violations: <none>

TIMING-16#273 Warning
Large setup violation  
There is a large setup violation of -1.616 ns between native_system/queue/bus_wdata_reg[18]/C (clocked by core132) and native_system/digital/cfg_reg[6][1]/CE (clocked by core132). Large setup violations at the end of those stages might be difficult to fix during the post-placement implementation flow and could be the result of non-optimal XDC constraints or non-optimal design architecture
Related violations: <none>

TIMING-16#274 Warning
Large setup violation  
There is a large setup violation of -1.616 ns between native_system/queue/bus_wdata_reg[18]/C (clocked by core132) and native_system/digital/cfg_reg[6][6]/CE (clocked by core132). Large setup violations at the end of those stages might be difficult to fix during the post-placement implementation flow and could be the result of non-optimal XDC constraints or non-optimal design architecture
Related violations: <none>

TIMING-16#275 Warning
Large setup violation  
There is a large setup violation of -1.617 ns between native_system/queue/bus_address_reg[4]/C (clocked by core132) and bridge/s_rdata_reg[17]/D (clocked by core132). Large setup violations at the end of those stages might be difficult to fix during the post-placement implementation flow and could be the result of non-optimal XDC constraints or non-optimal design architecture
Related violations: <none>

TIMING-16#276 Warning
Large setup violation  
There is a large setup violation of -1.624 ns between native_system/queue/bus_wdata_reg[18]/C (clocked by core132) and native_system/digital/cfg_reg[6][15]/CE (clocked by core132). Large setup violations at the end of those stages might be difficult to fix during the post-placement implementation flow and could be the result of non-optimal XDC constraints or non-optimal design architecture
Related violations: <none>

TIMING-16#277 Warning
Large setup violation  
There is a large setup violation of -1.624 ns between native_system/queue/bus_wdata_reg[18]/C (clocked by core132) and native_system/digital/cfg_reg[6][22]/CE (clocked by core132). Large setup violations at the end of those stages might be difficult to fix during the post-placement implementation flow and could be the result of non-optimal XDC constraints or non-optimal design architecture
Related violations: <none>

TIMING-16#278 Warning
Large setup violation  
There is a large setup violation of -1.632 ns between native_system/digital/cfg_reg[10][2]/C (clocked by core132) and native_system/digital/scheduler/issued_reg[26]/CE (clocked by core132). Large setup violations at the end of those stages might be difficult to fix during the post-placement implementation flow and could be the result of non-optimal XDC constraints or non-optimal design architecture
Related violations: <none>

TIMING-16#279 Warning
Large setup violation  
There is a large setup violation of -1.632 ns between native_system/digital/cfg_reg[10][2]/C (clocked by core132) and native_system/digital/scheduler/issued_reg[27]/CE (clocked by core132). Large setup violations at the end of those stages might be difficult to fix during the post-placement implementation flow and could be the result of non-optimal XDC constraints or non-optimal design architecture
Related violations: <none>

TIMING-16#280 Warning
Large setup violation  
There is a large setup violation of -1.632 ns between native_system/digital/cfg_reg[10][2]/C (clocked by core132) and native_system/digital/scheduler/issued_reg[30]/CE (clocked by core132). Large setup violations at the end of those stages might be difficult to fix during the post-placement implementation flow and could be the result of non-optimal XDC constraints or non-optimal design architecture
Related violations: <none>

TIMING-16#281 Warning
Large setup violation  
There is a large setup violation of -1.632 ns between native_system/digital/cfg_reg[10][2]/C (clocked by core132) and native_system/digital/scheduler/issued_reg[31]/CE (clocked by core132). Large setup violations at the end of those stages might be difficult to fix during the post-placement implementation flow and could be the result of non-optimal XDC constraints or non-optimal design architecture
Related violations: <none>

TIMING-16#282 Warning
Large setup violation  
There is a large setup violation of -1.646 ns between native_system/digital/cfg_reg[10][2]/C (clocked by core132) and native_system/digital/scheduler/issued_reg[16]/CE (clocked by core132). Large setup violations at the end of those stages might be difficult to fix during the post-placement implementation flow and could be the result of non-optimal XDC constraints or non-optimal design architecture
Related violations: <none>

TIMING-16#283 Warning
Large setup violation  
There is a large setup violation of -1.646 ns between native_system/digital/cfg_reg[10][2]/C (clocked by core132) and native_system/digital/scheduler/issued_reg[17]/CE (clocked by core132). Large setup violations at the end of those stages might be difficult to fix during the post-placement implementation flow and could be the result of non-optimal XDC constraints or non-optimal design architecture
Related violations: <none>

TIMING-16#284 Warning
Large setup violation  
There is a large setup violation of -1.646 ns between native_system/digital/cfg_reg[10][2]/C (clocked by core132) and native_system/digital/scheduler/issued_reg[18]/CE (clocked by core132). Large setup violations at the end of those stages might be difficult to fix during the post-placement implementation flow and could be the result of non-optimal XDC constraints or non-optimal design architecture
Related violations: <none>

TIMING-16#285 Warning
Large setup violation  
There is a large setup violation of -1.646 ns between native_system/digital/cfg_reg[10][2]/C (clocked by core132) and native_system/digital/scheduler/issued_reg[19]/CE (clocked by core132). Large setup violations at the end of those stages might be difficult to fix during the post-placement implementation flow and could be the result of non-optimal XDC constraints or non-optimal design architecture
Related violations: <none>

TIMING-16#286 Warning
Large setup violation  
There is a large setup violation of -1.656 ns between native_system/queue/bus_wdata_reg[18]/C (clocked by core132) and native_system/digital/cfg_reg[3][10]/CE (clocked by core132). Large setup violations at the end of those stages might be difficult to fix during the post-placement implementation flow and could be the result of non-optimal XDC constraints or non-optimal design architecture
Related violations: <none>

TIMING-16#287 Warning
Large setup violation  
There is a large setup violation of -1.656 ns between native_system/queue/bus_wdata_reg[18]/C (clocked by core132) and native_system/digital/cfg_reg[3][11]/CE (clocked by core132). Large setup violations at the end of those stages might be difficult to fix during the post-placement implementation flow and could be the result of non-optimal XDC constraints or non-optimal design architecture
Related violations: <none>

TIMING-16#288 Warning
Large setup violation  
There is a large setup violation of -1.656 ns between native_system/queue/bus_wdata_reg[18]/C (clocked by core132) and native_system/digital/cfg_reg[3][13]/CE (clocked by core132). Large setup violations at the end of those stages might be difficult to fix during the post-placement implementation flow and could be the result of non-optimal XDC constraints or non-optimal design architecture
Related violations: <none>

TIMING-16#289 Warning
Large setup violation  
There is a large setup violation of -1.656 ns between native_system/queue/bus_wdata_reg[18]/C (clocked by core132) and native_system/digital/cfg_reg[3][4]/CE (clocked by core132). Large setup violations at the end of those stages might be difficult to fix during the post-placement implementation flow and could be the result of non-optimal XDC constraints or non-optimal design architecture
Related violations: <none>

TIMING-16#290 Warning
Large setup violation  
There is a large setup violation of -1.671 ns between native_system/queue/bus_wdata_reg[18]/C (clocked by core132) and native_system/digital/cfg_reg[3][5]/CE (clocked by core132). Large setup violations at the end of those stages might be difficult to fix during the post-placement implementation flow and could be the result of non-optimal XDC constraints or non-optimal design architecture
Related violations: <none>

TIMING-16#291 Warning
Large setup violation  
There is a large setup violation of -1.671 ns between native_system/queue/bus_wdata_reg[18]/C (clocked by core132) and native_system/digital/cfg_reg[3][6]/CE (clocked by core132). Large setup violations at the end of those stages might be difficult to fix during the post-placement implementation flow and could be the result of non-optimal XDC constraints or non-optimal design architecture
Related violations: <none>

TIMING-16#292 Warning
Large setup violation  
There is a large setup violation of -1.671 ns between native_system/queue/bus_wdata_reg[18]/C (clocked by core132) and native_system/digital/cfg_reg[3][8]/CE (clocked by core132). Large setup violations at the end of those stages might be difficult to fix during the post-placement implementation flow and could be the result of non-optimal XDC constraints or non-optimal design architecture
Related violations: <none>

TIMING-16#293 Warning
Large setup violation  
There is a large setup violation of -1.684 ns between native_system/queue/bus_wdata_reg[18]/C (clocked by core132) and native_system/digital/cfg_reg[21][19]/CE (clocked by core132). Large setup violations at the end of those stages might be difficult to fix during the post-placement implementation flow and could be the result of non-optimal XDC constraints or non-optimal design architecture
Related violations: <none>

TIMING-16#294 Warning
Large setup violation  
There is a large setup violation of -1.684 ns between native_system/queue/bus_wdata_reg[18]/C (clocked by core132) and native_system/digital/cfg_reg[21][20]/CE (clocked by core132). Large setup violations at the end of those stages might be difficult to fix during the post-placement implementation flow and could be the result of non-optimal XDC constraints or non-optimal design architecture
Related violations: <none>

TIMING-16#295 Warning
Large setup violation  
There is a large setup violation of -1.684 ns between native_system/queue/bus_wdata_reg[18]/C (clocked by core132) and native_system/digital/cfg_reg[21][23]/CE (clocked by core132). Large setup violations at the end of those stages might be difficult to fix during the post-placement implementation flow and could be the result of non-optimal XDC constraints or non-optimal design architecture
Related violations: <none>

TIMING-16#296 Warning
Large setup violation  
There is a large setup violation of -1.685 ns between native_system/queue/bus_wdata_reg[18]/C (clocked by core132) and native_system/digital/cfg_reg[6][10]/CE (clocked by core132). Large setup violations at the end of those stages might be difficult to fix during the post-placement implementation flow and could be the result of non-optimal XDC constraints or non-optimal design architecture
Related violations: <none>

TIMING-16#297 Warning
Large setup violation  
There is a large setup violation of -1.685 ns between native_system/queue/bus_wdata_reg[18]/C (clocked by core132) and native_system/digital/cfg_reg[6][11]/CE (clocked by core132). Large setup violations at the end of those stages might be difficult to fix during the post-placement implementation flow and could be the result of non-optimal XDC constraints or non-optimal design architecture
Related violations: <none>

TIMING-16#298 Warning
Large setup violation  
There is a large setup violation of -1.685 ns between native_system/queue/bus_wdata_reg[18]/C (clocked by core132) and native_system/digital/cfg_reg[6][12]/CE (clocked by core132). Large setup violations at the end of those stages might be difficult to fix during the post-placement implementation flow and could be the result of non-optimal XDC constraints or non-optimal design architecture
Related violations: <none>

TIMING-16#299 Warning
Large setup violation  
There is a large setup violation of -1.685 ns between native_system/queue/bus_wdata_reg[18]/C (clocked by core132) and native_system/digital/cfg_reg[6][13]/CE (clocked by core132). Large setup violations at the end of those stages might be difficult to fix during the post-placement implementation flow and could be the result of non-optimal XDC constraints or non-optimal design architecture
Related violations: <none>

TIMING-16#300 Warning
Large setup violation  
There is a large setup violation of -1.685 ns between native_system/queue/bus_wdata_reg[18]/C (clocked by core132) and native_system/digital/cfg_reg[6][14]/CE (clocked by core132). Large setup violations at the end of those stages might be difficult to fix during the post-placement implementation flow and could be the result of non-optimal XDC constraints or non-optimal design architecture
Related violations: <none>

TIMING-16#301 Warning
Large setup violation  
There is a large setup violation of -1.685 ns between native_system/queue/bus_wdata_reg[18]/C (clocked by core132) and native_system/digital/cfg_reg[6][8]/CE (clocked by core132). Large setup violations at the end of those stages might be difficult to fix during the post-placement implementation flow and could be the result of non-optimal XDC constraints or non-optimal design architecture
Related violations: <none>

TIMING-16#302 Warning
Large setup violation  
There is a large setup violation of -1.685 ns between native_system/queue/bus_wdata_reg[18]/C (clocked by core132) and native_system/digital/cfg_reg[6][9]/CE (clocked by core132). Large setup violations at the end of those stages might be difficult to fix during the post-placement implementation flow and could be the result of non-optimal XDC constraints or non-optimal design architecture
Related violations: <none>

TIMING-16#303 Warning
Large setup violation  
There is a large setup violation of -1.708 ns between native_system/queue/bus_wdata_reg[18]/C (clocked by core132) and native_system/digital/bus_error_reg/D (clocked by core132). Large setup violations at the end of those stages might be difficult to fix during the post-placement implementation flow and could be the result of non-optimal XDC constraints or non-optimal design architecture
Related violations: <none>

TIMING-16#304 Warning
Large setup violation  
There is a large setup violation of -1.755 ns between native_system/digital/cfg_reg[10][2]/C (clocked by core132) and native_system/digital/scheduler/issued_reg[12]/CE (clocked by core132). Large setup violations at the end of those stages might be difficult to fix during the post-placement implementation flow and could be the result of non-optimal XDC constraints or non-optimal design architecture
Related violations: <none>

TIMING-16#305 Warning
Large setup violation  
There is a large setup violation of -1.755 ns between native_system/digital/cfg_reg[10][2]/C (clocked by core132) and native_system/digital/scheduler/issued_reg[13]/CE (clocked by core132). Large setup violations at the end of those stages might be difficult to fix during the post-placement implementation flow and could be the result of non-optimal XDC constraints or non-optimal design architecture
Related violations: <none>

TIMING-16#306 Warning
Large setup violation  
There is a large setup violation of -1.755 ns between native_system/digital/cfg_reg[10][2]/C (clocked by core132) and native_system/digital/scheduler/issued_reg[2]/CE (clocked by core132). Large setup violations at the end of those stages might be difficult to fix during the post-placement implementation flow and could be the result of non-optimal XDC constraints or non-optimal design architecture
Related violations: <none>

TIMING-16#307 Warning
Large setup violation  
There is a large setup violation of -1.755 ns between native_system/digital/cfg_reg[10][2]/C (clocked by core132) and native_system/digital/scheduler/issued_reg[3]/CE (clocked by core132). Large setup violations at the end of those stages might be difficult to fix during the post-placement implementation flow and could be the result of non-optimal XDC constraints or non-optimal design architecture
Related violations: <none>

TIMING-16#308 Warning
Large setup violation  
There is a large setup violation of -1.755 ns between native_system/digital/cfg_reg[10][2]/C (clocked by core132) and native_system/digital/scheduler/issued_reg[4]/CE (clocked by core132). Large setup violations at the end of those stages might be difficult to fix during the post-placement implementation flow and could be the result of non-optimal XDC constraints or non-optimal design architecture
Related violations: <none>

TIMING-16#309 Warning
Large setup violation  
There is a large setup violation of -1.755 ns between native_system/digital/cfg_reg[10][2]/C (clocked by core132) and native_system/digital/scheduler/issued_reg[5]/CE (clocked by core132). Large setup violations at the end of those stages might be difficult to fix during the post-placement implementation flow and could be the result of non-optimal XDC constraints or non-optimal design architecture
Related violations: <none>

TIMING-16#310 Warning
Large setup violation  
There is a large setup violation of -1.755 ns between native_system/digital/cfg_reg[10][2]/C (clocked by core132) and native_system/digital/scheduler/issued_reg[6]/CE (clocked by core132). Large setup violations at the end of those stages might be difficult to fix during the post-placement implementation flow and could be the result of non-optimal XDC constraints or non-optimal design architecture
Related violations: <none>

TIMING-16#311 Warning
Large setup violation  
There is a large setup violation of -1.755 ns between native_system/digital/cfg_reg[10][2]/C (clocked by core132) and native_system/digital/scheduler/issued_reg[7]/CE (clocked by core132). Large setup violations at the end of those stages might be difficult to fix during the post-placement implementation flow and could be the result of non-optimal XDC constraints or non-optimal design architecture
Related violations: <none>

TIMING-16#312 Warning
Large setup violation  
There is a large setup violation of -1.814 ns between native_system/digital/cfg_reg[10][2]/C (clocked by core132) and native_system/digital/scheduler/issued_reg[0]/CE (clocked by core132). Large setup violations at the end of those stages might be difficult to fix during the post-placement implementation flow and could be the result of non-optimal XDC constraints or non-optimal design architecture
Related violations: <none>

TIMING-16#313 Warning
Large setup violation  
There is a large setup violation of -1.814 ns between native_system/digital/cfg_reg[10][2]/C (clocked by core132) and native_system/digital/scheduler/issued_reg[1]/CE (clocked by core132). Large setup violations at the end of those stages might be difficult to fix during the post-placement implementation flow and could be the result of non-optimal XDC constraints or non-optimal design architecture
Related violations: <none>

TIMING-16#314 Warning
Large setup violation  
There is a large setup violation of -1.859 ns between native_system/queue/bus_address_reg[4]/C (clocked by core132) and bridge/s_rdata_reg[7]/D (clocked by core132). Large setup violations at the end of those stages might be difficult to fix during the post-placement implementation flow and could be the result of non-optimal XDC constraints or non-optimal design architecture
Related violations: <none>

TIMING-16#315 Warning
Large setup violation  
There is a large setup violation of -1.987 ns between native_system/queue/bus_wdata_reg[18]/C (clocked by core132) and native_system/digital/cfg_reg[4][29]/CE (clocked by core132). Large setup violations at the end of those stages might be difficult to fix during the post-placement implementation flow and could be the result of non-optimal XDC constraints or non-optimal design architecture
Related violations: <none>

TIMING-16#316 Warning
Large setup violation  
There is a large setup violation of -2.057 ns between native_system/queue/bus_wdata_reg[18]/C (clocked by core132) and native_system/digital/cfg_reg[5][25]/CE (clocked by core132). Large setup violations at the end of those stages might be difficult to fix during the post-placement implementation flow and could be the result of non-optimal XDC constraints or non-optimal design architecture
Related violations: <none>

TIMING-16#317 Warning
Large setup violation  
There is a large setup violation of -2.057 ns between native_system/queue/bus_wdata_reg[18]/C (clocked by core132) and native_system/digital/cfg_reg[5][27]/CE (clocked by core132). Large setup violations at the end of those stages might be difficult to fix during the post-placement implementation flow and could be the result of non-optimal XDC constraints or non-optimal design architecture
Related violations: <none>

TIMING-16#318 Warning
Large setup violation  
There is a large setup violation of -2.057 ns between native_system/queue/bus_wdata_reg[18]/C (clocked by core132) and native_system/digital/cfg_reg[5][28]/CE (clocked by core132). Large setup violations at the end of those stages might be difficult to fix during the post-placement implementation flow and could be the result of non-optimal XDC constraints or non-optimal design architecture
Related violations: <none>

TIMING-16#319 Warning
Large setup violation  
There is a large setup violation of -2.057 ns between native_system/queue/bus_wdata_reg[18]/C (clocked by core132) and native_system/digital/cfg_reg[5][29]/CE (clocked by core132). Large setup violations at the end of those stages might be difficult to fix during the post-placement implementation flow and could be the result of non-optimal XDC constraints or non-optimal design architecture
Related violations: <none>

TIMING-16#320 Warning
Large setup violation  
There is a large setup violation of -2.057 ns between native_system/queue/bus_wdata_reg[18]/C (clocked by core132) and native_system/digital/cfg_reg[5][30]/CE (clocked by core132). Large setup violations at the end of those stages might be difficult to fix during the post-placement implementation flow and could be the result of non-optimal XDC constraints or non-optimal design architecture
Related violations: <none>

TIMING-16#321 Warning
Large setup violation  
There is a large setup violation of -2.057 ns between native_system/queue/bus_wdata_reg[18]/C (clocked by core132) and native_system/digital/cfg_reg[5][3]/CE (clocked by core132). Large setup violations at the end of those stages might be difficult to fix during the post-placement implementation flow and could be the result of non-optimal XDC constraints or non-optimal design architecture
Related violations: <none>

TIMING-16#322 Warning
Large setup violation  
There is a large setup violation of -2.064 ns between native_system/queue/bus_wdata_reg[18]/C (clocked by core132) and native_system/digital/cfg_reg[4][24]/CE (clocked by core132). Large setup violations at the end of those stages might be difficult to fix during the post-placement implementation flow and could be the result of non-optimal XDC constraints or non-optimal design architecture
Related violations: <none>

TIMING-16#323 Warning
Large setup violation  
There is a large setup violation of -2.064 ns between native_system/queue/bus_wdata_reg[18]/C (clocked by core132) and native_system/digital/cfg_reg[4][25]/CE (clocked by core132). Large setup violations at the end of those stages might be difficult to fix during the post-placement implementation flow and could be the result of non-optimal XDC constraints or non-optimal design architecture
Related violations: <none>

TIMING-16#324 Warning
Large setup violation  
There is a large setup violation of -2.064 ns between native_system/queue/bus_wdata_reg[18]/C (clocked by core132) and native_system/digital/cfg_reg[4][26]/CE (clocked by core132). Large setup violations at the end of those stages might be difficult to fix during the post-placement implementation flow and could be the result of non-optimal XDC constraints or non-optimal design architecture
Related violations: <none>

TIMING-16#325 Warning
Large setup violation  
There is a large setup violation of -2.064 ns between native_system/queue/bus_wdata_reg[18]/C (clocked by core132) and native_system/digital/cfg_reg[4][27]/CE (clocked by core132). Large setup violations at the end of those stages might be difficult to fix during the post-placement implementation flow and could be the result of non-optimal XDC constraints or non-optimal design architecture
Related violations: <none>

TIMING-16#326 Warning
Large setup violation  
There is a large setup violation of -2.064 ns between native_system/queue/bus_wdata_reg[18]/C (clocked by core132) and native_system/digital/cfg_reg[4][28]/CE (clocked by core132). Large setup violations at the end of those stages might be difficult to fix during the post-placement implementation flow and could be the result of non-optimal XDC constraints or non-optimal design architecture
Related violations: <none>

TIMING-16#327 Warning
Large setup violation  
There is a large setup violation of -2.064 ns between native_system/queue/bus_wdata_reg[18]/C (clocked by core132) and native_system/digital/cfg_reg[4][30]/CE (clocked by core132). Large setup violations at the end of those stages might be difficult to fix during the post-placement implementation flow and could be the result of non-optimal XDC constraints or non-optimal design architecture
Related violations: <none>

TIMING-16#328 Warning
Large setup violation  
There is a large setup violation of -2.064 ns between native_system/queue/bus_wdata_reg[18]/C (clocked by core132) and native_system/digital/cfg_reg[4][31]/CE (clocked by core132). Large setup violations at the end of those stages might be difficult to fix during the post-placement implementation flow and could be the result of non-optimal XDC constraints or non-optimal design architecture
Related violations: <none>

TIMING-16#329 Warning
Large setup violation  
There is a large setup violation of -2.114 ns between native_system/queue/bus_wdata_reg[18]/C (clocked by core132) and native_system/digital/cfg_reg[5][24]/CE (clocked by core132). Large setup violations at the end of those stages might be difficult to fix during the post-placement implementation flow and could be the result of non-optimal XDC constraints or non-optimal design architecture
Related violations: <none>

TIMING-16#330 Warning
Large setup violation  
There is a large setup violation of -2.215 ns between native_system/queue/bus_wdata_reg[18]/C (clocked by core132) and native_system/digital/cfg_reg[5][26]/CE (clocked by core132). Large setup violations at the end of those stages might be difficult to fix during the post-placement implementation flow and could be the result of non-optimal XDC constraints or non-optimal design architecture
Related violations: <none>

TIMING-16#331 Warning
Large setup violation  
There is a large setup violation of -2.215 ns between native_system/queue/bus_wdata_reg[18]/C (clocked by core132) and native_system/digital/cfg_reg[5][31]/CE (clocked by core132). Large setup violations at the end of those stages might be difficult to fix during the post-placement implementation flow and could be the result of non-optimal XDC constraints or non-optimal design architecture
Related violations: <none>

TIMING-16#332 Warning
Large setup violation  
There is a large setup violation of -2.220 ns between native_system/queue/bus_wdata_reg[18]/C (clocked by core132) and native_system/digital/cfg_reg[5][5]/CE (clocked by core132). Large setup violations at the end of those stages might be difficult to fix during the post-placement implementation flow and could be the result of non-optimal XDC constraints or non-optimal design architecture
Related violations: <none>

TIMING-16#333 Warning
Large setup violation  
There is a large setup violation of -2.220 ns between native_system/queue/bus_wdata_reg[18]/C (clocked by core132) and native_system/digital/cfg_reg[5][6]/CE (clocked by core132). Large setup violations at the end of those stages might be difficult to fix during the post-placement implementation flow and could be the result of non-optimal XDC constraints or non-optimal design architecture
Related violations: <none>

TIMING-16#334 Warning
Large setup violation  
There is a large setup violation of -2.220 ns between native_system/queue/bus_wdata_reg[18]/C (clocked by core132) and native_system/digital/cfg_reg[5][7]/CE (clocked by core132). Large setup violations at the end of those stages might be difficult to fix during the post-placement implementation flow and could be the result of non-optimal XDC constraints or non-optimal design architecture
Related violations: <none>

TIMING-16#335 Warning
Large setup violation  
There is a large setup violation of -2.234 ns between native_system/queue/bus_wdata_reg[18]/C (clocked by core132) and native_system/digital/cfg_reg[4][2]/CE (clocked by core132). Large setup violations at the end of those stages might be difficult to fix during the post-placement implementation flow and could be the result of non-optimal XDC constraints or non-optimal design architecture
Related violations: <none>

TIMING-16#336 Warning
Large setup violation  
There is a large setup violation of -2.234 ns between native_system/queue/bus_wdata_reg[18]/C (clocked by core132) and native_system/digital/cfg_reg[4][3]/CE (clocked by core132). Large setup violations at the end of those stages might be difficult to fix during the post-placement implementation flow and could be the result of non-optimal XDC constraints or non-optimal design architecture
Related violations: <none>

TIMING-16#337 Warning
Large setup violation  
There is a large setup violation of -2.273 ns between native_system/queue/bus_wdata_reg[18]/C (clocked by core132) and native_system/digital/cfg_reg[4][16]/CE (clocked by core132). Large setup violations at the end of those stages might be difficult to fix during the post-placement implementation flow and could be the result of non-optimal XDC constraints or non-optimal design architecture
Related violations: <none>

TIMING-16#338 Warning
Large setup violation  
There is a large setup violation of -2.273 ns between native_system/queue/bus_wdata_reg[18]/C (clocked by core132) and native_system/digital/cfg_reg[4][17]/CE (clocked by core132). Large setup violations at the end of those stages might be difficult to fix during the post-placement implementation flow and could be the result of non-optimal XDC constraints or non-optimal design architecture
Related violations: <none>

TIMING-16#339 Warning
Large setup violation  
There is a large setup violation of -2.273 ns between native_system/queue/bus_wdata_reg[18]/C (clocked by core132) and native_system/digital/cfg_reg[4][23]/CE (clocked by core132). Large setup violations at the end of those stages might be difficult to fix during the post-placement implementation flow and could be the result of non-optimal XDC constraints or non-optimal design architecture
Related violations: <none>

TIMING-16#340 Warning
Large setup violation  
There is a large setup violation of -2.310 ns between native_system/queue/bus_wdata_reg[18]/C (clocked by core132) and native_system/digital/cfg_reg[5][21]/CE (clocked by core132). Large setup violations at the end of those stages might be difficult to fix during the post-placement implementation flow and could be the result of non-optimal XDC constraints or non-optimal design architecture
Related violations: <none>

TIMING-16#341 Warning
Large setup violation  
There is a large setup violation of -2.313 ns between native_system/queue/bus_wdata_reg[18]/C (clocked by core132) and native_system/digital/cfg_reg[4][0]/CE (clocked by core132). Large setup violations at the end of those stages might be difficult to fix during the post-placement implementation flow and could be the result of non-optimal XDC constraints or non-optimal design architecture
Related violations: <none>

TIMING-16#342 Warning
Large setup violation  
There is a large setup violation of -2.313 ns between native_system/queue/bus_wdata_reg[18]/C (clocked by core132) and native_system/digital/cfg_reg[4][12]/CE (clocked by core132). Large setup violations at the end of those stages might be difficult to fix during the post-placement implementation flow and could be the result of non-optimal XDC constraints or non-optimal design architecture
Related violations: <none>

TIMING-16#343 Warning
Large setup violation  
There is a large setup violation of -2.313 ns between native_system/queue/bus_wdata_reg[18]/C (clocked by core132) and native_system/digital/cfg_reg[4][14]/CE (clocked by core132). Large setup violations at the end of those stages might be difficult to fix during the post-placement implementation flow and could be the result of non-optimal XDC constraints or non-optimal design architecture
Related violations: <none>

TIMING-16#344 Warning
Large setup violation  
There is a large setup violation of -2.313 ns between native_system/queue/bus_wdata_reg[18]/C (clocked by core132) and native_system/digital/cfg_reg[4][4]/CE (clocked by core132). Large setup violations at the end of those stages might be difficult to fix during the post-placement implementation flow and could be the result of non-optimal XDC constraints or non-optimal design architecture
Related violations: <none>

TIMING-16#345 Warning
Large setup violation  
There is a large setup violation of -2.313 ns between native_system/queue/bus_wdata_reg[18]/C (clocked by core132) and native_system/digital/cfg_reg[4][5]/CE (clocked by core132). Large setup violations at the end of those stages might be difficult to fix during the post-placement implementation flow and could be the result of non-optimal XDC constraints or non-optimal design architecture
Related violations: <none>

TIMING-16#346 Warning
Large setup violation  
There is a large setup violation of -2.313 ns between native_system/queue/bus_wdata_reg[18]/C (clocked by core132) and native_system/digital/cfg_reg[4][6]/CE (clocked by core132). Large setup violations at the end of those stages might be difficult to fix during the post-placement implementation flow and could be the result of non-optimal XDC constraints or non-optimal design architecture
Related violations: <none>

TIMING-16#347 Warning
Large setup violation  
There is a large setup violation of -2.313 ns between native_system/queue/bus_wdata_reg[18]/C (clocked by core132) and native_system/digital/cfg_reg[4][8]/CE (clocked by core132). Large setup violations at the end of those stages might be difficult to fix during the post-placement implementation flow and could be the result of non-optimal XDC constraints or non-optimal design architecture
Related violations: <none>

TIMING-16#348 Warning
Large setup violation  
There is a large setup violation of -2.315 ns between native_system/queue/bus_wdata_reg[18]/C (clocked by core132) and native_system/digital/cfg_reg[4][18]/CE (clocked by core132). Large setup violations at the end of those stages might be difficult to fix during the post-placement implementation flow and could be the result of non-optimal XDC constraints or non-optimal design architecture
Related violations: <none>

TIMING-16#349 Warning
Large setup violation  
There is a large setup violation of -2.315 ns between native_system/queue/bus_wdata_reg[18]/C (clocked by core132) and native_system/digital/cfg_reg[4][21]/CE (clocked by core132). Large setup violations at the end of those stages might be difficult to fix during the post-placement implementation flow and could be the result of non-optimal XDC constraints or non-optimal design architecture
Related violations: <none>

TIMING-16#350 Warning
Large setup violation  
There is a large setup violation of -2.315 ns between native_system/queue/bus_wdata_reg[18]/C (clocked by core132) and native_system/digital/cfg_reg[4][22]/CE (clocked by core132). Large setup violations at the end of those stages might be difficult to fix during the post-placement implementation flow and could be the result of non-optimal XDC constraints or non-optimal design architecture
Related violations: <none>

TIMING-16#351 Warning
Large setup violation  
There is a large setup violation of -2.328 ns between native_system/queue/bus_wdata_reg[18]/C (clocked by core132) and native_system/digital/cfg_reg[10][10]/CE (clocked by core132). Large setup violations at the end of those stages might be difficult to fix during the post-placement implementation flow and could be the result of non-optimal XDC constraints or non-optimal design architecture
Related violations: <none>

TIMING-16#352 Warning
Large setup violation  
There is a large setup violation of -2.328 ns between native_system/queue/bus_wdata_reg[18]/C (clocked by core132) and native_system/digital/cfg_reg[10][11]/CE (clocked by core132). Large setup violations at the end of those stages might be difficult to fix during the post-placement implementation flow and could be the result of non-optimal XDC constraints or non-optimal design architecture
Related violations: <none>

TIMING-16#353 Warning
Large setup violation  
There is a large setup violation of -2.328 ns between native_system/queue/bus_wdata_reg[18]/C (clocked by core132) and native_system/digital/cfg_reg[10][12]/CE (clocked by core132). Large setup violations at the end of those stages might be difficult to fix during the post-placement implementation flow and could be the result of non-optimal XDC constraints or non-optimal design architecture
Related violations: <none>

TIMING-16#354 Warning
Large setup violation  
There is a large setup violation of -2.328 ns between native_system/queue/bus_wdata_reg[18]/C (clocked by core132) and native_system/digital/cfg_reg[10][1]/CE (clocked by core132). Large setup violations at the end of those stages might be difficult to fix during the post-placement implementation flow and could be the result of non-optimal XDC constraints or non-optimal design architecture
Related violations: <none>

TIMING-16#355 Warning
Large setup violation  
There is a large setup violation of -2.328 ns between native_system/queue/bus_wdata_reg[18]/C (clocked by core132) and native_system/digital/cfg_reg[10][2]/CE (clocked by core132). Large setup violations at the end of those stages might be difficult to fix during the post-placement implementation flow and could be the result of non-optimal XDC constraints or non-optimal design architecture
Related violations: <none>

TIMING-16#356 Warning
Large setup violation  
There is a large setup violation of -2.341 ns between native_system/queue/bus_wdata_reg[18]/C (clocked by core132) and native_system/digital/cfg_reg[4][19]/CE (clocked by core132). Large setup violations at the end of those stages might be difficult to fix during the post-placement implementation flow and could be the result of non-optimal XDC constraints or non-optimal design architecture
Related violations: <none>

TIMING-16#357 Warning
Large setup violation  
There is a large setup violation of -2.341 ns between native_system/queue/bus_wdata_reg[18]/C (clocked by core132) and native_system/digital/cfg_reg[4][1]/CE (clocked by core132). Large setup violations at the end of those stages might be difficult to fix during the post-placement implementation flow and could be the result of non-optimal XDC constraints or non-optimal design architecture
Related violations: <none>

TIMING-16#358 Warning
Large setup violation  
There is a large setup violation of -2.341 ns between native_system/queue/bus_wdata_reg[18]/C (clocked by core132) and native_system/digital/cfg_reg[4][20]/CE (clocked by core132). Large setup violations at the end of those stages might be difficult to fix during the post-placement implementation flow and could be the result of non-optimal XDC constraints or non-optimal design architecture
Related violations: <none>

TIMING-16#359 Warning
Large setup violation  
There is a large setup violation of -2.341 ns between native_system/queue/bus_wdata_reg[18]/C (clocked by core132) and native_system/digital/cfg_reg[4][7]/CE (clocked by core132). Large setup violations at the end of those stages might be difficult to fix during the post-placement implementation flow and could be the result of non-optimal XDC constraints or non-optimal design architecture
Related violations: <none>

TIMING-16#360 Warning
Large setup violation  
There is a large setup violation of -2.354 ns between native_system/queue/bus_wdata_reg[18]/C (clocked by core132) and native_system/digital/cfg_reg[5][0]/CE (clocked by core132). Large setup violations at the end of those stages might be difficult to fix during the post-placement implementation flow and could be the result of non-optimal XDC constraints or non-optimal design architecture
Related violations: <none>

TIMING-16#361 Warning
Large setup violation  
There is a large setup violation of -2.354 ns between native_system/queue/bus_wdata_reg[18]/C (clocked by core132) and native_system/digital/cfg_reg[5][16]/CE (clocked by core132). Large setup violations at the end of those stages might be difficult to fix during the post-placement implementation flow and could be the result of non-optimal XDC constraints or non-optimal design architecture
Related violations: <none>

TIMING-16#362 Warning
Large setup violation  
There is a large setup violation of -2.364 ns between native_system/queue/bus_wdata_reg[18]/C (clocked by core132) and native_system/digital/cfg_reg[4][11]/CE (clocked by core132). Large setup violations at the end of those stages might be difficult to fix during the post-placement implementation flow and could be the result of non-optimal XDC constraints or non-optimal design architecture
Related violations: <none>

TIMING-16#363 Warning
Large setup violation  
There is a large setup violation of -2.364 ns between native_system/queue/bus_wdata_reg[18]/C (clocked by core132) and native_system/digital/cfg_reg[4][13]/CE (clocked by core132). Large setup violations at the end of those stages might be difficult to fix during the post-placement implementation flow and could be the result of non-optimal XDC constraints or non-optimal design architecture
Related violations: <none>

TIMING-16#364 Warning
Large setup violation  
There is a large setup violation of -2.364 ns between native_system/queue/bus_wdata_reg[18]/C (clocked by core132) and native_system/digital/cfg_reg[4][15]/CE (clocked by core132). Large setup violations at the end of those stages might be difficult to fix during the post-placement implementation flow and could be the result of non-optimal XDC constraints or non-optimal design architecture
Related violations: <none>

TIMING-16#365 Warning
Large setup violation  
There is a large setup violation of -2.370 ns between native_system/queue/bus_wdata_reg[18]/C (clocked by core132) and native_system/digital/cfg_reg[5][2]/CE (clocked by core132). Large setup violations at the end of those stages might be difficult to fix during the post-placement implementation flow and could be the result of non-optimal XDC constraints or non-optimal design architecture
Related violations: <none>

TIMING-16#366 Warning
Large setup violation  
There is a large setup violation of -2.423 ns between native_system/queue/bus_wdata_reg[18]/C (clocked by core132) and native_system/digital/cfg_reg[4][10]/CE (clocked by core132). Large setup violations at the end of those stages might be difficult to fix during the post-placement implementation flow and could be the result of non-optimal XDC constraints or non-optimal design architecture
Related violations: <none>

TIMING-16#367 Warning
Large setup violation  
There is a large setup violation of -2.423 ns between native_system/queue/bus_wdata_reg[18]/C (clocked by core132) and native_system/digital/cfg_reg[4][9]/CE (clocked by core132). Large setup violations at the end of those stages might be difficult to fix during the post-placement implementation flow and could be the result of non-optimal XDC constraints or non-optimal design architecture
Related violations: <none>

TIMING-16#368 Warning
Large setup violation  
There is a large setup violation of -2.452 ns between native_system/queue/bus_wdata_reg[18]/C (clocked by core132) and native_system/digital/cfg_reg[5][18]/CE (clocked by core132). Large setup violations at the end of those stages might be difficult to fix during the post-placement implementation flow and could be the result of non-optimal XDC constraints or non-optimal design architecture
Related violations: <none>

TIMING-16#369 Warning
Large setup violation  
There is a large setup violation of -2.452 ns between native_system/queue/bus_wdata_reg[18]/C (clocked by core132) and native_system/digital/cfg_reg[5][1]/CE (clocked by core132). Large setup violations at the end of those stages might be difficult to fix during the post-placement implementation flow and could be the result of non-optimal XDC constraints or non-optimal design architecture
Related violations: <none>

TIMING-16#370 Warning
Large setup violation  
There is a large setup violation of -2.452 ns between native_system/queue/bus_wdata_reg[18]/C (clocked by core132) and native_system/digital/cfg_reg[5][23]/CE (clocked by core132). Large setup violations at the end of those stages might be difficult to fix during the post-placement implementation flow and could be the result of non-optimal XDC constraints or non-optimal design architecture
Related violations: <none>

TIMING-16#371 Warning
Large setup violation  
There is a large setup violation of -2.494 ns between native_system/queue/bus_wdata_reg[18]/C (clocked by core132) and native_system/digital/cfg_reg[5][11]/CE (clocked by core132). Large setup violations at the end of those stages might be difficult to fix during the post-placement implementation flow and could be the result of non-optimal XDC constraints or non-optimal design architecture
Related violations: <none>

TIMING-16#372 Warning
Large setup violation  
There is a large setup violation of -2.494 ns between native_system/queue/bus_wdata_reg[18]/C (clocked by core132) and native_system/digital/cfg_reg[5][13]/CE (clocked by core132). Large setup violations at the end of those stages might be difficult to fix during the post-placement implementation flow and could be the result of non-optimal XDC constraints or non-optimal design architecture
Related violations: <none>

TIMING-16#373 Warning
Large setup violation  
There is a large setup violation of -2.494 ns between native_system/queue/bus_wdata_reg[18]/C (clocked by core132) and native_system/digital/cfg_reg[5][14]/CE (clocked by core132). Large setup violations at the end of those stages might be difficult to fix during the post-placement implementation flow and could be the result of non-optimal XDC constraints or non-optimal design architecture
Related violations: <none>

TIMING-16#374 Warning
Large setup violation  
There is a large setup violation of -2.501 ns between native_system/queue/bus_wdata_reg[18]/C (clocked by core132) and native_system/digital/cfg_reg[5][10]/CE (clocked by core132). Large setup violations at the end of those stages might be difficult to fix during the post-placement implementation flow and could be the result of non-optimal XDC constraints or non-optimal design architecture
Related violations: <none>

TIMING-16#375 Warning
Large setup violation  
There is a large setup violation of -2.501 ns between native_system/queue/bus_wdata_reg[18]/C (clocked by core132) and native_system/digital/cfg_reg[5][12]/CE (clocked by core132). Large setup violations at the end of those stages might be difficult to fix during the post-placement implementation flow and could be the result of non-optimal XDC constraints or non-optimal design architecture
Related violations: <none>

TIMING-16#376 Warning
Large setup violation  
There is a large setup violation of -2.501 ns between native_system/queue/bus_wdata_reg[18]/C (clocked by core132) and native_system/digital/cfg_reg[5][9]/CE (clocked by core132). Large setup violations at the end of those stages might be difficult to fix during the post-placement implementation flow and could be the result of non-optimal XDC constraints or non-optimal design architecture
Related violations: <none>

TIMING-16#377 Warning
Large setup violation  
There is a large setup violation of -2.504 ns between native_system/queue/bus_wdata_reg[18]/C (clocked by core132) and native_system/digital/cfg_reg[10][13]/CE (clocked by core132). Large setup violations at the end of those stages might be difficult to fix during the post-placement implementation flow and could be the result of non-optimal XDC constraints or non-optimal design architecture
Related violations: <none>

TIMING-16#378 Warning
Large setup violation  
There is a large setup violation of -2.504 ns between native_system/queue/bus_wdata_reg[18]/C (clocked by core132) and native_system/digital/cfg_reg[10][4]/CE (clocked by core132). Large setup violations at the end of those stages might be difficult to fix during the post-placement implementation flow and could be the result of non-optimal XDC constraints or non-optimal design architecture
Related violations: <none>

TIMING-16#379 Warning
Large setup violation  
There is a large setup violation of -2.504 ns between native_system/queue/bus_wdata_reg[18]/C (clocked by core132) and native_system/digital/cfg_reg[10][5]/CE (clocked by core132). Large setup violations at the end of those stages might be difficult to fix during the post-placement implementation flow and could be the result of non-optimal XDC constraints or non-optimal design architecture
Related violations: <none>

TIMING-16#380 Warning
Large setup violation  
There is a large setup violation of -2.504 ns between native_system/queue/bus_wdata_reg[18]/C (clocked by core132) and native_system/digital/cfg_reg[10][7]/CE (clocked by core132). Large setup violations at the end of those stages might be difficult to fix during the post-placement implementation flow and could be the result of non-optimal XDC constraints or non-optimal design architecture
Related violations: <none>

TIMING-16#381 Warning
Large setup violation  
There is a large setup violation of -2.504 ns between native_system/queue/bus_wdata_reg[18]/C (clocked by core132) and native_system/digital/cfg_reg[10][8]/CE (clocked by core132). Large setup violations at the end of those stages might be difficult to fix during the post-placement implementation flow and could be the result of non-optimal XDC constraints or non-optimal design architecture
Related violations: <none>

TIMING-16#382 Warning
Large setup violation  
There is a large setup violation of -2.504 ns between native_system/queue/bus_wdata_reg[18]/C (clocked by core132) and native_system/digital/cfg_reg[10][9]/CE (clocked by core132). Large setup violations at the end of those stages might be difficult to fix during the post-placement implementation flow and could be the result of non-optimal XDC constraints or non-optimal design architecture
Related violations: <none>

TIMING-16#383 Warning
Large setup violation  
There is a large setup violation of -2.519 ns between native_system/queue/bus_wdata_reg[18]/C (clocked by core132) and native_system/digital/cfg_reg[5][4]/CE (clocked by core132). Large setup violations at the end of those stages might be difficult to fix during the post-placement implementation flow and could be the result of non-optimal XDC constraints or non-optimal design architecture
Related violations: <none>

TIMING-16#384 Warning
Large setup violation  
There is a large setup violation of -2.526 ns between native_system/queue/bus_wdata_reg[18]/C (clocked by core132) and native_system/digital/cfg_reg[5][17]/CE (clocked by core132). Large setup violations at the end of those stages might be difficult to fix during the post-placement implementation flow and could be the result of non-optimal XDC constraints or non-optimal design architecture
Related violations: <none>

TIMING-16#385 Warning
Large setup violation  
There is a large setup violation of -2.526 ns between native_system/queue/bus_wdata_reg[18]/C (clocked by core132) and native_system/digital/cfg_reg[5][19]/CE (clocked by core132). Large setup violations at the end of those stages might be difficult to fix during the post-placement implementation flow and could be the result of non-optimal XDC constraints or non-optimal design architecture
Related violations: <none>

TIMING-16#386 Warning
Large setup violation  
There is a large setup violation of -2.526 ns between native_system/queue/bus_wdata_reg[18]/C (clocked by core132) and native_system/digital/cfg_reg[5][20]/CE (clocked by core132). Large setup violations at the end of those stages might be difficult to fix during the post-placement implementation flow and could be the result of non-optimal XDC constraints or non-optimal design architecture
Related violations: <none>

TIMING-16#387 Warning
Large setup violation  
There is a large setup violation of -2.546 ns between native_system/queue/bus_wdata_reg[18]/C (clocked by core132) and native_system/digital/cfg_reg[5][15]/CE (clocked by core132). Large setup violations at the end of those stages might be difficult to fix during the post-placement implementation flow and could be the result of non-optimal XDC constraints or non-optimal design architecture
Related violations: <none>

TIMING-16#388 Warning
Large setup violation  
There is a large setup violation of -2.546 ns between native_system/queue/bus_wdata_reg[18]/C (clocked by core132) and native_system/digital/cfg_reg[5][22]/CE (clocked by core132). Large setup violations at the end of those stages might be difficult to fix during the post-placement implementation flow and could be the result of non-optimal XDC constraints or non-optimal design architecture
Related violations: <none>

TIMING-16#389 Warning
Large setup violation  
There is a large setup violation of -2.600 ns between native_system/queue/bus_wdata_reg[18]/C (clocked by core132) and native_system/digital/cfg_reg[5][8]/CE (clocked by core132). Large setup violations at the end of those stages might be difficult to fix during the post-placement implementation flow and could be the result of non-optimal XDC constraints or non-optimal design architecture
Related violations: <none>

TIMING-16#390 Warning
Large setup violation  
There is a large setup violation of -2.652 ns between native_system/queue/bus_wdata_reg[18]/C (clocked by core132) and native_system/digital/cfg_reg[10][25]/CE (clocked by core132). Large setup violations at the end of those stages might be difficult to fix during the post-placement implementation flow and could be the result of non-optimal XDC constraints or non-optimal design architecture
Related violations: <none>

TIMING-16#391 Warning
Large setup violation  
There is a large setup violation of -2.652 ns between native_system/queue/bus_wdata_reg[18]/C (clocked by core132) and native_system/digital/cfg_reg[10][27]/CE (clocked by core132). Large setup violations at the end of those stages might be difficult to fix during the post-placement implementation flow and could be the result of non-optimal XDC constraints or non-optimal design architecture
Related violations: <none>

TIMING-16#392 Warning
Large setup violation  
There is a large setup violation of -2.714 ns between native_system/queue/bus_wdata_reg[18]/C (clocked by core132) and native_system/digital/cfg_reg[10][16]/CE (clocked by core132). Large setup violations at the end of those stages might be difficult to fix during the post-placement implementation flow and could be the result of non-optimal XDC constraints or non-optimal design architecture
Related violations: <none>

TIMING-16#393 Warning
Large setup violation  
There is a large setup violation of -2.714 ns between native_system/queue/bus_wdata_reg[18]/C (clocked by core132) and native_system/digital/cfg_reg[10][17]/CE (clocked by core132). Large setup violations at the end of those stages might be difficult to fix during the post-placement implementation flow and could be the result of non-optimal XDC constraints or non-optimal design architecture
Related violations: <none>

TIMING-16#394 Warning
Large setup violation  
There is a large setup violation of -2.714 ns between native_system/queue/bus_wdata_reg[18]/C (clocked by core132) and native_system/digital/cfg_reg[10][21]/CE (clocked by core132). Large setup violations at the end of those stages might be difficult to fix during the post-placement implementation flow and could be the result of non-optimal XDC constraints or non-optimal design architecture
Related violations: <none>

TIMING-16#395 Warning
Large setup violation  
There is a large setup violation of -2.798 ns between native_system/queue/bus_wdata_reg[18]/C (clocked by core132) and native_system/digital/cfg_reg[10][14]/CE (clocked by core132). Large setup violations at the end of those stages might be difficult to fix during the post-placement implementation flow and could be the result of non-optimal XDC constraints or non-optimal design architecture
Related violations: <none>

TIMING-16#396 Warning
Large setup violation  
There is a large setup violation of -2.798 ns between native_system/queue/bus_wdata_reg[18]/C (clocked by core132) and native_system/digital/cfg_reg[10][24]/CE (clocked by core132). Large setup violations at the end of those stages might be difficult to fix during the post-placement implementation flow and could be the result of non-optimal XDC constraints or non-optimal design architecture
Related violations: <none>

TIMING-16#397 Warning
Large setup violation  
There is a large setup violation of -2.834 ns between native_system/queue/bus_wdata_reg[18]/C (clocked by core132) and native_system/digital/cfg_reg[10][26]/CE (clocked by core132). Large setup violations at the end of those stages might be difficult to fix during the post-placement implementation flow and could be the result of non-optimal XDC constraints or non-optimal design architecture
Related violations: <none>

TIMING-16#398 Warning
Large setup violation  
There is a large setup violation of -2.834 ns between native_system/queue/bus_wdata_reg[18]/C (clocked by core132) and native_system/digital/cfg_reg[10][28]/CE (clocked by core132). Large setup violations at the end of those stages might be difficult to fix during the post-placement implementation flow and could be the result of non-optimal XDC constraints or non-optimal design architecture
Related violations: <none>

TIMING-16#399 Warning
Large setup violation  
There is a large setup violation of -2.834 ns between native_system/queue/bus_wdata_reg[18]/C (clocked by core132) and native_system/digital/cfg_reg[10][30]/CE (clocked by core132). Large setup violations at the end of those stages might be difficult to fix during the post-placement implementation flow and could be the result of non-optimal XDC constraints or non-optimal design architecture
Related violations: <none>

TIMING-16#400 Warning
Large setup violation  
There is a large setup violation of -2.834 ns between native_system/queue/bus_wdata_reg[18]/C (clocked by core132) and native_system/digital/cfg_reg[10][31]/CE (clocked by core132). Large setup violations at the end of those stages might be difficult to fix during the post-placement implementation flow and could be the result of non-optimal XDC constraints or non-optimal design architecture
Related violations: <none>

TIMING-16#401 Warning
Large setup violation  
There is a large setup violation of -2.852 ns between native_system/queue/bus_wdata_reg[18]/C (clocked by core132) and native_system/digital/cfg_reg[10][18]/CE (clocked by core132). Large setup violations at the end of those stages might be difficult to fix during the post-placement implementation flow and could be the result of non-optimal XDC constraints or non-optimal design architecture
Related violations: <none>

TIMING-16#402 Warning
Large setup violation  
There is a large setup violation of -2.852 ns between native_system/queue/bus_wdata_reg[18]/C (clocked by core132) and native_system/digital/cfg_reg[10][19]/CE (clocked by core132). Large setup violations at the end of those stages might be difficult to fix during the post-placement implementation flow and could be the result of non-optimal XDC constraints or non-optimal design architecture
Related violations: <none>

TIMING-16#403 Warning
Large setup violation  
There is a large setup violation of -2.852 ns between native_system/queue/bus_wdata_reg[18]/C (clocked by core132) and native_system/digital/cfg_reg[10][20]/CE (clocked by core132). Large setup violations at the end of those stages might be difficult to fix during the post-placement implementation flow and could be the result of non-optimal XDC constraints or non-optimal design architecture
Related violations: <none>

TIMING-16#404 Warning
Large setup violation  
There is a large setup violation of -2.852 ns between native_system/queue/bus_wdata_reg[18]/C (clocked by core132) and native_system/digital/cfg_reg[10][22]/CE (clocked by core132). Large setup violations at the end of those stages might be difficult to fix during the post-placement implementation flow and could be the result of non-optimal XDC constraints or non-optimal design architecture
Related violations: <none>

TIMING-16#405 Warning
Large setup violation  
There is a large setup violation of -2.852 ns between native_system/queue/bus_wdata_reg[18]/C (clocked by core132) and native_system/digital/cfg_reg[10][23]/CE (clocked by core132). Large setup violations at the end of those stages might be difficult to fix during the post-placement implementation flow and could be the result of non-optimal XDC constraints or non-optimal design architecture
Related violations: <none>

TIMING-16#406 Warning
Large setup violation  
There is a large setup violation of -2.855 ns between native_system/queue/bus_wdata_reg[18]/C (clocked by core132) and native_system/digital/cfg_reg[10][0]/CE (clocked by core132). Large setup violations at the end of those stages might be difficult to fix during the post-placement implementation flow and could be the result of non-optimal XDC constraints or non-optimal design architecture
Related violations: <none>

TIMING-16#407 Warning
Large setup violation  
There is a large setup violation of -2.855 ns between native_system/queue/bus_wdata_reg[18]/C (clocked by core132) and native_system/digital/cfg_reg[10][3]/CE (clocked by core132). Large setup violations at the end of those stages might be difficult to fix during the post-placement implementation flow and could be the result of non-optimal XDC constraints or non-optimal design architecture
Related violations: <none>

TIMING-16#408 Warning
Large setup violation  
There is a large setup violation of -2.855 ns between native_system/queue/bus_wdata_reg[18]/C (clocked by core132) and native_system/digital/cfg_reg[10][6]/CE (clocked by core132). Large setup violations at the end of those stages might be difficult to fix during the post-placement implementation flow and could be the result of non-optimal XDC constraints or non-optimal design architecture
Related violations: <none>

TIMING-16#409 Warning
Large setup violation  
There is a large setup violation of -2.890 ns between native_system/queue/bus_wdata_reg[18]/C (clocked by core132) and native_system/digital/cfg_reg[10][29]/CE (clocked by core132). Large setup violations at the end of those stages might be difficult to fix during the post-placement implementation flow and could be the result of non-optimal XDC constraints or non-optimal design architecture
Related violations: <none>

TIMING-16#410 Warning
Large setup violation  
There is a large setup violation of -3.095 ns between native_system/queue/bus_wdata_reg[18]/C (clocked by core132) and native_system/digital/cfg_reg[10][15]/CE (clocked by core132). Large setup violations at the end of those stages might be difficult to fix during the post-placement implementation flow and could be the result of non-optimal XDC constraints or non-optimal design architecture
Related violations: <none>

TIMING-16#411 Warning
Large setup violation  
There is a large setup violation of -4.711 ns between native_system/queue/channel_reg[11]/C (clocked by core132) and native_system/queue/bus_wdata_reg[16]/D (clocked by core132). Large setup violations at the end of those stages might be difficult to fix during the post-placement implementation flow and could be the result of non-optimal XDC constraints or non-optimal design architecture
Related violations: <none>

TIMING-16#412 Warning
Large setup violation  
There is a large setup violation of -4.817 ns between native_system/queue/channel_reg[11]/C (clocked by core132) and native_system/queue/bus_wdata_reg[14]/D (clocked by core132). Large setup violations at the end of those stages might be difficult to fix during the post-placement implementation flow and could be the result of non-optimal XDC constraints or non-optimal design architecture
Related violations: <none>

TIMING-16#413 Warning
Large setup violation  
There is a large setup violation of -4.909 ns between native_system/queue/channel_reg[11]/C (clocked by core132) and native_system/queue/bus_wdata_reg[13]/D (clocked by core132). Large setup violations at the end of those stages might be difficult to fix during the post-placement implementation flow and could be the result of non-optimal XDC constraints or non-optimal design architecture
Related violations: <none>

TIMING-16#414 Warning
Large setup violation  
There is a large setup violation of -4.916 ns between native_system/queue/channel_reg[11]/C (clocked by core132) and native_system/queue/bus_wdata_reg[12]/D (clocked by core132). Large setup violations at the end of those stages might be difficult to fix during the post-placement implementation flow and could be the result of non-optimal XDC constraints or non-optimal design architecture
Related violations: <none>

TIMING-16#415 Warning
Large setup violation  
There is a large setup violation of -4.974 ns between native_system/queue/channel_reg[11]/C (clocked by core132) and native_system/queue/bus_wdata_reg[11]/D (clocked by core132). Large setup violations at the end of those stages might be difficult to fix during the post-placement implementation flow and could be the result of non-optimal XDC constraints or non-optimal design architecture
Related violations: <none>

TIMING-16#416 Warning
Large setup violation  
There is a large setup violation of -5.045 ns between native_system/queue/channel_reg[11]/C (clocked by core132) and native_system/queue/bus_wdata_reg[15]/D (clocked by core132). Large setup violations at the end of those stages might be difficult to fix during the post-placement implementation flow and could be the result of non-optimal XDC constraints or non-optimal design architecture
Related violations: <none>

TIMING-16#417 Warning
Large setup violation  
There is a large setup violation of -5.073 ns between native_system/queue/channel_reg[11]/C (clocked by core132) and native_system/queue/bus_wdata_reg[10]/D (clocked by core132). Large setup violations at the end of those stages might be difficult to fix during the post-placement implementation flow and could be the result of non-optimal XDC constraints or non-optimal design architecture
Related violations: <none>

TIMING-16#418 Warning
Large setup violation  
There is a large setup violation of -5.115 ns between native_system/queue/channel_reg[11]/C (clocked by core132) and native_system/queue/bus_wdata_reg[6]/D (clocked by core132). Large setup violations at the end of those stages might be difficult to fix during the post-placement implementation flow and could be the result of non-optimal XDC constraints or non-optimal design architecture
Related violations: <none>

TIMING-16#419 Warning
Large setup violation  
There is a large setup violation of -5.120 ns between native_system/queue/channel_reg[11]/C (clocked by core132) and native_system/queue/bus_wdata_reg[8]/D (clocked by core132). Large setup violations at the end of those stages might be difficult to fix during the post-placement implementation flow and could be the result of non-optimal XDC constraints or non-optimal design architecture
Related violations: <none>

TIMING-16#420 Warning
Large setup violation  
There is a large setup violation of -5.162 ns between native_system/queue/channel_reg[11]/C (clocked by core132) and native_system/queue/bus_wdata_reg[5]/D (clocked by core132). Large setup violations at the end of those stages might be difficult to fix during the post-placement implementation flow and could be the result of non-optimal XDC constraints or non-optimal design architecture
Related violations: <none>

TIMING-16#421 Warning
Large setup violation  
There is a large setup violation of -5.235 ns between native_system/queue/channel_reg[11]/C (clocked by core132) and native_system/queue/bus_wdata_reg[2]/D (clocked by core132). Large setup violations at the end of those stages might be difficult to fix during the post-placement implementation flow and could be the result of non-optimal XDC constraints or non-optimal design architecture
Related violations: <none>

TIMING-16#422 Warning
Large setup violation  
There is a large setup violation of -5.242 ns between native_system/queue/channel_reg[11]/C (clocked by core132) and native_system/queue/bus_wdata_reg[0]/D (clocked by core132). Large setup violations at the end of those stages might be difficult to fix during the post-placement implementation flow and could be the result of non-optimal XDC constraints or non-optimal design architecture
Related violations: <none>

TIMING-16#423 Warning
Large setup violation  
There is a large setup violation of -5.291 ns between native_system/queue/channel_reg[11]/C (clocked by core132) and native_system/queue/bus_wdata_reg[1]/D (clocked by core132). Large setup violations at the end of those stages might be difficult to fix during the post-placement implementation flow and could be the result of non-optimal XDC constraints or non-optimal design architecture
Related violations: <none>

TIMING-16#424 Warning
Large setup violation  
There is a large setup violation of -5.359 ns between native_system/queue/channel_reg[11]/C (clocked by core132) and native_system/queue/bus_wdata_reg[7]/D (clocked by core132). Large setup violations at the end of those stages might be difficult to fix during the post-placement implementation flow and could be the result of non-optimal XDC constraints or non-optimal design architecture
Related violations: <none>

TIMING-16#425 Warning
Large setup violation  
There is a large setup violation of -5.371 ns between native_system/queue/channel_reg[11]/C (clocked by core132) and native_system/queue/bus_wdata_reg[3]/D (clocked by core132). Large setup violations at the end of those stages might be difficult to fix during the post-placement implementation flow and could be the result of non-optimal XDC constraints or non-optimal design architecture
Related violations: <none>

TIMING-16#426 Warning
Large setup violation  
There is a large setup violation of -5.378 ns between native_system/queue/channel_reg[11]/C (clocked by core132) and native_system/queue/bus_wdata_reg[9]/D (clocked by core132). Large setup violations at the end of those stages might be difficult to fix during the post-placement implementation flow and could be the result of non-optimal XDC constraints or non-optimal design architecture
Related violations: <none>

TIMING-16#427 Warning
Large setup violation  
There is a large setup violation of -5.406 ns between native_system/queue/channel_reg[11]/C (clocked by core132) and native_system/queue/bus_wdata_reg[4]/D (clocked by core132). Large setup violations at the end of those stages might be difficult to fix during the post-placement implementation flow and could be the result of non-optimal XDC constraints or non-optimal design architecture
Related violations: <none>

TIMING-16#428 Warning
Large setup violation  
There is a large setup violation of -5.619 ns between native_system/digital/burst/accumulator_reg[6]/C (clocked by core132) and native_system/digital/serial/captured_reg[75]/D (clocked by core132). Large setup violations at the end of those stages might be difficult to fix during the post-placement implementation flow and could be the result of non-optimal XDC constraints or non-optimal design architecture
Related violations: <none>

TIMING-16#429 Warning
Large setup violation  
There is a large setup violation of -5.644 ns between native_system/digital/burst/accumulator_reg[6]/C (clocked by core132) and native_system/digital/serial/captured_reg[81]/D (clocked by core132). Large setup violations at the end of those stages might be difficult to fix during the post-placement implementation flow and could be the result of non-optimal XDC constraints or non-optimal design architecture
Related violations: <none>

TIMING-16#430 Warning
Large setup violation  
There is a large setup violation of -5.648 ns between native_system/digital/burst/accumulator_reg[6]/C (clocked by core132) and native_system/digital/serial/captured_reg[85]/D (clocked by core132). Large setup violations at the end of those stages might be difficult to fix during the post-placement implementation flow and could be the result of non-optimal XDC constraints or non-optimal design architecture
Related violations: <none>

TIMING-16#431 Warning
Large setup violation  
There is a large setup violation of -5.655 ns between native_system/digital/burst/accumulator_reg[6]/C (clocked by core132) and native_system/digital/serial/captured_reg[73]/D (clocked by core132). Large setup violations at the end of those stages might be difficult to fix during the post-placement implementation flow and could be the result of non-optimal XDC constraints or non-optimal design architecture
Related violations: <none>

TIMING-16#432 Warning
Large setup violation  
There is a large setup violation of -5.656 ns between native_system/digital/burst/accumulator_reg[6]/C (clocked by core132) and native_system/digital/serial/captured_reg[65]/D (clocked by core132). Large setup violations at the end of those stages might be difficult to fix during the post-placement implementation flow and could be the result of non-optimal XDC constraints or non-optimal design architecture
Related violations: <none>

TIMING-16#433 Warning
Large setup violation  
There is a large setup violation of -5.660 ns between native_system/digital/burst/accumulator_reg[6]/C (clocked by core132) and native_system/digital/serial/captured_reg[69]/D (clocked by core132). Large setup violations at the end of those stages might be difficult to fix during the post-placement implementation flow and could be the result of non-optimal XDC constraints or non-optimal design architecture
Related violations: <none>

TIMING-16#434 Warning
Large setup violation  
There is a large setup violation of -5.669 ns between native_system/digital/burst/accumulator_reg[6]/C (clocked by core132) and native_system/digital/serial/captured_reg[109]/D (clocked by core132). Large setup violations at the end of those stages might be difficult to fix during the post-placement implementation flow and could be the result of non-optimal XDC constraints or non-optimal design architecture
Related violations: <none>

TIMING-16#435 Warning
Large setup violation  
There is a large setup violation of -5.742 ns between native_system/digital/burst/accumulator_reg[6]/C (clocked by core132) and native_system/digital/serial/captured_reg[41]/D (clocked by core132). Large setup violations at the end of those stages might be difficult to fix during the post-placement implementation flow and could be the result of non-optimal XDC constraints or non-optimal design architecture
Related violations: <none>

TIMING-16#436 Warning
Large setup violation  
There is a large setup violation of -5.746 ns between native_system/digital/burst/accumulator_reg[6]/C (clocked by core132) and native_system/digital/serial/captured_reg[45]/D (clocked by core132). Large setup violations at the end of those stages might be difficult to fix during the post-placement implementation flow and could be the result of non-optimal XDC constraints or non-optimal design architecture
Related violations: <none>

TIMING-16#437 Warning
Large setup violation  
There is a large setup violation of -5.751 ns between native_system/digital/burst/accumulator_reg[6]/C (clocked by core132) and native_system/digital/serial/captured_reg[53]/D (clocked by core132). Large setup violations at the end of those stages might be difficult to fix during the post-placement implementation flow and could be the result of non-optimal XDC constraints or non-optimal design architecture
Related violations: <none>

TIMING-16#438 Warning
Large setup violation  
There is a large setup violation of -5.758 ns between native_system/digital/burst/accumulator_reg[6]/C (clocked by core132) and native_system/digital/serial/captured_reg[49]/D (clocked by core132). Large setup violations at the end of those stages might be difficult to fix during the post-placement implementation flow and could be the result of non-optimal XDC constraints or non-optimal design architecture
Related violations: <none>

TIMING-16#439 Warning
Large setup violation  
There is a large setup violation of -5.788 ns between native_system/digital/burst/accumulator_reg[6]/C (clocked by core132) and native_system/digital/serial/captured_reg[9]/D (clocked by core132). Large setup violations at the end of those stages might be difficult to fix during the post-placement implementation flow and could be the result of non-optimal XDC constraints or non-optimal design architecture
Related violations: <none>

TIMING-16#440 Warning
Large setup violation  
There is a large setup violation of -5.796 ns between native_system/digital/burst/accumulator_reg[6]/C (clocked by core132) and native_system/digital/serial/captured_reg[77]/D (clocked by core132). Large setup violations at the end of those stages might be difficult to fix during the post-placement implementation flow and could be the result of non-optimal XDC constraints or non-optimal design architecture
Related violations: <none>

TIMING-16#441 Warning
Large setup violation  
There is a large setup violation of -5.798 ns between native_system/digital/burst/accumulator_reg[6]/C (clocked by core132) and native_system/digital/serial/captured_reg[1]/D (clocked by core132). Large setup violations at the end of those stages might be difficult to fix during the post-placement implementation flow and could be the result of non-optimal XDC constraints or non-optimal design architecture
Related violations: <none>

TIMING-16#442 Warning
Large setup violation  
There is a large setup violation of -5.803 ns between native_system/digital/burst/accumulator_reg[6]/C (clocked by core132) and native_system/digital/serial/captured_reg[13]/D (clocked by core132). Large setup violations at the end of those stages might be difficult to fix during the post-placement implementation flow and could be the result of non-optimal XDC constraints or non-optimal design architecture
Related violations: <none>

TIMING-16#443 Warning
Large setup violation  
There is a large setup violation of -5.806 ns between native_system/digital/burst/accumulator_reg[6]/C (clocked by core132) and native_system/digital/serial/captured_reg[57]/D (clocked by core132). Large setup violations at the end of those stages might be difficult to fix during the post-placement implementation flow and could be the result of non-optimal XDC constraints or non-optimal design architecture
Related violations: <none>

TIMING-16#444 Warning
Large setup violation  
There is a large setup violation of -5.806 ns between native_system/digital/burst/accumulator_reg[6]/C (clocked by core132) and native_system/digital/serial/captured_reg[89]/D (clocked by core132). Large setup violations at the end of those stages might be difficult to fix during the post-placement implementation flow and could be the result of non-optimal XDC constraints or non-optimal design architecture
Related violations: <none>

TIMING-16#445 Warning
Large setup violation  
There is a large setup violation of -5.810 ns between native_system/digital/burst/accumulator_reg[6]/C (clocked by core132) and native_system/digital/serial/captured_reg[107]/D (clocked by core132). Large setup violations at the end of those stages might be difficult to fix during the post-placement implementation flow and could be the result of non-optimal XDC constraints or non-optimal design architecture
Related violations: <none>

TIMING-16#446 Warning
Large setup violation  
There is a large setup violation of -5.812 ns between native_system/digital/burst/accumulator_reg[6]/C (clocked by core132) and native_system/digital/serial/captured_reg[127]/D (clocked by core132). Large setup violations at the end of those stages might be difficult to fix during the post-placement implementation flow and could be the result of non-optimal XDC constraints or non-optimal design architecture
Related violations: <none>

TIMING-16#447 Warning
Large setup violation  
There is a large setup violation of -5.822 ns between native_system/digital/burst/accumulator_reg[6]/C (clocked by core132) and native_system/digital/serial/captured_reg[121]/D (clocked by core132). Large setup violations at the end of those stages might be difficult to fix during the post-placement implementation flow and could be the result of non-optimal XDC constraints or non-optimal design architecture
Related violations: <none>

TIMING-16#448 Warning
Large setup violation  
There is a large setup violation of -5.824 ns between native_system/digital/burst/accumulator_reg[6]/C (clocked by core132) and native_system/digital/serial/captured_reg[125]/D (clocked by core132). Large setup violations at the end of those stages might be difficult to fix during the post-placement implementation flow and could be the result of non-optimal XDC constraints or non-optimal design architecture
Related violations: <none>

TIMING-16#449 Warning
Large setup violation  
There is a large setup violation of -5.860 ns between native_system/digital/burst/accumulator_reg[6]/C (clocked by core132) and native_system/digital/serial/captured_reg[93]/D (clocked by core132). Large setup violations at the end of those stages might be difficult to fix during the post-placement implementation flow and could be the result of non-optimal XDC constraints or non-optimal design architecture
Related violations: <none>

TIMING-16#450 Warning
Large setup violation  
There is a large setup violation of -5.869 ns between native_system/digital/burst/accumulator_reg[6]/C (clocked by core132) and native_system/digital/serial/captured_reg[37]/D (clocked by core132). Large setup violations at the end of those stages might be difficult to fix during the post-placement implementation flow and could be the result of non-optimal XDC constraints or non-optimal design architecture
Related violations: <none>

TIMING-16#451 Warning
Large setup violation  
There is a large setup violation of -5.874 ns between native_system/digital/burst/accumulator_reg[6]/C (clocked by core132) and native_system/digital/serial/captured_reg[33]/D (clocked by core132). Large setup violations at the end of those stages might be difficult to fix during the post-placement implementation flow and could be the result of non-optimal XDC constraints or non-optimal design architecture
Related violations: <none>

TIMING-16#452 Warning
Large setup violation  
There is a large setup violation of -5.876 ns between native_system/digital/burst/accumulator_reg[6]/C (clocked by core132) and native_system/digital/serial/captured_reg[61]/D (clocked by core132). Large setup violations at the end of those stages might be difficult to fix during the post-placement implementation flow and could be the result of non-optimal XDC constraints or non-optimal design architecture
Related violations: <none>

TIMING-16#453 Warning
Large setup violation  
There is a large setup violation of -5.894 ns between native_system/digital/burst/accumulator_reg[6]/C (clocked by core132) and native_system/digital/serial/captured_reg[38]/D (clocked by core132). Large setup violations at the end of those stages might be difficult to fix during the post-placement implementation flow and could be the result of non-optimal XDC constraints or non-optimal design architecture
Related violations: <none>

TIMING-16#454 Warning
Large setup violation  
There is a large setup violation of -5.895 ns between native_system/digital/burst/accumulator_reg[6]/C (clocked by core132) and native_system/digital/serial/captured_reg[54]/D (clocked by core132). Large setup violations at the end of those stages might be difficult to fix during the post-placement implementation flow and could be the result of non-optimal XDC constraints or non-optimal design architecture
Related violations: <none>

TIMING-16#455 Warning
Large setup violation  
There is a large setup violation of -5.900 ns between native_system/digital/burst/accumulator_reg[6]/C (clocked by core132) and native_system/digital/serial/captured_reg[17]/D (clocked by core132). Large setup violations at the end of those stages might be difficult to fix during the post-placement implementation flow and could be the result of non-optimal XDC constraints or non-optimal design architecture
Related violations: <none>

TIMING-16#456 Warning
Large setup violation  
There is a large setup violation of -5.900 ns between native_system/digital/burst/accumulator_reg[6]/C (clocked by core132) and native_system/digital/serial/captured_reg[71]/D (clocked by core132). Large setup violations at the end of those stages might be difficult to fix during the post-placement implementation flow and could be the result of non-optimal XDC constraints or non-optimal design architecture
Related violations: <none>

TIMING-16#457 Warning
Large setup violation  
There is a large setup violation of -5.901 ns between native_system/digital/burst/accumulator_reg[6]/C (clocked by core132) and native_system/digital/serial/captured_reg[36]/D (clocked by core132). Large setup violations at the end of those stages might be difficult to fix during the post-placement implementation flow and could be the result of non-optimal XDC constraints or non-optimal design architecture
Related violations: <none>

TIMING-16#458 Warning
Large setup violation  
There is a large setup violation of -5.905 ns between native_system/digital/burst/accumulator_reg[6]/C (clocked by core132) and native_system/digital/serial/captured_reg[58]/D (clocked by core132). Large setup violations at the end of those stages might be difficult to fix during the post-placement implementation flow and could be the result of non-optimal XDC constraints or non-optimal design architecture
Related violations: <none>

TIMING-16#459 Warning
Large setup violation  
There is a large setup violation of -5.920 ns between native_system/digital/burst/accumulator_reg[6]/C (clocked by core132) and native_system/digital/serial/captured_reg[97]/D (clocked by core132). Large setup violations at the end of those stages might be difficult to fix during the post-placement implementation flow and could be the result of non-optimal XDC constraints or non-optimal design architecture
Related violations: <none>

TIMING-16#460 Warning
Large setup violation  
There is a large setup violation of -5.927 ns between native_system/digital/burst/accumulator_reg[6]/C (clocked by core132) and native_system/digital/serial/captured_reg[113]/D (clocked by core132). Large setup violations at the end of those stages might be difficult to fix during the post-placement implementation flow and could be the result of non-optimal XDC constraints or non-optimal design architecture
Related violations: <none>

TIMING-16#461 Warning
Large setup violation  
There is a large setup violation of -5.930 ns between native_system/digital/burst/accumulator_reg[6]/C (clocked by core132) and native_system/digital/serial/captured_reg[23]/D (clocked by core132). Large setup violations at the end of those stages might be difficult to fix during the post-placement implementation flow and could be the result of non-optimal XDC constraints or non-optimal design architecture
Related violations: <none>

TIMING-16#462 Warning
Large setup violation  
There is a large setup violation of -5.933 ns between native_system/digital/burst/accumulator_reg[6]/C (clocked by core132) and native_system/digital/serial/captured_reg[25]/D (clocked by core132). Large setup violations at the end of those stages might be difficult to fix during the post-placement implementation flow and could be the result of non-optimal XDC constraints or non-optimal design architecture
Related violations: <none>

TIMING-16#463 Warning
Large setup violation  
There is a large setup violation of -5.935 ns between native_system/digital/burst/accumulator_reg[6]/C (clocked by core132) and native_system/digital/serial/captured_reg[90]/D (clocked by core132). Large setup violations at the end of those stages might be difficult to fix during the post-placement implementation flow and could be the result of non-optimal XDC constraints or non-optimal design architecture
Related violations: <none>

TIMING-16#464 Warning
Large setup violation  
There is a large setup violation of -5.943 ns between native_system/digital/burst/accumulator_reg[6]/C (clocked by core132) and native_system/digital/serial/captured_reg[5]/D (clocked by core132). Large setup violations at the end of those stages might be difficult to fix during the post-placement implementation flow and could be the result of non-optimal XDC constraints or non-optimal design architecture
Related violations: <none>

TIMING-16#465 Warning
Large setup violation  
There is a large setup violation of -5.944 ns between native_system/digital/burst/accumulator_reg[6]/C (clocked by core132) and native_system/digital/serial/captured_reg[29]/D (clocked by core132). Large setup violations at the end of those stages might be difficult to fix during the post-placement implementation flow and could be the result of non-optimal XDC constraints or non-optimal design architecture
Related violations: <none>

TIMING-16#466 Warning
Large setup violation  
There is a large setup violation of -5.945 ns between native_system/digital/burst/accumulator_reg[6]/C (clocked by core132) and native_system/digital/serial/captured_reg[48]/D (clocked by core132). Large setup violations at the end of those stages might be difficult to fix during the post-placement implementation flow and could be the result of non-optimal XDC constraints or non-optimal design architecture
Related violations: <none>

TIMING-16#467 Warning
Large setup violation  
There is a large setup violation of -5.945 ns between native_system/digital/burst/accumulator_reg[6]/C (clocked by core132) and native_system/digital/serial/captured_reg[50]/D (clocked by core132). Large setup violations at the end of those stages might be difficult to fix during the post-placement implementation flow and could be the result of non-optimal XDC constraints or non-optimal design architecture
Related violations: <none>

TIMING-16#468 Warning
Large setup violation  
There is a large setup violation of -5.947 ns between native_system/digital/burst/accumulator_reg[6]/C (clocked by core132) and native_system/digital/serial/captured_reg[52]/D (clocked by core132). Large setup violations at the end of those stages might be difficult to fix during the post-placement implementation flow and could be the result of non-optimal XDC constraints or non-optimal design architecture
Related violations: <none>

TIMING-16#469 Warning
Large setup violation  
There is a large setup violation of -5.947 ns between native_system/digital/burst/accumulator_reg[6]/C (clocked by core132) and native_system/digital/serial/serial_data_reg[17]/D (clocked by core132). Large setup violations at the end of those stages might be difficult to fix during the post-placement implementation flow and could be the result of non-optimal XDC constraints or non-optimal design architecture
Related violations: <none>

TIMING-16#470 Warning
Large setup violation  
There is a large setup violation of -5.950 ns between native_system/digital/burst/accumulator_reg[6]/C (clocked by core132) and native_system/digital/serial/captured_reg[44]/D (clocked by core132). Large setup violations at the end of those stages might be difficult to fix during the post-placement implementation flow and could be the result of non-optimal XDC constraints or non-optimal design architecture
Related violations: <none>

TIMING-16#471 Warning
Large setup violation  
There is a large setup violation of -5.952 ns between native_system/digital/burst/accumulator_reg[6]/C (clocked by core132) and native_system/digital/serial/captured_reg[117]/D (clocked by core132). Large setup violations at the end of those stages might be difficult to fix during the post-placement implementation flow and could be the result of non-optimal XDC constraints or non-optimal design architecture
Related violations: <none>

TIMING-16#472 Warning
Large setup violation  
There is a large setup violation of -5.954 ns between native_system/digital/burst/accumulator_reg[6]/C (clocked by core132) and native_system/digital/serial/captured_reg[114]/D (clocked by core132). Large setup violations at the end of those stages might be difficult to fix during the post-placement implementation flow and could be the result of non-optimal XDC constraints or non-optimal design architecture
Related violations: <none>

TIMING-16#473 Warning
Large setup violation  
There is a large setup violation of -5.981 ns between native_system/digital/burst/accumulator_reg[6]/C (clocked by core132) and native_system/digital/serial/captured_reg[46]/D (clocked by core132). Large setup violations at the end of those stages might be difficult to fix during the post-placement implementation flow and could be the result of non-optimal XDC constraints or non-optimal design architecture
Related violations: <none>

TIMING-16#474 Warning
Large setup violation  
There is a large setup violation of -5.986 ns between native_system/digital/burst/accumulator_reg[6]/C (clocked by core132) and native_system/digital/serial/captured_reg[21]/D (clocked by core132). Large setup violations at the end of those stages might be difficult to fix during the post-placement implementation flow and could be the result of non-optimal XDC constraints or non-optimal design architecture
Related violations: <none>

TIMING-16#475 Warning
Large setup violation  
There is a large setup violation of -5.986 ns between native_system/digital/burst/accumulator_reg[6]/C (clocked by core132) and native_system/digital/serial/captured_reg[42]/D (clocked by core132). Large setup violations at the end of those stages might be difficult to fix during the post-placement implementation flow and could be the result of non-optimal XDC constraints or non-optimal design architecture
Related violations: <none>

TIMING-16#476 Warning
Large setup violation  
There is a large setup violation of -5.999 ns between native_system/digital/burst/accumulator_reg[6]/C (clocked by core132) and native_system/digital/serial/captured_reg[92]/D (clocked by core132). Large setup violations at the end of those stages might be difficult to fix during the post-placement implementation flow and could be the result of non-optimal XDC constraints or non-optimal design architecture
Related violations: <none>

TIMING-16#477 Warning
Large setup violation  
There is a large setup violation of -6.000 ns between native_system/digital/burst/accumulator_reg[6]/C (clocked by core132) and native_system/digital/serial/captured_reg[101]/D (clocked by core132). Large setup violations at the end of those stages might be difficult to fix during the post-placement implementation flow and could be the result of non-optimal XDC constraints or non-optimal design architecture
Related violations: <none>

TIMING-16#478 Warning
Large setup violation  
There is a large setup violation of -6.002 ns between native_system/digital/burst/accumulator_reg[6]/C (clocked by core132) and native_system/digital/serial/captured_reg[105]/D (clocked by core132). Large setup violations at the end of those stages might be difficult to fix during the post-placement implementation flow and could be the result of non-optimal XDC constraints or non-optimal design architecture
Related violations: <none>

TIMING-16#479 Warning
Large setup violation  
There is a large setup violation of -6.039 ns between native_system/digital/burst/accumulator_reg[6]/C (clocked by core132) and native_system/digital/serial/captured_reg[3]/D (clocked by core132). Large setup violations at the end of those stages might be difficult to fix during the post-placement implementation flow and could be the result of non-optimal XDC constraints or non-optimal design architecture
Related violations: <none>

TIMING-16#480 Warning
Large setup violation  
There is a large setup violation of -6.050 ns between native_system/digital/burst/accumulator_reg[6]/C (clocked by core132) and native_system/digital/serial/captured_reg[120]/D (clocked by core132). Large setup violations at the end of those stages might be difficult to fix during the post-placement implementation flow and could be the result of non-optimal XDC constraints or non-optimal design architecture
Related violations: <none>

TIMING-16#481 Warning
Large setup violation  
There is a large setup violation of -6.051 ns between native_system/digital/burst/accumulator_reg[6]/C (clocked by core132) and native_system/digital/serial/captured_reg[110]/D (clocked by core132). Large setup violations at the end of those stages might be difficult to fix during the post-placement implementation flow and could be the result of non-optimal XDC constraints or non-optimal design architecture
Related violations: <none>

TIMING-16#482 Warning
Large setup violation  
There is a large setup violation of -6.052 ns between native_system/digital/burst/accumulator_reg[6]/C (clocked by core132) and native_system/digital/serial/captured_reg[118]/D (clocked by core132). Large setup violations at the end of those stages might be difficult to fix during the post-placement implementation flow and could be the result of non-optimal XDC constraints or non-optimal design architecture
Related violations: <none>

TIMING-16#483 Warning
Large setup violation  
There is a large setup violation of -6.058 ns between native_system/digital/burst/accumulator_reg[6]/C (clocked by core132) and native_system/digital/serial/captured_reg[100]/D (clocked by core132). Large setup violations at the end of those stages might be difficult to fix during the post-placement implementation flow and could be the result of non-optimal XDC constraints or non-optimal design architecture
Related violations: <none>

TIMING-16#484 Warning
Large setup violation  
There is a large setup violation of -6.062 ns between native_system/digital/burst/accumulator_reg[6]/C (clocked by core132) and native_system/digital/serial/captured_reg[126]/D (clocked by core132). Large setup violations at the end of those stages might be difficult to fix during the post-placement implementation flow and could be the result of non-optimal XDC constraints or non-optimal design architecture
Related violations: <none>

TIMING-16#485 Warning
Large setup violation  
There is a large setup violation of -6.070 ns between native_system/digital/burst/accumulator_reg[6]/C (clocked by core132) and native_system/digital/serial/captured_reg[56]/D (clocked by core132). Large setup violations at the end of those stages might be difficult to fix during the post-placement implementation flow and could be the result of non-optimal XDC constraints or non-optimal design architecture
Related violations: <none>

TIMING-16#486 Warning
Large setup violation  
There is a large setup violation of -6.074 ns between native_system/digital/burst/accumulator_reg[6]/C (clocked by core132) and native_system/digital/serial/captured_reg[34]/D (clocked by core132). Large setup violations at the end of those stages might be difficult to fix during the post-placement implementation flow and could be the result of non-optimal XDC constraints or non-optimal design architecture
Related violations: <none>

TIMING-16#487 Warning
Large setup violation  
There is a large setup violation of -6.074 ns between native_system/digital/burst/accumulator_reg[6]/C (clocked by core132) and native_system/digital/serial/captured_reg[62]/D (clocked by core132). Large setup violations at the end of those stages might be difficult to fix during the post-placement implementation flow and could be the result of non-optimal XDC constraints or non-optimal design architecture
Related violations: <none>

TIMING-16#488 Warning
Large setup violation  
There is a large setup violation of -6.078 ns between native_system/digital/burst/accumulator_reg[6]/C (clocked by core132) and native_system/digital/serial/captured_reg[80]/D (clocked by core132). Large setup violations at the end of those stages might be difficult to fix during the post-placement implementation flow and could be the result of non-optimal XDC constraints or non-optimal design architecture
Related violations: <none>

TIMING-16#489 Warning
Large setup violation  
There is a large setup violation of -6.079 ns between native_system/digital/burst/accumulator_reg[6]/C (clocked by core132) and native_system/digital/serial/captured_reg[32]/D (clocked by core132). Large setup violations at the end of those stages might be difficult to fix during the post-placement implementation flow and could be the result of non-optimal XDC constraints or non-optimal design architecture
Related violations: <none>

TIMING-16#490 Warning
Large setup violation  
There is a large setup violation of -6.081 ns between native_system/digital/burst/accumulator_reg[6]/C (clocked by core132) and native_system/digital/serial/captured_reg[122]/D (clocked by core132). Large setup violations at the end of those stages might be difficult to fix during the post-placement implementation flow and could be the result of non-optimal XDC constraints or non-optimal design architecture
Related violations: <none>

TIMING-16#491 Warning
Large setup violation  
There is a large setup violation of -6.086 ns between native_system/digital/burst/accumulator_reg[6]/C (clocked by core132) and native_system/digital/serial/captured_reg[106]/D (clocked by core132). Large setup violations at the end of those stages might be difficult to fix during the post-placement implementation flow and could be the result of non-optimal XDC constraints or non-optimal design architecture
Related violations: <none>

TIMING-16#492 Warning
Large setup violation  
There is a large setup violation of -6.088 ns between native_system/digital/burst/accumulator_reg[6]/C (clocked by core132) and native_system/digital/serial/captured_reg[102]/D (clocked by core132). Large setup violations at the end of those stages might be difficult to fix during the post-placement implementation flow and could be the result of non-optimal XDC constraints or non-optimal design architecture
Related violations: <none>

TIMING-16#493 Warning
Large setup violation  
There is a large setup violation of -6.091 ns between native_system/digital/burst/accumulator_reg[6]/C (clocked by core132) and native_system/digital/serial/serial_data_reg[23]/D (clocked by core132). Large setup violations at the end of those stages might be difficult to fix during the post-placement implementation flow and could be the result of non-optimal XDC constraints or non-optimal design architecture
Related violations: <none>

TIMING-16#494 Warning
Large setup violation  
There is a large setup violation of -6.093 ns between native_system/digital/burst/accumulator_reg[6]/C (clocked by core132) and native_system/digital/serial/captured_reg[40]/D (clocked by core132). Large setup violations at the end of those stages might be difficult to fix during the post-placement implementation flow and could be the result of non-optimal XDC constraints or non-optimal design architecture
Related violations: <none>

TIMING-16#495 Warning
Large setup violation  
There is a large setup violation of -6.094 ns between native_system/digital/burst/accumulator_reg[6]/C (clocked by core132) and native_system/digital/serial/serial_data_reg[18]/D (clocked by core132). Large setup violations at the end of those stages might be difficult to fix during the post-placement implementation flow and could be the result of non-optimal XDC constraints or non-optimal design architecture
Related violations: <none>

TIMING-16#496 Warning
Large setup violation  
There is a large setup violation of -6.095 ns between native_system/digital/burst/accumulator_reg[6]/C (clocked by core132) and native_system/digital/serial/captured_reg[116]/D (clocked by core132). Large setup violations at the end of those stages might be difficult to fix during the post-placement implementation flow and could be the result of non-optimal XDC constraints or non-optimal design architecture
Related violations: <none>

TIMING-16#497 Warning
Large setup violation  
There is a large setup violation of -6.095 ns between native_system/digital/burst/accumulator_reg[6]/C (clocked by core132) and native_system/digital/serial/captured_reg[8]/D (clocked by core132). Large setup violations at the end of those stages might be difficult to fix during the post-placement implementation flow and could be the result of non-optimal XDC constraints or non-optimal design architecture
Related violations: <none>

TIMING-16#498 Warning
Large setup violation  
There is a large setup violation of -6.097 ns between native_system/digital/burst/accumulator_reg[6]/C (clocked by core132) and native_system/digital/serial/captured_reg[60]/D (clocked by core132). Large setup violations at the end of those stages might be difficult to fix during the post-placement implementation flow and could be the result of non-optimal XDC constraints or non-optimal design architecture
Related violations: <none>

TIMING-16#499 Warning
Large setup violation  
There is a large setup violation of -6.099 ns between native_system/digital/burst/accumulator_reg[6]/C (clocked by core132) and native_system/digital/serial/captured_reg[20]/D (clocked by core132). Large setup violations at the end of those stages might be difficult to fix during the post-placement implementation flow and could be the result of non-optimal XDC constraints or non-optimal design architecture
Related violations: <none>

TIMING-16#500 Warning
Large setup violation  
There is a large setup violation of -6.099 ns between native_system/digital/burst/accumulator_reg[6]/C (clocked by core132) and native_system/digital/serial/captured_reg[70]/D (clocked by core132). Large setup violations at the end of those stages might be difficult to fix during the post-placement implementation flow and could be the result of non-optimal XDC constraints or non-optimal design architecture
Related violations: <none>

TIMING-16#501 Warning
Large setup violation  
There is a large setup violation of -6.100 ns between native_system/digital/burst/accumulator_reg[6]/C (clocked by core132) and native_system/digital/serial/captured_reg[76]/D (clocked by core132). Large setup violations at the end of those stages might be difficult to fix during the post-placement implementation flow and could be the result of non-optimal XDC constraints or non-optimal design architecture
Related violations: <none>

TIMING-16#502 Warning
Large setup violation  
There is a large setup violation of -6.101 ns between native_system/digital/burst/accumulator_reg[6]/C (clocked by core132) and native_system/digital/serial/serial_data_reg[19]/D (clocked by core132). Large setup violations at the end of those stages might be difficult to fix during the post-placement implementation flow and could be the result of non-optimal XDC constraints or non-optimal design architecture
Related violations: <none>

TIMING-16#503 Warning
Large setup violation  
There is a large setup violation of -6.106 ns between native_system/digital/burst/accumulator_reg[6]/C (clocked by core132) and native_system/digital/serial/captured_reg[68]/D (clocked by core132). Large setup violations at the end of those stages might be difficult to fix during the post-placement implementation flow and could be the result of non-optimal XDC constraints or non-optimal design architecture
Related violations: <none>

TIMING-16#504 Warning
Large setup violation  
There is a large setup violation of -6.107 ns between native_system/digital/burst/accumulator_reg[6]/C (clocked by core132) and native_system/digital/serial/serial_data_reg[30]/D (clocked by core132). Large setup violations at the end of those stages might be difficult to fix during the post-placement implementation flow and could be the result of non-optimal XDC constraints or non-optimal design architecture
Related violations: <none>

TIMING-16#505 Warning
Large setup violation  
There is a large setup violation of -6.110 ns between native_system/digital/burst/accumulator_reg[6]/C (clocked by core132) and native_system/digital/serial/captured_reg[94]/D (clocked by core132). Large setup violations at the end of those stages might be difficult to fix during the post-placement implementation flow and could be the result of non-optimal XDC constraints or non-optimal design architecture
Related violations: <none>

TIMING-16#506 Warning
Large setup violation  
There is a large setup violation of -6.112 ns between native_system/digital/burst/accumulator_reg[6]/C (clocked by core132) and native_system/digital/serial/captured_reg[74]/D (clocked by core132). Large setup violations at the end of those stages might be difficult to fix during the post-placement implementation flow and could be the result of non-optimal XDC constraints or non-optimal design architecture
Related violations: <none>

TIMING-16#507 Warning
Large setup violation  
There is a large setup violation of -6.113 ns between native_system/digital/burst/accumulator_reg[6]/C (clocked by core132) and native_system/digital/serial/captured_reg[82]/D (clocked by core132). Large setup violations at the end of those stages might be difficult to fix during the post-placement implementation flow and could be the result of non-optimal XDC constraints or non-optimal design architecture
Related violations: <none>

TIMING-16#508 Warning
Large setup violation  
There is a large setup violation of -6.119 ns between native_system/digital/burst/accumulator_reg[6]/C (clocked by core132) and native_system/digital/serial/captured_reg[72]/D (clocked by core132). Large setup violations at the end of those stages might be difficult to fix during the post-placement implementation flow and could be the result of non-optimal XDC constraints or non-optimal design architecture
Related violations: <none>

TIMING-16#509 Warning
Large setup violation  
There is a large setup violation of -6.123 ns between native_system/digital/burst/accumulator_reg[6]/C (clocked by core132) and native_system/digital/serial/captured_reg[84]/D (clocked by core132). Large setup violations at the end of those stages might be difficult to fix during the post-placement implementation flow and could be the result of non-optimal XDC constraints or non-optimal design architecture
Related violations: <none>

TIMING-16#510 Warning
Large setup violation  
There is a large setup violation of -6.133 ns between native_system/digital/burst/accumulator_reg[6]/C (clocked by core132) and native_system/digital/serial/captured_reg[124]/D (clocked by core132). Large setup violations at the end of those stages might be difficult to fix during the post-placement implementation flow and could be the result of non-optimal XDC constraints or non-optimal design architecture
Related violations: <none>

TIMING-16#511 Warning
Large setup violation  
There is a large setup violation of -6.135 ns between native_system/digital/burst/accumulator_reg[6]/C (clocked by core132) and native_system/digital/serial/captured_reg[66]/D (clocked by core132). Large setup violations at the end of those stages might be difficult to fix during the post-placement implementation flow and could be the result of non-optimal XDC constraints or non-optimal design architecture
Related violations: <none>

TIMING-16#512 Warning
Large setup violation  
There is a large setup violation of -6.140 ns between native_system/digital/burst/accumulator_reg[6]/C (clocked by core132) and native_system/digital/serial/captured_reg[78]/D (clocked by core132). Large setup violations at the end of those stages might be difficult to fix during the post-placement implementation flow and could be the result of non-optimal XDC constraints or non-optimal design architecture
Related violations: <none>

TIMING-16#513 Warning
Large setup violation  
There is a large setup violation of -6.145 ns between native_system/digital/burst/accumulator_reg[6]/C (clocked by core132) and native_system/digital/serial/captured_reg[64]/D (clocked by core132). Large setup violations at the end of those stages might be difficult to fix during the post-placement implementation flow and could be the result of non-optimal XDC constraints or non-optimal design architecture
Related violations: <none>

TIMING-16#514 Warning
Large setup violation  
There is a large setup violation of -6.145 ns between native_system/digital/burst/accumulator_reg[6]/C (clocked by core132) and native_system/digital/serial/captured_reg[6]/D (clocked by core132). Large setup violations at the end of those stages might be difficult to fix during the post-placement implementation flow and could be the result of non-optimal XDC constraints or non-optimal design architecture
Related violations: <none>

TIMING-16#515 Warning
Large setup violation  
There is a large setup violation of -6.150 ns between native_system/digital/burst/accumulator_reg[6]/C (clocked by core132) and native_system/digital/serial/captured_reg[26]/D (clocked by core132). Large setup violations at the end of those stages might be difficult to fix during the post-placement implementation flow and could be the result of non-optimal XDC constraints or non-optimal design architecture
Related violations: <none>

TIMING-16#516 Warning
Large setup violation  
There is a large setup violation of -6.163 ns between native_system/digital/burst/accumulator_reg[6]/C (clocked by core132) and native_system/digital/serial/serial_data_reg[8]/D (clocked by core132). Large setup violations at the end of those stages might be difficult to fix during the post-placement implementation flow and could be the result of non-optimal XDC constraints or non-optimal design architecture
Related violations: <none>

TIMING-16#517 Warning
Large setup violation  
There is a large setup violation of -6.183 ns between native_system/digital/burst/accumulator_reg[6]/C (clocked by core132) and native_system/digital/serial/captured_reg[88]/D (clocked by core132). Large setup violations at the end of those stages might be difficult to fix during the post-placement implementation flow and could be the result of non-optimal XDC constraints or non-optimal design architecture
Related violations: <none>

TIMING-16#518 Warning
Large setup violation  
There is a large setup violation of -6.188 ns between native_system/digital/burst/accumulator_reg[6]/C (clocked by core132) and native_system/digital/serial/captured_reg[86]/D (clocked by core132). Large setup violations at the end of those stages might be difficult to fix during the post-placement implementation flow and could be the result of non-optimal XDC constraints or non-optimal design architecture
Related violations: <none>

TIMING-16#519 Warning
Large setup violation  
There is a large setup violation of -6.192 ns between native_system/digital/burst/accumulator_reg[6]/C (clocked by core132) and native_system/digital/serial/serial_data_reg[25]/D (clocked by core132). Large setup violations at the end of those stages might be difficult to fix during the post-placement implementation flow and could be the result of non-optimal XDC constraints or non-optimal design architecture
Related violations: <none>

TIMING-16#520 Warning
Large setup violation  
There is a large setup violation of -6.192 ns between native_system/digital/burst/accumulator_reg[6]/C (clocked by core132) and native_system/digital/serial/serial_data_reg[26]/D (clocked by core132). Large setup violations at the end of those stages might be difficult to fix during the post-placement implementation flow and could be the result of non-optimal XDC constraints or non-optimal design architecture
Related violations: <none>

TIMING-16#521 Warning
Large setup violation  
There is a large setup violation of -6.203 ns between native_system/digital/burst/accumulator_reg[6]/C (clocked by core132) and native_system/digital/serial/captured_reg[83]/D (clocked by core132). Large setup violations at the end of those stages might be difficult to fix during the post-placement implementation flow and could be the result of non-optimal XDC constraints or non-optimal design architecture
Related violations: <none>

TIMING-16#522 Warning
Large setup violation  
There is a large setup violation of -6.209 ns between native_system/digital/burst/accumulator_reg[6]/C (clocked by core132) and native_system/digital/serial/serial_data_reg[1]/D (clocked by core132). Large setup violations at the end of those stages might be difficult to fix during the post-placement implementation flow and could be the result of non-optimal XDC constraints or non-optimal design architecture
Related violations: <none>

TIMING-16#523 Warning
Large setup violation  
There is a large setup violation of -6.213 ns between native_system/digital/burst/accumulator_reg[6]/C (clocked by core132) and native_system/digital/serial/serial_data_reg[20]/D (clocked by core132). Large setup violations at the end of those stages might be difficult to fix during the post-placement implementation flow and could be the result of non-optimal XDC constraints or non-optimal design architecture
Related violations: <none>

TIMING-16#524 Warning
Large setup violation  
There is a large setup violation of -6.214 ns between native_system/digital/burst/accumulator_reg[6]/C (clocked by core132) and native_system/digital/serial/captured_reg[63]/D (clocked by core132). Large setup violations at the end of those stages might be difficult to fix during the post-placement implementation flow and could be the result of non-optimal XDC constraints or non-optimal design architecture
Related violations: <none>

TIMING-16#525 Warning
Large setup violation  
There is a large setup violation of -6.216 ns between native_system/digital/burst/accumulator_reg[6]/C (clocked by core132) and native_system/digital/serial/captured_reg[51]/D (clocked by core132). Large setup violations at the end of those stages might be difficult to fix during the post-placement implementation flow and could be the result of non-optimal XDC constraints or non-optimal design architecture
Related violations: <none>

TIMING-16#526 Warning
Large setup violation  
There is a large setup violation of -6.218 ns between native_system/digital/burst/accumulator_reg[6]/C (clocked by core132) and native_system/digital/serial/captured_reg[123]/D (clocked by core132). Large setup violations at the end of those stages might be difficult to fix during the post-placement implementation flow and could be the result of non-optimal XDC constraints or non-optimal design architecture
Related violations: <none>

TIMING-16#527 Warning
Large setup violation  
There is a large setup violation of -6.220 ns between native_system/digital/burst/accumulator_reg[6]/C (clocked by core132) and native_system/digital/serial/captured_reg[79]/D (clocked by core132). Large setup violations at the end of those stages might be difficult to fix during the post-placement implementation flow and could be the result of non-optimal XDC constraints or non-optimal design architecture
Related violations: <none>

TIMING-16#528 Warning
Large setup violation  
There is a large setup violation of -6.229 ns between native_system/digital/burst/accumulator_reg[6]/C (clocked by core132) and native_system/digital/serial/serial_data_reg[6]/D (clocked by core132). Large setup violations at the end of those stages might be difficult to fix during the post-placement implementation flow and could be the result of non-optimal XDC constraints or non-optimal design architecture
Related violations: <none>

TIMING-16#529 Warning
Large setup violation  
There is a large setup violation of -6.230 ns between native_system/digital/burst/accumulator_reg[6]/C (clocked by core132) and native_system/digital/serial/captured_reg[19]/D (clocked by core132). Large setup violations at the end of those stages might be difficult to fix during the post-placement implementation flow and could be the result of non-optimal XDC constraints or non-optimal design architecture
Related violations: <none>

TIMING-16#530 Warning
Large setup violation  
There is a large setup violation of -6.231 ns between native_system/digital/burst/accumulator_reg[6]/C (clocked by core132) and native_system/digital/serial/captured_reg[39]/D (clocked by core132). Large setup violations at the end of those stages might be difficult to fix during the post-placement implementation flow and could be the result of non-optimal XDC constraints or non-optimal design architecture
Related violations: <none>

TIMING-16#531 Warning
Large setup violation  
There is a large setup violation of -6.234 ns between native_system/digital/burst/accumulator_reg[6]/C (clocked by core132) and native_system/digital/serial/captured_reg[112]/D (clocked by core132). Large setup violations at the end of those stages might be difficult to fix during the post-placement implementation flow and could be the result of non-optimal XDC constraints or non-optimal design architecture
Related violations: <none>

TIMING-16#532 Warning
Large setup violation  
There is a large setup violation of -6.236 ns between native_system/digital/burst/accumulator_reg[6]/C (clocked by core132) and native_system/digital/serial/captured_reg[108]/D (clocked by core132). Large setup violations at the end of those stages might be difficult to fix during the post-placement implementation flow and could be the result of non-optimal XDC constraints or non-optimal design architecture
Related violations: <none>

TIMING-16#533 Warning
Large setup violation  
There is a large setup violation of -6.238 ns between native_system/digital/burst/accumulator_reg[6]/C (clocked by core132) and native_system/digital/serial/captured_reg[115]/D (clocked by core132). Large setup violations at the end of those stages might be difficult to fix during the post-placement implementation flow and could be the result of non-optimal XDC constraints or non-optimal design architecture
Related violations: <none>

TIMING-16#534 Warning
Large setup violation  
There is a large setup violation of -6.238 ns between native_system/digital/burst/accumulator_reg[6]/C (clocked by core132) and native_system/digital/serial/captured_reg[18]/D (clocked by core132). Large setup violations at the end of those stages might be difficult to fix during the post-placement implementation flow and could be the result of non-optimal XDC constraints or non-optimal design architecture
Related violations: <none>

TIMING-16#535 Warning
Large setup violation  
There is a large setup violation of -6.239 ns between native_system/digital/burst/accumulator_reg[6]/C (clocked by core132) and native_system/digital/serial/captured_reg[104]/D (clocked by core132). Large setup violations at the end of those stages might be difficult to fix during the post-placement implementation flow and could be the result of non-optimal XDC constraints or non-optimal design architecture
Related violations: <none>

TIMING-16#536 Warning
Large setup violation  
There is a large setup violation of -6.242 ns between native_system/digital/burst/accumulator_reg[6]/C (clocked by core132) and native_system/digital/serial/captured_reg[91]/D (clocked by core132). Large setup violations at the end of those stages might be difficult to fix during the post-placement implementation flow and could be the result of non-optimal XDC constraints or non-optimal design architecture
Related violations: <none>

TIMING-16#537 Warning
Large setup violation  
There is a large setup violation of -6.242 ns between native_system/digital/burst/accumulator_reg[6]/C (clocked by core132) and native_system/digital/serial/captured_reg[96]/D (clocked by core132). Large setup violations at the end of those stages might be difficult to fix during the post-placement implementation flow and could be the result of non-optimal XDC constraints or non-optimal design architecture
Related violations: <none>

TIMING-16#538 Warning
Large setup violation  
There is a large setup violation of -6.243 ns between native_system/digital/burst/accumulator_reg[6]/C (clocked by core132) and native_system/digital/serial/captured_reg[16]/D (clocked by core132). Large setup violations at the end of those stages might be difficult to fix during the post-placement implementation flow and could be the result of non-optimal XDC constraints or non-optimal design architecture
Related violations: <none>

TIMING-16#539 Warning
Large setup violation  
There is a large setup violation of -6.243 ns between native_system/digital/burst/accumulator_reg[6]/C (clocked by core132) and native_system/digital/serial/serial_data_reg[24]/D (clocked by core132). Large setup violations at the end of those stages might be difficult to fix during the post-placement implementation flow and could be the result of non-optimal XDC constraints or non-optimal design architecture
Related violations: <none>

TIMING-16#540 Warning
Large setup violation  
There is a large setup violation of -6.243 ns between native_system/digital/burst/accumulator_reg[6]/C (clocked by core132) and native_system/digital/serial/serial_data_reg[27]/D (clocked by core132). Large setup violations at the end of those stages might be difficult to fix during the post-placement implementation flow and could be the result of non-optimal XDC constraints or non-optimal design architecture
Related violations: <none>

TIMING-16#541 Warning
Large setup violation  
There is a large setup violation of -6.244 ns between native_system/digital/burst/accumulator_reg[6]/C (clocked by core132) and native_system/digital/serial/captured_reg[2]/D (clocked by core132). Large setup violations at the end of those stages might be difficult to fix during the post-placement implementation flow and could be the result of non-optimal XDC constraints or non-optimal design architecture
Related violations: <none>

TIMING-16#542 Warning
Large setup violation  
There is a large setup violation of -6.244 ns between native_system/digital/burst/accumulator_reg[6]/C (clocked by core132) and native_system/digital/serial/captured_reg[4]/D (clocked by core132). Large setup violations at the end of those stages might be difficult to fix during the post-placement implementation flow and could be the result of non-optimal XDC constraints or non-optimal design architecture
Related violations: <none>

TIMING-16#543 Warning
Large setup violation  
There is a large setup violation of -6.244 ns between native_system/digital/burst/accumulator_reg[6]/C (clocked by core132) and native_system/digital/serial/captured_reg[98]/D (clocked by core132). Large setup violations at the end of those stages might be difficult to fix during the post-placement implementation flow and could be the result of non-optimal XDC constraints or non-optimal design architecture
Related violations: <none>

TIMING-16#544 Warning
Large setup violation  
There is a large setup violation of -6.246 ns between native_system/digital/burst/accumulator_reg[6]/C (clocked by core132) and native_system/digital/serial/captured_reg[0]/D (clocked by core132). Large setup violations at the end of those stages might be difficult to fix during the post-placement implementation flow and could be the result of non-optimal XDC constraints or non-optimal design architecture
Related violations: <none>

TIMING-16#545 Warning
Large setup violation  
There is a large setup violation of -6.246 ns between native_system/digital/burst/accumulator_reg[6]/C (clocked by core132) and native_system/digital/serial/captured_reg[14]/D (clocked by core132). Large setup violations at the end of those stages might be difficult to fix during the post-placement implementation flow and could be the result of non-optimal XDC constraints or non-optimal design architecture
Related violations: <none>

TIMING-16#546 Warning
Large setup violation  
There is a large setup violation of -6.246 ns between native_system/digital/burst/accumulator_reg[6]/C (clocked by core132) and native_system/digital/serial/captured_reg[28]/D (clocked by core132). Large setup violations at the end of those stages might be difficult to fix during the post-placement implementation flow and could be the result of non-optimal XDC constraints or non-optimal design architecture
Related violations: <none>

TIMING-16#547 Warning
Large setup violation  
There is a large setup violation of -6.248 ns between native_system/digital/burst/accumulator_reg[6]/C (clocked by core132) and native_system/digital/serial/captured_reg[30]/D (clocked by core132). Large setup violations at the end of those stages might be difficult to fix during the post-placement implementation flow and could be the result of non-optimal XDC constraints or non-optimal design architecture
Related violations: <none>

TIMING-16#548 Warning
Large setup violation  
There is a large setup violation of -6.249 ns between native_system/digital/burst/accumulator_reg[6]/C (clocked by core132) and native_system/digital/serial/captured_reg[12]/D (clocked by core132). Large setup violations at the end of those stages might be difficult to fix during the post-placement implementation flow and could be the result of non-optimal XDC constraints or non-optimal design architecture
Related violations: <none>

TIMING-16#549 Warning
Large setup violation  
There is a large setup violation of -6.251 ns between native_system/digital/burst/accumulator_reg[6]/C (clocked by core132) and native_system/digital/serial/captured_reg[10]/D (clocked by core132). Large setup violations at the end of those stages might be difficult to fix during the post-placement implementation flow and could be the result of non-optimal XDC constraints or non-optimal design architecture
Related violations: <none>

TIMING-16#550 Warning
Large setup violation  
There is a large setup violation of -6.251 ns between native_system/digital/burst/accumulator_reg[6]/C (clocked by core132) and native_system/digital/serial/captured_reg[22]/D (clocked by core132). Large setup violations at the end of those stages might be difficult to fix during the post-placement implementation flow and could be the result of non-optimal XDC constraints or non-optimal design architecture
Related violations: <none>

TIMING-16#551 Warning
Large setup violation  
There is a large setup violation of -6.251 ns between native_system/digital/burst/accumulator_reg[6]/C (clocked by core132) and native_system/digital/serial/serial_data_reg[31]/D (clocked by core132). Large setup violations at the end of those stages might be difficult to fix during the post-placement implementation flow and could be the result of non-optimal XDC constraints or non-optimal design architecture
Related violations: <none>

TIMING-16#552 Warning
Large setup violation  
There is a large setup violation of -6.257 ns between native_system/digital/burst/accumulator_reg[6]/C (clocked by core132) and native_system/digital/serial/serial_data_reg[22]/D (clocked by core132). Large setup violations at the end of those stages might be difficult to fix during the post-placement implementation flow and could be the result of non-optimal XDC constraints or non-optimal design architecture
Related violations: <none>

TIMING-16#553 Warning
Large setup violation  
There is a large setup violation of -6.266 ns between native_system/digital/burst/accumulator_reg[6]/C (clocked by core132) and native_system/digital/serial/serial_data_reg[21]/D (clocked by core132). Large setup violations at the end of those stages might be difficult to fix during the post-placement implementation flow and could be the result of non-optimal XDC constraints or non-optimal design architecture
Related violations: <none>

TIMING-16#554 Warning
Large setup violation  
There is a large setup violation of -6.281 ns between native_system/digital/burst/accumulator_reg[6]/C (clocked by core132) and native_system/digital/serial/serial_data_reg[9]/D (clocked by core132). Large setup violations at the end of those stages might be difficult to fix during the post-placement implementation flow and could be the result of non-optimal XDC constraints or non-optimal design architecture
Related violations: <none>

TIMING-16#555 Warning
Large setup violation  
There is a large setup violation of -6.284 ns between native_system/digital/burst/accumulator_reg[6]/C (clocked by core132) and native_system/digital/serial/captured_reg[35]/D (clocked by core132). Large setup violations at the end of those stages might be difficult to fix during the post-placement implementation flow and could be the result of non-optimal XDC constraints or non-optimal design architecture
Related violations: <none>

TIMING-16#556 Warning
Large setup violation  
There is a large setup violation of -6.287 ns between native_system/digital/burst/accumulator_reg[6]/C (clocked by core132) and native_system/digital/serial/captured_reg[24]/D (clocked by core132). Large setup violations at the end of those stages might be difficult to fix during the post-placement implementation flow and could be the result of non-optimal XDC constraints or non-optimal design architecture
Related violations: <none>

TIMING-16#557 Warning
Large setup violation  
There is a large setup violation of -6.291 ns between native_system/digital/burst/accumulator_reg[6]/C (clocked by core132) and native_system/digital/serial/captured_reg[95]/D (clocked by core132). Large setup violations at the end of those stages might be difficult to fix during the post-placement implementation flow and could be the result of non-optimal XDC constraints or non-optimal design architecture
Related violations: <none>

TIMING-16#558 Warning
Large setup violation  
There is a large setup violation of -6.295 ns between native_system/digital/burst/accumulator_reg[6]/C (clocked by core132) and native_system/digital/serial/serial_data_reg[12]/D (clocked by core132). Large setup violations at the end of those stages might be difficult to fix during the post-placement implementation flow and could be the result of non-optimal XDC constraints or non-optimal design architecture
Related violations: <none>

TIMING-16#559 Warning
Large setup violation  
There is a large setup violation of -6.304 ns between native_system/digital/burst/accumulator_reg[6]/C (clocked by core132) and native_system/digital/serial/captured_reg[55]/D (clocked by core132). Large setup violations at the end of those stages might be difficult to fix during the post-placement implementation flow and could be the result of non-optimal XDC constraints or non-optimal design architecture
Related violations: <none>

TIMING-16#560 Warning
Large setup violation  
There is a large setup violation of -6.327 ns between native_system/digital/burst/accumulator_reg[6]/C (clocked by core132) and native_system/digital/serial/serial_data_reg[4]/D (clocked by core132). Large setup violations at the end of those stages might be difficult to fix during the post-placement implementation flow and could be the result of non-optimal XDC constraints or non-optimal design architecture
Related violations: <none>

TIMING-16#561 Warning
Large setup violation  
There is a large setup violation of -6.340 ns between native_system/digital/burst/accumulator_reg[6]/C (clocked by core132) and native_system/digital/serial/captured_reg[27]/D (clocked by core132). Large setup violations at the end of those stages might be difficult to fix during the post-placement implementation flow and could be the result of non-optimal XDC constraints or non-optimal design architecture
Related violations: <none>

TIMING-16#562 Warning
Large setup violation  
There is a large setup violation of -6.343 ns between native_system/digital/burst/accumulator_reg[6]/C (clocked by core132) and native_system/digital/serial/captured_reg[31]/D (clocked by core132). Large setup violations at the end of those stages might be difficult to fix during the post-placement implementation flow and could be the result of non-optimal XDC constraints or non-optimal design architecture
Related violations: <none>

TIMING-16#563 Warning
Large setup violation  
There is a large setup violation of -6.345 ns between native_system/digital/burst/accumulator_reg[6]/C (clocked by core132) and native_system/digital/serial/serial_data_reg[10]/D (clocked by core132). Large setup violations at the end of those stages might be difficult to fix during the post-placement implementation flow and could be the result of non-optimal XDC constraints or non-optimal design architecture
Related violations: <none>

TIMING-16#564 Warning
Large setup violation  
There is a large setup violation of -6.352 ns between native_system/digital/burst/accumulator_reg[6]/C (clocked by core132) and native_system/digital/serial/serial_data_reg[5]/D (clocked by core132). Large setup violations at the end of those stages might be difficult to fix during the post-placement implementation flow and could be the result of non-optimal XDC constraints or non-optimal design architecture
Related violations: <none>

TIMING-16#565 Warning
Large setup violation  
There is a large setup violation of -6.353 ns between native_system/digital/burst/accumulator_reg[6]/C (clocked by core132) and native_system/digital/serial/captured_reg[119]/D (clocked by core132). Large setup violations at the end of those stages might be difficult to fix during the post-placement implementation flow and could be the result of non-optimal XDC constraints or non-optimal design architecture
Related violations: <none>

TIMING-16#566 Warning
Large setup violation  
There is a large setup violation of -6.355 ns between native_system/digital/burst/accumulator_reg[6]/C (clocked by core132) and native_system/digital/serial/captured_reg[15]/D (clocked by core132). Large setup violations at the end of those stages might be difficult to fix during the post-placement implementation flow and could be the result of non-optimal XDC constraints or non-optimal design architecture
Related violations: <none>

TIMING-16#567 Warning
Large setup violation  
There is a large setup violation of -6.360 ns between native_system/digital/burst/accumulator_reg[6]/C (clocked by core132) and native_system/digital/serial/serial_data_reg[29]/D (clocked by core132). Large setup violations at the end of those stages might be difficult to fix during the post-placement implementation flow and could be the result of non-optimal XDC constraints or non-optimal design architecture
Related violations: <none>

TIMING-16#568 Warning
Large setup violation  
There is a large setup violation of -6.367 ns between native_system/digital/burst/accumulator_reg[6]/C (clocked by core132) and native_system/digital/serial/serial_data_reg[3]/D (clocked by core132). Large setup violations at the end of those stages might be difficult to fix during the post-placement implementation flow and could be the result of non-optimal XDC constraints or non-optimal design architecture
Related violations: <none>

TIMING-16#569 Warning
Large setup violation  
There is a large setup violation of -6.370 ns between native_system/digital/burst/accumulator_reg[6]/C (clocked by core132) and native_system/digital/serial/captured_reg[7]/D (clocked by core132). Large setup violations at the end of those stages might be difficult to fix during the post-placement implementation flow and could be the result of non-optimal XDC constraints or non-optimal design architecture
Related violations: <none>

TIMING-16#570 Warning
Large setup violation  
There is a large setup violation of -6.370 ns between native_system/digital/burst/accumulator_reg[6]/C (clocked by core132) and native_system/digital/serial/serial_data_reg[16]/D (clocked by core132). Large setup violations at the end of those stages might be difficult to fix during the post-placement implementation flow and could be the result of non-optimal XDC constraints or non-optimal design architecture
Related violations: <none>

TIMING-16#571 Warning
Large setup violation  
There is a large setup violation of -6.377 ns between native_system/digital/burst/accumulator_reg[6]/C (clocked by core132) and native_system/digital/serial/serial_data_reg[13]/D (clocked by core132). Large setup violations at the end of those stages might be difficult to fix during the post-placement implementation flow and could be the result of non-optimal XDC constraints or non-optimal design architecture
Related violations: <none>

TIMING-16#572 Warning
Large setup violation  
There is a large setup violation of -6.380 ns between native_system/digital/burst/accumulator_reg[6]/C (clocked by core132) and native_system/digital/serial/captured_reg[111]/D (clocked by core132). Large setup violations at the end of those stages might be difficult to fix during the post-placement implementation flow and could be the result of non-optimal XDC constraints or non-optimal design architecture
Related violations: <none>

TIMING-16#573 Warning
Large setup violation  
There is a large setup violation of -6.383 ns between native_system/digital/burst/accumulator_reg[6]/C (clocked by core132) and native_system/digital/serial/captured_reg[99]/D (clocked by core132). Large setup violations at the end of those stages might be difficult to fix during the post-placement implementation flow and could be the result of non-optimal XDC constraints or non-optimal design architecture
Related violations: <none>

TIMING-16#574 Warning
Large setup violation  
There is a large setup violation of -6.383 ns between native_system/digital/burst/accumulator_reg[6]/C (clocked by core132) and native_system/digital/serial/serial_data_reg[7]/D (clocked by core132). Large setup violations at the end of those stages might be difficult to fix during the post-placement implementation flow and could be the result of non-optimal XDC constraints or non-optimal design architecture
Related violations: <none>

TIMING-16#575 Warning
Large setup violation  
There is a large setup violation of -6.387 ns between native_system/digital/burst/accumulator_reg[6]/C (clocked by core132) and native_system/digital/serial/captured_reg[47]/D (clocked by core132). Large setup violations at the end of those stages might be difficult to fix during the post-placement implementation flow and could be the result of non-optimal XDC constraints or non-optimal design architecture
Related violations: <none>

TIMING-16#576 Warning
Large setup violation  
There is a large setup violation of -6.387 ns between native_system/digital/burst/accumulator_reg[6]/C (clocked by core132) and native_system/digital/serial/serial_data_reg[2]/D (clocked by core132). Large setup violations at the end of those stages might be difficult to fix during the post-placement implementation flow and could be the result of non-optimal XDC constraints or non-optimal design architecture
Related violations: <none>

TIMING-16#577 Warning
Large setup violation  
There is a large setup violation of -6.396 ns between native_system/digital/burst/accumulator_reg[6]/C (clocked by core132) and native_system/digital/serial/captured_reg[11]/D (clocked by core132). Large setup violations at the end of those stages might be difficult to fix during the post-placement implementation flow and could be the result of non-optimal XDC constraints or non-optimal design architecture
Related violations: <none>

TIMING-16#578 Warning
Large setup violation  
There is a large setup violation of -6.399 ns between native_system/digital/burst/accumulator_reg[6]/C (clocked by core132) and native_system/digital/serial/captured_reg[43]/D (clocked by core132). Large setup violations at the end of those stages might be difficult to fix during the post-placement implementation flow and could be the result of non-optimal XDC constraints or non-optimal design architecture
Related violations: <none>

TIMING-16#579 Warning
Large setup violation  
There is a large setup violation of -6.406 ns between native_system/digital/burst/accumulator_reg[6]/C (clocked by core132) and native_system/digital/serial/captured_reg[59]/D (clocked by core132). Large setup violations at the end of those stages might be difficult to fix during the post-placement implementation flow and could be the result of non-optimal XDC constraints or non-optimal design architecture
Related violations: <none>

TIMING-16#580 Warning
Large setup violation  
There is a large setup violation of -6.408 ns between native_system/digital/burst/accumulator_reg[6]/C (clocked by core132) and native_system/digital/serial/captured_reg[87]/D (clocked by core132). Large setup violations at the end of those stages might be difficult to fix during the post-placement implementation flow and could be the result of non-optimal XDC constraints or non-optimal design architecture
Related violations: <none>

TIMING-16#581 Warning
Large setup violation  
There is a large setup violation of -6.408 ns between native_system/digital/burst/accumulator_reg[6]/C (clocked by core132) and native_system/digital/serial/serial_data_reg[28]/D (clocked by core132). Large setup violations at the end of those stages might be difficult to fix during the post-placement implementation flow and could be the result of non-optimal XDC constraints or non-optimal design architecture
Related violations: <none>

TIMING-16#582 Warning
Large setup violation  
There is a large setup violation of -6.409 ns between native_system/digital/burst/accumulator_reg[6]/C (clocked by core132) and native_system/digital/serial/captured_reg[67]/D (clocked by core132). Large setup violations at the end of those stages might be difficult to fix during the post-placement implementation flow and could be the result of non-optimal XDC constraints or non-optimal design architecture
Related violations: <none>

TIMING-16#583 Warning
Large setup violation  
There is a large setup violation of -6.416 ns between native_system/digital/burst/accumulator_reg[6]/C (clocked by core132) and native_system/digital/serial/serial_data_reg[15]/D (clocked by core132). Large setup violations at the end of those stages might be difficult to fix during the post-placement implementation flow and could be the result of non-optimal XDC constraints or non-optimal design architecture
Related violations: <none>

TIMING-16#584 Warning
Large setup violation  
There is a large setup violation of -6.420 ns between native_system/digital/burst/accumulator_reg[6]/C (clocked by core132) and native_system/digital/serial/captured_reg[103]/D (clocked by core132). Large setup violations at the end of those stages might be difficult to fix during the post-placement implementation flow and could be the result of non-optimal XDC constraints or non-optimal design architecture
Related violations: <none>

TIMING-16#585 Warning
Large setup violation  
There is a large setup violation of -6.421 ns between native_system/digital/burst/accumulator_reg[6]/C (clocked by core132) and native_system/digital/serial/serial_data_reg[11]/D (clocked by core132). Large setup violations at the end of those stages might be difficult to fix during the post-placement implementation flow and could be the result of non-optimal XDC constraints or non-optimal design architecture
Related violations: <none>

TIMING-16#586 Warning
Large setup violation  
There is a large setup violation of -6.433 ns between native_system/digital/burst/accumulator_reg[6]/C (clocked by core132) and native_system/digital/serial/serial_data_reg[14]/D (clocked by core132). Large setup violations at the end of those stages might be difficult to fix during the post-placement implementation flow and could be the result of non-optimal XDC constraints or non-optimal design architecture
Related violations: <none>

TIMING-16#587 Warning
Large setup violation  
There is a large setup violation of -6.466 ns between native_system/digital/burst/accumulator_reg[6]/C (clocked by core132) and native_system/digital/serial/serial_data_reg[0]/D (clocked by core132). Large setup violations at the end of those stages might be difficult to fix during the post-placement implementation flow and could be the result of non-optimal XDC constraints or non-optimal design architecture
Related violations: <none>

TIMING-18#1 Warning
Missing input or output delay  
An input delay is missing on adc_busy relative to the rising and/or falling clock edge(s) of core132.
Related violations: <none>

TIMING-18#2 Warning
Missing input or output delay  
An input delay is missing on adc_dout[0] relative to the rising and/or falling clock edge(s) of core132.
Related violations: <none>

TIMING-18#3 Warning
Missing input or output delay  
An input delay is missing on adc_dout[1] relative to the rising and/or falling clock edge(s) of core132.
Related violations: <none>

TIMING-18#4 Warning
Missing input or output delay  
An input delay is missing on adc_dout[2] relative to the rising and/or falling clock edge(s) of core132.
Related violations: <none>

TIMING-18#5 Warning
Missing input or output delay  
An input delay is missing on adc_dout[3] relative to the rising and/or falling clock edge(s) of core132.
Related violations: <none>

TIMING-18#6 Warning
Missing input or output delay  
An input delay is missing on frame_data[0] relative to the rising and/or falling clock edge(s) of core132.
Related violations: <none>

TIMING-18#7 Warning
Missing input or output delay  
An input delay is missing on frame_data[1000] relative to the rising and/or falling clock edge(s) of core132.
Related violations: <none>

TIMING-18#8 Warning
Missing input or output delay  
An input delay is missing on frame_data[1001] relative to the rising and/or falling clock edge(s) of core132.
Related violations: <none>

TIMING-18#9 Warning
Missing input or output delay  
An input delay is missing on frame_data[1002] relative to the rising and/or falling clock edge(s) of core132.
Related violations: <none>

TIMING-18#10 Warning
Missing input or output delay  
An input delay is missing on frame_data[1003] relative to the rising and/or falling clock edge(s) of core132.
Related violations: <none>

TIMING-18#11 Warning
Missing input or output delay  
An input delay is missing on frame_data[1004] relative to the rising and/or falling clock edge(s) of core132.
Related violations: <none>

TIMING-18#12 Warning
Missing input or output delay  
An input delay is missing on frame_data[1005] relative to the rising and/or falling clock edge(s) of core132.
Related violations: <none>

TIMING-18#13 Warning
Missing input or output delay  
An input delay is missing on frame_data[1006] relative to the rising and/or falling clock edge(s) of core132.
Related violations: <none>

TIMING-18#14 Warning
Missing input or output delay  
An input delay is missing on frame_data[1007] relative to the rising and/or falling clock edge(s) of core132.
Related violations: <none>

TIMING-18#15 Warning
Missing input or output delay  
An input delay is missing on frame_data[1008] relative to the rising and/or falling clock edge(s) of core132.
Related violations: <none>

TIMING-18#16 Warning
Missing input or output delay  
An input delay is missing on frame_data[1009] relative to the rising and/or falling clock edge(s) of core132.
Related violations: <none>

TIMING-18#17 Warning
Missing input or output delay  
An input delay is missing on frame_data[100] relative to the rising and/or falling clock edge(s) of core132.
Related violations: <none>

TIMING-18#18 Warning
Missing input or output delay  
An input delay is missing on frame_data[1010] relative to the rising and/or falling clock edge(s) of core132.
Related violations: <none>

TIMING-18#19 Warning
Missing input or output delay  
An input delay is missing on frame_data[1011] relative to the rising and/or falling clock edge(s) of core132.
Related violations: <none>

TIMING-18#20 Warning
Missing input or output delay  
An input delay is missing on frame_data[1012] relative to the rising and/or falling clock edge(s) of core132.
Related violations: <none>

TIMING-18#21 Warning
Missing input or output delay  
An input delay is missing on frame_data[1013] relative to the rising and/or falling clock edge(s) of core132.
Related violations: <none>

TIMING-18#22 Warning
Missing input or output delay  
An input delay is missing on frame_data[1014] relative to the rising and/or falling clock edge(s) of core132.
Related violations: <none>

TIMING-18#23 Warning
Missing input or output delay  
An input delay is missing on frame_data[1015] relative to the rising and/or falling clock edge(s) of core132.
Related violations: <none>

TIMING-18#24 Warning
Missing input or output delay  
An input delay is missing on frame_data[1016] relative to the rising and/or falling clock edge(s) of core132.
Related violations: <none>

TIMING-18#25 Warning
Missing input or output delay  
An input delay is missing on frame_data[1017] relative to the rising and/or falling clock edge(s) of core132.
Related violations: <none>

TIMING-18#26 Warning
Missing input or output delay  
An input delay is missing on frame_data[1018] relative to the rising and/or falling clock edge(s) of core132.
Related violations: <none>

TIMING-18#27 Warning
Missing input or output delay  
An input delay is missing on frame_data[1019] relative to the rising and/or falling clock edge(s) of core132.
Related violations: <none>

TIMING-18#28 Warning
Missing input or output delay  
An input delay is missing on frame_data[101] relative to the rising and/or falling clock edge(s) of core132.
Related violations: <none>

TIMING-18#29 Warning
Missing input or output delay  
An input delay is missing on frame_data[1020] relative to the rising and/or falling clock edge(s) of core132.
Related violations: <none>

TIMING-18#30 Warning
Missing input or output delay  
An input delay is missing on frame_data[1021] relative to the rising and/or falling clock edge(s) of core132.
Related violations: <none>

TIMING-18#31 Warning
Missing input or output delay  
An input delay is missing on frame_data[1022] relative to the rising and/or falling clock edge(s) of core132.
Related violations: <none>

TIMING-18#32 Warning
Missing input or output delay  
An input delay is missing on frame_data[1023] relative to the rising and/or falling clock edge(s) of core132.
Related violations: <none>

TIMING-18#33 Warning
Missing input or output delay  
An input delay is missing on frame_data[1024] relative to the rising and/or falling clock edge(s) of core132.
Related violations: <none>

TIMING-18#34 Warning
Missing input or output delay  
An input delay is missing on frame_data[1025] relative to the rising and/or falling clock edge(s) of core132.
Related violations: <none>

TIMING-18#35 Warning
Missing input or output delay  
An input delay is missing on frame_data[1026] relative to the rising and/or falling clock edge(s) of core132.
Related violations: <none>

TIMING-18#36 Warning
Missing input or output delay  
An input delay is missing on frame_data[1027] relative to the rising and/or falling clock edge(s) of core132.
Related violations: <none>

TIMING-18#37 Warning
Missing input or output delay  
An input delay is missing on frame_data[1028] relative to the rising and/or falling clock edge(s) of core132.
Related violations: <none>

TIMING-18#38 Warning
Missing input or output delay  
An input delay is missing on frame_data[1029] relative to the rising and/or falling clock edge(s) of core132.
Related violations: <none>

TIMING-18#39 Warning
Missing input or output delay  
An input delay is missing on frame_data[102] relative to the rising and/or falling clock edge(s) of core132.
Related violations: <none>

TIMING-18#40 Warning
Missing input or output delay  
An input delay is missing on frame_data[1030] relative to the rising and/or falling clock edge(s) of core132.
Related violations: <none>

TIMING-18#41 Warning
Missing input or output delay  
An input delay is missing on frame_data[1031] relative to the rising and/or falling clock edge(s) of core132.
Related violations: <none>

TIMING-18#42 Warning
Missing input or output delay  
An input delay is missing on frame_data[1032] relative to the rising and/or falling clock edge(s) of core132.
Related violations: <none>

TIMING-18#43 Warning
Missing input or output delay  
An input delay is missing on frame_data[1033] relative to the rising and/or falling clock edge(s) of core132.
Related violations: <none>

TIMING-18#44 Warning
Missing input or output delay  
An input delay is missing on frame_data[1034] relative to the rising and/or falling clock edge(s) of core132.
Related violations: <none>

TIMING-18#45 Warning
Missing input or output delay  
An input delay is missing on frame_data[1035] relative to the rising and/or falling clock edge(s) of core132.
Related violations: <none>

TIMING-18#46 Warning
Missing input or output delay  
An input delay is missing on frame_data[1036] relative to the rising and/or falling clock edge(s) of core132.
Related violations: <none>

TIMING-18#47 Warning
Missing input or output delay  
An input delay is missing on frame_data[1037] relative to the rising and/or falling clock edge(s) of core132.
Related violations: <none>

TIMING-18#48 Warning
Missing input or output delay  
An input delay is missing on frame_data[1038] relative to the rising and/or falling clock edge(s) of core132.
Related violations: <none>

TIMING-18#49 Warning
Missing input or output delay  
An input delay is missing on frame_data[1039] relative to the rising and/or falling clock edge(s) of core132.
Related violations: <none>

TIMING-18#50 Warning
Missing input or output delay  
An input delay is missing on frame_data[103] relative to the rising and/or falling clock edge(s) of core132.
Related violations: <none>

TIMING-18#51 Warning
Missing input or output delay  
An input delay is missing on frame_data[1040] relative to the rising and/or falling clock edge(s) of core132.
Related violations: <none>

TIMING-18#52 Warning
Missing input or output delay  
An input delay is missing on frame_data[1041] relative to the rising and/or falling clock edge(s) of core132.
Related violations: <none>

TIMING-18#53 Warning
Missing input or output delay  
An input delay is missing on frame_data[1042] relative to the rising and/or falling clock edge(s) of core132.
Related violations: <none>

TIMING-18#54 Warning
Missing input or output delay  
An input delay is missing on frame_data[1043] relative to the rising and/or falling clock edge(s) of core132.
Related violations: <none>

TIMING-18#55 Warning
Missing input or output delay  
An input delay is missing on frame_data[1044] relative to the rising and/or falling clock edge(s) of core132.
Related violations: <none>

TIMING-18#56 Warning
Missing input or output delay  
An input delay is missing on frame_data[1045] relative to the rising and/or falling clock edge(s) of core132.
Related violations: <none>

TIMING-18#57 Warning
Missing input or output delay  
An input delay is missing on frame_data[1046] relative to the rising and/or falling clock edge(s) of core132.
Related violations: <none>

TIMING-18#58 Warning
Missing input or output delay  
An input delay is missing on frame_data[1047] relative to the rising and/or falling clock edge(s) of core132.
Related violations: <none>

TIMING-18#59 Warning
Missing input or output delay  
An input delay is missing on frame_data[1048] relative to the rising and/or falling clock edge(s) of core132.
Related violations: <none>

TIMING-18#60 Warning
Missing input or output delay  
An input delay is missing on frame_data[1049] relative to the rising and/or falling clock edge(s) of core132.
Related violations: <none>

TIMING-18#61 Warning
Missing input or output delay  
An input delay is missing on frame_data[104] relative to the rising and/or falling clock edge(s) of core132.
Related violations: <none>

TIMING-18#62 Warning
Missing input or output delay  
An input delay is missing on frame_data[1050] relative to the rising and/or falling clock edge(s) of core132.
Related violations: <none>

TIMING-18#63 Warning
Missing input or output delay  
An input delay is missing on frame_data[1051] relative to the rising and/or falling clock edge(s) of core132.
Related violations: <none>

TIMING-18#64 Warning
Missing input or output delay  
An input delay is missing on frame_data[1052] relative to the rising and/or falling clock edge(s) of core132.
Related violations: <none>

TIMING-18#65 Warning
Missing input or output delay  
An input delay is missing on frame_data[1053] relative to the rising and/or falling clock edge(s) of core132.
Related violations: <none>

TIMING-18#66 Warning
Missing input or output delay  
An input delay is missing on frame_data[1054] relative to the rising and/or falling clock edge(s) of core132.
Related violations: <none>

TIMING-18#67 Warning
Missing input or output delay  
An input delay is missing on frame_data[1055] relative to the rising and/or falling clock edge(s) of core132.
Related violations: <none>

TIMING-18#68 Warning
Missing input or output delay  
An input delay is missing on frame_data[1056] relative to the rising and/or falling clock edge(s) of core132.
Related violations: <none>

TIMING-18#69 Warning
Missing input or output delay  
An input delay is missing on frame_data[1057] relative to the rising and/or falling clock edge(s) of core132.
Related violations: <none>

TIMING-18#70 Warning
Missing input or output delay  
An input delay is missing on frame_data[1058] relative to the rising and/or falling clock edge(s) of core132.
Related violations: <none>

TIMING-18#71 Warning
Missing input or output delay  
An input delay is missing on frame_data[1059] relative to the rising and/or falling clock edge(s) of core132.
Related violations: <none>

TIMING-18#72 Warning
Missing input or output delay  
An input delay is missing on frame_data[105] relative to the rising and/or falling clock edge(s) of core132.
Related violations: <none>

TIMING-18#73 Warning
Missing input or output delay  
An input delay is missing on frame_data[1060] relative to the rising and/or falling clock edge(s) of core132.
Related violations: <none>

TIMING-18#74 Warning
Missing input or output delay  
An input delay is missing on frame_data[1061] relative to the rising and/or falling clock edge(s) of core132.
Related violations: <none>

TIMING-18#75 Warning
Missing input or output delay  
An input delay is missing on frame_data[1062] relative to the rising and/or falling clock edge(s) of core132.
Related violations: <none>

TIMING-18#76 Warning
Missing input or output delay  
An input delay is missing on frame_data[1063] relative to the rising and/or falling clock edge(s) of core132.
Related violations: <none>

TIMING-18#77 Warning
Missing input or output delay  
An input delay is missing on frame_data[1064] relative to the rising and/or falling clock edge(s) of core132.
Related violations: <none>

TIMING-18#78 Warning
Missing input or output delay  
An input delay is missing on frame_data[1065] relative to the rising and/or falling clock edge(s) of core132.
Related violations: <none>

TIMING-18#79 Warning
Missing input or output delay  
An input delay is missing on frame_data[1066] relative to the rising and/or falling clock edge(s) of core132.
Related violations: <none>

TIMING-18#80 Warning
Missing input or output delay  
An input delay is missing on frame_data[1067] relative to the rising and/or falling clock edge(s) of core132.
Related violations: <none>

TIMING-18#81 Warning
Missing input or output delay  
An input delay is missing on frame_data[1068] relative to the rising and/or falling clock edge(s) of core132.
Related violations: <none>

TIMING-18#82 Warning
Missing input or output delay  
An input delay is missing on frame_data[1069] relative to the rising and/or falling clock edge(s) of core132.
Related violations: <none>

TIMING-18#83 Warning
Missing input or output delay  
An input delay is missing on frame_data[106] relative to the rising and/or falling clock edge(s) of core132.
Related violations: <none>

TIMING-18#84 Warning
Missing input or output delay  
An input delay is missing on frame_data[1070] relative to the rising and/or falling clock edge(s) of core132.
Related violations: <none>

TIMING-18#85 Warning
Missing input or output delay  
An input delay is missing on frame_data[1071] relative to the rising and/or falling clock edge(s) of core132.
Related violations: <none>

TIMING-18#86 Warning
Missing input or output delay  
An input delay is missing on frame_data[1072] relative to the rising and/or falling clock edge(s) of core132.
Related violations: <none>

TIMING-18#87 Warning
Missing input or output delay  
An input delay is missing on frame_data[1073] relative to the rising and/or falling clock edge(s) of core132.
Related violations: <none>

TIMING-18#88 Warning
Missing input or output delay  
An input delay is missing on frame_data[1074] relative to the rising and/or falling clock edge(s) of core132.
Related violations: <none>

TIMING-18#89 Warning
Missing input or output delay  
An input delay is missing on frame_data[1075] relative to the rising and/or falling clock edge(s) of core132.
Related violations: <none>

TIMING-18#90 Warning
Missing input or output delay  
An input delay is missing on frame_data[1076] relative to the rising and/or falling clock edge(s) of core132.
Related violations: <none>

TIMING-18#91 Warning
Missing input or output delay  
An input delay is missing on frame_data[1077] relative to the rising and/or falling clock edge(s) of core132.
Related violations: <none>

TIMING-18#92 Warning
Missing input or output delay  
An input delay is missing on frame_data[1078] relative to the rising and/or falling clock edge(s) of core132.
Related violations: <none>

TIMING-18#93 Warning
Missing input or output delay  
An input delay is missing on frame_data[1079] relative to the rising and/or falling clock edge(s) of core132.
Related violations: <none>

TIMING-18#94 Warning
Missing input or output delay  
An input delay is missing on frame_data[107] relative to the rising and/or falling clock edge(s) of core132.
Related violations: <none>

TIMING-18#95 Warning
Missing input or output delay  
An input delay is missing on frame_data[1080] relative to the rising and/or falling clock edge(s) of core132.
Related violations: <none>

TIMING-18#96 Warning
Missing input or output delay  
An input delay is missing on frame_data[1081] relative to the rising and/or falling clock edge(s) of core132.
Related violations: <none>

TIMING-18#97 Warning
Missing input or output delay  
An input delay is missing on frame_data[1082] relative to the rising and/or falling clock edge(s) of core132.
Related violations: <none>

TIMING-18#98 Warning
Missing input or output delay  
An input delay is missing on frame_data[1083] relative to the rising and/or falling clock edge(s) of core132.
Related violations: <none>

TIMING-18#99 Warning
Missing input or output delay  
An input delay is missing on frame_data[1084] relative to the rising and/or falling clock edge(s) of core132.
Related violations: <none>

TIMING-18#100 Warning
Missing input or output delay  
An input delay is missing on frame_data[1085] relative to the rising and/or falling clock edge(s) of core132.
Related violations: <none>

TIMING-18#101 Warning
Missing input or output delay  
An input delay is missing on frame_data[1086] relative to the rising and/or falling clock edge(s) of core132.
Related violations: <none>

TIMING-18#102 Warning
Missing input or output delay  
An input delay is missing on frame_data[1087] relative to the rising and/or falling clock edge(s) of core132.
Related violations: <none>

TIMING-18#103 Warning
Missing input or output delay  
An input delay is missing on frame_data[1088] relative to the rising and/or falling clock edge(s) of core132.
Related violations: <none>

TIMING-18#104 Warning
Missing input or output delay  
An input delay is missing on frame_data[1089] relative to the rising and/or falling clock edge(s) of core132.
Related violations: <none>

TIMING-18#105 Warning
Missing input or output delay  
An input delay is missing on frame_data[108] relative to the rising and/or falling clock edge(s) of core132.
Related violations: <none>

TIMING-18#106 Warning
Missing input or output delay  
An input delay is missing on frame_data[1090] relative to the rising and/or falling clock edge(s) of core132.
Related violations: <none>

TIMING-18#107 Warning
Missing input or output delay  
An input delay is missing on frame_data[1091] relative to the rising and/or falling clock edge(s) of core132.
Related violations: <none>

TIMING-18#108 Warning
Missing input or output delay  
An input delay is missing on frame_data[1092] relative to the rising and/or falling clock edge(s) of core132.
Related violations: <none>

TIMING-18#109 Warning
Missing input or output delay  
An input delay is missing on frame_data[1093] relative to the rising and/or falling clock edge(s) of core132.
Related violations: <none>

TIMING-18#110 Warning
Missing input or output delay  
An input delay is missing on frame_data[1094] relative to the rising and/or falling clock edge(s) of core132.
Related violations: <none>

TIMING-18#111 Warning
Missing input or output delay  
An input delay is missing on frame_data[1095] relative to the rising and/or falling clock edge(s) of core132.
Related violations: <none>

TIMING-18#112 Warning
Missing input or output delay  
An input delay is missing on frame_data[1096] relative to the rising and/or falling clock edge(s) of core132.
Related violations: <none>

TIMING-18#113 Warning
Missing input or output delay  
An input delay is missing on frame_data[1097] relative to the rising and/or falling clock edge(s) of core132.
Related violations: <none>

TIMING-18#114 Warning
Missing input or output delay  
An input delay is missing on frame_data[1098] relative to the rising and/or falling clock edge(s) of core132.
Related violations: <none>

TIMING-18#115 Warning
Missing input or output delay  
An input delay is missing on frame_data[1099] relative to the rising and/or falling clock edge(s) of core132.
Related violations: <none>

TIMING-18#116 Warning
Missing input or output delay  
An input delay is missing on frame_data[109] relative to the rising and/or falling clock edge(s) of core132.
Related violations: <none>

TIMING-18#117 Warning
Missing input or output delay  
An input delay is missing on frame_data[10] relative to the rising and/or falling clock edge(s) of core132.
Related violations: <none>

TIMING-18#118 Warning
Missing input or output delay  
An input delay is missing on frame_data[1100] relative to the rising and/or falling clock edge(s) of core132.
Related violations: <none>

TIMING-18#119 Warning
Missing input or output delay  
An input delay is missing on frame_data[1101] relative to the rising and/or falling clock edge(s) of core132.
Related violations: <none>

TIMING-18#120 Warning
Missing input or output delay  
An input delay is missing on frame_data[1102] relative to the rising and/or falling clock edge(s) of core132.
Related violations: <none>

TIMING-18#121 Warning
Missing input or output delay  
An input delay is missing on frame_data[1103] relative to the rising and/or falling clock edge(s) of core132.
Related violations: <none>

TIMING-18#122 Warning
Missing input or output delay  
An input delay is missing on frame_data[1104] relative to the rising and/or falling clock edge(s) of core132.
Related violations: <none>

TIMING-18#123 Warning
Missing input or output delay  
An input delay is missing on frame_data[1105] relative to the rising and/or falling clock edge(s) of core132.
Related violations: <none>

TIMING-18#124 Warning
Missing input or output delay  
An input delay is missing on frame_data[1106] relative to the rising and/or falling clock edge(s) of core132.
Related violations: <none>

TIMING-18#125 Warning
Missing input or output delay  
An input delay is missing on frame_data[1107] relative to the rising and/or falling clock edge(s) of core132.
Related violations: <none>

TIMING-18#126 Warning
Missing input or output delay  
An input delay is missing on frame_data[1108] relative to the rising and/or falling clock edge(s) of core132.
Related violations: <none>

TIMING-18#127 Warning
Missing input or output delay  
An input delay is missing on frame_data[1109] relative to the rising and/or falling clock edge(s) of core132.
Related violations: <none>

TIMING-18#128 Warning
Missing input or output delay  
An input delay is missing on frame_data[110] relative to the rising and/or falling clock edge(s) of core132.
Related violations: <none>

TIMING-18#129 Warning
Missing input or output delay  
An input delay is missing on frame_data[1110] relative to the rising and/or falling clock edge(s) of core132.
Related violations: <none>

TIMING-18#130 Warning
Missing input or output delay  
An input delay is missing on frame_data[1111] relative to the rising and/or falling clock edge(s) of core132.
Related violations: <none>

TIMING-18#131 Warning
Missing input or output delay  
An input delay is missing on frame_data[1112] relative to the rising and/or falling clock edge(s) of core132.
Related violations: <none>

TIMING-18#132 Warning
Missing input or output delay  
An input delay is missing on frame_data[1113] relative to the rising and/or falling clock edge(s) of core132.
Related violations: <none>

TIMING-18#133 Warning
Missing input or output delay  
An input delay is missing on frame_data[1114] relative to the rising and/or falling clock edge(s) of core132.
Related violations: <none>

TIMING-18#134 Warning
Missing input or output delay  
An input delay is missing on frame_data[1115] relative to the rising and/or falling clock edge(s) of core132.
Related violations: <none>

TIMING-18#135 Warning
Missing input or output delay  
An input delay is missing on frame_data[1116] relative to the rising and/or falling clock edge(s) of core132.
Related violations: <none>

TIMING-18#136 Warning
Missing input or output delay  
An input delay is missing on frame_data[1117] relative to the rising and/or falling clock edge(s) of core132.
Related violations: <none>

TIMING-18#137 Warning
Missing input or output delay  
An input delay is missing on frame_data[1118] relative to the rising and/or falling clock edge(s) of core132.
Related violations: <none>

TIMING-18#138 Warning
Missing input or output delay  
An input delay is missing on frame_data[1119] relative to the rising and/or falling clock edge(s) of core132.
Related violations: <none>

TIMING-18#139 Warning
Missing input or output delay  
An input delay is missing on frame_data[111] relative to the rising and/or falling clock edge(s) of core132.
Related violations: <none>

TIMING-18#140 Warning
Missing input or output delay  
An input delay is missing on frame_data[1120] relative to the rising and/or falling clock edge(s) of core132.
Related violations: <none>

TIMING-18#141 Warning
Missing input or output delay  
An input delay is missing on frame_data[1121] relative to the rising and/or falling clock edge(s) of core132.
Related violations: <none>

TIMING-18#142 Warning
Missing input or output delay  
An input delay is missing on frame_data[1122] relative to the rising and/or falling clock edge(s) of core132.
Related violations: <none>

TIMING-18#143 Warning
Missing input or output delay  
An input delay is missing on frame_data[1123] relative to the rising and/or falling clock edge(s) of core132.
Related violations: <none>

TIMING-18#144 Warning
Missing input or output delay  
An input delay is missing on frame_data[1124] relative to the rising and/or falling clock edge(s) of core132.
Related violations: <none>

TIMING-18#145 Warning
Missing input or output delay  
An input delay is missing on frame_data[1125] relative to the rising and/or falling clock edge(s) of core132.
Related violations: <none>

TIMING-18#146 Warning
Missing input or output delay  
An input delay is missing on frame_data[1126] relative to the rising and/or falling clock edge(s) of core132.
Related violations: <none>

TIMING-18#147 Warning
Missing input or output delay  
An input delay is missing on frame_data[1127] relative to the rising and/or falling clock edge(s) of core132.
Related violations: <none>

TIMING-18#148 Warning
Missing input or output delay  
An input delay is missing on frame_data[1128] relative to the rising and/or falling clock edge(s) of core132.
Related violations: <none>

TIMING-18#149 Warning
Missing input or output delay  
An input delay is missing on frame_data[1129] relative to the rising and/or falling clock edge(s) of core132.
Related violations: <none>

TIMING-18#150 Warning
Missing input or output delay  
An input delay is missing on frame_data[112] relative to the rising and/or falling clock edge(s) of core132.
Related violations: <none>

TIMING-18#151 Warning
Missing input or output delay  
An input delay is missing on frame_data[1130] relative to the rising and/or falling clock edge(s) of core132.
Related violations: <none>

TIMING-18#152 Warning
Missing input or output delay  
An input delay is missing on frame_data[1131] relative to the rising and/or falling clock edge(s) of core132.
Related violations: <none>

TIMING-18#153 Warning
Missing input or output delay  
An input delay is missing on frame_data[1132] relative to the rising and/or falling clock edge(s) of core132.
Related violations: <none>

TIMING-18#154 Warning
Missing input or output delay  
An input delay is missing on frame_data[1133] relative to the rising and/or falling clock edge(s) of core132.
Related violations: <none>

TIMING-18#155 Warning
Missing input or output delay  
An input delay is missing on frame_data[1134] relative to the rising and/or falling clock edge(s) of core132.
Related violations: <none>

TIMING-18#156 Warning
Missing input or output delay  
An input delay is missing on frame_data[1135] relative to the rising and/or falling clock edge(s) of core132.
Related violations: <none>

TIMING-18#157 Warning
Missing input or output delay  
An input delay is missing on frame_data[1136] relative to the rising and/or falling clock edge(s) of core132.
Related violations: <none>

TIMING-18#158 Warning
Missing input or output delay  
An input delay is missing on frame_data[1137] relative to the rising and/or falling clock edge(s) of core132.
Related violations: <none>

TIMING-18#159 Warning
Missing input or output delay  
An input delay is missing on frame_data[1138] relative to the rising and/or falling clock edge(s) of core132.
Related violations: <none>

TIMING-18#160 Warning
Missing input or output delay  
An input delay is missing on frame_data[1139] relative to the rising and/or falling clock edge(s) of core132.
Related violations: <none>

TIMING-18#161 Warning
Missing input or output delay  
An input delay is missing on frame_data[113] relative to the rising and/or falling clock edge(s) of core132.
Related violations: <none>

TIMING-18#162 Warning
Missing input or output delay  
An input delay is missing on frame_data[1140] relative to the rising and/or falling clock edge(s) of core132.
Related violations: <none>

TIMING-18#163 Warning
Missing input or output delay  
An input delay is missing on frame_data[1141] relative to the rising and/or falling clock edge(s) of core132.
Related violations: <none>

TIMING-18#164 Warning
Missing input or output delay  
An input delay is missing on frame_data[1142] relative to the rising and/or falling clock edge(s) of core132.
Related violations: <none>

TIMING-18#165 Warning
Missing input or output delay  
An input delay is missing on frame_data[1143] relative to the rising and/or falling clock edge(s) of core132.
Related violations: <none>

TIMING-18#166 Warning
Missing input or output delay  
An input delay is missing on frame_data[1144] relative to the rising and/or falling clock edge(s) of core132.
Related violations: <none>

TIMING-18#167 Warning
Missing input or output delay  
An input delay is missing on frame_data[1145] relative to the rising and/or falling clock edge(s) of core132.
Related violations: <none>

TIMING-18#168 Warning
Missing input or output delay  
An input delay is missing on frame_data[1146] relative to the rising and/or falling clock edge(s) of core132.
Related violations: <none>

TIMING-18#169 Warning
Missing input or output delay  
An input delay is missing on frame_data[1147] relative to the rising and/or falling clock edge(s) of core132.
Related violations: <none>

TIMING-18#170 Warning
Missing input or output delay  
An input delay is missing on frame_data[1148] relative to the rising and/or falling clock edge(s) of core132.
Related violations: <none>

TIMING-18#171 Warning
Missing input or output delay  
An input delay is missing on frame_data[1149] relative to the rising and/or falling clock edge(s) of core132.
Related violations: <none>

TIMING-18#172 Warning
Missing input or output delay  
An input delay is missing on frame_data[114] relative to the rising and/or falling clock edge(s) of core132.
Related violations: <none>

TIMING-18#173 Warning
Missing input or output delay  
An input delay is missing on frame_data[1150] relative to the rising and/or falling clock edge(s) of core132.
Related violations: <none>

TIMING-18#174 Warning
Missing input or output delay  
An input delay is missing on frame_data[1151] relative to the rising and/or falling clock edge(s) of core132.
Related violations: <none>

TIMING-18#175 Warning
Missing input or output delay  
An input delay is missing on frame_data[1152] relative to the rising and/or falling clock edge(s) of core132.
Related violations: <none>

TIMING-18#176 Warning
Missing input or output delay  
An input delay is missing on frame_data[1153] relative to the rising and/or falling clock edge(s) of core132.
Related violations: <none>

TIMING-18#177 Warning
Missing input or output delay  
An input delay is missing on frame_data[1154] relative to the rising and/or falling clock edge(s) of core132.
Related violations: <none>

TIMING-18#178 Warning
Missing input or output delay  
An input delay is missing on frame_data[1155] relative to the rising and/or falling clock edge(s) of core132.
Related violations: <none>

TIMING-18#179 Warning
Missing input or output delay  
An input delay is missing on frame_data[1156] relative to the rising and/or falling clock edge(s) of core132.
Related violations: <none>

TIMING-18#180 Warning
Missing input or output delay  
An input delay is missing on frame_data[1157] relative to the rising and/or falling clock edge(s) of core132.
Related violations: <none>

TIMING-18#181 Warning
Missing input or output delay  
An input delay is missing on frame_data[1158] relative to the rising and/or falling clock edge(s) of core132.
Related violations: <none>

TIMING-18#182 Warning
Missing input or output delay  
An input delay is missing on frame_data[1159] relative to the rising and/or falling clock edge(s) of core132.
Related violations: <none>

TIMING-18#183 Warning
Missing input or output delay  
An input delay is missing on frame_data[115] relative to the rising and/or falling clock edge(s) of core132.
Related violations: <none>

TIMING-18#184 Warning
Missing input or output delay  
An input delay is missing on frame_data[1160] relative to the rising and/or falling clock edge(s) of core132.
Related violations: <none>

TIMING-18#185 Warning
Missing input or output delay  
An input delay is missing on frame_data[1161] relative to the rising and/or falling clock edge(s) of core132.
Related violations: <none>

TIMING-18#186 Warning
Missing input or output delay  
An input delay is missing on frame_data[1162] relative to the rising and/or falling clock edge(s) of core132.
Related violations: <none>

TIMING-18#187 Warning
Missing input or output delay  
An input delay is missing on frame_data[1163] relative to the rising and/or falling clock edge(s) of core132.
Related violations: <none>

TIMING-18#188 Warning
Missing input or output delay  
An input delay is missing on frame_data[1164] relative to the rising and/or falling clock edge(s) of core132.
Related violations: <none>

TIMING-18#189 Warning
Missing input or output delay  
An input delay is missing on frame_data[1165] relative to the rising and/or falling clock edge(s) of core132.
Related violations: <none>

TIMING-18#190 Warning
Missing input or output delay  
An input delay is missing on frame_data[1166] relative to the rising and/or falling clock edge(s) of core132.
Related violations: <none>

TIMING-18#191 Warning
Missing input or output delay  
An input delay is missing on frame_data[1167] relative to the rising and/or falling clock edge(s) of core132.
Related violations: <none>

TIMING-18#192 Warning
Missing input or output delay  
An input delay is missing on frame_data[1168] relative to the rising and/or falling clock edge(s) of core132.
Related violations: <none>

TIMING-18#193 Warning
Missing input or output delay  
An input delay is missing on frame_data[1169] relative to the rising and/or falling clock edge(s) of core132.
Related violations: <none>

TIMING-18#194 Warning
Missing input or output delay  
An input delay is missing on frame_data[116] relative to the rising and/or falling clock edge(s) of core132.
Related violations: <none>

TIMING-18#195 Warning
Missing input or output delay  
An input delay is missing on frame_data[1170] relative to the rising and/or falling clock edge(s) of core132.
Related violations: <none>

TIMING-18#196 Warning
Missing input or output delay  
An input delay is missing on frame_data[1171] relative to the rising and/or falling clock edge(s) of core132.
Related violations: <none>

TIMING-18#197 Warning
Missing input or output delay  
An input delay is missing on frame_data[1172] relative to the rising and/or falling clock edge(s) of core132.
Related violations: <none>

TIMING-18#198 Warning
Missing input or output delay  
An input delay is missing on frame_data[1173] relative to the rising and/or falling clock edge(s) of core132.
Related violations: <none>

TIMING-18#199 Warning
Missing input or output delay  
An input delay is missing on frame_data[1174] relative to the rising and/or falling clock edge(s) of core132.
Related violations: <none>

TIMING-18#200 Warning
Missing input or output delay  
An input delay is missing on frame_data[1175] relative to the rising and/or falling clock edge(s) of core132.
Related violations: <none>

TIMING-18#201 Warning
Missing input or output delay  
An input delay is missing on frame_data[1176] relative to the rising and/or falling clock edge(s) of core132.
Related violations: <none>

TIMING-18#202 Warning
Missing input or output delay  
An input delay is missing on frame_data[1177] relative to the rising and/or falling clock edge(s) of core132.
Related violations: <none>

TIMING-18#203 Warning
Missing input or output delay  
An input delay is missing on frame_data[1178] relative to the rising and/or falling clock edge(s) of core132.
Related violations: <none>

TIMING-18#204 Warning
Missing input or output delay  
An input delay is missing on frame_data[1179] relative to the rising and/or falling clock edge(s) of core132.
Related violations: <none>

TIMING-18#205 Warning
Missing input or output delay  
An input delay is missing on frame_data[117] relative to the rising and/or falling clock edge(s) of core132.
Related violations: <none>

TIMING-18#206 Warning
Missing input or output delay  
An input delay is missing on frame_data[1180] relative to the rising and/or falling clock edge(s) of core132.
Related violations: <none>

TIMING-18#207 Warning
Missing input or output delay  
An input delay is missing on frame_data[1181] relative to the rising and/or falling clock edge(s) of core132.
Related violations: <none>

TIMING-18#208 Warning
Missing input or output delay  
An input delay is missing on frame_data[1182] relative to the rising and/or falling clock edge(s) of core132.
Related violations: <none>

TIMING-18#209 Warning
Missing input or output delay  
An input delay is missing on frame_data[1183] relative to the rising and/or falling clock edge(s) of core132.
Related violations: <none>

TIMING-18#210 Warning
Missing input or output delay  
An input delay is missing on frame_data[1184] relative to the rising and/or falling clock edge(s) of core132.
Related violations: <none>

TIMING-18#211 Warning
Missing input or output delay  
An input delay is missing on frame_data[1185] relative to the rising and/or falling clock edge(s) of core132.
Related violations: <none>

TIMING-18#212 Warning
Missing input or output delay  
An input delay is missing on frame_data[1186] relative to the rising and/or falling clock edge(s) of core132.
Related violations: <none>

TIMING-18#213 Warning
Missing input or output delay  
An input delay is missing on frame_data[1187] relative to the rising and/or falling clock edge(s) of core132.
Related violations: <none>

TIMING-18#214 Warning
Missing input or output delay  
An input delay is missing on frame_data[1188] relative to the rising and/or falling clock edge(s) of core132.
Related violations: <none>

TIMING-18#215 Warning
Missing input or output delay  
An input delay is missing on frame_data[1189] relative to the rising and/or falling clock edge(s) of core132.
Related violations: <none>

TIMING-18#216 Warning
Missing input or output delay  
An input delay is missing on frame_data[118] relative to the rising and/or falling clock edge(s) of core132.
Related violations: <none>

TIMING-18#217 Warning
Missing input or output delay  
An input delay is missing on frame_data[1190] relative to the rising and/or falling clock edge(s) of core132.
Related violations: <none>

TIMING-18#218 Warning
Missing input or output delay  
An input delay is missing on frame_data[1191] relative to the rising and/or falling clock edge(s) of core132.
Related violations: <none>

TIMING-18#219 Warning
Missing input or output delay  
An input delay is missing on frame_data[1192] relative to the rising and/or falling clock edge(s) of core132.
Related violations: <none>

TIMING-18#220 Warning
Missing input or output delay  
An input delay is missing on frame_data[1193] relative to the rising and/or falling clock edge(s) of core132.
Related violations: <none>

TIMING-18#221 Warning
Missing input or output delay  
An input delay is missing on frame_data[1194] relative to the rising and/or falling clock edge(s) of core132.
Related violations: <none>

TIMING-18#222 Warning
Missing input or output delay  
An input delay is missing on frame_data[1195] relative to the rising and/or falling clock edge(s) of core132.
Related violations: <none>

TIMING-18#223 Warning
Missing input or output delay  
An input delay is missing on frame_data[1196] relative to the rising and/or falling clock edge(s) of core132.
Related violations: <none>

TIMING-18#224 Warning
Missing input or output delay  
An input delay is missing on frame_data[1197] relative to the rising and/or falling clock edge(s) of core132.
Related violations: <none>

TIMING-18#225 Warning
Missing input or output delay  
An input delay is missing on frame_data[1198] relative to the rising and/or falling clock edge(s) of core132.
Related violations: <none>

TIMING-18#226 Warning
Missing input or output delay  
An input delay is missing on frame_data[1199] relative to the rising and/or falling clock edge(s) of core132.
Related violations: <none>

TIMING-18#227 Warning
Missing input or output delay  
An input delay is missing on frame_data[119] relative to the rising and/or falling clock edge(s) of core132.
Related violations: <none>

TIMING-18#228 Warning
Missing input or output delay  
An input delay is missing on frame_data[11] relative to the rising and/or falling clock edge(s) of core132.
Related violations: <none>

TIMING-18#229 Warning
Missing input or output delay  
An input delay is missing on frame_data[1200] relative to the rising and/or falling clock edge(s) of core132.
Related violations: <none>

TIMING-18#230 Warning
Missing input or output delay  
An input delay is missing on frame_data[1201] relative to the rising and/or falling clock edge(s) of core132.
Related violations: <none>

TIMING-18#231 Warning
Missing input or output delay  
An input delay is missing on frame_data[1202] relative to the rising and/or falling clock edge(s) of core132.
Related violations: <none>

TIMING-18#232 Warning
Missing input or output delay  
An input delay is missing on frame_data[1203] relative to the rising and/or falling clock edge(s) of core132.
Related violations: <none>

TIMING-18#233 Warning
Missing input or output delay  
An input delay is missing on frame_data[1204] relative to the rising and/or falling clock edge(s) of core132.
Related violations: <none>

TIMING-18#234 Warning
Missing input or output delay  
An input delay is missing on frame_data[1205] relative to the rising and/or falling clock edge(s) of core132.
Related violations: <none>

TIMING-18#235 Warning
Missing input or output delay  
An input delay is missing on frame_data[1206] relative to the rising and/or falling clock edge(s) of core132.
Related violations: <none>

TIMING-18#236 Warning
Missing input or output delay  
An input delay is missing on frame_data[1207] relative to the rising and/or falling clock edge(s) of core132.
Related violations: <none>

TIMING-18#237 Warning
Missing input or output delay  
An input delay is missing on frame_data[1208] relative to the rising and/or falling clock edge(s) of core132.
Related violations: <none>

TIMING-18#238 Warning
Missing input or output delay  
An input delay is missing on frame_data[1209] relative to the rising and/or falling clock edge(s) of core132.
Related violations: <none>

TIMING-18#239 Warning
Missing input or output delay  
An input delay is missing on frame_data[120] relative to the rising and/or falling clock edge(s) of core132.
Related violations: <none>

TIMING-18#240 Warning
Missing input or output delay  
An input delay is missing on frame_data[1210] relative to the rising and/or falling clock edge(s) of core132.
Related violations: <none>

TIMING-18#241 Warning
Missing input or output delay  
An input delay is missing on frame_data[1211] relative to the rising and/or falling clock edge(s) of core132.
Related violations: <none>

TIMING-18#242 Warning
Missing input or output delay  
An input delay is missing on frame_data[1212] relative to the rising and/or falling clock edge(s) of core132.
Related violations: <none>

TIMING-18#243 Warning
Missing input or output delay  
An input delay is missing on frame_data[1213] relative to the rising and/or falling clock edge(s) of core132.
Related violations: <none>

TIMING-18#244 Warning
Missing input or output delay  
An input delay is missing on frame_data[1214] relative to the rising and/or falling clock edge(s) of core132.
Related violations: <none>

TIMING-18#245 Warning
Missing input or output delay  
An input delay is missing on frame_data[1215] relative to the rising and/or falling clock edge(s) of core132.
Related violations: <none>

TIMING-18#246 Warning
Missing input or output delay  
An input delay is missing on frame_data[1216] relative to the rising and/or falling clock edge(s) of core132.
Related violations: <none>

TIMING-18#247 Warning
Missing input or output delay  
An input delay is missing on frame_data[1217] relative to the rising and/or falling clock edge(s) of core132.
Related violations: <none>

TIMING-18#248 Warning
Missing input or output delay  
An input delay is missing on frame_data[1218] relative to the rising and/or falling clock edge(s) of core132.
Related violations: <none>

TIMING-18#249 Warning
Missing input or output delay  
An input delay is missing on frame_data[1219] relative to the rising and/or falling clock edge(s) of core132.
Related violations: <none>

TIMING-18#250 Warning
Missing input or output delay  
An input delay is missing on frame_data[121] relative to the rising and/or falling clock edge(s) of core132.
Related violations: <none>

TIMING-18#251 Warning
Missing input or output delay  
An input delay is missing on frame_data[1220] relative to the rising and/or falling clock edge(s) of core132.
Related violations: <none>

TIMING-18#252 Warning
Missing input or output delay  
An input delay is missing on frame_data[1221] relative to the rising and/or falling clock edge(s) of core132.
Related violations: <none>

TIMING-18#253 Warning
Missing input or output delay  
An input delay is missing on frame_data[1222] relative to the rising and/or falling clock edge(s) of core132.
Related violations: <none>

TIMING-18#254 Warning
Missing input or output delay  
An input delay is missing on frame_data[1223] relative to the rising and/or falling clock edge(s) of core132.
Related violations: <none>

TIMING-18#255 Warning
Missing input or output delay  
An input delay is missing on frame_data[1224] relative to the rising and/or falling clock edge(s) of core132.
Related violations: <none>

TIMING-18#256 Warning
Missing input or output delay  
An input delay is missing on frame_data[1225] relative to the rising and/or falling clock edge(s) of core132.
Related violations: <none>

TIMING-18#257 Warning
Missing input or output delay  
An input delay is missing on frame_data[1226] relative to the rising and/or falling clock edge(s) of core132.
Related violations: <none>

TIMING-18#258 Warning
Missing input or output delay  
An input delay is missing on frame_data[1227] relative to the rising and/or falling clock edge(s) of core132.
Related violations: <none>

TIMING-18#259 Warning
Missing input or output delay  
An input delay is missing on frame_data[1228] relative to the rising and/or falling clock edge(s) of core132.
Related violations: <none>

TIMING-18#260 Warning
Missing input or output delay  
An input delay is missing on frame_data[1229] relative to the rising and/or falling clock edge(s) of core132.
Related violations: <none>

TIMING-18#261 Warning
Missing input or output delay  
An input delay is missing on frame_data[122] relative to the rising and/or falling clock edge(s) of core132.
Related violations: <none>

TIMING-18#262 Warning
Missing input or output delay  
An input delay is missing on frame_data[1230] relative to the rising and/or falling clock edge(s) of core132.
Related violations: <none>

TIMING-18#263 Warning
Missing input or output delay  
An input delay is missing on frame_data[1231] relative to the rising and/or falling clock edge(s) of core132.
Related violations: <none>

TIMING-18#264 Warning
Missing input or output delay  
An input delay is missing on frame_data[1232] relative to the rising and/or falling clock edge(s) of core132.
Related violations: <none>

TIMING-18#265 Warning
Missing input or output delay  
An input delay is missing on frame_data[1233] relative to the rising and/or falling clock edge(s) of core132.
Related violations: <none>

TIMING-18#266 Warning
Missing input or output delay  
An input delay is missing on frame_data[1234] relative to the rising and/or falling clock edge(s) of core132.
Related violations: <none>

TIMING-18#267 Warning
Missing input or output delay  
An input delay is missing on frame_data[1235] relative to the rising and/or falling clock edge(s) of core132.
Related violations: <none>

TIMING-18#268 Warning
Missing input or output delay  
An input delay is missing on frame_data[1236] relative to the rising and/or falling clock edge(s) of core132.
Related violations: <none>

TIMING-18#269 Warning
Missing input or output delay  
An input delay is missing on frame_data[1237] relative to the rising and/or falling clock edge(s) of core132.
Related violations: <none>

TIMING-18#270 Warning
Missing input or output delay  
An input delay is missing on frame_data[1238] relative to the rising and/or falling clock edge(s) of core132.
Related violations: <none>

TIMING-18#271 Warning
Missing input or output delay  
An input delay is missing on frame_data[1239] relative to the rising and/or falling clock edge(s) of core132.
Related violations: <none>

TIMING-18#272 Warning
Missing input or output delay  
An input delay is missing on frame_data[123] relative to the rising and/or falling clock edge(s) of core132.
Related violations: <none>

TIMING-18#273 Warning
Missing input or output delay  
An input delay is missing on frame_data[1240] relative to the rising and/or falling clock edge(s) of core132.
Related violations: <none>

TIMING-18#274 Warning
Missing input or output delay  
An input delay is missing on frame_data[1241] relative to the rising and/or falling clock edge(s) of core132.
Related violations: <none>

TIMING-18#275 Warning
Missing input or output delay  
An input delay is missing on frame_data[1242] relative to the rising and/or falling clock edge(s) of core132.
Related violations: <none>

TIMING-18#276 Warning
Missing input or output delay  
An input delay is missing on frame_data[1243] relative to the rising and/or falling clock edge(s) of core132.
Related violations: <none>

TIMING-18#277 Warning
Missing input or output delay  
An input delay is missing on frame_data[1244] relative to the rising and/or falling clock edge(s) of core132.
Related violations: <none>

TIMING-18#278 Warning
Missing input or output delay  
An input delay is missing on frame_data[1245] relative to the rising and/or falling clock edge(s) of core132.
Related violations: <none>

TIMING-18#279 Warning
Missing input or output delay  
An input delay is missing on frame_data[1246] relative to the rising and/or falling clock edge(s) of core132.
Related violations: <none>

TIMING-18#280 Warning
Missing input or output delay  
An input delay is missing on frame_data[1247] relative to the rising and/or falling clock edge(s) of core132.
Related violations: <none>

TIMING-18#281 Warning
Missing input or output delay  
An input delay is missing on frame_data[1248] relative to the rising and/or falling clock edge(s) of core132.
Related violations: <none>

TIMING-18#282 Warning
Missing input or output delay  
An input delay is missing on frame_data[1249] relative to the rising and/or falling clock edge(s) of core132.
Related violations: <none>

TIMING-18#283 Warning
Missing input or output delay  
An input delay is missing on frame_data[124] relative to the rising and/or falling clock edge(s) of core132.
Related violations: <none>

TIMING-18#284 Warning
Missing input or output delay  
An input delay is missing on frame_data[1250] relative to the rising and/or falling clock edge(s) of core132.
Related violations: <none>

TIMING-18#285 Warning
Missing input or output delay  
An input delay is missing on frame_data[1251] relative to the rising and/or falling clock edge(s) of core132.
Related violations: <none>

TIMING-18#286 Warning
Missing input or output delay  
An input delay is missing on frame_data[1252] relative to the rising and/or falling clock edge(s) of core132.
Related violations: <none>

TIMING-18#287 Warning
Missing input or output delay  
An input delay is missing on frame_data[1253] relative to the rising and/or falling clock edge(s) of core132.
Related violations: <none>

TIMING-18#288 Warning
Missing input or output delay  
An input delay is missing on frame_data[1254] relative to the rising and/or falling clock edge(s) of core132.
Related violations: <none>

TIMING-18#289 Warning
Missing input or output delay  
An input delay is missing on frame_data[1255] relative to the rising and/or falling clock edge(s) of core132.
Related violations: <none>

TIMING-18#290 Warning
Missing input or output delay  
An input delay is missing on frame_data[1256] relative to the rising and/or falling clock edge(s) of core132.
Related violations: <none>

TIMING-18#291 Warning
Missing input or output delay  
An input delay is missing on frame_data[1257] relative to the rising and/or falling clock edge(s) of core132.
Related violations: <none>

TIMING-18#292 Warning
Missing input or output delay  
An input delay is missing on frame_data[1258] relative to the rising and/or falling clock edge(s) of core132.
Related violations: <none>

TIMING-18#293 Warning
Missing input or output delay  
An input delay is missing on frame_data[1259] relative to the rising and/or falling clock edge(s) of core132.
Related violations: <none>

TIMING-18#294 Warning
Missing input or output delay  
An input delay is missing on frame_data[125] relative to the rising and/or falling clock edge(s) of core132.
Related violations: <none>

TIMING-18#295 Warning
Missing input or output delay  
An input delay is missing on frame_data[1260] relative to the rising and/or falling clock edge(s) of core132.
Related violations: <none>

TIMING-18#296 Warning
Missing input or output delay  
An input delay is missing on frame_data[1261] relative to the rising and/or falling clock edge(s) of core132.
Related violations: <none>

TIMING-18#297 Warning
Missing input or output delay  
An input delay is missing on frame_data[1262] relative to the rising and/or falling clock edge(s) of core132.
Related violations: <none>

TIMING-18#298 Warning
Missing input or output delay  
An input delay is missing on frame_data[1263] relative to the rising and/or falling clock edge(s) of core132.
Related violations: <none>

TIMING-18#299 Warning
Missing input or output delay  
An input delay is missing on frame_data[1264] relative to the rising and/or falling clock edge(s) of core132.
Related violations: <none>

TIMING-18#300 Warning
Missing input or output delay  
An input delay is missing on frame_data[1265] relative to the rising and/or falling clock edge(s) of core132.
Related violations: <none>

TIMING-18#301 Warning
Missing input or output delay  
An input delay is missing on frame_data[1266] relative to the rising and/or falling clock edge(s) of core132.
Related violations: <none>

TIMING-18#302 Warning
Missing input or output delay  
An input delay is missing on frame_data[1267] relative to the rising and/or falling clock edge(s) of core132.
Related violations: <none>

TIMING-18#303 Warning
Missing input or output delay  
An input delay is missing on frame_data[1268] relative to the rising and/or falling clock edge(s) of core132.
Related violations: <none>

TIMING-18#304 Warning
Missing input or output delay  
An input delay is missing on frame_data[1269] relative to the rising and/or falling clock edge(s) of core132.
Related violations: <none>

TIMING-18#305 Warning
Missing input or output delay  
An input delay is missing on frame_data[126] relative to the rising and/or falling clock edge(s) of core132.
Related violations: <none>

TIMING-18#306 Warning
Missing input or output delay  
An input delay is missing on frame_data[1270] relative to the rising and/or falling clock edge(s) of core132.
Related violations: <none>

TIMING-18#307 Warning
Missing input or output delay  
An input delay is missing on frame_data[1271] relative to the rising and/or falling clock edge(s) of core132.
Related violations: <none>

TIMING-18#308 Warning
Missing input or output delay  
An input delay is missing on frame_data[1272] relative to the rising and/or falling clock edge(s) of core132.
Related violations: <none>

TIMING-18#309 Warning
Missing input or output delay  
An input delay is missing on frame_data[1273] relative to the rising and/or falling clock edge(s) of core132.
Related violations: <none>

TIMING-18#310 Warning
Missing input or output delay  
An input delay is missing on frame_data[1274] relative to the rising and/or falling clock edge(s) of core132.
Related violations: <none>

TIMING-18#311 Warning
Missing input or output delay  
An input delay is missing on frame_data[1275] relative to the rising and/or falling clock edge(s) of core132.
Related violations: <none>

TIMING-18#312 Warning
Missing input or output delay  
An input delay is missing on frame_data[1276] relative to the rising and/or falling clock edge(s) of core132.
Related violations: <none>

TIMING-18#313 Warning
Missing input or output delay  
An input delay is missing on frame_data[1277] relative to the rising and/or falling clock edge(s) of core132.
Related violations: <none>

TIMING-18#314 Warning
Missing input or output delay  
An input delay is missing on frame_data[1278] relative to the rising and/or falling clock edge(s) of core132.
Related violations: <none>

TIMING-18#315 Warning
Missing input or output delay  
An input delay is missing on frame_data[1279] relative to the rising and/or falling clock edge(s) of core132.
Related violations: <none>

TIMING-18#316 Warning
Missing input or output delay  
An input delay is missing on frame_data[127] relative to the rising and/or falling clock edge(s) of core132.
Related violations: <none>

TIMING-18#317 Warning
Missing input or output delay  
An input delay is missing on frame_data[1280] relative to the rising and/or falling clock edge(s) of core132.
Related violations: <none>

TIMING-18#318 Warning
Missing input or output delay  
An input delay is missing on frame_data[1281] relative to the rising and/or falling clock edge(s) of core132.
Related violations: <none>

TIMING-18#319 Warning
Missing input or output delay  
An input delay is missing on frame_data[1282] relative to the rising and/or falling clock edge(s) of core132.
Related violations: <none>

TIMING-18#320 Warning
Missing input or output delay  
An input delay is missing on frame_data[1283] relative to the rising and/or falling clock edge(s) of core132.
Related violations: <none>

TIMING-18#321 Warning
Missing input or output delay  
An input delay is missing on frame_data[1284] relative to the rising and/or falling clock edge(s) of core132.
Related violations: <none>

TIMING-18#322 Warning
Missing input or output delay  
An input delay is missing on frame_data[1285] relative to the rising and/or falling clock edge(s) of core132.
Related violations: <none>

TIMING-18#323 Warning
Missing input or output delay  
An input delay is missing on frame_data[1286] relative to the rising and/or falling clock edge(s) of core132.
Related violations: <none>

TIMING-18#324 Warning
Missing input or output delay  
An input delay is missing on frame_data[1287] relative to the rising and/or falling clock edge(s) of core132.
Related violations: <none>

TIMING-18#325 Warning
Missing input or output delay  
An input delay is missing on frame_data[1288] relative to the rising and/or falling clock edge(s) of core132.
Related violations: <none>

TIMING-18#326 Warning
Missing input or output delay  
An input delay is missing on frame_data[1289] relative to the rising and/or falling clock edge(s) of core132.
Related violations: <none>

TIMING-18#327 Warning
Missing input or output delay  
An input delay is missing on frame_data[128] relative to the rising and/or falling clock edge(s) of core132.
Related violations: <none>

TIMING-18#328 Warning
Missing input or output delay  
An input delay is missing on frame_data[1290] relative to the rising and/or falling clock edge(s) of core132.
Related violations: <none>

TIMING-18#329 Warning
Missing input or output delay  
An input delay is missing on frame_data[1291] relative to the rising and/or falling clock edge(s) of core132.
Related violations: <none>

TIMING-18#330 Warning
Missing input or output delay  
An input delay is missing on frame_data[1292] relative to the rising and/or falling clock edge(s) of core132.
Related violations: <none>

TIMING-18#331 Warning
Missing input or output delay  
An input delay is missing on frame_data[1293] relative to the rising and/or falling clock edge(s) of core132.
Related violations: <none>

TIMING-18#332 Warning
Missing input or output delay  
An input delay is missing on frame_data[1294] relative to the rising and/or falling clock edge(s) of core132.
Related violations: <none>

TIMING-18#333 Warning
Missing input or output delay  
An input delay is missing on frame_data[1295] relative to the rising and/or falling clock edge(s) of core132.
Related violations: <none>

TIMING-18#334 Warning
Missing input or output delay  
An input delay is missing on frame_data[1296] relative to the rising and/or falling clock edge(s) of core132.
Related violations: <none>

TIMING-18#335 Warning
Missing input or output delay  
An input delay is missing on frame_data[1297] relative to the rising and/or falling clock edge(s) of core132.
Related violations: <none>

TIMING-18#336 Warning
Missing input or output delay  
An input delay is missing on frame_data[1298] relative to the rising and/or falling clock edge(s) of core132.
Related violations: <none>

TIMING-18#337 Warning
Missing input or output delay  
An input delay is missing on frame_data[1299] relative to the rising and/or falling clock edge(s) of core132.
Related violations: <none>

TIMING-18#338 Warning
Missing input or output delay  
An input delay is missing on frame_data[129] relative to the rising and/or falling clock edge(s) of core132.
Related violations: <none>

TIMING-18#339 Warning
Missing input or output delay  
An input delay is missing on frame_data[12] relative to the rising and/or falling clock edge(s) of core132.
Related violations: <none>

TIMING-18#340 Warning
Missing input or output delay  
An input delay is missing on frame_data[1300] relative to the rising and/or falling clock edge(s) of core132.
Related violations: <none>

TIMING-18#341 Warning
Missing input or output delay  
An input delay is missing on frame_data[1301] relative to the rising and/or falling clock edge(s) of core132.
Related violations: <none>

TIMING-18#342 Warning
Missing input or output delay  
An input delay is missing on frame_data[1302] relative to the rising and/or falling clock edge(s) of core132.
Related violations: <none>

TIMING-18#343 Warning
Missing input or output delay  
An input delay is missing on frame_data[1303] relative to the rising and/or falling clock edge(s) of core132.
Related violations: <none>

TIMING-18#344 Warning
Missing input or output delay  
An input delay is missing on frame_data[1304] relative to the rising and/or falling clock edge(s) of core132.
Related violations: <none>

TIMING-18#345 Warning
Missing input or output delay  
An input delay is missing on frame_data[1305] relative to the rising and/or falling clock edge(s) of core132.
Related violations: <none>

TIMING-18#346 Warning
Missing input or output delay  
An input delay is missing on frame_data[1306] relative to the rising and/or falling clock edge(s) of core132.
Related violations: <none>

TIMING-18#347 Warning
Missing input or output delay  
An input delay is missing on frame_data[1307] relative to the rising and/or falling clock edge(s) of core132.
Related violations: <none>

TIMING-18#348 Warning
Missing input or output delay  
An input delay is missing on frame_data[1308] relative to the rising and/or falling clock edge(s) of core132.
Related violations: <none>

TIMING-18#349 Warning
Missing input or output delay  
An input delay is missing on frame_data[1309] relative to the rising and/or falling clock edge(s) of core132.
Related violations: <none>

TIMING-18#350 Warning
Missing input or output delay  
An input delay is missing on frame_data[130] relative to the rising and/or falling clock edge(s) of core132.
Related violations: <none>

TIMING-18#351 Warning
Missing input or output delay  
An input delay is missing on frame_data[1310] relative to the rising and/or falling clock edge(s) of core132.
Related violations: <none>

TIMING-18#352 Warning
Missing input or output delay  
An input delay is missing on frame_data[1311] relative to the rising and/or falling clock edge(s) of core132.
Related violations: <none>

TIMING-18#353 Warning
Missing input or output delay  
An input delay is missing on frame_data[1312] relative to the rising and/or falling clock edge(s) of core132.
Related violations: <none>

TIMING-18#354 Warning
Missing input or output delay  
An input delay is missing on frame_data[1313] relative to the rising and/or falling clock edge(s) of core132.
Related violations: <none>

TIMING-18#355 Warning
Missing input or output delay  
An input delay is missing on frame_data[1314] relative to the rising and/or falling clock edge(s) of core132.
Related violations: <none>

TIMING-18#356 Warning
Missing input or output delay  
An input delay is missing on frame_data[1315] relative to the rising and/or falling clock edge(s) of core132.
Related violations: <none>

TIMING-18#357 Warning
Missing input or output delay  
An input delay is missing on frame_data[1316] relative to the rising and/or falling clock edge(s) of core132.
Related violations: <none>

TIMING-18#358 Warning
Missing input or output delay  
An input delay is missing on frame_data[1317] relative to the rising and/or falling clock edge(s) of core132.
Related violations: <none>

TIMING-18#359 Warning
Missing input or output delay  
An input delay is missing on frame_data[1318] relative to the rising and/or falling clock edge(s) of core132.
Related violations: <none>

TIMING-18#360 Warning
Missing input or output delay  
An input delay is missing on frame_data[1319] relative to the rising and/or falling clock edge(s) of core132.
Related violations: <none>

TIMING-18#361 Warning
Missing input or output delay  
An input delay is missing on frame_data[131] relative to the rising and/or falling clock edge(s) of core132.
Related violations: <none>

TIMING-18#362 Warning
Missing input or output delay  
An input delay is missing on frame_data[1320] relative to the rising and/or falling clock edge(s) of core132.
Related violations: <none>

TIMING-18#363 Warning
Missing input or output delay  
An input delay is missing on frame_data[1321] relative to the rising and/or falling clock edge(s) of core132.
Related violations: <none>

TIMING-18#364 Warning
Missing input or output delay  
An input delay is missing on frame_data[1322] relative to the rising and/or falling clock edge(s) of core132.
Related violations: <none>

TIMING-18#365 Warning
Missing input or output delay  
An input delay is missing on frame_data[1323] relative to the rising and/or falling clock edge(s) of core132.
Related violations: <none>

TIMING-18#366 Warning
Missing input or output delay  
An input delay is missing on frame_data[1324] relative to the rising and/or falling clock edge(s) of core132.
Related violations: <none>

TIMING-18#367 Warning
Missing input or output delay  
An input delay is missing on frame_data[1325] relative to the rising and/or falling clock edge(s) of core132.
Related violations: <none>

TIMING-18#368 Warning
Missing input or output delay  
An input delay is missing on frame_data[1326] relative to the rising and/or falling clock edge(s) of core132.
Related violations: <none>

TIMING-18#369 Warning
Missing input or output delay  
An input delay is missing on frame_data[1327] relative to the rising and/or falling clock edge(s) of core132.
Related violations: <none>

TIMING-18#370 Warning
Missing input or output delay  
An input delay is missing on frame_data[1328] relative to the rising and/or falling clock edge(s) of core132.
Related violations: <none>

TIMING-18#371 Warning
Missing input or output delay  
An input delay is missing on frame_data[1329] relative to the rising and/or falling clock edge(s) of core132.
Related violations: <none>

TIMING-18#372 Warning
Missing input or output delay  
An input delay is missing on frame_data[132] relative to the rising and/or falling clock edge(s) of core132.
Related violations: <none>

TIMING-18#373 Warning
Missing input or output delay  
An input delay is missing on frame_data[1330] relative to the rising and/or falling clock edge(s) of core132.
Related violations: <none>

TIMING-18#374 Warning
Missing input or output delay  
An input delay is missing on frame_data[1331] relative to the rising and/or falling clock edge(s) of core132.
Related violations: <none>

TIMING-18#375 Warning
Missing input or output delay  
An input delay is missing on frame_data[1332] relative to the rising and/or falling clock edge(s) of core132.
Related violations: <none>

TIMING-18#376 Warning
Missing input or output delay  
An input delay is missing on frame_data[1333] relative to the rising and/or falling clock edge(s) of core132.
Related violations: <none>

TIMING-18#377 Warning
Missing input or output delay  
An input delay is missing on frame_data[1334] relative to the rising and/or falling clock edge(s) of core132.
Related violations: <none>

TIMING-18#378 Warning
Missing input or output delay  
An input delay is missing on frame_data[1335] relative to the rising and/or falling clock edge(s) of core132.
Related violations: <none>

TIMING-18#379 Warning
Missing input or output delay  
An input delay is missing on frame_data[1336] relative to the rising and/or falling clock edge(s) of core132.
Related violations: <none>

TIMING-18#380 Warning
Missing input or output delay  
An input delay is missing on frame_data[1337] relative to the rising and/or falling clock edge(s) of core132.
Related violations: <none>

TIMING-18#381 Warning
Missing input or output delay  
An input delay is missing on frame_data[1338] relative to the rising and/or falling clock edge(s) of core132.
Related violations: <none>

TIMING-18#382 Warning
Missing input or output delay  
An input delay is missing on frame_data[1339] relative to the rising and/or falling clock edge(s) of core132.
Related violations: <none>

TIMING-18#383 Warning
Missing input or output delay  
An input delay is missing on frame_data[133] relative to the rising and/or falling clock edge(s) of core132.
Related violations: <none>

TIMING-18#384 Warning
Missing input or output delay  
An input delay is missing on frame_data[1340] relative to the rising and/or falling clock edge(s) of core132.
Related violations: <none>

TIMING-18#385 Warning
Missing input or output delay  
An input delay is missing on frame_data[1341] relative to the rising and/or falling clock edge(s) of core132.
Related violations: <none>

TIMING-18#386 Warning
Missing input or output delay  
An input delay is missing on frame_data[1342] relative to the rising and/or falling clock edge(s) of core132.
Related violations: <none>

TIMING-18#387 Warning
Missing input or output delay  
An input delay is missing on frame_data[1343] relative to the rising and/or falling clock edge(s) of core132.
Related violations: <none>

TIMING-18#388 Warning
Missing input or output delay  
An input delay is missing on frame_data[1344] relative to the rising and/or falling clock edge(s) of core132.
Related violations: <none>

TIMING-18#389 Warning
Missing input or output delay  
An input delay is missing on frame_data[1345] relative to the rising and/or falling clock edge(s) of core132.
Related violations: <none>

TIMING-18#390 Warning
Missing input or output delay  
An input delay is missing on frame_data[1346] relative to the rising and/or falling clock edge(s) of core132.
Related violations: <none>

TIMING-18#391 Warning
Missing input or output delay  
An input delay is missing on frame_data[1347] relative to the rising and/or falling clock edge(s) of core132.
Related violations: <none>

TIMING-18#392 Warning
Missing input or output delay  
An input delay is missing on frame_data[1348] relative to the rising and/or falling clock edge(s) of core132.
Related violations: <none>

TIMING-18#393 Warning
Missing input or output delay  
An input delay is missing on frame_data[1349] relative to the rising and/or falling clock edge(s) of core132.
Related violations: <none>

TIMING-18#394 Warning
Missing input or output delay  
An input delay is missing on frame_data[134] relative to the rising and/or falling clock edge(s) of core132.
Related violations: <none>

TIMING-18#395 Warning
Missing input or output delay  
An input delay is missing on frame_data[1350] relative to the rising and/or falling clock edge(s) of core132.
Related violations: <none>

TIMING-18#396 Warning
Missing input or output delay  
An input delay is missing on frame_data[1351] relative to the rising and/or falling clock edge(s) of core132.
Related violations: <none>

TIMING-18#397 Warning
Missing input or output delay  
An input delay is missing on frame_data[1352] relative to the rising and/or falling clock edge(s) of core132.
Related violations: <none>

TIMING-18#398 Warning
Missing input or output delay  
An input delay is missing on frame_data[1353] relative to the rising and/or falling clock edge(s) of core132.
Related violations: <none>

TIMING-18#399 Warning
Missing input or output delay  
An input delay is missing on frame_data[1354] relative to the rising and/or falling clock edge(s) of core132.
Related violations: <none>

TIMING-18#400 Warning
Missing input or output delay  
An input delay is missing on frame_data[1355] relative to the rising and/or falling clock edge(s) of core132.
Related violations: <none>

TIMING-18#401 Warning
Missing input or output delay  
An input delay is missing on frame_data[1356] relative to the rising and/or falling clock edge(s) of core132.
Related violations: <none>

TIMING-18#402 Warning
Missing input or output delay  
An input delay is missing on frame_data[1357] relative to the rising and/or falling clock edge(s) of core132.
Related violations: <none>

TIMING-18#403 Warning
Missing input or output delay  
An input delay is missing on frame_data[1358] relative to the rising and/or falling clock edge(s) of core132.
Related violations: <none>

TIMING-18#404 Warning
Missing input or output delay  
An input delay is missing on frame_data[1359] relative to the rising and/or falling clock edge(s) of core132.
Related violations: <none>

TIMING-18#405 Warning
Missing input or output delay  
An input delay is missing on frame_data[135] relative to the rising and/or falling clock edge(s) of core132.
Related violations: <none>

TIMING-18#406 Warning
Missing input or output delay  
An input delay is missing on frame_data[1360] relative to the rising and/or falling clock edge(s) of core132.
Related violations: <none>

TIMING-18#407 Warning
Missing input or output delay  
An input delay is missing on frame_data[1361] relative to the rising and/or falling clock edge(s) of core132.
Related violations: <none>

TIMING-18#408 Warning
Missing input or output delay  
An input delay is missing on frame_data[1362] relative to the rising and/or falling clock edge(s) of core132.
Related violations: <none>

TIMING-18#409 Warning
Missing input or output delay  
An input delay is missing on frame_data[1363] relative to the rising and/or falling clock edge(s) of core132.
Related violations: <none>

TIMING-18#410 Warning
Missing input or output delay  
An input delay is missing on frame_data[1364] relative to the rising and/or falling clock edge(s) of core132.
Related violations: <none>

TIMING-18#411 Warning
Missing input or output delay  
An input delay is missing on frame_data[1365] relative to the rising and/or falling clock edge(s) of core132.
Related violations: <none>

TIMING-18#412 Warning
Missing input or output delay  
An input delay is missing on frame_data[1366] relative to the rising and/or falling clock edge(s) of core132.
Related violations: <none>

TIMING-18#413 Warning
Missing input or output delay  
An input delay is missing on frame_data[1367] relative to the rising and/or falling clock edge(s) of core132.
Related violations: <none>

TIMING-18#414 Warning
Missing input or output delay  
An input delay is missing on frame_data[1368] relative to the rising and/or falling clock edge(s) of core132.
Related violations: <none>

TIMING-18#415 Warning
Missing input or output delay  
An input delay is missing on frame_data[1369] relative to the rising and/or falling clock edge(s) of core132.
Related violations: <none>

TIMING-18#416 Warning
Missing input or output delay  
An input delay is missing on frame_data[136] relative to the rising and/or falling clock edge(s) of core132.
Related violations: <none>

TIMING-18#417 Warning
Missing input or output delay  
An input delay is missing on frame_data[1370] relative to the rising and/or falling clock edge(s) of core132.
Related violations: <none>

TIMING-18#418 Warning
Missing input or output delay  
An input delay is missing on frame_data[1371] relative to the rising and/or falling clock edge(s) of core132.
Related violations: <none>

TIMING-18#419 Warning
Missing input or output delay  
An input delay is missing on frame_data[1372] relative to the rising and/or falling clock edge(s) of core132.
Related violations: <none>

TIMING-18#420 Warning
Missing input or output delay  
An input delay is missing on frame_data[1373] relative to the rising and/or falling clock edge(s) of core132.
Related violations: <none>

TIMING-18#421 Warning
Missing input or output delay  
An input delay is missing on frame_data[1374] relative to the rising and/or falling clock edge(s) of core132.
Related violations: <none>

TIMING-18#422 Warning
Missing input or output delay  
An input delay is missing on frame_data[1375] relative to the rising and/or falling clock edge(s) of core132.
Related violations: <none>

TIMING-18#423 Warning
Missing input or output delay  
An input delay is missing on frame_data[1376] relative to the rising and/or falling clock edge(s) of core132.
Related violations: <none>

TIMING-18#424 Warning
Missing input or output delay  
An input delay is missing on frame_data[1377] relative to the rising and/or falling clock edge(s) of core132.
Related violations: <none>

TIMING-18#425 Warning
Missing input or output delay  
An input delay is missing on frame_data[1378] relative to the rising and/or falling clock edge(s) of core132.
Related violations: <none>

TIMING-18#426 Warning
Missing input or output delay  
An input delay is missing on frame_data[1379] relative to the rising and/or falling clock edge(s) of core132.
Related violations: <none>

TIMING-18#427 Warning
Missing input or output delay  
An input delay is missing on frame_data[137] relative to the rising and/or falling clock edge(s) of core132.
Related violations: <none>

TIMING-18#428 Warning
Missing input or output delay  
An input delay is missing on frame_data[1380] relative to the rising and/or falling clock edge(s) of core132.
Related violations: <none>

TIMING-18#429 Warning
Missing input or output delay  
An input delay is missing on frame_data[1381] relative to the rising and/or falling clock edge(s) of core132.
Related violations: <none>

TIMING-18#430 Warning
Missing input or output delay  
An input delay is missing on frame_data[1382] relative to the rising and/or falling clock edge(s) of core132.
Related violations: <none>

TIMING-18#431 Warning
Missing input or output delay  
An input delay is missing on frame_data[1383] relative to the rising and/or falling clock edge(s) of core132.
Related violations: <none>

TIMING-18#432 Warning
Missing input or output delay  
An input delay is missing on frame_data[1384] relative to the rising and/or falling clock edge(s) of core132.
Related violations: <none>

TIMING-18#433 Warning
Missing input or output delay  
An input delay is missing on frame_data[1385] relative to the rising and/or falling clock edge(s) of core132.
Related violations: <none>

TIMING-18#434 Warning
Missing input or output delay  
An input delay is missing on frame_data[1386] relative to the rising and/or falling clock edge(s) of core132.
Related violations: <none>

TIMING-18#435 Warning
Missing input or output delay  
An input delay is missing on frame_data[1387] relative to the rising and/or falling clock edge(s) of core132.
Related violations: <none>

TIMING-18#436 Warning
Missing input or output delay  
An input delay is missing on frame_data[1388] relative to the rising and/or falling clock edge(s) of core132.
Related violations: <none>

TIMING-18#437 Warning
Missing input or output delay  
An input delay is missing on frame_data[1389] relative to the rising and/or falling clock edge(s) of core132.
Related violations: <none>

TIMING-18#438 Warning
Missing input or output delay  
An input delay is missing on frame_data[138] relative to the rising and/or falling clock edge(s) of core132.
Related violations: <none>

TIMING-18#439 Warning
Missing input or output delay  
An input delay is missing on frame_data[1390] relative to the rising and/or falling clock edge(s) of core132.
Related violations: <none>

TIMING-18#440 Warning
Missing input or output delay  
An input delay is missing on frame_data[1391] relative to the rising and/or falling clock edge(s) of core132.
Related violations: <none>

TIMING-18#441 Warning
Missing input or output delay  
An input delay is missing on frame_data[1392] relative to the rising and/or falling clock edge(s) of core132.
Related violations: <none>

TIMING-18#442 Warning
Missing input or output delay  
An input delay is missing on frame_data[1393] relative to the rising and/or falling clock edge(s) of core132.
Related violations: <none>

TIMING-18#443 Warning
Missing input or output delay  
An input delay is missing on frame_data[1394] relative to the rising and/or falling clock edge(s) of core132.
Related violations: <none>

TIMING-18#444 Warning
Missing input or output delay  
An input delay is missing on frame_data[1395] relative to the rising and/or falling clock edge(s) of core132.
Related violations: <none>

TIMING-18#445 Warning
Missing input or output delay  
An input delay is missing on frame_data[1396] relative to the rising and/or falling clock edge(s) of core132.
Related violations: <none>

TIMING-18#446 Warning
Missing input or output delay  
An input delay is missing on frame_data[1397] relative to the rising and/or falling clock edge(s) of core132.
Related violations: <none>

TIMING-18#447 Warning
Missing input or output delay  
An input delay is missing on frame_data[1398] relative to the rising and/or falling clock edge(s) of core132.
Related violations: <none>

TIMING-18#448 Warning
Missing input or output delay  
An input delay is missing on frame_data[1399] relative to the rising and/or falling clock edge(s) of core132.
Related violations: <none>

TIMING-18#449 Warning
Missing input or output delay  
An input delay is missing on frame_data[139] relative to the rising and/or falling clock edge(s) of core132.
Related violations: <none>

TIMING-18#450 Warning
Missing input or output delay  
An input delay is missing on frame_data[13] relative to the rising and/or falling clock edge(s) of core132.
Related violations: <none>

TIMING-18#451 Warning
Missing input or output delay  
An input delay is missing on frame_data[1400] relative to the rising and/or falling clock edge(s) of core132.
Related violations: <none>

TIMING-18#452 Warning
Missing input or output delay  
An input delay is missing on frame_data[1401] relative to the rising and/or falling clock edge(s) of core132.
Related violations: <none>

TIMING-18#453 Warning
Missing input or output delay  
An input delay is missing on frame_data[1402] relative to the rising and/or falling clock edge(s) of core132.
Related violations: <none>

TIMING-18#454 Warning
Missing input or output delay  
An input delay is missing on frame_data[1403] relative to the rising and/or falling clock edge(s) of core132.
Related violations: <none>

TIMING-18#455 Warning
Missing input or output delay  
An input delay is missing on frame_data[1404] relative to the rising and/or falling clock edge(s) of core132.
Related violations: <none>

TIMING-18#456 Warning
Missing input or output delay  
An input delay is missing on frame_data[1405] relative to the rising and/or falling clock edge(s) of core132.
Related violations: <none>

TIMING-18#457 Warning
Missing input or output delay  
An input delay is missing on frame_data[1406] relative to the rising and/or falling clock edge(s) of core132.
Related violations: <none>

TIMING-18#458 Warning
Missing input or output delay  
An input delay is missing on frame_data[1407] relative to the rising and/or falling clock edge(s) of core132.
Related violations: <none>

TIMING-18#459 Warning
Missing input or output delay  
An input delay is missing on frame_data[1408] relative to the rising and/or falling clock edge(s) of core132.
Related violations: <none>

TIMING-18#460 Warning
Missing input or output delay  
An input delay is missing on frame_data[1409] relative to the rising and/or falling clock edge(s) of core132.
Related violations: <none>

TIMING-18#461 Warning
Missing input or output delay  
An input delay is missing on frame_data[140] relative to the rising and/or falling clock edge(s) of core132.
Related violations: <none>

TIMING-18#462 Warning
Missing input or output delay  
An input delay is missing on frame_data[1410] relative to the rising and/or falling clock edge(s) of core132.
Related violations: <none>

TIMING-18#463 Warning
Missing input or output delay  
An input delay is missing on frame_data[1411] relative to the rising and/or falling clock edge(s) of core132.
Related violations: <none>

TIMING-18#464 Warning
Missing input or output delay  
An input delay is missing on frame_data[1412] relative to the rising and/or falling clock edge(s) of core132.
Related violations: <none>

TIMING-18#465 Warning
Missing input or output delay  
An input delay is missing on frame_data[1413] relative to the rising and/or falling clock edge(s) of core132.
Related violations: <none>

TIMING-18#466 Warning
Missing input or output delay  
An input delay is missing on frame_data[1414] relative to the rising and/or falling clock edge(s) of core132.
Related violations: <none>

TIMING-18#467 Warning
Missing input or output delay  
An input delay is missing on frame_data[1415] relative to the rising and/or falling clock edge(s) of core132.
Related violations: <none>

TIMING-18#468 Warning
Missing input or output delay  
An input delay is missing on frame_data[1416] relative to the rising and/or falling clock edge(s) of core132.
Related violations: <none>

TIMING-18#469 Warning
Missing input or output delay  
An input delay is missing on frame_data[1417] relative to the rising and/or falling clock edge(s) of core132.
Related violations: <none>

TIMING-18#470 Warning
Missing input or output delay  
An input delay is missing on frame_data[1418] relative to the rising and/or falling clock edge(s) of core132.
Related violations: <none>

TIMING-18#471 Warning
Missing input or output delay  
An input delay is missing on frame_data[1419] relative to the rising and/or falling clock edge(s) of core132.
Related violations: <none>

TIMING-18#472 Warning
Missing input or output delay  
An input delay is missing on frame_data[141] relative to the rising and/or falling clock edge(s) of core132.
Related violations: <none>

TIMING-18#473 Warning
Missing input or output delay  
An input delay is missing on frame_data[1420] relative to the rising and/or falling clock edge(s) of core132.
Related violations: <none>

TIMING-18#474 Warning
Missing input or output delay  
An input delay is missing on frame_data[1421] relative to the rising and/or falling clock edge(s) of core132.
Related violations: <none>

TIMING-18#475 Warning
Missing input or output delay  
An input delay is missing on frame_data[1422] relative to the rising and/or falling clock edge(s) of core132.
Related violations: <none>

TIMING-18#476 Warning
Missing input or output delay  
An input delay is missing on frame_data[1423] relative to the rising and/or falling clock edge(s) of core132.
Related violations: <none>

TIMING-18#477 Warning
Missing input or output delay  
An input delay is missing on frame_data[1424] relative to the rising and/or falling clock edge(s) of core132.
Related violations: <none>

TIMING-18#478 Warning
Missing input or output delay  
An input delay is missing on frame_data[1425] relative to the rising and/or falling clock edge(s) of core132.
Related violations: <none>

TIMING-18#479 Warning
Missing input or output delay  
An input delay is missing on frame_data[1426] relative to the rising and/or falling clock edge(s) of core132.
Related violations: <none>

TIMING-18#480 Warning
Missing input or output delay  
An input delay is missing on frame_data[1427] relative to the rising and/or falling clock edge(s) of core132.
Related violations: <none>

TIMING-18#481 Warning
Missing input or output delay  
An input delay is missing on frame_data[1428] relative to the rising and/or falling clock edge(s) of core132.
Related violations: <none>

TIMING-18#482 Warning
Missing input or output delay  
An input delay is missing on frame_data[1429] relative to the rising and/or falling clock edge(s) of core132.
Related violations: <none>

TIMING-18#483 Warning
Missing input or output delay  
An input delay is missing on frame_data[142] relative to the rising and/or falling clock edge(s) of core132.
Related violations: <none>

TIMING-18#484 Warning
Missing input or output delay  
An input delay is missing on frame_data[1430] relative to the rising and/or falling clock edge(s) of core132.
Related violations: <none>

TIMING-18#485 Warning
Missing input or output delay  
An input delay is missing on frame_data[1431] relative to the rising and/or falling clock edge(s) of core132.
Related violations: <none>

TIMING-18#486 Warning
Missing input or output delay  
An input delay is missing on frame_data[1432] relative to the rising and/or falling clock edge(s) of core132.
Related violations: <none>

TIMING-18#487 Warning
Missing input or output delay  
An input delay is missing on frame_data[1433] relative to the rising and/or falling clock edge(s) of core132.
Related violations: <none>

TIMING-18#488 Warning
Missing input or output delay  
An input delay is missing on frame_data[1434] relative to the rising and/or falling clock edge(s) of core132.
Related violations: <none>

TIMING-18#489 Warning
Missing input or output delay  
An input delay is missing on frame_data[1435] relative to the rising and/or falling clock edge(s) of core132.
Related violations: <none>

TIMING-18#490 Warning
Missing input or output delay  
An input delay is missing on frame_data[1436] relative to the rising and/or falling clock edge(s) of core132.
Related violations: <none>

TIMING-18#491 Warning
Missing input or output delay  
An input delay is missing on frame_data[1437] relative to the rising and/or falling clock edge(s) of core132.
Related violations: <none>

TIMING-18#492 Warning
Missing input or output delay  
An input delay is missing on frame_data[1438] relative to the rising and/or falling clock edge(s) of core132.
Related violations: <none>

TIMING-18#493 Warning
Missing input or output delay  
An input delay is missing on frame_data[1439] relative to the rising and/or falling clock edge(s) of core132.
Related violations: <none>

TIMING-18#494 Warning
Missing input or output delay  
An input delay is missing on frame_data[143] relative to the rising and/or falling clock edge(s) of core132.
Related violations: <none>

TIMING-18#495 Warning
Missing input or output delay  
An input delay is missing on frame_data[1440] relative to the rising and/or falling clock edge(s) of core132.
Related violations: <none>

TIMING-18#496 Warning
Missing input or output delay  
An input delay is missing on frame_data[1441] relative to the rising and/or falling clock edge(s) of core132.
Related violations: <none>

TIMING-18#497 Warning
Missing input or output delay  
An input delay is missing on frame_data[1442] relative to the rising and/or falling clock edge(s) of core132.
Related violations: <none>

TIMING-18#498 Warning
Missing input or output delay  
An input delay is missing on frame_data[1443] relative to the rising and/or falling clock edge(s) of core132.
Related violations: <none>

TIMING-18#499 Warning
Missing input or output delay  
An input delay is missing on frame_data[1444] relative to the rising and/or falling clock edge(s) of core132.
Related violations: <none>

TIMING-18#500 Warning
Missing input or output delay  
An input delay is missing on frame_data[1445] relative to the rising and/or falling clock edge(s) of core132.
Related violations: <none>

TIMING-18#501 Warning
Missing input or output delay  
An input delay is missing on frame_data[1446] relative to the rising and/or falling clock edge(s) of core132.
Related violations: <none>

TIMING-18#502 Warning
Missing input or output delay  
An input delay is missing on frame_data[1447] relative to the rising and/or falling clock edge(s) of core132.
Related violations: <none>

TIMING-18#503 Warning
Missing input or output delay  
An input delay is missing on frame_data[1448] relative to the rising and/or falling clock edge(s) of core132.
Related violations: <none>

TIMING-18#504 Warning
Missing input or output delay  
An input delay is missing on frame_data[1449] relative to the rising and/or falling clock edge(s) of core132.
Related violations: <none>

TIMING-18#505 Warning
Missing input or output delay  
An input delay is missing on frame_data[144] relative to the rising and/or falling clock edge(s) of core132.
Related violations: <none>

TIMING-18#506 Warning
Missing input or output delay  
An input delay is missing on frame_data[1450] relative to the rising and/or falling clock edge(s) of core132.
Related violations: <none>

TIMING-18#507 Warning
Missing input or output delay  
An input delay is missing on frame_data[1451] relative to the rising and/or falling clock edge(s) of core132.
Related violations: <none>

TIMING-18#508 Warning
Missing input or output delay  
An input delay is missing on frame_data[1452] relative to the rising and/or falling clock edge(s) of core132.
Related violations: <none>

TIMING-18#509 Warning
Missing input or output delay  
An input delay is missing on frame_data[1453] relative to the rising and/or falling clock edge(s) of core132.
Related violations: <none>

TIMING-18#510 Warning
Missing input or output delay  
An input delay is missing on frame_data[1454] relative to the rising and/or falling clock edge(s) of core132.
Related violations: <none>

TIMING-18#511 Warning
Missing input or output delay  
An input delay is missing on frame_data[1455] relative to the rising and/or falling clock edge(s) of core132.
Related violations: <none>

TIMING-18#512 Warning
Missing input or output delay  
An input delay is missing on frame_data[1456] relative to the rising and/or falling clock edge(s) of core132.
Related violations: <none>

TIMING-18#513 Warning
Missing input or output delay  
An input delay is missing on frame_data[1457] relative to the rising and/or falling clock edge(s) of core132.
Related violations: <none>

TIMING-18#514 Warning
Missing input or output delay  
An input delay is missing on frame_data[1458] relative to the rising and/or falling clock edge(s) of core132.
Related violations: <none>

TIMING-18#515 Warning
Missing input or output delay  
An input delay is missing on frame_data[1459] relative to the rising and/or falling clock edge(s) of core132.
Related violations: <none>

TIMING-18#516 Warning
Missing input or output delay  
An input delay is missing on frame_data[145] relative to the rising and/or falling clock edge(s) of core132.
Related violations: <none>

TIMING-18#517 Warning
Missing input or output delay  
An input delay is missing on frame_data[1460] relative to the rising and/or falling clock edge(s) of core132.
Related violations: <none>

TIMING-18#518 Warning
Missing input or output delay  
An input delay is missing on frame_data[1461] relative to the rising and/or falling clock edge(s) of core132.
Related violations: <none>

TIMING-18#519 Warning
Missing input or output delay  
An input delay is missing on frame_data[1462] relative to the rising and/or falling clock edge(s) of core132.
Related violations: <none>

TIMING-18#520 Warning
Missing input or output delay  
An input delay is missing on frame_data[1463] relative to the rising and/or falling clock edge(s) of core132.
Related violations: <none>

TIMING-18#521 Warning
Missing input or output delay  
An input delay is missing on frame_data[1464] relative to the rising and/or falling clock edge(s) of core132.
Related violations: <none>

TIMING-18#522 Warning
Missing input or output delay  
An input delay is missing on frame_data[1465] relative to the rising and/or falling clock edge(s) of core132.
Related violations: <none>

TIMING-18#523 Warning
Missing input or output delay  
An input delay is missing on frame_data[1466] relative to the rising and/or falling clock edge(s) of core132.
Related violations: <none>

TIMING-18#524 Warning
Missing input or output delay  
An input delay is missing on frame_data[1467] relative to the rising and/or falling clock edge(s) of core132.
Related violations: <none>

TIMING-18#525 Warning
Missing input or output delay  
An input delay is missing on frame_data[1468] relative to the rising and/or falling clock edge(s) of core132.
Related violations: <none>

TIMING-18#526 Warning
Missing input or output delay  
An input delay is missing on frame_data[1469] relative to the rising and/or falling clock edge(s) of core132.
Related violations: <none>

TIMING-18#527 Warning
Missing input or output delay  
An input delay is missing on frame_data[146] relative to the rising and/or falling clock edge(s) of core132.
Related violations: <none>

TIMING-18#528 Warning
Missing input or output delay  
An input delay is missing on frame_data[1470] relative to the rising and/or falling clock edge(s) of core132.
Related violations: <none>

TIMING-18#529 Warning
Missing input or output delay  
An input delay is missing on frame_data[1471] relative to the rising and/or falling clock edge(s) of core132.
Related violations: <none>

TIMING-18#530 Warning
Missing input or output delay  
An input delay is missing on frame_data[1472] relative to the rising and/or falling clock edge(s) of core132.
Related violations: <none>

TIMING-18#531 Warning
Missing input or output delay  
An input delay is missing on frame_data[1473] relative to the rising and/or falling clock edge(s) of core132.
Related violations: <none>

TIMING-18#532 Warning
Missing input or output delay  
An input delay is missing on frame_data[1474] relative to the rising and/or falling clock edge(s) of core132.
Related violations: <none>

TIMING-18#533 Warning
Missing input or output delay  
An input delay is missing on frame_data[1475] relative to the rising and/or falling clock edge(s) of core132.
Related violations: <none>

TIMING-18#534 Warning
Missing input or output delay  
An input delay is missing on frame_data[1476] relative to the rising and/or falling clock edge(s) of core132.
Related violations: <none>

TIMING-18#535 Warning
Missing input or output delay  
An input delay is missing on frame_data[1477] relative to the rising and/or falling clock edge(s) of core132.
Related violations: <none>

TIMING-18#536 Warning
Missing input or output delay  
An input delay is missing on frame_data[1478] relative to the rising and/or falling clock edge(s) of core132.
Related violations: <none>

TIMING-18#537 Warning
Missing input or output delay  
An input delay is missing on frame_data[1479] relative to the rising and/or falling clock edge(s) of core132.
Related violations: <none>

TIMING-18#538 Warning
Missing input or output delay  
An input delay is missing on frame_data[147] relative to the rising and/or falling clock edge(s) of core132.
Related violations: <none>

TIMING-18#539 Warning
Missing input or output delay  
An input delay is missing on frame_data[1480] relative to the rising and/or falling clock edge(s) of core132.
Related violations: <none>

TIMING-18#540 Warning
Missing input or output delay  
An input delay is missing on frame_data[1481] relative to the rising and/or falling clock edge(s) of core132.
Related violations: <none>

TIMING-18#541 Warning
Missing input or output delay  
An input delay is missing on frame_data[1482] relative to the rising and/or falling clock edge(s) of core132.
Related violations: <none>

TIMING-18#542 Warning
Missing input or output delay  
An input delay is missing on frame_data[1483] relative to the rising and/or falling clock edge(s) of core132.
Related violations: <none>

TIMING-18#543 Warning
Missing input or output delay  
An input delay is missing on frame_data[1484] relative to the rising and/or falling clock edge(s) of core132.
Related violations: <none>

TIMING-18#544 Warning
Missing input or output delay  
An input delay is missing on frame_data[1485] relative to the rising and/or falling clock edge(s) of core132.
Related violations: <none>

TIMING-18#545 Warning
Missing input or output delay  
An input delay is missing on frame_data[1486] relative to the rising and/or falling clock edge(s) of core132.
Related violations: <none>

TIMING-18#546 Warning
Missing input or output delay  
An input delay is missing on frame_data[1487] relative to the rising and/or falling clock edge(s) of core132.
Related violations: <none>

TIMING-18#547 Warning
Missing input or output delay  
An input delay is missing on frame_data[1488] relative to the rising and/or falling clock edge(s) of core132.
Related violations: <none>

TIMING-18#548 Warning
Missing input or output delay  
An input delay is missing on frame_data[1489] relative to the rising and/or falling clock edge(s) of core132.
Related violations: <none>

TIMING-18#549 Warning
Missing input or output delay  
An input delay is missing on frame_data[148] relative to the rising and/or falling clock edge(s) of core132.
Related violations: <none>

TIMING-18#550 Warning
Missing input or output delay  
An input delay is missing on frame_data[1490] relative to the rising and/or falling clock edge(s) of core132.
Related violations: <none>

TIMING-18#551 Warning
Missing input or output delay  
An input delay is missing on frame_data[1491] relative to the rising and/or falling clock edge(s) of core132.
Related violations: <none>

TIMING-18#552 Warning
Missing input or output delay  
An input delay is missing on frame_data[1492] relative to the rising and/or falling clock edge(s) of core132.
Related violations: <none>

TIMING-18#553 Warning
Missing input or output delay  
An input delay is missing on frame_data[1493] relative to the rising and/or falling clock edge(s) of core132.
Related violations: <none>

TIMING-18#554 Warning
Missing input or output delay  
An input delay is missing on frame_data[1494] relative to the rising and/or falling clock edge(s) of core132.
Related violations: <none>

TIMING-18#555 Warning
Missing input or output delay  
An input delay is missing on frame_data[1495] relative to the rising and/or falling clock edge(s) of core132.
Related violations: <none>

TIMING-18#556 Warning
Missing input or output delay  
An input delay is missing on frame_data[1496] relative to the rising and/or falling clock edge(s) of core132.
Related violations: <none>

TIMING-18#557 Warning
Missing input or output delay  
An input delay is missing on frame_data[1497] relative to the rising and/or falling clock edge(s) of core132.
Related violations: <none>

TIMING-18#558 Warning
Missing input or output delay  
An input delay is missing on frame_data[1498] relative to the rising and/or falling clock edge(s) of core132.
Related violations: <none>

TIMING-18#559 Warning
Missing input or output delay  
An input delay is missing on frame_data[1499] relative to the rising and/or falling clock edge(s) of core132.
Related violations: <none>

TIMING-18#560 Warning
Missing input or output delay  
An input delay is missing on frame_data[149] relative to the rising and/or falling clock edge(s) of core132.
Related violations: <none>

TIMING-18#561 Warning
Missing input or output delay  
An input delay is missing on frame_data[14] relative to the rising and/or falling clock edge(s) of core132.
Related violations: <none>

TIMING-18#562 Warning
Missing input or output delay  
An input delay is missing on frame_data[1500] relative to the rising and/or falling clock edge(s) of core132.
Related violations: <none>

TIMING-18#563 Warning
Missing input or output delay  
An input delay is missing on frame_data[1501] relative to the rising and/or falling clock edge(s) of core132.
Related violations: <none>

TIMING-18#564 Warning
Missing input or output delay  
An input delay is missing on frame_data[1502] relative to the rising and/or falling clock edge(s) of core132.
Related violations: <none>

TIMING-18#565 Warning
Missing input or output delay  
An input delay is missing on frame_data[1503] relative to the rising and/or falling clock edge(s) of core132.
Related violations: <none>

TIMING-18#566 Warning
Missing input or output delay  
An input delay is missing on frame_data[1504] relative to the rising and/or falling clock edge(s) of core132.
Related violations: <none>

TIMING-18#567 Warning
Missing input or output delay  
An input delay is missing on frame_data[1505] relative to the rising and/or falling clock edge(s) of core132.
Related violations: <none>

TIMING-18#568 Warning
Missing input or output delay  
An input delay is missing on frame_data[1506] relative to the rising and/or falling clock edge(s) of core132.
Related violations: <none>

TIMING-18#569 Warning
Missing input or output delay  
An input delay is missing on frame_data[1507] relative to the rising and/or falling clock edge(s) of core132.
Related violations: <none>

TIMING-18#570 Warning
Missing input or output delay  
An input delay is missing on frame_data[1508] relative to the rising and/or falling clock edge(s) of core132.
Related violations: <none>

TIMING-18#571 Warning
Missing input or output delay  
An input delay is missing on frame_data[1509] relative to the rising and/or falling clock edge(s) of core132.
Related violations: <none>

TIMING-18#572 Warning
Missing input or output delay  
An input delay is missing on frame_data[150] relative to the rising and/or falling clock edge(s) of core132.
Related violations: <none>

TIMING-18#573 Warning
Missing input or output delay  
An input delay is missing on frame_data[1510] relative to the rising and/or falling clock edge(s) of core132.
Related violations: <none>

TIMING-18#574 Warning
Missing input or output delay  
An input delay is missing on frame_data[1511] relative to the rising and/or falling clock edge(s) of core132.
Related violations: <none>

TIMING-18#575 Warning
Missing input or output delay  
An input delay is missing on frame_data[1512] relative to the rising and/or falling clock edge(s) of core132.
Related violations: <none>

TIMING-18#576 Warning
Missing input or output delay  
An input delay is missing on frame_data[1513] relative to the rising and/or falling clock edge(s) of core132.
Related violations: <none>

TIMING-18#577 Warning
Missing input or output delay  
An input delay is missing on frame_data[1514] relative to the rising and/or falling clock edge(s) of core132.
Related violations: <none>

TIMING-18#578 Warning
Missing input or output delay  
An input delay is missing on frame_data[1515] relative to the rising and/or falling clock edge(s) of core132.
Related violations: <none>

TIMING-18#579 Warning
Missing input or output delay  
An input delay is missing on frame_data[1516] relative to the rising and/or falling clock edge(s) of core132.
Related violations: <none>

TIMING-18#580 Warning
Missing input or output delay  
An input delay is missing on frame_data[1517] relative to the rising and/or falling clock edge(s) of core132.
Related violations: <none>

TIMING-18#581 Warning
Missing input or output delay  
An input delay is missing on frame_data[1518] relative to the rising and/or falling clock edge(s) of core132.
Related violations: <none>

TIMING-18#582 Warning
Missing input or output delay  
An input delay is missing on frame_data[1519] relative to the rising and/or falling clock edge(s) of core132.
Related violations: <none>

TIMING-18#583 Warning
Missing input or output delay  
An input delay is missing on frame_data[151] relative to the rising and/or falling clock edge(s) of core132.
Related violations: <none>

TIMING-18#584 Warning
Missing input or output delay  
An input delay is missing on frame_data[1520] relative to the rising and/or falling clock edge(s) of core132.
Related violations: <none>

TIMING-18#585 Warning
Missing input or output delay  
An input delay is missing on frame_data[1521] relative to the rising and/or falling clock edge(s) of core132.
Related violations: <none>

TIMING-18#586 Warning
Missing input or output delay  
An input delay is missing on frame_data[1522] relative to the rising and/or falling clock edge(s) of core132.
Related violations: <none>

TIMING-18#587 Warning
Missing input or output delay  
An input delay is missing on frame_data[1523] relative to the rising and/or falling clock edge(s) of core132.
Related violations: <none>

TIMING-18#588 Warning
Missing input or output delay  
An input delay is missing on frame_data[1524] relative to the rising and/or falling clock edge(s) of core132.
Related violations: <none>

TIMING-18#589 Warning
Missing input or output delay  
An input delay is missing on frame_data[1525] relative to the rising and/or falling clock edge(s) of core132.
Related violations: <none>

TIMING-18#590 Warning
Missing input or output delay  
An input delay is missing on frame_data[1526] relative to the rising and/or falling clock edge(s) of core132.
Related violations: <none>

TIMING-18#591 Warning
Missing input or output delay  
An input delay is missing on frame_data[1527] relative to the rising and/or falling clock edge(s) of core132.
Related violations: <none>

TIMING-18#592 Warning
Missing input or output delay  
An input delay is missing on frame_data[1528] relative to the rising and/or falling clock edge(s) of core132.
Related violations: <none>

TIMING-18#593 Warning
Missing input or output delay  
An input delay is missing on frame_data[1529] relative to the rising and/or falling clock edge(s) of core132.
Related violations: <none>

TIMING-18#594 Warning
Missing input or output delay  
An input delay is missing on frame_data[152] relative to the rising and/or falling clock edge(s) of core132.
Related violations: <none>

TIMING-18#595 Warning
Missing input or output delay  
An input delay is missing on frame_data[1530] relative to the rising and/or falling clock edge(s) of core132.
Related violations: <none>

TIMING-18#596 Warning
Missing input or output delay  
An input delay is missing on frame_data[1531] relative to the rising and/or falling clock edge(s) of core132.
Related violations: <none>

TIMING-18#597 Warning
Missing input or output delay  
An input delay is missing on frame_data[1532] relative to the rising and/or falling clock edge(s) of core132.
Related violations: <none>

TIMING-18#598 Warning
Missing input or output delay  
An input delay is missing on frame_data[1533] relative to the rising and/or falling clock edge(s) of core132.
Related violations: <none>

TIMING-18#599 Warning
Missing input or output delay  
An input delay is missing on frame_data[1534] relative to the rising and/or falling clock edge(s) of core132.
Related violations: <none>

TIMING-18#600 Warning
Missing input or output delay  
An input delay is missing on frame_data[1535] relative to the rising and/or falling clock edge(s) of core132.
Related violations: <none>

TIMING-18#601 Warning
Missing input or output delay  
An input delay is missing on frame_data[1536] relative to the rising and/or falling clock edge(s) of core132.
Related violations: <none>

TIMING-18#602 Warning
Missing input or output delay  
An input delay is missing on frame_data[1537] relative to the rising and/or falling clock edge(s) of core132.
Related violations: <none>

TIMING-18#603 Warning
Missing input or output delay  
An input delay is missing on frame_data[1538] relative to the rising and/or falling clock edge(s) of core132.
Related violations: <none>

TIMING-18#604 Warning
Missing input or output delay  
An input delay is missing on frame_data[1539] relative to the rising and/or falling clock edge(s) of core132.
Related violations: <none>

TIMING-18#605 Warning
Missing input or output delay  
An input delay is missing on frame_data[153] relative to the rising and/or falling clock edge(s) of core132.
Related violations: <none>

TIMING-18#606 Warning
Missing input or output delay  
An input delay is missing on frame_data[1540] relative to the rising and/or falling clock edge(s) of core132.
Related violations: <none>

TIMING-18#607 Warning
Missing input or output delay  
An input delay is missing on frame_data[1541] relative to the rising and/or falling clock edge(s) of core132.
Related violations: <none>

TIMING-18#608 Warning
Missing input or output delay  
An input delay is missing on frame_data[1542] relative to the rising and/or falling clock edge(s) of core132.
Related violations: <none>

TIMING-18#609 Warning
Missing input or output delay  
An input delay is missing on frame_data[1543] relative to the rising and/or falling clock edge(s) of core132.
Related violations: <none>

TIMING-18#610 Warning
Missing input or output delay  
An input delay is missing on frame_data[1544] relative to the rising and/or falling clock edge(s) of core132.
Related violations: <none>

TIMING-18#611 Warning
Missing input or output delay  
An input delay is missing on frame_data[1545] relative to the rising and/or falling clock edge(s) of core132.
Related violations: <none>

TIMING-18#612 Warning
Missing input or output delay  
An input delay is missing on frame_data[1546] relative to the rising and/or falling clock edge(s) of core132.
Related violations: <none>

TIMING-18#613 Warning
Missing input or output delay  
An input delay is missing on frame_data[1547] relative to the rising and/or falling clock edge(s) of core132.
Related violations: <none>

TIMING-18#614 Warning
Missing input or output delay  
An input delay is missing on frame_data[1548] relative to the rising and/or falling clock edge(s) of core132.
Related violations: <none>

TIMING-18#615 Warning
Missing input or output delay  
An input delay is missing on frame_data[1549] relative to the rising and/or falling clock edge(s) of core132.
Related violations: <none>

TIMING-18#616 Warning
Missing input or output delay  
An input delay is missing on frame_data[154] relative to the rising and/or falling clock edge(s) of core132.
Related violations: <none>

TIMING-18#617 Warning
Missing input or output delay  
An input delay is missing on frame_data[1550] relative to the rising and/or falling clock edge(s) of core132.
Related violations: <none>

TIMING-18#618 Warning
Missing input or output delay  
An input delay is missing on frame_data[1551] relative to the rising and/or falling clock edge(s) of core132.
Related violations: <none>

TIMING-18#619 Warning
Missing input or output delay  
An input delay is missing on frame_data[1552] relative to the rising and/or falling clock edge(s) of core132.
Related violations: <none>

TIMING-18#620 Warning
Missing input or output delay  
An input delay is missing on frame_data[1553] relative to the rising and/or falling clock edge(s) of core132.
Related violations: <none>

TIMING-18#621 Warning
Missing input or output delay  
An input delay is missing on frame_data[1554] relative to the rising and/or falling clock edge(s) of core132.
Related violations: <none>

TIMING-18#622 Warning
Missing input or output delay  
An input delay is missing on frame_data[1555] relative to the rising and/or falling clock edge(s) of core132.
Related violations: <none>

TIMING-18#623 Warning
Missing input or output delay  
An input delay is missing on frame_data[1556] relative to the rising and/or falling clock edge(s) of core132.
Related violations: <none>

TIMING-18#624 Warning
Missing input or output delay  
An input delay is missing on frame_data[1557] relative to the rising and/or falling clock edge(s) of core132.
Related violations: <none>

TIMING-18#625 Warning
Missing input or output delay  
An input delay is missing on frame_data[1558] relative to the rising and/or falling clock edge(s) of core132.
Related violations: <none>

TIMING-18#626 Warning
Missing input or output delay  
An input delay is missing on frame_data[1559] relative to the rising and/or falling clock edge(s) of core132.
Related violations: <none>

TIMING-18#627 Warning
Missing input or output delay  
An input delay is missing on frame_data[155] relative to the rising and/or falling clock edge(s) of core132.
Related violations: <none>

TIMING-18#628 Warning
Missing input or output delay  
An input delay is missing on frame_data[1560] relative to the rising and/or falling clock edge(s) of core132.
Related violations: <none>

TIMING-18#629 Warning
Missing input or output delay  
An input delay is missing on frame_data[1561] relative to the rising and/or falling clock edge(s) of core132.
Related violations: <none>

TIMING-18#630 Warning
Missing input or output delay  
An input delay is missing on frame_data[1562] relative to the rising and/or falling clock edge(s) of core132.
Related violations: <none>

TIMING-18#631 Warning
Missing input or output delay  
An input delay is missing on frame_data[1563] relative to the rising and/or falling clock edge(s) of core132.
Related violations: <none>

TIMING-18#632 Warning
Missing input or output delay  
An input delay is missing on frame_data[1564] relative to the rising and/or falling clock edge(s) of core132.
Related violations: <none>

TIMING-18#633 Warning
Missing input or output delay  
An input delay is missing on frame_data[1565] relative to the rising and/or falling clock edge(s) of core132.
Related violations: <none>

TIMING-18#634 Warning
Missing input or output delay  
An input delay is missing on frame_data[1566] relative to the rising and/or falling clock edge(s) of core132.
Related violations: <none>

TIMING-18#635 Warning
Missing input or output delay  
An input delay is missing on frame_data[1567] relative to the rising and/or falling clock edge(s) of core132.
Related violations: <none>

TIMING-18#636 Warning
Missing input or output delay  
An input delay is missing on frame_data[1568] relative to the rising and/or falling clock edge(s) of core132.
Related violations: <none>

TIMING-18#637 Warning
Missing input or output delay  
An input delay is missing on frame_data[1569] relative to the rising and/or falling clock edge(s) of core132.
Related violations: <none>

TIMING-18#638 Warning
Missing input or output delay  
An input delay is missing on frame_data[156] relative to the rising and/or falling clock edge(s) of core132.
Related violations: <none>

TIMING-18#639 Warning
Missing input or output delay  
An input delay is missing on frame_data[1570] relative to the rising and/or falling clock edge(s) of core132.
Related violations: <none>

TIMING-18#640 Warning
Missing input or output delay  
An input delay is missing on frame_data[1571] relative to the rising and/or falling clock edge(s) of core132.
Related violations: <none>

TIMING-18#641 Warning
Missing input or output delay  
An input delay is missing on frame_data[1572] relative to the rising and/or falling clock edge(s) of core132.
Related violations: <none>

TIMING-18#642 Warning
Missing input or output delay  
An input delay is missing on frame_data[1573] relative to the rising and/or falling clock edge(s) of core132.
Related violations: <none>

TIMING-18#643 Warning
Missing input or output delay  
An input delay is missing on frame_data[1574] relative to the rising and/or falling clock edge(s) of core132.
Related violations: <none>

TIMING-18#644 Warning
Missing input or output delay  
An input delay is missing on frame_data[1575] relative to the rising and/or falling clock edge(s) of core132.
Related violations: <none>

TIMING-18#645 Warning
Missing input or output delay  
An input delay is missing on frame_data[1576] relative to the rising and/or falling clock edge(s) of core132.
Related violations: <none>

TIMING-18#646 Warning
Missing input or output delay  
An input delay is missing on frame_data[1577] relative to the rising and/or falling clock edge(s) of core132.
Related violations: <none>

TIMING-18#647 Warning
Missing input or output delay  
An input delay is missing on frame_data[1578] relative to the rising and/or falling clock edge(s) of core132.
Related violations: <none>

TIMING-18#648 Warning
Missing input or output delay  
An input delay is missing on frame_data[1579] relative to the rising and/or falling clock edge(s) of core132.
Related violations: <none>

TIMING-18#649 Warning
Missing input or output delay  
An input delay is missing on frame_data[157] relative to the rising and/or falling clock edge(s) of core132.
Related violations: <none>

TIMING-18#650 Warning
Missing input or output delay  
An input delay is missing on frame_data[1580] relative to the rising and/or falling clock edge(s) of core132.
Related violations: <none>

TIMING-18#651 Warning
Missing input or output delay  
An input delay is missing on frame_data[1581] relative to the rising and/or falling clock edge(s) of core132.
Related violations: <none>

TIMING-18#652 Warning
Missing input or output delay  
An input delay is missing on frame_data[1582] relative to the rising and/or falling clock edge(s) of core132.
Related violations: <none>

TIMING-18#653 Warning
Missing input or output delay  
An input delay is missing on frame_data[1583] relative to the rising and/or falling clock edge(s) of core132.
Related violations: <none>

TIMING-18#654 Warning
Missing input or output delay  
An input delay is missing on frame_data[1584] relative to the rising and/or falling clock edge(s) of core132.
Related violations: <none>

TIMING-18#655 Warning
Missing input or output delay  
An input delay is missing on frame_data[1585] relative to the rising and/or falling clock edge(s) of core132.
Related violations: <none>

TIMING-18#656 Warning
Missing input or output delay  
An input delay is missing on frame_data[1586] relative to the rising and/or falling clock edge(s) of core132.
Related violations: <none>

TIMING-18#657 Warning
Missing input or output delay  
An input delay is missing on frame_data[1587] relative to the rising and/or falling clock edge(s) of core132.
Related violations: <none>

TIMING-18#658 Warning
Missing input or output delay  
An input delay is missing on frame_data[1588] relative to the rising and/or falling clock edge(s) of core132.
Related violations: <none>

TIMING-18#659 Warning
Missing input or output delay  
An input delay is missing on frame_data[1589] relative to the rising and/or falling clock edge(s) of core132.
Related violations: <none>

TIMING-18#660 Warning
Missing input or output delay  
An input delay is missing on frame_data[158] relative to the rising and/or falling clock edge(s) of core132.
Related violations: <none>

TIMING-18#661 Warning
Missing input or output delay  
An input delay is missing on frame_data[1590] relative to the rising and/or falling clock edge(s) of core132.
Related violations: <none>

TIMING-18#662 Warning
Missing input or output delay  
An input delay is missing on frame_data[1591] relative to the rising and/or falling clock edge(s) of core132.
Related violations: <none>

TIMING-18#663 Warning
Missing input or output delay  
An input delay is missing on frame_data[1592] relative to the rising and/or falling clock edge(s) of core132.
Related violations: <none>

TIMING-18#664 Warning
Missing input or output delay  
An input delay is missing on frame_data[1593] relative to the rising and/or falling clock edge(s) of core132.
Related violations: <none>

TIMING-18#665 Warning
Missing input or output delay  
An input delay is missing on frame_data[1594] relative to the rising and/or falling clock edge(s) of core132.
Related violations: <none>

TIMING-18#666 Warning
Missing input or output delay  
An input delay is missing on frame_data[1595] relative to the rising and/or falling clock edge(s) of core132.
Related violations: <none>

TIMING-18#667 Warning
Missing input or output delay  
An input delay is missing on frame_data[1596] relative to the rising and/or falling clock edge(s) of core132.
Related violations: <none>

TIMING-18#668 Warning
Missing input or output delay  
An input delay is missing on frame_data[1597] relative to the rising and/or falling clock edge(s) of core132.
Related violations: <none>

TIMING-18#669 Warning
Missing input or output delay  
An input delay is missing on frame_data[1598] relative to the rising and/or falling clock edge(s) of core132.
Related violations: <none>

TIMING-18#670 Warning
Missing input or output delay  
An input delay is missing on frame_data[1599] relative to the rising and/or falling clock edge(s) of core132.
Related violations: <none>

TIMING-18#671 Warning
Missing input or output delay  
An input delay is missing on frame_data[159] relative to the rising and/or falling clock edge(s) of core132.
Related violations: <none>

TIMING-18#672 Warning
Missing input or output delay  
An input delay is missing on frame_data[15] relative to the rising and/or falling clock edge(s) of core132.
Related violations: <none>

TIMING-18#673 Warning
Missing input or output delay  
An input delay is missing on frame_data[1600] relative to the rising and/or falling clock edge(s) of core132.
Related violations: <none>

TIMING-18#674 Warning
Missing input or output delay  
An input delay is missing on frame_data[1601] relative to the rising and/or falling clock edge(s) of core132.
Related violations: <none>

TIMING-18#675 Warning
Missing input or output delay  
An input delay is missing on frame_data[1602] relative to the rising and/or falling clock edge(s) of core132.
Related violations: <none>

TIMING-18#676 Warning
Missing input or output delay  
An input delay is missing on frame_data[1603] relative to the rising and/or falling clock edge(s) of core132.
Related violations: <none>

TIMING-18#677 Warning
Missing input or output delay  
An input delay is missing on frame_data[1604] relative to the rising and/or falling clock edge(s) of core132.
Related violations: <none>

TIMING-18#678 Warning
Missing input or output delay  
An input delay is missing on frame_data[1605] relative to the rising and/or falling clock edge(s) of core132.
Related violations: <none>

TIMING-18#679 Warning
Missing input or output delay  
An input delay is missing on frame_data[1606] relative to the rising and/or falling clock edge(s) of core132.
Related violations: <none>

TIMING-18#680 Warning
Missing input or output delay  
An input delay is missing on frame_data[1607] relative to the rising and/or falling clock edge(s) of core132.
Related violations: <none>

TIMING-18#681 Warning
Missing input or output delay  
An input delay is missing on frame_data[1608] relative to the rising and/or falling clock edge(s) of core132.
Related violations: <none>

TIMING-18#682 Warning
Missing input or output delay  
An input delay is missing on frame_data[1609] relative to the rising and/or falling clock edge(s) of core132.
Related violations: <none>

TIMING-18#683 Warning
Missing input or output delay  
An input delay is missing on frame_data[160] relative to the rising and/or falling clock edge(s) of core132.
Related violations: <none>

TIMING-18#684 Warning
Missing input or output delay  
An input delay is missing on frame_data[1610] relative to the rising and/or falling clock edge(s) of core132.
Related violations: <none>

TIMING-18#685 Warning
Missing input or output delay  
An input delay is missing on frame_data[1611] relative to the rising and/or falling clock edge(s) of core132.
Related violations: <none>

TIMING-18#686 Warning
Missing input or output delay  
An input delay is missing on frame_data[1612] relative to the rising and/or falling clock edge(s) of core132.
Related violations: <none>

TIMING-18#687 Warning
Missing input or output delay  
An input delay is missing on frame_data[1613] relative to the rising and/or falling clock edge(s) of core132.
Related violations: <none>

TIMING-18#688 Warning
Missing input or output delay  
An input delay is missing on frame_data[1614] relative to the rising and/or falling clock edge(s) of core132.
Related violations: <none>

TIMING-18#689 Warning
Missing input or output delay  
An input delay is missing on frame_data[1615] relative to the rising and/or falling clock edge(s) of core132.
Related violations: <none>

TIMING-18#690 Warning
Missing input or output delay  
An input delay is missing on frame_data[1616] relative to the rising and/or falling clock edge(s) of core132.
Related violations: <none>

TIMING-18#691 Warning
Missing input or output delay  
An input delay is missing on frame_data[1617] relative to the rising and/or falling clock edge(s) of core132.
Related violations: <none>

TIMING-18#692 Warning
Missing input or output delay  
An input delay is missing on frame_data[1618] relative to the rising and/or falling clock edge(s) of core132.
Related violations: <none>

TIMING-18#693 Warning
Missing input or output delay  
An input delay is missing on frame_data[1619] relative to the rising and/or falling clock edge(s) of core132.
Related violations: <none>

TIMING-18#694 Warning
Missing input or output delay  
An input delay is missing on frame_data[161] relative to the rising and/or falling clock edge(s) of core132.
Related violations: <none>

TIMING-18#695 Warning
Missing input or output delay  
An input delay is missing on frame_data[1620] relative to the rising and/or falling clock edge(s) of core132.
Related violations: <none>

TIMING-18#696 Warning
Missing input or output delay  
An input delay is missing on frame_data[1621] relative to the rising and/or falling clock edge(s) of core132.
Related violations: <none>

TIMING-18#697 Warning
Missing input or output delay  
An input delay is missing on frame_data[1622] relative to the rising and/or falling clock edge(s) of core132.
Related violations: <none>

TIMING-18#698 Warning
Missing input or output delay  
An input delay is missing on frame_data[1623] relative to the rising and/or falling clock edge(s) of core132.
Related violations: <none>

TIMING-18#699 Warning
Missing input or output delay  
An input delay is missing on frame_data[1624] relative to the rising and/or falling clock edge(s) of core132.
Related violations: <none>

TIMING-18#700 Warning
Missing input or output delay  
An input delay is missing on frame_data[1625] relative to the rising and/or falling clock edge(s) of core132.
Related violations: <none>

TIMING-18#701 Warning
Missing input or output delay  
An input delay is missing on frame_data[1626] relative to the rising and/or falling clock edge(s) of core132.
Related violations: <none>

TIMING-18#702 Warning
Missing input or output delay  
An input delay is missing on frame_data[1627] relative to the rising and/or falling clock edge(s) of core132.
Related violations: <none>

TIMING-18#703 Warning
Missing input or output delay  
An input delay is missing on frame_data[1628] relative to the rising and/or falling clock edge(s) of core132.
Related violations: <none>

TIMING-18#704 Warning
Missing input or output delay  
An input delay is missing on frame_data[1629] relative to the rising and/or falling clock edge(s) of core132.
Related violations: <none>

TIMING-18#705 Warning
Missing input or output delay  
An input delay is missing on frame_data[162] relative to the rising and/or falling clock edge(s) of core132.
Related violations: <none>

TIMING-18#706 Warning
Missing input or output delay  
An input delay is missing on frame_data[1630] relative to the rising and/or falling clock edge(s) of core132.
Related violations: <none>

TIMING-18#707 Warning
Missing input or output delay  
An input delay is missing on frame_data[1631] relative to the rising and/or falling clock edge(s) of core132.
Related violations: <none>

TIMING-18#708 Warning
Missing input or output delay  
An input delay is missing on frame_data[1632] relative to the rising and/or falling clock edge(s) of core132.
Related violations: <none>

TIMING-18#709 Warning
Missing input or output delay  
An input delay is missing on frame_data[1633] relative to the rising and/or falling clock edge(s) of core132.
Related violations: <none>

TIMING-18#710 Warning
Missing input or output delay  
An input delay is missing on frame_data[1634] relative to the rising and/or falling clock edge(s) of core132.
Related violations: <none>

TIMING-18#711 Warning
Missing input or output delay  
An input delay is missing on frame_data[1635] relative to the rising and/or falling clock edge(s) of core132.
Related violations: <none>

TIMING-18#712 Warning
Missing input or output delay  
An input delay is missing on frame_data[1636] relative to the rising and/or falling clock edge(s) of core132.
Related violations: <none>

TIMING-18#713 Warning
Missing input or output delay  
An input delay is missing on frame_data[1637] relative to the rising and/or falling clock edge(s) of core132.
Related violations: <none>

TIMING-18#714 Warning
Missing input or output delay  
An input delay is missing on frame_data[1638] relative to the rising and/or falling clock edge(s) of core132.
Related violations: <none>

TIMING-18#715 Warning
Missing input or output delay  
An input delay is missing on frame_data[1639] relative to the rising and/or falling clock edge(s) of core132.
Related violations: <none>

TIMING-18#716 Warning
Missing input or output delay  
An input delay is missing on frame_data[163] relative to the rising and/or falling clock edge(s) of core132.
Related violations: <none>

TIMING-18#717 Warning
Missing input or output delay  
An input delay is missing on frame_data[1640] relative to the rising and/or falling clock edge(s) of core132.
Related violations: <none>

TIMING-18#718 Warning
Missing input or output delay  
An input delay is missing on frame_data[1641] relative to the rising and/or falling clock edge(s) of core132.
Related violations: <none>

TIMING-18#719 Warning
Missing input or output delay  
An input delay is missing on frame_data[1642] relative to the rising and/or falling clock edge(s) of core132.
Related violations: <none>

TIMING-18#720 Warning
Missing input or output delay  
An input delay is missing on frame_data[1643] relative to the rising and/or falling clock edge(s) of core132.
Related violations: <none>

TIMING-18#721 Warning
Missing input or output delay  
An input delay is missing on frame_data[1644] relative to the rising and/or falling clock edge(s) of core132.
Related violations: <none>

TIMING-18#722 Warning
Missing input or output delay  
An input delay is missing on frame_data[1645] relative to the rising and/or falling clock edge(s) of core132.
Related violations: <none>

TIMING-18#723 Warning
Missing input or output delay  
An input delay is missing on frame_data[1646] relative to the rising and/or falling clock edge(s) of core132.
Related violations: <none>

TIMING-18#724 Warning
Missing input or output delay  
An input delay is missing on frame_data[1647] relative to the rising and/or falling clock edge(s) of core132.
Related violations: <none>

TIMING-18#725 Warning
Missing input or output delay  
An input delay is missing on frame_data[1648] relative to the rising and/or falling clock edge(s) of core132.
Related violations: <none>

TIMING-18#726 Warning
Missing input or output delay  
An input delay is missing on frame_data[1649] relative to the rising and/or falling clock edge(s) of core132.
Related violations: <none>

TIMING-18#727 Warning
Missing input or output delay  
An input delay is missing on frame_data[164] relative to the rising and/or falling clock edge(s) of core132.
Related violations: <none>

TIMING-18#728 Warning
Missing input or output delay  
An input delay is missing on frame_data[1650] relative to the rising and/or falling clock edge(s) of core132.
Related violations: <none>

TIMING-18#729 Warning
Missing input or output delay  
An input delay is missing on frame_data[1651] relative to the rising and/or falling clock edge(s) of core132.
Related violations: <none>

TIMING-18#730 Warning
Missing input or output delay  
An input delay is missing on frame_data[1652] relative to the rising and/or falling clock edge(s) of core132.
Related violations: <none>

TIMING-18#731 Warning
Missing input or output delay  
An input delay is missing on frame_data[1653] relative to the rising and/or falling clock edge(s) of core132.
Related violations: <none>

TIMING-18#732 Warning
Missing input or output delay  
An input delay is missing on frame_data[1654] relative to the rising and/or falling clock edge(s) of core132.
Related violations: <none>

TIMING-18#733 Warning
Missing input or output delay  
An input delay is missing on frame_data[1655] relative to the rising and/or falling clock edge(s) of core132.
Related violations: <none>

TIMING-18#734 Warning
Missing input or output delay  
An input delay is missing on frame_data[1656] relative to the rising and/or falling clock edge(s) of core132.
Related violations: <none>

TIMING-18#735 Warning
Missing input or output delay  
An input delay is missing on frame_data[1657] relative to the rising and/or falling clock edge(s) of core132.
Related violations: <none>

TIMING-18#736 Warning
Missing input or output delay  
An input delay is missing on frame_data[1658] relative to the rising and/or falling clock edge(s) of core132.
Related violations: <none>

TIMING-18#737 Warning
Missing input or output delay  
An input delay is missing on frame_data[1659] relative to the rising and/or falling clock edge(s) of core132.
Related violations: <none>

TIMING-18#738 Warning
Missing input or output delay  
An input delay is missing on frame_data[165] relative to the rising and/or falling clock edge(s) of core132.
Related violations: <none>

TIMING-18#739 Warning
Missing input or output delay  
An input delay is missing on frame_data[1660] relative to the rising and/or falling clock edge(s) of core132.
Related violations: <none>

TIMING-18#740 Warning
Missing input or output delay  
An input delay is missing on frame_data[1661] relative to the rising and/or falling clock edge(s) of core132.
Related violations: <none>

TIMING-18#741 Warning
Missing input or output delay  
An input delay is missing on frame_data[1662] relative to the rising and/or falling clock edge(s) of core132.
Related violations: <none>

TIMING-18#742 Warning
Missing input or output delay  
An input delay is missing on frame_data[1663] relative to the rising and/or falling clock edge(s) of core132.
Related violations: <none>

TIMING-18#743 Warning
Missing input or output delay  
An input delay is missing on frame_data[1664] relative to the rising and/or falling clock edge(s) of core132.
Related violations: <none>

TIMING-18#744 Warning
Missing input or output delay  
An input delay is missing on frame_data[1665] relative to the rising and/or falling clock edge(s) of core132.
Related violations: <none>

TIMING-18#745 Warning
Missing input or output delay  
An input delay is missing on frame_data[1666] relative to the rising and/or falling clock edge(s) of core132.
Related violations: <none>

TIMING-18#746 Warning
Missing input or output delay  
An input delay is missing on frame_data[1667] relative to the rising and/or falling clock edge(s) of core132.
Related violations: <none>

TIMING-18#747 Warning
Missing input or output delay  
An input delay is missing on frame_data[1668] relative to the rising and/or falling clock edge(s) of core132.
Related violations: <none>

TIMING-18#748 Warning
Missing input or output delay  
An input delay is missing on frame_data[1669] relative to the rising and/or falling clock edge(s) of core132.
Related violations: <none>

TIMING-18#749 Warning
Missing input or output delay  
An input delay is missing on frame_data[166] relative to the rising and/or falling clock edge(s) of core132.
Related violations: <none>

TIMING-18#750 Warning
Missing input or output delay  
An input delay is missing on frame_data[1670] relative to the rising and/or falling clock edge(s) of core132.
Related violations: <none>

TIMING-18#751 Warning
Missing input or output delay  
An input delay is missing on frame_data[1671] relative to the rising and/or falling clock edge(s) of core132.
Related violations: <none>

TIMING-18#752 Warning
Missing input or output delay  
An input delay is missing on frame_data[1672] relative to the rising and/or falling clock edge(s) of core132.
Related violations: <none>

TIMING-18#753 Warning
Missing input or output delay  
An input delay is missing on frame_data[1673] relative to the rising and/or falling clock edge(s) of core132.
Related violations: <none>

TIMING-18#754 Warning
Missing input or output delay  
An input delay is missing on frame_data[1674] relative to the rising and/or falling clock edge(s) of core132.
Related violations: <none>

TIMING-18#755 Warning
Missing input or output delay  
An input delay is missing on frame_data[1675] relative to the rising and/or falling clock edge(s) of core132.
Related violations: <none>

TIMING-18#756 Warning
Missing input or output delay  
An input delay is missing on frame_data[1676] relative to the rising and/or falling clock edge(s) of core132.
Related violations: <none>

TIMING-18#757 Warning
Missing input or output delay  
An input delay is missing on frame_data[1677] relative to the rising and/or falling clock edge(s) of core132.
Related violations: <none>

TIMING-18#758 Warning
Missing input or output delay  
An input delay is missing on frame_data[1678] relative to the rising and/or falling clock edge(s) of core132.
Related violations: <none>

TIMING-18#759 Warning
Missing input or output delay  
An input delay is missing on frame_data[1679] relative to the rising and/or falling clock edge(s) of core132.
Related violations: <none>

TIMING-18#760 Warning
Missing input or output delay  
An input delay is missing on frame_data[167] relative to the rising and/or falling clock edge(s) of core132.
Related violations: <none>

TIMING-18#761 Warning
Missing input or output delay  
An input delay is missing on frame_data[1680] relative to the rising and/or falling clock edge(s) of core132.
Related violations: <none>

TIMING-18#762 Warning
Missing input or output delay  
An input delay is missing on frame_data[1681] relative to the rising and/or falling clock edge(s) of core132.
Related violations: <none>

TIMING-18#763 Warning
Missing input or output delay  
An input delay is missing on frame_data[1682] relative to the rising and/or falling clock edge(s) of core132.
Related violations: <none>

TIMING-18#764 Warning
Missing input or output delay  
An input delay is missing on frame_data[1683] relative to the rising and/or falling clock edge(s) of core132.
Related violations: <none>

TIMING-18#765 Warning
Missing input or output delay  
An input delay is missing on frame_data[1684] relative to the rising and/or falling clock edge(s) of core132.
Related violations: <none>

TIMING-18#766 Warning
Missing input or output delay  
An input delay is missing on frame_data[1685] relative to the rising and/or falling clock edge(s) of core132.
Related violations: <none>

TIMING-18#767 Warning
Missing input or output delay  
An input delay is missing on frame_data[1686] relative to the rising and/or falling clock edge(s) of core132.
Related violations: <none>

TIMING-18#768 Warning
Missing input or output delay  
An input delay is missing on frame_data[1687] relative to the rising and/or falling clock edge(s) of core132.
Related violations: <none>

TIMING-18#769 Warning
Missing input or output delay  
An input delay is missing on frame_data[1688] relative to the rising and/or falling clock edge(s) of core132.
Related violations: <none>

TIMING-18#770 Warning
Missing input or output delay  
An input delay is missing on frame_data[1689] relative to the rising and/or falling clock edge(s) of core132.
Related violations: <none>

TIMING-18#771 Warning
Missing input or output delay  
An input delay is missing on frame_data[168] relative to the rising and/or falling clock edge(s) of core132.
Related violations: <none>

TIMING-18#772 Warning
Missing input or output delay  
An input delay is missing on frame_data[1690] relative to the rising and/or falling clock edge(s) of core132.
Related violations: <none>

TIMING-18#773 Warning
Missing input or output delay  
An input delay is missing on frame_data[1691] relative to the rising and/or falling clock edge(s) of core132.
Related violations: <none>

TIMING-18#774 Warning
Missing input or output delay  
An input delay is missing on frame_data[1692] relative to the rising and/or falling clock edge(s) of core132.
Related violations: <none>

TIMING-18#775 Warning
Missing input or output delay  
An input delay is missing on frame_data[1693] relative to the rising and/or falling clock edge(s) of core132.
Related violations: <none>

TIMING-18#776 Warning
Missing input or output delay  
An input delay is missing on frame_data[1694] relative to the rising and/or falling clock edge(s) of core132.
Related violations: <none>

TIMING-18#777 Warning
Missing input or output delay  
An input delay is missing on frame_data[1695] relative to the rising and/or falling clock edge(s) of core132.
Related violations: <none>

TIMING-18#778 Warning
Missing input or output delay  
An input delay is missing on frame_data[1696] relative to the rising and/or falling clock edge(s) of core132.
Related violations: <none>

TIMING-18#779 Warning
Missing input or output delay  
An input delay is missing on frame_data[1697] relative to the rising and/or falling clock edge(s) of core132.
Related violations: <none>

TIMING-18#780 Warning
Missing input or output delay  
An input delay is missing on frame_data[1698] relative to the rising and/or falling clock edge(s) of core132.
Related violations: <none>

TIMING-18#781 Warning
Missing input or output delay  
An input delay is missing on frame_data[1699] relative to the rising and/or falling clock edge(s) of core132.
Related violations: <none>

TIMING-18#782 Warning
Missing input or output delay  
An input delay is missing on frame_data[169] relative to the rising and/or falling clock edge(s) of core132.
Related violations: <none>

TIMING-18#783 Warning
Missing input or output delay  
An input delay is missing on frame_data[16] relative to the rising and/or falling clock edge(s) of core132.
Related violations: <none>

TIMING-18#784 Warning
Missing input or output delay  
An input delay is missing on frame_data[1700] relative to the rising and/or falling clock edge(s) of core132.
Related violations: <none>

TIMING-18#785 Warning
Missing input or output delay  
An input delay is missing on frame_data[1701] relative to the rising and/or falling clock edge(s) of core132.
Related violations: <none>

TIMING-18#786 Warning
Missing input or output delay  
An input delay is missing on frame_data[1702] relative to the rising and/or falling clock edge(s) of core132.
Related violations: <none>

TIMING-18#787 Warning
Missing input or output delay  
An input delay is missing on frame_data[1703] relative to the rising and/or falling clock edge(s) of core132.
Related violations: <none>

TIMING-18#788 Warning
Missing input or output delay  
An input delay is missing on frame_data[1704] relative to the rising and/or falling clock edge(s) of core132.
Related violations: <none>

TIMING-18#789 Warning
Missing input or output delay  
An input delay is missing on frame_data[1705] relative to the rising and/or falling clock edge(s) of core132.
Related violations: <none>

TIMING-18#790 Warning
Missing input or output delay  
An input delay is missing on frame_data[1706] relative to the rising and/or falling clock edge(s) of core132.
Related violations: <none>

TIMING-18#791 Warning
Missing input or output delay  
An input delay is missing on frame_data[1707] relative to the rising and/or falling clock edge(s) of core132.
Related violations: <none>

TIMING-18#792 Warning
Missing input or output delay  
An input delay is missing on frame_data[1708] relative to the rising and/or falling clock edge(s) of core132.
Related violations: <none>

TIMING-18#793 Warning
Missing input or output delay  
An input delay is missing on frame_data[1709] relative to the rising and/or falling clock edge(s) of core132.
Related violations: <none>

TIMING-18#794 Warning
Missing input or output delay  
An input delay is missing on frame_data[170] relative to the rising and/or falling clock edge(s) of core132.
Related violations: <none>

TIMING-18#795 Warning
Missing input or output delay  
An input delay is missing on frame_data[1710] relative to the rising and/or falling clock edge(s) of core132.
Related violations: <none>

TIMING-18#796 Warning
Missing input or output delay  
An input delay is missing on frame_data[1711] relative to the rising and/or falling clock edge(s) of core132.
Related violations: <none>

TIMING-18#797 Warning
Missing input or output delay  
An input delay is missing on frame_data[1712] relative to the rising and/or falling clock edge(s) of core132.
Related violations: <none>

TIMING-18#798 Warning
Missing input or output delay  
An input delay is missing on frame_data[1713] relative to the rising and/or falling clock edge(s) of core132.
Related violations: <none>

TIMING-18#799 Warning
Missing input or output delay  
An input delay is missing on frame_data[1714] relative to the rising and/or falling clock edge(s) of core132.
Related violations: <none>

TIMING-18#800 Warning
Missing input or output delay  
An input delay is missing on frame_data[1715] relative to the rising and/or falling clock edge(s) of core132.
Related violations: <none>

TIMING-18#801 Warning
Missing input or output delay  
An input delay is missing on frame_data[1716] relative to the rising and/or falling clock edge(s) of core132.
Related violations: <none>

TIMING-18#802 Warning
Missing input or output delay  
An input delay is missing on frame_data[1717] relative to the rising and/or falling clock edge(s) of core132.
Related violations: <none>

TIMING-18#803 Warning
Missing input or output delay  
An input delay is missing on frame_data[1718] relative to the rising and/or falling clock edge(s) of core132.
Related violations: <none>

TIMING-18#804 Warning
Missing input or output delay  
An output delay is missing on acknowledged_sequence[0] relative to the rising and/or falling clock edge(s) of core132.
Related violations: <none>

TIMING-18#805 Warning
Missing input or output delay  
An output delay is missing on acknowledged_sequence[10] relative to the rising and/or falling clock edge(s) of core132.
Related violations: <none>

TIMING-18#806 Warning
Missing input or output delay  
An output delay is missing on acknowledged_sequence[11] relative to the rising and/or falling clock edge(s) of core132.
Related violations: <none>

TIMING-18#807 Warning
Missing input or output delay  
An output delay is missing on acknowledged_sequence[12] relative to the rising and/or falling clock edge(s) of core132.
Related violations: <none>

TIMING-18#808 Warning
Missing input or output delay  
An output delay is missing on acknowledged_sequence[13] relative to the rising and/or falling clock edge(s) of core132.
Related violations: <none>

TIMING-18#809 Warning
Missing input or output delay  
An output delay is missing on acknowledged_sequence[14] relative to the rising and/or falling clock edge(s) of core132.
Related violations: <none>

TIMING-18#810 Warning
Missing input or output delay  
An output delay is missing on acknowledged_sequence[15] relative to the rising and/or falling clock edge(s) of core132.
Related violations: <none>

TIMING-18#811 Warning
Missing input or output delay  
An output delay is missing on acknowledged_sequence[16] relative to the rising and/or falling clock edge(s) of core132.
Related violations: <none>

TIMING-18#812 Warning
Missing input or output delay  
An output delay is missing on acknowledged_sequence[17] relative to the rising and/or falling clock edge(s) of core132.
Related violations: <none>

TIMING-18#813 Warning
Missing input or output delay  
An output delay is missing on acknowledged_sequence[18] relative to the rising and/or falling clock edge(s) of core132.
Related violations: <none>

TIMING-18#814 Warning
Missing input or output delay  
An output delay is missing on acknowledged_sequence[19] relative to the rising and/or falling clock edge(s) of core132.
Related violations: <none>

TIMING-18#815 Warning
Missing input or output delay  
An output delay is missing on acknowledged_sequence[1] relative to the rising and/or falling clock edge(s) of core132.
Related violations: <none>

TIMING-18#816 Warning
Missing input or output delay  
An output delay is missing on acknowledged_sequence[20] relative to the rising and/or falling clock edge(s) of core132.
Related violations: <none>

TIMING-18#817 Warning
Missing input or output delay  
An output delay is missing on acknowledged_sequence[21] relative to the rising and/or falling clock edge(s) of core132.
Related violations: <none>

TIMING-18#818 Warning
Missing input or output delay  
An output delay is missing on acknowledged_sequence[22] relative to the rising and/or falling clock edge(s) of core132.
Related violations: <none>

TIMING-18#819 Warning
Missing input or output delay  
An output delay is missing on acknowledged_sequence[23] relative to the rising and/or falling clock edge(s) of core132.
Related violations: <none>

TIMING-18#820 Warning
Missing input or output delay  
An output delay is missing on acknowledged_sequence[24] relative to the rising and/or falling clock edge(s) of core132.
Related violations: <none>

TIMING-18#821 Warning
Missing input or output delay  
An output delay is missing on acknowledged_sequence[25] relative to the rising and/or falling clock edge(s) of core132.
Related violations: <none>

TIMING-18#822 Warning
Missing input or output delay  
An output delay is missing on acknowledged_sequence[26] relative to the rising and/or falling clock edge(s) of core132.
Related violations: <none>

TIMING-18#823 Warning
Missing input or output delay  
An output delay is missing on acknowledged_sequence[27] relative to the rising and/or falling clock edge(s) of core132.
Related violations: <none>

TIMING-18#824 Warning
Missing input or output delay  
An output delay is missing on acknowledged_sequence[28] relative to the rising and/or falling clock edge(s) of core132.
Related violations: <none>

TIMING-18#825 Warning
Missing input or output delay  
An output delay is missing on acknowledged_sequence[29] relative to the rising and/or falling clock edge(s) of core132.
Related violations: <none>

TIMING-18#826 Warning
Missing input or output delay  
An output delay is missing on acknowledged_sequence[2] relative to the rising and/or falling clock edge(s) of core132.
Related violations: <none>

TIMING-18#827 Warning
Missing input or output delay  
An output delay is missing on acknowledged_sequence[30] relative to the rising and/or falling clock edge(s) of core132.
Related violations: <none>

TIMING-18#828 Warning
Missing input or output delay  
An output delay is missing on acknowledged_sequence[31] relative to the rising and/or falling clock edge(s) of core132.
Related violations: <none>

TIMING-18#829 Warning
Missing input or output delay  
An output delay is missing on acknowledged_sequence[3] relative to the rising and/or falling clock edge(s) of core132.
Related violations: <none>

TIMING-18#830 Warning
Missing input or output delay  
An output delay is missing on acknowledged_sequence[4] relative to the rising and/or falling clock edge(s) of core132.
Related violations: <none>

TIMING-18#831 Warning
Missing input or output delay  
An output delay is missing on acknowledged_sequence[5] relative to the rising and/or falling clock edge(s) of core132.
Related violations: <none>

TIMING-18#832 Warning
Missing input or output delay  
An output delay is missing on acknowledged_sequence[6] relative to the rising and/or falling clock edge(s) of core132.
Related violations: <none>

TIMING-18#833 Warning
Missing input or output delay  
An output delay is missing on acknowledged_sequence[7] relative to the rising and/or falling clock edge(s) of core132.
Related violations: <none>

TIMING-18#834 Warning
Missing input or output delay  
An output delay is missing on acknowledged_sequence[8] relative to the rising and/or falling clock edge(s) of core132.
Related violations: <none>

TIMING-18#835 Warning
Missing input or output delay  
An output delay is missing on acknowledged_sequence[9] relative to the rising and/or falling clock edge(s) of core132.
Related violations: <none>

TIMING-18#836 Warning
Missing input or output delay  
An output delay is missing on adc_convst relative to the rising and/or falling clock edge(s) of core132.
Related violations: <none>

TIMING-18#837 Warning
Missing input or output delay  
An output delay is missing on adc_cs_n relative to the rising and/or falling clock edge(s) of core132.
Related violations: <none>

TIMING-18#838 Warning
Missing input or output delay  
An output delay is missing on adc_reset relative to the rising and/or falling clock edge(s) of core132.
Related violations: <none>

TIMING-18#839 Warning
Missing input or output delay  
An output delay is missing on adc_sclk relative to the rising and/or falling clock edge(s) of core132.
Related violations: <none>

TIMING-18#840 Warning
Missing input or output delay  
An output delay is missing on adc_sdi relative to the rising and/or falling clock edge(s) of core132.
Related violations: <none>

TIMING-18#841 Warning
Missing input or output delay  
An output delay is missing on buffered_count[0] relative to the rising and/or falling clock edge(s) of core132.
Related violations: <none>

TIMING-18#842 Warning
Missing input or output delay  
An output delay is missing on buffered_count[10] relative to the rising and/or falling clock edge(s) of core132.
Related violations: <none>

TIMING-18#843 Warning
Missing input or output delay  
An output delay is missing on buffered_count[11] relative to the rising and/or falling clock edge(s) of core132.
Related violations: <none>

TIMING-18#844 Warning
Missing input or output delay  
An output delay is missing on buffered_count[12] relative to the rising and/or falling clock edge(s) of core132.
Related violations: <none>

TIMING-18#845 Warning
Missing input or output delay  
An output delay is missing on buffered_count[13] relative to the rising and/or falling clock edge(s) of core132.
Related violations: <none>

TIMING-18#846 Warning
Missing input or output delay  
An output delay is missing on buffered_count[14] relative to the rising and/or falling clock edge(s) of core132.
Related violations: <none>

TIMING-18#847 Warning
Missing input or output delay  
An output delay is missing on buffered_count[15] relative to the rising and/or falling clock edge(s) of core132.
Related violations: <none>

TIMING-18#848 Warning
Missing input or output delay  
An output delay is missing on buffered_count[16] relative to the rising and/or falling clock edge(s) of core132.
Related violations: <none>

TIMING-18#849 Warning
Missing input or output delay  
An output delay is missing on buffered_count[17] relative to the rising and/or falling clock edge(s) of core132.
Related violations: <none>

TIMING-18#850 Warning
Missing input or output delay  
An output delay is missing on buffered_count[18] relative to the rising and/or falling clock edge(s) of core132.
Related violations: <none>

TIMING-18#851 Warning
Missing input or output delay  
An output delay is missing on buffered_count[19] relative to the rising and/or falling clock edge(s) of core132.
Related violations: <none>

TIMING-18#852 Warning
Missing input or output delay  
An output delay is missing on buffered_count[1] relative to the rising and/or falling clock edge(s) of core132.
Related violations: <none>

TIMING-18#853 Warning
Missing input or output delay  
An output delay is missing on buffered_count[20] relative to the rising and/or falling clock edge(s) of core132.
Related violations: <none>

TIMING-18#854 Warning
Missing input or output delay  
An output delay is missing on buffered_count[21] relative to the rising and/or falling clock edge(s) of core132.
Related violations: <none>

TIMING-18#855 Warning
Missing input or output delay  
An output delay is missing on buffered_count[22] relative to the rising and/or falling clock edge(s) of core132.
Related violations: <none>

TIMING-18#856 Warning
Missing input or output delay  
An output delay is missing on buffered_count[23] relative to the rising and/or falling clock edge(s) of core132.
Related violations: <none>

TIMING-18#857 Warning
Missing input or output delay  
An output delay is missing on buffered_count[24] relative to the rising and/or falling clock edge(s) of core132.
Related violations: <none>

TIMING-18#858 Warning
Missing input or output delay  
An output delay is missing on buffered_count[25] relative to the rising and/or falling clock edge(s) of core132.
Related violations: <none>

TIMING-18#859 Warning
Missing input or output delay  
An output delay is missing on buffered_count[26] relative to the rising and/or falling clock edge(s) of core132.
Related violations: <none>

TIMING-18#860 Warning
Missing input or output delay  
An output delay is missing on buffered_count[27] relative to the rising and/or falling clock edge(s) of core132.
Related violations: <none>

TIMING-18#861 Warning
Missing input or output delay  
An output delay is missing on buffered_count[28] relative to the rising and/or falling clock edge(s) of core132.
Related violations: <none>

TIMING-18#862 Warning
Missing input or output delay  
An output delay is missing on buffered_count[29] relative to the rising and/or falling clock edge(s) of core132.
Related violations: <none>

TIMING-18#863 Warning
Missing input or output delay  
An output delay is missing on buffered_count[2] relative to the rising and/or falling clock edge(s) of core132.
Related violations: <none>

TIMING-18#864 Warning
Missing input or output delay  
An output delay is missing on buffered_count[30] relative to the rising and/or falling clock edge(s) of core132.
Related violations: <none>

TIMING-18#865 Warning
Missing input or output delay  
An output delay is missing on buffered_count[31] relative to the rising and/or falling clock edge(s) of core132.
Related violations: <none>

TIMING-18#866 Warning
Missing input or output delay  
An output delay is missing on buffered_count[3] relative to the rising and/or falling clock edge(s) of core132.
Related violations: <none>

TIMING-18#867 Warning
Missing input or output delay  
An output delay is missing on buffered_count[4] relative to the rising and/or falling clock edge(s) of core132.
Related violations: <none>

TIMING-18#868 Warning
Missing input or output delay  
An output delay is missing on buffered_count[5] relative to the rising and/or falling clock edge(s) of core132.
Related violations: <none>

TIMING-18#869 Warning
Missing input or output delay  
An output delay is missing on buffered_count[6] relative to the rising and/or falling clock edge(s) of core132.
Related violations: <none>

TIMING-18#870 Warning
Missing input or output delay  
An output delay is missing on buffered_count[7] relative to the rising and/or falling clock edge(s) of core132.
Related violations: <none>

TIMING-18#871 Warning
Missing input or output delay  
An output delay is missing on buffered_count[8] relative to the rising and/or falling clock edge(s) of core132.
Related violations: <none>

TIMING-18#872 Warning
Missing input or output delay  
An output delay is missing on buffered_count[9] relative to the rising and/or falling clock edge(s) of core132.
Related violations: <none>

TIMING-18#873 Warning
Missing input or output delay  
An output delay is missing on commanded_waveform[0] relative to the rising and/or falling clock edge(s) of core132.
Related violations: <none>

TIMING-18#874 Warning
Missing input or output delay  
An output delay is missing on commanded_waveform[100] relative to the rising and/or falling clock edge(s) of core132.
Related violations: <none>

TIMING-18#875 Warning
Missing input or output delay  
An output delay is missing on commanded_waveform[101] relative to the rising and/or falling clock edge(s) of core132.
Related violations: <none>

TIMING-18#876 Warning
Missing input or output delay  
An output delay is missing on commanded_waveform[102] relative to the rising and/or falling clock edge(s) of core132.
Related violations: <none>

TIMING-18#877 Warning
Missing input or output delay  
An output delay is missing on commanded_waveform[103] relative to the rising and/or falling clock edge(s) of core132.
Related violations: <none>

TIMING-18#878 Warning
Missing input or output delay  
An output delay is missing on commanded_waveform[104] relative to the rising and/or falling clock edge(s) of core132.
Related violations: <none>

TIMING-18#879 Warning
Missing input or output delay  
An output delay is missing on commanded_waveform[105] relative to the rising and/or falling clock edge(s) of core132.
Related violations: <none>

TIMING-18#880 Warning
Missing input or output delay  
An output delay is missing on commanded_waveform[106] relative to the rising and/or falling clock edge(s) of core132.
Related violations: <none>

TIMING-18#881 Warning
Missing input or output delay  
An output delay is missing on commanded_waveform[107] relative to the rising and/or falling clock edge(s) of core132.
Related violations: <none>

TIMING-18#882 Warning
Missing input or output delay  
An output delay is missing on commanded_waveform[108] relative to the rising and/or falling clock edge(s) of core132.
Related violations: <none>

TIMING-18#883 Warning
Missing input or output delay  
An output delay is missing on commanded_waveform[109] relative to the rising and/or falling clock edge(s) of core132.
Related violations: <none>

TIMING-18#884 Warning
Missing input or output delay  
An output delay is missing on commanded_waveform[10] relative to the rising and/or falling clock edge(s) of core132.
Related violations: <none>

TIMING-18#885 Warning
Missing input or output delay  
An output delay is missing on commanded_waveform[110] relative to the rising and/or falling clock edge(s) of core132.
Related violations: <none>

TIMING-18#886 Warning
Missing input or output delay  
An output delay is missing on commanded_waveform[111] relative to the rising and/or falling clock edge(s) of core132.
Related violations: <none>

TIMING-18#887 Warning
Missing input or output delay  
An output delay is missing on commanded_waveform[112] relative to the rising and/or falling clock edge(s) of core132.
Related violations: <none>

TIMING-18#888 Warning
Missing input or output delay  
An output delay is missing on commanded_waveform[113] relative to the rising and/or falling clock edge(s) of core132.
Related violations: <none>

TIMING-18#889 Warning
Missing input or output delay  
An output delay is missing on commanded_waveform[114] relative to the rising and/or falling clock edge(s) of core132.
Related violations: <none>

TIMING-18#890 Warning
Missing input or output delay  
An output delay is missing on commanded_waveform[115] relative to the rising and/or falling clock edge(s) of core132.
Related violations: <none>

TIMING-18#891 Warning
Missing input or output delay  
An output delay is missing on commanded_waveform[116] relative to the rising and/or falling clock edge(s) of core132.
Related violations: <none>

TIMING-18#892 Warning
Missing input or output delay  
An output delay is missing on commanded_waveform[117] relative to the rising and/or falling clock edge(s) of core132.
Related violations: <none>

TIMING-18#893 Warning
Missing input or output delay  
An output delay is missing on commanded_waveform[118] relative to the rising and/or falling clock edge(s) of core132.
Related violations: <none>

TIMING-18#894 Warning
Missing input or output delay  
An output delay is missing on commanded_waveform[119] relative to the rising and/or falling clock edge(s) of core132.
Related violations: <none>

TIMING-18#895 Warning
Missing input or output delay  
An output delay is missing on commanded_waveform[11] relative to the rising and/or falling clock edge(s) of core132.
Related violations: <none>

TIMING-18#896 Warning
Missing input or output delay  
An output delay is missing on commanded_waveform[120] relative to the rising and/or falling clock edge(s) of core132.
Related violations: <none>

TIMING-18#897 Warning
Missing input or output delay  
An output delay is missing on commanded_waveform[121] relative to the rising and/or falling clock edge(s) of core132.
Related violations: <none>

TIMING-18#898 Warning
Missing input or output delay  
An output delay is missing on commanded_waveform[122] relative to the rising and/or falling clock edge(s) of core132.
Related violations: <none>

TIMING-18#899 Warning
Missing input or output delay  
An output delay is missing on commanded_waveform[123] relative to the rising and/or falling clock edge(s) of core132.
Related violations: <none>

TIMING-18#900 Warning
Missing input or output delay  
An output delay is missing on commanded_waveform[124] relative to the rising and/or falling clock edge(s) of core132.
Related violations: <none>

TIMING-18#901 Warning
Missing input or output delay  
An output delay is missing on commanded_waveform[125] relative to the rising and/or falling clock edge(s) of core132.
Related violations: <none>

TIMING-18#902 Warning
Missing input or output delay  
An output delay is missing on commanded_waveform[126] relative to the rising and/or falling clock edge(s) of core132.
Related violations: <none>

TIMING-18#903 Warning
Missing input or output delay  
An output delay is missing on commanded_waveform[127] relative to the rising and/or falling clock edge(s) of core132.
Related violations: <none>

TIMING-18#904 Warning
Missing input or output delay  
An output delay is missing on commanded_waveform[12] relative to the rising and/or falling clock edge(s) of core132.
Related violations: <none>

TIMING-18#905 Warning
Missing input or output delay  
An output delay is missing on commanded_waveform[13] relative to the rising and/or falling clock edge(s) of core132.
Related violations: <none>

TIMING-18#906 Warning
Missing input or output delay  
An output delay is missing on commanded_waveform[14] relative to the rising and/or falling clock edge(s) of core132.
Related violations: <none>

TIMING-18#907 Warning
Missing input or output delay  
An output delay is missing on commanded_waveform[15] relative to the rising and/or falling clock edge(s) of core132.
Related violations: <none>

TIMING-18#908 Warning
Missing input or output delay  
An output delay is missing on commanded_waveform[16] relative to the rising and/or falling clock edge(s) of core132.
Related violations: <none>

TIMING-18#909 Warning
Missing input or output delay  
An output delay is missing on commanded_waveform[17] relative to the rising and/or falling clock edge(s) of core132.
Related violations: <none>

TIMING-18#910 Warning
Missing input or output delay  
An output delay is missing on commanded_waveform[18] relative to the rising and/or falling clock edge(s) of core132.
Related violations: <none>

TIMING-18#911 Warning
Missing input or output delay  
An output delay is missing on commanded_waveform[19] relative to the rising and/or falling clock edge(s) of core132.
Related violations: <none>

TIMING-18#912 Warning
Missing input or output delay  
An output delay is missing on commanded_waveform[1] relative to the rising and/or falling clock edge(s) of core132.
Related violations: <none>

TIMING-18#913 Warning
Missing input or output delay  
An output delay is missing on commanded_waveform[20] relative to the rising and/or falling clock edge(s) of core132.
Related violations: <none>

TIMING-18#914 Warning
Missing input or output delay  
An output delay is missing on commanded_waveform[21] relative to the rising and/or falling clock edge(s) of core132.
Related violations: <none>

TIMING-18#915 Warning
Missing input or output delay  
An output delay is missing on commanded_waveform[22] relative to the rising and/or falling clock edge(s) of core132.
Related violations: <none>

TIMING-18#916 Warning
Missing input or output delay  
An output delay is missing on commanded_waveform[23] relative to the rising and/or falling clock edge(s) of core132.
Related violations: <none>

TIMING-18#917 Warning
Missing input or output delay  
An output delay is missing on commanded_waveform[24] relative to the rising and/or falling clock edge(s) of core132.
Related violations: <none>

TIMING-18#918 Warning
Missing input or output delay  
An output delay is missing on commanded_waveform[25] relative to the rising and/or falling clock edge(s) of core132.
Related violations: <none>

TIMING-18#919 Warning
Missing input or output delay  
An output delay is missing on commanded_waveform[26] relative to the rising and/or falling clock edge(s) of core132.
Related violations: <none>

TIMING-18#920 Warning
Missing input or output delay  
An output delay is missing on commanded_waveform[27] relative to the rising and/or falling clock edge(s) of core132.
Related violations: <none>

TIMING-18#921 Warning
Missing input or output delay  
An output delay is missing on commanded_waveform[28] relative to the rising and/or falling clock edge(s) of core132.
Related violations: <none>

TIMING-18#922 Warning
Missing input or output delay  
An output delay is missing on commanded_waveform[29] relative to the rising and/or falling clock edge(s) of core132.
Related violations: <none>

TIMING-18#923 Warning
Missing input or output delay  
An output delay is missing on commanded_waveform[2] relative to the rising and/or falling clock edge(s) of core132.
Related violations: <none>

TIMING-18#924 Warning
Missing input or output delay  
An output delay is missing on commanded_waveform[30] relative to the rising and/or falling clock edge(s) of core132.
Related violations: <none>

TIMING-18#925 Warning
Missing input or output delay  
An output delay is missing on commanded_waveform[31] relative to the rising and/or falling clock edge(s) of core132.
Related violations: <none>

TIMING-18#926 Warning
Missing input or output delay  
An output delay is missing on commanded_waveform[32] relative to the rising and/or falling clock edge(s) of core132.
Related violations: <none>

TIMING-18#927 Warning
Missing input or output delay  
An output delay is missing on commanded_waveform[33] relative to the rising and/or falling clock edge(s) of core132.
Related violations: <none>

TIMING-18#928 Warning
Missing input or output delay  
An output delay is missing on commanded_waveform[34] relative to the rising and/or falling clock edge(s) of core132.
Related violations: <none>

TIMING-18#929 Warning
Missing input or output delay  
An output delay is missing on commanded_waveform[35] relative to the rising and/or falling clock edge(s) of core132.
Related violations: <none>

TIMING-18#930 Warning
Missing input or output delay  
An output delay is missing on commanded_waveform[36] relative to the rising and/or falling clock edge(s) of core132.
Related violations: <none>

TIMING-18#931 Warning
Missing input or output delay  
An output delay is missing on commanded_waveform[37] relative to the rising and/or falling clock edge(s) of core132.
Related violations: <none>

TIMING-18#932 Warning
Missing input or output delay  
An output delay is missing on commanded_waveform[38] relative to the rising and/or falling clock edge(s) of core132.
Related violations: <none>

TIMING-18#933 Warning
Missing input or output delay  
An output delay is missing on commanded_waveform[39] relative to the rising and/or falling clock edge(s) of core132.
Related violations: <none>

TIMING-18#934 Warning
Missing input or output delay  
An output delay is missing on commanded_waveform[3] relative to the rising and/or falling clock edge(s) of core132.
Related violations: <none>

TIMING-18#935 Warning
Missing input or output delay  
An output delay is missing on commanded_waveform[40] relative to the rising and/or falling clock edge(s) of core132.
Related violations: <none>

TIMING-18#936 Warning
Missing input or output delay  
An output delay is missing on commanded_waveform[41] relative to the rising and/or falling clock edge(s) of core132.
Related violations: <none>

TIMING-18#937 Warning
Missing input or output delay  
An output delay is missing on commanded_waveform[42] relative to the rising and/or falling clock edge(s) of core132.
Related violations: <none>

TIMING-18#938 Warning
Missing input or output delay  
An output delay is missing on commanded_waveform[43] relative to the rising and/or falling clock edge(s) of core132.
Related violations: <none>

TIMING-18#939 Warning
Missing input or output delay  
An output delay is missing on commanded_waveform[44] relative to the rising and/or falling clock edge(s) of core132.
Related violations: <none>

TIMING-18#940 Warning
Missing input or output delay  
An output delay is missing on commanded_waveform[45] relative to the rising and/or falling clock edge(s) of core132.
Related violations: <none>

TIMING-18#941 Warning
Missing input or output delay  
An output delay is missing on commanded_waveform[46] relative to the rising and/or falling clock edge(s) of core132.
Related violations: <none>

TIMING-18#942 Warning
Missing input or output delay  
An output delay is missing on commanded_waveform[47] relative to the rising and/or falling clock edge(s) of core132.
Related violations: <none>

TIMING-18#943 Warning
Missing input or output delay  
An output delay is missing on commanded_waveform[48] relative to the rising and/or falling clock edge(s) of core132.
Related violations: <none>

TIMING-18#944 Warning
Missing input or output delay  
An output delay is missing on commanded_waveform[49] relative to the rising and/or falling clock edge(s) of core132.
Related violations: <none>

TIMING-18#945 Warning
Missing input or output delay  
An output delay is missing on commanded_waveform[4] relative to the rising and/or falling clock edge(s) of core132.
Related violations: <none>

TIMING-18#946 Warning
Missing input or output delay  
An output delay is missing on commanded_waveform[50] relative to the rising and/or falling clock edge(s) of core132.
Related violations: <none>

TIMING-18#947 Warning
Missing input or output delay  
An output delay is missing on commanded_waveform[51] relative to the rising and/or falling clock edge(s) of core132.
Related violations: <none>

TIMING-18#948 Warning
Missing input or output delay  
An output delay is missing on commanded_waveform[52] relative to the rising and/or falling clock edge(s) of core132.
Related violations: <none>

TIMING-18#949 Warning
Missing input or output delay  
An output delay is missing on commanded_waveform[53] relative to the rising and/or falling clock edge(s) of core132.
Related violations: <none>

TIMING-18#950 Warning
Missing input or output delay  
An output delay is missing on commanded_waveform[54] relative to the rising and/or falling clock edge(s) of core132.
Related violations: <none>

TIMING-18#951 Warning
Missing input or output delay  
An output delay is missing on commanded_waveform[55] relative to the rising and/or falling clock edge(s) of core132.
Related violations: <none>

TIMING-18#952 Warning
Missing input or output delay  
An output delay is missing on commanded_waveform[56] relative to the rising and/or falling clock edge(s) of core132.
Related violations: <none>

TIMING-18#953 Warning
Missing input or output delay  
An output delay is missing on commanded_waveform[57] relative to the rising and/or falling clock edge(s) of core132.
Related violations: <none>

TIMING-18#954 Warning
Missing input or output delay  
An output delay is missing on commanded_waveform[58] relative to the rising and/or falling clock edge(s) of core132.
Related violations: <none>

TIMING-18#955 Warning
Missing input or output delay  
An output delay is missing on commanded_waveform[59] relative to the rising and/or falling clock edge(s) of core132.
Related violations: <none>

TIMING-18#956 Warning
Missing input or output delay  
An output delay is missing on commanded_waveform[5] relative to the rising and/or falling clock edge(s) of core132.
Related violations: <none>

TIMING-18#957 Warning
Missing input or output delay  
An output delay is missing on commanded_waveform[60] relative to the rising and/or falling clock edge(s) of core132.
Related violations: <none>

TIMING-18#958 Warning
Missing input or output delay  
An output delay is missing on commanded_waveform[61] relative to the rising and/or falling clock edge(s) of core132.
Related violations: <none>

TIMING-18#959 Warning
Missing input or output delay  
An output delay is missing on commanded_waveform[62] relative to the rising and/or falling clock edge(s) of core132.
Related violations: <none>

TIMING-18#960 Warning
Missing input or output delay  
An output delay is missing on commanded_waveform[63] relative to the rising and/or falling clock edge(s) of core132.
Related violations: <none>

TIMING-18#961 Warning
Missing input or output delay  
An output delay is missing on commanded_waveform[64] relative to the rising and/or falling clock edge(s) of core132.
Related violations: <none>

TIMING-18#962 Warning
Missing input or output delay  
An output delay is missing on commanded_waveform[65] relative to the rising and/or falling clock edge(s) of core132.
Related violations: <none>

TIMING-18#963 Warning
Missing input or output delay  
An output delay is missing on commanded_waveform[66] relative to the rising and/or falling clock edge(s) of core132.
Related violations: <none>

TIMING-18#964 Warning
Missing input or output delay  
An output delay is missing on commanded_waveform[67] relative to the rising and/or falling clock edge(s) of core132.
Related violations: <none>

TIMING-18#965 Warning
Missing input or output delay  
An output delay is missing on commanded_waveform[68] relative to the rising and/or falling clock edge(s) of core132.
Related violations: <none>

TIMING-18#966 Warning
Missing input or output delay  
An output delay is missing on commanded_waveform[69] relative to the rising and/or falling clock edge(s) of core132.
Related violations: <none>

TIMING-18#967 Warning
Missing input or output delay  
An output delay is missing on commanded_waveform[6] relative to the rising and/or falling clock edge(s) of core132.
Related violations: <none>

TIMING-18#968 Warning
Missing input or output delay  
An output delay is missing on commanded_waveform[70] relative to the rising and/or falling clock edge(s) of core132.
Related violations: <none>

TIMING-18#969 Warning
Missing input or output delay  
An output delay is missing on commanded_waveform[71] relative to the rising and/or falling clock edge(s) of core132.
Related violations: <none>

TIMING-18#970 Warning
Missing input or output delay  
An output delay is missing on commanded_waveform[72] relative to the rising and/or falling clock edge(s) of core132.
Related violations: <none>

TIMING-18#971 Warning
Missing input or output delay  
An output delay is missing on commanded_waveform[73] relative to the rising and/or falling clock edge(s) of core132.
Related violations: <none>

TIMING-18#972 Warning
Missing input or output delay  
An output delay is missing on commanded_waveform[74] relative to the rising and/or falling clock edge(s) of core132.
Related violations: <none>

TIMING-18#973 Warning
Missing input or output delay  
An output delay is missing on commanded_waveform[75] relative to the rising and/or falling clock edge(s) of core132.
Related violations: <none>

TIMING-18#974 Warning
Missing input or output delay  
An output delay is missing on commanded_waveform[76] relative to the rising and/or falling clock edge(s) of core132.
Related violations: <none>

TIMING-18#975 Warning
Missing input or output delay  
An output delay is missing on commanded_waveform[77] relative to the rising and/or falling clock edge(s) of core132.
Related violations: <none>

TIMING-18#976 Warning
Missing input or output delay  
An output delay is missing on commanded_waveform[78] relative to the rising and/or falling clock edge(s) of core132.
Related violations: <none>

TIMING-18#977 Warning
Missing input or output delay  
An output delay is missing on commanded_waveform[79] relative to the rising and/or falling clock edge(s) of core132.
Related violations: <none>

TIMING-18#978 Warning
Missing input or output delay  
An output delay is missing on commanded_waveform[7] relative to the rising and/or falling clock edge(s) of core132.
Related violations: <none>

TIMING-18#979 Warning
Missing input or output delay  
An output delay is missing on commanded_waveform[80] relative to the rising and/or falling clock edge(s) of core132.
Related violations: <none>

TIMING-18#980 Warning
Missing input or output delay  
An output delay is missing on commanded_waveform[81] relative to the rising and/or falling clock edge(s) of core132.
Related violations: <none>

TIMING-18#981 Warning
Missing input or output delay  
An output delay is missing on commanded_waveform[82] relative to the rising and/or falling clock edge(s) of core132.
Related violations: <none>

TIMING-18#982 Warning
Missing input or output delay  
An output delay is missing on commanded_waveform[83] relative to the rising and/or falling clock edge(s) of core132.
Related violations: <none>

TIMING-18#983 Warning
Missing input or output delay  
An output delay is missing on commanded_waveform[84] relative to the rising and/or falling clock edge(s) of core132.
Related violations: <none>

TIMING-18#984 Warning
Missing input or output delay  
An output delay is missing on commanded_waveform[85] relative to the rising and/or falling clock edge(s) of core132.
Related violations: <none>

TIMING-18#985 Warning
Missing input or output delay  
An output delay is missing on commanded_waveform[86] relative to the rising and/or falling clock edge(s) of core132.
Related violations: <none>

TIMING-18#986 Warning
Missing input or output delay  
An output delay is missing on commanded_waveform[87] relative to the rising and/or falling clock edge(s) of core132.
Related violations: <none>

TIMING-18#987 Warning
Missing input or output delay  
An output delay is missing on commanded_waveform[88] relative to the rising and/or falling clock edge(s) of core132.
Related violations: <none>

TIMING-18#988 Warning
Missing input or output delay  
An output delay is missing on commanded_waveform[89] relative to the rising and/or falling clock edge(s) of core132.
Related violations: <none>

TIMING-18#989 Warning
Missing input or output delay  
An output delay is missing on commanded_waveform[8] relative to the rising and/or falling clock edge(s) of core132.
Related violations: <none>

TIMING-18#990 Warning
Missing input or output delay  
An output delay is missing on commanded_waveform[90] relative to the rising and/or falling clock edge(s) of core132.
Related violations: <none>

TIMING-18#991 Warning
Missing input or output delay  
An output delay is missing on commanded_waveform[91] relative to the rising and/or falling clock edge(s) of core132.
Related violations: <none>

TIMING-18#992 Warning
Missing input or output delay  
An output delay is missing on commanded_waveform[92] relative to the rising and/or falling clock edge(s) of core132.
Related violations: <none>

TIMING-18#993 Warning
Missing input or output delay  
An output delay is missing on commanded_waveform[93] relative to the rising and/or falling clock edge(s) of core132.
Related violations: <none>

TIMING-18#994 Warning
Missing input or output delay  
An output delay is missing on commanded_waveform[94] relative to the rising and/or falling clock edge(s) of core132.
Related violations: <none>

TIMING-18#995 Warning
Missing input or output delay  
An output delay is missing on commanded_waveform[95] relative to the rising and/or falling clock edge(s) of core132.
Related violations: <none>

TIMING-18#996 Warning
Missing input or output delay  
An output delay is missing on commanded_waveform[96] relative to the rising and/or falling clock edge(s) of core132.
Related violations: <none>

TIMING-18#997 Warning
Missing input or output delay  
An output delay is missing on commanded_waveform[97] relative to the rising and/or falling clock edge(s) of core132.
Related violations: <none>

TIMING-18#998 Warning
Missing input or output delay  
An output delay is missing on commanded_waveform[98] relative to the rising and/or falling clock edge(s) of core132.
Related violations: <none>

TIMING-18#999 Warning
Missing input or output delay  
An output delay is missing on commanded_waveform[99] relative to the rising and/or falling clock edge(s) of core132.
Related violations: <none>

TIMING-18#1000 Warning
Missing input or output delay  
An output delay is missing on commanded_waveform[9] relative to the rising and/or falling clock edge(s) of core132.
Related violations: <none>


