Copyright 1986-2022 Xilinx, Inc. All Rights Reserved. Copyright 2022-2025 Advanced Micro Devices, Inc. All Rights Reserved.
------------------------------------------------------------------------------------------------------------------------------------------------------------------------------------------------------------------------
| Tool Version : Vivado v.2025.2 (win64) Build 6299465 Fri Nov 14 19:35:11 GMT 2025
| Date         : Tue Sep 29 13:32:51 2026
| Host         : loverlike running 64-bit major release  (build 9200)
| Command      : report_timing -max_paths 20 -nworst 1 -path_type full_clock_expanded -input_pins -nets -file E:/Codex_project/AMD-SonoField-FPGA/v2/evidence/core_timing_real_loop/round2/synthesis/critical_paths.rpt
| Design       : sono_axi_system
| Device       : 7z020-clg400
| Speed File   : -1  PRODUCTION 1.12 2019-11-22
| Design State : Synthesized
------------------------------------------------------------------------------------------------------------------------------------------------------------------------------------------------------------------------

Timing Report

Slack (VIOLATED) :        -3.997ns  (required time - arrival time)
  Source:                 native_system/queue/channel_reg[11]/C
                            (rising edge-triggered cell FDCE clocked by core132  {rise@0.000ns fall@3.788ns period=7.576ns})
  Destination:            native_system/queue/bus_wdata_reg[10]/D
                            (rising edge-triggered cell FDCE clocked by core132  {rise@0.000ns fall@3.788ns period=7.576ns})
  Path Group:             core132
  Path Type:              Setup (Max at Slow Process Corner)
  Requirement:            7.576ns  (core132 rise@7.576ns - core132 rise@0.000ns)
  Data Path Delay:        11.566ns  (logic 5.402ns (46.704%)  route 6.164ns (53.296%))
  Logic Levels:           8  (DSP48E1=1 LUT4=1 LUT5=1 LUT6=5)
  Clock Path Skew:        -0.049ns (DCD - SCD + CPR)
    Destination Clock Delay (DCD):    0.924ns = ( 8.500 - 7.576 ) 
    Source Clock Delay      (SCD):    0.973ns
    Clock Pessimism Removal (CPR):    0.000ns
  Clock Uncertainty:      0.035ns  ((TSJ^2 + TIJ^2)^1/2 + DJ) / 2 + PE
    Total System Jitter     (TSJ):    0.071ns
    Total Input Jitter      (TIJ):    0.000ns
    Discrete Jitter          (DJ):    0.000ns
    Phase Error              (PE):    0.000ns

    Location             Delay type                Incr(ns)  Path(ns)    Netlist Resource(s)
  -------------------------------------------------------------------    -------------------
                         (clock core132 rise edge)    0.000     0.000 r  
                                                      0.000     0.000 r  clk (IN)
                         net (fo=17985, unset)        0.973     0.973    native_system/queue/clk
                         FDCE                                         r  native_system/queue/channel_reg[11]/C
  -------------------------------------------------------------------    -------------------
                         FDCE (Prop_fdce_C_Q)         0.518     1.491 r  native_system/queue/channel_reg[11]/Q
                         net (fo=23, unplaced)        0.800     2.291    native_system/queue/channel_reg_n_0_[11]
                                                                      r  native_system/queue/bus_wdata1/A[29]
                         DSP48E1 (Prop_dsp48e1_A[29]_P[7])
                                                      4.016     6.307 r  native_system/queue/bus_wdata1/P[7]
                         net (fo=724, unplaced)       0.800     7.106    native_system/queue/bus_wdata1_n_98
                                                                      r  native_system/queue/bus_wdata[16]_i_574/I4
                         LUT6 (Prop_lut6_I4_O)        0.124     7.230 r  native_system/queue/bus_wdata[16]_i_574/O
                         net (fo=2, unplaced)         0.913     8.143    native_system/queue/bus_wdata[16]_i_574_n_0
                                                                      r  native_system/queue/bus_wdata[15]_i_32/I1
                         LUT6 (Prop_lut6_I1_O)        0.124     8.267 r  native_system/queue/bus_wdata[15]_i_32/O
                         net (fo=4, unplaced)         0.926     9.193    native_system/queue/bus_wdata[15]_i_32_n_0
                                                                      r  native_system/queue/bus_wdata[11]_i_23/I1
                         LUT6 (Prop_lut6_I1_O)        0.124     9.317 r  native_system/queue/bus_wdata[11]_i_23/O
                         net (fo=4, unplaced)         0.926    10.243    native_system/queue/bus_wdata[11]_i_23_n_0
                                                                      r  native_system/queue/bus_wdata[10]_i_13/I1
                         LUT6 (Prop_lut6_I1_O)        0.124    10.367 r  native_system/queue/bus_wdata[10]_i_13/O
                         net (fo=1, unplaced)         0.902    11.269    native_system/queue/bus_wdata[10]_i_13_n_0
                                                                      r  native_system/queue/bus_wdata[10]_i_5/I1
                         LUT6 (Prop_lut6_I1_O)        0.124    11.393 r  native_system/queue/bus_wdata[10]_i_5/O
                         net (fo=1, unplaced)         0.449    11.842    native_system/queue/bus_wdata[10]_i_5_n_0
                                                                      r  native_system/queue/bus_wdata[10]_i_2/I4
                         LUT5 (Prop_lut5_I4_O)        0.124    11.966 r  native_system/queue/bus_wdata[10]_i_2/O
                         net (fo=1, unplaced)         0.449    12.415    native_system/queue/bus_wdata[10]_i_2_n_0
                                                                      r  native_system/queue/bus_wdata[10]_i_1/I2
                         LUT4 (Prop_lut4_I2_O)        0.124    12.539 r  native_system/queue/bus_wdata[10]_i_1/O
                         net (fo=1, unplaced)         0.000    12.539    native_system/queue/p_2_out[10]
                         FDCE                                         r  native_system/queue/bus_wdata_reg[10]/D
  -------------------------------------------------------------------    -------------------

                         (clock core132 rise edge)    7.576     7.576 r  
                                                      0.000     7.576 r  clk (IN)
                         net (fo=17985, unset)        0.924     8.500    native_system/queue/clk
                         FDCE                                         r  native_system/queue/bus_wdata_reg[10]/C
                         clock pessimism              0.000     8.500    
                         clock uncertainty           -0.035     8.465    
                         FDCE (Setup_fdce_C_D)        0.077     8.542    native_system/queue/bus_wdata_reg[10]
  -------------------------------------------------------------------
                         required time                          8.542    
                         arrival time                         -12.539    
  -------------------------------------------------------------------
                         slack                                 -3.997    

Slack (VIOLATED) :        -3.997ns  (required time - arrival time)
  Source:                 native_system/queue/channel_reg[11]/C
                            (rising edge-triggered cell FDCE clocked by core132  {rise@0.000ns fall@3.788ns period=7.576ns})
  Destination:            native_system/queue/bus_wdata_reg[11]/D
                            (rising edge-triggered cell FDCE clocked by core132  {rise@0.000ns fall@3.788ns period=7.576ns})
  Path Group:             core132
  Path Type:              Setup (Max at Slow Process Corner)
  Requirement:            7.576ns  (core132 rise@7.576ns - core132 rise@0.000ns)
  Data Path Delay:        11.566ns  (logic 5.402ns (46.704%)  route 6.164ns (53.296%))
  Logic Levels:           8  (DSP48E1=1 LUT4=1 LUT5=1 LUT6=5)
  Clock Path Skew:        -0.049ns (DCD - SCD + CPR)
    Destination Clock Delay (DCD):    0.924ns = ( 8.500 - 7.576 ) 
    Source Clock Delay      (SCD):    0.973ns
    Clock Pessimism Removal (CPR):    0.000ns
  Clock Uncertainty:      0.035ns  ((TSJ^2 + TIJ^2)^1/2 + DJ) / 2 + PE
    Total System Jitter     (TSJ):    0.071ns
    Total Input Jitter      (TIJ):    0.000ns
    Discrete Jitter          (DJ):    0.000ns
    Phase Error              (PE):    0.000ns

    Location             Delay type                Incr(ns)  Path(ns)    Netlist Resource(s)
  -------------------------------------------------------------------    -------------------
                         (clock core132 rise edge)    0.000     0.000 r  
                                                      0.000     0.000 r  clk (IN)
                         net (fo=17985, unset)        0.973     0.973    native_system/queue/clk
                         FDCE                                         r  native_system/queue/channel_reg[11]/C
  -------------------------------------------------------------------    -------------------
                         FDCE (Prop_fdce_C_Q)         0.518     1.491 r  native_system/queue/channel_reg[11]/Q
                         net (fo=23, unplaced)        0.800     2.291    native_system/queue/channel_reg_n_0_[11]
                                                                      r  native_system/queue/bus_wdata1/A[29]
                         DSP48E1 (Prop_dsp48e1_A[29]_P[7])
                                                      4.016     6.307 r  native_system/queue/bus_wdata1/P[7]
                         net (fo=724, unplaced)       0.800     7.106    native_system/queue/bus_wdata1_n_98
                                                                      r  native_system/queue/bus_wdata[16]_i_632/I4
                         LUT6 (Prop_lut6_I4_O)        0.124     7.230 r  native_system/queue/bus_wdata[16]_i_632/O
                         net (fo=2, unplaced)         0.913     8.143    native_system/queue/bus_wdata[16]_i_632_n_0
                                                                      r  native_system/queue/bus_wdata[16]_i_170/I1
                         LUT6 (Prop_lut6_I1_O)        0.124     8.267 r  native_system/queue/bus_wdata[16]_i_170/O
                         net (fo=4, unplaced)         0.926     9.193    native_system/queue/bus_wdata[16]_i_170_n_0
                                                                      r  native_system/queue/bus_wdata[12]_i_23/I1
                         LUT6 (Prop_lut6_I1_O)        0.124     9.317 r  native_system/queue/bus_wdata[12]_i_23/O
                         net (fo=4, unplaced)         0.926    10.243    native_system/queue/bus_wdata[12]_i_23_n_0
                                                                      r  native_system/queue/bus_wdata[11]_i_13/I1
                         LUT6 (Prop_lut6_I1_O)        0.124    10.367 r  native_system/queue/bus_wdata[11]_i_13/O
                         net (fo=1, unplaced)         0.902    11.269    native_system/queue/bus_wdata[11]_i_13_n_0
                                                                      r  native_system/queue/bus_wdata[11]_i_5/I1
                         LUT6 (Prop_lut6_I1_O)        0.124    11.393 r  native_system/queue/bus_wdata[11]_i_5/O
                         net (fo=1, unplaced)         0.449    11.842    native_system/queue/bus_wdata[11]_i_5_n_0
                                                                      r  native_system/queue/bus_wdata[11]_i_2/I4
                         LUT5 (Prop_lut5_I4_O)        0.124    11.966 r  native_system/queue/bus_wdata[11]_i_2/O
                         net (fo=1, unplaced)         0.449    12.415    native_system/queue/bus_wdata[11]_i_2_n_0
                                                                      r  native_system/queue/bus_wdata[11]_i_1/I2
                         LUT4 (Prop_lut4_I2_O)        0.124    12.539 r  native_system/queue/bus_wdata[11]_i_1/O
                         net (fo=1, unplaced)         0.000    12.539    native_system/queue/p_2_out[11]
                         FDCE                                         r  native_system/queue/bus_wdata_reg[11]/D
  -------------------------------------------------------------------    -------------------

                         (clock core132 rise edge)    7.576     7.576 r  
                                                      0.000     7.576 r  clk (IN)
                         net (fo=17985, unset)        0.924     8.500    native_system/queue/clk
                         FDCE                                         r  native_system/queue/bus_wdata_reg[11]/C
                         clock pessimism              0.000     8.500    
                         clock uncertainty           -0.035     8.465    
                         FDCE (Setup_fdce_C_D)        0.077     8.542    native_system/queue/bus_wdata_reg[11]
  -------------------------------------------------------------------
                         required time                          8.542    
                         arrival time                         -12.539    
  -------------------------------------------------------------------
                         slack                                 -3.997    

Slack (VIOLATED) :        -3.997ns  (required time - arrival time)
  Source:                 native_system/queue/channel_reg[11]/C
                            (rising edge-triggered cell FDCE clocked by core132  {rise@0.000ns fall@3.788ns period=7.576ns})
  Destination:            native_system/queue/bus_wdata_reg[12]/D
                            (rising edge-triggered cell FDCE clocked by core132  {rise@0.000ns fall@3.788ns period=7.576ns})
  Path Group:             core132
  Path Type:              Setup (Max at Slow Process Corner)
  Requirement:            7.576ns  (core132 rise@7.576ns - core132 rise@0.000ns)
  Data Path Delay:        11.566ns  (logic 5.402ns (46.704%)  route 6.164ns (53.296%))
  Logic Levels:           8  (DSP48E1=1 LUT4=1 LUT5=1 LUT6=5)
  Clock Path Skew:        -0.049ns (DCD - SCD + CPR)
    Destination Clock Delay (DCD):    0.924ns = ( 8.500 - 7.576 ) 
    Source Clock Delay      (SCD):    0.973ns
    Clock Pessimism Removal (CPR):    0.000ns
  Clock Uncertainty:      0.035ns  ((TSJ^2 + TIJ^2)^1/2 + DJ) / 2 + PE
    Total System Jitter     (TSJ):    0.071ns
    Total Input Jitter      (TIJ):    0.000ns
    Discrete Jitter          (DJ):    0.000ns
    Phase Error              (PE):    0.000ns

    Location             Delay type                Incr(ns)  Path(ns)    Netlist Resource(s)
  -------------------------------------------------------------------    -------------------
                         (clock core132 rise edge)    0.000     0.000 r  
                                                      0.000     0.000 r  clk (IN)
                         net (fo=17985, unset)        0.973     0.973    native_system/queue/clk
                         FDCE                                         r  native_system/queue/channel_reg[11]/C
  -------------------------------------------------------------------    -------------------
                         FDCE (Prop_fdce_C_Q)         0.518     1.491 r  native_system/queue/channel_reg[11]/Q
                         net (fo=23, unplaced)        0.800     2.291    native_system/queue/channel_reg_n_0_[11]
                                                                      r  native_system/queue/bus_wdata1/A[29]
                         DSP48E1 (Prop_dsp48e1_A[29]_P[7])
                                                      4.016     6.307 r  native_system/queue/bus_wdata1/P[7]
                         net (fo=724, unplaced)       0.800     7.106    native_system/queue/bus_wdata1_n_98
                                                                      r  native_system/queue/bus_wdata[16]_i_600/I4
                         LUT6 (Prop_lut6_I4_O)        0.124     7.230 r  native_system/queue/bus_wdata[16]_i_600/O
                         net (fo=2, unplaced)         0.913     8.143    native_system/queue/bus_wdata[16]_i_600_n_0
                                                                      r  native_system/queue/bus_wdata[16]_i_162/I1
                         LUT6 (Prop_lut6_I1_O)        0.124     8.267 r  native_system/queue/bus_wdata[16]_i_162/O
                         net (fo=4, unplaced)         0.926     9.193    native_system/queue/bus_wdata[16]_i_162_n_0
                                                                      r  native_system/queue/bus_wdata[13]_i_23/I1
                         LUT6 (Prop_lut6_I1_O)        0.124     9.317 r  native_system/queue/bus_wdata[13]_i_23/O
                         net (fo=4, unplaced)         0.926    10.243    native_system/queue/bus_wdata[13]_i_23_n_0
                                                                      r  native_system/queue/bus_wdata[12]_i_13/I1
                         LUT6 (Prop_lut6_I1_O)        0.124    10.367 r  native_system/queue/bus_wdata[12]_i_13/O
                         net (fo=1, unplaced)         0.902    11.269    native_system/queue/bus_wdata[12]_i_13_n_0
                                                                      r  native_system/queue/bus_wdata[12]_i_5/I1
                         LUT6 (Prop_lut6_I1_O)        0.124    11.393 r  native_system/queue/bus_wdata[12]_i_5/O
                         net (fo=1, unplaced)         0.449    11.842    native_system/queue/bus_wdata[12]_i_5_n_0
                                                                      r  native_system/queue/bus_wdata[12]_i_2/I4
                         LUT5 (Prop_lut5_I4_O)        0.124    11.966 r  native_system/queue/bus_wdata[12]_i_2/O
                         net (fo=1, unplaced)         0.449    12.415    native_system/queue/bus_wdata[12]_i_2_n_0
                                                                      r  native_system/queue/bus_wdata[12]_i_1/I2
                         LUT4 (Prop_lut4_I2_O)        0.124    12.539 r  native_system/queue/bus_wdata[12]_i_1/O
                         net (fo=1, unplaced)         0.000    12.539    native_system/queue/p_2_out[12]
                         FDCE                                         r  native_system/queue/bus_wdata_reg[12]/D
  -------------------------------------------------------------------    -------------------

                         (clock core132 rise edge)    7.576     7.576 r  
                                                      0.000     7.576 r  clk (IN)
                         net (fo=17985, unset)        0.924     8.500    native_system/queue/clk
                         FDCE                                         r  native_system/queue/bus_wdata_reg[12]/C
                         clock pessimism              0.000     8.500    
                         clock uncertainty           -0.035     8.465    
                         FDCE (Setup_fdce_C_D)        0.077     8.542    native_system/queue/bus_wdata_reg[12]
  -------------------------------------------------------------------
                         required time                          8.542    
                         arrival time                         -12.539    
  -------------------------------------------------------------------
                         slack                                 -3.997    

Slack (VIOLATED) :        -3.997ns  (required time - arrival time)
  Source:                 native_system/queue/channel_reg[11]/C
                            (rising edge-triggered cell FDCE clocked by core132  {rise@0.000ns fall@3.788ns period=7.576ns})
  Destination:            native_system/queue/bus_wdata_reg[13]/D
                            (rising edge-triggered cell FDCE clocked by core132  {rise@0.000ns fall@3.788ns period=7.576ns})
  Path Group:             core132
  Path Type:              Setup (Max at Slow Process Corner)
  Requirement:            7.576ns  (core132 rise@7.576ns - core132 rise@0.000ns)
  Data Path Delay:        11.566ns  (logic 5.402ns (46.704%)  route 6.164ns (53.296%))
  Logic Levels:           8  (DSP48E1=1 LUT4=1 LUT5=1 LUT6=5)
  Clock Path Skew:        -0.049ns (DCD - SCD + CPR)
    Destination Clock Delay (DCD):    0.924ns = ( 8.500 - 7.576 ) 
    Source Clock Delay      (SCD):    0.973ns
    Clock Pessimism Removal (CPR):    0.000ns
  Clock Uncertainty:      0.035ns  ((TSJ^2 + TIJ^2)^1/2 + DJ) / 2 + PE
    Total System Jitter     (TSJ):    0.071ns
    Total Input Jitter      (TIJ):    0.000ns
    Discrete Jitter          (DJ):    0.000ns
    Phase Error              (PE):    0.000ns

    Location             Delay type                Incr(ns)  Path(ns)    Netlist Resource(s)
  -------------------------------------------------------------------    -------------------
                         (clock core132 rise edge)    0.000     0.000 r  
                                                      0.000     0.000 r  clk (IN)
                         net (fo=17985, unset)        0.973     0.973    native_system/queue/clk
                         FDCE                                         r  native_system/queue/channel_reg[11]/C
  -------------------------------------------------------------------    -------------------
                         FDCE (Prop_fdce_C_Q)         0.518     1.491 r  native_system/queue/channel_reg[11]/Q
                         net (fo=23, unplaced)        0.800     2.291    native_system/queue/channel_reg_n_0_[11]
                                                                      r  native_system/queue/bus_wdata1/A[29]
                         DSP48E1 (Prop_dsp48e1_A[29]_P[7])
                                                      4.016     6.307 r  native_system/queue/bus_wdata1/P[7]
                         net (fo=724, unplaced)       0.800     7.106    native_system/queue/bus_wdata1_n_98
                                                                      r  native_system/queue/bus_wdata[16]_i_616/I4
                         LUT6 (Prop_lut6_I4_O)        0.124     7.230 r  native_system/queue/bus_wdata[16]_i_616/O
                         net (fo=2, unplaced)         0.913     8.143    native_system/queue/bus_wdata[16]_i_616_n_0
                                                                      r  native_system/queue/bus_wdata[16]_i_166/I1
                         LUT6 (Prop_lut6_I1_O)        0.124     8.267 r  native_system/queue/bus_wdata[16]_i_166/O
                         net (fo=4, unplaced)         0.926     9.193    native_system/queue/bus_wdata[16]_i_166_n_0
                                                                      r  native_system/queue/bus_wdata[14]_i_23/I1
                         LUT6 (Prop_lut6_I1_O)        0.124     9.317 r  native_system/queue/bus_wdata[14]_i_23/O
                         net (fo=4, unplaced)         0.926    10.243    native_system/queue/bus_wdata[14]_i_23_n_0
                                                                      r  native_system/queue/bus_wdata[13]_i_13/I1
                         LUT6 (Prop_lut6_I1_O)        0.124    10.367 r  native_system/queue/bus_wdata[13]_i_13/O
                         net (fo=1, unplaced)         0.902    11.269    native_system/queue/bus_wdata[13]_i_13_n_0
                                                                      r  native_system/queue/bus_wdata[13]_i_5/I1
                         LUT6 (Prop_lut6_I1_O)        0.124    11.393 r  native_system/queue/bus_wdata[13]_i_5/O
                         net (fo=1, unplaced)         0.449    11.842    native_system/queue/bus_wdata[13]_i_5_n_0
                                                                      r  native_system/queue/bus_wdata[13]_i_2/I4
                         LUT5 (Prop_lut5_I4_O)        0.124    11.966 r  native_system/queue/bus_wdata[13]_i_2/O
                         net (fo=1, unplaced)         0.449    12.415    native_system/queue/bus_wdata[13]_i_2_n_0
                                                                      r  native_system/queue/bus_wdata[13]_i_1/I2
                         LUT4 (Prop_lut4_I2_O)        0.124    12.539 r  native_system/queue/bus_wdata[13]_i_1/O
                         net (fo=1, unplaced)         0.000    12.539    native_system/queue/p_2_out[13]
                         FDCE                                         r  native_system/queue/bus_wdata_reg[13]/D
  -------------------------------------------------------------------    -------------------

                         (clock core132 rise edge)    7.576     7.576 r  
                                                      0.000     7.576 r  clk (IN)
                         net (fo=17985, unset)        0.924     8.500    native_system/queue/clk
                         FDCE                                         r  native_system/queue/bus_wdata_reg[13]/C
                         clock pessimism              0.000     8.500    
                         clock uncertainty           -0.035     8.465    
                         FDCE (Setup_fdce_C_D)        0.077     8.542    native_system/queue/bus_wdata_reg[13]
  -------------------------------------------------------------------
                         required time                          8.542    
                         arrival time                         -12.539    
  -------------------------------------------------------------------
                         slack                                 -3.997    

Slack (VIOLATED) :        -3.997ns  (required time - arrival time)
  Source:                 native_system/queue/channel_reg[11]/C
                            (rising edge-triggered cell FDCE clocked by core132  {rise@0.000ns fall@3.788ns period=7.576ns})
  Destination:            native_system/queue/bus_wdata_reg[14]/D
                            (rising edge-triggered cell FDCE clocked by core132  {rise@0.000ns fall@3.788ns period=7.576ns})
  Path Group:             core132
  Path Type:              Setup (Max at Slow Process Corner)
  Requirement:            7.576ns  (core132 rise@7.576ns - core132 rise@0.000ns)
  Data Path Delay:        11.566ns  (logic 5.402ns (46.704%)  route 6.164ns (53.296%))
  Logic Levels:           8  (DSP48E1=1 LUT4=1 LUT5=1 LUT6=5)
  Clock Path Skew:        -0.049ns (DCD - SCD + CPR)
    Destination Clock Delay (DCD):    0.924ns = ( 8.500 - 7.576 ) 
    Source Clock Delay      (SCD):    0.973ns
    Clock Pessimism Removal (CPR):    0.000ns
  Clock Uncertainty:      0.035ns  ((TSJ^2 + TIJ^2)^1/2 + DJ) / 2 + PE
    Total System Jitter     (TSJ):    0.071ns
    Total Input Jitter      (TIJ):    0.000ns
    Discrete Jitter          (DJ):    0.000ns
    Phase Error              (PE):    0.000ns

    Location             Delay type                Incr(ns)  Path(ns)    Netlist Resource(s)
  -------------------------------------------------------------------    -------------------
                         (clock core132 rise edge)    0.000     0.000 r  
                                                      0.000     0.000 r  clk (IN)
                         net (fo=17985, unset)        0.973     0.973    native_system/queue/clk
                         FDCE                                         r  native_system/queue/channel_reg[11]/C
  -------------------------------------------------------------------    -------------------
                         FDCE (Prop_fdce_C_Q)         0.518     1.491 r  native_system/queue/channel_reg[11]/Q
                         net (fo=23, unplaced)        0.800     2.291    native_system/queue/channel_reg_n_0_[11]
                                                                      r  native_system/queue/bus_wdata1/A[29]
                         DSP48E1 (Prop_dsp48e1_A[29]_P[7])
                                                      4.016     6.307 r  native_system/queue/bus_wdata1/P[7]
                         net (fo=724, unplaced)       0.800     7.106    native_system/queue/bus_wdata1_n_98
                                                                      r  native_system/queue/bus_wdata[16]_i_584/I4
                         LUT6 (Prop_lut6_I4_O)        0.124     7.230 r  native_system/queue/bus_wdata[16]_i_584/O
                         net (fo=2, unplaced)         0.913     8.143    native_system/queue/bus_wdata[16]_i_584_n_0
                                                                      r  native_system/queue/bus_wdata[16]_i_158/I1
                         LUT6 (Prop_lut6_I1_O)        0.124     8.267 r  native_system/queue/bus_wdata[16]_i_158/O
                         net (fo=4, unplaced)         0.926     9.193    native_system/queue/bus_wdata[16]_i_158_n_0
                                                                      r  native_system/queue/bus_wdata[15]_i_23/I1
                         LUT6 (Prop_lut6_I1_O)        0.124     9.317 r  native_system/queue/bus_wdata[15]_i_23/O
                         net (fo=4, unplaced)         0.926    10.243    native_system/queue/bus_wdata[15]_i_23_n_0
                                                                      r  native_system/queue/bus_wdata[14]_i_13/I1
                         LUT6 (Prop_lut6_I1_O)        0.124    10.367 r  native_system/queue/bus_wdata[14]_i_13/O
                         net (fo=1, unplaced)         0.902    11.269    native_system/queue/bus_wdata[14]_i_13_n_0
                                                                      r  native_system/queue/bus_wdata[14]_i_5/I1
                         LUT6 (Prop_lut6_I1_O)        0.124    11.393 r  native_system/queue/bus_wdata[14]_i_5/O
                         net (fo=1, unplaced)         0.449    11.842    native_system/queue/bus_wdata[14]_i_5_n_0
                                                                      r  native_system/queue/bus_wdata[14]_i_2/I4
                         LUT5 (Prop_lut5_I4_O)        0.124    11.966 r  native_system/queue/bus_wdata[14]_i_2/O
                         net (fo=1, unplaced)         0.449    12.415    native_system/queue/bus_wdata[14]_i_2_n_0
                                                                      r  native_system/queue/bus_wdata[14]_i_1/I2
                         LUT4 (Prop_lut4_I2_O)        0.124    12.539 r  native_system/queue/bus_wdata[14]_i_1/O
                         net (fo=1, unplaced)         0.000    12.539    native_system/queue/p_2_out[14]
                         FDCE                                         r  native_system/queue/bus_wdata_reg[14]/D
  -------------------------------------------------------------------    -------------------

                         (clock core132 rise edge)    7.576     7.576 r  
                                                      0.000     7.576 r  clk (IN)
                         net (fo=17985, unset)        0.924     8.500    native_system/queue/clk
                         FDCE                                         r  native_system/queue/bus_wdata_reg[14]/C
                         clock pessimism              0.000     8.500    
                         clock uncertainty           -0.035     8.465    
                         FDCE (Setup_fdce_C_D)        0.077     8.542    native_system/queue/bus_wdata_reg[14]
  -------------------------------------------------------------------
                         required time                          8.542    
                         arrival time                         -12.539    
  -------------------------------------------------------------------
                         slack                                 -3.997    

Slack (VIOLATED) :        -3.991ns  (required time - arrival time)
  Source:                 native_system/queue/channel_reg[11]/C
                            (rising edge-triggered cell FDCE clocked by core132  {rise@0.000ns fall@3.788ns period=7.576ns})
  Destination:            native_system/queue/bus_wdata_reg[15]/D
                            (rising edge-triggered cell FDCE clocked by core132  {rise@0.000ns fall@3.788ns period=7.576ns})
  Path Group:             core132
  Path Type:              Setup (Max at Slow Process Corner)
  Requirement:            7.576ns  (core132 rise@7.576ns - core132 rise@0.000ns)
  Data Path Delay:        11.560ns  (logic 5.402ns (46.728%)  route 6.158ns (53.272%))
  Logic Levels:           8  (DSP48E1=1 LUT4=1 LUT5=1 LUT6=5)
  Clock Path Skew:        -0.049ns (DCD - SCD + CPR)
    Destination Clock Delay (DCD):    0.924ns = ( 8.500 - 7.576 ) 
    Source Clock Delay      (SCD):    0.973ns
    Clock Pessimism Removal (CPR):    0.000ns
  Clock Uncertainty:      0.035ns  ((TSJ^2 + TIJ^2)^1/2 + DJ) / 2 + PE
    Total System Jitter     (TSJ):    0.071ns
    Total Input Jitter      (TIJ):    0.000ns
    Discrete Jitter          (DJ):    0.000ns
    Phase Error              (PE):    0.000ns

    Location             Delay type                Incr(ns)  Path(ns)    Netlist Resource(s)
  -------------------------------------------------------------------    -------------------
                         (clock core132 rise edge)    0.000     0.000 r  
                                                      0.000     0.000 r  clk (IN)
                         net (fo=17985, unset)        0.973     0.973    native_system/queue/clk
                         FDCE                                         r  native_system/queue/channel_reg[11]/C
  -------------------------------------------------------------------    -------------------
                         FDCE (Prop_fdce_C_Q)         0.518     1.491 r  native_system/queue/channel_reg[11]/Q
                         net (fo=23, unplaced)        0.800     2.291    native_system/queue/channel_reg_n_0_[11]
                                                                      r  native_system/queue/bus_wdata1/A[29]
                         DSP48E1 (Prop_dsp48e1_A[29]_P[7])
                                                      4.016     6.307 r  native_system/queue/bus_wdata1/P[7]
                         net (fo=724, unplaced)       0.800     7.106    native_system/queue/bus_wdata1_n_98
                                                                      r  native_system/queue/bus_wdata[16]_i_624/I4
                         LUT6 (Prop_lut6_I4_O)        0.124     7.230 r  native_system/queue/bus_wdata[16]_i_624/O
                         net (fo=2, unplaced)         0.913     8.143    native_system/queue/bus_wdata[16]_i_624_n_0
                                                                      r  native_system/queue/bus_wdata[16]_i_168/I1
                         LUT6 (Prop_lut6_I1_O)        0.124     8.267 r  native_system/queue/bus_wdata[16]_i_168/O
                         net (fo=3, unplaced)         0.920     9.187    native_system/queue/bus_wdata[16]_i_168_n_0
                                                                      r  native_system/queue/bus_wdata[16]_i_46/I1
                         LUT6 (Prop_lut6_I1_O)        0.124     9.311 r  native_system/queue/bus_wdata[16]_i_46/O
                         net (fo=4, unplaced)         0.926    10.237    native_system/queue/bus_wdata[16]_i_46_n_0
                                                                      r  native_system/queue/bus_wdata[15]_i_13/I1
                         LUT6 (Prop_lut6_I1_O)        0.124    10.361 r  native_system/queue/bus_wdata[15]_i_13/O
                         net (fo=1, unplaced)         0.902    11.263    native_system/queue/bus_wdata[15]_i_13_n_0
                                                                      r  native_system/queue/bus_wdata[15]_i_5/I1
                         LUT6 (Prop_lut6_I1_O)        0.124    11.387 r  native_system/queue/bus_wdata[15]_i_5/O
                         net (fo=1, unplaced)         0.449    11.836    native_system/queue/bus_wdata[15]_i_5_n_0
                                                                      r  native_system/queue/bus_wdata[15]_i_2/I4
                         LUT5 (Prop_lut5_I4_O)        0.124    11.960 r  native_system/queue/bus_wdata[15]_i_2/O
                         net (fo=1, unplaced)         0.449    12.409    native_system/queue/bus_wdata[15]_i_2_n_0
                                                                      r  native_system/queue/bus_wdata[15]_i_1/I2
                         LUT4 (Prop_lut4_I2_O)        0.124    12.533 r  native_system/queue/bus_wdata[15]_i_1/O
                         net (fo=1, unplaced)         0.000    12.533    native_system/queue/p_2_out[15]
                         FDCE                                         r  native_system/queue/bus_wdata_reg[15]/D
  -------------------------------------------------------------------    -------------------

                         (clock core132 rise edge)    7.576     7.576 r  
                                                      0.000     7.576 r  clk (IN)
                         net (fo=17985, unset)        0.924     8.500    native_system/queue/clk
                         FDCE                                         r  native_system/queue/bus_wdata_reg[15]/C
                         clock pessimism              0.000     8.500    
                         clock uncertainty           -0.035     8.465    
                         FDCE (Setup_fdce_C_D)        0.077     8.542    native_system/queue/bus_wdata_reg[15]
  -------------------------------------------------------------------
                         required time                          8.542    
                         arrival time                         -12.533    
  -------------------------------------------------------------------
                         slack                                 -3.991    

Slack (VIOLATED) :        -3.989ns  (required time - arrival time)
  Source:                 native_system/queue/channel_reg[11]/C
                            (rising edge-triggered cell FDCE clocked by core132  {rise@0.000ns fall@3.788ns period=7.576ns})
  Destination:            native_system/queue/bus_wdata_reg[7]/D
                            (rising edge-triggered cell FDCE clocked by core132  {rise@0.000ns fall@3.788ns period=7.576ns})
  Path Group:             core132
  Path Type:              Setup (Max at Slow Process Corner)
  Requirement:            7.576ns  (core132 rise@7.576ns - core132 rise@0.000ns)
  Data Path Delay:        11.558ns  (logic 5.394ns (46.667%)  route 6.164ns (53.333%))
  Logic Levels:           8  (DSP48E1=1 LUT4=1 LUT5=1 LUT6=5)
  Clock Path Skew:        -0.049ns (DCD - SCD + CPR)
    Destination Clock Delay (DCD):    0.924ns = ( 8.500 - 7.576 ) 
    Source Clock Delay      (SCD):    0.973ns
    Clock Pessimism Removal (CPR):    0.000ns
  Clock Uncertainty:      0.035ns  ((TSJ^2 + TIJ^2)^1/2 + DJ) / 2 + PE
    Total System Jitter     (TSJ):    0.071ns
    Total Input Jitter      (TIJ):    0.000ns
    Discrete Jitter          (DJ):    0.000ns
    Phase Error              (PE):    0.000ns

    Location             Delay type                Incr(ns)  Path(ns)    Netlist Resource(s)
  -------------------------------------------------------------------    -------------------
                         (clock core132 rise edge)    0.000     0.000 r  
                                                      0.000     0.000 r  clk (IN)
                         net (fo=17985, unset)        0.973     0.973    native_system/queue/clk
                         FDCE                                         r  native_system/queue/channel_reg[11]/C
  -------------------------------------------------------------------    -------------------
                         FDCE (Prop_fdce_C_Q)         0.518     1.491 r  native_system/queue/channel_reg[11]/Q
                         net (fo=23, unplaced)        0.800     2.291    native_system/queue/channel_reg_n_0_[11]
                                                                      r  native_system/queue/bus_wdata1/A[29]
                         DSP48E1 (Prop_dsp48e1_A[29]_P[7])
                                                      4.016     6.307 r  native_system/queue/bus_wdata1/P[7]
                         net (fo=724, unplaced)       0.800     7.106    native_system/queue/bus_wdata1_n_98
                                                                      r  native_system/queue/bus_wdata[16]_i_622/I4
                         LUT6 (Prop_lut6_I4_O)        0.124     7.230 r  native_system/queue/bus_wdata[16]_i_622/O
                         net (fo=2, unplaced)         0.913     8.143    native_system/queue/bus_wdata[16]_i_622_n_0
                                                                      r  native_system/queue/bus_wdata[12]_i_32/I1
                         LUT6 (Prop_lut6_I1_O)        0.124     8.267 r  native_system/queue/bus_wdata[12]_i_32/O
                         net (fo=4, unplaced)         0.926     9.193    native_system/queue/bus_wdata[12]_i_32_n_0
                                                                      r  native_system/queue/bus_wdata[8]_i_23/I1
                         LUT6 (Prop_lut6_I1_O)        0.124     9.317 r  native_system/queue/bus_wdata[8]_i_23/O
                         net (fo=4, unplaced)         0.926    10.243    native_system/queue/bus_wdata[8]_i_23_n_0
                                                                      r  native_system/queue/bus_wdata[7]_i_13/I1
                         LUT6 (Prop_lut6_I1_O)        0.124    10.367 r  native_system/queue/bus_wdata[7]_i_13/O
                         net (fo=1, unplaced)         0.902    11.269    native_system/queue/bus_wdata[7]_i_13_n_0
                                                                      r  native_system/queue/bus_wdata[7]_i_5/I1
                         LUT6 (Prop_lut6_I1_O)        0.124    11.393 r  native_system/queue/bus_wdata[7]_i_5/O
                         net (fo=1, unplaced)         0.449    11.842    native_system/queue/bus_wdata[7]_i_5_n_0
                                                                      r  native_system/queue/bus_wdata[7]_i_2/I4
                         LUT5 (Prop_lut5_I4_O)        0.124    11.966 r  native_system/queue/bus_wdata[7]_i_2/O
                         net (fo=1, unplaced)         0.449    12.415    native_system/queue/bus_wdata[7]_i_2_n_0
                                                                      r  native_system/queue/bus_wdata[7]_i_1/I2
                         LUT4 (Prop_lut4_I2_O)        0.116    12.531 r  native_system/queue/bus_wdata[7]_i_1/O
                         net (fo=1, unplaced)         0.000    12.531    native_system/queue/p_2_out[7]
                         FDCE                                         r  native_system/queue/bus_wdata_reg[7]/D
  -------------------------------------------------------------------    -------------------

                         (clock core132 rise edge)    7.576     7.576 r  
                                                      0.000     7.576 r  clk (IN)
                         net (fo=17985, unset)        0.924     8.500    native_system/queue/clk
                         FDCE                                         r  native_system/queue/bus_wdata_reg[7]/C
                         clock pessimism              0.000     8.500    
                         clock uncertainty           -0.035     8.465    
                         FDCE (Setup_fdce_C_D)        0.077     8.542    native_system/queue/bus_wdata_reg[7]
  -------------------------------------------------------------------
                         required time                          8.542    
                         arrival time                         -12.531    
  -------------------------------------------------------------------
                         slack                                 -3.989    

Slack (VIOLATED) :        -3.989ns  (required time - arrival time)
  Source:                 native_system/queue/channel_reg[11]/C
                            (rising edge-triggered cell FDCE clocked by core132  {rise@0.000ns fall@3.788ns period=7.576ns})
  Destination:            native_system/queue/bus_wdata_reg[8]/D
                            (rising edge-triggered cell FDCE clocked by core132  {rise@0.000ns fall@3.788ns period=7.576ns})
  Path Group:             core132
  Path Type:              Setup (Max at Slow Process Corner)
  Requirement:            7.576ns  (core132 rise@7.576ns - core132 rise@0.000ns)
  Data Path Delay:        11.558ns  (logic 5.394ns (46.667%)  route 6.164ns (53.333%))
  Logic Levels:           8  (DSP48E1=1 LUT4=1 LUT5=1 LUT6=5)
  Clock Path Skew:        -0.049ns (DCD - SCD + CPR)
    Destination Clock Delay (DCD):    0.924ns = ( 8.500 - 7.576 ) 
    Source Clock Delay      (SCD):    0.973ns
    Clock Pessimism Removal (CPR):    0.000ns
  Clock Uncertainty:      0.035ns  ((TSJ^2 + TIJ^2)^1/2 + DJ) / 2 + PE
    Total System Jitter     (TSJ):    0.071ns
    Total Input Jitter      (TIJ):    0.000ns
    Discrete Jitter          (DJ):    0.000ns
    Phase Error              (PE):    0.000ns

    Location             Delay type                Incr(ns)  Path(ns)    Netlist Resource(s)
  -------------------------------------------------------------------    -------------------
                         (clock core132 rise edge)    0.000     0.000 r  
                                                      0.000     0.000 r  clk (IN)
                         net (fo=17985, unset)        0.973     0.973    native_system/queue/clk
                         FDCE                                         r  native_system/queue/channel_reg[11]/C
  -------------------------------------------------------------------    -------------------
                         FDCE (Prop_fdce_C_Q)         0.518     1.491 r  native_system/queue/channel_reg[11]/Q
                         net (fo=23, unplaced)        0.800     2.291    native_system/queue/channel_reg_n_0_[11]
                                                                      r  native_system/queue/bus_wdata1/A[29]
                         DSP48E1 (Prop_dsp48e1_A[29]_P[7])
                                                      4.016     6.307 r  native_system/queue/bus_wdata1/P[7]
                         net (fo=724, unplaced)       0.800     7.106    native_system/queue/bus_wdata1_n_98
                                                                      r  native_system/queue/bus_wdata[16]_i_590/I4
                         LUT6 (Prop_lut6_I4_O)        0.124     7.230 r  native_system/queue/bus_wdata[16]_i_590/O
                         net (fo=2, unplaced)         0.913     8.143    native_system/queue/bus_wdata[16]_i_590_n_0
                                                                      r  native_system/queue/bus_wdata[13]_i_32/I1
                         LUT6 (Prop_lut6_I1_O)        0.124     8.267 r  native_system/queue/bus_wdata[13]_i_32/O
                         net (fo=4, unplaced)         0.926     9.193    native_system/queue/bus_wdata[13]_i_32_n_0
                                                                      r  native_system/queue/bus_wdata[9]_i_23/I1
                         LUT6 (Prop_lut6_I1_O)        0.124     9.317 r  native_system/queue/bus_wdata[9]_i_23/O
                         net (fo=4, unplaced)         0.926    10.243    native_system/queue/bus_wdata[9]_i_23_n_0
                                                                      r  native_system/queue/bus_wdata[8]_i_13/I1
                         LUT6 (Prop_lut6_I1_O)        0.124    10.367 r  native_system/queue/bus_wdata[8]_i_13/O
                         net (fo=1, unplaced)         0.902    11.269    native_system/queue/bus_wdata[8]_i_13_n_0
                                                                      r  native_system/queue/bus_wdata[8]_i_5/I1
                         LUT6 (Prop_lut6_I1_O)        0.124    11.393 r  native_system/queue/bus_wdata[8]_i_5/O
                         net (fo=1, unplaced)         0.449    11.842    native_system/queue/bus_wdata[8]_i_5_n_0
                                                                      r  native_system/queue/bus_wdata[8]_i_2/I4
                         LUT5 (Prop_lut5_I4_O)        0.124    11.966 r  native_system/queue/bus_wdata[8]_i_2/O
                         net (fo=1, unplaced)         0.449    12.415    native_system/queue/bus_wdata[8]_i_2_n_0
                                                                      r  native_system/queue/bus_wdata[8]_i_1/I2
                         LUT4 (Prop_lut4_I2_O)        0.116    12.531 r  native_system/queue/bus_wdata[8]_i_1/O
                         net (fo=1, unplaced)         0.000    12.531    native_system/queue/p_2_out[8]
                         FDCE                                         r  native_system/queue/bus_wdata_reg[8]/D
  -------------------------------------------------------------------    -------------------

                         (clock core132 rise edge)    7.576     7.576 r  
                                                      0.000     7.576 r  clk (IN)
                         net (fo=17985, unset)        0.924     8.500    native_system/queue/clk
                         FDCE                                         r  native_system/queue/bus_wdata_reg[8]/C
                         clock pessimism              0.000     8.500    
                         clock uncertainty           -0.035     8.465    
                         FDCE (Setup_fdce_C_D)        0.077     8.542    native_system/queue/bus_wdata_reg[8]
  -------------------------------------------------------------------
                         required time                          8.542    
                         arrival time                         -12.531    
  -------------------------------------------------------------------
                         slack                                 -3.989    

Slack (VIOLATED) :        -3.989ns  (required time - arrival time)
  Source:                 native_system/queue/channel_reg[11]/C
                            (rising edge-triggered cell FDCE clocked by core132  {rise@0.000ns fall@3.788ns period=7.576ns})
  Destination:            native_system/queue/bus_wdata_reg[9]/D
                            (rising edge-triggered cell FDCE clocked by core132  {rise@0.000ns fall@3.788ns period=7.576ns})
  Path Group:             core132
  Path Type:              Setup (Max at Slow Process Corner)
  Requirement:            7.576ns  (core132 rise@7.576ns - core132 rise@0.000ns)
  Data Path Delay:        11.558ns  (logic 5.394ns (46.667%)  route 6.164ns (53.333%))
  Logic Levels:           8  (DSP48E1=1 LUT4=1 LUT5=1 LUT6=5)
  Clock Path Skew:        -0.049ns (DCD - SCD + CPR)
    Destination Clock Delay (DCD):    0.924ns = ( 8.500 - 7.576 ) 
    Source Clock Delay      (SCD):    0.973ns
    Clock Pessimism Removal (CPR):    0.000ns
  Clock Uncertainty:      0.035ns  ((TSJ^2 + TIJ^2)^1/2 + DJ) / 2 + PE
    Total System Jitter     (TSJ):    0.071ns
    Total Input Jitter      (TIJ):    0.000ns
    Discrete Jitter          (DJ):    0.000ns
    Phase Error              (PE):    0.000ns

    Location             Delay type                Incr(ns)  Path(ns)    Netlist Resource(s)
  -------------------------------------------------------------------    -------------------
                         (clock core132 rise edge)    0.000     0.000 r  
                                                      0.000     0.000 r  clk (IN)
                         net (fo=17985, unset)        0.973     0.973    native_system/queue/clk
                         FDCE                                         r  native_system/queue/channel_reg[11]/C
  -------------------------------------------------------------------    -------------------
                         FDCE (Prop_fdce_C_Q)         0.518     1.491 r  native_system/queue/channel_reg[11]/Q
                         net (fo=23, unplaced)        0.800     2.291    native_system/queue/channel_reg_n_0_[11]
                                                                      r  native_system/queue/bus_wdata1/A[29]
                         DSP48E1 (Prop_dsp48e1_A[29]_P[7])
                                                      4.016     6.307 r  native_system/queue/bus_wdata1/P[7]
                         net (fo=724, unplaced)       0.800     7.106    native_system/queue/bus_wdata1_n_98
                                                                      r  native_system/queue/bus_wdata[16]_i_606/I4
                         LUT6 (Prop_lut6_I4_O)        0.124     7.230 r  native_system/queue/bus_wdata[16]_i_606/O
                         net (fo=2, unplaced)         0.913     8.143    native_system/queue/bus_wdata[16]_i_606_n_0
                                                                      r  native_system/queue/bus_wdata[14]_i_33/I1
                         LUT6 (Prop_lut6_I1_O)        0.124     8.267 r  native_system/queue/bus_wdata[14]_i_33/O
                         net (fo=4, unplaced)         0.926     9.193    native_system/queue/bus_wdata[14]_i_33_n_0
                                                                      r  native_system/queue/bus_wdata[10]_i_25/I1
                         LUT6 (Prop_lut6_I1_O)        0.124     9.317 r  native_system/queue/bus_wdata[10]_i_25/O
                         net (fo=4, unplaced)         0.926    10.243    native_system/queue/bus_wdata[10]_i_25_n_0
                                                                      r  native_system/queue/bus_wdata[9]_i_13/I1
                         LUT6 (Prop_lut6_I1_O)        0.124    10.367 r  native_system/queue/bus_wdata[9]_i_13/O
                         net (fo=1, unplaced)         0.902    11.269    native_system/queue/bus_wdata[9]_i_13_n_0
                                                                      r  native_system/queue/bus_wdata[9]_i_5/I1
                         LUT6 (Prop_lut6_I1_O)        0.124    11.393 r  native_system/queue/bus_wdata[9]_i_5/O
                         net (fo=1, unplaced)         0.449    11.842    native_system/queue/bus_wdata[9]_i_5_n_0
                                                                      r  native_system/queue/bus_wdata[9]_i_2/I4
                         LUT5 (Prop_lut5_I4_O)        0.124    11.966 r  native_system/queue/bus_wdata[9]_i_2/O
                         net (fo=1, unplaced)         0.449    12.415    native_system/queue/bus_wdata[9]_i_2_n_0
                                                                      r  native_system/queue/bus_wdata[9]_i_1/I2
                         LUT4 (Prop_lut4_I2_O)        0.116    12.531 r  native_system/queue/bus_wdata[9]_i_1/O
                         net (fo=1, unplaced)         0.000    12.531    native_system/queue/p_2_out[9]
                         FDCE                                         r  native_system/queue/bus_wdata_reg[9]/D
  -------------------------------------------------------------------    -------------------

                         (clock core132 rise edge)    7.576     7.576 r  
                                                      0.000     7.576 r  clk (IN)
                         net (fo=17985, unset)        0.924     8.500    native_system/queue/clk
                         FDCE                                         r  native_system/queue/bus_wdata_reg[9]/C
                         clock pessimism              0.000     8.500    
                         clock uncertainty           -0.035     8.465    
                         FDCE (Setup_fdce_C_D)        0.077     8.542    native_system/queue/bus_wdata_reg[9]
  -------------------------------------------------------------------
                         required time                          8.542    
                         arrival time                         -12.531    
  -------------------------------------------------------------------
                         slack                                 -3.989    

Slack (VIOLATED) :        -3.985ns  (required time - arrival time)
  Source:                 native_system/queue/channel_reg[11]/C
                            (rising edge-triggered cell FDCE clocked by core132  {rise@0.000ns fall@3.788ns period=7.576ns})
  Destination:            native_system/queue/bus_wdata_reg[16]/D
                            (rising edge-triggered cell FDCE clocked by core132  {rise@0.000ns fall@3.788ns period=7.576ns})
  Path Group:             core132
  Path Type:              Setup (Max at Slow Process Corner)
  Requirement:            7.576ns  (core132 rise@7.576ns - core132 rise@0.000ns)
  Data Path Delay:        11.554ns  (logic 5.402ns (46.753%)  route 6.152ns (53.247%))
  Logic Levels:           8  (DSP48E1=1 LUT4=1 LUT5=1 LUT6=5)
  Clock Path Skew:        -0.049ns (DCD - SCD + CPR)
    Destination Clock Delay (DCD):    0.924ns = ( 8.500 - 7.576 ) 
    Source Clock Delay      (SCD):    0.973ns
    Clock Pessimism Removal (CPR):    0.000ns
  Clock Uncertainty:      0.035ns  ((TSJ^2 + TIJ^2)^1/2 + DJ) / 2 + PE
    Total System Jitter     (TSJ):    0.071ns
    Total Input Jitter      (TIJ):    0.000ns
    Discrete Jitter          (DJ):    0.000ns
    Phase Error              (PE):    0.000ns

    Location             Delay type                Incr(ns)  Path(ns)    Netlist Resource(s)
  -------------------------------------------------------------------    -------------------
                         (clock core132 rise edge)    0.000     0.000 r  
                                                      0.000     0.000 r  clk (IN)
                         net (fo=17985, unset)        0.973     0.973    native_system/queue/clk
                         FDCE                                         r  native_system/queue/channel_reg[11]/C
  -------------------------------------------------------------------    -------------------
                         FDCE (Prop_fdce_C_Q)         0.518     1.491 r  native_system/queue/channel_reg[11]/Q
                         net (fo=23, unplaced)        0.800     2.291    native_system/queue/channel_reg_n_0_[11]
                                                                      r  native_system/queue/bus_wdata1/A[29]
                         DSP48E1 (Prop_dsp48e1_A[29]_P[7])
                                                      4.016     6.307 r  native_system/queue/bus_wdata1/P[7]
                         net (fo=724, unplaced)       0.800     7.106    native_system/queue/bus_wdata1_n_98
                                                                      r  native_system/queue/bus_wdata[16]_i_592/I4
                         LUT6 (Prop_lut6_I4_O)        0.124     7.230 r  native_system/queue/bus_wdata[16]_i_592/O
                         net (fo=2, unplaced)         0.913     8.143    native_system/queue/bus_wdata[16]_i_592_n_0
                                                                      r  native_system/queue/bus_wdata[16]_i_160/I1
                         LUT6 (Prop_lut6_I1_O)        0.124     8.267 r  native_system/queue/bus_wdata[16]_i_160/O
                         net (fo=3, unplaced)         0.920     9.187    native_system/queue/bus_wdata[16]_i_160_n_0
                                                                      r  native_system/queue/bus_wdata[16]_i_44/I1
                         LUT6 (Prop_lut6_I1_O)        0.124     9.311 r  native_system/queue/bus_wdata[16]_i_44/O
                         net (fo=3, unplaced)         0.920    10.231    native_system/queue/bus_wdata[16]_i_44_n_0
                                                                      r  native_system/queue/bus_wdata[16]_i_13/I1
                         LUT6 (Prop_lut6_I1_O)        0.124    10.355 r  native_system/queue/bus_wdata[16]_i_13/O
                         net (fo=1, unplaced)         0.902    11.257    native_system/queue/bus_wdata[16]_i_13_n_0
                                                                      r  native_system/queue/bus_wdata[16]_i_5/I1
                         LUT6 (Prop_lut6_I1_O)        0.124    11.381 r  native_system/queue/bus_wdata[16]_i_5/O
                         net (fo=1, unplaced)         0.449    11.830    native_system/queue/bus_wdata[16]_i_5_n_0
                                                                      r  native_system/queue/bus_wdata[16]_i_2/I4
                         LUT5 (Prop_lut5_I4_O)        0.124    11.954 r  native_system/queue/bus_wdata[16]_i_2/O
                         net (fo=1, unplaced)         0.449    12.403    native_system/queue/bus_wdata[16]_i_2_n_0
                                                                      r  native_system/queue/bus_wdata[16]_i_1/I2
                         LUT4 (Prop_lut4_I2_O)        0.124    12.527 r  native_system/queue/bus_wdata[16]_i_1/O
                         net (fo=1, unplaced)         0.000    12.527    native_system/queue/p_2_out[16]
                         FDCE                                         r  native_system/queue/bus_wdata_reg[16]/D
  -------------------------------------------------------------------    -------------------

                         (clock core132 rise edge)    7.576     7.576 r  
                                                      0.000     7.576 r  clk (IN)
                         net (fo=17985, unset)        0.924     8.500    native_system/queue/clk
                         FDCE                                         r  native_system/queue/bus_wdata_reg[16]/C
                         clock pessimism              0.000     8.500    
                         clock uncertainty           -0.035     8.465    
                         FDCE (Setup_fdce_C_D)        0.077     8.542    native_system/queue/bus_wdata_reg[16]
  -------------------------------------------------------------------
                         required time                          8.542    
                         arrival time                         -12.527    
  -------------------------------------------------------------------
                         slack                                 -3.985    

Slack (VIOLATED) :        -3.984ns  (required time - arrival time)
  Source:                 native_system/queue/channel_reg[11]/C
                            (rising edge-triggered cell FDCE clocked by core132  {rise@0.000ns fall@3.788ns period=7.576ns})
  Destination:            native_system/queue/bus_wdata_reg[2]/D
                            (rising edge-triggered cell FDCE clocked by core132  {rise@0.000ns fall@3.788ns period=7.576ns})
  Path Group:             core132
  Path Type:              Setup (Max at Slow Process Corner)
  Requirement:            7.576ns  (core132 rise@7.576ns - core132 rise@0.000ns)
  Data Path Delay:        11.553ns  (logic 5.402ns (46.757%)  route 6.151ns (53.243%))
  Logic Levels:           8  (DSP48E1=1 LUT4=1 LUT5=1 LUT6=5)
  Clock Path Skew:        -0.049ns (DCD - SCD + CPR)
    Destination Clock Delay (DCD):    0.924ns = ( 8.500 - 7.576 ) 
    Source Clock Delay      (SCD):    0.973ns
    Clock Pessimism Removal (CPR):    0.000ns
  Clock Uncertainty:      0.035ns  ((TSJ^2 + TIJ^2)^1/2 + DJ) / 2 + PE
    Total System Jitter     (TSJ):    0.071ns
    Total Input Jitter      (TIJ):    0.000ns
    Discrete Jitter          (DJ):    0.000ns
    Phase Error              (PE):    0.000ns

    Location             Delay type                Incr(ns)  Path(ns)    Netlist Resource(s)
  -------------------------------------------------------------------    -------------------
                         (clock core132 rise edge)    0.000     0.000 r  
                                                      0.000     0.000 r  clk (IN)
                         net (fo=17985, unset)        0.973     0.973    native_system/queue/clk
                         FDCE                                         r  native_system/queue/channel_reg[11]/C
  -------------------------------------------------------------------    -------------------
                         FDCE (Prop_fdce_C_Q)         0.518     1.491 r  native_system/queue/channel_reg[11]/Q
                         net (fo=23, unplaced)        0.800     2.291    native_system/queue/channel_reg_n_0_[11]
                                                                      r  native_system/queue/bus_wdata1/A[29]
                         DSP48E1 (Prop_dsp48e1_A[29]_P[7])
                                                      4.016     6.307 r  native_system/queue/bus_wdata1/P[7]
                         net (fo=724, unplaced)       0.800     7.106    native_system/queue/bus_wdata1_n_98
                                                                      r  native_system/queue/bus_wdata[16]_i_578/I4
                         LUT6 (Prop_lut6_I4_O)        0.124     7.230 r  native_system/queue/bus_wdata[16]_i_578/O
                         net (fo=2, unplaced)         0.913     8.143    native_system/queue/bus_wdata[16]_i_578_n_0
                                                                      r  native_system/queue/bus_wdata[7]_i_32/I1
                         LUT6 (Prop_lut6_I1_O)        0.124     8.267 r  native_system/queue/bus_wdata[7]_i_32/O
                         net (fo=2, unplaced)         0.913     9.180    native_system/queue/bus_wdata[7]_i_32_n_0
                                                                      r  native_system/queue/bus_wdata[3]_i_23/I1
                         LUT6 (Prop_lut6_I1_O)        0.124     9.304 r  native_system/queue/bus_wdata[3]_i_23/O
                         net (fo=4, unplaced)         0.926    10.230    native_system/queue/bus_wdata[3]_i_23_n_0
                                                                      r  native_system/queue/bus_wdata[2]_i_13/I1
                         LUT6 (Prop_lut6_I1_O)        0.124    10.354 r  native_system/queue/bus_wdata[2]_i_13/O
                         net (fo=1, unplaced)         0.902    11.256    native_system/queue/bus_wdata[2]_i_13_n_0
                                                                      r  native_system/queue/bus_wdata[2]_i_5/I1
                         LUT6 (Prop_lut6_I1_O)        0.124    11.380 r  native_system/queue/bus_wdata[2]_i_5/O
                         net (fo=1, unplaced)         0.449    11.829    native_system/queue/bus_wdata[2]_i_5_n_0
                                                                      r  native_system/queue/bus_wdata[2]_i_2/I4
                         LUT5 (Prop_lut5_I4_O)        0.124    11.953 r  native_system/queue/bus_wdata[2]_i_2/O
                         net (fo=1, unplaced)         0.449    12.402    native_system/queue/bus_wdata[2]_i_2_n_0
                                                                      r  native_system/queue/bus_wdata[2]_i_1/I2
                         LUT4 (Prop_lut4_I2_O)        0.124    12.526 r  native_system/queue/bus_wdata[2]_i_1/O
                         net (fo=1, unplaced)         0.000    12.526    native_system/queue/p_2_out[2]
                         FDCE                                         r  native_system/queue/bus_wdata_reg[2]/D
  -------------------------------------------------------------------    -------------------

                         (clock core132 rise edge)    7.576     7.576 r  
                                                      0.000     7.576 r  clk (IN)
                         net (fo=17985, unset)        0.924     8.500    native_system/queue/clk
                         FDCE                                         r  native_system/queue/bus_wdata_reg[2]/C
                         clock pessimism              0.000     8.500    
                         clock uncertainty           -0.035     8.465    
                         FDCE (Setup_fdce_C_D)        0.077     8.542    native_system/queue/bus_wdata_reg[2]
  -------------------------------------------------------------------
                         required time                          8.542    
                         arrival time                         -12.526    
  -------------------------------------------------------------------
                         slack                                 -3.984    

Slack (VIOLATED) :        -3.983ns  (required time - arrival time)
  Source:                 native_system/queue/channel_reg[11]/C
                            (rising edge-triggered cell FDCE clocked by core132  {rise@0.000ns fall@3.788ns period=7.576ns})
  Destination:            native_system/queue/bus_wdata_reg[3]/D
                            (rising edge-triggered cell FDCE clocked by core132  {rise@0.000ns fall@3.788ns period=7.576ns})
  Path Group:             core132
  Path Type:              Setup (Max at Slow Process Corner)
  Requirement:            7.576ns  (core132 rise@7.576ns - core132 rise@0.000ns)
  Data Path Delay:        11.552ns  (logic 5.394ns (46.691%)  route 6.158ns (53.309%))
  Logic Levels:           8  (DSP48E1=1 LUT4=1 LUT5=1 LUT6=5)
  Clock Path Skew:        -0.049ns (DCD - SCD + CPR)
    Destination Clock Delay (DCD):    0.924ns = ( 8.500 - 7.576 ) 
    Source Clock Delay      (SCD):    0.973ns
    Clock Pessimism Removal (CPR):    0.000ns
  Clock Uncertainty:      0.035ns  ((TSJ^2 + TIJ^2)^1/2 + DJ) / 2 + PE
    Total System Jitter     (TSJ):    0.071ns
    Total Input Jitter      (TIJ):    0.000ns
    Discrete Jitter          (DJ):    0.000ns
    Phase Error              (PE):    0.000ns

    Location             Delay type                Incr(ns)  Path(ns)    Netlist Resource(s)
  -------------------------------------------------------------------    -------------------
                         (clock core132 rise edge)    0.000     0.000 r  
                                                      0.000     0.000 r  clk (IN)
                         net (fo=17985, unset)        0.973     0.973    native_system/queue/clk
                         FDCE                                         r  native_system/queue/channel_reg[11]/C
  -------------------------------------------------------------------    -------------------
                         FDCE (Prop_fdce_C_Q)         0.518     1.491 r  native_system/queue/channel_reg[11]/Q
                         net (fo=23, unplaced)        0.800     2.291    native_system/queue/channel_reg_n_0_[11]
                                                                      r  native_system/queue/bus_wdata1/A[29]
                         DSP48E1 (Prop_dsp48e1_A[29]_P[7])
                                                      4.016     6.307 r  native_system/queue/bus_wdata1/P[7]
                         net (fo=724, unplaced)       0.800     7.106    native_system/queue/bus_wdata1_n_98
                                                                      r  native_system/queue/bus_wdata[16]_i_630/I4
                         LUT6 (Prop_lut6_I4_O)        0.124     7.230 r  native_system/queue/bus_wdata[16]_i_630/O
                         net (fo=2, unplaced)         0.913     8.143    native_system/queue/bus_wdata[16]_i_630_n_0
                                                                      r  native_system/queue/bus_wdata[8]_i_32/I1
                         LUT6 (Prop_lut6_I1_O)        0.124     8.267 r  native_system/queue/bus_wdata[8]_i_32/O
                         net (fo=3, unplaced)         0.920     9.187    native_system/queue/bus_wdata[8]_i_32_n_0
                                                                      r  native_system/queue/bus_wdata[4]_i_23/I1
                         LUT6 (Prop_lut6_I1_O)        0.124     9.311 r  native_system/queue/bus_wdata[4]_i_23/O
                         net (fo=4, unplaced)         0.926    10.237    native_system/queue/bus_wdata[4]_i_23_n_0
                                                                      r  native_system/queue/bus_wdata[3]_i_13/I1
                         LUT6 (Prop_lut6_I1_O)        0.124    10.361 r  native_system/queue/bus_wdata[3]_i_13/O
                         net (fo=1, unplaced)         0.902    11.263    native_system/queue/bus_wdata[3]_i_13_n_0
                                                                      r  native_system/queue/bus_wdata[3]_i_5/I1
                         LUT6 (Prop_lut6_I1_O)        0.124    11.387 r  native_system/queue/bus_wdata[3]_i_5/O
                         net (fo=1, unplaced)         0.449    11.836    native_system/queue/bus_wdata[3]_i_5_n_0
                                                                      r  native_system/queue/bus_wdata[3]_i_2/I4
                         LUT5 (Prop_lut5_I4_O)        0.124    11.960 r  native_system/queue/bus_wdata[3]_i_2/O
                         net (fo=1, unplaced)         0.449    12.409    native_system/queue/bus_wdata[3]_i_2_n_0
                                                                      r  native_system/queue/bus_wdata[3]_i_1/I2
                         LUT4 (Prop_lut4_I2_O)        0.116    12.525 r  native_system/queue/bus_wdata[3]_i_1/O
                         net (fo=1, unplaced)         0.000    12.525    native_system/queue/p_2_out[3]
                         FDCE                                         r  native_system/queue/bus_wdata_reg[3]/D
  -------------------------------------------------------------------    -------------------

                         (clock core132 rise edge)    7.576     7.576 r  
                                                      0.000     7.576 r  clk (IN)
                         net (fo=17985, unset)        0.924     8.500    native_system/queue/clk
                         FDCE                                         r  native_system/queue/bus_wdata_reg[3]/C
                         clock pessimism              0.000     8.500    
                         clock uncertainty           -0.035     8.465    
                         FDCE (Setup_fdce_C_D)        0.077     8.542    native_system/queue/bus_wdata_reg[3]
  -------------------------------------------------------------------
                         required time                          8.542    
                         arrival time                         -12.525    
  -------------------------------------------------------------------
                         slack                                 -3.983    

Slack (VIOLATED) :        -3.983ns  (required time - arrival time)
  Source:                 native_system/queue/channel_reg[11]/C
                            (rising edge-triggered cell FDCE clocked by core132  {rise@0.000ns fall@3.788ns period=7.576ns})
  Destination:            native_system/queue/bus_wdata_reg[4]/D
                            (rising edge-triggered cell FDCE clocked by core132  {rise@0.000ns fall@3.788ns period=7.576ns})
  Path Group:             core132
  Path Type:              Setup (Max at Slow Process Corner)
  Requirement:            7.576ns  (core132 rise@7.576ns - core132 rise@0.000ns)
  Data Path Delay:        11.552ns  (logic 5.394ns (46.691%)  route 6.158ns (53.309%))
  Logic Levels:           8  (DSP48E1=1 LUT4=1 LUT5=1 LUT6=5)
  Clock Path Skew:        -0.049ns (DCD - SCD + CPR)
    Destination Clock Delay (DCD):    0.924ns = ( 8.500 - 7.576 ) 
    Source Clock Delay      (SCD):    0.973ns
    Clock Pessimism Removal (CPR):    0.000ns
  Clock Uncertainty:      0.035ns  ((TSJ^2 + TIJ^2)^1/2 + DJ) / 2 + PE
    Total System Jitter     (TSJ):    0.071ns
    Total Input Jitter      (TIJ):    0.000ns
    Discrete Jitter          (DJ):    0.000ns
    Phase Error              (PE):    0.000ns

    Location             Delay type                Incr(ns)  Path(ns)    Netlist Resource(s)
  -------------------------------------------------------------------    -------------------
                         (clock core132 rise edge)    0.000     0.000 r  
                                                      0.000     0.000 r  clk (IN)
                         net (fo=17985, unset)        0.973     0.973    native_system/queue/clk
                         FDCE                                         r  native_system/queue/channel_reg[11]/C
  -------------------------------------------------------------------    -------------------
                         FDCE (Prop_fdce_C_Q)         0.518     1.491 r  native_system/queue/channel_reg[11]/Q
                         net (fo=23, unplaced)        0.800     2.291    native_system/queue/channel_reg_n_0_[11]
                                                                      r  native_system/queue/bus_wdata1/A[29]
                         DSP48E1 (Prop_dsp48e1_A[29]_P[7])
                                                      4.016     6.307 r  native_system/queue/bus_wdata1/P[7]
                         net (fo=724, unplaced)       0.800     7.106    native_system/queue/bus_wdata1_n_98
                                                                      r  native_system/queue/bus_wdata[16]_i_598/I4
                         LUT6 (Prop_lut6_I4_O)        0.124     7.230 r  native_system/queue/bus_wdata[16]_i_598/O
                         net (fo=2, unplaced)         0.913     8.143    native_system/queue/bus_wdata[16]_i_598_n_0
                                                                      r  native_system/queue/bus_wdata[9]_i_33/I1
                         LUT6 (Prop_lut6_I1_O)        0.124     8.267 r  native_system/queue/bus_wdata[9]_i_33/O
                         net (fo=3, unplaced)         0.920     9.187    native_system/queue/bus_wdata[9]_i_33_n_0
                                                                      r  native_system/queue/bus_wdata[5]_i_23/I1
                         LUT6 (Prop_lut6_I1_O)        0.124     9.311 r  native_system/queue/bus_wdata[5]_i_23/O
                         net (fo=4, unplaced)         0.926    10.237    native_system/queue/bus_wdata[5]_i_23_n_0
                                                                      r  native_system/queue/bus_wdata[4]_i_13/I1
                         LUT6 (Prop_lut6_I1_O)        0.124    10.361 r  native_system/queue/bus_wdata[4]_i_13/O
                         net (fo=1, unplaced)         0.902    11.263    native_system/queue/bus_wdata[4]_i_13_n_0
                                                                      r  native_system/queue/bus_wdata[4]_i_5/I1
                         LUT6 (Prop_lut6_I1_O)        0.124    11.387 r  native_system/queue/bus_wdata[4]_i_5/O
                         net (fo=1, unplaced)         0.449    11.836    native_system/queue/bus_wdata[4]_i_5_n_0
                                                                      r  native_system/queue/bus_wdata[4]_i_2/I4
                         LUT5 (Prop_lut5_I4_O)        0.124    11.960 r  native_system/queue/bus_wdata[4]_i_2/O
                         net (fo=1, unplaced)         0.449    12.409    native_system/queue/bus_wdata[4]_i_2_n_0
                                                                      r  native_system/queue/bus_wdata[4]_i_1/I2
                         LUT4 (Prop_lut4_I2_O)        0.116    12.525 r  native_system/queue/bus_wdata[4]_i_1/O
                         net (fo=1, unplaced)         0.000    12.525    native_system/queue/p_2_out[4]
                         FDCE                                         r  native_system/queue/bus_wdata_reg[4]/D
  -------------------------------------------------------------------    -------------------

                         (clock core132 rise edge)    7.576     7.576 r  
                                                      0.000     7.576 r  clk (IN)
                         net (fo=17985, unset)        0.924     8.500    native_system/queue/clk
                         FDCE                                         r  native_system/queue/bus_wdata_reg[4]/C
                         clock pessimism              0.000     8.500    
                         clock uncertainty           -0.035     8.465    
                         FDCE (Setup_fdce_C_D)        0.077     8.542    native_system/queue/bus_wdata_reg[4]
  -------------------------------------------------------------------
                         required time                          8.542    
                         arrival time                         -12.525    
  -------------------------------------------------------------------
                         slack                                 -3.983    

Slack (VIOLATED) :        -3.983ns  (required time - arrival time)
  Source:                 native_system/queue/channel_reg[11]/C
                            (rising edge-triggered cell FDCE clocked by core132  {rise@0.000ns fall@3.788ns period=7.576ns})
  Destination:            native_system/queue/bus_wdata_reg[5]/D
                            (rising edge-triggered cell FDCE clocked by core132  {rise@0.000ns fall@3.788ns period=7.576ns})
  Path Group:             core132
  Path Type:              Setup (Max at Slow Process Corner)
  Requirement:            7.576ns  (core132 rise@7.576ns - core132 rise@0.000ns)
  Data Path Delay:        11.552ns  (logic 5.394ns (46.691%)  route 6.158ns (53.309%))
  Logic Levels:           8  (DSP48E1=1 LUT4=1 LUT5=1 LUT6=5)
  Clock Path Skew:        -0.049ns (DCD - SCD + CPR)
    Destination Clock Delay (DCD):    0.924ns = ( 8.500 - 7.576 ) 
    Source Clock Delay      (SCD):    0.973ns
    Clock Pessimism Removal (CPR):    0.000ns
  Clock Uncertainty:      0.035ns  ((TSJ^2 + TIJ^2)^1/2 + DJ) / 2 + PE
    Total System Jitter     (TSJ):    0.071ns
    Total Input Jitter      (TIJ):    0.000ns
    Discrete Jitter          (DJ):    0.000ns
    Phase Error              (PE):    0.000ns

    Location             Delay type                Incr(ns)  Path(ns)    Netlist Resource(s)
  -------------------------------------------------------------------    -------------------
                         (clock core132 rise edge)    0.000     0.000 r  
                                                      0.000     0.000 r  clk (IN)
                         net (fo=17985, unset)        0.973     0.973    native_system/queue/clk
                         FDCE                                         r  native_system/queue/channel_reg[11]/C
  -------------------------------------------------------------------    -------------------
                         FDCE (Prop_fdce_C_Q)         0.518     1.491 r  native_system/queue/channel_reg[11]/Q
                         net (fo=23, unplaced)        0.800     2.291    native_system/queue/channel_reg_n_0_[11]
                                                                      r  native_system/queue/bus_wdata1/A[29]
                         DSP48E1 (Prop_dsp48e1_A[29]_P[7])
                                                      4.016     6.307 r  native_system/queue/bus_wdata1/P[7]
                         net (fo=724, unplaced)       0.800     7.106    native_system/queue/bus_wdata1_n_98
                                                                      r  native_system/queue/bus_wdata[16]_i_614/I4
                         LUT6 (Prop_lut6_I4_O)        0.124     7.230 r  native_system/queue/bus_wdata[16]_i_614/O
                         net (fo=2, unplaced)         0.913     8.143    native_system/queue/bus_wdata[16]_i_614_n_0
                                                                      r  native_system/queue/bus_wdata[10]_i_34/I1
                         LUT6 (Prop_lut6_I1_O)        0.124     8.267 r  native_system/queue/bus_wdata[10]_i_34/O
                         net (fo=3, unplaced)         0.920     9.187    native_system/queue/bus_wdata[10]_i_34_n_0
                                                                      r  native_system/queue/bus_wdata[6]_i_23/I1
                         LUT6 (Prop_lut6_I1_O)        0.124     9.311 r  native_system/queue/bus_wdata[6]_i_23/O
                         net (fo=4, unplaced)         0.926    10.237    native_system/queue/bus_wdata[6]_i_23_n_0
                                                                      r  native_system/queue/bus_wdata[5]_i_13/I1
                         LUT6 (Prop_lut6_I1_O)        0.124    10.361 r  native_system/queue/bus_wdata[5]_i_13/O
                         net (fo=1, unplaced)         0.902    11.263    native_system/queue/bus_wdata[5]_i_13_n_0
                                                                      r  native_system/queue/bus_wdata[5]_i_5/I1
                         LUT6 (Prop_lut6_I1_O)        0.124    11.387 r  native_system/queue/bus_wdata[5]_i_5/O
                         net (fo=1, unplaced)         0.449    11.836    native_system/queue/bus_wdata[5]_i_5_n_0
                                                                      r  native_system/queue/bus_wdata[5]_i_2/I4
                         LUT5 (Prop_lut5_I4_O)        0.124    11.960 r  native_system/queue/bus_wdata[5]_i_2/O
                         net (fo=1, unplaced)         0.449    12.409    native_system/queue/bus_wdata[5]_i_2_n_0
                                                                      r  native_system/queue/bus_wdata[5]_i_1/I2
                         LUT4 (Prop_lut4_I2_O)        0.116    12.525 r  native_system/queue/bus_wdata[5]_i_1/O
                         net (fo=1, unplaced)         0.000    12.525    native_system/queue/p_2_out[5]
                         FDCE                                         r  native_system/queue/bus_wdata_reg[5]/D
  -------------------------------------------------------------------    -------------------

                         (clock core132 rise edge)    7.576     7.576 r  
                                                      0.000     7.576 r  clk (IN)
                         net (fo=17985, unset)        0.924     8.500    native_system/queue/clk
                         FDCE                                         r  native_system/queue/bus_wdata_reg[5]/C
                         clock pessimism              0.000     8.500    
                         clock uncertainty           -0.035     8.465    
                         FDCE (Setup_fdce_C_D)        0.077     8.542    native_system/queue/bus_wdata_reg[5]
  -------------------------------------------------------------------
                         required time                          8.542    
                         arrival time                         -12.525    
  -------------------------------------------------------------------
                         slack                                 -3.983    

Slack (VIOLATED) :        -3.983ns  (required time - arrival time)
  Source:                 native_system/queue/channel_reg[11]/C
                            (rising edge-triggered cell FDCE clocked by core132  {rise@0.000ns fall@3.788ns period=7.576ns})
  Destination:            native_system/queue/bus_wdata_reg[6]/D
                            (rising edge-triggered cell FDCE clocked by core132  {rise@0.000ns fall@3.788ns period=7.576ns})
  Path Group:             core132
  Path Type:              Setup (Max at Slow Process Corner)
  Requirement:            7.576ns  (core132 rise@7.576ns - core132 rise@0.000ns)
  Data Path Delay:        11.552ns  (logic 5.394ns (46.691%)  route 6.158ns (53.309%))
  Logic Levels:           8  (DSP48E1=1 LUT4=1 LUT5=1 LUT6=5)
  Clock Path Skew:        -0.049ns (DCD - SCD + CPR)
    Destination Clock Delay (DCD):    0.924ns = ( 8.500 - 7.576 ) 
    Source Clock Delay      (SCD):    0.973ns
    Clock Pessimism Removal (CPR):    0.000ns
  Clock Uncertainty:      0.035ns  ((TSJ^2 + TIJ^2)^1/2 + DJ) / 2 + PE
    Total System Jitter     (TSJ):    0.071ns
    Total Input Jitter      (TIJ):    0.000ns
    Discrete Jitter          (DJ):    0.000ns
    Phase Error              (PE):    0.000ns

    Location             Delay type                Incr(ns)  Path(ns)    Netlist Resource(s)
  -------------------------------------------------------------------    -------------------
                         (clock core132 rise edge)    0.000     0.000 r  
                                                      0.000     0.000 r  clk (IN)
                         net (fo=17985, unset)        0.973     0.973    native_system/queue/clk
                         FDCE                                         r  native_system/queue/channel_reg[11]/C
  -------------------------------------------------------------------    -------------------
                         FDCE (Prop_fdce_C_Q)         0.518     1.491 r  native_system/queue/channel_reg[11]/Q
                         net (fo=23, unplaced)        0.800     2.291    native_system/queue/channel_reg_n_0_[11]
                                                                      r  native_system/queue/bus_wdata1/A[29]
                         DSP48E1 (Prop_dsp48e1_A[29]_P[7])
                                                      4.016     6.307 r  native_system/queue/bus_wdata1/P[7]
                         net (fo=724, unplaced)       0.800     7.106    native_system/queue/bus_wdata1_n_98
                                                                      r  native_system/queue/bus_wdata[16]_i_582/I4
                         LUT6 (Prop_lut6_I4_O)        0.124     7.230 r  native_system/queue/bus_wdata[16]_i_582/O
                         net (fo=2, unplaced)         0.913     8.143    native_system/queue/bus_wdata[16]_i_582_n_0
                                                                      r  native_system/queue/bus_wdata[11]_i_33/I1
                         LUT6 (Prop_lut6_I1_O)        0.124     8.267 r  native_system/queue/bus_wdata[11]_i_33/O
                         net (fo=3, unplaced)         0.920     9.187    native_system/queue/bus_wdata[11]_i_33_n_0
                                                                      r  native_system/queue/bus_wdata[7]_i_23/I1
                         LUT6 (Prop_lut6_I1_O)        0.124     9.311 r  native_system/queue/bus_wdata[7]_i_23/O
                         net (fo=4, unplaced)         0.926    10.237    native_system/queue/bus_wdata[7]_i_23_n_0
                                                                      r  native_system/queue/bus_wdata[6]_i_13/I1
                         LUT6 (Prop_lut6_I1_O)        0.124    10.361 r  native_system/queue/bus_wdata[6]_i_13/O
                         net (fo=1, unplaced)         0.902    11.263    native_system/queue/bus_wdata[6]_i_13_n_0
                                                                      r  native_system/queue/bus_wdata[6]_i_5/I1
                         LUT6 (Prop_lut6_I1_O)        0.124    11.387 r  native_system/queue/bus_wdata[6]_i_5/O
                         net (fo=1, unplaced)         0.449    11.836    native_system/queue/bus_wdata[6]_i_5_n_0
                                                                      r  native_system/queue/bus_wdata[6]_i_2/I4
                         LUT5 (Prop_lut5_I4_O)        0.124    11.960 r  native_system/queue/bus_wdata[6]_i_2/O
                         net (fo=1, unplaced)         0.449    12.409    native_system/queue/bus_wdata[6]_i_2_n_0
                                                                      r  native_system/queue/bus_wdata[6]_i_1/I2
                         LUT4 (Prop_lut4_I2_O)        0.116    12.525 r  native_system/queue/bus_wdata[6]_i_1/O
                         net (fo=1, unplaced)         0.000    12.525    native_system/queue/p_2_out[6]
                         FDCE                                         r  native_system/queue/bus_wdata_reg[6]/D
  -------------------------------------------------------------------    -------------------

                         (clock core132 rise edge)    7.576     7.576 r  
                                                      0.000     7.576 r  clk (IN)
                         net (fo=17985, unset)        0.924     8.500    native_system/queue/clk
                         FDCE                                         r  native_system/queue/bus_wdata_reg[6]/C
                         clock pessimism              0.000     8.500    
                         clock uncertainty           -0.035     8.465    
                         FDCE (Setup_fdce_C_D)        0.077     8.542    native_system/queue/bus_wdata_reg[6]
  -------------------------------------------------------------------
                         required time                          8.542    
                         arrival time                         -12.525    
  -------------------------------------------------------------------
                         slack                                 -3.983    

Slack (VIOLATED) :        -3.978ns  (required time - arrival time)
  Source:                 native_system/queue/channel_reg[11]/C
                            (rising edge-triggered cell FDCE clocked by core132  {rise@0.000ns fall@3.788ns period=7.576ns})
  Destination:            native_system/queue/bus_wdata_reg[1]/D
                            (rising edge-triggered cell FDCE clocked by core132  {rise@0.000ns fall@3.788ns period=7.576ns})
  Path Group:             core132
  Path Type:              Setup (Max at Slow Process Corner)
  Requirement:            7.576ns  (core132 rise@7.576ns - core132 rise@0.000ns)
  Data Path Delay:        11.547ns  (logic 5.402ns (46.781%)  route 6.145ns (53.219%))
  Logic Levels:           8  (DSP48E1=1 LUT4=1 LUT5=1 LUT6=5)
  Clock Path Skew:        -0.049ns (DCD - SCD + CPR)
    Destination Clock Delay (DCD):    0.924ns = ( 8.500 - 7.576 ) 
    Source Clock Delay      (SCD):    0.973ns
    Clock Pessimism Removal (CPR):    0.000ns
  Clock Uncertainty:      0.035ns  ((TSJ^2 + TIJ^2)^1/2 + DJ) / 2 + PE
    Total System Jitter     (TSJ):    0.071ns
    Total Input Jitter      (TIJ):    0.000ns
    Discrete Jitter          (DJ):    0.000ns
    Phase Error              (PE):    0.000ns

    Location             Delay type                Incr(ns)  Path(ns)    Netlist Resource(s)
  -------------------------------------------------------------------    -------------------
                         (clock core132 rise edge)    0.000     0.000 r  
                                                      0.000     0.000 r  clk (IN)
                         net (fo=17985, unset)        0.973     0.973    native_system/queue/clk
                         FDCE                                         r  native_system/queue/channel_reg[11]/C
  -------------------------------------------------------------------    -------------------
                         FDCE (Prop_fdce_C_Q)         0.518     1.491 r  native_system/queue/channel_reg[11]/Q
                         net (fo=23, unplaced)        0.800     2.291    native_system/queue/channel_reg_n_0_[11]
                                                                      r  native_system/queue/bus_wdata1/A[29]
                         DSP48E1 (Prop_dsp48e1_A[29]_P[7])
                                                      4.016     6.307 r  native_system/queue/bus_wdata1/P[7]
                         net (fo=724, unplaced)       0.800     7.106    native_system/queue/bus_wdata1_n_98
                                                                      r  native_system/queue/bus_wdata[16]_i_610/I4
                         LUT6 (Prop_lut6_I4_O)        0.124     7.230 r  native_system/queue/bus_wdata[16]_i_610/O
                         net (fo=2, unplaced)         0.913     8.143    native_system/queue/bus_wdata[16]_i_610_n_0
                                                                      r  native_system/queue/bus_wdata[6]_i_32/I1
                         LUT6 (Prop_lut6_I1_O)        0.124     8.267 r  native_system/queue/bus_wdata[6]_i_32/O
                         net (fo=2, unplaced)         0.913     9.180    native_system/queue/bus_wdata[6]_i_32_n_0
                                                                      r  native_system/queue/bus_wdata[2]_i_24/I1
                         LUT6 (Prop_lut6_I1_O)        0.124     9.304 r  native_system/queue/bus_wdata[2]_i_24/O
                         net (fo=3, unplaced)         0.920    10.224    native_system/queue/bus_wdata[2]_i_24_n_0
                                                                      r  native_system/queue/bus_wdata[1]_i_13/I1
                         LUT6 (Prop_lut6_I1_O)        0.124    10.348 r  native_system/queue/bus_wdata[1]_i_13/O
                         net (fo=1, unplaced)         0.902    11.250    native_system/queue/bus_wdata[1]_i_13_n_0
                                                                      r  native_system/queue/bus_wdata[1]_i_5/I1
                         LUT6 (Prop_lut6_I1_O)        0.124    11.374 r  native_system/queue/bus_wdata[1]_i_5/O
                         net (fo=1, unplaced)         0.449    11.823    native_system/queue/bus_wdata[1]_i_5_n_0
                                                                      r  native_system/queue/bus_wdata[1]_i_2/I4
                         LUT5 (Prop_lut5_I4_O)        0.124    11.947 r  native_system/queue/bus_wdata[1]_i_2/O
                         net (fo=1, unplaced)         0.449    12.396    native_system/queue/bus_wdata[1]_i_2_n_0
                                                                      r  native_system/queue/bus_wdata[1]_i_1/I2
                         LUT4 (Prop_lut4_I2_O)        0.124    12.520 r  native_system/queue/bus_wdata[1]_i_1/O
                         net (fo=1, unplaced)         0.000    12.520    native_system/queue/p_2_out[1]
                         FDCE                                         r  native_system/queue/bus_wdata_reg[1]/D
  -------------------------------------------------------------------    -------------------

                         (clock core132 rise edge)    7.576     7.576 r  
                                                      0.000     7.576 r  clk (IN)
                         net (fo=17985, unset)        0.924     8.500    native_system/queue/clk
                         FDCE                                         r  native_system/queue/bus_wdata_reg[1]/C
                         clock pessimism              0.000     8.500    
                         clock uncertainty           -0.035     8.465    
                         FDCE (Setup_fdce_C_D)        0.077     8.542    native_system/queue/bus_wdata_reg[1]
  -------------------------------------------------------------------
                         required time                          8.542    
                         arrival time                         -12.520    
  -------------------------------------------------------------------
                         slack                                 -3.978    

Slack (VIOLATED) :        -3.963ns  (required time - arrival time)
  Source:                 native_system/queue/channel_reg[11]/C
                            (rising edge-triggered cell FDCE clocked by core132  {rise@0.000ns fall@3.788ns period=7.576ns})
  Destination:            native_system/queue/bus_wdata_reg[0]/D
                            (rising edge-triggered cell FDCE clocked by core132  {rise@0.000ns fall@3.788ns period=7.576ns})
  Path Group:             core132
  Path Type:              Setup (Max at Slow Process Corner)
  Requirement:            7.576ns  (core132 rise@7.576ns - core132 rise@0.000ns)
  Data Path Delay:        11.532ns  (logic 5.394ns (46.772%)  route 6.138ns (53.228%))
  Logic Levels:           8  (DSP48E1=1 LUT4=1 LUT5=1 LUT6=5)
  Clock Path Skew:        -0.049ns (DCD - SCD + CPR)
    Destination Clock Delay (DCD):    0.924ns = ( 8.500 - 7.576 ) 
    Source Clock Delay      (SCD):    0.973ns
    Clock Pessimism Removal (CPR):    0.000ns
  Clock Uncertainty:      0.035ns  ((TSJ^2 + TIJ^2)^1/2 + DJ) / 2 + PE
    Total System Jitter     (TSJ):    0.071ns
    Total Input Jitter      (TIJ):    0.000ns
    Discrete Jitter          (DJ):    0.000ns
    Phase Error              (PE):    0.000ns

    Location             Delay type                Incr(ns)  Path(ns)    Netlist Resource(s)
  -------------------------------------------------------------------    -------------------
                         (clock core132 rise edge)    0.000     0.000 r  
                                                      0.000     0.000 r  clk (IN)
                         net (fo=17985, unset)        0.973     0.973    native_system/queue/clk
                         FDCE                                         r  native_system/queue/channel_reg[11]/C
  -------------------------------------------------------------------    -------------------
                         FDCE (Prop_fdce_C_Q)         0.518     1.491 r  native_system/queue/channel_reg[11]/Q
                         net (fo=23, unplaced)        0.800     2.291    native_system/queue/channel_reg_n_0_[11]
                                                                      r  native_system/queue/bus_wdata1/A[29]
                         DSP48E1 (Prop_dsp48e1_A[29]_P[7])
                                                      4.016     6.307 r  native_system/queue/bus_wdata1/P[7]
                         net (fo=724, unplaced)       0.800     7.106    native_system/queue/bus_wdata1_n_98
                                                                      r  native_system/queue/bus_wdata[16]_i_594/I4
                         LUT6 (Prop_lut6_I4_O)        0.124     7.230 r  native_system/queue/bus_wdata[16]_i_594/O
                         net (fo=2, unplaced)         0.913     8.143    native_system/queue/bus_wdata[16]_i_594_n_0
                                                                      r  native_system/queue/bus_wdata[5]_i_32/I1
                         LUT6 (Prop_lut6_I1_O)        0.124     8.267 r  native_system/queue/bus_wdata[5]_i_32/O
                         net (fo=2, unplaced)         0.913     9.180    native_system/queue/bus_wdata[5]_i_32_n_0
                                                                      r  native_system/queue/bus_wdata[1]_i_22/I1
                         LUT6 (Prop_lut6_I1_O)        0.124     9.304 r  native_system/queue/bus_wdata[1]_i_22/O
                         net (fo=2, unplaced)         0.913    10.217    native_system/queue/bus_wdata[1]_i_22_n_0
                                                                      r  native_system/queue/bus_wdata[0]_i_12/I1
                         LUT6 (Prop_lut6_I1_O)        0.124    10.341 r  native_system/queue/bus_wdata[0]_i_12/O
                         net (fo=1, unplaced)         0.902    11.243    native_system/queue/bus_wdata[0]_i_12_n_0
                                                                      r  native_system/queue/bus_wdata[0]_i_5/I1
                         LUT6 (Prop_lut6_I1_O)        0.124    11.367 r  native_system/queue/bus_wdata[0]_i_5/O
                         net (fo=1, unplaced)         0.449    11.816    native_system/queue/bus_wdata[0]_i_5_n_0
                                                                      r  native_system/queue/bus_wdata[0]_i_2/I4
                         LUT5 (Prop_lut5_I4_O)        0.124    11.940 r  native_system/queue/bus_wdata[0]_i_2/O
                         net (fo=1, unplaced)         0.449    12.389    native_system/queue/bus_wdata[0]_i_2_n_0
                                                                      r  native_system/queue/bus_wdata[0]_i_1/I3
                         LUT4 (Prop_lut4_I3_O)        0.116    12.505 r  native_system/queue/bus_wdata[0]_i_1/O
                         net (fo=1, unplaced)         0.000    12.505    native_system/queue/p_2_out[0]
                         FDCE                                         r  native_system/queue/bus_wdata_reg[0]/D
  -------------------------------------------------------------------    -------------------

                         (clock core132 rise edge)    7.576     7.576 r  
                                                      0.000     7.576 r  clk (IN)
                         net (fo=17985, unset)        0.924     8.500    native_system/queue/clk
                         FDCE                                         r  native_system/queue/bus_wdata_reg[0]/C
                         clock pessimism              0.000     8.500    
                         clock uncertainty           -0.035     8.465    
                         FDCE (Setup_fdce_C_D)        0.077     8.542    native_system/queue/bus_wdata_reg[0]
  -------------------------------------------------------------------
                         required time                          8.542    
                         arrival time                         -12.505    
  -------------------------------------------------------------------
                         slack                                 -3.963    

Slack (VIOLATED) :        -0.552ns  (required time - arrival time)
  Source:                 native_system/digital/cfg_reg[9][0]/C
                            (rising edge-triggered cell FDCE clocked by core132  {rise@0.000ns fall@3.788ns period=7.576ns})
  Destination:            native_system/digital/scheduler/issued_reg[0]/CE
                            (rising edge-triggered cell FDCE clocked by core132  {rise@0.000ns fall@3.788ns period=7.576ns})
  Path Group:             core132
  Path Type:              Setup (Max at Slow Process Corner)
  Requirement:            7.576ns  (core132 rise@7.576ns - core132 rise@0.000ns)
  Data Path Delay:        7.875ns  (logic 2.584ns (32.813%)  route 5.291ns (67.187%))
  Logic Levels:           9  (CARRY4=3 LUT2=1 LUT3=1 LUT4=1 LUT6=3)
  Clock Path Skew:        -0.049ns (DCD - SCD + CPR)
    Destination Clock Delay (DCD):    0.924ns = ( 8.500 - 7.576 ) 
    Source Clock Delay      (SCD):    0.973ns
    Clock Pessimism Removal (CPR):    0.000ns
  Clock Uncertainty:      0.035ns  ((TSJ^2 + TIJ^2)^1/2 + DJ) / 2 + PE
    Total System Jitter     (TSJ):    0.071ns
    Total Input Jitter      (TIJ):    0.000ns
    Discrete Jitter          (DJ):    0.000ns
    Phase Error              (PE):    0.000ns

    Location             Delay type                Incr(ns)  Path(ns)    Netlist Resource(s)
  -------------------------------------------------------------------    -------------------
                         (clock core132 rise edge)    0.000     0.000 r  
                                                      0.000     0.000 r  clk (IN)
                         net (fo=17985, unset)        0.973     0.973    native_system/digital/clk
                         FDCE                                         r  native_system/digital/cfg_reg[9][0]/C
  -------------------------------------------------------------------    -------------------
                         FDCE (Prop_fdce_C_Q)         0.518     1.491 r  native_system/digital/cfg_reg[9][0]/Q
                         net (fo=5, unplaced)         0.769     2.260    native_system/digital/scheduler/total_reg[31]_0[0]
                                                                      r  native_system/digital/scheduler/total[3]_i_4/I0
                         LUT3 (Prop_lut3_I0_O)        0.295     2.555 r  native_system/digital/scheduler/total[3]_i_4/O
                         net (fo=2, unplaced)         0.650     3.205    native_system/digital/scheduler/total[3]_i_4_n_0
                                                                      r  native_system/digital/scheduler/total_reg[3]_i_1/DI[1]
                         CARRY4 (Prop_carry4_DI[1]_CO[3])
                                                      0.520     3.725 r  native_system/digital/scheduler/total_reg[3]_i_1/CO[3]
                         net (fo=1, unplaced)         0.009     3.734    native_system/digital/scheduler/total_reg[3]_i_1_n_0
                                                                      r  native_system/digital/scheduler/total_reg[7]_i_1/CI
                         CARRY4 (Prop_carry4_CI_CO[3])
                                                      0.117     3.851 r  native_system/digital/scheduler/total_reg[7]_i_1/CO[3]
                         net (fo=1, unplaced)         0.000     3.851    native_system/digital/scheduler/total_reg[7]_i_1_n_0
                                                                      r  native_system/digital/scheduler/total_reg[11]_i_1/CI
                         CARRY4 (Prop_carry4_CI_O[3])
                                                      0.331     4.182 f  native_system/digital/scheduler/total_reg[11]_i_1/O[3]
                         net (fo=2, unplaced)         0.979     5.161    native_system/digital/scheduler/total_reg[11]_i_1_n_4
                                                                      f  native_system/digital/scheduler/capture_sequence[7]_i_23/I0
                         LUT6 (Prop_lut6_I0_O)        0.307     5.468 f  native_system/digital/scheduler/capture_sequence[7]_i_23/O
                         net (fo=1, unplaced)         0.902     6.370    native_system/digital/scheduler/capture_sequence[7]_i_23_n_0
                                                                      f  native_system/digital/scheduler/capture_sequence[7]_i_9/I1
                         LUT4 (Prop_lut4_I1_O)        0.124     6.494 f  native_system/digital/scheduler/capture_sequence[7]_i_9/O
                         net (fo=1, unplaced)         0.449     6.943    native_system/digital/adc/spi/selected_tx_reg[0]_0
                                                                      f  native_system/digital/adc/spi/capture_sequence[7]_i_5/I2
                         LUT6 (Prop_lut6_I2_O)        0.124     7.067 f  native_system/digital/adc/spi/capture_sequence[7]_i_5/O
                         net (fo=7, unplaced)         0.484     7.551    native_system/digital/scheduler/state1
                                                                      f  native_system/digital/scheduler/capture_sequence[7]_i_1/I4
                         LUT6 (Prop_lut6_I4_O)        0.124     7.675 r  native_system/digital/scheduler/capture_sequence[7]_i_1/O
                         net (fo=17, unplaced)        0.505     8.180    native_system/digital/scheduler/capture_sequence[7]_i_1_n_0
                                                                      r  native_system/digital/scheduler/issued[31]_i_1/I0
                         LUT2 (Prop_lut2_I0_O)        0.124     8.304 r  native_system/digital/scheduler/issued[31]_i_1/O
                         net (fo=32, unplaced)        0.544     8.848    native_system/digital/scheduler/issued[0]
                         FDCE                                         r  native_system/digital/scheduler/issued_reg[0]/CE
  -------------------------------------------------------------------    -------------------

                         (clock core132 rise edge)    7.576     7.576 r  
                                                      0.000     7.576 r  clk (IN)
                         net (fo=17985, unset)        0.924     8.500    native_system/digital/scheduler/clk
                         FDCE                                         r  native_system/digital/scheduler/issued_reg[0]/C
                         clock pessimism              0.000     8.500    
                         clock uncertainty           -0.035     8.465    
                         FDCE (Setup_fdce_C_CE)      -0.169     8.296    native_system/digital/scheduler/issued_reg[0]
  -------------------------------------------------------------------
                         required time                          8.296    
                         arrival time                          -8.848    
  -------------------------------------------------------------------
                         slack                                 -0.552    

Slack (VIOLATED) :        -0.552ns  (required time - arrival time)
  Source:                 native_system/digital/cfg_reg[9][0]/C
                            (rising edge-triggered cell FDCE clocked by core132  {rise@0.000ns fall@3.788ns period=7.576ns})
  Destination:            native_system/digital/scheduler/issued_reg[10]/CE
                            (rising edge-triggered cell FDCE clocked by core132  {rise@0.000ns fall@3.788ns period=7.576ns})
  Path Group:             core132
  Path Type:              Setup (Max at Slow Process Corner)
  Requirement:            7.576ns  (core132 rise@7.576ns - core132 rise@0.000ns)
  Data Path Delay:        7.875ns  (logic 2.584ns (32.813%)  route 5.291ns (67.187%))
  Logic Levels:           9  (CARRY4=3 LUT2=1 LUT3=1 LUT4=1 LUT6=3)
  Clock Path Skew:        -0.049ns (DCD - SCD + CPR)
    Destination Clock Delay (DCD):    0.924ns = ( 8.500 - 7.576 ) 
    Source Clock Delay      (SCD):    0.973ns
    Clock Pessimism Removal (CPR):    0.000ns
  Clock Uncertainty:      0.035ns  ((TSJ^2 + TIJ^2)^1/2 + DJ) / 2 + PE
    Total System Jitter     (TSJ):    0.071ns
    Total Input Jitter      (TIJ):    0.000ns
    Discrete Jitter          (DJ):    0.000ns
    Phase Error              (PE):    0.000ns

    Location             Delay type                Incr(ns)  Path(ns)    Netlist Resource(s)
  -------------------------------------------------------------------    -------------------
                         (clock core132 rise edge)    0.000     0.000 r  
                                                      0.000     0.000 r  clk (IN)
                         net (fo=17985, unset)        0.973     0.973    native_system/digital/clk
                         FDCE                                         r  native_system/digital/cfg_reg[9][0]/C
  -------------------------------------------------------------------    -------------------
                         FDCE (Prop_fdce_C_Q)         0.518     1.491 r  native_system/digital/cfg_reg[9][0]/Q
                         net (fo=5, unplaced)         0.769     2.260    native_system/digital/scheduler/total_reg[31]_0[0]
                                                                      r  native_system/digital/scheduler/total[3]_i_4/I0
                         LUT3 (Prop_lut3_I0_O)        0.295     2.555 r  native_system/digital/scheduler/total[3]_i_4/O
                         net (fo=2, unplaced)         0.650     3.205    native_system/digital/scheduler/total[3]_i_4_n_0
                                                                      r  native_system/digital/scheduler/total_reg[3]_i_1/DI[1]
                         CARRY4 (Prop_carry4_DI[1]_CO[3])
                                                      0.520     3.725 r  native_system/digital/scheduler/total_reg[3]_i_1/CO[3]
                         net (fo=1, unplaced)         0.009     3.734    native_system/digital/scheduler/total_reg[3]_i_1_n_0
                                                                      r  native_system/digital/scheduler/total_reg[7]_i_1/CI
                         CARRY4 (Prop_carry4_CI_CO[3])
                                                      0.117     3.851 r  native_system/digital/scheduler/total_reg[7]_i_1/CO[3]
                         net (fo=1, unplaced)         0.000     3.851    native_system/digital/scheduler/total_reg[7]_i_1_n_0
                                                                      r  native_system/digital/scheduler/total_reg[11]_i_1/CI
                         CARRY4 (Prop_carry4_CI_O[3])
                                                      0.331     4.182 f  native_system/digital/scheduler/total_reg[11]_i_1/O[3]
                         net (fo=2, unplaced)         0.979     5.161    native_system/digital/scheduler/total_reg[11]_i_1_n_4
                                                                      f  native_system/digital/scheduler/capture_sequence[7]_i_23/I0
                         LUT6 (Prop_lut6_I0_O)        0.307     5.468 f  native_system/digital/scheduler/capture_sequence[7]_i_23/O
                         net (fo=1, unplaced)         0.902     6.370    native_system/digital/scheduler/capture_sequence[7]_i_23_n_0
                                                                      f  native_system/digital/scheduler/capture_sequence[7]_i_9/I1
                         LUT4 (Prop_lut4_I1_O)        0.124     6.494 f  native_system/digital/scheduler/capture_sequence[7]_i_9/O
                         net (fo=1, unplaced)         0.449     6.943    native_system/digital/adc/spi/selected_tx_reg[0]_0
                                                                      f  native_system/digital/adc/spi/capture_sequence[7]_i_5/I2
                         LUT6 (Prop_lut6_I2_O)        0.124     7.067 f  native_system/digital/adc/spi/capture_sequence[7]_i_5/O
                         net (fo=7, unplaced)         0.484     7.551    native_system/digital/scheduler/state1
                                                                      f  native_system/digital/scheduler/capture_sequence[7]_i_1/I4
                         LUT6 (Prop_lut6_I4_O)        0.124     7.675 r  native_system/digital/scheduler/capture_sequence[7]_i_1/O
                         net (fo=17, unplaced)        0.505     8.180    native_system/digital/scheduler/capture_sequence[7]_i_1_n_0
                                                                      r  native_system/digital/scheduler/issued[31]_i_1/I0
                         LUT2 (Prop_lut2_I0_O)        0.124     8.304 r  native_system/digital/scheduler/issued[31]_i_1/O
                         net (fo=32, unplaced)        0.544     8.848    native_system/digital/scheduler/issued[0]
                         FDCE                                         r  native_system/digital/scheduler/issued_reg[10]/CE
  -------------------------------------------------------------------    -------------------

                         (clock core132 rise edge)    7.576     7.576 r  
                                                      0.000     7.576 r  clk (IN)
                         net (fo=17985, unset)        0.924     8.500    native_system/digital/scheduler/clk
                         FDCE                                         r  native_system/digital/scheduler/issued_reg[10]/C
                         clock pessimism              0.000     8.500    
                         clock uncertainty           -0.035     8.465    
                         FDCE (Setup_fdce_C_CE)      -0.169     8.296    native_system/digital/scheduler/issued_reg[10]
  -------------------------------------------------------------------
                         required time                          8.296    
                         arrival time                          -8.848    
  -------------------------------------------------------------------
                         slack                                 -0.552    

Slack (VIOLATED) :        -0.552ns  (required time - arrival time)
  Source:                 native_system/digital/cfg_reg[9][0]/C
                            (rising edge-triggered cell FDCE clocked by core132  {rise@0.000ns fall@3.788ns period=7.576ns})
  Destination:            native_system/digital/scheduler/issued_reg[11]/CE
                            (rising edge-triggered cell FDCE clocked by core132  {rise@0.000ns fall@3.788ns period=7.576ns})
  Path Group:             core132
  Path Type:              Setup (Max at Slow Process Corner)
  Requirement:            7.576ns  (core132 rise@7.576ns - core132 rise@0.000ns)
  Data Path Delay:        7.875ns  (logic 2.584ns (32.813%)  route 5.291ns (67.187%))
  Logic Levels:           9  (CARRY4=3 LUT2=1 LUT3=1 LUT4=1 LUT6=3)
  Clock Path Skew:        -0.049ns (DCD - SCD + CPR)
    Destination Clock Delay (DCD):    0.924ns = ( 8.500 - 7.576 ) 
    Source Clock Delay      (SCD):    0.973ns
    Clock Pessimism Removal (CPR):    0.000ns
  Clock Uncertainty:      0.035ns  ((TSJ^2 + TIJ^2)^1/2 + DJ) / 2 + PE
    Total System Jitter     (TSJ):    0.071ns
    Total Input Jitter      (TIJ):    0.000ns
    Discrete Jitter          (DJ):    0.000ns
    Phase Error              (PE):    0.000ns

    Location             Delay type                Incr(ns)  Path(ns)    Netlist Resource(s)
  -------------------------------------------------------------------    -------------------
                         (clock core132 rise edge)    0.000     0.000 r  
                                                      0.000     0.000 r  clk (IN)
                         net (fo=17985, unset)        0.973     0.973    native_system/digital/clk
                         FDCE                                         r  native_system/digital/cfg_reg[9][0]/C
  -------------------------------------------------------------------    -------------------
                         FDCE (Prop_fdce_C_Q)         0.518     1.491 r  native_system/digital/cfg_reg[9][0]/Q
                         net (fo=5, unplaced)         0.769     2.260    native_system/digital/scheduler/total_reg[31]_0[0]
                                                                      r  native_system/digital/scheduler/total[3]_i_4/I0
                         LUT3 (Prop_lut3_I0_O)        0.295     2.555 r  native_system/digital/scheduler/total[3]_i_4/O
                         net (fo=2, unplaced)         0.650     3.205    native_system/digital/scheduler/total[3]_i_4_n_0
                                                                      r  native_system/digital/scheduler/total_reg[3]_i_1/DI[1]
                         CARRY4 (Prop_carry4_DI[1]_CO[3])
                                                      0.520     3.725 r  native_system/digital/scheduler/total_reg[3]_i_1/CO[3]
                         net (fo=1, unplaced)         0.009     3.734    native_system/digital/scheduler/total_reg[3]_i_1_n_0
                                                                      r  native_system/digital/scheduler/total_reg[7]_i_1/CI
                         CARRY4 (Prop_carry4_CI_CO[3])
                                                      0.117     3.851 r  native_system/digital/scheduler/total_reg[7]_i_1/CO[3]
                         net (fo=1, unplaced)         0.000     3.851    native_system/digital/scheduler/total_reg[7]_i_1_n_0
                                                                      r  native_system/digital/scheduler/total_reg[11]_i_1/CI
                         CARRY4 (Prop_carry4_CI_O[3])
                                                      0.331     4.182 f  native_system/digital/scheduler/total_reg[11]_i_1/O[3]
                         net (fo=2, unplaced)         0.979     5.161    native_system/digital/scheduler/total_reg[11]_i_1_n_4
                                                                      f  native_system/digital/scheduler/capture_sequence[7]_i_23/I0
                         LUT6 (Prop_lut6_I0_O)        0.307     5.468 f  native_system/digital/scheduler/capture_sequence[7]_i_23/O
                         net (fo=1, unplaced)         0.902     6.370    native_system/digital/scheduler/capture_sequence[7]_i_23_n_0
                                                                      f  native_system/digital/scheduler/capture_sequence[7]_i_9/I1
                         LUT4 (Prop_lut4_I1_O)        0.124     6.494 f  native_system/digital/scheduler/capture_sequence[7]_i_9/O
                         net (fo=1, unplaced)         0.449     6.943    native_system/digital/adc/spi/selected_tx_reg[0]_0
                                                                      f  native_system/digital/adc/spi/capture_sequence[7]_i_5/I2
                         LUT6 (Prop_lut6_I2_O)        0.124     7.067 f  native_system/digital/adc/spi/capture_sequence[7]_i_5/O
                         net (fo=7, unplaced)         0.484     7.551    native_system/digital/scheduler/state1
                                                                      f  native_system/digital/scheduler/capture_sequence[7]_i_1/I4
                         LUT6 (Prop_lut6_I4_O)        0.124     7.675 r  native_system/digital/scheduler/capture_sequence[7]_i_1/O
                         net (fo=17, unplaced)        0.505     8.180    native_system/digital/scheduler/capture_sequence[7]_i_1_n_0
                                                                      r  native_system/digital/scheduler/issued[31]_i_1/I0
                         LUT2 (Prop_lut2_I0_O)        0.124     8.304 r  native_system/digital/scheduler/issued[31]_i_1/O
                         net (fo=32, unplaced)        0.544     8.848    native_system/digital/scheduler/issued[0]
                         FDCE                                         r  native_system/digital/scheduler/issued_reg[11]/CE
  -------------------------------------------------------------------    -------------------

                         (clock core132 rise edge)    7.576     7.576 r  
                                                      0.000     7.576 r  clk (IN)
                         net (fo=17985, unset)        0.924     8.500    native_system/digital/scheduler/clk
                         FDCE                                         r  native_system/digital/scheduler/issued_reg[11]/C
                         clock pessimism              0.000     8.500    
                         clock uncertainty           -0.035     8.465    
                         FDCE (Setup_fdce_C_CE)      -0.169     8.296    native_system/digital/scheduler/issued_reg[11]
  -------------------------------------------------------------------
                         required time                          8.296    
                         arrival time                          -8.848    
  -------------------------------------------------------------------
                         slack                                 -0.552    




