#-----------------------------------------------------------
# Vivado v2025.2 (64-bit)
# SW Build 6299465 on Fri Nov 14 19:35:11 GMT 2025
# IP Build 6300035 on Fri Nov 14 10:48:45 MST 2025
# SharedData Build 6298862 on Thu Nov 13 04:50:51 MST 2025
# Start of session at: Sat Oct  3 15:41:38 2026
# Process ID         : 3716
# Current directory  : E:/Codex_project/AMD-SonoField-FPGA
# Command line       : vivado.exe -mode batch -source E:/Codex_project/AMD-SonoField-FPGA/v2/scripts/pre_pcb_timing.tcl -log E:/Codex_project/AMD-SonoField-FPGA/v2/evidence/pre_pcb_board_ready/timing/strategy1/vivado.log -journal E:/Codex_project/AMD-SonoField-FPGA/v2/build/pre_pcb/timing.jou
# Log file           : E:/Codex_project/AMD-SonoField-FPGA/v2/evidence/pre_pcb_board_ready/timing/strategy1/vivado.log
# Journal file       : E:/Codex_project/AMD-SonoField-FPGA/v2/build/pre_pcb/timing.jou
# Running On         : loverlike
# Platform           : Windows Server 2016 or Windows 10
# Operating System   : 26200
# Processor Detail   : 13th Gen Intel(R) Core(TM) i9-13980HX
# CPU Frequency      : 2419 MHz
# CPU Physical cores : 24
# CPU Logical cores  : 32
# Host memory        : 16774 MB
# Swap memory        : 24696 MB
# Total Virtual      : 41470 MB
# Available Virtual  : 14713 MB
#-----------------------------------------------------------
source E:/Codex_project/AMD-SonoField-FPGA/v2/scripts/pre_pcb_timing.tcl
# set root [file normalize [file join [file dirname [info script]] ..]]
# set stage strategy1
# if {[llength $argv]>0} {set stage [lindex $argv 0]}
# if {$stage ni {strategy1}} {error "Unsupported bounded timing round"}
# set out [file join $root evidence pre_pcb_board_ready timing $stage]
# file mkdir $out
# set_param general.maxThreads 4
# if {[version -short] ne "2025.2"} {error "Vivado 2025.2 required"}
# create_project -in_memory -part xc7z020clg400-1
# foreach dir {rtl rtl/timing rtl/phase rtl/output rtl/control rtl/acquisition rtl/calibration rtl/motion} {
#  foreach f [glob -nocomplain [file join $root $dir *.sv]] {
#   # Reproduce historical rounds from preserved inputs, not current round2 RTL.
#   if {$stage eq "baseline" && [file tail $f] in {sono_digital_system.sv burst_generator.sv}} {
#    set f [file join $root evidence core_timing_real_loop baseline [file tail $f]]
#   } elseif {$stage eq "round1" && [file tail $f] eq "burst_generator.sv"} {
#    set f [file join $root evidence core_timing_real_loop baseline burst_generator.sv]
#   }
#   read_verilog -sv $f
#  }
# }
# set_property include_dirs [list [file join $root rtl generated]] [current_fileset]
# synth_design -top sono_axi_system -part xc7z020clg400-1 -mode out_of_context
Command: synth_design -top sono_axi_system -part xc7z020clg400-1 -mode out_of_context
Starting synth_design
Attempting to get a license for feature 'Synthesis' and/or device 'xc7z020'
INFO: [Common 17-349] Got license for feature 'Synthesis' and/or device 'xc7z020'
INFO: [Synth 8-7079] Multithreading enabled for synth_design using a maximum of 4 processes.
INFO: [Synth 8-7078] Launching helper process for spawning children vivado processes
INFO: [Synth 8-7075] Helper process launched with PID 4028
---------------------------------------------------------------------------------
Starting Synthesize : Time (s): cpu = 00:00:04 ; elapsed = 00:00:04 . Memory (MB): peak = 1076.852 ; gain = 535.797
---------------------------------------------------------------------------------
INFO: [Synth 8-6157] synthesizing module 'sono_axi_system' [E:/Codex_project/AMD-SonoField-FPGA/v2/rtl/sono_axi_system.sv:4]
INFO: [Synth 8-6157] synthesizing module 'axi_native_bridge' [E:/Codex_project/AMD-SonoField-FPGA/v2/rtl/control/axi_native_bridge.sv:5]
INFO: [Synth 8-6155] done synthesizing module 'axi_native_bridge' (0#1) [E:/Codex_project/AMD-SonoField-FPGA/v2/rtl/control/axi_native_bridge.sv:5]
INFO: [Synth 8-6157] synthesizing module 'sono_motion_system' [E:/Codex_project/AMD-SonoField-FPGA/v2/rtl/sono_motion_system.sv:4]
	Parameter POWER_WAIT_CYCLES bound to: 264000001 - type: integer 
INFO: [Synth 8-6157] synthesizing module 'motion_queue' [E:/Codex_project/AMD-SonoField-FPGA/v2/rtl/motion/motion_queue.sv:4]
	Parameter DEPTH bound to: 4 - type: integer 
	Parameter INTERVAL_CYCLES bound to: 2640000 - type: integer 
	Parameter ACK_TIMEOUT_CYCLES bound to: 6600 - type: integer 
INFO: [Synth 8-6155] done synthesizing module 'motion_queue' (0#1) [E:/Codex_project/AMD-SonoField-FPGA/v2/rtl/motion/motion_queue.sv:4]
INFO: [Synth 8-6157] synthesizing module 'sono_digital_system' [E:/Codex_project/AMD-SonoField-FPGA/v2/rtl/sono_digital_system.sv:3]
	Parameter CLOCK_HZ bound to: 132000000 - type: integer 
	Parameter POWER_WAIT_CYCLES bound to: 264000001 - type: integer 
INFO: [Synth 8-6157] synthesizing module 'ad7606b_if' [E:/Codex_project/AMD-SonoField-FPGA/v2/rtl/acquisition/ad7606b_if.sv:2]
	Parameter CLOCK_HZ bound to: 132000000 - type: integer 
	Parameter POWER_WAIT_CYCLES bound to: 264000001 - type: integer 
INFO: [Synth 8-6157] synthesizing module 'adc_serial' [E:/Codex_project/AMD-SonoField-FPGA/v2/rtl/acquisition/adc_serial.sv:4]
INFO: [Synth 8-6155] done synthesizing module 'adc_serial' (0#1) [E:/Codex_project/AMD-SonoField-FPGA/v2/rtl/acquisition/adc_serial.sv:4]
INFO: [Synth 8-6155] done synthesizing module 'ad7606b_if' (0#1) [E:/Codex_project/AMD-SonoField-FPGA/v2/rtl/acquisition/ad7606b_if.sv:2]
INFO: [Synth 8-6157] synthesizing module 'calibration_scheduler' [E:/Codex_project/AMD-SonoField-FPGA/v2/rtl/calibration/calibration_scheduler.sv:3]
	Parameter DEPTH bound to: 1024 - type: integer 
INFO: [Synth 8-6155] done synthesizing module 'calibration_scheduler' (0#1) [E:/Codex_project/AMD-SonoField-FPGA/v2/rtl/calibration/calibration_scheduler.sv:3]
INFO: [Synth 8-6157] synthesizing module 'burst_generator' [E:/Codex_project/AMD-SonoField-FPGA/v2/rtl/calibration/burst_generator.sv:2]
	Parameter CLOCK_HZ bound to: 132000000 - type: integer 
INFO: [Synth 8-6155] done synthesizing module 'burst_generator' (0#1) [E:/Codex_project/AMD-SonoField-FPGA/v2/rtl/calibration/burst_generator.sv:2]
INFO: [Synth 8-6157] synthesizing module 'phase_bank' [E:/Codex_project/AMD-SonoField-FPGA/v2/rtl/phase/phase_bank.sv:2]
INFO: [Synth 8-6155] done synthesizing module 'phase_bank' (0#1) [E:/Codex_project/AMD-SonoField-FPGA/v2/rtl/phase/phase_bank.sv:2]
INFO: [Synth 8-6157] synthesizing module 'channel_waveform' [E:/Codex_project/AMD-SonoField-FPGA/v2/rtl/output/channel_waveform.sv:2]
INFO: [Synth 8-6155] done synthesizing module 'channel_waveform' (0#1) [E:/Codex_project/AMD-SonoField-FPGA/v2/rtl/output/channel_waveform.sv:2]
INFO: [Synth 8-6157] synthesizing module 'serializer' [E:/Codex_project/AMD-SonoField-FPGA/v2/rtl/output/serializer.sv:2]
WARNING: [Synth 8-693] zero replication count - replication ignored [E:/Codex_project/AMD-SonoField-FPGA/v2/rtl/output/serializer.sv:28]
INFO: [Synth 8-6155] done synthesizing module 'serializer' (0#1) [E:/Codex_project/AMD-SonoField-FPGA/v2/rtl/output/serializer.sv:2]
INFO: [Synth 8-6155] done synthesizing module 'sono_digital_system' (0#1) [E:/Codex_project/AMD-SonoField-FPGA/v2/rtl/sono_digital_system.sv:3]
INFO: [Synth 8-6155] done synthesizing module 'sono_motion_system' (0#1) [E:/Codex_project/AMD-SonoField-FPGA/v2/rtl/sono_motion_system.sv:4]
INFO: [Synth 8-6155] done synthesizing module 'sono_axi_system' (0#1) [E:/Codex_project/AMD-SonoField-FPGA/v2/rtl/sono_axi_system.sv:4]
WARNING: [Synth 8-7137] Register queue_reg in module motion_queue has both Set and reset with same priority. This may cause simulation mismatches. Consider rewriting code 
WARNING: [Synth 8-7137] Register seq_reg in module motion_queue has both Set and reset with same priority. This may cause simulation mismatches. Consider rewriting code 
WARNING: [Synth 8-7137] Register last_reg in module motion_queue has both Set and reset with same priority. This may cause simulation mismatches. Consider rewriting code 
WARNING: [Synth 8-4767] Trying to implement RAM 'last_reg' in registers. Block RAM or DRAM implementation is not possible; see log for reasons. [E:/Codex_project/AMD-SonoField-FPGA/v2/rtl/motion/motion_queue.sv:90]
Reason is one or more of the following :
	1: RAM is sensitive to asynchronous reset signal. this RTL style is not supported. 
WARNING: [Synth 8-4767] Trying to implement RAM 'queue_reg' in registers. Block RAM or DRAM implementation is not possible; see log for reasons. [E:/Codex_project/AMD-SonoField-FPGA/v2/rtl/motion/motion_queue.sv:98]
Reason is one or more of the following :
	1: RAM is sensitive to asynchronous reset signal. this RTL style is not supported. 
WARNING: [Synth 8-13159] Potential Runtime issue for RAM 'queue_reg' since this is dissolved into (8704) registers bits. Consider modifying RTL as per supported RAM templates
WARNING: [Synth 8-4767] Trying to implement RAM 'seq_reg' in registers. Block RAM or DRAM implementation is not possible; see log for reasons. [E:/Codex_project/AMD-SonoField-FPGA/v2/rtl/motion/motion_queue.sv:98]
Reason is one or more of the following :
	1: RAM is sensitive to asynchronous reset signal. this RTL style is not supported. 
WARNING: [Synth 8-7129] Port frequency[31] in module burst_generator is either unconnected or has no load
WARNING: [Synth 8-7129] Port frequency[30] in module burst_generator is either unconnected or has no load
WARNING: [Synth 8-7129] Port frequency[29] in module burst_generator is either unconnected or has no load
WARNING: [Synth 8-7129] Port frequency[28] in module burst_generator is either unconnected or has no load
WARNING: [Synth 8-7129] Port frequency[27] in module burst_generator is either unconnected or has no load
WARNING: [Synth 8-7129] Port frequency[26] in module burst_generator is either unconnected or has no load
WARNING: [Synth 8-7129] Port frequency[25] in module burst_generator is either unconnected or has no load
WARNING: [Synth 8-7129] Port frequency[24] in module burst_generator is either unconnected or has no load
WARNING: [Synth 8-7129] Port frequency[23] in module burst_generator is either unconnected or has no load
WARNING: [Synth 8-7129] Port frequency[22] in module burst_generator is either unconnected or has no load
WARNING: [Synth 8-7129] Port frequency[21] in module burst_generator is either unconnected or has no load
WARNING: [Synth 8-7129] Port frequency[20] in module burst_generator is either unconnected or has no load
WARNING: [Synth 8-7129] Port frequency[19] in module burst_generator is either unconnected or has no load
WARNING: [Synth 8-7129] Port frequency[18] in module burst_generator is either unconnected or has no load
WARNING: [Synth 8-7129] Port frequency[17] in module burst_generator is either unconnected or has no load
WARNING: [Synth 8-7129] Port frequency[16] in module burst_generator is either unconnected or has no load
WARNING: [Synth 8-7129] Port burst_done in module calibration_scheduler is either unconnected or has no load
---------------------------------------------------------------------------------
Finished Synthesize : Time (s): cpu = 00:00:06 ; elapsed = 00:00:06 . Memory (MB): peak = 1308.363 ; gain = 767.309
---------------------------------------------------------------------------------
---------------------------------------------------------------------------------
Finished Constraint Validation : Time (s): cpu = 00:00:07 ; elapsed = 00:00:07 . Memory (MB): peak = 1308.363 ; gain = 767.309
---------------------------------------------------------------------------------
---------------------------------------------------------------------------------
Start Loading Part and Timing Information
---------------------------------------------------------------------------------
Loading part: xc7z020clg400-1
---------------------------------------------------------------------------------
INFO: [Device 21-403] Loading part xc7z020clg400-1
Finished Loading Part and Timing Information : Time (s): cpu = 00:00:07 ; elapsed = 00:00:07 . Memory (MB): peak = 1308.363 ; gain = 767.309
---------------------------------------------------------------------------------
INFO: [Synth 8-802] inferred FSM for state register 'state_reg' in module 'axi_native_bridge'
INFO: [Synth 8-802] inferred FSM for state register 'state_reg' in module 'motion_queue'
INFO: [Synth 8-802] inferred FSM for state register 'state_reg' in module 'ad7606b_if'
INFO: [Synth 8-802] inferred FSM for state register 'state_reg' in module 'serializer'
---------------------------------------------------------------------------------------------------
                   State |                     New Encoding |                Previous Encoding 
---------------------------------------------------------------------------------------------------
                    IDLE |                               00 |                               00
                   ISSUE |                               01 |                               01
                 CAPTURE |                               10 |                               10
                 RESPOND |                               11 |                               11
---------------------------------------------------------------------------------------------------
INFO: [Synth 8-3354] encoded FSM with state register 'state_reg' using encoding 'sequential' in module 'axi_native_bridge'
---------------------------------------------------------------------------------------------------
                   State |                     New Encoding |                Previous Encoding 
---------------------------------------------------------------------------------------------------
                 iSTATE3 |                             0000 |                             0000
*
                 iSTATE2 |                             0001 |                             0001
                 iSTATE1 |                             0010 |                             0010
                  iSTATE |                             0011 |                             0011
                 iSTATE0 |                             0100 |                             0100
                 iSTATE7 |                             0101 |                             0101
                 iSTATE6 |                             0110 |                             0110
                 iSTATE4 |                             0111 |                             0111
                 iSTATE5 |                             1000 |                             1000
---------------------------------------------------------------------------------------------------
INFO: [Synth 8-3354] encoded FSM with state register 'state_reg' using encoding 'sequential' in module 'motion_queue'
---------------------------------------------------------------------------------------------------
                   State |                     New Encoding |                Previous Encoding 
---------------------------------------------------------------------------------------------------
                   POWER |                              000 |                              000
                   RESET |                              001 |                              001
                   SETUP |                              010 |                              010
                    INIT |                              011 |                              011
                WAIT_SPI |                              100 |                              100
                     RUN |                              101 |                              101
---------------------------------------------------------------------------------------------------
INFO: [Synth 8-3354] encoded FSM with state register 'state_reg' using encoding 'sequential' in module 'ad7606b_if'
---------------------------------------------------------------------------------------------------
                   State |                     New Encoding |                Previous Encoding 
---------------------------------------------------------------------------------------------------
                    IDLE |                             0001 |                               00
                   SHIFT |                             0010 |                               01
                   LATCH |                             0100 |                               10
                  FINISH |                             1000 |                               11
---------------------------------------------------------------------------------------------------
INFO: [Synth 8-3354] encoded FSM with state register 'state_reg' using encoding 'one-hot' in module 'serializer'
---------------------------------------------------------------------------------
Finished RTL Optimization Phase 2 : Time (s): cpu = 00:00:11 ; elapsed = 00:00:10 . Memory (MB): peak = 1332.277 ; gain = 791.223
---------------------------------------------------------------------------------
No constraint files found.
---------------------------------------------------------------------------------
Start RTL Component Statistics 
---------------------------------------------------------------------------------
Detailed RTL Component Info : 
+---Adders : 
	   2 Input   64 Bit       Adders := 1     
	   2 Input   32 Bit       Adders := 9     
	   3 Input   32 Bit       Adders := 1     
	   2 Input   28 Bit       Adders := 2     
	   2 Input   27 Bit       Adders := 2     
	   2 Input   22 Bit       Adders := 1     
	   2 Input   13 Bit       Adders := 1     
	   2 Input   12 Bit       Adders := 1     
	   2 Input   11 Bit       Adders := 1     
	   2 Input    9 Bit       Adders := 1     
	   2 Input    8 Bit       Adders := 132   
	   3 Input    8 Bit       Adders := 128   
	   2 Input    7 Bit       Adders := 2     
	   2 Input    6 Bit       Adders := 1     
	   2 Input    5 Bit       Adders := 1     
	   2 Input    3 Bit       Adders := 1     
	   2 Input    2 Bit       Adders := 5     
+---Registers : 
	             2176 Bit    Registers := 4     
	              128 Bit    Registers := 6     
	               64 Bit    Registers := 6     
	               32 Bit    Registers := 54    
	               27 Bit    Registers := 2     
	               24 Bit    Registers := 1     
	               22 Bit    Registers := 1     
	               16 Bit    Registers := 2     
	               13 Bit    Registers := 1     
	                8 Bit    Registers := 519   
	                7 Bit    Registers := 2     
	                6 Bit    Registers := 3     
	                5 Bit    Registers := 1     
	                4 Bit    Registers := 2     
	                3 Bit    Registers := 1     
	                2 Bit    Registers := 11    
	                1 Bit    Registers := 67    
+---RAMs : 
	             128K Bit	(1024 X 128 bit)          RAMs := 1     
+---Muxes : 
	   4 Input 2176 Bit        Muxes := 1     
	   2 Input  128 Bit        Muxes := 6     
	   4 Input   32 Bit        Muxes := 5     
	   2 Input   32 Bit        Muxes := 14    
	   6 Input   32 Bit        Muxes := 1     
	   7 Input   32 Bit        Muxes := 3     
	   9 Input   32 Bit        Muxes := 1     
	   2 Input   27 Bit        Muxes := 4     
	   2 Input   22 Bit        Muxes := 2     
	   6 Input   16 Bit        Muxes := 1     
	   2 Input   15 Bit        Muxes := 1     
	   9 Input   13 Bit        Muxes := 1     
	   2 Input   11 Bit        Muxes := 1     
	   7 Input   11 Bit        Muxes := 1     
	   2 Input    8 Bit        Muxes := 5     
	   7 Input    8 Bit        Muxes := 1     
	   9 Input    8 Bit        Muxes := 1     
	   2 Input    7 Bit        Muxes := 2     
	   7 Input    7 Bit        Muxes := 1     
	   9 Input    7 Bit        Muxes := 1     
	   2 Input    6 Bit        Muxes := 1     
	   6 Input    6 Bit        Muxes := 1     
	   2 Input    4 Bit        Muxes := 3     
	   7 Input    4 Bit        Muxes := 1     
	  15 Input    4 Bit        Muxes := 1     
	   6 Input    3 Bit        Muxes := 1     
	   2 Input    3 Bit        Muxes := 7     
	   5 Input    3 Bit        Muxes := 1     
	   3 Input    2 Bit        Muxes := 2     
	   4 Input    2 Bit        Muxes := 4     
	   2 Input    2 Bit        Muxes := 10    
	   6 Input    2 Bit        Muxes := 1     
	   2 Input    1 Bit        Muxes := 197   
	   4 Input    1 Bit        Muxes := 59    
	   6 Input    1 Bit        Muxes := 20    
	   7 Input    1 Bit        Muxes := 11    
	   8 Input    1 Bit        Muxes := 5     
	   9 Input    1 Bit        Muxes := 10    
---------------------------------------------------------------------------------
Finished RTL Component Statistics 
---------------------------------------------------------------------------------
---------------------------------------------------------------------------------
Start Part Resource Summary
---------------------------------------------------------------------------------
Part Resources:
DSPs: 220 (col length:60)
BRAMs: 280 (col length: RAMB18 60 RAMB36 30)
---------------------------------------------------------------------------------
Finished Part Resource Summary
---------------------------------------------------------------------------------
No constraint files found.
---------------------------------------------------------------------------------
Start Cross Boundary and Area Optimization
---------------------------------------------------------------------------------
---------------------------------------------------------------------------------
Finished Cross Boundary and Area Optimization : Time (s): cpu = 00:00:35 ; elapsed = 00:00:35 . Memory (MB): peak = 1635.590 ; gain = 1094.535
---------------------------------------------------------------------------------
---------------------------------------------------------------------------------
Start ROM, RAM, DSP, Shift Register and Retiming Reporting
---------------------------------------------------------------------------------

Block RAM: Preliminary Mapping Report (see note below)
+------------------+------------+------------------------+---+---+------------------------+---+---+------------------+--------+--------+
|Module Name       | RTL Object | PORT A (Depth x Width) | W | R | PORT B (Depth x Width) | W | R | Ports driving FF | RAMB18 | RAMB36 | 
+------------------+------------+------------------------+---+---+------------------------+---+---+------------------+--------+--------+
|digital/scheduler | memory_reg | 1 K x 128(READ_FIRST)  | W |   | 1 K x 128(WRITE_FIRST) |   | R | Port A and B     | 0      | 4      | 
+------------------+------------+------------------------+---+---+------------------------+---+---+------------------+--------+--------+

Note: The table above is a preliminary report that shows the Block RAMs at the current stage of the synthesis flow. Some Block RAMs may be reimplemented as non Block RAM primitives later in the synthesis flow. Multiple instantiated Block RAMs are reported only once. 
---------------------------------------------------------------------------------
Finished ROM, RAM, DSP, Shift Register and Retiming Reporting
---------------------------------------------------------------------------------
No constraint files found.
---------------------------------------------------------------------------------
Start Timing Optimization
---------------------------------------------------------------------------------
---------------------------------------------------------------------------------
Finished Timing Optimization : Time (s): cpu = 00:00:35 ; elapsed = 00:00:36 . Memory (MB): peak = 1635.590 ; gain = 1094.535
---------------------------------------------------------------------------------
---------------------------------------------------------------------------------
Start ROM, RAM, DSP, Shift Register and Retiming Reporting
---------------------------------------------------------------------------------

Block RAM: Final Mapping Report
+------------------+------------+------------------------+---+---+------------------------+---+---+------------------+--------+--------+
|Module Name       | RTL Object | PORT A (Depth x Width) | W | R | PORT B (Depth x Width) | W | R | Ports driving FF | RAMB18 | RAMB36 | 
+------------------+------------+------------------------+---+---+------------------------+---+---+------------------+--------+--------+
|digital/scheduler | memory_reg | 1 K x 128(READ_FIRST)  | W |   | 1 K x 128(WRITE_FIRST) |   | R | Port A and B     | 0      | 4      | 
+------------------+------------+------------------------+---+---+------------------------+---+---+------------------+--------+--------+

---------------------------------------------------------------------------------
Finished ROM, RAM, DSP, Shift Register and Retiming Reporting
---------------------------------------------------------------------------------
---------------------------------------------------------------------------------
Start Technology Mapping
---------------------------------------------------------------------------------
INFO: [Synth 8-7052] The timing for the instance native_system/digital/scheduler/memory_reg_0 (implemented as a Block RAM) might be sub-optimal as no optional output register could be merged into the ram block. Providing additional output register may help in improving timing.
INFO: [Synth 8-7052] The timing for the instance native_system/digital/scheduler/memory_reg_1 (implemented as a Block RAM) might be sub-optimal as no optional output register could be merged into the ram block. Providing additional output register may help in improving timing.
INFO: [Synth 8-7052] The timing for the instance native_system/digital/scheduler/memory_reg_2 (implemented as a Block RAM) might be sub-optimal as no optional output register could be merged into the ram block. Providing additional output register may help in improving timing.
INFO: [Synth 8-7052] The timing for the instance native_system/digital/scheduler/memory_reg_3 (implemented as a Block RAM) might be sub-optimal as no optional output register could be merged into the ram block. Providing additional output register may help in improving timing.
---------------------------------------------------------------------------------
Finished Technology Mapping : Time (s): cpu = 00:00:39 ; elapsed = 00:00:40 . Memory (MB): peak = 1635.590 ; gain = 1094.535
---------------------------------------------------------------------------------
---------------------------------------------------------------------------------
Start IO Insertion
---------------------------------------------------------------------------------
---------------------------------------------------------------------------------
Start Flattening Before IO Insertion
---------------------------------------------------------------------------------
---------------------------------------------------------------------------------
Finished Flattening Before IO Insertion
---------------------------------------------------------------------------------
---------------------------------------------------------------------------------
Start Final Netlist Cleanup
---------------------------------------------------------------------------------
---------------------------------------------------------------------------------
Finished Final Netlist Cleanup
---------------------------------------------------------------------------------
---------------------------------------------------------------------------------
Finished IO Insertion : Time (s): cpu = 00:00:43 ; elapsed = 00:00:44 . Memory (MB): peak = 1761.578 ; gain = 1220.523
---------------------------------------------------------------------------------
---------------------------------------------------------------------------------
Start Renaming Generated Instances
---------------------------------------------------------------------------------
---------------------------------------------------------------------------------
Finished Renaming Generated Instances : Time (s): cpu = 00:00:43 ; elapsed = 00:00:44 . Memory (MB): peak = 1761.578 ; gain = 1220.523
---------------------------------------------------------------------------------
---------------------------------------------------------------------------------
Start Rebuilding User Hierarchy
---------------------------------------------------------------------------------
---------------------------------------------------------------------------------
Finished Rebuilding User Hierarchy : Time (s): cpu = 00:00:44 ; elapsed = 00:00:45 . Memory (MB): peak = 1761.578 ; gain = 1220.523
---------------------------------------------------------------------------------
---------------------------------------------------------------------------------
Start Renaming Generated Ports
---------------------------------------------------------------------------------
---------------------------------------------------------------------------------
Finished Renaming Generated Ports : Time (s): cpu = 00:00:44 ; elapsed = 00:00:45 . Memory (MB): peak = 1761.578 ; gain = 1220.523
---------------------------------------------------------------------------------
---------------------------------------------------------------------------------
Start Handling Custom Attributes
---------------------------------------------------------------------------------
---------------------------------------------------------------------------------
Finished Handling Custom Attributes : Time (s): cpu = 00:00:44 ; elapsed = 00:00:46 . Memory (MB): peak = 1773.703 ; gain = 1232.648
---------------------------------------------------------------------------------
---------------------------------------------------------------------------------
Start Renaming Generated Nets
---------------------------------------------------------------------------------
---------------------------------------------------------------------------------
Finished Renaming Generated Nets : Time (s): cpu = 00:00:45 ; elapsed = 00:00:46 . Memory (MB): peak = 1773.703 ; gain = 1232.648
---------------------------------------------------------------------------------
---------------------------------------------------------------------------------
Start Writing Synthesis Report
---------------------------------------------------------------------------------

Report BlackBoxes: 
+-+--------------+----------+
| |BlackBox name |Instances |
+-+--------------+----------+
+-+--------------+----------+

Report Cell Usage: 
+------+---------+------+
|      |Cell     |Count |
+------+---------+------+
|1     |CARRY4   |   693|
|2     |LUT1     |    82|
|3     |LUT2     |  2492|
|4     |LUT3     |   276|
|5     |LUT4     |   559|
|6     |LUT5     |   686|
|7     |LUT6     |  3578|
|8     |MUXF7    |   287|
|9     |MUXF8    |   136|
|10    |RAMB36E1 |     4|
|11    |FDCE     |  9013|
|12    |FDPE     |    66|
|13    |FDRE     |  8839|
+------+---------+------+

Report Instance Areas: 
+------+----------------+----------------------+------+
|      |Instance        |Module                |Cells |
+------+----------------+----------------------+------+
|1     |top             |                      | 26711|
|2     |  bridge        |axi_native_bridge     |   412|
|3     |  native_system |sono_motion_system    | 26156|
|4     |    digital     |sono_digital_system   | 10734|
|5     |      adc       |ad7606b_if            |  1032|
|6     |        spi     |adc_serial            |   466|
|7     |      bank      |phase_bank            |  6719|
|8     |      burst     |burst_generator       |   274|
|9     |      scheduler |calibration_scheduler |   934|
|10    |      serial    |serializer            |   888|
|11    |    queue       |motion_queue          | 15422|
+------+----------------+----------------------+------+
---------------------------------------------------------------------------------
Finished Writing Synthesis Report : Time (s): cpu = 00:00:45 ; elapsed = 00:00:46 . Memory (MB): peak = 1773.703 ; gain = 1232.648
---------------------------------------------------------------------------------
Synthesis finished with 0 errors, 0 critical warnings and 25 warnings.
Synthesis Optimization Runtime : Time (s): cpu = 00:00:45 ; elapsed = 00:00:46 . Memory (MB): peak = 1773.703 ; gain = 1232.648
Synthesis Optimization Complete : Time (s): cpu = 00:00:45 ; elapsed = 00:00:46 . Memory (MB): peak = 1773.703 ; gain = 1232.648
INFO: [Project 1-571] Translating synthesized netlist
Netlist sorting complete. Time (s): cpu = 00:00:00 ; elapsed = 00:00:00.246 . Memory (MB): peak = 1786.789 ; gain = 0.000
INFO: [Netlist 29-17] Analyzing 1120 Unisim elements for replacement
INFO: [Netlist 29-28] Unisim Transformation completed in 1 CPU seconds
INFO: [Project 1-570] Preparing netlist for logic optimization
INFO: [Opt 31-138] Pushed 0 inverter(s) to 0 load pin(s).
Netlist sorting complete. Time (s): cpu = 00:00:00 ; elapsed = 00:00:00.006 . Memory (MB): peak = 1925.086 ; gain = 0.000
INFO: [Project 1-111] Unisim Transformation Summary:
No Unisim elements were transformed.

Synth Design complete | Checksum: 56019b48
INFO: [Common 17-83] Releasing license: Synthesis
48 Infos, 25 Warnings, 0 Critical Warnings and 0 Errors encountered.
synth_design completed successfully
synth_design: Time (s): cpu = 00:00:50 ; elapsed = 00:00:53 . Memory (MB): peak = 1925.086 ; gain = 1385.992
# create_clock -period 7.575758 -name core132 [get_ports clk]
WARNING: [Vivado 12-2489] -period contains time 7.575758 which will be rounded to 7.576 to ensure it is an integer multiple of 1 picosecond
# proc reports {out label} {
#  file mkdir [file join $out $label]
#  set dest [file join $out $label]
#  report_timing_summary -report_unconstrained -file [file join $dest timing_summary.rpt]
#  report_timing -max_paths 20 -nworst 1 -path_type full_clock_expanded -input_pins -file [file join $dest critical_paths.rpt]
#  report_high_fanout_nets -max_nets 20 -file [file join $dest high_fanout.rpt]
#  report_clock_utilization -file [file join $dest clock_utilization.rpt]
#  report_clocks -file [file join $dest clocks.rpt]
#  report_methodology -file [file join $dest methodology.rpt]
#  report_drc -file [file join $dest drc.rpt]
#  report_utilization -file [file join $dest utilization.rpt]
#  report_cdc -details -file [file join $dest cdc.rpt]
#  check_timing -verbose -file [file join $dest check_timing.rpt]
#  set f [open [file join $dest critical_paths.tsv] w]
#  set props {STARTPOINT_PIN ENDPOINT_PIN SLACK DATAPATH_DELAY LOGIC_LEVELS REQUIREMENT SKEW}
#  puts $f [join $props "\t"]
#  foreach path [get_timing_paths -max_paths 20 -nworst 1] {
#   set row {}
#   foreach prop $props {
#    if {[lsearch -exact [list_property $path] $prop]>=0} {lappend row [get_property $prop $path]} else {lappend row UNKNOWN}
#   }
#   puts $f [join $row "\t"]
#  }
#  close $f
# }
# reports $out synthesis
INFO: [Timing 38-35] Done setting XDC timing constraints.
INFO: [Timing 38-91] UpdateTimingParams: Speed grade: -1, Delay Type: min_max.
INFO: [Timing 38-191] Multithreading enabled for timing update using a maximum of 4 CPUs
WARNING: [Timing 38-242] The property HD.CLK_SRC of clock port "clk" is not set. In out-of-context mode, this prevents timing estimation for clock delay/skew
Resolution: Set the HD.CLK_SRC property of the out-of-context port to the location of the clock buffer instance in the top-level design
report_timing_summary: Time (s): cpu = 00:00:20 ; elapsed = 00:00:10 . Memory (MB): peak = 1925.086 ; gain = 0.000
INFO: [Timing 38-91] UpdateTimingParams: Speed grade: -1, Delay Type: max.
INFO: [Timing 38-191] Multithreading enabled for timing update using a maximum of 4 CPUs
INFO: [Timing 38-78] ReportTimingParams: -max_paths 20 -nworst 1 -delay_type max -sort_by slack.
Command: report_methodology -file E:/Codex_project/AMD-SonoField-FPGA/v2/evidence/pre_pcb_board_ready/timing/strategy1/synthesis/methodology.rpt
INFO: [Timing 38-35] Done setting XDC timing constraints.
INFO: [DRC 23-133] Running Methodology with 4 threads
WARNING: [DRC 23-814] Not all possible (connectivity based) DRCs may have been run because this design is seen as Out of Context.
INFO: [Vivado_Tcl 2-1520] The results of Report Methodology are in file E:/Codex_project/AMD-SonoField-FPGA/v2/evidence/pre_pcb_board_ready/timing/strategy1/synthesis/methodology.rpt.
report_methodology completed successfully
Command: report_drc -file E:/Codex_project/AMD-SonoField-FPGA/v2/evidence/pre_pcb_board_ready/timing/strategy1/synthesis/drc.rpt
INFO: [IP_Flow 19-234] Refreshing IP repositories
INFO: [IP_Flow 19-1704] No user IP repositories specified
INFO: [IP_Flow 19-2313] Loaded Vivado IP repository 'D:/Vivado/2025.2/2025.2/Vivado/data/ip'.
INFO: [DRC 23-27] Running DRC with 4 threads
WARNING: [DRC 23-814] Not all possible (connectivity based) DRCs may have been run because this design is seen as Out of Context.
INFO: [Vivado_Tcl 2-168] The results of DRC are in file E:/Codex_project/AMD-SonoField-FPGA/v2/evidence/pre_pcb_board_ready/timing/strategy1/synthesis/drc.rpt.
report_drc completed successfully
INFO: [Timing 38-91] UpdateTimingParams: Speed grade: -1, Delay Type: min_max.
INFO: [Timing 38-191] Multithreading enabled for timing update using a maximum of 4 CPUs
INFO: [Timing 38-35] Done setting XDC timing constraints.
INFO: [Timing 38-314] The report_cdc command only analyzes and reports clock domain crossing paths where clocks have been defined on both source and destination sides. Ports with no input delay constraint are skipped. Please run check_timing to verify there are no missing clock definitions in your design, nor any unconstrained input port.
# write_checkpoint -force [file join $root build pre_pcb_core_${stage}.dcp]
INFO: [Timing 38-480] Writing timing data to binary archive.
Write ShapeDB Complete: Time (s): cpu = 00:00:00 ; elapsed = 00:00:00.012 . Memory (MB): peak = 1925.086 ; gain = 0.000
INFO: [Common 17-1381] The checkpoint 'E:/Codex_project/AMD-SonoField-FPGA/v2/build/pre_pcb_core_strategy1.dcp' has been generated.
# if {$stage ne "baseline"} {
#  opt_design
#  place_design
#  reports $out placed
#  phys_opt_design
#  route_design
#  reports $out routed
#  write_checkpoint -force [file join $root build pre_pcb_core_${stage}_routed.dcp]
# }
Command: opt_design
Attempting to get a license for feature 'Implementation' and/or device 'xc7z020'
INFO: [Common 17-349] Got license for feature 'Implementation' and/or device 'xc7z020'
Running DRC as a precondition to command opt_design

Starting DRC Task
INFO: [DRC 23-27] Running DRC with 4 threads
WARNING: [DRC 23-814] Not all possible (connectivity based) DRCs may have been run because this design is seen as Out of Context.
INFO: [Project 1-461] DRC finished with 0 Errors
INFO: [Project 1-462] Please refer to the DRC report (report_drc) for more information.

Time (s): cpu = 00:00:00 ; elapsed = 00:00:00.199 . Memory (MB): peak = 1925.086 ; gain = 0.000

Starting Cache Timing Information Task
Ending Cache Timing Information Task | Checksum: 16a4daf78

Time (s): cpu = 00:00:01 ; elapsed = 00:00:00.019 . Memory (MB): peak = 1925.086 ; gain = 0.000

Starting Logic Optimization Task

Phase 1 Initialization

Phase 1.1 Core Generation And Design Setup
Phase 1.1 Core Generation And Design Setup | Checksum: 16a4daf78

Time (s): cpu = 00:00:00 ; elapsed = 00:00:00.021 . Memory (MB): peak = 2184.488 ; gain = 0.000

Phase 1.2 Setup Constraints And Sort Netlist
Phase 1.2 Setup Constraints And Sort Netlist | Checksum: 16a4daf78

Time (s): cpu = 00:00:00 ; elapsed = 00:00:00.032 . Memory (MB): peak = 2184.488 ; gain = 0.000
Phase 1 Initialization | Checksum: 16a4daf78

Time (s): cpu = 00:00:00 ; elapsed = 00:00:00.034 . Memory (MB): peak = 2184.488 ; gain = 0.000

Phase 2 Timer Update And Timing Data Collection

Phase 2.1 Detect if minReqCache needed
Phase 2.1 Detect if minReqCache needed | Checksum: 16a4daf78

Time (s): cpu = 00:00:00 ; elapsed = 00:00:00.074 . Memory (MB): peak = 2184.543 ; gain = 0.055

Phase 2.2 Timer Update
Phase 2.2 Timer Update | Checksum: 16a4daf78

Time (s): cpu = 00:00:00 ; elapsed = 00:00:00.108 . Memory (MB): peak = 2184.543 ; gain = 0.055
Phase 2 Timer Update And Timing Data Collection | Checksum: 16a4daf78

Time (s): cpu = 00:00:00 ; elapsed = 00:00:00.113 . Memory (MB): peak = 2184.543 ; gain = 0.055

Phase 3 Retarget
INFO: [Opt 31-1851] Number of loadless carry chains removed were: 0
INFO: [Opt 31-1834] Total Chains To Be Transformed Were: 0 AND Number of Transformed insts Created are: 0
INFO: [Opt 31-1566] Pulled 1 inverters resulting in an inversion of 21 pins
INFO: [Opt 31-138] Pushed 1 inverter(s) to 4 load pin(s).
INFO: [Opt 31-49] Retargeted 0 cell(s).
Phase 3 Retarget | Checksum: a9bda763

Time (s): cpu = 00:00:01 ; elapsed = 00:00:00.436 . Memory (MB): peak = 2184.543 ; gain = 0.055
Retarget | Checksum: a9bda763
INFO: [Opt 31-389] Phase Retarget created 0 cells and removed 2 cells

Phase 4 Constant propagation
INFO: [Opt 31-138] Pushed 0 inverter(s) to 0 load pin(s).
Phase 4 Constant propagation | Checksum: 1447eea34

Time (s): cpu = 00:00:01 ; elapsed = 00:00:00.581 . Memory (MB): peak = 2184.543 ; gain = 0.055
Constant propagation | Checksum: 1447eea34
INFO: [Opt 31-389] Phase Constant propagation created 0 cells and removed 0 cells

Phase 5 Sweep
INFO: [Constraints 18-11670] Building netlist checker database with flags, 0x8
Done building netlist checker database: Time (s): cpu = 00:00:00 ; elapsed = 00:00:00.005 . Memory (MB): peak = 2184.543 ; gain = 0.000
Phase 5 Sweep | Checksum: c3ee78b6

Time (s): cpu = 00:00:01 ; elapsed = 00:00:00.787 . Memory (MB): peak = 2184.543 ; gain = 0.055
Sweep | Checksum: c3ee78b6
INFO: [Opt 31-389] Phase Sweep created 0 cells and removed 0 cells

Phase 6 BUFG optimization
Phase 6 BUFG optimization | Checksum: c3ee78b6

Time (s): cpu = 00:00:01 ; elapsed = 00:00:00.858 . Memory (MB): peak = 2184.543 ; gain = 0.055
BUFG optimization | Checksum: c3ee78b6
INFO: [Opt 31-662] Phase BUFG optimization created 0 cells of which 0 are BUFGs and removed 0 cells.

Phase 7 Shift Register Optimization
INFO: [Opt 31-1064] SRL Remap converted 0 SRLs to 0 registers and converted 0 registers of register chains to 0 SRLs
Phase 7 Shift Register Optimization | Checksum: c3ee78b6

Time (s): cpu = 00:00:01 ; elapsed = 00:00:00.885 . Memory (MB): peak = 2184.543 ; gain = 0.055
Shift Register Optimization | Checksum: c3ee78b6
INFO: [Opt 31-389] Phase Shift Register Optimization created 0 cells and removed 0 cells

Phase 8 Post Processing Netlist
Phase 8 Post Processing Netlist | Checksum: c3ee78b6

Time (s): cpu = 00:00:01 ; elapsed = 00:00:00.938 . Memory (MB): peak = 2184.543 ; gain = 0.055
Post Processing Netlist | Checksum: c3ee78b6
INFO: [Opt 31-389] Phase Post Processing Netlist created 0 cells and removed 0 cells

Phase 9 Finalization

Phase 9.1 Finalizing Design Cores and Updating Shapes
Phase 9.1 Finalizing Design Cores and Updating Shapes | Checksum: 16e88e895

Time (s): cpu = 00:00:02 ; elapsed = 00:00:01 . Memory (MB): peak = 2184.543 ; gain = 0.055

Phase 9.2 Verifying Netlist Connectivity

Starting Connectivity Check Task

Time (s): cpu = 00:00:00 ; elapsed = 00:00:00.033 . Memory (MB): peak = 2184.543 ; gain = 0.000
Phase 9.2 Verifying Netlist Connectivity | Checksum: 16e88e895

Time (s): cpu = 00:00:02 ; elapsed = 00:00:01 . Memory (MB): peak = 2184.543 ; gain = 0.055
Phase 9 Finalization | Checksum: 16e88e895

Time (s): cpu = 00:00:02 ; elapsed = 00:00:01 . Memory (MB): peak = 2184.543 ; gain = 0.055
Opt_design Change Summary
=========================


-------------------------------------------------------------------------------------------------------------------------
|  Phase                        |  #Cells created  |  #Cells Removed  |  #Constrained objects preventing optimizations  |
-------------------------------------------------------------------------------------------------------------------------
|  Retarget                     |               0  |               2  |                                              0  |
|  Constant propagation         |               0  |               0  |                                              0  |
|  Sweep                        |               0  |               0  |                                              0  |
|  BUFG optimization            |               0  |               0  |                                              0  |
|  Shift Register Optimization  |               0  |               0  |                                              0  |
|  Post Processing Netlist      |               0  |               0  |                                              0  |
-------------------------------------------------------------------------------------------------------------------------


Ending Logic Optimization Task | Checksum: 16e88e895

Time (s): cpu = 00:00:02 ; elapsed = 00:00:01 . Memory (MB): peak = 2184.543 ; gain = 0.055

Starting Power Optimization Task
INFO: [Pwropt 34-132] Skipping clock gating for clocks with a period < 2.00 ns.
INFO: [Pwropt 34-9] Applying IDT optimizations ...
INFO: [Pwropt 34-10] Applying ODC optimizations ...
INFO: [Timing 38-35] Done setting XDC timing constraints.
Running Vector-less Activity Propagation...

Finished Running Vector-less Activity Propagation


Starting PowerOpt Patch Enables Task
INFO: [Pwropt 34-162] WRITE_MODE attribute of 0 BRAM(s) out of a total of 4 has been updated to save power. Run report_power_opt to get a complete listing of the BRAMs updated.
INFO: [Pwropt 34-201] Structural ODC has moved 0 WE to EN ports
Number of BRAM Ports augmented: 0 newly gated: 4 Total Ports: 8
Ending PowerOpt Patch Enables Task | Checksum: 18e888a79

Time (s): cpu = 00:00:00 ; elapsed = 00:00:00.079 . Memory (MB): peak = 2184.543 ; gain = 0.000
Ending Power Optimization Task | Checksum: 18e888a79

Time (s): cpu = 00:00:08 ; elapsed = 00:00:03 . Memory (MB): peak = 2184.543 ; gain = 0.000

Starting Final Cleanup Task

Starting Logic Optimization Task
INFO: [Timing 38-35] Done setting XDC timing constraints.
Ending Logic Optimization Task | Checksum: 6f6b27c0

Time (s): cpu = 00:00:01 ; elapsed = 00:00:01 . Memory (MB): peak = 2184.543 ; gain = 0.000
Ending Final Cleanup Task | Checksum: 6f6b27c0

Time (s): cpu = 00:00:05 ; elapsed = 00:00:04 . Memory (MB): peak = 2184.543 ; gain = 0.000
Netlist sorting complete. Time (s): cpu = 00:00:00 ; elapsed = 00:00:00.016 . Memory (MB): peak = 2184.543 ; gain = 0.000
INFO: [Common 17-83] Releasing license: Implementation
26 Infos, 1 Warnings, 0 Critical Warnings and 0 Errors encountered.
opt_design completed successfully
opt_design: Time (s): cpu = 00:00:18 ; elapsed = 00:00:12 . Memory (MB): peak = 2184.543 ; gain = 259.457
Command: place_design
Attempting to get a license for feature 'Implementation' and/or device 'xc7z020'
INFO: [Common 17-349] Got license for feature 'Implementation' and/or device 'xc7z020'
INFO: [Common 17-83] Releasing license: Implementation
INFO: [DRC 23-27] Running DRC with 4 threads
WARNING: [DRC 23-814] Not all possible (connectivity based) DRCs may have been run because this design is seen as Out of Context.
INFO: [Vivado_Tcl 4-198] DRC finished with 0 Errors
INFO: [Vivado_Tcl 4-199] Please refer to the DRC report (report_drc) for more information.
INFO: [Timing 38-35] Done setting XDC timing constraints.
Running DRC as a precondition to command place_design
INFO: [DRC 23-27] Running DRC with 4 threads
WARNING: [DRC 23-814] Not all possible (connectivity based) DRCs may have been run because this design is seen as Out of Context.
INFO: [Vivado_Tcl 4-198] DRC finished with 0 Errors, 21 Warnings
INFO: [Vivado_Tcl 4-199] Please refer to the DRC report (report_drc) for more information.
INFO: [Place 30-611] Multithreading enabled for place_design using a maximum of 4 CPUs

Starting Placer Task

Phase 1 Placer Initialization

Phase 1.1 Placer Initialization Netlist Sorting
Netlist sorting complete. Time (s): cpu = 00:00:01 ; elapsed = 00:00:00.012 . Memory (MB): peak = 2184.543 ; gain = 0.000
Phase 1.1 Placer Initialization Netlist Sorting | Checksum: 658e615f

Time (s): cpu = 00:00:01 ; elapsed = 00:00:00.021 . Memory (MB): peak = 2184.543 ; gain = 0.000
Netlist sorting complete. Time (s): cpu = 00:00:00 ; elapsed = 00:00:00.005 . Memory (MB): peak = 2184.543 ; gain = 0.000

Phase 1.2 IO Placement/ Clock Placement/ Build Placer Device
Phase 1.2 IO Placement/ Clock Placement/ Build Placer Device | Checksum: d514d458

Time (s): cpu = 00:00:02 ; elapsed = 00:00:01 . Memory (MB): peak = 2184.543 ; gain = 0.000

Phase 1.3 Build Placer Netlist Model
Phase 1.3 Build Placer Netlist Model | Checksum: 126d339ba

Time (s): cpu = 00:00:11 ; elapsed = 00:00:05 . Memory (MB): peak = 2184.543 ; gain = 0.000

Phase 1.4 Constrain Clocks/Macros
Phase 1.4 Constrain Clocks/Macros | Checksum: 126d339ba

Time (s): cpu = 00:00:11 ; elapsed = 00:00:05 . Memory (MB): peak = 2184.543 ; gain = 0.000
Phase 1 Placer Initialization | Checksum: 126d339ba

Time (s): cpu = 00:00:11 ; elapsed = 00:00:05 . Memory (MB): peak = 2184.543 ; gain = 0.000

Phase 2 Global Placement

Phase 2.1 Floorplanning
Phase 2.1 Floorplanning | Checksum: 12c51dc6a

Time (s): cpu = 00:00:16 ; elapsed = 00:00:07 . Memory (MB): peak = 2184.543 ; gain = 0.000

Phase 2.2 Update Timing before SLR Path Opt
Phase 2.2 Update Timing before SLR Path Opt | Checksum: 114d45d5e

Time (s): cpu = 00:00:20 ; elapsed = 00:00:08 . Memory (MB): peak = 2184.543 ; gain = 0.000

Phase 2.3 Post-Processing in Floorplanning
Phase 2.3 Post-Processing in Floorplanning | Checksum: 114d45d5e

Time (s): cpu = 00:00:20 ; elapsed = 00:00:08 . Memory (MB): peak = 2184.543 ; gain = 0.000

Phase 2.4 Global Place Phase1
Phase 2.4 Global Place Phase1 | Checksum: 23d60385b

Time (s): cpu = 00:00:55 ; elapsed = 00:00:23 . Memory (MB): peak = 2184.543 ; gain = 0.000

Phase 2.5 Global Place Phase2

Phase 2.5.1 UpdateTiming Before Physical Synthesis
Phase 2.5.1 UpdateTiming Before Physical Synthesis | Checksum: 22d8a36c2

Time (s): cpu = 00:00:57 ; elapsed = 00:00:24 . Memory (MB): peak = 2184.543 ; gain = 0.000

Phase 2.5.2 Physical Synthesis In Placer
INFO: [Physopt 32-1035] Found 62 LUTNM shape to break, 168 LUT instances to create LUTNM shape
INFO: [Physopt 32-1044] Break lutnm for timing: one critical 40, two critical 22, total 62, new lutff created 0
INFO: [Physopt 32-1138] End 1 Pass. Optimized 135 nets or LUTs. Breaked 62 LUTs, combined 73 existing LUTs and moved 0 existing LUT
INFO: [Physopt 32-65] No nets found for high-fanout optimization.
INFO: [Physopt 32-232] Optimized 0 net. Created 0 new instance.
INFO: [Physopt 32-775] End 1 Pass. Optimized 0 net or cell. Created 0 new cell, deleted 0 existing cell and moved 0 existing cell
INFO: [Physopt 32-46] Identified 7 candidate nets for critical-cell optimization.
INFO: [Physopt 32-232] Optimized 0 net. Created 0 new instance.
INFO: [Physopt 32-775] End 1 Pass. Optimized 0 net or cell. Created 0 new cell, deleted 0 existing cell and moved 0 existing cell
INFO: [Physopt 32-456] No candidate cells for DSP register optimization found in the design.
INFO: [Physopt 32-775] End 2 Pass. Optimized 0 net or cell. Created 0 new cell, deleted 0 existing cell and moved 0 existing cell
INFO: [Physopt 32-1123] No candidate cells found for Shift Register to Pipeline optimization
INFO: [Physopt 32-775] End 2 Pass. Optimized 0 net or cell. Created 0 new cell, deleted 0 existing cell and moved 0 existing cell
INFO: [Physopt 32-1401] No candidate cells found for Shift Register optimization.
INFO: [Physopt 32-677] No candidate cells for Shift Register optimization found in the design
INFO: [Physopt 32-775] End 1 Pass. Optimized 0 net or cell. Created 0 new cell, deleted 0 existing cell and moved 0 existing cell
INFO: [Physopt 32-526] No candidate cells for BRAM register optimization found in the design
INFO: [Physopt 32-775] End 1 Pass. Optimized 0 net or cell. Created 0 new cell, deleted 0 existing cell and moved 0 existing cell
INFO: [Physopt 32-846] No candidate cells for URAM register optimization found in the design
INFO: [Physopt 32-775] End 1 Pass. Optimized 0 net or cell. Created 0 new cell, deleted 0 existing cell and moved 0 existing cell
INFO: [Physopt 32-846] No candidate cells for URAM register optimization found in the design
INFO: [Physopt 32-775] End 1 Pass. Optimized 0 net or cell. Created 0 new cell, deleted 0 existing cell and moved 0 existing cell
INFO: [Physopt 32-949] No candidate nets found for dynamic/static region interface net replication
INFO: [Physopt 32-775] End 1 Pass. Optimized 0 net or cell. Created 0 new cell, deleted 0 existing cell and moved 0 existing cell
Netlist sorting complete. Time (s): cpu = 00:00:00 ; elapsed = 00:00:00.005 . Memory (MB): peak = 2184.543 ; gain = 0.000

Summary of Physical Synthesis Optimizations
============================================


-----------------------------------------------------------------------------------------------------------------------------------------------------------
|  Optimization                                     |  Added Cells  |  Removed Cells  |  Optimized Cells/Nets  |  Dont Touch  |  Iterations  |  Elapsed   |
-----------------------------------------------------------------------------------------------------------------------------------------------------------
|  LUT Combining                                    |           62  |             73  |                   135  |           0  |           1  |  00:00:00  |
|  Retime                                           |            0  |              0  |                     0  |           0  |           1  |  00:00:00  |
|  Very High Fanout                                 |            0  |              0  |                     0  |           0  |           1  |  00:00:00  |
|  Critical Cell                                    |            0  |              0  |                     0  |           0  |           1  |  00:00:00  |
|  DSP Register                                     |            0  |              0  |                     0  |           0  |           1  |  00:00:00  |
|  Shift Register to Pipeline                       |            0  |              0  |                     0  |           0  |           1  |  00:00:00  |
|  Shift Register                                   |            0  |              0  |                     0  |           0  |           1  |  00:00:00  |
|  BRAM Register                                    |            0  |              0  |                     0  |           0  |           1  |  00:00:00  |
|  URAM Register                                    |            0  |              0  |                     0  |           0  |           1  |  00:00:00  |
|  Dynamic/Static Region Interface Net Replication  |            0  |              0  |                     0  |           0  |           1  |  00:00:00  |
|  Total                                            |           62  |             73  |                   135  |           0  |          10  |  00:00:00  |
-----------------------------------------------------------------------------------------------------------------------------------------------------------


Phase 2.5.2 Physical Synthesis In Placer | Checksum: 1dcf4ab00

Time (s): cpu = 00:01:01 ; elapsed = 00:00:26 . Memory (MB): peak = 2184.543 ; gain = 0.000
Phase 2.5 Global Place Phase2 | Checksum: 186521e50

Time (s): cpu = 00:01:02 ; elapsed = 00:00:26 . Memory (MB): peak = 2184.543 ; gain = 0.000
Phase 2 Global Placement | Checksum: 186521e50

Time (s): cpu = 00:01:02 ; elapsed = 00:00:26 . Memory (MB): peak = 2184.543 ; gain = 0.000

Phase 3 Detail Placement

Phase 3.1 Commit Multi Column Macros
Phase 3.1 Commit Multi Column Macros | Checksum: 259f7db6c

Time (s): cpu = 00:01:05 ; elapsed = 00:00:27 . Memory (MB): peak = 2184.543 ; gain = 0.000

Phase 3.2 Commit Most Macros & LUTRAMs
Phase 3.2 Commit Most Macros & LUTRAMs | Checksum: 1e1ee52a9

Time (s): cpu = 00:01:10 ; elapsed = 00:00:29 . Memory (MB): peak = 2184.543 ; gain = 0.000

Phase 3.3 Area Swap Optimization
Phase 3.3 Area Swap Optimization | Checksum: 1cb14d5a2

Time (s): cpu = 00:01:11 ; elapsed = 00:00:30 . Memory (MB): peak = 2184.543 ; gain = 0.000

Phase 3.4 Pipeline Register Optimization
Phase 3.4 Pipeline Register Optimization | Checksum: 22d9ef2f9

Time (s): cpu = 00:01:11 ; elapsed = 00:00:30 . Memory (MB): peak = 2184.543 ; gain = 0.000

Phase 3.5 Fast Optimization
Phase 3.5 Fast Optimization | Checksum: 1f473c3f9

Time (s): cpu = 00:01:21 ; elapsed = 00:00:34 . Memory (MB): peak = 2184.543 ; gain = 0.000

Phase 3.6 Small Shape Detail Placement
Phase 3.6 Small Shape Detail Placement | Checksum: 136348eaa

Time (s): cpu = 00:01:41 ; elapsed = 00:01:02 . Memory (MB): peak = 2184.543 ; gain = 0.000

Phase 3.7 Re-assign LUT pins
Phase 3.7 Re-assign LUT pins | Checksum: 10e135378

Time (s): cpu = 00:01:42 ; elapsed = 00:01:03 . Memory (MB): peak = 2184.543 ; gain = 0.000

Phase 3.8 Pipeline Register Optimization
Phase 3.8 Pipeline Register Optimization | Checksum: 15fb00910

Time (s): cpu = 00:01:42 ; elapsed = 00:01:03 . Memory (MB): peak = 2184.543 ; gain = 0.000

Phase 3.9 Fast Optimization
Phase 3.9 Fast Optimization | Checksum: 1a84f7ac3

Time (s): cpu = 00:01:57 ; elapsed = 00:01:10 . Memory (MB): peak = 2184.543 ; gain = 0.000
Phase 3 Detail Placement | Checksum: 1a84f7ac3

Time (s): cpu = 00:01:58 ; elapsed = 00:01:10 . Memory (MB): peak = 2184.543 ; gain = 0.000

Phase 4 Post Placement Optimization and Clean-Up

Phase 4.1 Post Commit Optimization
INFO: [Timing 38-35] Done setting XDC timing constraints.

Phase 4.1.1 Post Placement Optimization
Post Placement Optimization Initialization | Checksum: 254e5825c

Phase 4.1.1.1 BUFG Insertion

Starting Physical Synthesis Task

Phase 1 Physical Synthesis Initialization
INFO: [Physopt 32-721] Multithreading enabled for phys_opt_design using a maximum of 4 CPUs
INFO: [Physopt 32-619] Estimated Timing Summary | WNS=-1.096 | TNS=-2989.705 |
Phase 1 Physical Synthesis Initialization | Checksum: 168eec88f

Time (s): cpu = 00:00:01 ; elapsed = 00:00:00.192 . Memory (MB): peak = 2184.543 ; gain = 0.000
INFO: [Place 46-33] Processed net native_system/digital/bank/reset_sync_reg[1], BUFG insertion was skipped due to placement/routing conflicts.
INFO: [Place 46-33] Processed net native_system/queue/rst_n_0, BUFG insertion was skipped due to placement/routing conflicts.
INFO: [Place 46-33] Processed net native_system/digital/bank/written1, BUFG insertion was skipped due to placement/routing conflicts.
INFO: [Place 46-56] BUFG insertion identified 3 candidate nets. Inserted BUFG: 0, Replicated BUFG Driver: 0, Skipped due to Placement/Routing Conflicts: 3, Skipped due to Timing Degradation: 0, Skipped due to netlist editing failed: 0.
Ending Physical Synthesis Task | Checksum: 1e603ddf3

Time (s): cpu = 00:00:02 ; elapsed = 00:00:00.675 . Memory (MB): peak = 2184.543 ; gain = 0.000
Phase 4.1.1.1 BUFG Insertion | Checksum: 254e5825c

Time (s): cpu = 00:02:07 ; elapsed = 00:01:14 . Memory (MB): peak = 2184.543 ; gain = 0.000

Phase 4.1.1.2 Post Placement Timing Optimization
INFO: [Place 30-746] Post Placement Timing Summary WNS=-0.804. For the most accurate timing information please run report_timing.
Phase 4.1.1.2 Post Placement Timing Optimization | Checksum: 230e0e747

Time (s): cpu = 00:02:57 ; elapsed = 00:01:57 . Memory (MB): peak = 2184.543 ; gain = 0.000

Time (s): cpu = 00:02:57 ; elapsed = 00:01:57 . Memory (MB): peak = 2184.543 ; gain = 0.000
Phase 4.1 Post Commit Optimization | Checksum: 230e0e747

Time (s): cpu = 00:02:57 ; elapsed = 00:01:57 . Memory (MB): peak = 2184.543 ; gain = 0.000

Phase 4.2 Post Placement Cleanup
Phase 4.2 Post Placement Cleanup | Checksum: 230e0e747

Time (s): cpu = 00:02:57 ; elapsed = 00:01:57 . Memory (MB): peak = 2184.543 ; gain = 0.000

Phase 4.3 Placer Reporting

Phase 4.3.1 Print Estimated Congestion
INFO: [Place 30-612] Post-Placement Estimated Congestion 
 ____________________________________________________
|           | Global Congestion | Short Congestion  |
| Direction | Region Size       | Region Size       |
|___________|___________________|___________________|
|      North|              32x32|              16x16|
|___________|___________________|___________________|
|      South|                1x1|                1x1|
|___________|___________________|___________________|
|       East|              32x32|              16x16|
|___________|___________________|___________________|
|       West|                1x1|                4x4|
|___________|___________________|___________________|

Phase 4.3.1 Print Estimated Congestion | Checksum: 230e0e747

Time (s): cpu = 00:02:57 ; elapsed = 00:01:57 . Memory (MB): peak = 2184.543 ; gain = 0.000
Phase 4.3 Placer Reporting | Checksum: 230e0e747

Time (s): cpu = 00:02:57 ; elapsed = 00:01:57 . Memory (MB): peak = 2184.543 ; gain = 0.000

Phase 4.4 Final Placement Cleanup
Netlist sorting complete. Time (s): cpu = 00:00:01 ; elapsed = 00:00:00.025 . Memory (MB): peak = 2184.543 ; gain = 0.000

Time (s): cpu = 00:02:58 ; elapsed = 00:01:57 . Memory (MB): peak = 2184.543 ; gain = 0.000
Phase 4 Post Placement Optimization and Clean-Up | Checksum: 1f3c211ef

Time (s): cpu = 00:02:58 ; elapsed = 00:01:57 . Memory (MB): peak = 2184.543 ; gain = 0.000
Ending Placer Task | Checksum: 1b79dc5ab

Time (s): cpu = 00:02:58 ; elapsed = 00:01:57 . Memory (MB): peak = 2184.543 ; gain = 0.000
69 Infos, 3 Warnings, 0 Critical Warnings and 0 Errors encountered.
place_design completed successfully
place_design: Time (s): cpu = 00:03:01 ; elapsed = 00:01:59 . Memory (MB): peak = 2184.543 ; gain = 0.000
WARNING: [Timing 38-242] The property HD.CLK_SRC of clock port "clk" is not set. In out-of-context mode, this prevents timing estimation for clock delay/skew
Resolution: Set the HD.CLK_SRC property of the out-of-context port to the location of the clock buffer instance in the top-level design
INFO: [Timing 38-78] ReportTimingParams: -max_paths 20 -nworst 1 -delay_type max -sort_by slack.
Command: report_methodology -file E:/Codex_project/AMD-SonoField-FPGA/v2/evidence/pre_pcb_board_ready/timing/strategy1/placed/methodology.rpt
INFO: [Timing 38-35] Done setting XDC timing constraints.
INFO: [DRC 23-133] Running Methodology with 4 threads
WARNING: [DRC 23-814] Not all possible (connectivity based) DRCs may have been run because this design is seen as Out of Context.
INFO: [Vivado_Tcl 2-1520] The results of Report Methodology are in file E:/Codex_project/AMD-SonoField-FPGA/v2/evidence/pre_pcb_board_ready/timing/strategy1/placed/methodology.rpt.
report_methodology completed successfully
Command: report_drc -file E:/Codex_project/AMD-SonoField-FPGA/v2/evidence/pre_pcb_board_ready/timing/strategy1/placed/drc.rpt
INFO: [IP_Flow 19-1839] IP Catalog is up to date.
INFO: [DRC 23-27] Running DRC with 4 threads
WARNING: [DRC 23-814] Not all possible (connectivity based) DRCs may have been run because this design is seen as Out of Context.
INFO: [Vivado_Tcl 2-168] The results of DRC are in file E:/Codex_project/AMD-SonoField-FPGA/v2/evidence/pre_pcb_board_ready/timing/strategy1/placed/drc.rpt.
report_drc completed successfully
INFO: [Timing 38-35] Done setting XDC timing constraints.
INFO: [Timing 38-314] The report_cdc command only analyzes and reports clock domain crossing paths where clocks have been defined on both source and destination sides. Ports with no input delay constraint are skipped. Please run check_timing to verify there are no missing clock definitions in your design, nor any unconstrained input port.
Command: phys_opt_design
Attempting to get a license for feature 'Implementation' and/or device 'xc7z020'
INFO: [Common 17-349] Got license for feature 'Implementation' and/or device 'xc7z020'
INFO: [Vivado_Tcl 4-1435] PhysOpt_Tcl_Interface Runtime Before Starting Physical Synthesis Task | CPU: 0.00s |  WALL: 0.19s
Netlist sorting complete. Time (s): cpu = 00:00:00 ; elapsed = 00:00:00.005 . Memory (MB): peak = 2184.543 ; gain = 0.000

Starting Physical Synthesis Task

Phase 1 Physical Synthesis Initialization
INFO: [Physopt 32-721] Multithreading enabled for phys_opt_design using a maximum of 4 CPUs
WARNING: [Timing 38-242] The property HD.CLK_SRC of clock port "clk" is not set. In out-of-context mode, this prevents timing estimation for clock delay/skew
Resolution: Set the HD.CLK_SRC property of the out-of-context port to the location of the clock buffer instance in the top-level design
INFO: [Physopt 32-619] Estimated Timing Summary | WNS=-0.804 | TNS=-1053.711 |
Phase 1 Physical Synthesis Initialization | Checksum: f5a3fe3a

Time (s): cpu = 00:00:09 ; elapsed = 00:00:02 . Memory (MB): peak = 2184.543 ; gain = 0.000
INFO: [Physopt 32-619] Estimated Timing Summary | WNS=-0.804 | TNS=-1053.711 |

Phase 2 DSP Register Optimization
INFO: [Physopt 32-456] No candidate cells for DSP register optimization found in the design.
INFO: [Physopt 32-775] End 2 Pass. Optimized 0 net or cell. Created 0 new cell, deleted 0 existing cell and moved 0 existing cell
Phase 2 DSP Register Optimization | Checksum: f5a3fe3a

Time (s): cpu = 00:00:09 ; elapsed = 00:00:02 . Memory (MB): peak = 2184.543 ; gain = 0.000

Phase 3 Critical Path Optimization
INFO: [Physopt 32-619] Estimated Timing Summary | WNS=-0.804 | TNS=-1053.711 |
INFO: [Physopt 32-663] Processed net native_system/queue/queue_reg[2]_517[1648].  Re-placed instance native_system/queue/queue_reg[2][1648]
INFO: [Physopt 32-735] Processed net native_system/queue/queue_reg[2]_517[1648]. Optimization improves timing on the net.
INFO: [Physopt 32-619] Estimated Timing Summary | WNS=-0.804 | TNS=-1053.317 |
INFO: [Physopt 32-663] Processed net native_system/queue/queue_reg[2]_517[458].  Re-placed instance native_system/queue/queue_reg[2][458]
INFO: [Physopt 32-735] Processed net native_system/queue/queue_reg[2]_517[458]. Optimization improves timing on the net.
INFO: [Physopt 32-619] Estimated Timing Summary | WNS=-0.804 | TNS=-1052.923 |
INFO: [Physopt 32-663] Processed net native_system/queue/queue_reg[2]_517[686].  Re-placed instance native_system/queue/queue_reg[2][686]
INFO: [Physopt 32-735] Processed net native_system/queue/queue_reg[2]_517[686]. Optimization improves timing on the net.
INFO: [Physopt 32-619] Estimated Timing Summary | WNS=-0.773 | TNS=-1052.290 |
INFO: [Physopt 32-663] Processed net native_system/queue/queue_reg[2]_517[306].  Re-placed instance native_system/queue/queue_reg[2][306]
INFO: [Physopt 32-735] Processed net native_system/queue/queue_reg[2]_517[306]. Optimization improves timing on the net.
INFO: [Physopt 32-619] Estimated Timing Summary | WNS=-0.769 | TNS=-1052.106 |
INFO: [Physopt 32-663] Processed net native_system/queue/queue_reg[2]_517[1260].  Re-placed instance native_system/queue/queue_reg[2][1260]
INFO: [Physopt 32-735] Processed net native_system/queue/queue_reg[2]_517[1260]. Optimization improves timing on the net.
INFO: [Physopt 32-619] Estimated Timing Summary | WNS=-0.769 | TNS=-1051.926 |
INFO: [Physopt 32-663] Processed net native_system/queue/queue_reg[2]_517[126].  Re-placed instance native_system/queue/queue_reg[2][126]
INFO: [Physopt 32-735] Processed net native_system/queue/queue_reg[2]_517[126]. Optimization improves timing on the net.
INFO: [Physopt 32-619] Estimated Timing Summary | WNS=-0.769 | TNS=-1051.746 |
INFO: [Physopt 32-663] Processed net native_system/queue/queue_reg[2]_517[1702].  Re-placed instance native_system/queue/queue_reg[2][1702]
INFO: [Physopt 32-735] Processed net native_system/queue/queue_reg[2]_517[1702]. Optimization improves timing on the net.
INFO: [Physopt 32-619] Estimated Timing Summary | WNS=-0.769 | TNS=-1051.566 |
INFO: [Physopt 32-663] Processed net native_system/queue/queue_reg[2]_517[1753].  Re-placed instance native_system/queue/queue_reg[2][1753]
INFO: [Physopt 32-735] Processed net native_system/queue/queue_reg[2]_517[1753]. Optimization improves timing on the net.
INFO: [Physopt 32-619] Estimated Timing Summary | WNS=-0.769 | TNS=-1051.386 |
INFO: [Physopt 32-663] Processed net native_system/queue/queue_reg[2]_517[357].  Re-placed instance native_system/queue/queue_reg[2][357]
INFO: [Physopt 32-735] Processed net native_system/queue/queue_reg[2]_517[357]. Optimization improves timing on the net.
INFO: [Physopt 32-619] Estimated Timing Summary | WNS=-0.769 | TNS=-1051.206 |
INFO: [Physopt 32-663] Processed net native_system/queue/queue_reg[2]_517[408].  Re-placed instance native_system/queue/queue_reg[2][408]
INFO: [Physopt 32-735] Processed net native_system/queue/queue_reg[2]_517[408]. Optimization improves timing on the net.
INFO: [Physopt 32-619] Estimated Timing Summary | WNS=-0.769 | TNS=-1051.026 |
INFO: [Physopt 32-663] Processed net native_system/queue/queue_reg[2]_517[474].  Re-placed instance native_system/queue/queue_reg[2][474]
INFO: [Physopt 32-735] Processed net native_system/queue/queue_reg[2]_517[474]. Optimization improves timing on the net.
INFO: [Physopt 32-619] Estimated Timing Summary | WNS=-0.769 | TNS=-1050.846 |
INFO: [Physopt 32-663] Processed net native_system/queue/queue_reg[2]_517[754].  Re-placed instance native_system/queue/queue_reg[2][754]
INFO: [Physopt 32-735] Processed net native_system/queue/queue_reg[2]_517[754]. Optimization improves timing on the net.
INFO: [Physopt 32-619] Estimated Timing Summary | WNS=-0.767 | TNS=-1050.841 |
INFO: [Physopt 32-663] Processed net native_system/queue/queue_reg[2]_517[1193].  Re-placed instance native_system/queue/queue_reg[2][1193]
INFO: [Physopt 32-735] Processed net native_system/queue/queue_reg[2]_517[1193]. Optimization improves timing on the net.
INFO: [Physopt 32-619] Estimated Timing Summary | WNS=-0.767 | TNS=-1050.838 |
INFO: [Physopt 32-663] Processed net native_system/queue/queue_reg[2]_517[226].  Re-placed instance native_system/queue/queue_reg[2][226]
INFO: [Physopt 32-735] Processed net native_system/queue/queue_reg[2]_517[226]. Optimization improves timing on the net.
INFO: [Physopt 32-619] Estimated Timing Summary | WNS=-0.767 | TNS=-1050.835 |
INFO: [Physopt 32-663] Processed net native_system/queue/queue_reg[2]_517[712].  Re-placed instance native_system/queue/queue_reg[2][712]
INFO: [Physopt 32-735] Processed net native_system/queue/queue_reg[2]_517[712]. Optimization improves timing on the net.
INFO: [Physopt 32-619] Estimated Timing Summary | WNS=-0.767 | TNS=-1050.832 |
INFO: [Physopt 32-663] Processed net native_system/queue/queue_reg[2]_517[763].  Re-placed instance native_system/queue/queue_reg[2][763]
INFO: [Physopt 32-735] Processed net native_system/queue/queue_reg[2]_517[763]. Optimization improves timing on the net.
INFO: [Physopt 32-619] Estimated Timing Summary | WNS=-0.764 | TNS=-1050.829 |
INFO: [Physopt 32-702] Processed net native_system/queue/queue_reg[2]_517[1193]. Optimizations did not improve timing on the net.
INFO: [Physopt 32-663] Processed net native_system/queue/count_reg[31]_0[26].  Re-placed instance native_system/queue/count_reg[26]
INFO: [Physopt 32-735] Processed net native_system/queue/count_reg[31]_0[26]. Optimization improves timing on the net.
INFO: [Physopt 32-619] Estimated Timing Summary | WNS=-0.750 | TNS=-982.671 |
INFO: [Physopt 32-663] Processed net native_system/queue/count_reg[31]_0[27].  Re-placed instance native_system/queue/count_reg[27]
INFO: [Physopt 32-735] Processed net native_system/queue/count_reg[31]_0[27]. Optimization improves timing on the net.
INFO: [Physopt 32-619] Estimated Timing Summary | WNS=-0.690 | TNS=-725.654 |
INFO: [Physopt 32-663] Processed net native_system/queue/timer_reg_n_0_[14].  Re-placed instance native_system/queue/timer_reg[14]
INFO: [Physopt 32-735] Processed net native_system/queue/timer_reg_n_0_[14]. Optimization improves timing on the net.
INFO: [Physopt 32-619] Estimated Timing Summary | WNS=-0.684 | TNS=-702.604 |
INFO: [Physopt 32-702] Processed net native_system/queue/count_reg[31]_0[26]. Optimizations did not improve timing on the net.
INFO: [Physopt 32-608] Optimized 1 net.  Swapped 13 pins.
INFO: [Physopt 32-735] Processed net native_system/queue/seq[0][31]_i_2_n_0. Optimization improves timing on the net.
INFO: [Physopt 32-619] Estimated Timing Summary | WNS=-0.577 | TNS=-171.491 |
INFO: [Physopt 32-702] Processed net bridge/s_rdata[31]. Optimizations did not improve timing on the net.
INFO: [Physopt 32-702] Processed net native_system/digital/scheduler/read_frame[31]. Optimizations did not improve timing on the net.
INFO: [Physopt 32-663] Processed net native_system/queue/bus_rdata[26].  Re-placed instance native_system/queue/s_rdata[31]_i_7
INFO: [Physopt 32-735] Processed net native_system/queue/bus_rdata[26]. Optimization improves timing on the net.
INFO: [Physopt 32-619] Estimated Timing Summary | WNS=-0.543 | TNS=-171.411 |
INFO: [Physopt 32-663] Processed net native_system/queue/count_reg[31]_0[16].  Re-placed instance native_system/queue/count_reg[16]
INFO: [Physopt 32-735] Processed net native_system/queue/count_reg[31]_0[16]. Optimization improves timing on the net.
INFO: [Physopt 32-619] Estimated Timing Summary | WNS=-0.543 | TNS=-171.242 |
INFO: [Physopt 32-663] Processed net native_system/queue/count_reg[31]_0[17].  Re-placed instance native_system/queue/count_reg[17]
INFO: [Physopt 32-735] Processed net native_system/queue/count_reg[31]_0[17]. Optimization improves timing on the net.
INFO: [Physopt 32-619] Estimated Timing Summary | WNS=-0.543 | TNS=-171.053 |
INFO: [Physopt 32-663] Processed net native_system/queue/count_reg[31]_0[24].  Re-placed instance native_system/queue/count_reg[24]
INFO: [Physopt 32-735] Processed net native_system/queue/count_reg[31]_0[24]. Optimization improves timing on the net.
INFO: [Physopt 32-619] Estimated Timing Summary | WNS=-0.543 | TNS=-170.900 |
INFO: [Physopt 32-663] Processed net native_system/queue/count_reg[31]_0[25].  Re-placed instance native_system/queue/count_reg[25]
INFO: [Physopt 32-735] Processed net native_system/queue/count_reg[31]_0[25]. Optimization improves timing on the net.
INFO: [Physopt 32-619] Estimated Timing Summary | WNS=-0.535 | TNS=-170.518 |
INFO: [Physopt 32-663] Processed net native_system/queue/count_reg[31]_0[10].  Re-placed instance native_system/queue/count_reg[10]
INFO: [Physopt 32-735] Processed net native_system/queue/count_reg[31]_0[10]. Optimization improves timing on the net.
INFO: [Physopt 32-619] Estimated Timing Summary | WNS=-0.535 | TNS=-170.144 |
INFO: [Physopt 32-663] Processed net native_system/queue/count_reg[31]_0[11].  Re-placed instance native_system/queue/count_reg[11]
INFO: [Physopt 32-735] Processed net native_system/queue/count_reg[31]_0[11]. Optimization improves timing on the net.
INFO: [Physopt 32-619] Estimated Timing Summary | WNS=-0.535 | TNS=-169.770 |
INFO: [Physopt 32-663] Processed net native_system/queue/count_reg[31]_0[4].  Re-placed instance native_system/queue/count_reg[4]
INFO: [Physopt 32-735] Processed net native_system/queue/count_reg[31]_0[4]. Optimization improves timing on the net.
INFO: [Physopt 32-619] Estimated Timing Summary | WNS=-0.535 | TNS=-169.396 |
INFO: [Physopt 32-663] Processed net native_system/queue/count_reg[31]_0[5].  Re-placed instance native_system/queue/count_reg[5]
INFO: [Physopt 32-735] Processed net native_system/queue/count_reg[31]_0[5]. Optimization improves timing on the net.
INFO: [Physopt 32-619] Estimated Timing Summary | WNS=-0.535 | TNS=-169.130 |
INFO: [Physopt 32-663] Processed net native_system/queue/count_reg[31]_0[6].  Re-placed instance native_system/queue/count_reg[6]
INFO: [Physopt 32-735] Processed net native_system/queue/count_reg[31]_0[6]. Optimization improves timing on the net.
INFO: [Physopt 32-619] Estimated Timing Summary | WNS=-0.535 | TNS=-168.864 |
INFO: [Physopt 32-663] Processed net native_system/queue/count_reg[31]_0[7].  Re-placed instance native_system/queue/count_reg[7]
INFO: [Physopt 32-735] Processed net native_system/queue/count_reg[31]_0[7]. Optimization improves timing on the net.
INFO: [Physopt 32-619] Estimated Timing Summary | WNS=-0.497 | TNS=-168.598 |
INFO: [Physopt 32-608] Optimized 1 net.  Swapped 6 pins.
INFO: [Physopt 32-735] Processed net native_system/queue/bus_rdata[26]. Optimization improves timing on the net.
INFO: [Physopt 32-619] Estimated Timing Summary | WNS=-0.475 | TNS=-168.507 |
INFO: [Physopt 32-663] Processed net native_system/digital/scheduler/scan_state[1].  Re-placed instance native_system/digital/scheduler/state_reg[2]
INFO: [Physopt 32-735] Processed net native_system/digital/scheduler/scan_state[1]. Optimization improves timing on the net.
INFO: [Physopt 32-619] Estimated Timing Summary | WNS=-0.452 | TNS=-168.426 |
INFO: [Physopt 32-702] Processed net native_system/queue/seq[0][31]_i_2_n_0. Optimizations did not improve timing on the net.
INFO: [Physopt 32-702] Processed net native_system/queue/count[31]_i_5__0_n_0. Optimizations did not improve timing on the net.
INFO: [Physopt 32-702] Processed net native_system/queue/push. Optimizations did not improve timing on the net.
INFO: [Physopt 32-608] Optimized 1 net.  Swapped 22 pins.
INFO: [Physopt 32-735] Processed net native_system/queue/pop0. Optimization improves timing on the net.
INFO: [Physopt 32-619] Estimated Timing Summary | WNS=-0.450 | TNS=-166.182 |
INFO: [Physopt 32-663] Processed net native_system/queue/timer_reg_n_0_[2].  Re-placed instance native_system/queue/timer_reg[2]
INFO: [Physopt 32-735] Processed net native_system/queue/timer_reg_n_0_[2]. Optimization improves timing on the net.
INFO: [Physopt 32-619] Estimated Timing Summary | WNS=-0.415 | TNS=-124.337 |
INFO: [Physopt 32-663] Processed net native_system/digital/scheduler/state_reg[1]_0.  Re-placed instance native_system/digital/scheduler/state_reg[1]
INFO: [Physopt 32-735] Processed net native_system/digital/scheduler/state_reg[1]_0. Optimization improves timing on the net.
INFO: [Physopt 32-619] Estimated Timing Summary | WNS=-0.410 | TNS=-123.922 |
INFO: [Physopt 32-663] Processed net native_system/queue/count_reg[31]_0[3].  Re-placed instance native_system/queue/count_reg[3]
INFO: [Physopt 32-735] Processed net native_system/queue/count_reg[31]_0[3]. Optimization improves timing on the net.
INFO: [Physopt 32-619] Estimated Timing Summary | WNS=-0.406 | TNS=-91.001 |
INFO: [Physopt 32-702] Processed net native_system/queue/bus_rdata[26]. Optimizations did not improve timing on the net.
INFO: [Physopt 32-663] Processed net native_system/queue/s_rdata[31]_i_15_n_0.  Re-placed instance native_system/queue/s_rdata[31]_i_15
INFO: [Physopt 32-735] Processed net native_system/queue/s_rdata[31]_i_15_n_0. Optimization improves timing on the net.
INFO: [Physopt 32-619] Estimated Timing Summary | WNS=-0.394 | TNS=-90.820 |
INFO: [Physopt 32-702] Processed net native_system/digital/scheduler/scan_state[1]. Optimizations did not improve timing on the net.
INFO: [Physopt 32-663] Processed net native_system/digital/cfg_reg_n_0_[9][0].  Re-placed instance native_system/digital/cfg_reg[9][0]
INFO: [Physopt 32-735] Processed net native_system/digital/cfg_reg_n_0_[9][0]. Optimization improves timing on the net.
INFO: [Physopt 32-619] Estimated Timing Summary | WNS=-0.365 | TNS=-84.616 |
INFO: [Physopt 32-663] Processed net native_system/queue/timer_reg_n_0_[10].  Re-placed instance native_system/queue/timer_reg[10]
INFO: [Physopt 32-735] Processed net native_system/queue/timer_reg_n_0_[10]. Optimization improves timing on the net.
INFO: [Physopt 32-619] Estimated Timing Summary | WNS=-0.354 | TNS=-78.827 |
INFO: [Physopt 32-663] Processed net native_system/queue/timer_reg_n_0_[3].  Re-placed instance native_system/queue/timer_reg[3]
INFO: [Physopt 32-735] Processed net native_system/queue/timer_reg_n_0_[3]. Optimization improves timing on the net.
INFO: [Physopt 32-619] Estimated Timing Summary | WNS=-0.347 | TNS=-75.494 |
INFO: [Physopt 32-663] Processed net native_system/queue/count_reg[31]_0[6].  Re-placed instance native_system/queue/count_reg[6]
INFO: [Physopt 32-735] Processed net native_system/queue/count_reg[31]_0[6]. Optimization improves timing on the net.
INFO: [Physopt 32-619] Estimated Timing Summary | WNS=-0.333 | TNS=-69.041 |
INFO: [Physopt 32-663] Processed net native_system/queue/count_reg[31]_0[10].  Re-placed instance native_system/queue/count_reg[10]
INFO: [Physopt 32-735] Processed net native_system/queue/count_reg[31]_0[10]. Optimization improves timing on the net.
INFO: [Physopt 32-619] Estimated Timing Summary | WNS=-0.323 | TNS=-64.919 |
INFO: [Physopt 32-663] Processed net native_system/queue/next_sequence_reg_n_0_[5].  Re-placed instance native_system/queue/next_sequence_reg[5]
INFO: [Physopt 32-735] Processed net native_system/queue/next_sequence_reg_n_0_[5]. Optimization improves timing on the net.
INFO: [Physopt 32-619] Estimated Timing Summary | WNS=-0.319 | TNS=-63.271 |
INFO: [Physopt 32-663] Processed net native_system/queue/count_reg[31]_0[7].  Re-placed instance native_system/queue/count_reg[7]
INFO: [Physopt 32-735] Processed net native_system/queue/count_reg[31]_0[7]. Optimization improves timing on the net.
INFO: [Physopt 32-619] Estimated Timing Summary | WNS=-0.315 | TNS=-61.515 |
INFO: [Physopt 32-702] Processed net native_system/queue/timer_reg_n_0_[14]. Optimizations did not improve timing on the net.
INFO: [Physopt 32-702] Processed net native_system/queue/p_30_in. Optimizations did not improve timing on the net.
INFO: [Physopt 32-608] Optimized 1 net.  Swapped 19 pins.
INFO: [Physopt 32-735] Processed net native_system/queue/p_28_in. Optimization improves timing on the net.
INFO: [Physopt 32-619] Estimated Timing Summary | WNS=-0.313 | TNS=-60.697 |
INFO: [Physopt 32-663] Processed net native_system/queue/next_sequence_reg_n_0_[0].  Re-placed instance native_system/queue/next_sequence_reg[0]
INFO: [Physopt 32-735] Processed net native_system/queue/next_sequence_reg_n_0_[0]. Optimization improves timing on the net.
INFO: [Physopt 32-619] Estimated Timing Summary | WNS=-0.310 | TNS=-59.478 |
INFO: [Physopt 32-702] Processed net native_system/queue/count_reg[31]_0[22]. Optimizations did not improve timing on the net.
INFO: [Physopt 32-608] Optimized 1 net.  Swapped 20 pins.
INFO: [Physopt 32-735] Processed net native_system/queue/frame_ready1. Optimization improves timing on the net.
INFO: [Physopt 32-619] Estimated Timing Summary | WNS=-0.302 | TNS=-49.015 |
INFO: [Physopt 32-663] Processed net native_system/digital/cfg_reg_n_0_[9][7].  Re-placed instance native_system/digital/cfg_reg[9][7]
INFO: [Physopt 32-735] Processed net native_system/digital/cfg_reg_n_0_[9][7]. Optimization improves timing on the net.
INFO: [Physopt 32-619] Estimated Timing Summary | WNS=-0.284 | TNS=-46.080 |
INFO: [Physopt 32-702] Processed net native_system/queue/count_reg[31]_0[11]. Optimizations did not improve timing on the net.
INFO: [Physopt 32-702] Processed net native_system/queue/pop0. Optimizations did not improve timing on the net.
INFO: [Physopt 32-702] Processed net native_system/queue/frame_ready_INST_0_i_8_n_0. Optimizations did not improve timing on the net.
INFO: [Physopt 32-608] Optimized 1 net.  Swapped 21 pins.
INFO: [Physopt 32-735] Processed net native_system/queue/frame_ready_INST_0_i_18_n_0. Optimization improves timing on the net.
INFO: [Physopt 32-619] Estimated Timing Summary | WNS=-0.265 | TNS=-38.904 |
INFO: [Physopt 32-663] Processed net native_system/queue/timer_reg_n_0_[2].  Re-placed instance native_system/queue/timer_reg[2]
INFO: [Physopt 32-735] Processed net native_system/queue/timer_reg_n_0_[2]. Optimization improves timing on the net.
INFO: [Physopt 32-619] Estimated Timing Summary | WNS=-0.249 | TNS=-31.418 |
INFO: [Physopt 32-663] Processed net native_system/digital/cfg_reg_n_0_[9][2].  Re-placed instance native_system/digital/cfg_reg[9][2]
INFO: [Physopt 32-735] Processed net native_system/digital/cfg_reg_n_0_[9][2]. Optimization improves timing on the net.
INFO: [Physopt 32-619] Estimated Timing Summary | WNS=-0.247 | TNS=-31.324 |
INFO: [Physopt 32-702] Processed net native_system/digital/cfg_reg_n_0_[10][8]. Optimizations did not improve timing on the net.
INFO: [Physopt 32-663] Processed net native_system/digital/scheduler/state[2]_i_3_n_0.  Re-placed instance native_system/digital/scheduler/state[2]_i_3
INFO: [Physopt 32-735] Processed net native_system/digital/scheduler/state[2]_i_3_n_0. Optimization improves timing on the net.
INFO: [Physopt 32-619] Estimated Timing Summary | WNS=-0.242 | TNS=-31.117 |
INFO: [Physopt 32-663] Processed net native_system/digital/native_error.  Re-placed instance native_system/digital/bus_error_reg
INFO: [Physopt 32-735] Processed net native_system/digital/native_error. Optimization improves timing on the net.
INFO: [Physopt 32-619] Estimated Timing Summary | WNS=-0.240 | TNS=-30.601 |
INFO: [Physopt 32-663] Processed net native_system/queue/timer_reg_n_0_[16].  Re-placed instance native_system/queue/timer_reg[16]
INFO: [Physopt 32-735] Processed net native_system/queue/timer_reg_n_0_[16]. Optimization improves timing on the net.
INFO: [Physopt 32-619] Estimated Timing Summary | WNS=-0.240 | TNS=-30.393 |
INFO: [Physopt 32-663] Processed net native_system/queue/timer_reg_n_0_[20].  Re-placed instance native_system/queue/timer_reg[20]
INFO: [Physopt 32-735] Processed net native_system/queue/timer_reg_n_0_[20]. Optimization improves timing on the net.
INFO: [Physopt 32-619] Estimated Timing Summary | WNS=-0.240 | TNS=-30.311 |
INFO: [Physopt 32-663] Processed net native_system/queue/timer_reg_n_0_[21].  Re-placed instance native_system/queue/timer_reg[21]
INFO: [Physopt 32-735] Processed net native_system/queue/timer_reg_n_0_[21]. Optimization improves timing on the net.
INFO: [Physopt 32-619] Estimated Timing Summary | WNS=-0.240 | TNS=-30.308 |
INFO: [Physopt 32-663] Processed net native_system/queue/timer_reg_n_0_[0].  Re-placed instance native_system/queue/timer_reg[0]
INFO: [Physopt 32-735] Processed net native_system/queue/timer_reg_n_0_[0]. Optimization improves timing on the net.
INFO: [Physopt 32-619] Estimated Timing Summary | WNS=-0.237 | TNS=-28.994 |
INFO: [Physopt 32-663] Processed net native_system/queue/timer_reg_n_0_[21].  Re-placed instance native_system/queue/timer_reg[21]
INFO: [Physopt 32-735] Processed net native_system/queue/timer_reg_n_0_[21]. Optimization improves timing on the net.
INFO: [Physopt 32-619] Estimated Timing Summary | WNS=-0.237 | TNS=-28.879 |
INFO: [Physopt 32-702] Processed net native_system/queue/timer_reg_n_0_[2]. Optimizations did not improve timing on the net.
INFO: [Physopt 32-702] Processed net native_system/queue/count_reg[31]_0[29]. Optimizations did not improve timing on the net.
INFO: [Physopt 32-702] Processed net native_system/queue/timer[21]_i_4_n_0. Optimizations did not improve timing on the net.
INFO: [Physopt 32-702] Processed net native_system/queue/timer[21]_i_9_n_0. Optimizations did not improve timing on the net.
INFO: [Physopt 32-663] Processed net native_system/queue/timer[21]_i_18_n_0.  Re-placed instance native_system/queue/timer[21]_i_18
INFO: [Physopt 32-735] Processed net native_system/queue/timer[21]_i_18_n_0. Optimization improves timing on the net.
INFO: [Physopt 32-619] Estimated Timing Summary | WNS=-0.235 | TNS=-27.869 |
INFO: [Physopt 32-702] Processed net native_system/queue/timer_reg_n_0_[11]. Optimizations did not improve timing on the net.
INFO: [Physopt 32-702] Processed net native_system/queue/p_28_in. Optimizations did not improve timing on the net.
INFO: [Physopt 32-702] Processed net native_system/queue/frame_ready_INST_0_i_19_n_0. Optimizations did not improve timing on the net.
INFO: [Physopt 32-663] Processed net native_system/queue/seq[2][31]_i_1_n_0.  Re-placed instance native_system/queue/seq[2][31]_i_1
INFO: [Physopt 32-735] Processed net native_system/queue/seq[2][31]_i_1_n_0. Optimization improves timing on the net.
INFO: [Physopt 32-619] Estimated Timing Summary | WNS=-0.228 | TNS=-24.085 |
INFO: [Physopt 32-663] Processed net native_system/digital/scheduler/frame_count[3].  Re-placed instance native_system/digital/scheduler/frame_count_reg[3]
INFO: [Physopt 32-735] Processed net native_system/digital/scheduler/frame_count[3]. Optimization improves timing on the net.
INFO: [Physopt 32-619] Estimated Timing Summary | WNS=-0.228 | TNS=-23.874 |
INFO: [Physopt 32-619] Estimated Timing Summary | WNS=-0.228 | TNS=-23.874 |
Netlist sorting complete. Time (s): cpu = 00:00:00 ; elapsed = 00:00:00.016 . Memory (MB): peak = 2184.543 ; gain = 0.000
Phase 3 Critical Path Optimization | Checksum: 536179b1

Time (s): cpu = 00:00:33 ; elapsed = 00:00:12 . Memory (MB): peak = 2184.543 ; gain = 0.000

Phase 4 Critical Path Optimization
INFO: [Physopt 32-619] Estimated Timing Summary | WNS=-0.228 | TNS=-23.874 |
INFO: [Physopt 32-663] Processed net native_system/digital/scheduler/frame_count_reg[8]_0[0].  Re-placed instance native_system/digital/scheduler/frame_count_reg[8]
INFO: [Physopt 32-735] Processed net native_system/digital/scheduler/frame_count_reg[8]_0[0]. Optimization improves timing on the net.
INFO: [Physopt 32-619] Estimated Timing Summary | WNS=-0.225 | TNS=-23.663 |
INFO: [Physopt 32-702] Processed net bridge/s_rdata[31]. Optimizations did not improve timing on the net.
INFO: [Physopt 32-702] Processed net native_system/digital/scheduler/read_frame[31]. Optimizations did not improve timing on the net.
INFO: [Physopt 32-702] Processed net native_system/queue/bus_rdata[26]. Optimizations did not improve timing on the net.
INFO: [Physopt 32-710] Processed net native_system/queue/bus_rdata[26]. Critical path length was reduced through logic transformation on cell native_system/queue/s_rdata[31]_i_7_comp.
INFO: [Physopt 32-735] Processed net native_system/queue/s_rdata[31]_i_15_n_0. Optimization improves timing on the net.
INFO: [Physopt 32-619] Estimated Timing Summary | WNS=-0.223 | TNS=-23.438 |
INFO: [Physopt 32-702] Processed net bridge/s_rdata[3]. Optimizations did not improve timing on the net.
INFO: [Physopt 32-663] Processed net native_system/queue/running_reg_1.  Re-placed instance native_system/queue/running_reg
INFO: [Physopt 32-735] Processed net native_system/queue/running_reg_1. Optimization improves timing on the net.
INFO: [Physopt 32-619] Estimated Timing Summary | WNS=-0.194 | TNS=-22.367 |
INFO: [Physopt 32-702] Processed net native_system/queue/count_reg[31]_0[10]. Optimizations did not improve timing on the net.
INFO: [Physopt 32-663] Processed net native_system/queue/timer_reg_n_0_[11].  Re-placed instance native_system/queue/timer_reg[11]
INFO: [Physopt 32-735] Processed net native_system/queue/timer_reg_n_0_[11]. Optimization improves timing on the net.
INFO: [Physopt 32-619] Estimated Timing Summary | WNS=-0.192 | TNS=-21.885 |
INFO: [Physopt 32-702] Processed net native_system/queue/count_reg[31]_0[6]. Optimizations did not improve timing on the net.
INFO: [Physopt 32-710] Processed net native_system/queue/count[31]_i_1__0_n_0. Critical path length was reduced through logic transformation on cell native_system/queue/count[31]_i_1__0_comp.
INFO: [Physopt 32-735] Processed net native_system/queue/count[31]_i_6__0_n_0. Optimization improves timing on the net.
INFO: [Physopt 32-619] Estimated Timing Summary | WNS=-0.188 | TNS=-17.973 |
INFO: [Physopt 32-702] Processed net native_system/queue/timer_reg_n_0_[2]. Optimizations did not improve timing on the net.
INFO: [Physopt 32-663] Processed net native_system/queue/count_reg[31]_0[29].  Re-placed instance native_system/queue/count_reg[29]
INFO: [Physopt 32-735] Processed net native_system/queue/count_reg[31]_0[29]. Optimization improves timing on the net.
INFO: [Physopt 32-619] Estimated Timing Summary | WNS=-0.183 | TNS=-17.245 |
INFO: [Physopt 32-663] Processed net native_system/digital/scheduler/wait_count_reg_n_0_[3].  Re-placed instance native_system/digital/scheduler/wait_count_reg[3]
INFO: [Physopt 32-735] Processed net native_system/digital/scheduler/wait_count_reg_n_0_[3]. Optimization improves timing on the net.
INFO: [Physopt 32-619] Estimated Timing Summary | WNS=-0.179 | TNS=-17.062 |
INFO: [Physopt 32-663] Processed net native_system/queue/queue_reg[2]_517[1778].  Re-placed instance native_system/queue/queue_reg[2][1778]
INFO: [Physopt 32-735] Processed net native_system/queue/queue_reg[2]_517[1778]. Optimization improves timing on the net.
INFO: [Physopt 32-619] Estimated Timing Summary | WNS=-0.177 | TNS=-16.909 |
INFO: [Physopt 32-702] Processed net bridge/s_rdata[24]. Optimizations did not improve timing on the net.
INFO: [Physopt 32-702] Processed net native_system/digital/scheduler/read_frame[24]. Optimizations did not improve timing on the net.
INFO: [Physopt 32-702] Processed net native_system/queue/bus_rdata[19]. Optimizations did not improve timing on the net.
INFO: [Physopt 32-710] Processed net native_system/queue/bus_rdata[19]. Critical path length was reduced through logic transformation on cell native_system/queue/s_rdata[24]_i_2_comp.
INFO: [Physopt 32-735] Processed net native_system/queue/s_rdata[24]_i_4_n_0. Optimization improves timing on the net.
INFO: [Physopt 32-619] Estimated Timing Summary | WNS=-0.177 | TNS=-16.732 |
INFO: [Physopt 32-663] Processed net native_system/queue/queue_reg[2]_517[242].  Re-placed instance native_system/queue/queue_reg[2][242]
INFO: [Physopt 32-735] Processed net native_system/queue/queue_reg[2]_517[242]. Optimization improves timing on the net.
INFO: [Physopt 32-619] Estimated Timing Summary | WNS=-0.177 | TNS=-16.581 |
INFO: [Physopt 32-663] Processed net native_system/queue/queue_reg[2]_517[282].  Re-placed instance native_system/queue/queue_reg[2][282]
INFO: [Physopt 32-735] Processed net native_system/queue/queue_reg[2]_517[282]. Optimization improves timing on the net.
INFO: [Physopt 32-619] Estimated Timing Summary | WNS=-0.177 | TNS=-16.430 |
INFO: [Physopt 32-663] Processed net native_system/queue/queue_reg[2]_517[55].  Re-placed instance native_system/queue/queue_reg[2][55]
INFO: [Physopt 32-735] Processed net native_system/queue/queue_reg[2]_517[55]. Optimization improves timing on the net.
INFO: [Physopt 32-619] Estimated Timing Summary | WNS=-0.177 | TNS=-16.279 |
INFO: [Physopt 32-663] Processed net native_system/queue/queue_reg[2]_517[921].  Re-placed instance native_system/queue/queue_reg[2][921]
INFO: [Physopt 32-735] Processed net native_system/queue/queue_reg[2]_517[921]. Optimization improves timing on the net.
INFO: [Physopt 32-619] Estimated Timing Summary | WNS=-0.154 | TNS=-16.128 |
INFO: [Physopt 32-702] Processed net native_system/queue/count_reg[31]_0[29]. Optimizations did not improve timing on the net.
INFO: [Physopt 32-710] Processed net native_system/queue/count[31]_i_1__0_n_0. Critical path length was reduced through logic transformation on cell native_system/queue/count[31]_i_1__0_comp_1.
INFO: [Physopt 32-735] Processed net native_system/queue/count[31]_i_9__0_n_0. Optimization improves timing on the net.
INFO: [Physopt 32-619] Estimated Timing Summary | WNS=-0.149 | TNS=-15.770 |
INFO: [Physopt 32-663] Processed net native_system/queue/queue_reg[2]_517[1634].  Re-placed instance native_system/queue/queue_reg[2][1634]
INFO: [Physopt 32-735] Processed net native_system/queue/queue_reg[2]_517[1634]. Optimization improves timing on the net.
INFO: [Physopt 32-619] Estimated Timing Summary | WNS=-0.149 | TNS=-15.647 |
INFO: [Physopt 32-663] Processed net native_system/queue/queue_reg[2]_517[1787].  Re-placed instance native_system/queue/queue_reg[2][1787]
INFO: [Physopt 32-735] Processed net native_system/queue/queue_reg[2]_517[1787]. Optimization improves timing on the net.
INFO: [Physopt 32-619] Estimated Timing Summary | WNS=-0.149 | TNS=-15.524 |
INFO: [Physopt 32-663] Processed net native_system/queue/queue_reg[2]_517[1838].  Re-placed instance native_system/queue/queue_reg[2][1838]
INFO: [Physopt 32-735] Processed net native_system/queue/queue_reg[2]_517[1838]. Optimization improves timing on the net.
INFO: [Physopt 32-619] Estimated Timing Summary | WNS=-0.149 | TNS=-15.401 |
INFO: [Physopt 32-663] Processed net native_system/queue/queue_reg[2]_517[1872].  Re-placed instance native_system/queue/queue_reg[2][1872]
INFO: [Physopt 32-735] Processed net native_system/queue/queue_reg[2]_517[1872]. Optimization improves timing on the net.
INFO: [Physopt 32-619] Estimated Timing Summary | WNS=-0.149 | TNS=-15.252 |
INFO: [Physopt 32-663] Processed net native_system/queue/queue_reg[2]_517[210].  Re-placed instance native_system/queue/queue_reg[2][210]
INFO: [Physopt 32-735] Processed net native_system/queue/queue_reg[2]_517[210]. Optimization improves timing on the net.
INFO: [Physopt 32-619] Estimated Timing Summary | WNS=-0.142 | TNS=-15.103 |
INFO: [Physopt 32-702] Processed net bridge/s_rdata[21]. Optimizations did not improve timing on the net.
INFO: [Physopt 32-702] Processed net native_system/digital/scheduler/read_frame[53]. Optimizations did not improve timing on the net.
INFO: [Physopt 32-702] Processed net native_system/queue/bus_rdata[16]. Optimizations did not improve timing on the net.
INFO: [Physopt 32-608] Optimized 1 net.  Swapped 24 pins.
INFO: [Physopt 32-735] Processed net native_system/queue/s_rdata[21]_i_4_n_0. Optimization improves timing on the net.
INFO: [Physopt 32-619] Estimated Timing Summary | WNS=-0.139 | TNS=-14.961 |
INFO: [Physopt 32-663] Processed net native_system/queue/count_reg[31]_0[30].  Re-placed instance native_system/queue/count_reg[30]
INFO: [Physopt 32-735] Processed net native_system/queue/count_reg[31]_0[30]. Optimization improves timing on the net.
INFO: [Physopt 32-619] Estimated Timing Summary | WNS=-0.138 | TNS=-13.862 |
INFO: [Physopt 32-663] Processed net native_system/queue/queue_reg[2]_517[1073].  Re-placed instance native_system/queue/queue_reg[2][1073]
INFO: [Physopt 32-735] Processed net native_system/queue/queue_reg[2]_517[1073]. Optimization improves timing on the net.
INFO: [Physopt 32-619] Estimated Timing Summary | WNS=-0.138 | TNS=-13.724 |
INFO: [Physopt 32-663] Processed net native_system/queue/queue_reg[2]_517[1145].  Re-placed instance native_system/queue/queue_reg[2][1145]
INFO: [Physopt 32-735] Processed net native_system/queue/queue_reg[2]_517[1145]. Optimization improves timing on the net.
INFO: [Physopt 32-619] Estimated Timing Summary | WNS=-0.138 | TNS=-13.586 |
INFO: [Physopt 32-663] Processed net native_system/queue/queue_reg[2]_517[1201].  Re-placed instance native_system/queue/queue_reg[2][1201]
INFO: [Physopt 32-735] Processed net native_system/queue/queue_reg[2]_517[1201]. Optimization improves timing on the net.
INFO: [Physopt 32-619] Estimated Timing Summary | WNS=-0.138 | TNS=-13.448 |
INFO: [Physopt 32-663] Processed net native_system/queue/queue_reg[2]_517[1847].  Re-placed instance native_system/queue/queue_reg[2][1847]
INFO: [Physopt 32-735] Processed net native_system/queue/queue_reg[2]_517[1847]. Optimization improves timing on the net.
INFO: [Physopt 32-619] Estimated Timing Summary | WNS=-0.138 | TNS=-13.310 |
INFO: [Physopt 32-663] Processed net native_system/queue/queue_reg[2]_517[2051].  Re-placed instance native_system/queue/queue_reg[2][2051]
INFO: [Physopt 32-735] Processed net native_system/queue/queue_reg[2]_517[2051]. Optimization improves timing on the net.
INFO: [Physopt 32-619] Estimated Timing Summary | WNS=-0.138 | TNS=-13.172 |
INFO: [Physopt 32-663] Processed net native_system/queue/queue_reg[2]_517[632].  Re-placed instance native_system/queue/queue_reg[2][632]
INFO: [Physopt 32-735] Processed net native_system/queue/queue_reg[2]_517[632]. Optimization improves timing on the net.
INFO: [Physopt 32-619] Estimated Timing Summary | WNS=-0.138 | TNS=-13.034 |
INFO: [Physopt 32-663] Processed net native_system/queue/queue_reg[2]_517[836].  Re-placed instance native_system/queue/queue_reg[2][836]
INFO: [Physopt 32-735] Processed net native_system/queue/queue_reg[2]_517[836]. Optimization improves timing on the net.
INFO: [Physopt 32-619] Estimated Timing Summary | WNS=-0.138 | TNS=-12.896 |
INFO: [Physopt 32-663] Processed net native_system/queue/seq_reg[2]_513[15].  Re-placed instance native_system/queue/seq_reg[2][15]
INFO: [Physopt 32-735] Processed net native_system/queue/seq_reg[2]_513[15]. Optimization improves timing on the net.
INFO: [Physopt 32-619] Estimated Timing Summary | WNS=-0.138 | TNS=-12.758 |
INFO: [Physopt 32-663] Processed net native_system/digital/scheduler/wait_count_reg_n_0_[0].  Re-placed instance native_system/digital/scheduler/wait_count_reg[0]
INFO: [Physopt 32-735] Processed net native_system/digital/scheduler/wait_count_reg_n_0_[0]. Optimization improves timing on the net.
INFO: [Physopt 32-619] Estimated Timing Summary | WNS=-0.138 | TNS=-12.620 |
INFO: [Physopt 32-663] Processed net native_system/digital/scheduler/wait_count_reg_n_0_[10].  Re-placed instance native_system/digital/scheduler/wait_count_reg[10]
INFO: [Physopt 32-735] Processed net native_system/digital/scheduler/wait_count_reg_n_0_[10]. Optimization improves timing on the net.
INFO: [Physopt 32-619] Estimated Timing Summary | WNS=-0.138 | TNS=-12.482 |
INFO: [Physopt 32-663] Processed net native_system/digital/scheduler/wait_count_reg_n_0_[12].  Re-placed instance native_system/digital/scheduler/wait_count_reg[12]
INFO: [Physopt 32-735] Processed net native_system/digital/scheduler/wait_count_reg_n_0_[12]. Optimization improves timing on the net.
INFO: [Physopt 32-619] Estimated Timing Summary | WNS=-0.138 | TNS=-12.344 |
INFO: [Physopt 32-663] Processed net native_system/digital/scheduler/wait_count_reg_n_0_[1].  Re-placed instance native_system/digital/scheduler/wait_count_reg[1]
INFO: [Physopt 32-735] Processed net native_system/digital/scheduler/wait_count_reg_n_0_[1]. Optimization improves timing on the net.
INFO: [Physopt 32-619] Estimated Timing Summary | WNS=-0.138 | TNS=-12.206 |
INFO: [Common 17-14] Message 'Physopt 32-619' appears 100 times and further instances of the messages will be disabled. Use the Tcl command set_msg_config to change the current settings.
Netlist sorting complete. Time (s): cpu = 00:00:00 ; elapsed = 00:00:00.055 . Memory (MB): peak = 2184.543 ; gain = 0.000
Phase 4 Critical Path Optimization | Checksum: 145b97150

Time (s): cpu = 00:00:40 ; elapsed = 00:00:14 . Memory (MB): peak = 2184.543 ; gain = 0.000
Netlist sorting complete. Time (s): cpu = 00:00:00 ; elapsed = 00:00:00.005 . Memory (MB): peak = 2184.543 ; gain = 0.000
INFO: [Physopt 32-603] Post Physical Optimization Timing Summary | WNS=-0.138 | TNS=-12.206 |

Summary of Physical Synthesis Optimizations
============================================


-------------------------------------------------------------------------------------------------------------------------------------------------------------
|  Optimization   |  WNS Gain (ns)  |  TNS Gain (ns)  |  Added Cells  |  Removed Cells  |  Optimized Cells/Nets  |  Dont Touch  |  Iterations  |  Elapsed   |
-------------------------------------------------------------------------------------------------------------------------------------------------------------
|  DSP Register   |          0.000  |          0.000  |            0  |              0  |                     0  |           0  |           1  |  00:00:00  |
|  Critical Path  |          0.666  |       1041.505  |            0  |              0  |                    95  |           0  |           2  |  00:00:12  |
|  Total          |          0.666  |       1041.505  |            0  |              0  |                    95  |           0  |           3  |  00:00:12  |
-------------------------------------------------------------------------------------------------------------------------------------------------------------


Netlist sorting complete. Time (s): cpu = 00:00:00 ; elapsed = 00:00:00.007 . Memory (MB): peak = 2184.543 ; gain = 0.000
Ending Physical Synthesis Task | Checksum: 17d820215

Time (s): cpu = 00:00:41 ; elapsed = 00:00:14 . Memory (MB): peak = 2184.543 ; gain = 0.000
INFO: [Common 17-83] Releasing license: Implementation
343 Infos, 3 Warnings, 0 Critical Warnings and 0 Errors encountered.
phys_opt_design completed successfully
phys_opt_design: Time (s): cpu = 00:00:41 ; elapsed = 00:00:14 . Memory (MB): peak = 2184.543 ; gain = 0.000
Command: route_design
Attempting to get a license for feature 'Implementation' and/or device 'xc7z020'
INFO: [Common 17-349] Got license for feature 'Implementation' and/or device 'xc7z020'
INFO: [DRC 23-27] Running DRC with 4 threads
WARNING: [DRC 23-814] Not all possible (connectivity based) DRCs may have been run because this design is seen as Out of Context.
INFO: [Vivado_Tcl 4-198] DRC finished with 0 Errors
INFO: [Vivado_Tcl 4-199] Please refer to the DRC report (report_drc) for more information.


Starting Routing Task
INFO: [Route 35-254] Multithreading enabled for route_design using a maximum of 4 CPUs

Phase 1 Build RT Design
Checksum: PlaceDB: 3c7addce ConstDB: 0 ShapeSum: 7eeaf63e RouteDB: 15f972f0
WARNING: [Route 35-197] Clock port "clk" does not have an associated HD.CLK_SRC. Without this constraint, timing analysis may not be accurate and upstream checks cannot be done to ensure correct clock placement.
WARNING: [Route 35-198] Port "frame_data[1789]" does not have an associated HD.PARTPIN_LOCS, which will prevent the partial routing of the signal "frame_data[1789]". Without this partial route, timing analysis to/from this port will not be accurate, and no routing information for this port can be exported.
WARNING: [Route 35-198] Port "frame_data[1653]" does not have an associated HD.PARTPIN_LOCS, which will prevent the partial routing of the signal "frame_data[1653]". Without this partial route, timing analysis to/from this port will not be accurate, and no routing information for this port can be exported.
WARNING: [Route 35-198] Port "frame_data[2159]" does not have an associated HD.PARTPIN_LOCS, which will prevent the partial routing of the signal "frame_data[2159]". Without this partial route, timing analysis to/from this port will not be accurate, and no routing information for this port can be exported.
WARNING: [Route 35-198] Port "frame_data[1898]" does not have an associated HD.PARTPIN_LOCS, which will prevent the partial routing of the signal "frame_data[1898]". Without this partial route, timing analysis to/from this port will not be accurate, and no routing information for this port can be exported.
WARNING: [Route 35-198] Port "frame_data[1841]" does not have an associated HD.PARTPIN_LOCS, which will prevent the partial routing of the signal "frame_data[1841]". Without this partial route, timing analysis to/from this port will not be accurate, and no routing information for this port can be exported.
WARNING: [Route 35-198] Port "frame_data[1840]" does not have an associated HD.PARTPIN_LOCS, which will prevent the partial routing of the signal "frame_data[1840]". Without this partial route, timing analysis to/from this port will not be accurate, and no routing information for this port can be exported.
WARNING: [Route 35-198] Port "frame_data[1821]" does not have an associated HD.PARTPIN_LOCS, which will prevent the partial routing of the signal "frame_data[1821]". Without this partial route, timing analysis to/from this port will not be accurate, and no routing information for this port can be exported.
WARNING: [Route 35-198] Port "frame_data[1706]" does not have an associated HD.PARTPIN_LOCS, which will prevent the partial routing of the signal "frame_data[1706]". Without this partial route, timing analysis to/from this port will not be accurate, and no routing information for this port can be exported.
WARNING: [Route 35-198] Port "frame_data[452]" does not have an associated HD.PARTPIN_LOCS, which will prevent the partial routing of the signal "frame_data[452]". Without this partial route, timing analysis to/from this port will not be accurate, and no routing information for this port can be exported.
WARNING: [Route 35-198] Port "frame_data[207]" does not have an associated HD.PARTPIN_LOCS, which will prevent the partial routing of the signal "frame_data[207]". Without this partial route, timing analysis to/from this port will not be accurate, and no routing information for this port can be exported.
WARNING: [Route 35-198] Port "frame_sequence[26]" does not have an associated HD.PARTPIN_LOCS, which will prevent the partial routing of the signal "frame_sequence[26]". Without this partial route, timing analysis to/from this port will not be accurate, and no routing information for this port can be exported.
WARNING: [Route 35-198] Port "frame_data[819]" does not have an associated HD.PARTPIN_LOCS, which will prevent the partial routing of the signal "frame_data[819]". Without this partial route, timing analysis to/from this port will not be accurate, and no routing information for this port can be exported.
WARNING: [Route 35-198] Port "frame_data[649]" does not have an associated HD.PARTPIN_LOCS, which will prevent the partial routing of the signal "frame_data[649]". Without this partial route, timing analysis to/from this port will not be accurate, and no routing information for this port can be exported.
WARNING: [Route 35-198] Port "frame_data[394]" does not have an associated HD.PARTPIN_LOCS, which will prevent the partial routing of the signal "frame_data[394]". Without this partial route, timing analysis to/from this port will not be accurate, and no routing information for this port can be exported.
WARNING: [Route 35-198] Port "frame_data[309]" does not have an associated HD.PARTPIN_LOCS, which will prevent the partial routing of the signal "frame_data[309]". Without this partial route, timing analysis to/from this port will not be accurate, and no routing information for this port can be exported.
WARNING: [Route 35-198] Port "frame_data[72]" does not have an associated HD.PARTPIN_LOCS, which will prevent the partial routing of the signal "frame_data[72]". Without this partial route, timing analysis to/from this port will not be accurate, and no routing information for this port can be exported.
WARNING: [Route 35-198] Port "frame_data[2000]" does not have an associated HD.PARTPIN_LOCS, which will prevent the partial routing of the signal "frame_data[2000]". Without this partial route, timing analysis to/from this port will not be accurate, and no routing information for this port can be exported.
WARNING: [Route 35-198] Port "frame_data[1891]" does not have an associated HD.PARTPIN_LOCS, which will prevent the partial routing of the signal "frame_data[1891]". Without this partial route, timing analysis to/from this port will not be accurate, and no routing information for this port can be exported.
WARNING: [Route 35-198] Port "frame_data[1830]" does not have an associated HD.PARTPIN_LOCS, which will prevent the partial routing of the signal "frame_data[1830]". Without this partial route, timing analysis to/from this port will not be accurate, and no routing information for this port can be exported.
WARNING: [Route 35-198] Port "frame_data[1813]" does not have an associated HD.PARTPIN_LOCS, which will prevent the partial routing of the signal "frame_data[1813]". Without this partial route, timing analysis to/from this port will not be accurate, and no routing information for this port can be exported.
WARNING: [Route 35-198] Port "frame_data[1808]" does not have an associated HD.PARTPIN_LOCS, which will prevent the partial routing of the signal "frame_data[1808]". Without this partial route, timing analysis to/from this port will not be accurate, and no routing information for this port can be exported.
WARNING: [Route 35-198] Port "frame_data[1772]" does not have an associated HD.PARTPIN_LOCS, which will prevent the partial routing of the signal "frame_data[1772]". Without this partial route, timing analysis to/from this port will not be accurate, and no routing information for this port can be exported.
WARNING: [Route 35-198] Port "frame_data[1116]" does not have an associated HD.PARTPIN_LOCS, which will prevent the partial routing of the signal "frame_data[1116]". Without this partial route, timing analysis to/from this port will not be accurate, and no routing information for this port can be exported.
WARNING: [Route 35-198] Port "frame_data[37]" does not have an associated HD.PARTPIN_LOCS, which will prevent the partial routing of the signal "frame_data[37]". Without this partial route, timing analysis to/from this port will not be accurate, and no routing information for this port can be exported.
WARNING: [Route 35-198] Port "frame_data[1857]" does not have an associated HD.PARTPIN_LOCS, which will prevent the partial routing of the signal "frame_data[1857]". Without this partial route, timing analysis to/from this port will not be accurate, and no routing information for this port can be exported.
WARNING: [Route 35-198] Port "frame_data[1734]" does not have an associated HD.PARTPIN_LOCS, which will prevent the partial routing of the signal "frame_data[1734]". Without this partial route, timing analysis to/from this port will not be accurate, and no routing information for this port can be exported.
WARNING: [Route 35-198] Port "frame_data[1133]" does not have an associated HD.PARTPIN_LOCS, which will prevent the partial routing of the signal "frame_data[1133]". Without this partial route, timing analysis to/from this port will not be accurate, and no routing information for this port can be exported.
WARNING: [Route 35-198] Port "frame_data[904]" does not have an associated HD.PARTPIN_LOCS, which will prevent the partial routing of the signal "frame_data[904]". Without this partial route, timing analysis to/from this port will not be accurate, and no routing information for this port can be exported.
WARNING: [Route 35-198] Port "frame_data[888]" does not have an associated HD.PARTPIN_LOCS, which will prevent the partial routing of the signal "frame_data[888]". Without this partial route, timing analysis to/from this port will not be accurate, and no routing information for this port can be exported.
WARNING: [Route 35-198] Port "frame_data[759]" does not have an associated HD.PARTPIN_LOCS, which will prevent the partial routing of the signal "frame_data[759]". Without this partial route, timing analysis to/from this port will not be accurate, and no routing information for this port can be exported.
WARNING: [Route 35-198] Port "frame_data[724]" does not have an associated HD.PARTPIN_LOCS, which will prevent the partial routing of the signal "frame_data[724]". Without this partial route, timing analysis to/from this port will not be accurate, and no routing information for this port can be exported.
WARNING: [Route 35-198] Port "frame_data[206]" does not have an associated HD.PARTPIN_LOCS, which will prevent the partial routing of the signal "frame_data[206]". Without this partial route, timing analysis to/from this port will not be accurate, and no routing information for this port can be exported.
WARNING: [Route 35-198] Port "frame_data[2068]" does not have an associated HD.PARTPIN_LOCS, which will prevent the partial routing of the signal "frame_data[2068]". Without this partial route, timing analysis to/from this port will not be accurate, and no routing information for this port can be exported.
WARNING: [Route 35-198] Port "frame_data[1806]" does not have an associated HD.PARTPIN_LOCS, which will prevent the partial routing of the signal "frame_data[1806]". Without this partial route, timing analysis to/from this port will not be accurate, and no routing information for this port can be exported.
WARNING: [Route 35-198] Port "frame_data[1728]" does not have an associated HD.PARTPIN_LOCS, which will prevent the partial routing of the signal "frame_data[1728]". Without this partial route, timing analysis to/from this port will not be accurate, and no routing information for this port can be exported.
WARNING: [Route 35-198] Port "frame_data[326]" does not have an associated HD.PARTPIN_LOCS, which will prevent the partial routing of the signal "frame_data[326]". Without this partial route, timing analysis to/from this port will not be accurate, and no routing information for this port can be exported.
WARNING: [Route 35-198] Port "frame_data[258]" does not have an associated HD.PARTPIN_LOCS, which will prevent the partial routing of the signal "frame_data[258]". Without this partial route, timing analysis to/from this port will not be accurate, and no routing information for this port can be exported.
WARNING: [Route 35-198] Port "frame_data[105]" does not have an associated HD.PARTPIN_LOCS, which will prevent the partial routing of the signal "frame_data[105]". Without this partial route, timing analysis to/from this port will not be accurate, and no routing information for this port can be exported.
WARNING: [Route 35-198] Port "frame_data[1058]" does not have an associated HD.PARTPIN_LOCS, which will prevent the partial routing of the signal "frame_data[1058]". Without this partial route, timing analysis to/from this port will not be accurate, and no routing information for this port can be exported.
WARNING: [Route 35-198] Port "frame_data[1051]" does not have an associated HD.PARTPIN_LOCS, which will prevent the partial routing of the signal "frame_data[1051]". Without this partial route, timing analysis to/from this port will not be accurate, and no routing information for this port can be exported.
WARNING: [Route 35-198] Port "frame_data[945]" does not have an associated HD.PARTPIN_LOCS, which will prevent the partial routing of the signal "frame_data[945]". Without this partial route, timing analysis to/from this port will not be accurate, and no routing information for this port can be exported.
WARNING: [Route 35-198] Port "frame_data[895]" does not have an associated HD.PARTPIN_LOCS, which will prevent the partial routing of the signal "frame_data[895]". Without this partial route, timing analysis to/from this port will not be accurate, and no routing information for this port can be exported.
WARNING: [Route 35-198] Port "frame_data[674]" does not have an associated HD.PARTPIN_LOCS, which will prevent the partial routing of the signal "frame_data[674]". Without this partial route, timing analysis to/from this port will not be accurate, and no routing information for this port can be exported.
WARNING: [Route 35-198] Port "frame_data[377]" does not have an associated HD.PARTPIN_LOCS, which will prevent the partial routing of the signal "frame_data[377]". Without this partial route, timing analysis to/from this port will not be accurate, and no routing information for this port can be exported.
WARNING: [Route 35-198] Port "frame_data[310]" does not have an associated HD.PARTPIN_LOCS, which will prevent the partial routing of the signal "frame_data[310]". Without this partial route, timing analysis to/from this port will not be accurate, and no routing information for this port can be exported.
WARNING: [Route 35-198] Port "frame_data[225]" does not have an associated HD.PARTPIN_LOCS, which will prevent the partial routing of the signal "frame_data[225]". Without this partial route, timing analysis to/from this port will not be accurate, and no routing information for this port can be exported.
WARNING: [Route 35-198] Port "frame_sequence[30]" does not have an associated HD.PARTPIN_LOCS, which will prevent the partial routing of the signal "frame_sequence[30]". Without this partial route, timing analysis to/from this port will not be accurate, and no routing information for this port can be exported.
WARNING: [Route 35-198] Port "frame_sequence[27]" does not have an associated HD.PARTPIN_LOCS, which will prevent the partial routing of the signal "frame_sequence[27]". Without this partial route, timing analysis to/from this port will not be accurate, and no routing information for this port can be exported.
WARNING: [Route 35-198] Port "frame_sequence[21]" does not have an associated HD.PARTPIN_LOCS, which will prevent the partial routing of the signal "frame_sequence[21]". Without this partial route, timing analysis to/from this port will not be accurate, and no routing information for this port can be exported.
WARNING: [Route 35-198] Port "frame_data[922]" does not have an associated HD.PARTPIN_LOCS, which will prevent the partial routing of the signal "frame_data[922]". Without this partial route, timing analysis to/from this port will not be accurate, and no routing information for this port can be exported.
WARNING: [Route 35-198] Port "frame_sequence[22]" does not have an associated HD.PARTPIN_LOCS, which will prevent the partial routing of the signal "frame_sequence[22]". Without this partial route, timing analysis to/from this port will not be accurate, and no routing information for this port can be exported.
WARNING: [Route 35-198] Port "frame_sequence[18]" does not have an associated HD.PARTPIN_LOCS, which will prevent the partial routing of the signal "frame_sequence[18]". Without this partial route, timing analysis to/from this port will not be accurate, and no routing information for this port can be exported.
WARNING: [Route 35-198] Port "frame_sequence[16]" does not have an associated HD.PARTPIN_LOCS, which will prevent the partial routing of the signal "frame_sequence[16]". Without this partial route, timing analysis to/from this port will not be accurate, and no routing information for this port can be exported.
WARNING: [Route 35-198] Port "frame_sequence[10]" does not have an associated HD.PARTPIN_LOCS, which will prevent the partial routing of the signal "frame_sequence[10]". Without this partial route, timing analysis to/from this port will not be accurate, and no routing information for this port can be exported.
WARNING: [Route 35-198] Port "frame_sequence[2]" does not have an associated HD.PARTPIN_LOCS, which will prevent the partial routing of the signal "frame_sequence[2]". Without this partial route, timing analysis to/from this port will not be accurate, and no routing information for this port can be exported.
WARNING: [Route 35-198] Port "frame_data[139]" does not have an associated HD.PARTPIN_LOCS, which will prevent the partial routing of the signal "frame_data[139]". Without this partial route, timing analysis to/from this port will not be accurate, and no routing information for this port can be exported.
WARNING: [Route 35-198] Port "frame_data[122]" does not have an associated HD.PARTPIN_LOCS, which will prevent the partial routing of the signal "frame_data[122]". Without this partial route, timing analysis to/from this port will not be accurate, and no routing information for this port can be exported.
WARNING: [Route 35-198] Port "frame_sequence[23]" does not have an associated HD.PARTPIN_LOCS, which will prevent the partial routing of the signal "frame_sequence[23]". Without this partial route, timing analysis to/from this port will not be accurate, and no routing information for this port can be exported.
WARNING: [Route 35-198] Port "frame_sequence[12]" does not have an associated HD.PARTPIN_LOCS, which will prevent the partial routing of the signal "frame_sequence[12]". Without this partial route, timing analysis to/from this port will not be accurate, and no routing information for this port can be exported.
WARNING: [Route 35-198] Port "frame_sequence[8]" does not have an associated HD.PARTPIN_LOCS, which will prevent the partial routing of the signal "frame_sequence[8]". Without this partial route, timing analysis to/from this port will not be accurate, and no routing information for this port can be exported.
WARNING: [Route 35-198] Port "frame_sequence[7]" does not have an associated HD.PARTPIN_LOCS, which will prevent the partial routing of the signal "frame_sequence[7]". Without this partial route, timing analysis to/from this port will not be accurate, and no routing information for this port can be exported.
WARNING: [Route 35-198] Port "frame_sequence[6]" does not have an associated HD.PARTPIN_LOCS, which will prevent the partial routing of the signal "frame_sequence[6]". Without this partial route, timing analysis to/from this port will not be accurate, and no routing information for this port can be exported.
WARNING: [Route 35-198] Port "frame_sequence[5]" does not have an associated HD.PARTPIN_LOCS, which will prevent the partial routing of the signal "frame_sequence[5]". Without this partial route, timing analysis to/from this port will not be accurate, and no routing information for this port can be exported.
WARNING: [Route 35-198] Port "frame_data[411]" does not have an associated HD.PARTPIN_LOCS, which will prevent the partial routing of the signal "frame_data[411]". Without this partial route, timing analysis to/from this port will not be accurate, and no routing information for this port can be exported.
WARNING: [Route 35-198] Port "frame_data[20]" does not have an associated HD.PARTPIN_LOCS, which will prevent the partial routing of the signal "frame_data[20]". Without this partial route, timing analysis to/from this port will not be accurate, and no routing information for this port can be exported.
WARNING: [Route 35-198] Port "frame_data[1966]" does not have an associated HD.PARTPIN_LOCS, which will prevent the partial routing of the signal "frame_data[1966]". Without this partial route, timing analysis to/from this port will not be accurate, and no routing information for this port can be exported.
WARNING: [Route 35-198] Port "frame_data[1942]" does not have an associated HD.PARTPIN_LOCS, which will prevent the partial routing of the signal "frame_data[1942]". Without this partial route, timing analysis to/from this port will not be accurate, and no routing information for this port can be exported.
WARNING: [Route 35-198] Port "frame_data[1791]" does not have an associated HD.PARTPIN_LOCS, which will prevent the partial routing of the signal "frame_data[1791]". Without this partial route, timing analysis to/from this port will not be accurate, and no routing information for this port can be exported.
WARNING: [Route 35-198] Port "frame_data[1757]" does not have an associated HD.PARTPIN_LOCS, which will prevent the partial routing of the signal "frame_data[1757]". Without this partial route, timing analysis to/from this port will not be accurate, and no routing information for this port can be exported.
WARNING: [Route 35-198] Port "frame_data[1740]" does not have an associated HD.PARTPIN_LOCS, which will prevent the partial routing of the signal "frame_data[1740]". Without this partial route, timing analysis to/from this port will not be accurate, and no routing information for this port can be exported.
WARNING: [Route 35-198] Port "frame_data[1687]" does not have an associated HD.PARTPIN_LOCS, which will prevent the partial routing of the signal "frame_data[1687]". Without this partial route, timing analysis to/from this port will not be accurate, and no routing information for this port can be exported.
WARNING: [Route 35-198] Port "frame_data[1451]" does not have an associated HD.PARTPIN_LOCS, which will prevent the partial routing of the signal "frame_data[1451]". Without this partial route, timing analysis to/from this port will not be accurate, and no routing information for this port can be exported.
WARNING: [Route 35-198] Port "frame_data[1381]" does not have an associated HD.PARTPIN_LOCS, which will prevent the partial routing of the signal "frame_data[1381]". Without this partial route, timing analysis to/from this port will not be accurate, and no routing information for this port can be exported.
WARNING: [Route 35-198] Port "frame_data[2027]" does not have an associated HD.PARTPIN_LOCS, which will prevent the partial routing of the signal "frame_data[2027]". Without this partial route, timing analysis to/from this port will not be accurate, and no routing information for this port can be exported.
WARNING: [Route 35-198] Port "frame_data[1961]" does not have an associated HD.PARTPIN_LOCS, which will prevent the partial routing of the signal "frame_data[1961]". Without this partial route, timing analysis to/from this port will not be accurate, and no routing information for this port can be exported.
WARNING: [Route 35-198] Port "frame_data[1700]" does not have an associated HD.PARTPIN_LOCS, which will prevent the partial routing of the signal "frame_data[1700]". Without this partial route, timing analysis to/from this port will not be accurate, and no routing information for this port can be exported.
WARNING: [Route 35-198] Port "frame_data[427]" does not have an associated HD.PARTPIN_LOCS, which will prevent the partial routing of the signal "frame_data[427]". Without this partial route, timing analysis to/from this port will not be accurate, and no routing information for this port can be exported.
WARNING: [Route 35-198] Port "frame_data[300]" does not have an associated HD.PARTPIN_LOCS, which will prevent the partial routing of the signal "frame_data[300]". Without this partial route, timing analysis to/from this port will not be accurate, and no routing information for this port can be exported.
WARNING: [Route 35-198] Port "frame_data[242]" does not have an associated HD.PARTPIN_LOCS, which will prevent the partial routing of the signal "frame_data[242]". Without this partial route, timing analysis to/from this port will not be accurate, and no routing information for this port can be exported.
WARNING: [Route 35-198] Port "frame_data[497]" does not have an associated HD.PARTPIN_LOCS, which will prevent the partial routing of the signal "frame_data[497]". Without this partial route, timing analysis to/from this port will not be accurate, and no routing information for this port can be exported.
WARNING: [Route 35-198] Port "frame_data[785]" does not have an associated HD.PARTPIN_LOCS, which will prevent the partial routing of the signal "frame_data[785]". Without this partial route, timing analysis to/from this port will not be accurate, and no routing information for this port can be exported.
WARNING: [Route 35-198] Port "frame_data[769]" does not have an associated HD.PARTPIN_LOCS, which will prevent the partial routing of the signal "frame_data[769]". Without this partial route, timing analysis to/from this port will not be accurate, and no routing information for this port can be exported.
WARNING: [Route 35-198] Port "frame_data[768]" does not have an associated HD.PARTPIN_LOCS, which will prevent the partial routing of the signal "frame_data[768]". Without this partial route, timing analysis to/from this port will not be accurate, and no routing information for this port can be exported.
WARNING: [Route 35-198] Port "frame_data[190]" does not have an associated HD.PARTPIN_LOCS, which will prevent the partial routing of the signal "frame_data[190]". Without this partial route, timing analysis to/from this port will not be accurate, and no routing information for this port can be exported.
WARNING: [Route 35-198] Port "frame_data[1523]" does not have an associated HD.PARTPIN_LOCS, which will prevent the partial routing of the signal "frame_data[1523]". Without this partial route, timing analysis to/from this port will not be accurate, and no routing information for this port can be exported.
WARNING: [Route 35-198] Port "frame_data[1366]" does not have an associated HD.PARTPIN_LOCS, which will prevent the partial routing of the signal "frame_data[1366]". Without this partial route, timing analysis to/from this port will not be accurate, and no routing information for this port can be exported.
WARNING: [Route 35-198] Port "frame_data[172]" does not have an associated HD.PARTPIN_LOCS, which will prevent the partial routing of the signal "frame_data[172]". Without this partial route, timing analysis to/from this port will not be accurate, and no routing information for this port can be exported.
WARNING: [Route 35-198] Port "frame_data[155]" does not have an associated HD.PARTPIN_LOCS, which will prevent the partial routing of the signal "frame_data[155]". Without this partial route, timing analysis to/from this port will not be accurate, and no routing information for this port can be exported.
WARNING: [Route 35-198] Port "frame_data[2163]" does not have an associated HD.PARTPIN_LOCS, which will prevent the partial routing of the signal "frame_data[2163]". Without this partial route, timing analysis to/from this port will not be accurate, and no routing information for this port can be exported.
WARNING: [Route 35-198] Port "frame_data[582]" does not have an associated HD.PARTPIN_LOCS, which will prevent the partial routing of the signal "frame_data[582]". Without this partial route, timing analysis to/from this port will not be accurate, and no routing information for this port can be exported.
WARNING: [Route 35-198] Port "frame_data[470]" does not have an associated HD.PARTPIN_LOCS, which will prevent the partial routing of the signal "frame_data[470]". Without this partial route, timing analysis to/from this port will not be accurate, and no routing information for this port can be exported.
WARNING: [Route 35-198] Port "frame_data[191]" does not have an associated HD.PARTPIN_LOCS, which will prevent the partial routing of the signal "frame_data[191]". Without this partial route, timing analysis to/from this port will not be accurate, and no routing information for this port can be exported.
WARNING: [Route 35-198] Port "frame_data[2170]" does not have an associated HD.PARTPIN_LOCS, which will prevent the partial routing of the signal "frame_data[2170]". Without this partial route, timing analysis to/from this port will not be accurate, and no routing information for this port can be exported.
WARNING: [Route 35-198] Port "frame_data[2074]" does not have an associated HD.PARTPIN_LOCS, which will prevent the partial routing of the signal "frame_data[2074]". Without this partial route, timing analysis to/from this port will not be accurate, and no routing information for this port can be exported.
WARNING: [Route 35-198] Port "frame_data[1915]" does not have an associated HD.PARTPIN_LOCS, which will prevent the partial routing of the signal "frame_data[1915]". Without this partial route, timing analysis to/from this port will not be accurate, and no routing information for this port can be exported.
WARNING: [Route 35-198] Port "frame_data[820]" does not have an associated HD.PARTPIN_LOCS, which will prevent the partial routing of the signal "frame_data[820]". Without this partial route, timing analysis to/from this port will not be accurate, and no routing information for this port can be exported.
WARNING: [Route 35-198] Port "frame_data[333]" does not have an associated HD.PARTPIN_LOCS, which will prevent the partial routing of the signal "frame_data[333]". Without this partial route, timing analysis to/from this port will not be accurate, and no routing information for this port can be exported.
WARNING: [Route 35-198] Port "frame_data[4]" does not have an associated HD.PARTPIN_LOCS, which will prevent the partial routing of the signal "frame_data[4]". Without this partial route, timing analysis to/from this port will not be accurate, and no routing information for this port can be exported.
WARNING: [Route 35-198] Port "frame_sequence[3]" does not have an associated HD.PARTPIN_LOCS, which will prevent the partial routing of the signal "frame_sequence[3]". Without this partial route, timing analysis to/from this port will not be accurate, and no routing information for this port can be exported.
WARNING: [Route 35-198] Port "frame_data[1490]" does not have an associated HD.PARTPIN_LOCS, which will prevent the partial routing of the signal "frame_data[1490]". Without this partial route, timing analysis to/from this port will not be accurate, and no routing information for this port can be exported.
INFO: [Common 17-14] Message 'Route 35-198' appears 100 times and further instances of the messages will be disabled. Use the Tcl command set_msg_config to change the current settings.
WARNING: [Constraints 18-8777] Unable to split tiles. All required files are not available.
Post Restoration Checksum: NetGraph: f44f65ad | NumContArr: d7d9c10b | Constraints: c2a8fa9d | Timing: c2a8fa9d
Phase 1 Build RT Design | Checksum: 3517b1bf2

Time (s): cpu = 00:00:29 ; elapsed = 00:00:20 . Memory (MB): peak = 2196.500 ; gain = 11.957

Phase 2 Router Initialization

Phase 2.1 Fix Topology Constraints
Phase 2.1 Fix Topology Constraints | Checksum: 3517b1bf2

Time (s): cpu = 00:00:29 ; elapsed = 00:00:20 . Memory (MB): peak = 2196.500 ; gain = 11.957

Phase 2.2 Pre Route Cleanup
Phase 2.2 Pre Route Cleanup | Checksum: 3517b1bf2

Time (s): cpu = 00:00:29 ; elapsed = 00:00:20 . Memory (MB): peak = 2196.500 ; gain = 11.957
 Number of Nodes with overlaps = 0

Phase 2.3 Update Timing
Phase 2.3 Update Timing | Checksum: 2e85db5d2

Time (s): cpu = 00:00:38 ; elapsed = 00:00:23 . Memory (MB): peak = 2218.750 ; gain = 34.207
INFO: [Route 35-416] Intermediate Timing Summary | WNS=-0.088 | TNS=-0.279 | WHS=0.090  | THS=0.000  |


Phase 2.4 Soft Constraint Pins - Fast Budgeting
Phase 2.4 Soft Constraint Pins - Fast Budgeting | Checksum: 252eb337a

Time (s): cpu = 00:00:40 ; elapsed = 00:00:24 . Memory (MB): peak = 2262.070 ; gain = 77.527

Router Utilization Summary
  Global Vertical Routing Utilization    = 0 %
  Global Horizontal Routing Utilization  = 0 %
  Routable Net Status*
  *Does not include unroutable nets such as driverless and loadless.
  Run report_route_status for detailed report.
  Number of Failed Nets               = 21563
    (Failed Nets is the sum of unrouted and partially routed nets)
  Number of Unrouted Nets             = 21563
  Number of Partially Routed Nets     = 0
  Number of Node Overlaps             = 0

Phase 2 Router Initialization | Checksum: 252eb337a

Time (s): cpu = 00:00:41 ; elapsed = 00:00:24 . Memory (MB): peak = 2262.070 ; gain = 77.527

Phase 3 Global Routing
Phase 3 Global Routing | Checksum: 252eb337a

Time (s): cpu = 00:00:41 ; elapsed = 00:00:24 . Memory (MB): peak = 2262.070 ; gain = 77.527

Phase 4 Initial Routing

Phase 4.1 Initial Net Routing Pass
Phase 4.1 Initial Net Routing Pass | Checksum: 209b1abe1

Time (s): cpu = 00:00:52 ; elapsed = 00:00:28 . Memory (MB): peak = 2262.070 ; gain = 77.527
Phase 4 Initial Routing | Checksum: 209b1abe1

Time (s): cpu = 00:00:52 ; elapsed = 00:00:28 . Memory (MB): peak = 2262.070 ; gain = 77.527

Phase 5 Rip-up And Reroute

Phase 5.1 Global Iteration 0
 Number of Nodes with overlaps = 5546
INFO: [Route 35-416] Intermediate Timing Summary | WNS=-0.486 | TNS=-246.378| WHS=N/A    | THS=N/A    |

WARNING: [Route 35-447] Congestion is preventing the router from routing all nets. The router will prioritize the successful completion of routing all nets over timing optimizations.
Phase 5.1 Global Iteration 0 | Checksum: 1e11efd0e

Time (s): cpu = 00:07:50 ; elapsed = 00:02:24 . Memory (MB): peak = 2262.070 ; gain = 77.527

Phase 5.2 Global Iteration 1
 Number of Nodes with overlaps = 5554
 Number of Nodes with overlaps = 1931
INFO: [Route 35-416] Intermediate Timing Summary | WNS=-0.863 | TNS=-1346.230| WHS=N/A    | THS=N/A    |

Phase 5.2 Global Iteration 1 | Checksum: 240ed71b5

Time (s): cpu = 00:28:16 ; elapsed = 00:08:00 . Memory (MB): peak = 2262.070 ; gain = 77.527

Phase 5.3 Global Iteration 2
 Number of Nodes with overlaps = 5951
 Number of Nodes with overlaps = 2402
 Number of Nodes with overlaps = 794
 Number of Nodes with overlaps = 305
 Number of Nodes with overlaps = 147
INFO: [Route 35-416] Intermediate Timing Summary | WNS=-1.226 | TNS=-3876.085| WHS=N/A    | THS=N/A    |

Phase 5.3 Global Iteration 2 | Checksum: 2e053d737

Time (s): cpu = 00:59:59 ; elapsed = 00:16:50 . Memory (MB): peak = 2262.070 ; gain = 77.527

Phase 5.4 Global Iteration 3
 Number of Nodes with overlaps = 6077
 Number of Nodes with overlaps = 3357
 Number of Nodes with overlaps = 1272
 Number of Nodes with overlaps = 372
 Number of Nodes with overlaps = 127
 Number of Nodes with overlaps = 54
 Number of Nodes with overlaps = 31
 Number of Nodes with overlaps = 20
 Number of Nodes with overlaps = 10
 Number of Nodes with overlaps = 6
 Number of Nodes with overlaps = 6
 Number of Nodes with overlaps = 4
 Number of Nodes with overlaps = 4
 Number of Nodes with overlaps = 4
 Number of Nodes with overlaps = 2
 Number of Nodes with overlaps = 2
 Number of Nodes with overlaps = 1
 Number of Nodes with overlaps = 0
INFO: [Route 35-416] Intermediate Timing Summary | WNS=-2.211 | TNS=-5345.299| WHS=N/A    | THS=N/A    |

Phase 5.4 Global Iteration 3 | Checksum: 279f5a662

Time (s): cpu = 01:56:37 ; elapsed = 00:33:51 . Memory (MB): peak = 2275.867 ; gain = 91.324

Phase 5.5 Global Iteration 4
 Number of Nodes with overlaps = 222
 Number of Nodes with overlaps = 404
 Number of Nodes with overlaps = 262
 Number of Nodes with overlaps = 111
 Number of Nodes with overlaps = 43
 Number of Nodes with overlaps = 28
 Number of Nodes with overlaps = 14
 Number of Nodes with overlaps = 21
 Number of Nodes with overlaps = 15
 Number of Nodes with overlaps = 9
 Number of Nodes with overlaps = 11
 Number of Nodes with overlaps = 13
 Number of Nodes with overlaps = 8
 Number of Nodes with overlaps = 2
 Number of Nodes with overlaps = 1
 Number of Nodes with overlaps = 0
INFO: [Route 35-416] Intermediate Timing Summary | WNS=-1.480 | TNS=-3389.418| WHS=N/A    | THS=N/A    |

Phase 5.5 Global Iteration 4 | Checksum: 232900ab8

Time (s): cpu = 02:04:09 ; elapsed = 00:36:36 . Memory (MB): peak = 2275.867 ; gain = 91.324

Phase 5.6 Global Iteration 5
 Number of Nodes with overlaps = 459
 Number of Nodes with overlaps = 548
 Number of Nodes with overlaps = 274
 Number of Nodes with overlaps = 99
 Number of Nodes with overlaps = 30
 Number of Nodes with overlaps = 22
 Number of Nodes with overlaps = 18
 Number of Nodes with overlaps = 8
 Number of Nodes with overlaps = 5
 Number of Nodes with overlaps = 2
 Number of Nodes with overlaps = 2
 Number of Nodes with overlaps = 1
 Number of Nodes with overlaps = 1
 Number of Nodes with overlaps = 0
INFO: [Route 35-416] Intermediate Timing Summary | WNS=-1.055 | TNS=-1975.272| WHS=N/A    | THS=N/A    |

Phase 5.6 Global Iteration 5 | Checksum: 28713ae3d

Time (s): cpu = 02:12:55 ; elapsed = 00:39:48 . Memory (MB): peak = 2275.867 ; gain = 91.324

Phase 5.7 Global Iteration 6
 Number of Nodes with overlaps = 202
