#-----------------------------------------------------------
# Vivado v2025.2 (64-bit)
# SW Build 6299465 on Fri Nov 14 19:35:11 GMT 2025
# IP Build 6300035 on Fri Nov 14 10:48:45 MST 2025
# SharedData Build 6298862 on Thu Nov 13 04:50:51 MST 2025
# Start of session at: Fri Oct  9 14:23:19 2026
# Process ID         : 38372
# Current directory  : E:/Codex_project/AMD_Sonofield
# Command line       : vivado.exe -mode batch -source v5/scripts/build_prepcb_platform.tcl -log v5/evidence/pre_pcb_20261009/platform_attempt1.log -journal v5/build/prepcb_attempt1.jou
# Log file           : E:/Codex_project/AMD_Sonofield/v5/evidence/pre_pcb_20261009/platform_attempt1.log
# Journal file       : E:/Codex_project/AMD_Sonofield\v5/build/prepcb_attempt1.jou
# Running On         : loverlike
# Platform           : Windows Server 2016 or Windows 10
# Operating System   : 26200
# Processor Detail   : 13th Gen Intel(R) Core(TM) i9-13980HX
# CPU Frequency      : 2419 MHz
# CPU Physical cores : 24
# CPU Logical cores  : 32
# Host memory        : 16774 MB
# Swap memory        : 23622 MB
# Total Virtual      : 40396 MB
# Available Virtual  : 17728 MB
#-----------------------------------------------------------
source v5/scripts/build_prepcb_platform.tcl
# if {![string match "2025.2*" [version -short]]} {error "Vivado2025.2 required"}
# set root [file normalize [file join [file dirname [info script]] ..]]
# set work [file join $root build prepcb_platform]
# set out [file join $root evidence pre_pcb_20261009 platform]
# file mkdir $out
# if {[file exists [file join $work platform.xpr]]} {error "Use a fresh build directory"}
# set parts [get_parts -quiet xc7z020*clg400*]
# set f [open [file join $out parts.txt] w]
# puts $f $parts
# close $f
# if {[llength [get_parts -quiet xc7z020clg400-2]] != 1} {error "Required documented candidate part unavailable"}
# create_project platform $work -part xc7z020clg400-2
create_project: Time (s): cpu = 00:00:05 ; elapsed = 00:00:05 . Memory (MB): peak = 530.145 ; gain = 219.324
# set f [open [file join $root config ooc_source_list.txt] r]
# foreach rel [split [string trim [read $f]] \n] {read_verilog -sv [file join $root [string trim $rel]]}
# close $f
# read_verilog -sv [file join $root rtl control prepcb_supervisor.sv]
# read_verilog -sv [file join $root rtl board prepcb_pl.sv]
# set_property include_dirs [list [file join $root rtl generated]] [current_fileset]
# create_bd_design prepcb_ps
Wrote  : <E:\Codex_project\AMD_Sonofield\v5\build\prepcb_platform\platform.srcs\sources_1\bd\prepcb_ps\prepcb_ps.bd> 
# set ps [create_bd_cell -type ip -vlnv xilinx.com:ip:processing_system7:* ps7]
# set_property -dict [list CONFIG.PCW_USE_M_AXI_GP0 {1} CONFIG.PCW_EN_CLK0_PORT {1} CONFIG.PCW_FPGA0_PERIPHERAL_FREQMHZ {132} CONFIG.PCW_USE_FABRIC_INTERRUPT {1} CONFIG.PCW_IRQ_F2P_INTR {1}] $ps
# set f [open [file join $out ps7_properties.txt] w]
# puts $f [report_property -return_string $ps]
# close $f
# set inter [create_bd_cell -type ip -vlnv xilinx.com:ip:axi_interconnect:* interconnect]
# set_property CONFIG.NUM_MI 2 $inter
INFO: [xilinx.com:ip:axi_bram_ctrl:4.1-2] prepcb_ps_task_bram_0: In IP Integrator, please note that memory depth value gets calculated based on the Data Width of the IP and Address range selected in the Address Editor.Incase a validation error occured on the range of this parameter, please check if the selected Data width and the Address Range are valid. For valid Data width and memory depth values, please refer to the AXI BRAM Controller Product Guide.
INFO: [xilinx.com:ip:axi_bram_ctrl:4.1-1] prepcb_ps_task_bram_0: In IP Integrator, The Maximum address range supported is 2G. Selecting the address range more than 2G in the address editor may resets the value of Memory depth to default value (1024). please refer to the AXI BRAM Controller Product Guide.
# set bram [create_bd_cell -type ip -vlnv xilinx.com:ip:axi_bram_ctrl:* task_bram]
# set_property -dict [list CONFIG.SINGLE_PORT_BRAM {1} CONFIG.DATA_WIDTH {32}] $bram
INFO: [xilinx.com:ip:axi_bram_ctrl:4.1-2] prepcb_ps_task_bram_0: In IP Integrator, please note that memory depth value gets calculated based on the Data Width of the IP and Address range selected in the Address Editor.Incase a validation error occured on the range of this parameter, please check if the selected Data width and the Address Range are valid. For valid Data width and memory depth values, please refer to the AXI BRAM Controller Product Guide.
INFO: [xilinx.com:ip:axi_bram_ctrl:4.1-1] prepcb_ps_task_bram_0: In IP Integrator, The Maximum address range supported is 2G. Selecting the address range more than 2G in the address editor may resets the value of Memory depth to default value (1024). please refer to the AXI BRAM Controller Product Guide.
# set mem [create_bd_cell -type ip -vlnv xilinx.com:ip:blk_mem_gen:* task_memory]
# set_property -dict [list CONFIG.Memory_Type {Single_Port_RAM} CONFIG.Use_Byte_Write_Enable {true} CONFIG.Byte_Size {8}] $mem
# set gpio [create_bd_cell -type ip -vlnv xilinx.com:ip:axi_gpio:* service_io]
# set_property -dict [list CONFIG.C_GPIO_WIDTH {32} CONFIG.C_ALL_OUTPUTS {1} CONFIG.C_IS_DUAL {1} CONFIG.C_GPIO2_WIDTH {32} CONFIG.C_ALL_INPUTS_2 {1} CONFIG.C_INTERRUPT_PRESENT {1}] $gpio
# set reset [create_bd_cell -type ip -vlnv xilinx.com:ip:proc_sys_reset:* reset]
# connect_bd_intf_net [get_bd_intf_pins ps7/M_AXI_GP0] [get_bd_intf_pins interconnect/S00_AXI]
# connect_bd_intf_net [get_bd_intf_pins interconnect/M00_AXI] [get_bd_intf_pins task_bram/S_AXI]
# connect_bd_intf_net [get_bd_intf_pins interconnect/M01_AXI] [get_bd_intf_pins service_io/S_AXI]
# connect_bd_intf_net [get_bd_intf_pins task_bram/BRAM_PORTA] [get_bd_intf_pins task_memory/BRAM_PORTA]
# connect_bd_net [get_bd_pins ps7/FCLK_CLK0] [get_bd_pins ps7/M_AXI_GP0_ACLK] [get_bd_pins interconnect/ACLK] [get_bd_pins interconnect/S00_ACLK] [get_bd_pins interconnect/M00_ACLK] [get_bd_pins interconnect/M01_ACLK] [get_bd_pins task_bram/s_axi_aclk] [get_bd_pins service_io/s_axi_aclk] [get_bd_pins reset/slowest_sync_clk]
# connect_bd_net [get_bd_pins ps7/FCLK_RESET0_N] [get_bd_pins reset/ext_reset_in]
# connect_bd_net [get_bd_pins reset/interconnect_aresetn] [get_bd_pins interconnect/ARESETN] [get_bd_pins interconnect/S00_ARESETN] [get_bd_pins interconnect/M00_ARESETN] [get_bd_pins interconnect/M01_ARESETN]
# connect_bd_net [get_bd_pins reset/peripheral_aresetn] [get_bd_pins task_bram/s_axi_aresetn] [get_bd_pins service_io/s_axi_aresetn]
# connect_bd_net [get_bd_pins service_io/ip2intc_irpt] [get_bd_pins ps7/IRQ_F2P]
# make_bd_intf_pins_external [get_bd_intf_pins ps7/FIXED_IO]
# make_bd_pins_external [get_bd_pins service_io/gpio_io_o] [get_bd_pins service_io/gpio2_io_i]
WARNING: [BD 41-1306] The connection to interface pin </service_io/gpio_io_o> is being overridden by the user with net <service_io_gpio_io_o>. This pin will not be connected as a part of interface connection <GPIO>, and might not recreate the connectivity as expected using the writ_bd_tcl command.
WARNING: [BD 41-1306] The connection to interface pin </service_io/gpio2_io_i> is being overridden by the user with net <gpio2_io_i_0_1>. This pin will not be connected as a part of interface connection <GPIO2>, and might not recreate the connectivity as expected using the writ_bd_tcl command.
# assign_bd_address
INFO: [BD 41-3093] Triggering Legacy Auto Assign Algorithm
Slave segment '/task_bram/S_AXI/Mem0' is being assigned into address space '/ps7/Data' at <0x4000_0000 [ 8K ]>.
Slave segment '/service_io/S_AXI/Reg' is being assigned into address space '/ps7/Data' at <0x4120_0000 [ 64K ]>.
# validate_bd_design
WARNING: [BD 41-2180] Resetting the memory initialization file of </task_memory> to default.
WARNING: [filemgmt 56-443] The ECC Algorithm string is empty. Setting the Memory Map to default ECC value to ECC_NONE.
# save_bd_design
Wrote  : <E:\Codex_project\AMD_Sonofield\v5\build\prepcb_platform\platform.srcs\sources_1\bd\prepcb_ps\prepcb_ps.bd> 
# generate_target all [get_files prepcb_ps.bd]
INFO: [BD 41-1662] The design 'prepcb_ps.bd' is already validated. Therefore parameter propagation will not be re-run.
WARNING: [filemgmt 56-443] The ECC Algorithm string is empty. Setting the Memory Map to default ECC value to ECC_NONE.
WARNING: [filemgmt 56-443] The ECC Algorithm string is empty. Setting the Memory Map to default ECC value to ECC_NONE.
WARNING: [BD 41-2384] Width mismatch when connecting pin: '/task_memory/addra'(32) to pin: '/task_bram/bram_addr_a'(13) - Only lower order bits will be connected.
Verilog Output written to : E:/Codex_project/AMD_Sonofield/v5/build/prepcb_platform/platform.gen/sources_1/bd/prepcb_ps/synth/prepcb_ps.v
WARNING: [BD 41-2384] Width mismatch when connecting pin: '/task_memory/addra'(32) to pin: '/task_bram/bram_addr_a'(13) - Only lower order bits will be connected.
Verilog Output written to : E:/Codex_project/AMD_Sonofield/v5/build/prepcb_platform/platform.gen/sources_1/bd/prepcb_ps/sim/prepcb_ps.v
Verilog Output written to : E:/Codex_project/AMD_Sonofield/v5/build/prepcb_platform/platform.gen/sources_1/bd/prepcb_ps/hdl/prepcb_ps_wrapper.v
INFO: [IP_Flow 19-5611] Unable to find an associated reset port for the interface 'M_AXI_GP0'. A default connection has been created.
INFO: [BD 41-1029] Generation completed for the IP Integrator block ps7 .
INFO: [BD 41-1029] Generation completed for the IP Integrator block interconnect/xbar .
WARNING: [IP_Flow 19-4994] Overwriting existing constraint file 'e:/Codex_project/AMD_Sonofield/v5/build/prepcb_platform/platform.gen/sources_1/bd/prepcb_ps/ip/prepcb_ps_interconnect_imp_auto_pc_1/prepcb_ps_interconnect_imp_auto_pc_1_ooc.xdc'
INFO: [BD 41-1029] Generation completed for the IP Integrator block interconnect/s00_couplers/auto_pc .
WARNING: [IP_Flow 19-4994] Overwriting existing constraint file 'e:/Codex_project/AMD_Sonofield/v5/build/prepcb_platform/platform.gen/sources_1/bd/prepcb_ps/ip/prepcb_ps_interconnect_imp_auto_pc_0/prepcb_ps_interconnect_imp_auto_pc_0_ooc.xdc'
INFO: [BD 41-1029] Generation completed for the IP Integrator block interconnect/m01_couplers/auto_pc .
INFO: [BD 41-1029] Generation completed for the IP Integrator block task_bram .
INFO: [BD 41-1029] Generation completed for the IP Integrator block task_memory .
INFO: [BD 41-1029] Generation completed for the IP Integrator block service_io .
INFO: [BD 41-1029] Generation completed for the IP Integrator block reset .
Exporting to file E:/Codex_project/AMD_Sonofield/v5/build/prepcb_platform/platform.gen/sources_1/bd/prepcb_ps/hw_handoff/prepcb_ps.hwh
Generated Hardware Definition File E:/Codex_project/AMD_Sonofield/v5/build/prepcb_platform/platform.gen/sources_1/bd/prepcb_ps/synth/prepcb_ps.hwdef
INFO: [BD 41-3262] Generated VHDL Instantiation Template file e:/Codex_project/AMD_Sonofield/v5/build/prepcb_platform/platform.gen/sources_1/bd/prepcb_ps/prepcb_ps.vho
INFO: [BD 41-3262] Generated Verilog Instantiation Template file e:/Codex_project/AMD_Sonofield/v5/build/prepcb_platform/platform.gen/sources_1/bd/prepcb_ps/prepcb_ps.veo
INFO: [BD 41-3262] Generated System Verilog Instantiation Template file e:/Codex_project/AMD_Sonofield/v5/build/prepcb_platform/platform.gen/sources_1/bd/prepcb_ps/prepcb_ps_sv.sveo
generate_target: Time (s): cpu = 00:00:10 ; elapsed = 00:00:13 . Memory (MB): peak = 738.117 ; gain = 31.707
# make_wrapper -files [get_files prepcb_ps.bd] -top -import
# write_bd_tcl -force [file join $out recreate_ps_bd.tcl]
INFO: [BD 5-148] Tcl file written out <E:/Codex_project/AMD_Sonofield/v5/evidence/pre_pcb_20261009/platform/recreate_ps_bd.tcl>.

# write_hw_platform -fixed -force -file [file join $out prepcb_logical_candidate.xsa]
INFO: [Projectvivado 1-1918] Creating Hardware Platform: E:/Codex_project/AMD_Sonofield/v5/evidence/pre_pcb_20261009/platform/prepcb_logical_candidate.xsa ...
INFO: [Projectvivado 1-1943] The Hardware Platform can be used for Hardware
INFO: [Projectvivado 1-1941] Successfully created Hardware Platform: E:/Codex_project/AMD_Sonofield/v5/evidence/pre_pcb_20261009/platform/prepcb_logical_candidate.xsa
INFO: [Hsi 55-2053] elapsed time for repository (D:/Vivado/2025.2/2025.2/Vivado/data/embeddedsw) loading 0 seconds
# set f [open [file join $out loaded_sources.txt] w]
# puts $f [join [get_files] \n]
# close $f
# puts "PREPCB_PS_BD_CREATED_NON_DEPLOYABLE"
PREPCB_PS_BD_CREATED_NON_DEPLOYABLE
# close_project
# create_project -in_memory -part xc7z020clg400-2
# set f [open [file join $root config ooc_source_list.txt] r]
# foreach rel [split [string trim [read $f]] \n] {read_verilog -sv [file join $root [string trim $rel]]}
# close $f
# read_verilog -sv [file join $root rtl control prepcb_supervisor.sv]
# read_verilog -sv [file join $root rtl board prepcb_pl.sv]
# set_property include_dirs [list [file join $root rtl generated]] [current_fileset]
# synth_design -mode out_of_context -top prepcb_pl -part xc7z020clg400-2
Command: synth_design -mode out_of_context -top prepcb_pl -part xc7z020clg400-2
Starting synth_design
Attempting to get a license for feature 'Synthesis' and/or device 'xc7z020'
INFO: [Common 17-349] Got license for feature 'Synthesis' and/or device 'xc7z020'
INFO: [Synth 8-7079] Multithreading enabled for synth_design using a maximum of 2 processes.
INFO: [Synth 8-7078] Launching helper process for spawning children vivado processes
INFO: [Synth 8-7075] Helper process launched with PID 31252
---------------------------------------------------------------------------------
Starting Synthesize : Time (s): cpu = 00:00:04 ; elapsed = 00:00:04 . Memory (MB): peak = 1201.340 ; gain = 286.715
---------------------------------------------------------------------------------
INFO: [Synth 8-6157] synthesizing module 'prepcb_pl' [E:/Codex_project/AMD_Sonofield/v5/rtl/board/prepcb_pl.sv:3]
INFO: [Synth 8-6157] synthesizing module 'prepcb_supervisor' [E:/Codex_project/AMD_Sonofield/v5/rtl/control/prepcb_supervisor.sv:3]
INFO: [Synth 8-6155] done synthesizing module 'prepcb_supervisor' (0#1) [E:/Codex_project/AMD_Sonofield/v5/rtl/control/prepcb_supervisor.sv:3]
INFO: [Synth 8-6157] synthesizing module 'sono_axi_system' [E:/Codex_project/AMD_Sonofield/v5/rtl/sono_axi_system.sv:4]
INFO: [Synth 8-6157] synthesizing module 'axi_native_bridge' [E:/Codex_project/AMD_Sonofield/v5/rtl/control/axi_native_bridge.sv:5]
INFO: [Synth 8-6155] done synthesizing module 'axi_native_bridge' (0#1) [E:/Codex_project/AMD_Sonofield/v5/rtl/control/axi_native_bridge.sv:5]
INFO: [Synth 8-6157] synthesizing module 'sono_motion_system' [E:/Codex_project/AMD_Sonofield/v5/rtl/sono_motion_system.sv:4]
	Parameter POWER_WAIT_CYCLES bound to: 264000001 - type: integer 
INFO: [Synth 8-6157] synthesizing module 'motion_queue' [E:/Codex_project/AMD_Sonofield/v5/rtl/motion/motion_queue.sv:4]
	Parameter DEPTH bound to: 4 - type: integer 
	Parameter INTERVAL_CYCLES bound to: 2640000 - type: integer 
	Parameter ACK_TIMEOUT_CYCLES bound to: 6600 - type: integer 
INFO: [Synth 8-6155] done synthesizing module 'motion_queue' (0#1) [E:/Codex_project/AMD_Sonofield/v5/rtl/motion/motion_queue.sv:4]
INFO: [Synth 8-6157] synthesizing module 'sono_digital_system' [E:/Codex_project/AMD_Sonofield/v5/rtl/sono_digital_system.sv:3]
	Parameter CLOCK_HZ bound to: 132000000 - type: integer 
	Parameter POWER_WAIT_CYCLES bound to: 264000001 - type: integer 
INFO: [Synth 8-6157] synthesizing module 'ad7606b_if' [E:/Codex_project/AMD_Sonofield/v5/rtl/acquisition/ad7606b_if.sv:2]
	Parameter CLOCK_HZ bound to: 132000000 - type: integer 
	Parameter POWER_WAIT_CYCLES bound to: 264000001 - type: integer 
INFO: [Synth 8-6157] synthesizing module 'adc_serial' [E:/Codex_project/AMD_Sonofield/v5/rtl/acquisition/adc_serial.sv:4]
INFO: [Synth 8-6155] done synthesizing module 'adc_serial' (0#1) [E:/Codex_project/AMD_Sonofield/v5/rtl/acquisition/adc_serial.sv:4]
INFO: [Synth 8-6155] done synthesizing module 'ad7606b_if' (0#1) [E:/Codex_project/AMD_Sonofield/v5/rtl/acquisition/ad7606b_if.sv:2]
INFO: [Synth 8-6157] synthesizing module 'calibration_scheduler' [E:/Codex_project/AMD_Sonofield/v5/rtl/calibration/calibration_scheduler.sv:3]
	Parameter DEPTH bound to: 1024 - type: integer 
INFO: [Synth 8-6155] done synthesizing module 'calibration_scheduler' (0#1) [E:/Codex_project/AMD_Sonofield/v5/rtl/calibration/calibration_scheduler.sv:3]
INFO: [Synth 8-6157] synthesizing module 'burst_generator' [E:/Codex_project/AMD_Sonofield/v5/rtl/calibration/burst_generator.sv:2]
	Parameter CLOCK_HZ bound to: 132000000 - type: integer 
INFO: [Synth 8-6155] done synthesizing module 'burst_generator' (0#1) [E:/Codex_project/AMD_Sonofield/v5/rtl/calibration/burst_generator.sv:2]
INFO: [Synth 8-6157] synthesizing module 'phase_bank' [E:/Codex_project/AMD_Sonofield/v5/rtl/phase/phase_bank.sv:2]
INFO: [Synth 8-6155] done synthesizing module 'phase_bank' (0#1) [E:/Codex_project/AMD_Sonofield/v5/rtl/phase/phase_bank.sv:2]
INFO: [Synth 8-6157] synthesizing module 'channel_waveform' [E:/Codex_project/AMD_Sonofield/v5/rtl/output/channel_waveform.sv:2]
INFO: [Synth 8-6155] done synthesizing module 'channel_waveform' (0#1) [E:/Codex_project/AMD_Sonofield/v5/rtl/output/channel_waveform.sv:2]
INFO: [Synth 8-6157] synthesizing module 'serializer' [E:/Codex_project/AMD_Sonofield/v5/rtl/output/serializer.sv:2]
WARNING: [Synth 8-693] zero replication count - replication ignored [E:/Codex_project/AMD_Sonofield/v5/rtl/output/serializer.sv:27]
INFO: [Synth 8-6155] done synthesizing module 'serializer' (0#1) [E:/Codex_project/AMD_Sonofield/v5/rtl/output/serializer.sv:2]
INFO: [Synth 8-6155] done synthesizing module 'sono_digital_system' (0#1) [E:/Codex_project/AMD_Sonofield/v5/rtl/sono_digital_system.sv:3]
INFO: [Synth 8-6155] done synthesizing module 'sono_motion_system' (0#1) [E:/Codex_project/AMD_Sonofield/v5/rtl/sono_motion_system.sv:4]
INFO: [Synth 8-6155] done synthesizing module 'sono_axi_system' (0#1) [E:/Codex_project/AMD_Sonofield/v5/rtl/sono_axi_system.sv:4]
INFO: [Synth 8-6155] done synthesizing module 'prepcb_pl' (0#1) [E:/Codex_project/AMD_Sonofield/v5/rtl/board/prepcb_pl.sv:3]
WARNING: [Synth 8-7137] Register queue_reg in module motion_queue has both Set and reset with same priority. This may cause simulation mismatches. Consider rewriting code 
WARNING: [Synth 8-7137] Register seq_reg in module motion_queue has both Set and reset with same priority. This may cause simulation mismatches. Consider rewriting code 
WARNING: [Synth 8-7137] Register last_reg in module motion_queue has both Set and reset with same priority. This may cause simulation mismatches. Consider rewriting code 
WARNING: [Synth 8-4767] Trying to implement RAM 'last_reg' in registers. Block RAM or DRAM implementation is not possible; see log for reasons. [E:/Codex_project/AMD_Sonofield/v5/rtl/motion/motion_queue.sv:93]
Reason is one or more of the following :
	1: RAM is sensitive to asynchronous reset signal. this RTL style is not supported. 
WARNING: [Synth 8-4767] Trying to implement RAM 'queue_reg' in registers. Block RAM or DRAM implementation is not possible; see log for reasons. [E:/Codex_project/AMD_Sonofield/v5/rtl/motion/motion_queue.sv:101]
Reason is one or more of the following :
	1: RAM is sensitive to asynchronous reset signal. this RTL style is not supported. 
WARNING: [Synth 8-13159] Potential Runtime issue for RAM 'queue_reg' since this is dissolved into (8704) registers bits. Consider modifying RTL as per supported RAM templates
WARNING: [Synth 8-4767] Trying to implement RAM 'seq_reg' in registers. Block RAM or DRAM implementation is not possible; see log for reasons. [E:/Codex_project/AMD_Sonofield/v5/rtl/motion/motion_queue.sv:101]
Reason is one or more of the following :
	1: RAM is sensitive to asynchronous reset signal. this RTL style is not supported. 
WARNING: [Synth 8-7129] Port frequency[31] in module burst_generator is either unconnected or has no load
WARNING: [Synth 8-7129] Port frequency[30] in module burst_generator is either unconnected or has no load
WARNING: [Synth 8-7129] Port frequency[29] in module burst_generator is either unconnected or has no load
WARNING: [Synth 8-7129] Port frequency[28] in module burst_generator is either unconnected or has no load
WARNING: [Synth 8-7129] Port frequency[27] in module burst_generator is either unconnected or has no load
WARNING: [Synth 8-7129] Port frequency[26] in module burst_generator is either unconnected or has no load
WARNING: [Synth 8-7129] Port frequency[25] in module burst_generator is either unconnected or has no load
WARNING: [Synth 8-7129] Port frequency[24] in module burst_generator is either unconnected or has no load
WARNING: [Synth 8-7129] Port frequency[23] in module burst_generator is either unconnected or has no load
WARNING: [Synth 8-7129] Port frequency[22] in module burst_generator is either unconnected or has no load
WARNING: [Synth 8-7129] Port frequency[21] in module burst_generator is either unconnected or has no load
WARNING: [Synth 8-7129] Port frequency[20] in module burst_generator is either unconnected or has no load
WARNING: [Synth 8-7129] Port frequency[19] in module burst_generator is either unconnected or has no load
WARNING: [Synth 8-7129] Port frequency[18] in module burst_generator is either unconnected or has no load
WARNING: [Synth 8-7129] Port frequency[17] in module burst_generator is either unconnected or has no load
WARNING: [Synth 8-7129] Port frequency[16] in module burst_generator is either unconnected or has no load
WARNING: [Synth 8-7129] Port burst_done in module calibration_scheduler is either unconnected or has no load
WARNING: [Synth 8-7129] Port control[15] in module prepcb_pl is either unconnected or has no load
WARNING: [Synth 8-7129] Port control[14] in module prepcb_pl is either unconnected or has no load
WARNING: [Synth 8-7129] Port control[13] in module prepcb_pl is either unconnected or has no load
WARNING: [Synth 8-7129] Port control[12] in module prepcb_pl is either unconnected or has no load
WARNING: [Synth 8-7129] Port control[11] in module prepcb_pl is either unconnected or has no load
WARNING: [Synth 8-7129] Port control[10] in module prepcb_pl is either unconnected or has no load
WARNING: [Synth 8-7129] Port control[9] in module prepcb_pl is either unconnected or has no load
WARNING: [Synth 8-7129] Port health[7] in module prepcb_pl is either unconnected or has no load
WARNING: [Synth 8-7129] Port health[6] in module prepcb_pl is either unconnected or has no load
---------------------------------------------------------------------------------
Finished Synthesize : Time (s): cpu = 00:00:06 ; elapsed = 00:00:07 . Memory (MB): peak = 1429.336 ; gain = 514.711
---------------------------------------------------------------------------------
---------------------------------------------------------------------------------
Finished Constraint Validation : Time (s): cpu = 00:00:07 ; elapsed = 00:00:08 . Memory (MB): peak = 1429.336 ; gain = 514.711
---------------------------------------------------------------------------------
---------------------------------------------------------------------------------
Start Loading Part and Timing Information
---------------------------------------------------------------------------------
Loading part: xc7z020clg400-2
---------------------------------------------------------------------------------
INFO: [Device 21-403] Loading part xc7z020clg400-2
Finished Loading Part and Timing Information : Time (s): cpu = 00:00:07 ; elapsed = 00:00:08 . Memory (MB): peak = 1429.336 ; gain = 514.711
---------------------------------------------------------------------------------
INFO: [Synth 8-802] inferred FSM for state register 'state_reg' in module 'axi_native_bridge'
INFO: [Synth 8-802] inferred FSM for state register 'state_reg' in module 'motion_queue'
INFO: [Synth 8-802] inferred FSM for state register 'state_reg' in module 'ad7606b_if'
INFO: [Synth 8-802] inferred FSM for state register 'state_reg' in module 'serializer'
---------------------------------------------------------------------------------------------------
                   State |                     New Encoding |                Previous Encoding 
---------------------------------------------------------------------------------------------------
                    IDLE |                               00 |                               00
                   ISSUE |                               01 |                               01
                 CAPTURE |                               10 |                               10
                 RESPOND |                               11 |                               11
---------------------------------------------------------------------------------------------------
INFO: [Synth 8-3354] encoded FSM with state register 'state_reg' using encoding 'sequential' in module 'axi_native_bridge'
---------------------------------------------------------------------------------------------------
                   State |                     New Encoding |                Previous Encoding 
---------------------------------------------------------------------------------------------------
                 iSTATE3 |                             0000 |                             0000
*
                 iSTATE2 |                             0001 |                             0001
                 iSTATE1 |                             0010 |                             0010
                  iSTATE |                             0011 |                             0011
                 iSTATE0 |                             0100 |                             0100
                 iSTATE7 |                             0101 |                             0101
                 iSTATE6 |                             0110 |                             0110
                 iSTATE4 |                             0111 |                             0111
                 iSTATE5 |                             1000 |                             1000
---------------------------------------------------------------------------------------------------
INFO: [Synth 8-3354] encoded FSM with state register 'state_reg' using encoding 'sequential' in module 'motion_queue'
---------------------------------------------------------------------------------------------------
                   State |                     New Encoding |                Previous Encoding 
---------------------------------------------------------------------------------------------------
                   POWER |                              000 |                              000
                   RESET |                              001 |                              001
                   SETUP |                              010 |                              010
                    INIT |                              011 |                              011
                WAIT_SPI |                              100 |                              100
                     RUN |                              101 |                              101
---------------------------------------------------------------------------------------------------
INFO: [Synth 8-3354] encoded FSM with state register 'state_reg' using encoding 'sequential' in module 'ad7606b_if'
---------------------------------------------------------------------------------------------------
                   State |                     New Encoding |                Previous Encoding 
---------------------------------------------------------------------------------------------------
                    IDLE |                             0001 |                               00
                   SHIFT |                             0010 |                               01
                   LATCH |                             0100 |                               10
                  FINISH |                             1000 |                               11
---------------------------------------------------------------------------------------------------
INFO: [Synth 8-3354] encoded FSM with state register 'state_reg' using encoding 'one-hot' in module 'serializer'
---------------------------------------------------------------------------------
Finished RTL Optimization Phase 2 : Time (s): cpu = 00:00:11 ; elapsed = 00:00:11 . Memory (MB): peak = 1429.336 ; gain = 514.711
---------------------------------------------------------------------------------
No constraint files found.
---------------------------------------------------------------------------------
Start RTL Component Statistics 
---------------------------------------------------------------------------------
Detailed RTL Component Info : 
+---Adders : 
	   2 Input   64 Bit       Adders := 1     
	   2 Input   32 Bit       Adders := 9     
	   3 Input   32 Bit       Adders := 1     
	   2 Input   28 Bit       Adders := 2     
	   2 Input   27 Bit       Adders := 2     
	   2 Input   22 Bit       Adders := 1     
	   2 Input   13 Bit       Adders := 1     
	   2 Input   12 Bit       Adders := 1     
	   2 Input   11 Bit       Adders := 1     
	   2 Input   10 Bit       Adders := 2     
	   2 Input    9 Bit       Adders := 1     
	   2 Input    8 Bit       Adders := 132   
	   3 Input    8 Bit       Adders := 128   
	   2 Input    7 Bit       Adders := 34    
	   2 Input    6 Bit       Adders := 1     
	   2 Input    5 Bit       Adders := 3     
	   2 Input    3 Bit       Adders := 1     
	   2 Input    2 Bit       Adders := 4     
+---Registers : 
	             2176 Bit    Registers := 4     
	              128 Bit    Registers := 7     
	               64 Bit    Registers := 6     
	               32 Bit    Registers := 58    
	               27 Bit    Registers := 2     
	               24 Bit    Registers := 1     
	               22 Bit    Registers := 1     
	               16 Bit    Registers := 2     
	               13 Bit    Registers := 1     
	                8 Bit    Registers := 519   
	                7 Bit    Registers := 2     
	                6 Bit    Registers := 3     
	                5 Bit    Registers := 1     
	                4 Bit    Registers := 3     
	                3 Bit    Registers := 2     
	                2 Bit    Registers := 12    
	                1 Bit    Registers := 72    
+---RAMs : 
	             128K Bit	(1024 X 128 bit)          RAMs := 1     
+---Muxes : 
	   4 Input 2176 Bit        Muxes := 1     
	   2 Input  128 Bit        Muxes := 6     
	   4 Input   32 Bit        Muxes := 6     
	   2 Input   32 Bit        Muxes := 12    
	   7 Input   32 Bit        Muxes := 3     
	   6 Input   32 Bit        Muxes := 1     
	   9 Input   32 Bit        Muxes := 1     
	   2 Input   27 Bit        Muxes := 4     
	   2 Input   22 Bit        Muxes := 3     
	   6 Input   16 Bit        Muxes := 1     
	   2 Input   15 Bit        Muxes := 1     
	   9 Input   13 Bit        Muxes := 1     
	   2 Input   11 Bit        Muxes := 1     
	   7 Input   11 Bit        Muxes := 1     
	   2 Input   10 Bit        Muxes := 2     
	   2 Input    8 Bit        Muxes := 5     
	   7 Input    8 Bit        Muxes := 1     
	   9 Input    8 Bit        Muxes := 1     
	   2 Input    7 Bit        Muxes := 2     
	   7 Input    7 Bit        Muxes := 1     
	   9 Input    7 Bit        Muxes := 1     
	   2 Input    6 Bit        Muxes := 1     
	   6 Input    6 Bit        Muxes := 1     
	   2 Input    5 Bit        Muxes := 4     
	   2 Input    4 Bit        Muxes := 8     
	   7 Input    4 Bit        Muxes := 1     
	  15 Input    4 Bit        Muxes := 1     
	   2 Input    3 Bit        Muxes := 8     
	   5 Input    3 Bit        Muxes := 1     
	   6 Input    3 Bit        Muxes := 1     
	   3 Input    3 Bit        Muxes := 1     
	   3 Input    2 Bit        Muxes := 2     
	   4 Input    2 Bit        Muxes := 3     
	   2 Input    2 Bit        Muxes := 10    
	   6 Input    2 Bit        Muxes := 1     
	   2 Input    1 Bit        Muxes := 213   
	   4 Input    1 Bit        Muxes := 28    
	   7 Input    1 Bit        Muxes := 11    
	   8 Input    1 Bit        Muxes := 5     
	   6 Input    1 Bit        Muxes := 20    
	   9 Input    1 Bit        Muxes := 10    
---------------------------------------------------------------------------------
Finished RTL Component Statistics 
---------------------------------------------------------------------------------
---------------------------------------------------------------------------------
Start Part Resource Summary
---------------------------------------------------------------------------------
Part Resources:
DSPs: 220 (col length:60)
BRAMs: 280 (col length: RAMB18 60 RAMB36 30)
---------------------------------------------------------------------------------
Finished Part Resource Summary
---------------------------------------------------------------------------------
No constraint files found.
---------------------------------------------------------------------------------
Start Cross Boundary and Area Optimization
---------------------------------------------------------------------------------
WARNING: [Synth 8-7129] Port control[15] in module prepcb_pl is either unconnected or has no load
WARNING: [Synth 8-7129] Port control[14] in module prepcb_pl is either unconnected or has no load
WARNING: [Synth 8-7129] Port control[13] in module prepcb_pl is either unconnected or has no load
WARNING: [Synth 8-7129] Port control[12] in module prepcb_pl is either unconnected or has no load
WARNING: [Synth 8-7129] Port control[11] in module prepcb_pl is either unconnected or has no load
WARNING: [Synth 8-7129] Port control[10] in module prepcb_pl is either unconnected or has no load
WARNING: [Synth 8-7129] Port control[9] in module prepcb_pl is either unconnected or has no load
WARNING: [Synth 8-7129] Port health[7] in module prepcb_pl is either unconnected or has no load
WARNING: [Synth 8-7129] Port health[6] in module prepcb_pl is either unconnected or has no load
---------------------------------------------------------------------------------
Finished Cross Boundary and Area Optimization : Time (s): cpu = 00:00:28 ; elapsed = 00:00:29 . Memory (MB): peak = 1748.023 ; gain = 833.398
---------------------------------------------------------------------------------
---------------------------------------------------------------------------------
Start ROM, RAM, DSP, Shift Register and Retiming Reporting
---------------------------------------------------------------------------------

Block RAM: Preliminary Mapping Report (see note below)
+------------+------------+------------------------+---+---+------------------------+---+---+------------------+--------+--------+
|Module Name | RTL Object | PORT A (Depth x Width) | W | R | PORT B (Depth x Width) | W | R | Ports driving FF | RAMB18 | RAMB36 | 
+------------+------------+------------------------+---+---+------------------------+---+---+------------------+--------+--------+
|scheduler   | memory_reg | 1 K x 128(READ_FIRST)  | W |   | 1 K x 128(WRITE_FIRST) |   | R | Port A and B     | 0      | 4      | 
+------------+------------+------------------------+---+---+------------------------+---+---+------------------+--------+--------+

Note: The table above is a preliminary report that shows the Block RAMs at the current stage of the synthesis flow. Some Block RAMs may be reimplemented as non Block RAM primitives later in the synthesis flow. Multiple instantiated Block RAMs are reported only once. 
---------------------------------------------------------------------------------
Finished ROM, RAM, DSP, Shift Register and Retiming Reporting
---------------------------------------------------------------------------------
No constraint files found.
---------------------------------------------------------------------------------
Start Timing Optimization
---------------------------------------------------------------------------------
---------------------------------------------------------------------------------
Finished Timing Optimization : Time (s): cpu = 00:00:28 ; elapsed = 00:00:30 . Memory (MB): peak = 1748.023 ; gain = 833.398
---------------------------------------------------------------------------------
---------------------------------------------------------------------------------
Start ROM, RAM, DSP, Shift Register and Retiming Reporting
---------------------------------------------------------------------------------

Block RAM: Final Mapping Report
+------------+------------+------------------------+---+---+------------------------+---+---+------------------+--------+--------+
|Module Name | RTL Object | PORT A (Depth x Width) | W | R | PORT B (Depth x Width) | W | R | Ports driving FF | RAMB18 | RAMB36 | 
+------------+------------+------------------------+---+---+------------------------+---+---+------------------+--------+--------+
|scheduler   | memory_reg | 1 K x 128(READ_FIRST)  | W |   | 1 K x 128(WRITE_FIRST) |   | R | Port A and B     | 0      | 4      | 
+------------+------------+------------------------+---+---+------------------------+---+---+------------------+--------+--------+

---------------------------------------------------------------------------------
Finished ROM, RAM, DSP, Shift Register and Retiming Reporting
---------------------------------------------------------------------------------
---------------------------------------------------------------------------------
Start Technology Mapping
---------------------------------------------------------------------------------
INFO: [Synth 8-7052] The timing for the instance core/native_system/digital/scheduler/memory_reg_0 (implemented as a Block RAM) might be sub-optimal as no optional output register could be merged into the ram block. Providing additional output register may help in improving timing.
INFO: [Synth 8-7052] The timing for the instance core/native_system/digital/scheduler/memory_reg_1 (implemented as a Block RAM) might be sub-optimal as no optional output register could be merged into the ram block. Providing additional output register may help in improving timing.
INFO: [Synth 8-7052] The timing for the instance core/native_system/digital/scheduler/memory_reg_2 (implemented as a Block RAM) might be sub-optimal as no optional output register could be merged into the ram block. Providing additional output register may help in improving timing.
INFO: [Synth 8-7052] The timing for the instance core/native_system/digital/scheduler/memory_reg_3 (implemented as a Block RAM) might be sub-optimal as no optional output register could be merged into the ram block. Providing additional output register may help in improving timing.
---------------------------------------------------------------------------------
Finished Technology Mapping : Time (s): cpu = 00:00:31 ; elapsed = 00:00:32 . Memory (MB): peak = 1748.023 ; gain = 833.398
---------------------------------------------------------------------------------
---------------------------------------------------------------------------------
Start IO Insertion
---------------------------------------------------------------------------------
---------------------------------------------------------------------------------
Start Flattening Before IO Insertion
---------------------------------------------------------------------------------
---------------------------------------------------------------------------------
Finished Flattening Before IO Insertion
---------------------------------------------------------------------------------
---------------------------------------------------------------------------------
Start Final Netlist Cleanup
---------------------------------------------------------------------------------
---------------------------------------------------------------------------------
Finished Final Netlist Cleanup
---------------------------------------------------------------------------------
---------------------------------------------------------------------------------
Finished IO Insertion : Time (s): cpu = 00:00:33 ; elapsed = 00:00:35 . Memory (MB): peak = 1878.219 ; gain = 963.594
---------------------------------------------------------------------------------
---------------------------------------------------------------------------------
Start Renaming Generated Instances
---------------------------------------------------------------------------------
---------------------------------------------------------------------------------
Finished Renaming Generated Instances : Time (s): cpu = 00:00:33 ; elapsed = 00:00:35 . Memory (MB): peak = 1878.219 ; gain = 963.594
---------------------------------------------------------------------------------
---------------------------------------------------------------------------------
Start Rebuilding User Hierarchy
---------------------------------------------------------------------------------
---------------------------------------------------------------------------------
Finished Rebuilding User Hierarchy : Time (s): cpu = 00:00:34 ; elapsed = 00:00:36 . Memory (MB): peak = 1878.219 ; gain = 963.594
---------------------------------------------------------------------------------
---------------------------------------------------------------------------------
Start Renaming Generated Ports
---------------------------------------------------------------------------------
---------------------------------------------------------------------------------
Finished Renaming Generated Ports : Time (s): cpu = 00:00:34 ; elapsed = 00:00:36 . Memory (MB): peak = 1878.219 ; gain = 963.594
---------------------------------------------------------------------------------
---------------------------------------------------------------------------------
Start Handling Custom Attributes
---------------------------------------------------------------------------------
---------------------------------------------------------------------------------
Finished Handling Custom Attributes : Time (s): cpu = 00:00:34 ; elapsed = 00:00:36 . Memory (MB): peak = 1893.195 ; gain = 978.570
---------------------------------------------------------------------------------
---------------------------------------------------------------------------------
Start Renaming Generated Nets
---------------------------------------------------------------------------------
---------------------------------------------------------------------------------
Finished Renaming Generated Nets : Time (s): cpu = 00:00:34 ; elapsed = 00:00:37 . Memory (MB): peak = 1893.195 ; gain = 978.570
---------------------------------------------------------------------------------
---------------------------------------------------------------------------------
Start Writing Synthesis Report
---------------------------------------------------------------------------------

Report BlackBoxes: 
+-+--------------+----------+
| |BlackBox name |Instances |
+-+--------------+----------+
+-+--------------+----------+

Report Cell Usage: 
+------+---------+------+
|      |Cell     |Count |
+------+---------+------+
|1     |CARRY4   |   709|
|2     |LUT1     |    84|
|3     |LUT2     |  2499|
|4     |LUT3     |   253|
|5     |LUT4     |   558|
|6     |LUT5     |   662|
|7     |LUT6     |  3690|
|8     |MUXF7    |   282|
|9     |MUXF8    |   136|
|10    |RAMB36E1 |     4|
|11    |FDCE     |  9102|
|12    |FDPE     |    53|
|13    |FDRE     |  8775|
|14    |LDC      |     3|
+------+---------+------+

Report Instance Areas: 
+------+------------------+----------------------+------+
|      |Instance          |Module                |Cells |
+------+------------------+----------------------+------+
|1     |top               |                      | 26810|
|2     |  core            |sono_axi_system       | 26389|
|3     |    bridge        |axi_native_bridge     |   373|
|4     |    native_system |sono_motion_system    | 26016|
|5     |      digital     |sono_digital_system   | 10913|
|6     |        adc       |ad7606b_if            |  1032|
|7     |          spi     |adc_serial            |   466|
|8     |        bank      |phase_bank            |  6733|
|9     |        burst     |burst_generator       |   274|
|10    |        scheduler |calibration_scheduler |   917|
|11    |        serial    |serializer            |  1094|
|12    |      queue       |motion_queue          | 15103|
|13    |  supervisor      |prepcb_supervisor     |   278|
+------+------------------+----------------------+------+
---------------------------------------------------------------------------------
Finished Writing Synthesis Report : Time (s): cpu = 00:00:35 ; elapsed = 00:00:37 . Memory (MB): peak = 1893.195 ; gain = 978.570
---------------------------------------------------------------------------------
Synthesis finished with 0 errors, 0 critical warnings and 43 warnings.
Synthesis Optimization Runtime : Time (s): cpu = 00:00:35 ; elapsed = 00:00:37 . Memory (MB): peak = 1893.195 ; gain = 978.570
Synthesis Optimization Complete : Time (s): cpu = 00:00:35 ; elapsed = 00:00:37 . Memory (MB): peak = 1893.195 ; gain = 978.570
INFO: [Project 1-571] Translating synthesized netlist
Netlist sorting complete. Time (s): cpu = 00:00:00 ; elapsed = 00:00:00.189 . Memory (MB): peak = 1921.488 ; gain = 0.000
INFO: [Netlist 29-17] Analyzing 1134 Unisim elements for replacement
INFO: [Netlist 29-28] Unisim Transformation completed in 0 CPU seconds
INFO: [Project 1-570] Preparing netlist for logic optimization
INFO: [Opt 31-138] Pushed 0 inverter(s) to 0 load pin(s).
Netlist sorting complete. Time (s): cpu = 00:00:00 ; elapsed = 00:00:00.004 . Memory (MB): peak = 2045.305 ; gain = 0.000
INFO: [Project 1-111] Unisim Transformation Summary:
  A total of 3 instances were transformed.
  LDC => LDCE: 3 instances

Synth Design complete | Checksum: 2a59bed
INFO: [Common 17-83] Releasing license: Synthesis
52 Infos, 43 Warnings, 0 Critical Warnings and 0 Errors encountered.
synth_design completed successfully
synth_design: Time (s): cpu = 00:00:38 ; elapsed = 00:00:42 . Memory (MB): peak = 2045.305 ; gain = 1130.680
# create_clock -name core_clk -period 7.575758 [get_ports clk]
WARNING: [Vivado 12-2489] -period contains time 7.575758 which will be rounded to 7.576 to ensure it is an integer multiple of 1 picosecond
# opt_design
Command: opt_design
Attempting to get a license for feature 'Implementation' and/or device 'xc7z020'
INFO: [Common 17-349] Got license for feature 'Implementation' and/or device 'xc7z020'
Running DRC as a precondition to command opt_design

Starting DRC Task
INFO: [DRC 23-27] Running DRC with 2 threads
WARNING: [DRC 23-814] Not all possible (connectivity based) DRCs may have been run because this design is seen as Out of Context.
INFO: [Project 1-461] DRC finished with 0 Errors
INFO: [Project 1-462] Please refer to the DRC report (report_drc) for more information.

Time (s): cpu = 00:00:01 ; elapsed = 00:00:00.424 . Memory (MB): peak = 2045.305 ; gain = 0.000

Starting Cache Timing Information Task
INFO: [Timing 38-35] Done setting XDC timing constraints.
Ending Cache Timing Information Task | Checksum: 73c9f0b6

Time (s): cpu = 00:00:04 ; elapsed = 00:00:05 . Memory (MB): peak = 2045.305 ; gain = 0.000

Starting Logic Optimization Task

Phase 1 Initialization

Phase 1.1 Core Generation And Design Setup
Phase 1.1 Core Generation And Design Setup | Checksum: 73c9f0b6

Time (s): cpu = 00:00:00 ; elapsed = 00:00:00.011 . Memory (MB): peak = 2242.918 ; gain = 0.000

Phase 1.2 Setup Constraints And Sort Netlist
Phase 1.2 Setup Constraints And Sort Netlist | Checksum: 73c9f0b6

Time (s): cpu = 00:00:00 ; elapsed = 00:00:00.020 . Memory (MB): peak = 2242.918 ; gain = 0.000
Phase 1 Initialization | Checksum: 73c9f0b6

Time (s): cpu = 00:00:00 ; elapsed = 00:00:00.021 . Memory (MB): peak = 2242.918 ; gain = 0.000

Phase 2 Timer Update And Timing Data Collection

Phase 2.1 Detect if minReqCache needed
Phase 2.1 Detect if minReqCache needed | Checksum: 73c9f0b6

Time (s): cpu = 00:00:00 ; elapsed = 00:00:00.055 . Memory (MB): peak = 2242.957 ; gain = 0.039

Phase 2.2 Timer Update
Phase 2.2 Timer Update | Checksum: 73c9f0b6

Time (s): cpu = 00:00:00 ; elapsed = 00:00:00.071 . Memory (MB): peak = 2242.957 ; gain = 0.039
Phase 2 Timer Update And Timing Data Collection | Checksum: 73c9f0b6

Time (s): cpu = 00:00:00 ; elapsed = 00:00:00.073 . Memory (MB): peak = 2242.957 ; gain = 0.039

Phase 3 Retarget
INFO: [Opt 31-1851] Number of loadless carry chains removed were: 0
INFO: [Opt 31-1834] Total Chains To Be Transformed Were: 0 AND Number of Transformed insts Created are: 0
INFO: [Opt 31-1566] Pulled 2 inverters resulting in an inversion of 28 pins
INFO: [Opt 31-138] Pushed 1 inverter(s) to 4 load pin(s).
INFO: [Opt 31-49] Retargeted 0 cell(s).
Phase 3 Retarget | Checksum: 112d47d0a

Time (s): cpu = 00:00:01 ; elapsed = 00:00:00.305 . Memory (MB): peak = 2242.957 ; gain = 0.039
Retarget | Checksum: 112d47d0a
INFO: [Opt 31-389] Phase Retarget created 0 cells and removed 3 cells

Phase 4 Constant propagation
INFO: [Opt 31-138] Pushed 0 inverter(s) to 0 load pin(s).
Phase 4 Constant propagation | Checksum: c11d3edd

Time (s): cpu = 00:00:01 ; elapsed = 00:00:00.430 . Memory (MB): peak = 2242.957 ; gain = 0.039
Constant propagation | Checksum: c11d3edd
INFO: [Opt 31-389] Phase Constant propagation created 0 cells and removed 0 cells

Phase 5 Sweep
INFO: [Constraints 18-11670] Building netlist checker database with flags, 0x8
Done building netlist checker database: Time (s): cpu = 00:00:00 ; elapsed = 00:00:00.005 . Memory (MB): peak = 2242.957 ; gain = 0.000
Phase 5 Sweep | Checksum: 1643ce4f4

Time (s): cpu = 00:00:01 ; elapsed = 00:00:00.593 . Memory (MB): peak = 2242.957 ; gain = 0.039
Sweep | Checksum: 1643ce4f4
INFO: [Opt 31-389] Phase Sweep created 0 cells and removed 0 cells

Phase 6 BUFG optimization
Phase 6 BUFG optimization | Checksum: 1643ce4f4

Time (s): cpu = 00:00:01 ; elapsed = 00:00:00.675 . Memory (MB): peak = 2242.957 ; gain = 0.039
BUFG optimization | Checksum: 1643ce4f4
INFO: [Opt 31-662] Phase BUFG optimization created 0 cells of which 0 are BUFGs and removed 0 cells.

Phase 7 Shift Register Optimization
INFO: [Opt 31-1064] SRL Remap converted 0 SRLs to 0 registers and converted 0 registers of register chains to 0 SRLs
Phase 7 Shift Register Optimization | Checksum: 1643ce4f4

Time (s): cpu = 00:00:01 ; elapsed = 00:00:00.698 . Memory (MB): peak = 2242.957 ; gain = 0.039
Shift Register Optimization | Checksum: 1643ce4f4
INFO: [Opt 31-389] Phase Shift Register Optimization created 0 cells and removed 0 cells

Phase 8 Post Processing Netlist
Phase 8 Post Processing Netlist | Checksum: 1643ce4f4

Time (s): cpu = 00:00:01 ; elapsed = 00:00:00.748 . Memory (MB): peak = 2242.957 ; gain = 0.039
Post Processing Netlist | Checksum: 1643ce4f4
INFO: [Opt 31-389] Phase Post Processing Netlist created 0 cells and removed 0 cells

Phase 9 Finalization

Phase 9.1 Finalizing Design Cores and Updating Shapes
Phase 9.1 Finalizing Design Cores and Updating Shapes | Checksum: 10ee96b48

Time (s): cpu = 00:00:01 ; elapsed = 00:00:01 . Memory (MB): peak = 2242.957 ; gain = 0.039

Phase 9.2 Verifying Netlist Connectivity

Starting Connectivity Check Task

Time (s): cpu = 00:00:00 ; elapsed = 00:00:00.027 . Memory (MB): peak = 2242.957 ; gain = 0.000
Phase 9.2 Verifying Netlist Connectivity | Checksum: 10ee96b48

Time (s): cpu = 00:00:01 ; elapsed = 00:00:01 . Memory (MB): peak = 2242.957 ; gain = 0.039
Phase 9 Finalization | Checksum: 10ee96b48

Time (s): cpu = 00:00:01 ; elapsed = 00:00:01 . Memory (MB): peak = 2242.957 ; gain = 0.039
Opt_design Change Summary
=========================


-------------------------------------------------------------------------------------------------------------------------
|  Phase                        |  #Cells created  |  #Cells Removed  |  #Constrained objects preventing optimizations  |
-------------------------------------------------------------------------------------------------------------------------
|  Retarget                     |               0  |               3  |                                              0  |
|  Constant propagation         |               0  |               0  |                                              0  |
|  Sweep                        |               0  |               0  |                                              0  |
|  BUFG optimization            |               0  |               0  |                                              0  |
|  Shift Register Optimization  |               0  |               0  |                                              0  |
|  Post Processing Netlist      |               0  |               0  |                                              0  |
-------------------------------------------------------------------------------------------------------------------------


Ending Logic Optimization Task | Checksum: 10ee96b48

Time (s): cpu = 00:00:01 ; elapsed = 00:00:01 . Memory (MB): peak = 2242.957 ; gain = 0.039

Starting Power Optimization Task
INFO: [Pwropt 34-132] Skipping clock gating for clocks with a period < 2.00 ns.
INFO: [Pwropt 34-9] Applying IDT optimizations ...
INFO: [Pwropt 34-10] Applying ODC optimizations ...
INFO: [Timing 38-35] Done setting XDC timing constraints.
Running Vector-less Activity Propagation...

Finished Running Vector-less Activity Propagation


Starting PowerOpt Patch Enables Task
INFO: [Pwropt 34-162] WRITE_MODE attribute of 0 BRAM(s) out of a total of 4 has been updated to save power. Run report_power_opt to get a complete listing of the BRAMs updated.
INFO: [Pwropt 34-201] Structural ODC has moved 0 WE to EN ports
Number of BRAM Ports augmented: 0 newly gated: 4 Total Ports: 8
Ending PowerOpt Patch Enables Task | Checksum: a69b61b3

Time (s): cpu = 00:00:00 ; elapsed = 00:00:00.057 . Memory (MB): peak = 2242.957 ; gain = 0.000
Ending Power Optimization Task | Checksum: a69b61b3

Time (s): cpu = 00:00:04 ; elapsed = 00:00:02 . Memory (MB): peak = 2242.957 ; gain = 0.000

Starting Final Cleanup Task

Starting Logic Optimization Task
INFO: [Timing 38-35] Done setting XDC timing constraints.
Ending Logic Optimization Task | Checksum: 14300a290

Time (s): cpu = 00:00:01 ; elapsed = 00:00:00.691 . Memory (MB): peak = 2246.160 ; gain = 3.203
Ending Final Cleanup Task | Checksum: 14300a290

Time (s): cpu = 00:00:03 ; elapsed = 00:00:03 . Memory (MB): peak = 2246.160 ; gain = 3.203
Netlist sorting complete. Time (s): cpu = 00:00:00 ; elapsed = 00:00:00.004 . Memory (MB): peak = 2246.160 ; gain = 0.000
INFO: [Common 17-83] Releasing license: Implementation
27 Infos, 1 Warnings, 0 Critical Warnings and 0 Errors encountered.
opt_design completed successfully
opt_design: Time (s): cpu = 00:00:16 ; elapsed = 00:00:14 . Memory (MB): peak = 2246.160 ; gain = 200.855
# place_design
Command: place_design
Attempting to get a license for feature 'Implementation' and/or device 'xc7z020'
INFO: [Common 17-349] Got license for feature 'Implementation' and/or device 'xc7z020'
INFO: [Common 17-83] Releasing license: Implementation
INFO: [DRC 23-27] Running DRC with 2 threads
WARNING: [DRC 23-814] Not all possible (connectivity based) DRCs may have been run because this design is seen as Out of Context.
INFO: [Vivado_Tcl 4-198] DRC finished with 0 Errors
INFO: [Vivado_Tcl 4-199] Please refer to the DRC report (report_drc) for more information.
INFO: [Timing 38-35] Done setting XDC timing constraints.
Running DRC as a precondition to command place_design
INFO: [DRC 23-27] Running DRC with 2 threads
WARNING: [DRC 23-814] Not all possible (connectivity based) DRCs may have been run because this design is seen as Out of Context.
INFO: [Vivado_Tcl 4-198] DRC finished with 0 Errors, 21 Warnings
INFO: [Vivado_Tcl 4-199] Please refer to the DRC report (report_drc) for more information.
INFO: [Place 30-611] Multithreading enabled for place_design using a maximum of 2 CPUs

Starting Placer Task

Phase 1 Placer Initialization

Phase 1.1 Placer Initialization Netlist Sorting
Netlist sorting complete. Time (s): cpu = 00:00:00 ; elapsed = 00:00:00.005 . Memory (MB): peak = 2246.160 ; gain = 0.000
Phase 1.1 Placer Initialization Netlist Sorting | Checksum: 124d7f881

Time (s): cpu = 00:00:00 ; elapsed = 00:00:00.010 . Memory (MB): peak = 2246.160 ; gain = 0.000
Netlist sorting complete. Time (s): cpu = 00:00:00 ; elapsed = 00:00:00.005 . Memory (MB): peak = 2246.160 ; gain = 0.000

Phase 1.2 IO Placement/ Clock Placement/ Build Placer Device
Phase 1.2 IO Placement/ Clock Placement/ Build Placer Device | Checksum: 881304d9

Time (s): cpu = 00:00:01 ; elapsed = 00:00:00.747 . Memory (MB): peak = 2246.160 ; gain = 0.000

Phase 1.3 Build Placer Netlist Model
Phase 1.3 Build Placer Netlist Model | Checksum: ea085bfa

Time (s): cpu = 00:00:05 ; elapsed = 00:00:04 . Memory (MB): peak = 2246.160 ; gain = 0.000

Phase 1.4 Constrain Clocks/Macros
Phase 1.4 Constrain Clocks/Macros | Checksum: ea085bfa

Time (s): cpu = 00:00:05 ; elapsed = 00:00:04 . Memory (MB): peak = 2246.160 ; gain = 0.000
Phase 1 Placer Initialization | Checksum: ea085bfa

Time (s): cpu = 00:00:05 ; elapsed = 00:00:04 . Memory (MB): peak = 2246.160 ; gain = 0.000

Phase 2 Global Placement

Phase 2.1 Floorplanning
Phase 2.1 Floorplanning | Checksum: 10afc5266

Time (s): cpu = 00:00:07 ; elapsed = 00:00:05 . Memory (MB): peak = 2246.160 ; gain = 0.000

Phase 2.2 Update Timing before SLR Path Opt
Phase 2.2 Update Timing before SLR Path Opt | Checksum: c568d35f

Time (s): cpu = 00:00:09 ; elapsed = 00:00:06 . Memory (MB): peak = 2246.160 ; gain = 0.000

Phase 2.3 Post-Processing in Floorplanning
Phase 2.3 Post-Processing in Floorplanning | Checksum: c568d35f

Time (s): cpu = 00:00:09 ; elapsed = 00:00:06 . Memory (MB): peak = 2246.160 ; gain = 0.000

Phase 2.4 Global Place Phase1
Phase 2.4 Global Place Phase1 | Checksum: 1c853ea63

Time (s): cpu = 00:00:24 ; elapsed = 00:00:15 . Memory (MB): peak = 2246.160 ; gain = 0.000

Phase 2.5 Global Place Phase2

Phase 2.5.1 UpdateTiming Before Physical Synthesis
Phase 2.5.1 UpdateTiming Before Physical Synthesis | Checksum: 129307201

Time (s): cpu = 00:00:25 ; elapsed = 00:00:15 . Memory (MB): peak = 2246.160 ; gain = 0.000

Phase 2.5.2 Physical Synthesis In Placer
INFO: [Physopt 32-1035] Found 0 LUTNM shape to break, 174 LUT instances to create LUTNM shape
INFO: [Physopt 32-1044] Break lutnm for timing: one critical 0, two critical 0, total 0, new lutff created 0
INFO: [Physopt 32-1138] End 1 Pass. Optimized 84 nets or LUTs. Breaked 0 LUT, combined 84 existing LUTs and moved 0 existing LUT
INFO: [Physopt 32-65] No nets found for high-fanout optimization.
INFO: [Physopt 32-232] Optimized 0 net. Created 0 new instance.
INFO: [Physopt 32-775] End 1 Pass. Optimized 0 net or cell. Created 0 new cell, deleted 0 existing cell and moved 0 existing cell
INFO: [Physopt 32-456] No candidate cells for DSP register optimization found in the design.
INFO: [Physopt 32-775] End 2 Pass. Optimized 0 net or cell. Created 0 new cell, deleted 0 existing cell and moved 0 existing cell
INFO: [Physopt 32-1123] No candidate cells found for Shift Register to Pipeline optimization
INFO: [Physopt 32-775] End 2 Pass. Optimized 0 net or cell. Created 0 new cell, deleted 0 existing cell and moved 0 existing cell
INFO: [Physopt 32-1401] No candidate cells found for Shift Register optimization.
INFO: [Physopt 32-677] No candidate cells for Shift Register optimization found in the design
INFO: [Physopt 32-775] End 1 Pass. Optimized 0 net or cell. Created 0 new cell, deleted 0 existing cell and moved 0 existing cell
INFO: [Physopt 32-526] No candidate cells for BRAM register optimization found in the design
INFO: [Physopt 32-775] End 1 Pass. Optimized 0 net or cell. Created 0 new cell, deleted 0 existing cell and moved 0 existing cell
INFO: [Physopt 32-846] No candidate cells for URAM register optimization found in the design
INFO: [Physopt 32-775] End 1 Pass. Optimized 0 net or cell. Created 0 new cell, deleted 0 existing cell and moved 0 existing cell
INFO: [Physopt 32-846] No candidate cells for URAM register optimization found in the design
INFO: [Physopt 32-775] End 1 Pass. Optimized 0 net or cell. Created 0 new cell, deleted 0 existing cell and moved 0 existing cell
INFO: [Physopt 32-949] No candidate nets found for dynamic/static region interface net replication
INFO: [Physopt 32-775] End 1 Pass. Optimized 0 net or cell. Created 0 new cell, deleted 0 existing cell and moved 0 existing cell
Netlist sorting complete. Time (s): cpu = 00:00:00 ; elapsed = 00:00:00.005 . Memory (MB): peak = 2246.160 ; gain = 0.000

Summary of Physical Synthesis Optimizations
============================================


-----------------------------------------------------------------------------------------------------------------------------------------------------------
|  Optimization                                     |  Added Cells  |  Removed Cells  |  Optimized Cells/Nets  |  Dont Touch  |  Iterations  |  Elapsed   |
-----------------------------------------------------------------------------------------------------------------------------------------------------------
|  LUT Combining                                    |            0  |             84  |                    84  |           0  |           1  |  00:00:00  |
|  Retime                                           |            0  |              0  |                     0  |           0  |           1  |  00:00:00  |
|  Very High Fanout                                 |            0  |              0  |                     0  |           0  |           1  |  00:00:00  |
|  DSP Register                                     |            0  |              0  |                     0  |           0  |           1  |  00:00:00  |
|  Shift Register to Pipeline                       |            0  |              0  |                     0  |           0  |           1  |  00:00:00  |
|  Shift Register                                   |            0  |              0  |                     0  |           0  |           1  |  00:00:00  |
|  BRAM Register                                    |            0  |              0  |                     0  |           0  |           1  |  00:00:00  |
|  URAM Register                                    |            0  |              0  |                     0  |           0  |           1  |  00:00:00  |
|  Dynamic/Static Region Interface Net Replication  |            0  |              0  |                     0  |           0  |           1  |  00:00:00  |
|  Total                                            |            0  |             84  |                    84  |           0  |           9  |  00:00:00  |
-----------------------------------------------------------------------------------------------------------------------------------------------------------


Phase 2.5.2 Physical Synthesis In Placer | Checksum: 22bbc5fb8

Time (s): cpu = 00:00:27 ; elapsed = 00:00:17 . Memory (MB): peak = 2246.160 ; gain = 0.000
Phase 2.5 Global Place Phase2 | Checksum: 1f937f7da

Time (s): cpu = 00:00:28 ; elapsed = 00:00:17 . Memory (MB): peak = 2246.160 ; gain = 0.000
Phase 2 Global Placement | Checksum: 1f937f7da

Time (s): cpu = 00:00:28 ; elapsed = 00:00:17 . Memory (MB): peak = 2246.160 ; gain = 0.000

Phase 3 Detail Placement

Phase 3.1 Commit Multi Column Macros
Phase 3.1 Commit Multi Column Macros | Checksum: 20142960d

Time (s): cpu = 00:00:29 ; elapsed = 00:00:18 . Memory (MB): peak = 2246.160 ; gain = 0.000

Phase 3.2 Commit Most Macros & LUTRAMs
Phase 3.2 Commit Most Macros & LUTRAMs | Checksum: 119d7a60b

Time (s): cpu = 00:00:32 ; elapsed = 00:00:20 . Memory (MB): peak = 2246.160 ; gain = 0.000

Phase 3.3 Area Swap Optimization
Phase 3.3 Area Swap Optimization | Checksum: 148245682

Time (s): cpu = 00:00:32 ; elapsed = 00:00:20 . Memory (MB): peak = 2246.160 ; gain = 0.000

Phase 3.4 Pipeline Register Optimization
Phase 3.4 Pipeline Register Optimization | Checksum: 12bd0543c

Time (s): cpu = 00:00:32 ; elapsed = 00:00:20 . Memory (MB): peak = 2246.160 ; gain = 0.000

Phase 3.5 Small Shape Detail Placement
Phase 3.5 Small Shape Detail Placement | Checksum: 24b33a7ae

Time (s): cpu = 00:00:38 ; elapsed = 00:00:26 . Memory (MB): peak = 2246.160 ; gain = 0.000

Phase 3.6 Re-assign LUT pins
Phase 3.6 Re-assign LUT pins | Checksum: 1b1ad0ee3

Time (s): cpu = 00:00:39 ; elapsed = 00:00:27 . Memory (MB): peak = 2246.160 ; gain = 0.000

Phase 3.7 Pipeline Register Optimization
Phase 3.7 Pipeline Register Optimization | Checksum: 108584926

Time (s): cpu = 00:00:39 ; elapsed = 00:00:27 . Memory (MB): peak = 2246.160 ; gain = 0.000
Phase 3 Detail Placement | Checksum: 108584926

Time (s): cpu = 00:00:39 ; elapsed = 00:00:27 . Memory (MB): peak = 2246.160 ; gain = 0.000

Phase 4 Post Placement Optimization and Clean-Up

Phase 4.1 Post Commit Optimization
INFO: [Timing 38-35] Done setting XDC timing constraints.

Phase 4.1.1 Post Placement Optimization
Post Placement Optimization Initialization | Checksum: 174005563

Phase 4.1.1.1 BUFG Insertion

Starting Physical Synthesis Task

Phase 1 Physical Synthesis Initialization
INFO: [Physopt 32-721] Multithreading enabled for phys_opt_design using a maximum of 2 CPUs
INFO: [Physopt 32-619] Estimated Timing Summary | WNS=-0.455 | TNS=-9.321 |
Phase 1 Physical Synthesis Initialization | Checksum: 155f07713

Time (s): cpu = 00:00:00 ; elapsed = 00:00:00.203 . Memory (MB): peak = 2246.160 ; gain = 0.000
INFO: [Place 46-33] Processed net core/native_system/digital/bank/reset_sync_reg[1], BUFG insertion was skipped due to placement/routing conflicts.
INFO: [Place 46-33] Processed net core/bridge/rst_n_0, BUFG insertion was skipped due to placement/routing conflicts.
INFO: [Place 46-33] Processed net core/native_system/digital/bank/written1, BUFG insertion was skipped due to placement/routing conflicts.
INFO: [Place 46-33] Processed net core/native_system/queue/seq[1][15]_i_1_n_0, BUFG insertion was skipped due to placement/routing conflicts.
INFO: [Place 46-56] BUFG insertion identified 4 candidate nets. Inserted BUFG: 0, Replicated BUFG Driver: 0, Skipped due to Placement/Routing Conflicts: 4, Skipped due to Timing Degradation: 0, Skipped due to netlist editing failed: 0.
Ending Physical Synthesis Task | Checksum: cd2fb597

Time (s): cpu = 00:00:01 ; elapsed = 00:00:00.687 . Memory (MB): peak = 2246.160 ; gain = 0.000
Phase 4.1.1.1 BUFG Insertion | Checksum: 174005563

Time (s): cpu = 00:00:44 ; elapsed = 00:00:31 . Memory (MB): peak = 2246.160 ; gain = 0.000

Phase 4.1.1.2 Post Placement Timing Optimization
INFO: [Place 30-746] Post Placement Timing Summary WNS=0.501. For the most accurate timing information please run report_timing.
Phase 4.1.1.2 Post Placement Timing Optimization | Checksum: e6cc4916

Time (s): cpu = 00:00:56 ; elapsed = 00:00:44 . Memory (MB): peak = 2246.160 ; gain = 0.000

Time (s): cpu = 00:00:56 ; elapsed = 00:00:44 . Memory (MB): peak = 2246.160 ; gain = 0.000
Phase 4.1 Post Commit Optimization | Checksum: e6cc4916

Time (s): cpu = 00:00:56 ; elapsed = 00:00:44 . Memory (MB): peak = 2246.160 ; gain = 0.000

Phase 4.2 Post Placement Cleanup
Phase 4.2 Post Placement Cleanup | Checksum: e6cc4916

Time (s): cpu = 00:00:56 ; elapsed = 00:00:44 . Memory (MB): peak = 2246.160 ; gain = 0.000

Phase 4.3 Placer Reporting

Phase 4.3.1 Print Estimated Congestion
INFO: [Place 30-612] Post-Placement Estimated Congestion 
 ____________________________________________________
|           | Global Congestion | Short Congestion  |
| Direction | Region Size       | Region Size       |
|___________|___________________|___________________|
|      North|                1x1|                2x2|
|___________|___________________|___________________|
|      South|                1x1|                2x2|
|___________|___________________|___________________|
|       East|                1x1|                1x1|
|___________|___________________|___________________|
|       West|                1x1|                1x1|
|___________|___________________|___________________|

Phase 4.3.1 Print Estimated Congestion | Checksum: e6cc4916

Time (s): cpu = 00:00:57 ; elapsed = 00:00:44 . Memory (MB): peak = 2246.160 ; gain = 0.000
Phase 4.3 Placer Reporting | Checksum: e6cc4916

Time (s): cpu = 00:00:57 ; elapsed = 00:00:44 . Memory (MB): peak = 2246.160 ; gain = 0.000

Phase 4.4 Final Placement Cleanup
Netlist sorting complete. Time (s): cpu = 00:00:00 ; elapsed = 00:00:00.022 . Memory (MB): peak = 2246.160 ; gain = 0.000

Time (s): cpu = 00:00:57 ; elapsed = 00:00:44 . Memory (MB): peak = 2246.160 ; gain = 0.000
Phase 4 Post Placement Optimization and Clean-Up | Checksum: 74eea87d

Time (s): cpu = 00:00:57 ; elapsed = 00:00:44 . Memory (MB): peak = 2246.160 ; gain = 0.000
Ending Placer Task | Checksum: 285d03eb

Time (s): cpu = 00:00:57 ; elapsed = 00:00:44 . Memory (MB): peak = 2246.160 ; gain = 0.000
41 Infos, 2 Warnings, 0 Critical Warnings and 0 Errors encountered.
place_design completed successfully
place_design: Time (s): cpu = 00:00:59 ; elapsed = 00:00:46 . Memory (MB): peak = 2246.160 ; gain = 0.000
# route_design
Command: route_design
Attempting to get a license for feature 'Implementation' and/or device 'xc7z020'
INFO: [Common 17-349] Got license for feature 'Implementation' and/or device 'xc7z020'


Starting Routing Task
INFO: [Route 35-254] Multithreading enabled for route_design using a maximum of 2 CPUs

Phase 1 Build RT Design
Checksum: PlaceDB: 1172ae6b ConstDB: 0 ShapeSum: f0e290 RouteDB: 15f972f0
WARNING: [Route 35-197] Clock port "clk" does not have an associated HD.CLK_SRC. Without this constraint, timing analysis may not be accurate and upstream checks cannot be done to ensure correct clock placement.
WARNING: [Route 35-198] Port "frame_data[1729]" does not have an associated HD.PARTPIN_LOCS, which will prevent the partial routing of the signal "frame_data[1729]". Without this partial route, timing analysis to/from this port will not be accurate, and no routing information for this port can be exported.
WARNING: [Route 35-198] Port "frame_data[1695]" does not have an associated HD.PARTPIN_LOCS, which will prevent the partial routing of the signal "frame_data[1695]". Without this partial route, timing analysis to/from this port will not be accurate, and no routing information for this port can be exported.
WARNING: [Route 35-198] Port "frame_data[1661]" does not have an associated HD.PARTPIN_LOCS, which will prevent the partial routing of the signal "frame_data[1661]". Without this partial route, timing analysis to/from this port will not be accurate, and no routing information for this port can be exported.
WARNING: [Route 35-198] Port "frame_data[996]" does not have an associated HD.PARTPIN_LOCS, which will prevent the partial routing of the signal "frame_data[996]". Without this partial route, timing analysis to/from this port will not be accurate, and no routing information for this port can be exported.
WARNING: [Route 35-198] Port "frame_data[1030]" does not have an associated HD.PARTPIN_LOCS, which will prevent the partial routing of the signal "frame_data[1030]". Without this partial route, timing analysis to/from this port will not be accurate, and no routing information for this port can be exported.
WARNING: [Route 35-198] Port "frame_data[979]" does not have an associated HD.PARTPIN_LOCS, which will prevent the partial routing of the signal "frame_data[979]". Without this partial route, timing analysis to/from this port will not be accurate, and no routing information for this port can be exported.
WARNING: [Route 35-198] Port "frame_data[928]" does not have an associated HD.PARTPIN_LOCS, which will prevent the partial routing of the signal "frame_data[928]". Without this partial route, timing analysis to/from this port will not be accurate, and no routing information for this port can be exported.
WARNING: [Route 35-198] Port "frame_data[894]" does not have an associated HD.PARTPIN_LOCS, which will prevent the partial routing of the signal "frame_data[894]". Without this partial route, timing analysis to/from this port will not be accurate, and no routing information for this port can be exported.
WARNING: [Route 35-198] Port "frame_data[877]" does not have an associated HD.PARTPIN_LOCS, which will prevent the partial routing of the signal "frame_data[877]". Without this partial route, timing analysis to/from this port will not be accurate, and no routing information for this port can be exported.
WARNING: [Route 35-198] Port "frame_data[1899]" does not have an associated HD.PARTPIN_LOCS, which will prevent the partial routing of the signal "frame_data[1899]". Without this partial route, timing analysis to/from this port will not be accurate, and no routing information for this port can be exported.
WARNING: [Route 35-198] Port "frame_data[1882]" does not have an associated HD.PARTPIN_LOCS, which will prevent the partial routing of the signal "frame_data[1882]". Without this partial route, timing analysis to/from this port will not be accurate, and no routing information for this port can be exported.
WARNING: [Route 35-198] Port "frame_data[1865]" does not have an associated HD.PARTPIN_LOCS, which will prevent the partial routing of the signal "frame_data[1865]". Without this partial route, timing analysis to/from this port will not be accurate, and no routing information for this port can be exported.
WARNING: [Route 35-198] Port "frame_data[1814]" does not have an associated HD.PARTPIN_LOCS, which will prevent the partial routing of the signal "frame_data[1814]". Without this partial route, timing analysis to/from this port will not be accurate, and no routing information for this port can be exported.
WARNING: [Route 35-198] Port "frame_data[1304]" does not have an associated HD.PARTPIN_LOCS, which will prevent the partial routing of the signal "frame_data[1304]". Without this partial route, timing analysis to/from this port will not be accurate, and no routing information for this port can be exported.
WARNING: [Route 35-198] Port "frame_data[1270]" does not have an associated HD.PARTPIN_LOCS, which will prevent the partial routing of the signal "frame_data[1270]". Without this partial route, timing analysis to/from this port will not be accurate, and no routing information for this port can be exported.
WARNING: [Route 35-198] Port "frame_data[1168]" does not have an associated HD.PARTPIN_LOCS, which will prevent the partial routing of the signal "frame_data[1168]". Without this partial route, timing analysis to/from this port will not be accurate, and no routing information for this port can be exported.
WARNING: [Route 35-198] Port "frame_data[1100]" does not have an associated HD.PARTPIN_LOCS, which will prevent the partial routing of the signal "frame_data[1100]". Without this partial route, timing analysis to/from this port will not be accurate, and no routing information for this port can be exported.
WARNING: [Route 35-198] Port "frame_data[1644]" does not have an associated HD.PARTPIN_LOCS, which will prevent the partial routing of the signal "frame_data[1644]". Without this partial route, timing analysis to/from this port will not be accurate, and no routing information for this port can be exported.
WARNING: [Route 35-198] Port "frame_data[1081]" does not have an associated HD.PARTPIN_LOCS, which will prevent the partial routing of the signal "frame_data[1081]". Without this partial route, timing analysis to/from this port will not be accurate, and no routing information for this port can be exported.
WARNING: [Route 35-198] Port "frame_data[1047]" does not have an associated HD.PARTPIN_LOCS, which will prevent the partial routing of the signal "frame_data[1047]". Without this partial route, timing analysis to/from this port will not be accurate, and no routing information for this port can be exported.
WARNING: [Route 35-198] Port "frame_data[1064]" does not have an associated HD.PARTPIN_LOCS, which will prevent the partial routing of the signal "frame_data[1064]". Without this partial route, timing analysis to/from this port will not be accurate, and no routing information for this port can be exported.
WARNING: [Route 35-198] Port "frame_data[962]" does not have an associated HD.PARTPIN_LOCS, which will prevent the partial routing of the signal "frame_data[962]". Without this partial route, timing analysis to/from this port will not be accurate, and no routing information for this port can be exported.
WARNING: [Route 35-198] Port "frame_data[860]" does not have an associated HD.PARTPIN_LOCS, which will prevent the partial routing of the signal "frame_data[860]". Without this partial route, timing analysis to/from this port will not be accurate, and no routing information for this port can be exported.
WARNING: [Route 35-198] Port "frame_data[1287]" does not have an associated HD.PARTPIN_LOCS, which will prevent the partial routing of the signal "frame_data[1287]". Without this partial route, timing analysis to/from this port will not be accurate, and no routing information for this port can be exported.
WARNING: [Route 35-198] Port "frame_data[1236]" does not have an associated HD.PARTPIN_LOCS, which will prevent the partial routing of the signal "frame_data[1236]". Without this partial route, timing analysis to/from this port will not be accurate, and no routing information for this port can be exported.
WARNING: [Route 35-198] Port "frame_data[1185]" does not have an associated HD.PARTPIN_LOCS, which will prevent the partial routing of the signal "frame_data[1185]". Without this partial route, timing analysis to/from this port will not be accurate, and no routing information for this port can be exported.
WARNING: [Route 35-198] Port "frame_data[1117]" does not have an associated HD.PARTPIN_LOCS, which will prevent the partial routing of the signal "frame_data[1117]". Without this partial route, timing analysis to/from this port will not be accurate, and no routing information for this port can be exported.
WARNING: [Route 35-198] Port "frame_data[1321]" does not have an associated HD.PARTPIN_LOCS, which will prevent the partial routing of the signal "frame_data[1321]". Without this partial route, timing analysis to/from this port will not be accurate, and no routing information for this port can be exported.
WARNING: [Route 35-198] Port "frame_data[1253]" does not have an associated HD.PARTPIN_LOCS, which will prevent the partial routing of the signal "frame_data[1253]". Without this partial route, timing analysis to/from this port will not be accurate, and no routing information for this port can be exported.
WARNING: [Route 35-198] Port "frame_data[1219]" does not have an associated HD.PARTPIN_LOCS, which will prevent the partial routing of the signal "frame_data[1219]". Without this partial route, timing analysis to/from this port will not be accurate, and no routing information for this port can be exported.
WARNING: [Route 35-198] Port "frame_data[1848]" does not have an associated HD.PARTPIN_LOCS, which will prevent the partial routing of the signal "frame_data[1848]". Without this partial route, timing analysis to/from this port will not be accurate, and no routing information for this port can be exported.
WARNING: [Route 35-198] Port "frame_data[1797]" does not have an associated HD.PARTPIN_LOCS, which will prevent the partial routing of the signal "frame_data[1797]". Without this partial route, timing analysis to/from this port will not be accurate, and no routing information for this port can be exported.
WARNING: [Route 35-198] Port "frame_data[1712]" does not have an associated HD.PARTPIN_LOCS, which will prevent the partial routing of the signal "frame_data[1712]". Without this partial route, timing analysis to/from this port will not be accurate, and no routing information for this port can be exported.
WARNING: [Route 35-198] Port "frame_data[1831]" does not have an associated HD.PARTPIN_LOCS, which will prevent the partial routing of the signal "frame_data[1831]". Without this partial route, timing analysis to/from this port will not be accurate, and no routing information for this port can be exported.
WARNING: [Route 35-198] Port "frame_data[1780]" does not have an associated HD.PARTPIN_LOCS, which will prevent the partial routing of the signal "frame_data[1780]". Without this partial route, timing analysis to/from this port will not be accurate, and no routing information for this port can be exported.
WARNING: [Route 35-198] Port "frame_data[1763]" does not have an associated HD.PARTPIN_LOCS, which will prevent the partial routing of the signal "frame_data[1763]". Without this partial route, timing analysis to/from this port will not be accurate, and no routing information for this port can be exported.
WARNING: [Route 35-198] Port "frame_data[1746]" does not have an associated HD.PARTPIN_LOCS, which will prevent the partial routing of the signal "frame_data[1746]". Without this partial route, timing analysis to/from this port will not be accurate, and no routing information for this port can be exported.
WARNING: [Route 35-198] Port "frame_data[1678]" does not have an associated HD.PARTPIN_LOCS, which will prevent the partial routing of the signal "frame_data[1678]". Without this partial route, timing analysis to/from this port will not be accurate, and no routing information for this port can be exported.
WARNING: [Route 35-198] Port "frame_data[1013]" does not have an associated HD.PARTPIN_LOCS, which will prevent the partial routing of the signal "frame_data[1013]". Without this partial route, timing analysis to/from this port will not be accurate, and no routing information for this port can be exported.
WARNING: [Route 35-198] Port "frame_data[843]" does not have an associated HD.PARTPIN_LOCS, which will prevent the partial routing of the signal "frame_data[843]". Without this partial route, timing analysis to/from this port will not be accurate, and no routing information for this port can be exported.
WARNING: [Route 35-198] Port "frame_data[911]" does not have an associated HD.PARTPIN_LOCS, which will prevent the partial routing of the signal "frame_data[911]". Without this partial route, timing analysis to/from this port will not be accurate, and no routing information for this port can be exported.
WARNING: [Route 35-198] Port "frame_data[826]" does not have an associated HD.PARTPIN_LOCS, which will prevent the partial routing of the signal "frame_data[826]". Without this partial route, timing analysis to/from this port will not be accurate, and no routing information for this port can be exported.
WARNING: [Route 35-198] Port "frame_data[1355]" does not have an associated HD.PARTPIN_LOCS, which will prevent the partial routing of the signal "frame_data[1355]". Without this partial route, timing analysis to/from this port will not be accurate, and no routing information for this port can be exported.
WARNING: [Route 35-198] Port "frame_data[1202]" does not have an associated HD.PARTPIN_LOCS, which will prevent the partial routing of the signal "frame_data[1202]". Without this partial route, timing analysis to/from this port will not be accurate, and no routing information for this port can be exported.
WARNING: [Route 35-198] Port "frame_data[1151]" does not have an associated HD.PARTPIN_LOCS, which will prevent the partial routing of the signal "frame_data[1151]". Without this partial route, timing analysis to/from this port will not be accurate, and no routing information for this port can be exported.
WARNING: [Route 35-198] Port "frame_data[1134]" does not have an associated HD.PARTPIN_LOCS, which will prevent the partial routing of the signal "frame_data[1134]". Without this partial route, timing analysis to/from this port will not be accurate, and no routing information for this port can be exported.
WARNING: [Route 35-198] Port "frame_data[1338]" does not have an associated HD.PARTPIN_LOCS, which will prevent the partial routing of the signal "frame_data[1338]". Without this partial route, timing analysis to/from this port will not be accurate, and no routing information for this port can be exported.
WARNING: [Route 35-198] Port "frame_data[945]" does not have an associated HD.PARTPIN_LOCS, which will prevent the partial routing of the signal "frame_data[945]". Without this partial route, timing analysis to/from this port will not be accurate, and no routing information for this port can be exported.
WARNING: [Route 35-198] Port "frame_data[758]" does not have an associated HD.PARTPIN_LOCS, which will prevent the partial routing of the signal "frame_data[758]". Without this partial route, timing analysis to/from this port will not be accurate, and no routing information for this port can be exported.
WARNING: [Route 35-198] Port "frame_data[741]" does not have an associated HD.PARTPIN_LOCS, which will prevent the partial routing of the signal "frame_data[741]". Without this partial route, timing analysis to/from this port will not be accurate, and no routing information for this port can be exported.
WARNING: [Route 35-198] Port "frame_data[231]" does not have an associated HD.PARTPIN_LOCS, which will prevent the partial routing of the signal "frame_data[231]". Without this partial route, timing analysis to/from this port will not be accurate, and no routing information for this port can be exported.
WARNING: [Route 35-198] Port "frame_data[214]" does not have an associated HD.PARTPIN_LOCS, which will prevent the partial routing of the signal "frame_data[214]". Without this partial route, timing analysis to/from this port will not be accurate, and no routing information for this port can be exported.
WARNING: [Route 35-198] Port "frame_data[163]" does not have an associated HD.PARTPIN_LOCS, which will prevent the partial routing of the signal "frame_data[163]". Without this partial route, timing analysis to/from this port will not be accurate, and no routing information for this port can be exported.
WARNING: [Route 35-198] Port "frame_data[78]" does not have an associated HD.PARTPIN_LOCS, which will prevent the partial routing of the signal "frame_data[78]". Without this partial route, timing analysis to/from this port will not be accurate, and no routing information for this port can be exported.
WARNING: [Route 35-198] Port "frame_data[10]" does not have an associated HD.PARTPIN_LOCS, which will prevent the partial routing of the signal "frame_data[10]". Without this partial route, timing analysis to/from this port will not be accurate, and no routing information for this port can be exported.
WARNING: [Route 35-198] Port "frame_data[707]" does not have an associated HD.PARTPIN_LOCS, which will prevent the partial routing of the signal "frame_data[707]". Without this partial route, timing analysis to/from this port will not be accurate, and no routing information for this port can be exported.
WARNING: [Route 35-198] Port "frame_data[605]" does not have an associated HD.PARTPIN_LOCS, which will prevent the partial routing of the signal "frame_data[605]". Without this partial route, timing analysis to/from this port will not be accurate, and no routing information for this port can be exported.
WARNING: [Route 35-198] Port "frame_data[588]" does not have an associated HD.PARTPIN_LOCS, which will prevent the partial routing of the signal "frame_data[588]". Without this partial route, timing analysis to/from this port will not be accurate, and no routing information for this port can be exported.
WARNING: [Route 35-198] Port "frame_data[95]" does not have an associated HD.PARTPIN_LOCS, which will prevent the partial routing of the signal "frame_data[95]". Without this partial route, timing analysis to/from this port will not be accurate, and no routing information for this port can be exported.
WARNING: [Route 35-198] Port "frame_data[248]" does not have an associated HD.PARTPIN_LOCS, which will prevent the partial routing of the signal "frame_data[248]". Without this partial route, timing analysis to/from this port will not be accurate, and no routing information for this port can be exported.
WARNING: [Route 35-198] Port "frame_data[146]" does not have an associated HD.PARTPIN_LOCS, which will prevent the partial routing of the signal "frame_data[146]". Without this partial route, timing analysis to/from this port will not be accurate, and no routing information for this port can be exported.
WARNING: [Route 35-198] Port "frame_data[656]" does not have an associated HD.PARTPIN_LOCS, which will prevent the partial routing of the signal "frame_data[656]". Without this partial route, timing analysis to/from this port will not be accurate, and no routing information for this port can be exported.
WARNING: [Route 35-198] Port "frame_data[180]" does not have an associated HD.PARTPIN_LOCS, which will prevent the partial routing of the signal "frame_data[180]". Without this partial route, timing analysis to/from this port will not be accurate, and no routing information for this port can be exported.
WARNING: [Route 35-198] Port "frame_data[129]" does not have an associated HD.PARTPIN_LOCS, which will prevent the partial routing of the signal "frame_data[129]". Without this partial route, timing analysis to/from this port will not be accurate, and no routing information for this port can be exported.
WARNING: [Route 35-198] Port "frame_data[27]" does not have an associated HD.PARTPIN_LOCS, which will prevent the partial routing of the signal "frame_data[27]". Without this partial route, timing analysis to/from this port will not be accurate, and no routing information for this port can be exported.
WARNING: [Route 35-198] Port "frame_data[197]" does not have an associated HD.PARTPIN_LOCS, which will prevent the partial routing of the signal "frame_data[197]". Without this partial route, timing analysis to/from this port will not be accurate, and no routing information for this port can be exported.
WARNING: [Route 35-198] Port "frame_data[112]" does not have an associated HD.PARTPIN_LOCS, which will prevent the partial routing of the signal "frame_data[112]". Without this partial route, timing analysis to/from this port will not be accurate, and no routing information for this port can be exported.
WARNING: [Route 35-198] Port "frame_data[44]" does not have an associated HD.PARTPIN_LOCS, which will prevent the partial routing of the signal "frame_data[44]". Without this partial route, timing analysis to/from this port will not be accurate, and no routing information for this port can be exported.
WARNING: [Route 35-198] Port "frame_data[724]" does not have an associated HD.PARTPIN_LOCS, which will prevent the partial routing of the signal "frame_data[724]". Without this partial route, timing analysis to/from this port will not be accurate, and no routing information for this port can be exported.
WARNING: [Route 35-198] Port "frame_data[622]" does not have an associated HD.PARTPIN_LOCS, which will prevent the partial routing of the signal "frame_data[622]". Without this partial route, timing analysis to/from this port will not be accurate, and no routing information for this port can be exported.
WARNING: [Route 35-198] Port "frame_data[554]" does not have an associated HD.PARTPIN_LOCS, which will prevent the partial routing of the signal "frame_data[554]". Without this partial route, timing analysis to/from this port will not be accurate, and no routing information for this port can be exported.
WARNING: [Route 35-198] Port "frame_data[265]" does not have an associated HD.PARTPIN_LOCS, which will prevent the partial routing of the signal "frame_data[265]". Without this partial route, timing analysis to/from this port will not be accurate, and no routing information for this port can be exported.
WARNING: [Route 35-198] Port "frame_data[61]" does not have an associated HD.PARTPIN_LOCS, which will prevent the partial routing of the signal "frame_data[61]". Without this partial route, timing analysis to/from this port will not be accurate, and no routing information for this port can be exported.
WARNING: [Route 35-198] Port "frame_data[792]" does not have an associated HD.PARTPIN_LOCS, which will prevent the partial routing of the signal "frame_data[792]". Without this partial route, timing analysis to/from this port will not be accurate, and no routing information for this port can be exported.
WARNING: [Route 35-198] Port "frame_data[690]" does not have an associated HD.PARTPIN_LOCS, which will prevent the partial routing of the signal "frame_data[690]". Without this partial route, timing analysis to/from this port will not be accurate, and no routing information for this port can be exported.
WARNING: [Route 35-198] Port "frame_data[673]" does not have an associated HD.PARTPIN_LOCS, which will prevent the partial routing of the signal "frame_data[673]". Without this partial route, timing analysis to/from this port will not be accurate, and no routing information for this port can be exported.
WARNING: [Route 35-198] Port "frame_data[571]" does not have an associated HD.PARTPIN_LOCS, which will prevent the partial routing of the signal "frame_data[571]". Without this partial route, timing analysis to/from this port will not be accurate, and no routing information for this port can be exported.
WARNING: [Route 35-198] Port "frame_data[2120]" does not have an associated HD.PARTPIN_LOCS, which will prevent the partial routing of the signal "frame_data[2120]". Without this partial route, timing analysis to/from this port will not be accurate, and no routing information for this port can be exported.
WARNING: [Route 35-198] Port "frame_data[2086]" does not have an associated HD.PARTPIN_LOCS, which will prevent the partial routing of the signal "frame_data[2086]". Without this partial route, timing analysis to/from this port will not be accurate, and no routing information for this port can be exported.
WARNING: [Route 35-198] Port "frame_data[2052]" does not have an associated HD.PARTPIN_LOCS, which will prevent the partial routing of the signal "frame_data[2052]". Without this partial route, timing analysis to/from this port will not be accurate, and no routing information for this port can be exported.
WARNING: [Route 35-198] Port "frame_data[775]" does not have an associated HD.PARTPIN_LOCS, which will prevent the partial routing of the signal "frame_data[775]". Without this partial route, timing analysis to/from this port will not be accurate, and no routing information for this port can be exported.
WARNING: [Route 35-198] Port "frame_data[2035]" does not have an associated HD.PARTPIN_LOCS, which will prevent the partial routing of the signal "frame_data[2035]". Without this partial route, timing analysis to/from this port will not be accurate, and no routing information for this port can be exported.
WARNING: [Route 35-198] Port "frame_data[2018]" does not have an associated HD.PARTPIN_LOCS, which will prevent the partial routing of the signal "frame_data[2018]". Without this partial route, timing analysis to/from this port will not be accurate, and no routing information for this port can be exported.
WARNING: [Route 35-198] Port "frame_data[1967]" does not have an associated HD.PARTPIN_LOCS, which will prevent the partial routing of the signal "frame_data[1967]". Without this partial route, timing analysis to/from this port will not be accurate, and no routing information for this port can be exported.
WARNING: [Route 35-198] Port "frame_data[1042]" does not have an associated HD.PARTPIN_LOCS, which will prevent the partial routing of the signal "frame_data[1042]". Without this partial route, timing analysis to/from this port will not be accurate, and no routing information for this port can be exported.
WARNING: [Route 35-198] Port "frame_data[923]" does not have an associated HD.PARTPIN_LOCS, which will prevent the partial routing of the signal "frame_data[923]". Without this partial route, timing analysis to/from this port will not be accurate, and no routing information for this port can be exported.
WARNING: [Route 35-198] Port "frame_data[889]" does not have an associated HD.PARTPIN_LOCS, which will prevent the partial routing of the signal "frame_data[889]". Without this partial route, timing analysis to/from this port will not be accurate, and no routing information for this port can be exported.
WARNING: [Route 35-198] Port "frame_data[617]" does not have an associated HD.PARTPIN_LOCS, which will prevent the partial routing of the signal "frame_data[617]". Without this partial route, timing analysis to/from this port will not be accurate, and no routing information for this port can be exported.
WARNING: [Route 35-198] Port "frame_data[2137]" does not have an associated HD.PARTPIN_LOCS, which will prevent the partial routing of the signal "frame_data[2137]". Without this partial route, timing analysis to/from this port will not be accurate, and no routing information for this port can be exported.
WARNING: [Route 35-198] Port "frame_data[1950]" does not have an associated HD.PARTPIN_LOCS, which will prevent the partial routing of the signal "frame_data[1950]". Without this partial route, timing analysis to/from this port will not be accurate, and no routing information for this port can be exported.
WARNING: [Route 35-198] Port "frame_data[1916]" does not have an associated HD.PARTPIN_LOCS, which will prevent the partial routing of the signal "frame_data[1916]". Without this partial route, timing analysis to/from this port will not be accurate, and no routing information for this port can be exported.
WARNING: [Route 35-198] Port "frame_data[957]" does not have an associated HD.PARTPIN_LOCS, which will prevent the partial routing of the signal "frame_data[957]". Without this partial route, timing analysis to/from this port will not be accurate, and no routing information for this port can be exported.
WARNING: [Route 35-198] Port "frame_data[2069]" does not have an associated HD.PARTPIN_LOCS, which will prevent the partial routing of the signal "frame_data[2069]". Without this partial route, timing analysis to/from this port will not be accurate, and no routing information for this port can be exported.
WARNING: [Route 35-198] Port "frame_data[2001]" does not have an associated HD.PARTPIN_LOCS, which will prevent the partial routing of the signal "frame_data[2001]". Without this partial route, timing analysis to/from this port will not be accurate, and no routing information for this port can be exported.
WARNING: [Route 35-198] Port "frame_data[1933]" does not have an associated HD.PARTPIN_LOCS, which will prevent the partial routing of the signal "frame_data[1933]". Without this partial route, timing analysis to/from this port will not be accurate, and no routing information for this port can be exported.
WARNING: [Route 35-198] Port "frame_data[1984]" does not have an associated HD.PARTPIN_LOCS, which will prevent the partial routing of the signal "frame_data[1984]". Without this partial route, timing analysis to/from this port will not be accurate, and no routing information for this port can be exported.
WARNING: [Route 35-198] Port "frame_data[537]" does not have an associated HD.PARTPIN_LOCS, which will prevent the partial routing of the signal "frame_data[537]". Without this partial route, timing analysis to/from this port will not be accurate, and no routing information for this port can be exported.
WARNING: [Route 35-198] Port "frame_data[486]" does not have an associated HD.PARTPIN_LOCS, which will prevent the partial routing of the signal "frame_data[486]". Without this partial route, timing analysis to/from this port will not be accurate, and no routing information for this port can be exported.
WARNING: [Route 35-198] Port "frame_data[503]" does not have an associated HD.PARTPIN_LOCS, which will prevent the partial routing of the signal "frame_data[503]". Without this partial route, timing analysis to/from this port will not be accurate, and no routing information for this port can be exported.
WARNING: [Route 35-198] Port "frame_data[282]" does not have an associated HD.PARTPIN_LOCS, which will prevent the partial routing of the signal "frame_data[282]". Without this partial route, timing analysis to/from this port will not be accurate, and no routing information for this port can be exported.
INFO: [Common 17-14] Message 'Route 35-198' appears 100 times and further instances of the messages will be disabled. Use the Tcl command set_msg_config to change the current settings.
WARNING: [Constraints 18-8777] Unable to split tiles. All required files are not available.
Post Restoration Checksum: NetGraph: 2b5e1706 | NumContArr: 8807f6eb | Constraints: c2a8fa9d | Timing: c2a8fa9d
Phase 1 Build RT Design | Checksum: 238b8032b

Time (s): cpu = 00:00:20 ; elapsed = 00:00:17 . Memory (MB): peak = 2246.160 ; gain = 0.000

Phase 2 Router Initialization

Phase 2.1 Fix Topology Constraints
Phase 2.1 Fix Topology Constraints | Checksum: 238b8032b

Time (s): cpu = 00:00:20 ; elapsed = 00:00:17 . Memory (MB): peak = 2246.160 ; gain = 0.000

Phase 2.2 Pre Route Cleanup
Phase 2.2 Pre Route Cleanup | Checksum: 238b8032b

Time (s): cpu = 00:00:20 ; elapsed = 00:00:17 . Memory (MB): peak = 2246.160 ; gain = 0.000
 Number of Nodes with overlaps = 0

Phase 2.3 Update Timing
Phase 2.3 Update Timing | Checksum: 242b892b0

Time (s): cpu = 00:00:25 ; elapsed = 00:00:20 . Memory (MB): peak = 2246.160 ; gain = 0.000
INFO: [Route 35-416] Intermediate Timing Summary | WNS=0.501  | TNS=0.000  | WHS=0.063  | THS=0.000  |


Phase 2.4 Soft Constraint Pins - Fast Budgeting
Phase 2.4 Soft Constraint Pins - Fast Budgeting | Checksum: 27caa4dd3

Time (s): cpu = 00:00:27 ; elapsed = 00:00:21 . Memory (MB): peak = 2280.648 ; gain = 34.488

Router Utilization Summary
  Global Vertical Routing Utilization    = 0.000155328 %
  Global Horizontal Routing Utilization  = 0.000422583 %
  Routable Net Status*
  *Does not include unroutable nets such as driverless and loadless.
  Run report_route_status for detailed report.
  Number of Failed Nets               = 21583
    (Failed Nets is the sum of unrouted and partially routed nets)
  Number of Unrouted Nets             = 21579
  Number of Partially Routed Nets     = 4
  Number of Node Overlaps             = 1

Phase 2 Router Initialization | Checksum: 27caa4dd3

Time (s): cpu = 00:00:27 ; elapsed = 00:00:21 . Memory (MB): peak = 2280.648 ; gain = 34.488

Phase 3 Global Routing
Phase 3 Global Routing | Checksum: 27caa4dd3

Time (s): cpu = 00:00:27 ; elapsed = 00:00:21 . Memory (MB): peak = 2280.648 ; gain = 34.488

Phase 4 Initial Routing

Phase 4.1 Initial Net Routing Pass
Phase 4.1 Initial Net Routing Pass | Checksum: 265d48a13

Time (s): cpu = 00:00:30 ; elapsed = 00:00:23 . Memory (MB): peak = 2280.648 ; gain = 34.488
Phase 4 Initial Routing | Checksum: 265d48a13

Time (s): cpu = 00:00:30 ; elapsed = 00:00:23 . Memory (MB): peak = 2280.648 ; gain = 34.488

Phase 5 Rip-up And Reroute

Phase 5.1 Global Iteration 0
 Number of Nodes with overlaps = 1574
 Number of Nodes with overlaps = 262
 Number of Nodes with overlaps = 100
 Number of Nodes with overlaps = 37
 Number of Nodes with overlaps = 10
 Number of Nodes with overlaps = 11
 Number of Nodes with overlaps = 2
 Number of Nodes with overlaps = 0
INFO: [Route 35-416] Intermediate Timing Summary | WNS=0.069  | TNS=0.000  | WHS=N/A    | THS=N/A    |

Phase 5.1 Global Iteration 0 | Checksum: 28ee00434

Time (s): cpu = 00:00:41 ; elapsed = 00:00:32 . Memory (MB): peak = 2280.648 ; gain = 34.488
Phase 5 Rip-up And Reroute | Checksum: 28ee00434

Time (s): cpu = 00:00:41 ; elapsed = 00:00:32 . Memory (MB): peak = 2280.648 ; gain = 34.488

Phase 6 Delay and Skew Optimization

Phase 6.1 Delay CleanUp
Phase 6.1 Delay CleanUp | Checksum: 28ee00434

Time (s): cpu = 00:00:41 ; elapsed = 00:00:32 . Memory (MB): peak = 2280.648 ; gain = 34.488

Phase 6.2 Clock Skew Optimization
Phase 6.2 Clock Skew Optimization | Checksum: 28ee00434

Time (s): cpu = 00:00:41 ; elapsed = 00:00:32 . Memory (MB): peak = 2280.648 ; gain = 34.488
Phase 6 Delay and Skew Optimization | Checksum: 28ee00434

Time (s): cpu = 00:00:41 ; elapsed = 00:00:32 . Memory (MB): peak = 2280.648 ; gain = 34.488

Phase 7 Post Hold Fix

Phase 7.1 Hold Fix Iter
INFO: [Route 35-416] Intermediate Timing Summary | WNS=0.069  | TNS=0.000  | WHS=0.092  | THS=0.000  |

Phase 7.1 Hold Fix Iter | Checksum: 2d44a224e

Time (s): cpu = 00:00:42 ; elapsed = 00:00:32 . Memory (MB): peak = 2280.648 ; gain = 34.488
Phase 7 Post Hold Fix | Checksum: 2d44a224e

Time (s): cpu = 00:00:42 ; elapsed = 00:00:32 . Memory (MB): peak = 2280.648 ; gain = 34.488

Phase 8 Route finalize

Router Utilization Summary
  Global Vertical Routing Utilization    = 3.9722 %
  Global Horizontal Routing Utilization  = 4.51124 %
  Routable Net Status*
  *Does not include unroutable nets such as driverless and loadless.
  Run report_route_status for detailed report.
  Number of Failed Nets               = 0
    (Failed Nets is the sum of unrouted and partially routed nets)
  Number of Unrouted Nets             = 0
  Number of Partially Routed Nets     = 0
  Number of Node Overlaps             = 0

Phase 8 Route finalize | Checksum: 2d44a224e

Time (s): cpu = 00:00:42 ; elapsed = 00:00:32 . Memory (MB): peak = 2280.648 ; gain = 34.488

Phase 9 Verifying routed nets

 Verification completed successfully
Phase 9 Verifying routed nets | Checksum: 2d44a224e

Time (s): cpu = 00:00:42 ; elapsed = 00:00:32 . Memory (MB): peak = 2280.648 ; gain = 34.488

Phase 10 Depositing Routes
Phase 10 Depositing Routes | Checksum: 31af94c86

Time (s): cpu = 00:00:44 ; elapsed = 00:00:34 . Memory (MB): peak = 2280.648 ; gain = 34.488

Phase 11 Post Process Routing
Phase 11 Post Process Routing | Checksum: 31af94c86

Time (s): cpu = 00:00:44 ; elapsed = 00:00:34 . Memory (MB): peak = 2280.648 ; gain = 34.488

Phase 12 Post Router Timing
INFO: [Route 35-57] Estimated Timing Summary | WNS=0.069  | TNS=0.000  | WHS=0.092  | THS=0.000  |

INFO: [Route 35-327] The final timing numbers are based on the router estimated timing analysis. For a complete and accurate timing signoff, please run report_timing_summary.
Phase 12 Post Router Timing | Checksum: 31af94c86

Time (s): cpu = 00:00:44 ; elapsed = 00:00:34 . Memory (MB): peak = 2280.648 ; gain = 34.488
Total Elapsed time in route_design: 33.774 secs

Phase 13 Post-Route Event Processing
Phase 13 Post-Route Event Processing | Checksum: 1f5219553

Time (s): cpu = 00:00:44 ; elapsed = 00:00:34 . Memory (MB): peak = 2280.648 ; gain = 34.488
INFO: [Route 35-16] Router Completed Successfully
Ending Routing Task | Checksum: 1f5219553

Time (s): cpu = 00:00:44 ; elapsed = 00:00:34 . Memory (MB): peak = 2280.648 ; gain = 34.488

Routing Is Done.
INFO: [Common 17-83] Releasing license: Implementation
10 Infos, 102 Warnings, 0 Critical Warnings and 0 Errors encountered.
route_design completed successfully
route_design: Time (s): cpu = 00:00:44 ; elapsed = 00:00:34 . Memory (MB): peak = 2280.648 ; gain = 34.488
# report_timing_summary -delay_type min_max -report_unconstrained -file [file join $out pl_routed_timing.rpt]
INFO: [Timing 38-91] UpdateTimingParams: Speed grade: -2, Delay Type: min_max.
INFO: [Timing 38-191] Multithreading enabled for timing update using a maximum of 2 CPUs
WARNING: [Timing 38-493] Port health[0] has one or several leaf clock pins in its transitive fanout without any clock buffer on the path and no clock reaching the clock pin(s). Vivado cannot infer the clock source when no clock buffer is found on the path to a leaf clock pin.
WARNING: [Timing 38-493] Port health[1] has one or several leaf clock pins in its transitive fanout without any clock buffer on the path and no clock reaching the clock pin(s). Vivado cannot infer the clock source when no clock buffer is found on the path to a leaf clock pin.
WARNING: [Timing 38-493] Port health[2] has one or several leaf clock pins in its transitive fanout without any clock buffer on the path and no clock reaching the clock pin(s). Vivado cannot infer the clock source when no clock buffer is found on the path to a leaf clock pin.
WARNING: [Timing 38-493] Port health[3] has one or several leaf clock pins in its transitive fanout without any clock buffer on the path and no clock reaching the clock pin(s). Vivado cannot infer the clock source when no clock buffer is found on the path to a leaf clock pin.
WARNING: [Timing 38-493] Port health[4] has one or several leaf clock pins in its transitive fanout without any clock buffer on the path and no clock reaching the clock pin(s). Vivado cannot infer the clock source when no clock buffer is found on the path to a leaf clock pin.
WARNING: [Timing 38-493] Port health[5] has one or several leaf clock pins in its transitive fanout without any clock buffer on the path and no clock reaching the clock pin(s). Vivado cannot infer the clock source when no clock buffer is found on the path to a leaf clock pin.
WARNING: [Timing 38-493] Port rst_n has one or several leaf clock pins in its transitive fanout without any clock buffer on the path and no clock reaching the clock pin(s). Vivado cannot infer the clock source when no clock buffer is found on the path to a leaf clock pin.
WARNING: [Timing 38-242] The property HD.CLK_SRC of clock port "clk" is not set. In out-of-context mode, this prevents timing estimation for clock delay/skew
Resolution: Set the HD.CLK_SRC property of the out-of-context port to the location of the clock buffer instance in the top-level design
WARNING: [Timing 38-242] The property HD.CLK_SRC of clock port "health[0]" is not set. In out-of-context mode, this prevents timing estimation for clock delay/skew
Resolution: Set the HD.CLK_SRC property of the out-of-context port to the location of the clock buffer instance in the top-level design
WARNING: [Timing 38-242] The property HD.CLK_SRC of clock port "health[1]" is not set. In out-of-context mode, this prevents timing estimation for clock delay/skew
Resolution: Set the HD.CLK_SRC property of the out-of-context port to the location of the clock buffer instance in the top-level design
WARNING: [Timing 38-242] The property HD.CLK_SRC of clock port "health[2]" is not set. In out-of-context mode, this prevents timing estimation for clock delay/skew
Resolution: Set the HD.CLK_SRC property of the out-of-context port to the location of the clock buffer instance in the top-level design
WARNING: [Timing 38-242] The property HD.CLK_SRC of clock port "health[3]" is not set. In out-of-context mode, this prevents timing estimation for clock delay/skew
Resolution: Set the HD.CLK_SRC property of the out-of-context port to the location of the clock buffer instance in the top-level design
WARNING: [Timing 38-242] The property HD.CLK_SRC of clock port "health[4]" is not set. In out-of-context mode, this prevents timing estimation for clock delay/skew
Resolution: Set the HD.CLK_SRC property of the out-of-context port to the location of the clock buffer instance in the top-level design
WARNING: [Timing 38-242] The property HD.CLK_SRC of clock port "health[5]" is not set. In out-of-context mode, this prevents timing estimation for clock delay/skew
Resolution: Set the HD.CLK_SRC property of the out-of-context port to the location of the clock buffer instance in the top-level design
WARNING: [Timing 38-242] The property HD.CLK_SRC of clock port "rst_n" is not set. In out-of-context mode, this prevents timing estimation for clock delay/skew
Resolution: Set the HD.CLK_SRC property of the out-of-context port to the location of the clock buffer instance in the top-level design
# report_utilization -file [file join $out pl_routed_utilization.rpt]
# report_drc -file [file join $out pl_routed_drc.rpt]
Command: report_drc -file E:/Codex_project/AMD_Sonofield/v5/evidence/pre_pcb_20261009/platform/pl_routed_drc.rpt
INFO: [IP_Flow 19-234] Refreshing IP repositories
INFO: [IP_Flow 19-1704] No user IP repositories specified
INFO: [IP_Flow 19-2313] Loaded Vivado IP repository 'D:/Vivado/2025.2/2025.2/Vivado/data/ip'.
INFO: [DRC 23-27] Running DRC with 2 threads
WARNING: [DRC 23-814] Not all possible (connectivity based) DRCs may have been run because this design is seen as Out of Context.
INFO: [Vivado_Tcl 2-168] The results of DRC are in file E:/Codex_project/AMD_Sonofield/v5/evidence/pre_pcb_20261009/platform/pl_routed_drc.rpt.
report_drc completed successfully
# report_cdc -file [file join $out pl_cdc.rpt]
INFO: [Timing 38-91] UpdateTimingParams: Speed grade: -2, Delay Type: min_max.
INFO: [Timing 38-191] Multithreading enabled for timing update using a maximum of 2 CPUs
INFO: [Timing 38-314] The report_cdc command only analyzes and reports clock domain crossing paths where clocks have been defined on both source and destination sides. Ports with no input delay constraint are skipped. Please run check_timing to verify there are no missing clock definitions in your design, nor any unconstrained input port.
# write_checkpoint -force [file join $work prepcb_pl_routed.dcp]
INFO: [Timing 38-480] Writing timing data to binary archive.
Wrote PlaceDB: Time (s): cpu = 00:00:00 ; elapsed = 00:00:00 . Memory (MB): peak = 2280.648 ; gain = 0.000
Wrote PulsedLatchDB: Time (s): cpu = 00:00:00 ; elapsed = 00:00:00 . Memory (MB): peak = 2280.648 ; gain = 0.000
Writing XDEF routing.
Write ShapeDB Complete: Time (s): cpu = 00:00:00 ; elapsed = 00:00:00.024 . Memory (MB): peak = 2280.648 ; gain = 0.000
Writing XDEF routing logical nets.
Writing XDEF routing special nets.
Wrote RouteStorage: Time (s): cpu = 00:00:00 ; elapsed = 00:00:00.177 . Memory (MB): peak = 2280.648 ; gain = 0.000
Wrote PlaceStorage: Time (s): cpu = 00:00:01 ; elapsed = 00:00:00.595 . Memory (MB): peak = 2280.648 ; gain = 0.000
Wrote Netlist Cache: Time (s): cpu = 00:00:00 ; elapsed = 00:00:00.029 . Memory (MB): peak = 2280.648 ; gain = 0.000
Wrote Device Cache: Time (s): cpu = 00:00:00 ; elapsed = 00:00:00.009 . Memory (MB): peak = 2280.648 ; gain = 0.000
Write Physdb Complete: Time (s): cpu = 00:00:01 ; elapsed = 00:00:00.831 . Memory (MB): peak = 2280.648 ; gain = 0.000
INFO: [Common 17-1381] The checkpoint 'E:/Codex_project/AMD_Sonofield/v5/build/prepcb_platform/prepcb_pl_routed.dcp' has been generated.
# puts "PREPCB_PL_OOC_ROUTED_NOT_BOARD_TIMING_CLOSURE"
PREPCB_PL_OOC_ROUTED_NOT_BOARD_TIMING_CLOSURE
INFO: [Common 17-206] Exiting Vivado at Fri Oct  9 14:26:19 2026...
