Copyright 1986-2022 Xilinx, Inc. All Rights Reserved. Copyright 2022-2025 Advanced Micro Devices, Inc. All Rights Reserved.
------------------------------------------------------------------------------------------------------------------------------------------------------------------------------------------------------------------------
| Tool Version : Vivado v.2025.2 (win64) Build 6299465 Fri Nov 14 19:35:11 GMT 2025
| Date         : Tue Sep 29 13:27:49 2026
| Host         : loverlike running 64-bit major release  (build 9200)
| Command      : report_timing -max_paths 20 -nworst 1 -path_type full_clock_expanded -input_pins -nets -file E:/Codex_project/AMD-SonoField-FPGA/v2/evidence/core_timing_real_loop/round1/synthesis/critical_paths.rpt
| Design       : sono_axi_system
| Device       : 7z020-clg400
| Speed File   : -1  PRODUCTION 1.12 2019-11-22
| Design State : Synthesized
------------------------------------------------------------------------------------------------------------------------------------------------------------------------------------------------------------------------

Timing Report

Slack (VIOLATED) :        -7.911ns  (required time - arrival time)
  Source:                 native_system/digital/burst/accumulator_reg[11]/C
                            (rising edge-triggered cell FDCE clocked by core132  {rise@0.000ns fall@3.788ns period=7.576ns})
  Destination:            native_system/digital/serial/serial_data_reg[0]/D
                            (rising edge-triggered cell FDCE clocked by core132  {rise@0.000ns fall@3.788ns period=7.576ns})
  Path Group:             core132
  Path Type:              Setup (Max at Slow Process Corner)
  Requirement:            7.576ns  (core132 rise@7.576ns - core132 rise@0.000ns)
  Data Path Delay:        15.480ns  (logic 7.368ns (47.597%)  route 8.112ns (52.403%))
  Logic Levels:           24  (CARRY4=13 LUT2=1 LUT3=3 LUT5=3 LUT6=4)
  Clock Path Skew:        -0.049ns (DCD - SCD + CPR)
    Destination Clock Delay (DCD):    0.924ns = ( 8.500 - 7.576 ) 
    Source Clock Delay      (SCD):    0.973ns
    Clock Pessimism Removal (CPR):    0.000ns
  Clock Uncertainty:      0.035ns  ((TSJ^2 + TIJ^2)^1/2 + DJ) / 2 + PE
    Total System Jitter     (TSJ):    0.071ns
    Total Input Jitter      (TIJ):    0.000ns
    Discrete Jitter          (DJ):    0.000ns
    Phase Error              (PE):    0.000ns

    Location             Delay type                Incr(ns)  Path(ns)    Netlist Resource(s)
  -------------------------------------------------------------------    -------------------
                         (clock core132 rise edge)    0.000     0.000 r  
                                                      0.000     0.000 r  clk (IN)
                         net (fo=18006, unset)        0.973     0.973    native_system/digital/burst/clk
                         FDCE                                         r  native_system/digital/burst/accumulator_reg[11]/C
  -------------------------------------------------------------------    -------------------
                         FDCE (Prop_fdce_C_Q)         0.518     1.491 r  native_system/digital/burst/accumulator_reg[11]/Q
                         net (fo=16, unplaced)        0.795     2.286    native_system/digital/burst/scaled[19]
                                                                      r  native_system/digital/burst/commanded_waveform[127]_INST_0_i_329/I0
                         LUT3 (Prop_lut3_I0_O)        0.319     2.605 r  native_system/digital/burst/commanded_waveform[127]_INST_0_i_329/O
                         net (fo=3, unplaced)         0.467     3.072    native_system/digital/burst/commanded_waveform[127]_INST_0_i_329_n_0
                                                                      r  native_system/digital/burst/commanded_waveform[127]_INST_0_i_267/I4
                         LUT5 (Prop_lut5_I4_O)        0.124     3.196 r  native_system/digital/burst/commanded_waveform[127]_INST_0_i_267/O
                         net (fo=2, unplaced)         0.650     3.846    native_system/digital/burst/commanded_waveform[127]_INST_0_i_267_n_0
                                                                      r  native_system/digital/burst/commanded_waveform[127]_INST_0_i_207/DI[1]
                         CARRY4 (Prop_carry4_DI[1]_CO[3])
                                                      0.520     4.366 r  native_system/digital/burst/commanded_waveform[127]_INST_0_i_207/CO[3]
                         net (fo=1, unplaced)         0.000     4.366    native_system/digital/burst/commanded_waveform[127]_INST_0_i_207_n_0
                                                                      r  native_system/digital/burst/commanded_waveform[127]_INST_0_i_153/CI
                         CARRY4 (Prop_carry4_CI_CO[3])
                                                      0.117     4.483 r  native_system/digital/burst/commanded_waveform[127]_INST_0_i_153/CO[3]
                         net (fo=1, unplaced)         0.000     4.483    native_system/digital/burst/commanded_waveform[127]_INST_0_i_153_n_0
                                                                      r  native_system/digital/burst/commanded_waveform[127]_INST_0_i_101/CI
                         CARRY4 (Prop_carry4_CI_CO[3])
                                                      0.117     4.600 r  native_system/digital/burst/commanded_waveform[127]_INST_0_i_101/CO[3]
                         net (fo=1, unplaced)         0.000     4.600    native_system/digital/burst/commanded_waveform[127]_INST_0_i_101_n_0
                                                                      r  native_system/digital/burst/commanded_waveform[127]_INST_0_i_66/CI
                         CARRY4 (Prop_carry4_CI_CO[3])
                                                      0.117     4.717 r  native_system/digital/burst/commanded_waveform[127]_INST_0_i_66/CO[3]
                         net (fo=1, unplaced)         0.000     4.717    native_system/digital/burst/commanded_waveform[127]_INST_0_i_66_n_0
                                                                      r  native_system/digital/burst/commanded_waveform[127]_INST_0_i_42/CI
                         CARRY4 (Prop_carry4_CI_O[2])
                                                      0.256     4.973 r  native_system/digital/burst/commanded_waveform[127]_INST_0_i_42/O[2]
                         net (fo=28, unplaced)        0.973     5.946    native_system/digital/burst/commanded_waveform[127]_INST_0_i_42_n_5
                                                                      r  native_system/digital/burst/commanded_waveform[127]_INST_0_i_300/I0
                         LUT3 (Prop_lut3_I0_O)        0.301     6.247 r  native_system/digital/burst/commanded_waveform[127]_INST_0_i_300/O
                         net (fo=1, unplaced)         0.473     6.720    native_system/digital/burst/commanded_waveform[127]_INST_0_i_300_n_0
                                                                      r  native_system/digital/burst/commanded_waveform[127]_INST_0_i_241/DI[3]
                         CARRY4 (Prop_carry4_DI[3]_CO[3])
                                                      0.396     7.116 r  native_system/digital/burst/commanded_waveform[127]_INST_0_i_241/CO[3]
                         net (fo=1, unplaced)         0.009     7.125    native_system/digital/burst/commanded_waveform[127]_INST_0_i_241_n_0
                                                                      r  native_system/digital/burst/commanded_waveform[127]_INST_0_i_185/CI
                         CARRY4 (Prop_carry4_CI_O[1])
                                                      0.337     7.462 r  native_system/digital/burst/commanded_waveform[127]_INST_0_i_185/O[1]
                         net (fo=3, unplaced)         0.629     8.091    native_system/digital/burst/commanded_waveform[127]_INST_0_i_185_n_6
                                                                      r  native_system/digital/burst/commanded_waveform[127]_INST_0_i_240/I2
                         LUT3 (Prop_lut3_I2_O)        0.306     8.397 r  native_system/digital/burst/commanded_waveform[127]_INST_0_i_240/O
                         net (fo=2, unplaced)         0.913     9.310    native_system/digital/burst/commanded_waveform[127]_INST_0_i_240_n_0
                                                                      r  native_system/digital/burst/commanded_waveform[127]_INST_0_i_182/I1
                         LUT6 (Prop_lut6_I1_O)        0.124     9.434 r  native_system/digital/burst/commanded_waveform[127]_INST_0_i_182/O
                         net (fo=1, unplaced)         0.000     9.434    native_system/digital/burst/commanded_waveform[127]_INST_0_i_182_n_0
                                                                      r  native_system/digital/burst/commanded_waveform[127]_INST_0_i_124/S[1]
                         CARRY4 (Prop_carry4_S[1]_CO[3])
                                                      0.533     9.967 r  native_system/digital/burst/commanded_waveform[127]_INST_0_i_124/CO[3]
                         net (fo=1, unplaced)         0.000     9.967    native_system/digital/burst/commanded_waveform[127]_INST_0_i_124_n_0
                                                                      r  native_system/digital/burst/commanded_waveform[127]_INST_0_i_84/CI
                         CARRY4 (Prop_carry4_CI_O[3])
                                                      0.331    10.298 r  native_system/digital/burst/commanded_waveform[127]_INST_0_i_84/O[3]
                         net (fo=3, unplaced)         0.636    10.934    native_system/digital/burst/commanded_waveform[127]_INST_0_i_84_n_4
                                                                      r  native_system/digital/burst/commanded_waveform[127]_INST_0_i_78/I0
                         LUT2 (Prop_lut2_I0_O)        0.300    11.234 r  native_system/digital/burst/commanded_waveform[127]_INST_0_i_78/O
                         net (fo=1, unplaced)         0.000    11.234    native_system/digital/burst/commanded_waveform[127]_INST_0_i_78_n_0
                                                                      r  native_system/digital/burst/commanded_waveform[127]_INST_0_i_43/DI[1]
                         CARRY4 (Prop_carry4_DI[1]_CO[3])
                                                      0.547    11.781 r  native_system/digital/burst/commanded_waveform[127]_INST_0_i_43/CO[3]
                         net (fo=1, unplaced)         0.000    11.781    native_system/digital/burst/commanded_waveform[127]_INST_0_i_43_n_0
                                                                      r  native_system/digital/burst/commanded_waveform[127]_INST_0_i_37/CI
                         CARRY4 (Prop_carry4_CI_CO[2])
                                                      0.252    12.033 r  native_system/digital/burst/commanded_waveform[127]_INST_0_i_37/CO[2]
                         net (fo=8, unplaced)         0.490    12.523    native_system/digital/burst/commanded_waveform[127]_INST_0_i_37_n_1
                                                                      r  native_system/digital/burst/commanded_waveform[127]_INST_0_i_34/I1
                         LUT6 (Prop_lut6_I1_O)        0.310    12.833 r  native_system/digital/burst/commanded_waveform[127]_INST_0_i_34/O
                         net (fo=1, unplaced)         0.000    12.833    native_system/digital/burst/commanded_waveform[127]_INST_0_i_34_n_0
                                                                      r  native_system/digital/burst/commanded_waveform[127]_INST_0_i_23/S[1]
                         CARRY4 (Prop_carry4_S[1]_CO[3])
                                                      0.533    13.366 r  native_system/digital/burst/commanded_waveform[127]_INST_0_i_23/CO[3]
                         net (fo=1, unplaced)         0.009    13.375    native_system/digital/burst/commanded_waveform[127]_INST_0_i_23_n_0
                                                                      r  native_system/digital/burst/commanded_waveform[127]_INST_0_i_17/CI
                         CARRY4 (Prop_carry4_CI_O[3])
                                                      0.331    13.706 f  native_system/digital/burst/commanded_waveform[127]_INST_0_i_17/O[3]
                         net (fo=1, unplaced)         0.618    14.324    native_system/digital/burst/phase[7]
                                                                      f  native_system/digital/burst/commanded_waveform[127]_INST_0_i_11/I0
                         LUT5 (Prop_lut5_I0_O)        0.307    14.631 r  native_system/digital/burst/commanded_waveform[127]_INST_0_i_11/O
                         net (fo=8, unplaced)         0.487    15.118    native_system/digital/scheduler/commanded_waveform3
                                                                      r  native_system/digital/scheduler/commanded_waveform[31]_INST_0_i_2/I4
                         LUT6 (Prop_lut6_I4_O)        0.124    15.242 r  native_system/digital/scheduler/commanded_waveform[31]_INST_0_i_2/O
                         net (fo=16, unplaced)        0.503    15.745    native_system/digital/bank/captured_reg[1]_0
                                                                      r  native_system/digital/bank/commanded_waveform[3]_INST_0/I3
                         LUT5 (Prop_lut5_I3_O)        0.124    15.869 r  native_system/digital/bank/commanded_waveform[3]_INST_0/O
                         net (fo=2, unplaced)         0.460    16.329    native_system/digital/serial/commanded_waveform[3]
                                                                      r  native_system/digital/serial/serial_data[0]_i_1/I0
                         LUT6 (Prop_lut6_I0_O)        0.124    16.453 r  native_system/digital/serial/serial_data[0]_i_1/O
                         net (fo=1, unplaced)         0.000    16.453    native_system/digital/serial/serial_data[0]_i_1_n_0
                         FDCE                                         r  native_system/digital/serial/serial_data_reg[0]/D
  -------------------------------------------------------------------    -------------------

                         (clock core132 rise edge)    7.576     7.576 r  
                                                      0.000     7.576 r  clk (IN)
                         net (fo=18006, unset)        0.924     8.500    native_system/digital/serial/clk
                         FDCE                                         r  native_system/digital/serial/serial_data_reg[0]/C
                         clock pessimism              0.000     8.500    
                         clock uncertainty           -0.035     8.465    
                         FDCE (Setup_fdce_C_D)        0.077     8.542    native_system/digital/serial/serial_data_reg[0]
  -------------------------------------------------------------------
                         required time                          8.542    
                         arrival time                         -16.453    
  -------------------------------------------------------------------
                         slack                                 -7.911    

Slack (VIOLATED) :        -7.911ns  (required time - arrival time)
  Source:                 native_system/digital/burst/accumulator_reg[11]/C
                            (rising edge-triggered cell FDCE clocked by core132  {rise@0.000ns fall@3.788ns period=7.576ns})
  Destination:            native_system/digital/serial/serial_data_reg[10]/D
                            (rising edge-triggered cell FDCE clocked by core132  {rise@0.000ns fall@3.788ns period=7.576ns})
  Path Group:             core132
  Path Type:              Setup (Max at Slow Process Corner)
  Requirement:            7.576ns  (core132 rise@7.576ns - core132 rise@0.000ns)
  Data Path Delay:        15.480ns  (logic 7.368ns (47.597%)  route 8.112ns (52.403%))
  Logic Levels:           24  (CARRY4=13 LUT2=1 LUT3=3 LUT5=3 LUT6=4)
  Clock Path Skew:        -0.049ns (DCD - SCD + CPR)
    Destination Clock Delay (DCD):    0.924ns = ( 8.500 - 7.576 ) 
    Source Clock Delay      (SCD):    0.973ns
    Clock Pessimism Removal (CPR):    0.000ns
  Clock Uncertainty:      0.035ns  ((TSJ^2 + TIJ^2)^1/2 + DJ) / 2 + PE
    Total System Jitter     (TSJ):    0.071ns
    Total Input Jitter      (TIJ):    0.000ns
    Discrete Jitter          (DJ):    0.000ns
    Phase Error              (PE):    0.000ns

    Location             Delay type                Incr(ns)  Path(ns)    Netlist Resource(s)
  -------------------------------------------------------------------    -------------------
                         (clock core132 rise edge)    0.000     0.000 r  
                                                      0.000     0.000 r  clk (IN)
                         net (fo=18006, unset)        0.973     0.973    native_system/digital/burst/clk
                         FDCE                                         r  native_system/digital/burst/accumulator_reg[11]/C
  -------------------------------------------------------------------    -------------------
                         FDCE (Prop_fdce_C_Q)         0.518     1.491 r  native_system/digital/burst/accumulator_reg[11]/Q
                         net (fo=16, unplaced)        0.795     2.286    native_system/digital/burst/scaled[19]
                                                                      r  native_system/digital/burst/commanded_waveform[127]_INST_0_i_329/I0
                         LUT3 (Prop_lut3_I0_O)        0.319     2.605 r  native_system/digital/burst/commanded_waveform[127]_INST_0_i_329/O
                         net (fo=3, unplaced)         0.467     3.072    native_system/digital/burst/commanded_waveform[127]_INST_0_i_329_n_0
                                                                      r  native_system/digital/burst/commanded_waveform[127]_INST_0_i_267/I4
                         LUT5 (Prop_lut5_I4_O)        0.124     3.196 r  native_system/digital/burst/commanded_waveform[127]_INST_0_i_267/O
                         net (fo=2, unplaced)         0.650     3.846    native_system/digital/burst/commanded_waveform[127]_INST_0_i_267_n_0
                                                                      r  native_system/digital/burst/commanded_waveform[127]_INST_0_i_207/DI[1]
                         CARRY4 (Prop_carry4_DI[1]_CO[3])
                                                      0.520     4.366 r  native_system/digital/burst/commanded_waveform[127]_INST_0_i_207/CO[3]
                         net (fo=1, unplaced)         0.000     4.366    native_system/digital/burst/commanded_waveform[127]_INST_0_i_207_n_0
                                                                      r  native_system/digital/burst/commanded_waveform[127]_INST_0_i_153/CI
                         CARRY4 (Prop_carry4_CI_CO[3])
                                                      0.117     4.483 r  native_system/digital/burst/commanded_waveform[127]_INST_0_i_153/CO[3]
                         net (fo=1, unplaced)         0.000     4.483    native_system/digital/burst/commanded_waveform[127]_INST_0_i_153_n_0
                                                                      r  native_system/digital/burst/commanded_waveform[127]_INST_0_i_101/CI
                         CARRY4 (Prop_carry4_CI_CO[3])
                                                      0.117     4.600 r  native_system/digital/burst/commanded_waveform[127]_INST_0_i_101/CO[3]
                         net (fo=1, unplaced)         0.000     4.600    native_system/digital/burst/commanded_waveform[127]_INST_0_i_101_n_0
                                                                      r  native_system/digital/burst/commanded_waveform[127]_INST_0_i_66/CI
                         CARRY4 (Prop_carry4_CI_CO[3])
                                                      0.117     4.717 r  native_system/digital/burst/commanded_waveform[127]_INST_0_i_66/CO[3]
                         net (fo=1, unplaced)         0.000     4.717    native_system/digital/burst/commanded_waveform[127]_INST_0_i_66_n_0
                                                                      r  native_system/digital/burst/commanded_waveform[127]_INST_0_i_42/CI
                         CARRY4 (Prop_carry4_CI_O[2])
                                                      0.256     4.973 r  native_system/digital/burst/commanded_waveform[127]_INST_0_i_42/O[2]
                         net (fo=28, unplaced)        0.973     5.946    native_system/digital/burst/commanded_waveform[127]_INST_0_i_42_n_5
                                                                      r  native_system/digital/burst/commanded_waveform[127]_INST_0_i_300/I0
                         LUT3 (Prop_lut3_I0_O)        0.301     6.247 r  native_system/digital/burst/commanded_waveform[127]_INST_0_i_300/O
                         net (fo=1, unplaced)         0.473     6.720    native_system/digital/burst/commanded_waveform[127]_INST_0_i_300_n_0
                                                                      r  native_system/digital/burst/commanded_waveform[127]_INST_0_i_241/DI[3]
                         CARRY4 (Prop_carry4_DI[3]_CO[3])
                                                      0.396     7.116 r  native_system/digital/burst/commanded_waveform[127]_INST_0_i_241/CO[3]
                         net (fo=1, unplaced)         0.009     7.125    native_system/digital/burst/commanded_waveform[127]_INST_0_i_241_n_0
                                                                      r  native_system/digital/burst/commanded_waveform[127]_INST_0_i_185/CI
                         CARRY4 (Prop_carry4_CI_O[1])
                                                      0.337     7.462 r  native_system/digital/burst/commanded_waveform[127]_INST_0_i_185/O[1]
                         net (fo=3, unplaced)         0.629     8.091    native_system/digital/burst/commanded_waveform[127]_INST_0_i_185_n_6
                                                                      r  native_system/digital/burst/commanded_waveform[127]_INST_0_i_240/I2
                         LUT3 (Prop_lut3_I2_O)        0.306     8.397 r  native_system/digital/burst/commanded_waveform[127]_INST_0_i_240/O
                         net (fo=2, unplaced)         0.913     9.310    native_system/digital/burst/commanded_waveform[127]_INST_0_i_240_n_0
                                                                      r  native_system/digital/burst/commanded_waveform[127]_INST_0_i_182/I1
                         LUT6 (Prop_lut6_I1_O)        0.124     9.434 r  native_system/digital/burst/commanded_waveform[127]_INST_0_i_182/O
                         net (fo=1, unplaced)         0.000     9.434    native_system/digital/burst/commanded_waveform[127]_INST_0_i_182_n_0
                                                                      r  native_system/digital/burst/commanded_waveform[127]_INST_0_i_124/S[1]
                         CARRY4 (Prop_carry4_S[1]_CO[3])
                                                      0.533     9.967 r  native_system/digital/burst/commanded_waveform[127]_INST_0_i_124/CO[3]
                         net (fo=1, unplaced)         0.000     9.967    native_system/digital/burst/commanded_waveform[127]_INST_0_i_124_n_0
                                                                      r  native_system/digital/burst/commanded_waveform[127]_INST_0_i_84/CI
                         CARRY4 (Prop_carry4_CI_O[3])
                                                      0.331    10.298 r  native_system/digital/burst/commanded_waveform[127]_INST_0_i_84/O[3]
                         net (fo=3, unplaced)         0.636    10.934    native_system/digital/burst/commanded_waveform[127]_INST_0_i_84_n_4
                                                                      r  native_system/digital/burst/commanded_waveform[127]_INST_0_i_78/I0
                         LUT2 (Prop_lut2_I0_O)        0.300    11.234 r  native_system/digital/burst/commanded_waveform[127]_INST_0_i_78/O
                         net (fo=1, unplaced)         0.000    11.234    native_system/digital/burst/commanded_waveform[127]_INST_0_i_78_n_0
                                                                      r  native_system/digital/burst/commanded_waveform[127]_INST_0_i_43/DI[1]
                         CARRY4 (Prop_carry4_DI[1]_CO[3])
                                                      0.547    11.781 r  native_system/digital/burst/commanded_waveform[127]_INST_0_i_43/CO[3]
                         net (fo=1, unplaced)         0.000    11.781    native_system/digital/burst/commanded_waveform[127]_INST_0_i_43_n_0
                                                                      r  native_system/digital/burst/commanded_waveform[127]_INST_0_i_37/CI
                         CARRY4 (Prop_carry4_CI_CO[2])
                                                      0.252    12.033 r  native_system/digital/burst/commanded_waveform[127]_INST_0_i_37/CO[2]
                         net (fo=8, unplaced)         0.490    12.523    native_system/digital/burst/commanded_waveform[127]_INST_0_i_37_n_1
                                                                      r  native_system/digital/burst/commanded_waveform[127]_INST_0_i_34/I1
                         LUT6 (Prop_lut6_I1_O)        0.310    12.833 r  native_system/digital/burst/commanded_waveform[127]_INST_0_i_34/O
                         net (fo=1, unplaced)         0.000    12.833    native_system/digital/burst/commanded_waveform[127]_INST_0_i_34_n_0
                                                                      r  native_system/digital/burst/commanded_waveform[127]_INST_0_i_23/S[1]
                         CARRY4 (Prop_carry4_S[1]_CO[3])
                                                      0.533    13.366 r  native_system/digital/burst/commanded_waveform[127]_INST_0_i_23/CO[3]
                         net (fo=1, unplaced)         0.009    13.375    native_system/digital/burst/commanded_waveform[127]_INST_0_i_23_n_0
                                                                      r  native_system/digital/burst/commanded_waveform[127]_INST_0_i_17/CI
                         CARRY4 (Prop_carry4_CI_O[3])
                                                      0.331    13.706 f  native_system/digital/burst/commanded_waveform[127]_INST_0_i_17/O[3]
                         net (fo=1, unplaced)         0.618    14.324    native_system/digital/burst/phase[7]
                                                                      f  native_system/digital/burst/commanded_waveform[127]_INST_0_i_11/I0
                         LUT5 (Prop_lut5_I0_O)        0.307    14.631 r  native_system/digital/burst/commanded_waveform[127]_INST_0_i_11/O
                         net (fo=8, unplaced)         0.487    15.118    native_system/digital/scheduler/commanded_waveform3
                                                                      r  native_system/digital/scheduler/commanded_waveform[63]_INST_0_i_2/I4
                         LUT6 (Prop_lut6_I4_O)        0.124    15.242 r  native_system/digital/scheduler/commanded_waveform[63]_INST_0_i_2/O
                         net (fo=16, unplaced)        0.503    15.745    native_system/digital/bank/captured_reg[33]_0
                                                                      r  native_system/digital/bank/commanded_waveform[43]_INST_0/I3
                         LUT5 (Prop_lut5_I3_O)        0.124    15.869 r  native_system/digital/bank/commanded_waveform[43]_INST_0/O
                         net (fo=2, unplaced)         0.460    16.329    native_system/digital/serial/commanded_waveform[43]
                                                                      r  native_system/digital/serial/serial_data[10]_i_1/I0
                         LUT6 (Prop_lut6_I0_O)        0.124    16.453 r  native_system/digital/serial/serial_data[10]_i_1/O
                         net (fo=1, unplaced)         0.000    16.453    native_system/digital/serial/serial_data[10]_i_1_n_0
                         FDCE                                         r  native_system/digital/serial/serial_data_reg[10]/D
  -------------------------------------------------------------------    -------------------

                         (clock core132 rise edge)    7.576     7.576 r  
                                                      0.000     7.576 r  clk (IN)
                         net (fo=18006, unset)        0.924     8.500    native_system/digital/serial/clk
                         FDCE                                         r  native_system/digital/serial/serial_data_reg[10]/C
                         clock pessimism              0.000     8.500    
                         clock uncertainty           -0.035     8.465    
                         FDCE (Setup_fdce_C_D)        0.077     8.542    native_system/digital/serial/serial_data_reg[10]
  -------------------------------------------------------------------
                         required time                          8.542    
                         arrival time                         -16.453    
  -------------------------------------------------------------------
                         slack                                 -7.911    

Slack (VIOLATED) :        -7.911ns  (required time - arrival time)
  Source:                 native_system/digital/burst/accumulator_reg[11]/C
                            (rising edge-triggered cell FDCE clocked by core132  {rise@0.000ns fall@3.788ns period=7.576ns})
  Destination:            native_system/digital/serial/serial_data_reg[11]/D
                            (rising edge-triggered cell FDCE clocked by core132  {rise@0.000ns fall@3.788ns period=7.576ns})
  Path Group:             core132
  Path Type:              Setup (Max at Slow Process Corner)
  Requirement:            7.576ns  (core132 rise@7.576ns - core132 rise@0.000ns)
  Data Path Delay:        15.480ns  (logic 7.368ns (47.597%)  route 8.112ns (52.403%))
  Logic Levels:           24  (CARRY4=13 LUT2=1 LUT3=3 LUT5=3 LUT6=4)
  Clock Path Skew:        -0.049ns (DCD - SCD + CPR)
    Destination Clock Delay (DCD):    0.924ns = ( 8.500 - 7.576 ) 
    Source Clock Delay      (SCD):    0.973ns
    Clock Pessimism Removal (CPR):    0.000ns
  Clock Uncertainty:      0.035ns  ((TSJ^2 + TIJ^2)^1/2 + DJ) / 2 + PE
    Total System Jitter     (TSJ):    0.071ns
    Total Input Jitter      (TIJ):    0.000ns
    Discrete Jitter          (DJ):    0.000ns
    Phase Error              (PE):    0.000ns

    Location             Delay type                Incr(ns)  Path(ns)    Netlist Resource(s)
  -------------------------------------------------------------------    -------------------
                         (clock core132 rise edge)    0.000     0.000 r  
                                                      0.000     0.000 r  clk (IN)
                         net (fo=18006, unset)        0.973     0.973    native_system/digital/burst/clk
                         FDCE                                         r  native_system/digital/burst/accumulator_reg[11]/C
  -------------------------------------------------------------------    -------------------
                         FDCE (Prop_fdce_C_Q)         0.518     1.491 r  native_system/digital/burst/accumulator_reg[11]/Q
                         net (fo=16, unplaced)        0.795     2.286    native_system/digital/burst/scaled[19]
                                                                      r  native_system/digital/burst/commanded_waveform[127]_INST_0_i_329/I0
                         LUT3 (Prop_lut3_I0_O)        0.319     2.605 r  native_system/digital/burst/commanded_waveform[127]_INST_0_i_329/O
                         net (fo=3, unplaced)         0.467     3.072    native_system/digital/burst/commanded_waveform[127]_INST_0_i_329_n_0
                                                                      r  native_system/digital/burst/commanded_waveform[127]_INST_0_i_267/I4
                         LUT5 (Prop_lut5_I4_O)        0.124     3.196 r  native_system/digital/burst/commanded_waveform[127]_INST_0_i_267/O
                         net (fo=2, unplaced)         0.650     3.846    native_system/digital/burst/commanded_waveform[127]_INST_0_i_267_n_0
                                                                      r  native_system/digital/burst/commanded_waveform[127]_INST_0_i_207/DI[1]
                         CARRY4 (Prop_carry4_DI[1]_CO[3])
                                                      0.520     4.366 r  native_system/digital/burst/commanded_waveform[127]_INST_0_i_207/CO[3]
                         net (fo=1, unplaced)         0.000     4.366    native_system/digital/burst/commanded_waveform[127]_INST_0_i_207_n_0
                                                                      r  native_system/digital/burst/commanded_waveform[127]_INST_0_i_153/CI
                         CARRY4 (Prop_carry4_CI_CO[3])
                                                      0.117     4.483 r  native_system/digital/burst/commanded_waveform[127]_INST_0_i_153/CO[3]
                         net (fo=1, unplaced)         0.000     4.483    native_system/digital/burst/commanded_waveform[127]_INST_0_i_153_n_0
                                                                      r  native_system/digital/burst/commanded_waveform[127]_INST_0_i_101/CI
                         CARRY4 (Prop_carry4_CI_CO[3])
                                                      0.117     4.600 r  native_system/digital/burst/commanded_waveform[127]_INST_0_i_101/CO[3]
                         net (fo=1, unplaced)         0.000     4.600    native_system/digital/burst/commanded_waveform[127]_INST_0_i_101_n_0
                                                                      r  native_system/digital/burst/commanded_waveform[127]_INST_0_i_66/CI
                         CARRY4 (Prop_carry4_CI_CO[3])
                                                      0.117     4.717 r  native_system/digital/burst/commanded_waveform[127]_INST_0_i_66/CO[3]
                         net (fo=1, unplaced)         0.000     4.717    native_system/digital/burst/commanded_waveform[127]_INST_0_i_66_n_0
                                                                      r  native_system/digital/burst/commanded_waveform[127]_INST_0_i_42/CI
                         CARRY4 (Prop_carry4_CI_O[2])
                                                      0.256     4.973 r  native_system/digital/burst/commanded_waveform[127]_INST_0_i_42/O[2]
                         net (fo=28, unplaced)        0.973     5.946    native_system/digital/burst/commanded_waveform[127]_INST_0_i_42_n_5
                                                                      r  native_system/digital/burst/commanded_waveform[127]_INST_0_i_300/I0
                         LUT3 (Prop_lut3_I0_O)        0.301     6.247 r  native_system/digital/burst/commanded_waveform[127]_INST_0_i_300/O
                         net (fo=1, unplaced)         0.473     6.720    native_system/digital/burst/commanded_waveform[127]_INST_0_i_300_n_0
                                                                      r  native_system/digital/burst/commanded_waveform[127]_INST_0_i_241/DI[3]
                         CARRY4 (Prop_carry4_DI[3]_CO[3])
                                                      0.396     7.116 r  native_system/digital/burst/commanded_waveform[127]_INST_0_i_241/CO[3]
                         net (fo=1, unplaced)         0.009     7.125    native_system/digital/burst/commanded_waveform[127]_INST_0_i_241_n_0
                                                                      r  native_system/digital/burst/commanded_waveform[127]_INST_0_i_185/CI
                         CARRY4 (Prop_carry4_CI_O[1])
                                                      0.337     7.462 r  native_system/digital/burst/commanded_waveform[127]_INST_0_i_185/O[1]
                         net (fo=3, unplaced)         0.629     8.091    native_system/digital/burst/commanded_waveform[127]_INST_0_i_185_n_6
                                                                      r  native_system/digital/burst/commanded_waveform[127]_INST_0_i_240/I2
                         LUT3 (Prop_lut3_I2_O)        0.306     8.397 r  native_system/digital/burst/commanded_waveform[127]_INST_0_i_240/O
                         net (fo=2, unplaced)         0.913     9.310    native_system/digital/burst/commanded_waveform[127]_INST_0_i_240_n_0
                                                                      r  native_system/digital/burst/commanded_waveform[127]_INST_0_i_182/I1
                         LUT6 (Prop_lut6_I1_O)        0.124     9.434 r  native_system/digital/burst/commanded_waveform[127]_INST_0_i_182/O
                         net (fo=1, unplaced)         0.000     9.434    native_system/digital/burst/commanded_waveform[127]_INST_0_i_182_n_0
                                                                      r  native_system/digital/burst/commanded_waveform[127]_INST_0_i_124/S[1]
                         CARRY4 (Prop_carry4_S[1]_CO[3])
                                                      0.533     9.967 r  native_system/digital/burst/commanded_waveform[127]_INST_0_i_124/CO[3]
                         net (fo=1, unplaced)         0.000     9.967    native_system/digital/burst/commanded_waveform[127]_INST_0_i_124_n_0
                                                                      r  native_system/digital/burst/commanded_waveform[127]_INST_0_i_84/CI
                         CARRY4 (Prop_carry4_CI_O[3])
                                                      0.331    10.298 r  native_system/digital/burst/commanded_waveform[127]_INST_0_i_84/O[3]
                         net (fo=3, unplaced)         0.636    10.934    native_system/digital/burst/commanded_waveform[127]_INST_0_i_84_n_4
                                                                      r  native_system/digital/burst/commanded_waveform[127]_INST_0_i_78/I0
                         LUT2 (Prop_lut2_I0_O)        0.300    11.234 r  native_system/digital/burst/commanded_waveform[127]_INST_0_i_78/O
                         net (fo=1, unplaced)         0.000    11.234    native_system/digital/burst/commanded_waveform[127]_INST_0_i_78_n_0
                                                                      r  native_system/digital/burst/commanded_waveform[127]_INST_0_i_43/DI[1]
                         CARRY4 (Prop_carry4_DI[1]_CO[3])
                                                      0.547    11.781 r  native_system/digital/burst/commanded_waveform[127]_INST_0_i_43/CO[3]
                         net (fo=1, unplaced)         0.000    11.781    native_system/digital/burst/commanded_waveform[127]_INST_0_i_43_n_0
                                                                      r  native_system/digital/burst/commanded_waveform[127]_INST_0_i_37/CI
                         CARRY4 (Prop_carry4_CI_CO[2])
                                                      0.252    12.033 r  native_system/digital/burst/commanded_waveform[127]_INST_0_i_37/CO[2]
                         net (fo=8, unplaced)         0.490    12.523    native_system/digital/burst/commanded_waveform[127]_INST_0_i_37_n_1
                                                                      r  native_system/digital/burst/commanded_waveform[127]_INST_0_i_34/I1
                         LUT6 (Prop_lut6_I1_O)        0.310    12.833 r  native_system/digital/burst/commanded_waveform[127]_INST_0_i_34/O
                         net (fo=1, unplaced)         0.000    12.833    native_system/digital/burst/commanded_waveform[127]_INST_0_i_34_n_0
                                                                      r  native_system/digital/burst/commanded_waveform[127]_INST_0_i_23/S[1]
                         CARRY4 (Prop_carry4_S[1]_CO[3])
                                                      0.533    13.366 r  native_system/digital/burst/commanded_waveform[127]_INST_0_i_23/CO[3]
                         net (fo=1, unplaced)         0.009    13.375    native_system/digital/burst/commanded_waveform[127]_INST_0_i_23_n_0
                                                                      r  native_system/digital/burst/commanded_waveform[127]_INST_0_i_17/CI
                         CARRY4 (Prop_carry4_CI_O[3])
                                                      0.331    13.706 f  native_system/digital/burst/commanded_waveform[127]_INST_0_i_17/O[3]
                         net (fo=1, unplaced)         0.618    14.324    native_system/digital/burst/phase[7]
                                                                      f  native_system/digital/burst/commanded_waveform[127]_INST_0_i_11/I0
                         LUT5 (Prop_lut5_I0_O)        0.307    14.631 r  native_system/digital/burst/commanded_waveform[127]_INST_0_i_11/O
                         net (fo=8, unplaced)         0.487    15.118    native_system/digital/scheduler/commanded_waveform3
                                                                      r  native_system/digital/scheduler/commanded_waveform[63]_INST_0_i_2/I4
                         LUT6 (Prop_lut6_I4_O)        0.124    15.242 r  native_system/digital/scheduler/commanded_waveform[63]_INST_0_i_2/O
                         net (fo=16, unplaced)        0.503    15.745    native_system/digital/bank/captured_reg[33]_0
                                                                      r  native_system/digital/bank/commanded_waveform[47]_INST_0/I3
                         LUT5 (Prop_lut5_I3_O)        0.124    15.869 r  native_system/digital/bank/commanded_waveform[47]_INST_0/O
                         net (fo=2, unplaced)         0.460    16.329    native_system/digital/serial/commanded_waveform[47]
                                                                      r  native_system/digital/serial/serial_data[11]_i_1/I0
                         LUT6 (Prop_lut6_I0_O)        0.124    16.453 r  native_system/digital/serial/serial_data[11]_i_1/O
                         net (fo=1, unplaced)         0.000    16.453    native_system/digital/serial/serial_data[11]_i_1_n_0
                         FDCE                                         r  native_system/digital/serial/serial_data_reg[11]/D
  -------------------------------------------------------------------    -------------------

                         (clock core132 rise edge)    7.576     7.576 r  
                                                      0.000     7.576 r  clk (IN)
                         net (fo=18006, unset)        0.924     8.500    native_system/digital/serial/clk
                         FDCE                                         r  native_system/digital/serial/serial_data_reg[11]/C
                         clock pessimism              0.000     8.500    
                         clock uncertainty           -0.035     8.465    
                         FDCE (Setup_fdce_C_D)        0.077     8.542    native_system/digital/serial/serial_data_reg[11]
  -------------------------------------------------------------------
                         required time                          8.542    
                         arrival time                         -16.453    
  -------------------------------------------------------------------
                         slack                                 -7.911    

Slack (VIOLATED) :        -7.911ns  (required time - arrival time)
  Source:                 native_system/digital/burst/accumulator_reg[11]/C
                            (rising edge-triggered cell FDCE clocked by core132  {rise@0.000ns fall@3.788ns period=7.576ns})
  Destination:            native_system/digital/serial/serial_data_reg[12]/D
                            (rising edge-triggered cell FDCE clocked by core132  {rise@0.000ns fall@3.788ns period=7.576ns})
  Path Group:             core132
  Path Type:              Setup (Max at Slow Process Corner)
  Requirement:            7.576ns  (core132 rise@7.576ns - core132 rise@0.000ns)
  Data Path Delay:        15.480ns  (logic 7.368ns (47.597%)  route 8.112ns (52.403%))
  Logic Levels:           24  (CARRY4=13 LUT2=1 LUT3=3 LUT5=3 LUT6=4)
  Clock Path Skew:        -0.049ns (DCD - SCD + CPR)
    Destination Clock Delay (DCD):    0.924ns = ( 8.500 - 7.576 ) 
    Source Clock Delay      (SCD):    0.973ns
    Clock Pessimism Removal (CPR):    0.000ns
  Clock Uncertainty:      0.035ns  ((TSJ^2 + TIJ^2)^1/2 + DJ) / 2 + PE
    Total System Jitter     (TSJ):    0.071ns
    Total Input Jitter      (TIJ):    0.000ns
    Discrete Jitter          (DJ):    0.000ns
    Phase Error              (PE):    0.000ns

    Location             Delay type                Incr(ns)  Path(ns)    Netlist Resource(s)
  -------------------------------------------------------------------    -------------------
                         (clock core132 rise edge)    0.000     0.000 r  
                                                      0.000     0.000 r  clk (IN)
                         net (fo=18006, unset)        0.973     0.973    native_system/digital/burst/clk
                         FDCE                                         r  native_system/digital/burst/accumulator_reg[11]/C
  -------------------------------------------------------------------    -------------------
                         FDCE (Prop_fdce_C_Q)         0.518     1.491 r  native_system/digital/burst/accumulator_reg[11]/Q
                         net (fo=16, unplaced)        0.795     2.286    native_system/digital/burst/scaled[19]
                                                                      r  native_system/digital/burst/commanded_waveform[127]_INST_0_i_329/I0
                         LUT3 (Prop_lut3_I0_O)        0.319     2.605 r  native_system/digital/burst/commanded_waveform[127]_INST_0_i_329/O
                         net (fo=3, unplaced)         0.467     3.072    native_system/digital/burst/commanded_waveform[127]_INST_0_i_329_n_0
                                                                      r  native_system/digital/burst/commanded_waveform[127]_INST_0_i_267/I4
                         LUT5 (Prop_lut5_I4_O)        0.124     3.196 r  native_system/digital/burst/commanded_waveform[127]_INST_0_i_267/O
                         net (fo=2, unplaced)         0.650     3.846    native_system/digital/burst/commanded_waveform[127]_INST_0_i_267_n_0
                                                                      r  native_system/digital/burst/commanded_waveform[127]_INST_0_i_207/DI[1]
                         CARRY4 (Prop_carry4_DI[1]_CO[3])
                                                      0.520     4.366 r  native_system/digital/burst/commanded_waveform[127]_INST_0_i_207/CO[3]
                         net (fo=1, unplaced)         0.000     4.366    native_system/digital/burst/commanded_waveform[127]_INST_0_i_207_n_0
                                                                      r  native_system/digital/burst/commanded_waveform[127]_INST_0_i_153/CI
                         CARRY4 (Prop_carry4_CI_CO[3])
                                                      0.117     4.483 r  native_system/digital/burst/commanded_waveform[127]_INST_0_i_153/CO[3]
                         net (fo=1, unplaced)         0.000     4.483    native_system/digital/burst/commanded_waveform[127]_INST_0_i_153_n_0
                                                                      r  native_system/digital/burst/commanded_waveform[127]_INST_0_i_101/CI
                         CARRY4 (Prop_carry4_CI_CO[3])
                                                      0.117     4.600 r  native_system/digital/burst/commanded_waveform[127]_INST_0_i_101/CO[3]
                         net (fo=1, unplaced)         0.000     4.600    native_system/digital/burst/commanded_waveform[127]_INST_0_i_101_n_0
                                                                      r  native_system/digital/burst/commanded_waveform[127]_INST_0_i_66/CI
                         CARRY4 (Prop_carry4_CI_CO[3])
                                                      0.117     4.717 r  native_system/digital/burst/commanded_waveform[127]_INST_0_i_66/CO[3]
                         net (fo=1, unplaced)         0.000     4.717    native_system/digital/burst/commanded_waveform[127]_INST_0_i_66_n_0
                                                                      r  native_system/digital/burst/commanded_waveform[127]_INST_0_i_42/CI
                         CARRY4 (Prop_carry4_CI_O[2])
                                                      0.256     4.973 r  native_system/digital/burst/commanded_waveform[127]_INST_0_i_42/O[2]
                         net (fo=28, unplaced)        0.973     5.946    native_system/digital/burst/commanded_waveform[127]_INST_0_i_42_n_5
                                                                      r  native_system/digital/burst/commanded_waveform[127]_INST_0_i_300/I0
                         LUT3 (Prop_lut3_I0_O)        0.301     6.247 r  native_system/digital/burst/commanded_waveform[127]_INST_0_i_300/O
                         net (fo=1, unplaced)         0.473     6.720    native_system/digital/burst/commanded_waveform[127]_INST_0_i_300_n_0
                                                                      r  native_system/digital/burst/commanded_waveform[127]_INST_0_i_241/DI[3]
                         CARRY4 (Prop_carry4_DI[3]_CO[3])
                                                      0.396     7.116 r  native_system/digital/burst/commanded_waveform[127]_INST_0_i_241/CO[3]
                         net (fo=1, unplaced)         0.009     7.125    native_system/digital/burst/commanded_waveform[127]_INST_0_i_241_n_0
                                                                      r  native_system/digital/burst/commanded_waveform[127]_INST_0_i_185/CI
                         CARRY4 (Prop_carry4_CI_O[1])
                                                      0.337     7.462 r  native_system/digital/burst/commanded_waveform[127]_INST_0_i_185/O[1]
                         net (fo=3, unplaced)         0.629     8.091    native_system/digital/burst/commanded_waveform[127]_INST_0_i_185_n_6
                                                                      r  native_system/digital/burst/commanded_waveform[127]_INST_0_i_240/I2
                         LUT3 (Prop_lut3_I2_O)        0.306     8.397 r  native_system/digital/burst/commanded_waveform[127]_INST_0_i_240/O
                         net (fo=2, unplaced)         0.913     9.310    native_system/digital/burst/commanded_waveform[127]_INST_0_i_240_n_0
                                                                      r  native_system/digital/burst/commanded_waveform[127]_INST_0_i_182/I1
                         LUT6 (Prop_lut6_I1_O)        0.124     9.434 r  native_system/digital/burst/commanded_waveform[127]_INST_0_i_182/O
                         net (fo=1, unplaced)         0.000     9.434    native_system/digital/burst/commanded_waveform[127]_INST_0_i_182_n_0
                                                                      r  native_system/digital/burst/commanded_waveform[127]_INST_0_i_124/S[1]
                         CARRY4 (Prop_carry4_S[1]_CO[3])
                                                      0.533     9.967 r  native_system/digital/burst/commanded_waveform[127]_INST_0_i_124/CO[3]
                         net (fo=1, unplaced)         0.000     9.967    native_system/digital/burst/commanded_waveform[127]_INST_0_i_124_n_0
                                                                      r  native_system/digital/burst/commanded_waveform[127]_INST_0_i_84/CI
                         CARRY4 (Prop_carry4_CI_O[3])
                                                      0.331    10.298 r  native_system/digital/burst/commanded_waveform[127]_INST_0_i_84/O[3]
                         net (fo=3, unplaced)         0.636    10.934    native_system/digital/burst/commanded_waveform[127]_INST_0_i_84_n_4
                                                                      r  native_system/digital/burst/commanded_waveform[127]_INST_0_i_78/I0
                         LUT2 (Prop_lut2_I0_O)        0.300    11.234 r  native_system/digital/burst/commanded_waveform[127]_INST_0_i_78/O
                         net (fo=1, unplaced)         0.000    11.234    native_system/digital/burst/commanded_waveform[127]_INST_0_i_78_n_0
                                                                      r  native_system/digital/burst/commanded_waveform[127]_INST_0_i_43/DI[1]
                         CARRY4 (Prop_carry4_DI[1]_CO[3])
                                                      0.547    11.781 r  native_system/digital/burst/commanded_waveform[127]_INST_0_i_43/CO[3]
                         net (fo=1, unplaced)         0.000    11.781    native_system/digital/burst/commanded_waveform[127]_INST_0_i_43_n_0
                                                                      r  native_system/digital/burst/commanded_waveform[127]_INST_0_i_37/CI
                         CARRY4 (Prop_carry4_CI_CO[2])
                                                      0.252    12.033 r  native_system/digital/burst/commanded_waveform[127]_INST_0_i_37/CO[2]
                         net (fo=8, unplaced)         0.490    12.523    native_system/digital/burst/commanded_waveform[127]_INST_0_i_37_n_1
                                                                      r  native_system/digital/burst/commanded_waveform[127]_INST_0_i_34/I1
                         LUT6 (Prop_lut6_I1_O)        0.310    12.833 r  native_system/digital/burst/commanded_waveform[127]_INST_0_i_34/O
                         net (fo=1, unplaced)         0.000    12.833    native_system/digital/burst/commanded_waveform[127]_INST_0_i_34_n_0
                                                                      r  native_system/digital/burst/commanded_waveform[127]_INST_0_i_23/S[1]
                         CARRY4 (Prop_carry4_S[1]_CO[3])
                                                      0.533    13.366 r  native_system/digital/burst/commanded_waveform[127]_INST_0_i_23/CO[3]
                         net (fo=1, unplaced)         0.009    13.375    native_system/digital/burst/commanded_waveform[127]_INST_0_i_23_n_0
                                                                      r  native_system/digital/burst/commanded_waveform[127]_INST_0_i_17/CI
                         CARRY4 (Prop_carry4_CI_O[3])
                                                      0.331    13.706 f  native_system/digital/burst/commanded_waveform[127]_INST_0_i_17/O[3]
                         net (fo=1, unplaced)         0.618    14.324    native_system/digital/burst/phase[7]
                                                                      f  native_system/digital/burst/commanded_waveform[127]_INST_0_i_11/I0
                         LUT5 (Prop_lut5_I0_O)        0.307    14.631 r  native_system/digital/burst/commanded_waveform[127]_INST_0_i_11/O
                         net (fo=8, unplaced)         0.487    15.118    native_system/digital/scheduler/commanded_waveform3
                                                                      r  native_system/digital/scheduler/commanded_waveform[63]_INST_0_i_2/I4
                         LUT6 (Prop_lut6_I4_O)        0.124    15.242 r  native_system/digital/scheduler/commanded_waveform[63]_INST_0_i_2/O
                         net (fo=16, unplaced)        0.503    15.745    native_system/digital/bank/captured_reg[33]_0
                                                                      r  native_system/digital/bank/commanded_waveform[51]_INST_0/I3
                         LUT5 (Prop_lut5_I3_O)        0.124    15.869 r  native_system/digital/bank/commanded_waveform[51]_INST_0/O
                         net (fo=2, unplaced)         0.460    16.329    native_system/digital/serial/commanded_waveform[51]
                                                                      r  native_system/digital/serial/serial_data[12]_i_1/I0
                         LUT6 (Prop_lut6_I0_O)        0.124    16.453 r  native_system/digital/serial/serial_data[12]_i_1/O
                         net (fo=1, unplaced)         0.000    16.453    native_system/digital/serial/serial_data[12]_i_1_n_0
                         FDCE                                         r  native_system/digital/serial/serial_data_reg[12]/D
  -------------------------------------------------------------------    -------------------

                         (clock core132 rise edge)    7.576     7.576 r  
                                                      0.000     7.576 r  clk (IN)
                         net (fo=18006, unset)        0.924     8.500    native_system/digital/serial/clk
                         FDCE                                         r  native_system/digital/serial/serial_data_reg[12]/C
                         clock pessimism              0.000     8.500    
                         clock uncertainty           -0.035     8.465    
                         FDCE (Setup_fdce_C_D)        0.077     8.542    native_system/digital/serial/serial_data_reg[12]
  -------------------------------------------------------------------
                         required time                          8.542    
                         arrival time                         -16.453    
  -------------------------------------------------------------------
                         slack                                 -7.911    

Slack (VIOLATED) :        -7.911ns  (required time - arrival time)
  Source:                 native_system/digital/burst/accumulator_reg[11]/C
                            (rising edge-triggered cell FDCE clocked by core132  {rise@0.000ns fall@3.788ns period=7.576ns})
  Destination:            native_system/digital/serial/serial_data_reg[13]/D
                            (rising edge-triggered cell FDCE clocked by core132  {rise@0.000ns fall@3.788ns period=7.576ns})
  Path Group:             core132
  Path Type:              Setup (Max at Slow Process Corner)
  Requirement:            7.576ns  (core132 rise@7.576ns - core132 rise@0.000ns)
  Data Path Delay:        15.480ns  (logic 7.368ns (47.597%)  route 8.112ns (52.403%))
  Logic Levels:           24  (CARRY4=13 LUT2=1 LUT3=3 LUT5=3 LUT6=4)
  Clock Path Skew:        -0.049ns (DCD - SCD + CPR)
    Destination Clock Delay (DCD):    0.924ns = ( 8.500 - 7.576 ) 
    Source Clock Delay      (SCD):    0.973ns
    Clock Pessimism Removal (CPR):    0.000ns
  Clock Uncertainty:      0.035ns  ((TSJ^2 + TIJ^2)^1/2 + DJ) / 2 + PE
    Total System Jitter     (TSJ):    0.071ns
    Total Input Jitter      (TIJ):    0.000ns
    Discrete Jitter          (DJ):    0.000ns
    Phase Error              (PE):    0.000ns

    Location             Delay type                Incr(ns)  Path(ns)    Netlist Resource(s)
  -------------------------------------------------------------------    -------------------
                         (clock core132 rise edge)    0.000     0.000 r  
                                                      0.000     0.000 r  clk (IN)
                         net (fo=18006, unset)        0.973     0.973    native_system/digital/burst/clk
                         FDCE                                         r  native_system/digital/burst/accumulator_reg[11]/C
  -------------------------------------------------------------------    -------------------
                         FDCE (Prop_fdce_C_Q)         0.518     1.491 r  native_system/digital/burst/accumulator_reg[11]/Q
                         net (fo=16, unplaced)        0.795     2.286    native_system/digital/burst/scaled[19]
                                                                      r  native_system/digital/burst/commanded_waveform[127]_INST_0_i_329/I0
                         LUT3 (Prop_lut3_I0_O)        0.319     2.605 r  native_system/digital/burst/commanded_waveform[127]_INST_0_i_329/O
                         net (fo=3, unplaced)         0.467     3.072    native_system/digital/burst/commanded_waveform[127]_INST_0_i_329_n_0
                                                                      r  native_system/digital/burst/commanded_waveform[127]_INST_0_i_267/I4
                         LUT5 (Prop_lut5_I4_O)        0.124     3.196 r  native_system/digital/burst/commanded_waveform[127]_INST_0_i_267/O
                         net (fo=2, unplaced)         0.650     3.846    native_system/digital/burst/commanded_waveform[127]_INST_0_i_267_n_0
                                                                      r  native_system/digital/burst/commanded_waveform[127]_INST_0_i_207/DI[1]
                         CARRY4 (Prop_carry4_DI[1]_CO[3])
                                                      0.520     4.366 r  native_system/digital/burst/commanded_waveform[127]_INST_0_i_207/CO[3]
                         net (fo=1, unplaced)         0.000     4.366    native_system/digital/burst/commanded_waveform[127]_INST_0_i_207_n_0
                                                                      r  native_system/digital/burst/commanded_waveform[127]_INST_0_i_153/CI
                         CARRY4 (Prop_carry4_CI_CO[3])
                                                      0.117     4.483 r  native_system/digital/burst/commanded_waveform[127]_INST_0_i_153/CO[3]
                         net (fo=1, unplaced)         0.000     4.483    native_system/digital/burst/commanded_waveform[127]_INST_0_i_153_n_0
                                                                      r  native_system/digital/burst/commanded_waveform[127]_INST_0_i_101/CI
                         CARRY4 (Prop_carry4_CI_CO[3])
                                                      0.117     4.600 r  native_system/digital/burst/commanded_waveform[127]_INST_0_i_101/CO[3]
                         net (fo=1, unplaced)         0.000     4.600    native_system/digital/burst/commanded_waveform[127]_INST_0_i_101_n_0
                                                                      r  native_system/digital/burst/commanded_waveform[127]_INST_0_i_66/CI
                         CARRY4 (Prop_carry4_CI_CO[3])
                                                      0.117     4.717 r  native_system/digital/burst/commanded_waveform[127]_INST_0_i_66/CO[3]
                         net (fo=1, unplaced)         0.000     4.717    native_system/digital/burst/commanded_waveform[127]_INST_0_i_66_n_0
                                                                      r  native_system/digital/burst/commanded_waveform[127]_INST_0_i_42/CI
                         CARRY4 (Prop_carry4_CI_O[2])
                                                      0.256     4.973 r  native_system/digital/burst/commanded_waveform[127]_INST_0_i_42/O[2]
                         net (fo=28, unplaced)        0.973     5.946    native_system/digital/burst/commanded_waveform[127]_INST_0_i_42_n_5
                                                                      r  native_system/digital/burst/commanded_waveform[127]_INST_0_i_300/I0
                         LUT3 (Prop_lut3_I0_O)        0.301     6.247 r  native_system/digital/burst/commanded_waveform[127]_INST_0_i_300/O
                         net (fo=1, unplaced)         0.473     6.720    native_system/digital/burst/commanded_waveform[127]_INST_0_i_300_n_0
                                                                      r  native_system/digital/burst/commanded_waveform[127]_INST_0_i_241/DI[3]
                         CARRY4 (Prop_carry4_DI[3]_CO[3])
                                                      0.396     7.116 r  native_system/digital/burst/commanded_waveform[127]_INST_0_i_241/CO[3]
                         net (fo=1, unplaced)         0.009     7.125    native_system/digital/burst/commanded_waveform[127]_INST_0_i_241_n_0
                                                                      r  native_system/digital/burst/commanded_waveform[127]_INST_0_i_185/CI
                         CARRY4 (Prop_carry4_CI_O[1])
                                                      0.337     7.462 r  native_system/digital/burst/commanded_waveform[127]_INST_0_i_185/O[1]
                         net (fo=3, unplaced)         0.629     8.091    native_system/digital/burst/commanded_waveform[127]_INST_0_i_185_n_6
                                                                      r  native_system/digital/burst/commanded_waveform[127]_INST_0_i_240/I2
                         LUT3 (Prop_lut3_I2_O)        0.306     8.397 r  native_system/digital/burst/commanded_waveform[127]_INST_0_i_240/O
                         net (fo=2, unplaced)         0.913     9.310    native_system/digital/burst/commanded_waveform[127]_INST_0_i_240_n_0
                                                                      r  native_system/digital/burst/commanded_waveform[127]_INST_0_i_182/I1
                         LUT6 (Prop_lut6_I1_O)        0.124     9.434 r  native_system/digital/burst/commanded_waveform[127]_INST_0_i_182/O
                         net (fo=1, unplaced)         0.000     9.434    native_system/digital/burst/commanded_waveform[127]_INST_0_i_182_n_0
                                                                      r  native_system/digital/burst/commanded_waveform[127]_INST_0_i_124/S[1]
                         CARRY4 (Prop_carry4_S[1]_CO[3])
                                                      0.533     9.967 r  native_system/digital/burst/commanded_waveform[127]_INST_0_i_124/CO[3]
                         net (fo=1, unplaced)         0.000     9.967    native_system/digital/burst/commanded_waveform[127]_INST_0_i_124_n_0
                                                                      r  native_system/digital/burst/commanded_waveform[127]_INST_0_i_84/CI
                         CARRY4 (Prop_carry4_CI_O[3])
                                                      0.331    10.298 r  native_system/digital/burst/commanded_waveform[127]_INST_0_i_84/O[3]
                         net (fo=3, unplaced)         0.636    10.934    native_system/digital/burst/commanded_waveform[127]_INST_0_i_84_n_4
                                                                      r  native_system/digital/burst/commanded_waveform[127]_INST_0_i_78/I0
                         LUT2 (Prop_lut2_I0_O)        0.300    11.234 r  native_system/digital/burst/commanded_waveform[127]_INST_0_i_78/O
                         net (fo=1, unplaced)         0.000    11.234    native_system/digital/burst/commanded_waveform[127]_INST_0_i_78_n_0
                                                                      r  native_system/digital/burst/commanded_waveform[127]_INST_0_i_43/DI[1]
                         CARRY4 (Prop_carry4_DI[1]_CO[3])
                                                      0.547    11.781 r  native_system/digital/burst/commanded_waveform[127]_INST_0_i_43/CO[3]
                         net (fo=1, unplaced)         0.000    11.781    native_system/digital/burst/commanded_waveform[127]_INST_0_i_43_n_0
                                                                      r  native_system/digital/burst/commanded_waveform[127]_INST_0_i_37/CI
                         CARRY4 (Prop_carry4_CI_CO[2])
                                                      0.252    12.033 r  native_system/digital/burst/commanded_waveform[127]_INST_0_i_37/CO[2]
                         net (fo=8, unplaced)         0.490    12.523    native_system/digital/burst/commanded_waveform[127]_INST_0_i_37_n_1
                                                                      r  native_system/digital/burst/commanded_waveform[127]_INST_0_i_34/I1
                         LUT6 (Prop_lut6_I1_O)        0.310    12.833 r  native_system/digital/burst/commanded_waveform[127]_INST_0_i_34/O
                         net (fo=1, unplaced)         0.000    12.833    native_system/digital/burst/commanded_waveform[127]_INST_0_i_34_n_0
                                                                      r  native_system/digital/burst/commanded_waveform[127]_INST_0_i_23/S[1]
                         CARRY4 (Prop_carry4_S[1]_CO[3])
                                                      0.533    13.366 r  native_system/digital/burst/commanded_waveform[127]_INST_0_i_23/CO[3]
                         net (fo=1, unplaced)         0.009    13.375    native_system/digital/burst/commanded_waveform[127]_INST_0_i_23_n_0
                                                                      r  native_system/digital/burst/commanded_waveform[127]_INST_0_i_17/CI
                         CARRY4 (Prop_carry4_CI_O[3])
                                                      0.331    13.706 f  native_system/digital/burst/commanded_waveform[127]_INST_0_i_17/O[3]
                         net (fo=1, unplaced)         0.618    14.324    native_system/digital/burst/phase[7]
                                                                      f  native_system/digital/burst/commanded_waveform[127]_INST_0_i_11/I0
                         LUT5 (Prop_lut5_I0_O)        0.307    14.631 r  native_system/digital/burst/commanded_waveform[127]_INST_0_i_11/O
                         net (fo=8, unplaced)         0.487    15.118    native_system/digital/scheduler/commanded_waveform3
                                                                      r  native_system/digital/scheduler/commanded_waveform[63]_INST_0_i_2/I4
                         LUT6 (Prop_lut6_I4_O)        0.124    15.242 r  native_system/digital/scheduler/commanded_waveform[63]_INST_0_i_2/O
                         net (fo=16, unplaced)        0.503    15.745    native_system/digital/bank/captured_reg[33]_0
                                                                      r  native_system/digital/bank/commanded_waveform[55]_INST_0/I3
                         LUT5 (Prop_lut5_I3_O)        0.124    15.869 r  native_system/digital/bank/commanded_waveform[55]_INST_0/O
                         net (fo=2, unplaced)         0.460    16.329    native_system/digital/serial/commanded_waveform[55]
                                                                      r  native_system/digital/serial/serial_data[13]_i_1/I0
                         LUT6 (Prop_lut6_I0_O)        0.124    16.453 r  native_system/digital/serial/serial_data[13]_i_1/O
                         net (fo=1, unplaced)         0.000    16.453    native_system/digital/serial/serial_data[13]_i_1_n_0
                         FDCE                                         r  native_system/digital/serial/serial_data_reg[13]/D
  -------------------------------------------------------------------    -------------------

                         (clock core132 rise edge)    7.576     7.576 r  
                                                      0.000     7.576 r  clk (IN)
                         net (fo=18006, unset)        0.924     8.500    native_system/digital/serial/clk
                         FDCE                                         r  native_system/digital/serial/serial_data_reg[13]/C
                         clock pessimism              0.000     8.500    
                         clock uncertainty           -0.035     8.465    
                         FDCE (Setup_fdce_C_D)        0.077     8.542    native_system/digital/serial/serial_data_reg[13]
  -------------------------------------------------------------------
                         required time                          8.542    
                         arrival time                         -16.453    
  -------------------------------------------------------------------
                         slack                                 -7.911    

Slack (VIOLATED) :        -7.911ns  (required time - arrival time)
  Source:                 native_system/digital/burst/accumulator_reg[11]/C
                            (rising edge-triggered cell FDCE clocked by core132  {rise@0.000ns fall@3.788ns period=7.576ns})
  Destination:            native_system/digital/serial/serial_data_reg[14]/D
                            (rising edge-triggered cell FDCE clocked by core132  {rise@0.000ns fall@3.788ns period=7.576ns})
  Path Group:             core132
  Path Type:              Setup (Max at Slow Process Corner)
  Requirement:            7.576ns  (core132 rise@7.576ns - core132 rise@0.000ns)
  Data Path Delay:        15.480ns  (logic 7.368ns (47.597%)  route 8.112ns (52.403%))
  Logic Levels:           24  (CARRY4=13 LUT2=1 LUT3=3 LUT5=3 LUT6=4)
  Clock Path Skew:        -0.049ns (DCD - SCD + CPR)
    Destination Clock Delay (DCD):    0.924ns = ( 8.500 - 7.576 ) 
    Source Clock Delay      (SCD):    0.973ns
    Clock Pessimism Removal (CPR):    0.000ns
  Clock Uncertainty:      0.035ns  ((TSJ^2 + TIJ^2)^1/2 + DJ) / 2 + PE
    Total System Jitter     (TSJ):    0.071ns
    Total Input Jitter      (TIJ):    0.000ns
    Discrete Jitter          (DJ):    0.000ns
    Phase Error              (PE):    0.000ns

    Location             Delay type                Incr(ns)  Path(ns)    Netlist Resource(s)
  -------------------------------------------------------------------    -------------------
                         (clock core132 rise edge)    0.000     0.000 r  
                                                      0.000     0.000 r  clk (IN)
                         net (fo=18006, unset)        0.973     0.973    native_system/digital/burst/clk
                         FDCE                                         r  native_system/digital/burst/accumulator_reg[11]/C
  -------------------------------------------------------------------    -------------------
                         FDCE (Prop_fdce_C_Q)         0.518     1.491 r  native_system/digital/burst/accumulator_reg[11]/Q
                         net (fo=16, unplaced)        0.795     2.286    native_system/digital/burst/scaled[19]
                                                                      r  native_system/digital/burst/commanded_waveform[127]_INST_0_i_329/I0
                         LUT3 (Prop_lut3_I0_O)        0.319     2.605 r  native_system/digital/burst/commanded_waveform[127]_INST_0_i_329/O
                         net (fo=3, unplaced)         0.467     3.072    native_system/digital/burst/commanded_waveform[127]_INST_0_i_329_n_0
                                                                      r  native_system/digital/burst/commanded_waveform[127]_INST_0_i_267/I4
                         LUT5 (Prop_lut5_I4_O)        0.124     3.196 r  native_system/digital/burst/commanded_waveform[127]_INST_0_i_267/O
                         net (fo=2, unplaced)         0.650     3.846    native_system/digital/burst/commanded_waveform[127]_INST_0_i_267_n_0
                                                                      r  native_system/digital/burst/commanded_waveform[127]_INST_0_i_207/DI[1]
                         CARRY4 (Prop_carry4_DI[1]_CO[3])
                                                      0.520     4.366 r  native_system/digital/burst/commanded_waveform[127]_INST_0_i_207/CO[3]
                         net (fo=1, unplaced)         0.000     4.366    native_system/digital/burst/commanded_waveform[127]_INST_0_i_207_n_0
                                                                      r  native_system/digital/burst/commanded_waveform[127]_INST_0_i_153/CI
                         CARRY4 (Prop_carry4_CI_CO[3])
                                                      0.117     4.483 r  native_system/digital/burst/commanded_waveform[127]_INST_0_i_153/CO[3]
                         net (fo=1, unplaced)         0.000     4.483    native_system/digital/burst/commanded_waveform[127]_INST_0_i_153_n_0
                                                                      r  native_system/digital/burst/commanded_waveform[127]_INST_0_i_101/CI
                         CARRY4 (Prop_carry4_CI_CO[3])
                                                      0.117     4.600 r  native_system/digital/burst/commanded_waveform[127]_INST_0_i_101/CO[3]
                         net (fo=1, unplaced)         0.000     4.600    native_system/digital/burst/commanded_waveform[127]_INST_0_i_101_n_0
                                                                      r  native_system/digital/burst/commanded_waveform[127]_INST_0_i_66/CI
                         CARRY4 (Prop_carry4_CI_CO[3])
                                                      0.117     4.717 r  native_system/digital/burst/commanded_waveform[127]_INST_0_i_66/CO[3]
                         net (fo=1, unplaced)         0.000     4.717    native_system/digital/burst/commanded_waveform[127]_INST_0_i_66_n_0
                                                                      r  native_system/digital/burst/commanded_waveform[127]_INST_0_i_42/CI
                         CARRY4 (Prop_carry4_CI_O[2])
                                                      0.256     4.973 r  native_system/digital/burst/commanded_waveform[127]_INST_0_i_42/O[2]
                         net (fo=28, unplaced)        0.973     5.946    native_system/digital/burst/commanded_waveform[127]_INST_0_i_42_n_5
                                                                      r  native_system/digital/burst/commanded_waveform[127]_INST_0_i_300/I0
                         LUT3 (Prop_lut3_I0_O)        0.301     6.247 r  native_system/digital/burst/commanded_waveform[127]_INST_0_i_300/O
                         net (fo=1, unplaced)         0.473     6.720    native_system/digital/burst/commanded_waveform[127]_INST_0_i_300_n_0
                                                                      r  native_system/digital/burst/commanded_waveform[127]_INST_0_i_241/DI[3]
                         CARRY4 (Prop_carry4_DI[3]_CO[3])
                                                      0.396     7.116 r  native_system/digital/burst/commanded_waveform[127]_INST_0_i_241/CO[3]
                         net (fo=1, unplaced)         0.009     7.125    native_system/digital/burst/commanded_waveform[127]_INST_0_i_241_n_0
                                                                      r  native_system/digital/burst/commanded_waveform[127]_INST_0_i_185/CI
                         CARRY4 (Prop_carry4_CI_O[1])
                                                      0.337     7.462 r  native_system/digital/burst/commanded_waveform[127]_INST_0_i_185/O[1]
                         net (fo=3, unplaced)         0.629     8.091    native_system/digital/burst/commanded_waveform[127]_INST_0_i_185_n_6
                                                                      r  native_system/digital/burst/commanded_waveform[127]_INST_0_i_240/I2
                         LUT3 (Prop_lut3_I2_O)        0.306     8.397 r  native_system/digital/burst/commanded_waveform[127]_INST_0_i_240/O
                         net (fo=2, unplaced)         0.913     9.310    native_system/digital/burst/commanded_waveform[127]_INST_0_i_240_n_0
                                                                      r  native_system/digital/burst/commanded_waveform[127]_INST_0_i_182/I1
                         LUT6 (Prop_lut6_I1_O)        0.124     9.434 r  native_system/digital/burst/commanded_waveform[127]_INST_0_i_182/O
                         net (fo=1, unplaced)         0.000     9.434    native_system/digital/burst/commanded_waveform[127]_INST_0_i_182_n_0
                                                                      r  native_system/digital/burst/commanded_waveform[127]_INST_0_i_124/S[1]
                         CARRY4 (Prop_carry4_S[1]_CO[3])
                                                      0.533     9.967 r  native_system/digital/burst/commanded_waveform[127]_INST_0_i_124/CO[3]
                         net (fo=1, unplaced)         0.000     9.967    native_system/digital/burst/commanded_waveform[127]_INST_0_i_124_n_0
                                                                      r  native_system/digital/burst/commanded_waveform[127]_INST_0_i_84/CI
                         CARRY4 (Prop_carry4_CI_O[3])
                                                      0.331    10.298 r  native_system/digital/burst/commanded_waveform[127]_INST_0_i_84/O[3]
                         net (fo=3, unplaced)         0.636    10.934    native_system/digital/burst/commanded_waveform[127]_INST_0_i_84_n_4
                                                                      r  native_system/digital/burst/commanded_waveform[127]_INST_0_i_78/I0
                         LUT2 (Prop_lut2_I0_O)        0.300    11.234 r  native_system/digital/burst/commanded_waveform[127]_INST_0_i_78/O
                         net (fo=1, unplaced)         0.000    11.234    native_system/digital/burst/commanded_waveform[127]_INST_0_i_78_n_0
                                                                      r  native_system/digital/burst/commanded_waveform[127]_INST_0_i_43/DI[1]
                         CARRY4 (Prop_carry4_DI[1]_CO[3])
                                                      0.547    11.781 r  native_system/digital/burst/commanded_waveform[127]_INST_0_i_43/CO[3]
                         net (fo=1, unplaced)         0.000    11.781    native_system/digital/burst/commanded_waveform[127]_INST_0_i_43_n_0
                                                                      r  native_system/digital/burst/commanded_waveform[127]_INST_0_i_37/CI
                         CARRY4 (Prop_carry4_CI_CO[2])
                                                      0.252    12.033 r  native_system/digital/burst/commanded_waveform[127]_INST_0_i_37/CO[2]
                         net (fo=8, unplaced)         0.490    12.523    native_system/digital/burst/commanded_waveform[127]_INST_0_i_37_n_1
                                                                      r  native_system/digital/burst/commanded_waveform[127]_INST_0_i_34/I1
                         LUT6 (Prop_lut6_I1_O)        0.310    12.833 r  native_system/digital/burst/commanded_waveform[127]_INST_0_i_34/O
                         net (fo=1, unplaced)         0.000    12.833    native_system/digital/burst/commanded_waveform[127]_INST_0_i_34_n_0
                                                                      r  native_system/digital/burst/commanded_waveform[127]_INST_0_i_23/S[1]
                         CARRY4 (Prop_carry4_S[1]_CO[3])
                                                      0.533    13.366 r  native_system/digital/burst/commanded_waveform[127]_INST_0_i_23/CO[3]
                         net (fo=1, unplaced)         0.009    13.375    native_system/digital/burst/commanded_waveform[127]_INST_0_i_23_n_0
                                                                      r  native_system/digital/burst/commanded_waveform[127]_INST_0_i_17/CI
                         CARRY4 (Prop_carry4_CI_O[3])
                                                      0.331    13.706 f  native_system/digital/burst/commanded_waveform[127]_INST_0_i_17/O[3]
                         net (fo=1, unplaced)         0.618    14.324    native_system/digital/burst/phase[7]
                                                                      f  native_system/digital/burst/commanded_waveform[127]_INST_0_i_11/I0
                         LUT5 (Prop_lut5_I0_O)        0.307    14.631 r  native_system/digital/burst/commanded_waveform[127]_INST_0_i_11/O
                         net (fo=8, unplaced)         0.487    15.118    native_system/digital/scheduler/commanded_waveform3
                                                                      r  native_system/digital/scheduler/commanded_waveform[63]_INST_0_i_2/I4
                         LUT6 (Prop_lut6_I4_O)        0.124    15.242 r  native_system/digital/scheduler/commanded_waveform[63]_INST_0_i_2/O
                         net (fo=16, unplaced)        0.503    15.745    native_system/digital/bank/captured_reg[33]_0
                                                                      r  native_system/digital/bank/commanded_waveform[59]_INST_0/I3
                         LUT5 (Prop_lut5_I3_O)        0.124    15.869 r  native_system/digital/bank/commanded_waveform[59]_INST_0/O
                         net (fo=2, unplaced)         0.460    16.329    native_system/digital/serial/commanded_waveform[59]
                                                                      r  native_system/digital/serial/serial_data[14]_i_1/I0
                         LUT6 (Prop_lut6_I0_O)        0.124    16.453 r  native_system/digital/serial/serial_data[14]_i_1/O
                         net (fo=1, unplaced)         0.000    16.453    native_system/digital/serial/serial_data[14]_i_1_n_0
                         FDCE                                         r  native_system/digital/serial/serial_data_reg[14]/D
  -------------------------------------------------------------------    -------------------

                         (clock core132 rise edge)    7.576     7.576 r  
                                                      0.000     7.576 r  clk (IN)
                         net (fo=18006, unset)        0.924     8.500    native_system/digital/serial/clk
                         FDCE                                         r  native_system/digital/serial/serial_data_reg[14]/C
                         clock pessimism              0.000     8.500    
                         clock uncertainty           -0.035     8.465    
                         FDCE (Setup_fdce_C_D)        0.077     8.542    native_system/digital/serial/serial_data_reg[14]
  -------------------------------------------------------------------
                         required time                          8.542    
                         arrival time                         -16.453    
  -------------------------------------------------------------------
                         slack                                 -7.911    

Slack (VIOLATED) :        -7.911ns  (required time - arrival time)
  Source:                 native_system/digital/burst/accumulator_reg[11]/C
                            (rising edge-triggered cell FDCE clocked by core132  {rise@0.000ns fall@3.788ns period=7.576ns})
  Destination:            native_system/digital/serial/serial_data_reg[15]/D
                            (rising edge-triggered cell FDCE clocked by core132  {rise@0.000ns fall@3.788ns period=7.576ns})
  Path Group:             core132
  Path Type:              Setup (Max at Slow Process Corner)
  Requirement:            7.576ns  (core132 rise@7.576ns - core132 rise@0.000ns)
  Data Path Delay:        15.480ns  (logic 7.368ns (47.597%)  route 8.112ns (52.403%))
  Logic Levels:           24  (CARRY4=13 LUT2=1 LUT3=3 LUT5=3 LUT6=4)
  Clock Path Skew:        -0.049ns (DCD - SCD + CPR)
    Destination Clock Delay (DCD):    0.924ns = ( 8.500 - 7.576 ) 
    Source Clock Delay      (SCD):    0.973ns
    Clock Pessimism Removal (CPR):    0.000ns
  Clock Uncertainty:      0.035ns  ((TSJ^2 + TIJ^2)^1/2 + DJ) / 2 + PE
    Total System Jitter     (TSJ):    0.071ns
    Total Input Jitter      (TIJ):    0.000ns
    Discrete Jitter          (DJ):    0.000ns
    Phase Error              (PE):    0.000ns

    Location             Delay type                Incr(ns)  Path(ns)    Netlist Resource(s)
  -------------------------------------------------------------------    -------------------
                         (clock core132 rise edge)    0.000     0.000 r  
                                                      0.000     0.000 r  clk (IN)
                         net (fo=18006, unset)        0.973     0.973    native_system/digital/burst/clk
                         FDCE                                         r  native_system/digital/burst/accumulator_reg[11]/C
  -------------------------------------------------------------------    -------------------
                         FDCE (Prop_fdce_C_Q)         0.518     1.491 r  native_system/digital/burst/accumulator_reg[11]/Q
                         net (fo=16, unplaced)        0.795     2.286    native_system/digital/burst/scaled[19]
                                                                      r  native_system/digital/burst/commanded_waveform[127]_INST_0_i_329/I0
                         LUT3 (Prop_lut3_I0_O)        0.319     2.605 r  native_system/digital/burst/commanded_waveform[127]_INST_0_i_329/O
                         net (fo=3, unplaced)         0.467     3.072    native_system/digital/burst/commanded_waveform[127]_INST_0_i_329_n_0
                                                                      r  native_system/digital/burst/commanded_waveform[127]_INST_0_i_267/I4
                         LUT5 (Prop_lut5_I4_O)        0.124     3.196 r  native_system/digital/burst/commanded_waveform[127]_INST_0_i_267/O
                         net (fo=2, unplaced)         0.650     3.846    native_system/digital/burst/commanded_waveform[127]_INST_0_i_267_n_0
                                                                      r  native_system/digital/burst/commanded_waveform[127]_INST_0_i_207/DI[1]
                         CARRY4 (Prop_carry4_DI[1]_CO[3])
                                                      0.520     4.366 r  native_system/digital/burst/commanded_waveform[127]_INST_0_i_207/CO[3]
                         net (fo=1, unplaced)         0.000     4.366    native_system/digital/burst/commanded_waveform[127]_INST_0_i_207_n_0
                                                                      r  native_system/digital/burst/commanded_waveform[127]_INST_0_i_153/CI
                         CARRY4 (Prop_carry4_CI_CO[3])
                                                      0.117     4.483 r  native_system/digital/burst/commanded_waveform[127]_INST_0_i_153/CO[3]
                         net (fo=1, unplaced)         0.000     4.483    native_system/digital/burst/commanded_waveform[127]_INST_0_i_153_n_0
                                                                      r  native_system/digital/burst/commanded_waveform[127]_INST_0_i_101/CI
                         CARRY4 (Prop_carry4_CI_CO[3])
                                                      0.117     4.600 r  native_system/digital/burst/commanded_waveform[127]_INST_0_i_101/CO[3]
                         net (fo=1, unplaced)         0.000     4.600    native_system/digital/burst/commanded_waveform[127]_INST_0_i_101_n_0
                                                                      r  native_system/digital/burst/commanded_waveform[127]_INST_0_i_66/CI
                         CARRY4 (Prop_carry4_CI_CO[3])
                                                      0.117     4.717 r  native_system/digital/burst/commanded_waveform[127]_INST_0_i_66/CO[3]
                         net (fo=1, unplaced)         0.000     4.717    native_system/digital/burst/commanded_waveform[127]_INST_0_i_66_n_0
                                                                      r  native_system/digital/burst/commanded_waveform[127]_INST_0_i_42/CI
                         CARRY4 (Prop_carry4_CI_O[2])
                                                      0.256     4.973 r  native_system/digital/burst/commanded_waveform[127]_INST_0_i_42/O[2]
                         net (fo=28, unplaced)        0.973     5.946    native_system/digital/burst/commanded_waveform[127]_INST_0_i_42_n_5
                                                                      r  native_system/digital/burst/commanded_waveform[127]_INST_0_i_300/I0
                         LUT3 (Prop_lut3_I0_O)        0.301     6.247 r  native_system/digital/burst/commanded_waveform[127]_INST_0_i_300/O
                         net (fo=1, unplaced)         0.473     6.720    native_system/digital/burst/commanded_waveform[127]_INST_0_i_300_n_0
                                                                      r  native_system/digital/burst/commanded_waveform[127]_INST_0_i_241/DI[3]
                         CARRY4 (Prop_carry4_DI[3]_CO[3])
                                                      0.396     7.116 r  native_system/digital/burst/commanded_waveform[127]_INST_0_i_241/CO[3]
                         net (fo=1, unplaced)         0.009     7.125    native_system/digital/burst/commanded_waveform[127]_INST_0_i_241_n_0
                                                                      r  native_system/digital/burst/commanded_waveform[127]_INST_0_i_185/CI
                         CARRY4 (Prop_carry4_CI_O[1])
                                                      0.337     7.462 r  native_system/digital/burst/commanded_waveform[127]_INST_0_i_185/O[1]
                         net (fo=3, unplaced)         0.629     8.091    native_system/digital/burst/commanded_waveform[127]_INST_0_i_185_n_6
                                                                      r  native_system/digital/burst/commanded_waveform[127]_INST_0_i_240/I2
                         LUT3 (Prop_lut3_I2_O)        0.306     8.397 r  native_system/digital/burst/commanded_waveform[127]_INST_0_i_240/O
                         net (fo=2, unplaced)         0.913     9.310    native_system/digital/burst/commanded_waveform[127]_INST_0_i_240_n_0
                                                                      r  native_system/digital/burst/commanded_waveform[127]_INST_0_i_182/I1
                         LUT6 (Prop_lut6_I1_O)        0.124     9.434 r  native_system/digital/burst/commanded_waveform[127]_INST_0_i_182/O
                         net (fo=1, unplaced)         0.000     9.434    native_system/digital/burst/commanded_waveform[127]_INST_0_i_182_n_0
                                                                      r  native_system/digital/burst/commanded_waveform[127]_INST_0_i_124/S[1]
                         CARRY4 (Prop_carry4_S[1]_CO[3])
                                                      0.533     9.967 r  native_system/digital/burst/commanded_waveform[127]_INST_0_i_124/CO[3]
                         net (fo=1, unplaced)         0.000     9.967    native_system/digital/burst/commanded_waveform[127]_INST_0_i_124_n_0
                                                                      r  native_system/digital/burst/commanded_waveform[127]_INST_0_i_84/CI
                         CARRY4 (Prop_carry4_CI_O[3])
                                                      0.331    10.298 r  native_system/digital/burst/commanded_waveform[127]_INST_0_i_84/O[3]
                         net (fo=3, unplaced)         0.636    10.934    native_system/digital/burst/commanded_waveform[127]_INST_0_i_84_n_4
                                                                      r  native_system/digital/burst/commanded_waveform[127]_INST_0_i_78/I0
                         LUT2 (Prop_lut2_I0_O)        0.300    11.234 r  native_system/digital/burst/commanded_waveform[127]_INST_0_i_78/O
                         net (fo=1, unplaced)         0.000    11.234    native_system/digital/burst/commanded_waveform[127]_INST_0_i_78_n_0
                                                                      r  native_system/digital/burst/commanded_waveform[127]_INST_0_i_43/DI[1]
                         CARRY4 (Prop_carry4_DI[1]_CO[3])
                                                      0.547    11.781 r  native_system/digital/burst/commanded_waveform[127]_INST_0_i_43/CO[3]
                         net (fo=1, unplaced)         0.000    11.781    native_system/digital/burst/commanded_waveform[127]_INST_0_i_43_n_0
                                                                      r  native_system/digital/burst/commanded_waveform[127]_INST_0_i_37/CI
                         CARRY4 (Prop_carry4_CI_CO[2])
                                                      0.252    12.033 r  native_system/digital/burst/commanded_waveform[127]_INST_0_i_37/CO[2]
                         net (fo=8, unplaced)         0.490    12.523    native_system/digital/burst/commanded_waveform[127]_INST_0_i_37_n_1
                                                                      r  native_system/digital/burst/commanded_waveform[127]_INST_0_i_34/I1
                         LUT6 (Prop_lut6_I1_O)        0.310    12.833 r  native_system/digital/burst/commanded_waveform[127]_INST_0_i_34/O
                         net (fo=1, unplaced)         0.000    12.833    native_system/digital/burst/commanded_waveform[127]_INST_0_i_34_n_0
                                                                      r  native_system/digital/burst/commanded_waveform[127]_INST_0_i_23/S[1]
                         CARRY4 (Prop_carry4_S[1]_CO[3])
                                                      0.533    13.366 r  native_system/digital/burst/commanded_waveform[127]_INST_0_i_23/CO[3]
                         net (fo=1, unplaced)         0.009    13.375    native_system/digital/burst/commanded_waveform[127]_INST_0_i_23_n_0
                                                                      r  native_system/digital/burst/commanded_waveform[127]_INST_0_i_17/CI
                         CARRY4 (Prop_carry4_CI_O[3])
                                                      0.331    13.706 f  native_system/digital/burst/commanded_waveform[127]_INST_0_i_17/O[3]
                         net (fo=1, unplaced)         0.618    14.324    native_system/digital/burst/phase[7]
                                                                      f  native_system/digital/burst/commanded_waveform[127]_INST_0_i_11/I0
                         LUT5 (Prop_lut5_I0_O)        0.307    14.631 r  native_system/digital/burst/commanded_waveform[127]_INST_0_i_11/O
                         net (fo=8, unplaced)         0.487    15.118    native_system/digital/scheduler/commanded_waveform3
                                                                      r  native_system/digital/scheduler/commanded_waveform[63]_INST_0_i_2/I4
                         LUT6 (Prop_lut6_I4_O)        0.124    15.242 r  native_system/digital/scheduler/commanded_waveform[63]_INST_0_i_2/O
                         net (fo=16, unplaced)        0.503    15.745    native_system/digital/bank/captured_reg[33]_0
                                                                      r  native_system/digital/bank/commanded_waveform[63]_INST_0/I3
                         LUT5 (Prop_lut5_I3_O)        0.124    15.869 r  native_system/digital/bank/commanded_waveform[63]_INST_0/O
                         net (fo=2, unplaced)         0.460    16.329    native_system/digital/serial/commanded_waveform[63]
                                                                      r  native_system/digital/serial/serial_data[15]_i_1/I0
                         LUT6 (Prop_lut6_I0_O)        0.124    16.453 r  native_system/digital/serial/serial_data[15]_i_1/O
                         net (fo=1, unplaced)         0.000    16.453    native_system/digital/serial/serial_data[15]_i_1_n_0
                         FDCE                                         r  native_system/digital/serial/serial_data_reg[15]/D
  -------------------------------------------------------------------    -------------------

                         (clock core132 rise edge)    7.576     7.576 r  
                                                      0.000     7.576 r  clk (IN)
                         net (fo=18006, unset)        0.924     8.500    native_system/digital/serial/clk
                         FDCE                                         r  native_system/digital/serial/serial_data_reg[15]/C
                         clock pessimism              0.000     8.500    
                         clock uncertainty           -0.035     8.465    
                         FDCE (Setup_fdce_C_D)        0.077     8.542    native_system/digital/serial/serial_data_reg[15]
  -------------------------------------------------------------------
                         required time                          8.542    
                         arrival time                         -16.453    
  -------------------------------------------------------------------
                         slack                                 -7.911    

Slack (VIOLATED) :        -7.911ns  (required time - arrival time)
  Source:                 native_system/digital/burst/accumulator_reg[11]/C
                            (rising edge-triggered cell FDCE clocked by core132  {rise@0.000ns fall@3.788ns period=7.576ns})
  Destination:            native_system/digital/serial/serial_data_reg[16]/D
                            (rising edge-triggered cell FDCE clocked by core132  {rise@0.000ns fall@3.788ns period=7.576ns})
  Path Group:             core132
  Path Type:              Setup (Max at Slow Process Corner)
  Requirement:            7.576ns  (core132 rise@7.576ns - core132 rise@0.000ns)
  Data Path Delay:        15.480ns  (logic 7.368ns (47.597%)  route 8.112ns (52.403%))
  Logic Levels:           24  (CARRY4=13 LUT2=1 LUT3=3 LUT5=3 LUT6=4)
  Clock Path Skew:        -0.049ns (DCD - SCD + CPR)
    Destination Clock Delay (DCD):    0.924ns = ( 8.500 - 7.576 ) 
    Source Clock Delay      (SCD):    0.973ns
    Clock Pessimism Removal (CPR):    0.000ns
  Clock Uncertainty:      0.035ns  ((TSJ^2 + TIJ^2)^1/2 + DJ) / 2 + PE
    Total System Jitter     (TSJ):    0.071ns
    Total Input Jitter      (TIJ):    0.000ns
    Discrete Jitter          (DJ):    0.000ns
    Phase Error              (PE):    0.000ns

    Location             Delay type                Incr(ns)  Path(ns)    Netlist Resource(s)
  -------------------------------------------------------------------    -------------------
                         (clock core132 rise edge)    0.000     0.000 r  
                                                      0.000     0.000 r  clk (IN)
                         net (fo=18006, unset)        0.973     0.973    native_system/digital/burst/clk
                         FDCE                                         r  native_system/digital/burst/accumulator_reg[11]/C
  -------------------------------------------------------------------    -------------------
                         FDCE (Prop_fdce_C_Q)         0.518     1.491 r  native_system/digital/burst/accumulator_reg[11]/Q
                         net (fo=16, unplaced)        0.795     2.286    native_system/digital/burst/scaled[19]
                                                                      r  native_system/digital/burst/commanded_waveform[127]_INST_0_i_329/I0
                         LUT3 (Prop_lut3_I0_O)        0.319     2.605 r  native_system/digital/burst/commanded_waveform[127]_INST_0_i_329/O
                         net (fo=3, unplaced)         0.467     3.072    native_system/digital/burst/commanded_waveform[127]_INST_0_i_329_n_0
                                                                      r  native_system/digital/burst/commanded_waveform[127]_INST_0_i_267/I4
                         LUT5 (Prop_lut5_I4_O)        0.124     3.196 r  native_system/digital/burst/commanded_waveform[127]_INST_0_i_267/O
                         net (fo=2, unplaced)         0.650     3.846    native_system/digital/burst/commanded_waveform[127]_INST_0_i_267_n_0
                                                                      r  native_system/digital/burst/commanded_waveform[127]_INST_0_i_207/DI[1]
                         CARRY4 (Prop_carry4_DI[1]_CO[3])
                                                      0.520     4.366 r  native_system/digital/burst/commanded_waveform[127]_INST_0_i_207/CO[3]
                         net (fo=1, unplaced)         0.000     4.366    native_system/digital/burst/commanded_waveform[127]_INST_0_i_207_n_0
                                                                      r  native_system/digital/burst/commanded_waveform[127]_INST_0_i_153/CI
                         CARRY4 (Prop_carry4_CI_CO[3])
                                                      0.117     4.483 r  native_system/digital/burst/commanded_waveform[127]_INST_0_i_153/CO[3]
                         net (fo=1, unplaced)         0.000     4.483    native_system/digital/burst/commanded_waveform[127]_INST_0_i_153_n_0
                                                                      r  native_system/digital/burst/commanded_waveform[127]_INST_0_i_101/CI
                         CARRY4 (Prop_carry4_CI_CO[3])
                                                      0.117     4.600 r  native_system/digital/burst/commanded_waveform[127]_INST_0_i_101/CO[3]
                         net (fo=1, unplaced)         0.000     4.600    native_system/digital/burst/commanded_waveform[127]_INST_0_i_101_n_0
                                                                      r  native_system/digital/burst/commanded_waveform[127]_INST_0_i_66/CI
                         CARRY4 (Prop_carry4_CI_CO[3])
                                                      0.117     4.717 r  native_system/digital/burst/commanded_waveform[127]_INST_0_i_66/CO[3]
                         net (fo=1, unplaced)         0.000     4.717    native_system/digital/burst/commanded_waveform[127]_INST_0_i_66_n_0
                                                                      r  native_system/digital/burst/commanded_waveform[127]_INST_0_i_42/CI
                         CARRY4 (Prop_carry4_CI_O[2])
                                                      0.256     4.973 r  native_system/digital/burst/commanded_waveform[127]_INST_0_i_42/O[2]
                         net (fo=28, unplaced)        0.973     5.946    native_system/digital/burst/commanded_waveform[127]_INST_0_i_42_n_5
                                                                      r  native_system/digital/burst/commanded_waveform[127]_INST_0_i_300/I0
                         LUT3 (Prop_lut3_I0_O)        0.301     6.247 r  native_system/digital/burst/commanded_waveform[127]_INST_0_i_300/O
                         net (fo=1, unplaced)         0.473     6.720    native_system/digital/burst/commanded_waveform[127]_INST_0_i_300_n_0
                                                                      r  native_system/digital/burst/commanded_waveform[127]_INST_0_i_241/DI[3]
                         CARRY4 (Prop_carry4_DI[3]_CO[3])
                                                      0.396     7.116 r  native_system/digital/burst/commanded_waveform[127]_INST_0_i_241/CO[3]
                         net (fo=1, unplaced)         0.009     7.125    native_system/digital/burst/commanded_waveform[127]_INST_0_i_241_n_0
                                                                      r  native_system/digital/burst/commanded_waveform[127]_INST_0_i_185/CI
                         CARRY4 (Prop_carry4_CI_O[1])
                                                      0.337     7.462 r  native_system/digital/burst/commanded_waveform[127]_INST_0_i_185/O[1]
                         net (fo=3, unplaced)         0.629     8.091    native_system/digital/burst/commanded_waveform[127]_INST_0_i_185_n_6
                                                                      r  native_system/digital/burst/commanded_waveform[127]_INST_0_i_240/I2
                         LUT3 (Prop_lut3_I2_O)        0.306     8.397 r  native_system/digital/burst/commanded_waveform[127]_INST_0_i_240/O
                         net (fo=2, unplaced)         0.913     9.310    native_system/digital/burst/commanded_waveform[127]_INST_0_i_240_n_0
                                                                      r  native_system/digital/burst/commanded_waveform[127]_INST_0_i_182/I1
                         LUT6 (Prop_lut6_I1_O)        0.124     9.434 r  native_system/digital/burst/commanded_waveform[127]_INST_0_i_182/O
                         net (fo=1, unplaced)         0.000     9.434    native_system/digital/burst/commanded_waveform[127]_INST_0_i_182_n_0
                                                                      r  native_system/digital/burst/commanded_waveform[127]_INST_0_i_124/S[1]
                         CARRY4 (Prop_carry4_S[1]_CO[3])
                                                      0.533     9.967 r  native_system/digital/burst/commanded_waveform[127]_INST_0_i_124/CO[3]
                         net (fo=1, unplaced)         0.000     9.967    native_system/digital/burst/commanded_waveform[127]_INST_0_i_124_n_0
                                                                      r  native_system/digital/burst/commanded_waveform[127]_INST_0_i_84/CI
                         CARRY4 (Prop_carry4_CI_O[3])
                                                      0.331    10.298 r  native_system/digital/burst/commanded_waveform[127]_INST_0_i_84/O[3]
                         net (fo=3, unplaced)         0.636    10.934    native_system/digital/burst/commanded_waveform[127]_INST_0_i_84_n_4
                                                                      r  native_system/digital/burst/commanded_waveform[127]_INST_0_i_78/I0
                         LUT2 (Prop_lut2_I0_O)        0.300    11.234 r  native_system/digital/burst/commanded_waveform[127]_INST_0_i_78/O
                         net (fo=1, unplaced)         0.000    11.234    native_system/digital/burst/commanded_waveform[127]_INST_0_i_78_n_0
                                                                      r  native_system/digital/burst/commanded_waveform[127]_INST_0_i_43/DI[1]
                         CARRY4 (Prop_carry4_DI[1]_CO[3])
                                                      0.547    11.781 r  native_system/digital/burst/commanded_waveform[127]_INST_0_i_43/CO[3]
                         net (fo=1, unplaced)         0.000    11.781    native_system/digital/burst/commanded_waveform[127]_INST_0_i_43_n_0
                                                                      r  native_system/digital/burst/commanded_waveform[127]_INST_0_i_37/CI
                         CARRY4 (Prop_carry4_CI_CO[2])
                                                      0.252    12.033 r  native_system/digital/burst/commanded_waveform[127]_INST_0_i_37/CO[2]
                         net (fo=8, unplaced)         0.490    12.523    native_system/digital/burst/commanded_waveform[127]_INST_0_i_37_n_1
                                                                      r  native_system/digital/burst/commanded_waveform[127]_INST_0_i_34/I1
                         LUT6 (Prop_lut6_I1_O)        0.310    12.833 r  native_system/digital/burst/commanded_waveform[127]_INST_0_i_34/O
                         net (fo=1, unplaced)         0.000    12.833    native_system/digital/burst/commanded_waveform[127]_INST_0_i_34_n_0
                                                                      r  native_system/digital/burst/commanded_waveform[127]_INST_0_i_23/S[1]
                         CARRY4 (Prop_carry4_S[1]_CO[3])
                                                      0.533    13.366 r  native_system/digital/burst/commanded_waveform[127]_INST_0_i_23/CO[3]
                         net (fo=1, unplaced)         0.009    13.375    native_system/digital/burst/commanded_waveform[127]_INST_0_i_23_n_0
                                                                      r  native_system/digital/burst/commanded_waveform[127]_INST_0_i_17/CI
                         CARRY4 (Prop_carry4_CI_O[3])
                                                      0.331    13.706 f  native_system/digital/burst/commanded_waveform[127]_INST_0_i_17/O[3]
                         net (fo=1, unplaced)         0.618    14.324    native_system/digital/burst/phase[7]
                                                                      f  native_system/digital/burst/commanded_waveform[127]_INST_0_i_11/I0
                         LUT5 (Prop_lut5_I0_O)        0.307    14.631 r  native_system/digital/burst/commanded_waveform[127]_INST_0_i_11/O
                         net (fo=8, unplaced)         0.487    15.118    native_system/digital/scheduler/commanded_waveform3
                                                                      r  native_system/digital/scheduler/commanded_waveform[95]_INST_0_i_2/I4
                         LUT6 (Prop_lut6_I4_O)        0.124    15.242 r  native_system/digital/scheduler/commanded_waveform[95]_INST_0_i_2/O
                         net (fo=16, unplaced)        0.503    15.745    native_system/digital/bank/captured_reg[65]_0
                                                                      r  native_system/digital/bank/commanded_waveform[67]_INST_0/I3
                         LUT5 (Prop_lut5_I3_O)        0.124    15.869 r  native_system/digital/bank/commanded_waveform[67]_INST_0/O
                         net (fo=2, unplaced)         0.460    16.329    native_system/digital/serial/commanded_waveform[67]
                                                                      r  native_system/digital/serial/serial_data[16]_i_1/I0
                         LUT6 (Prop_lut6_I0_O)        0.124    16.453 r  native_system/digital/serial/serial_data[16]_i_1/O
                         net (fo=1, unplaced)         0.000    16.453    native_system/digital/serial/serial_data[16]_i_1_n_0
                         FDCE                                         r  native_system/digital/serial/serial_data_reg[16]/D
  -------------------------------------------------------------------    -------------------

                         (clock core132 rise edge)    7.576     7.576 r  
                                                      0.000     7.576 r  clk (IN)
                         net (fo=18006, unset)        0.924     8.500    native_system/digital/serial/clk
                         FDCE                                         r  native_system/digital/serial/serial_data_reg[16]/C
                         clock pessimism              0.000     8.500    
                         clock uncertainty           -0.035     8.465    
                         FDCE (Setup_fdce_C_D)        0.077     8.542    native_system/digital/serial/serial_data_reg[16]
  -------------------------------------------------------------------
                         required time                          8.542    
                         arrival time                         -16.453    
  -------------------------------------------------------------------
                         slack                                 -7.911    

Slack (VIOLATED) :        -7.911ns  (required time - arrival time)
  Source:                 native_system/digital/burst/accumulator_reg[11]/C
                            (rising edge-triggered cell FDCE clocked by core132  {rise@0.000ns fall@3.788ns period=7.576ns})
  Destination:            native_system/digital/serial/serial_data_reg[17]/D
                            (rising edge-triggered cell FDCE clocked by core132  {rise@0.000ns fall@3.788ns period=7.576ns})
  Path Group:             core132
  Path Type:              Setup (Max at Slow Process Corner)
  Requirement:            7.576ns  (core132 rise@7.576ns - core132 rise@0.000ns)
  Data Path Delay:        15.480ns  (logic 7.368ns (47.597%)  route 8.112ns (52.403%))
  Logic Levels:           24  (CARRY4=13 LUT2=1 LUT3=3 LUT5=3 LUT6=4)
  Clock Path Skew:        -0.049ns (DCD - SCD + CPR)
    Destination Clock Delay (DCD):    0.924ns = ( 8.500 - 7.576 ) 
    Source Clock Delay      (SCD):    0.973ns
    Clock Pessimism Removal (CPR):    0.000ns
  Clock Uncertainty:      0.035ns  ((TSJ^2 + TIJ^2)^1/2 + DJ) / 2 + PE
    Total System Jitter     (TSJ):    0.071ns
    Total Input Jitter      (TIJ):    0.000ns
    Discrete Jitter          (DJ):    0.000ns
    Phase Error              (PE):    0.000ns

    Location             Delay type                Incr(ns)  Path(ns)    Netlist Resource(s)
  -------------------------------------------------------------------    -------------------
                         (clock core132 rise edge)    0.000     0.000 r  
                                                      0.000     0.000 r  clk (IN)
                         net (fo=18006, unset)        0.973     0.973    native_system/digital/burst/clk
                         FDCE                                         r  native_system/digital/burst/accumulator_reg[11]/C
  -------------------------------------------------------------------    -------------------
                         FDCE (Prop_fdce_C_Q)         0.518     1.491 r  native_system/digital/burst/accumulator_reg[11]/Q
                         net (fo=16, unplaced)        0.795     2.286    native_system/digital/burst/scaled[19]
                                                                      r  native_system/digital/burst/commanded_waveform[127]_INST_0_i_329/I0
                         LUT3 (Prop_lut3_I0_O)        0.319     2.605 r  native_system/digital/burst/commanded_waveform[127]_INST_0_i_329/O
                         net (fo=3, unplaced)         0.467     3.072    native_system/digital/burst/commanded_waveform[127]_INST_0_i_329_n_0
                                                                      r  native_system/digital/burst/commanded_waveform[127]_INST_0_i_267/I4
                         LUT5 (Prop_lut5_I4_O)        0.124     3.196 r  native_system/digital/burst/commanded_waveform[127]_INST_0_i_267/O
                         net (fo=2, unplaced)         0.650     3.846    native_system/digital/burst/commanded_waveform[127]_INST_0_i_267_n_0
                                                                      r  native_system/digital/burst/commanded_waveform[127]_INST_0_i_207/DI[1]
                         CARRY4 (Prop_carry4_DI[1]_CO[3])
                                                      0.520     4.366 r  native_system/digital/burst/commanded_waveform[127]_INST_0_i_207/CO[3]
                         net (fo=1, unplaced)         0.000     4.366    native_system/digital/burst/commanded_waveform[127]_INST_0_i_207_n_0
                                                                      r  native_system/digital/burst/commanded_waveform[127]_INST_0_i_153/CI
                         CARRY4 (Prop_carry4_CI_CO[3])
                                                      0.117     4.483 r  native_system/digital/burst/commanded_waveform[127]_INST_0_i_153/CO[3]
                         net (fo=1, unplaced)         0.000     4.483    native_system/digital/burst/commanded_waveform[127]_INST_0_i_153_n_0
                                                                      r  native_system/digital/burst/commanded_waveform[127]_INST_0_i_101/CI
                         CARRY4 (Prop_carry4_CI_CO[3])
                                                      0.117     4.600 r  native_system/digital/burst/commanded_waveform[127]_INST_0_i_101/CO[3]
                         net (fo=1, unplaced)         0.000     4.600    native_system/digital/burst/commanded_waveform[127]_INST_0_i_101_n_0
                                                                      r  native_system/digital/burst/commanded_waveform[127]_INST_0_i_66/CI
                         CARRY4 (Prop_carry4_CI_CO[3])
                                                      0.117     4.717 r  native_system/digital/burst/commanded_waveform[127]_INST_0_i_66/CO[3]
                         net (fo=1, unplaced)         0.000     4.717    native_system/digital/burst/commanded_waveform[127]_INST_0_i_66_n_0
                                                                      r  native_system/digital/burst/commanded_waveform[127]_INST_0_i_42/CI
                         CARRY4 (Prop_carry4_CI_O[2])
                                                      0.256     4.973 r  native_system/digital/burst/commanded_waveform[127]_INST_0_i_42/O[2]
                         net (fo=28, unplaced)        0.973     5.946    native_system/digital/burst/commanded_waveform[127]_INST_0_i_42_n_5
                                                                      r  native_system/digital/burst/commanded_waveform[127]_INST_0_i_300/I0
                         LUT3 (Prop_lut3_I0_O)        0.301     6.247 r  native_system/digital/burst/commanded_waveform[127]_INST_0_i_300/O
                         net (fo=1, unplaced)         0.473     6.720    native_system/digital/burst/commanded_waveform[127]_INST_0_i_300_n_0
                                                                      r  native_system/digital/burst/commanded_waveform[127]_INST_0_i_241/DI[3]
                         CARRY4 (Prop_carry4_DI[3]_CO[3])
                                                      0.396     7.116 r  native_system/digital/burst/commanded_waveform[127]_INST_0_i_241/CO[3]
                         net (fo=1, unplaced)         0.009     7.125    native_system/digital/burst/commanded_waveform[127]_INST_0_i_241_n_0
                                                                      r  native_system/digital/burst/commanded_waveform[127]_INST_0_i_185/CI
                         CARRY4 (Prop_carry4_CI_O[1])
                                                      0.337     7.462 r  native_system/digital/burst/commanded_waveform[127]_INST_0_i_185/O[1]
                         net (fo=3, unplaced)         0.629     8.091    native_system/digital/burst/commanded_waveform[127]_INST_0_i_185_n_6
                                                                      r  native_system/digital/burst/commanded_waveform[127]_INST_0_i_240/I2
                         LUT3 (Prop_lut3_I2_O)        0.306     8.397 r  native_system/digital/burst/commanded_waveform[127]_INST_0_i_240/O
                         net (fo=2, unplaced)         0.913     9.310    native_system/digital/burst/commanded_waveform[127]_INST_0_i_240_n_0
                                                                      r  native_system/digital/burst/commanded_waveform[127]_INST_0_i_182/I1
                         LUT6 (Prop_lut6_I1_O)        0.124     9.434 r  native_system/digital/burst/commanded_waveform[127]_INST_0_i_182/O
                         net (fo=1, unplaced)         0.000     9.434    native_system/digital/burst/commanded_waveform[127]_INST_0_i_182_n_0
                                                                      r  native_system/digital/burst/commanded_waveform[127]_INST_0_i_124/S[1]
                         CARRY4 (Prop_carry4_S[1]_CO[3])
                                                      0.533     9.967 r  native_system/digital/burst/commanded_waveform[127]_INST_0_i_124/CO[3]
                         net (fo=1, unplaced)         0.000     9.967    native_system/digital/burst/commanded_waveform[127]_INST_0_i_124_n_0
                                                                      r  native_system/digital/burst/commanded_waveform[127]_INST_0_i_84/CI
                         CARRY4 (Prop_carry4_CI_O[3])
                                                      0.331    10.298 r  native_system/digital/burst/commanded_waveform[127]_INST_0_i_84/O[3]
                         net (fo=3, unplaced)         0.636    10.934    native_system/digital/burst/commanded_waveform[127]_INST_0_i_84_n_4
                                                                      r  native_system/digital/burst/commanded_waveform[127]_INST_0_i_78/I0
                         LUT2 (Prop_lut2_I0_O)        0.300    11.234 r  native_system/digital/burst/commanded_waveform[127]_INST_0_i_78/O
                         net (fo=1, unplaced)         0.000    11.234    native_system/digital/burst/commanded_waveform[127]_INST_0_i_78_n_0
                                                                      r  native_system/digital/burst/commanded_waveform[127]_INST_0_i_43/DI[1]
                         CARRY4 (Prop_carry4_DI[1]_CO[3])
                                                      0.547    11.781 r  native_system/digital/burst/commanded_waveform[127]_INST_0_i_43/CO[3]
                         net (fo=1, unplaced)         0.000    11.781    native_system/digital/burst/commanded_waveform[127]_INST_0_i_43_n_0
                                                                      r  native_system/digital/burst/commanded_waveform[127]_INST_0_i_37/CI
                         CARRY4 (Prop_carry4_CI_CO[2])
                                                      0.252    12.033 r  native_system/digital/burst/commanded_waveform[127]_INST_0_i_37/CO[2]
                         net (fo=8, unplaced)         0.490    12.523    native_system/digital/burst/commanded_waveform[127]_INST_0_i_37_n_1
                                                                      r  native_system/digital/burst/commanded_waveform[127]_INST_0_i_34/I1
                         LUT6 (Prop_lut6_I1_O)        0.310    12.833 r  native_system/digital/burst/commanded_waveform[127]_INST_0_i_34/O
                         net (fo=1, unplaced)         0.000    12.833    native_system/digital/burst/commanded_waveform[127]_INST_0_i_34_n_0
                                                                      r  native_system/digital/burst/commanded_waveform[127]_INST_0_i_23/S[1]
                         CARRY4 (Prop_carry4_S[1]_CO[3])
                                                      0.533    13.366 r  native_system/digital/burst/commanded_waveform[127]_INST_0_i_23/CO[3]
                         net (fo=1, unplaced)         0.009    13.375    native_system/digital/burst/commanded_waveform[127]_INST_0_i_23_n_0
                                                                      r  native_system/digital/burst/commanded_waveform[127]_INST_0_i_17/CI
                         CARRY4 (Prop_carry4_CI_O[3])
                                                      0.331    13.706 f  native_system/digital/burst/commanded_waveform[127]_INST_0_i_17/O[3]
                         net (fo=1, unplaced)         0.618    14.324    native_system/digital/burst/phase[7]
                                                                      f  native_system/digital/burst/commanded_waveform[127]_INST_0_i_11/I0
                         LUT5 (Prop_lut5_I0_O)        0.307    14.631 r  native_system/digital/burst/commanded_waveform[127]_INST_0_i_11/O
                         net (fo=8, unplaced)         0.487    15.118    native_system/digital/scheduler/commanded_waveform3
                                                                      r  native_system/digital/scheduler/commanded_waveform[95]_INST_0_i_2/I4
                         LUT6 (Prop_lut6_I4_O)        0.124    15.242 r  native_system/digital/scheduler/commanded_waveform[95]_INST_0_i_2/O
                         net (fo=16, unplaced)        0.503    15.745    native_system/digital/bank/captured_reg[65]_0
                                                                      r  native_system/digital/bank/commanded_waveform[71]_INST_0/I3
                         LUT5 (Prop_lut5_I3_O)        0.124    15.869 r  native_system/digital/bank/commanded_waveform[71]_INST_0/O
                         net (fo=2, unplaced)         0.460    16.329    native_system/digital/serial/commanded_waveform[71]
                                                                      r  native_system/digital/serial/serial_data[17]_i_1/I0
                         LUT6 (Prop_lut6_I0_O)        0.124    16.453 r  native_system/digital/serial/serial_data[17]_i_1/O
                         net (fo=1, unplaced)         0.000    16.453    native_system/digital/serial/serial_data[17]_i_1_n_0
                         FDCE                                         r  native_system/digital/serial/serial_data_reg[17]/D
  -------------------------------------------------------------------    -------------------

                         (clock core132 rise edge)    7.576     7.576 r  
                                                      0.000     7.576 r  clk (IN)
                         net (fo=18006, unset)        0.924     8.500    native_system/digital/serial/clk
                         FDCE                                         r  native_system/digital/serial/serial_data_reg[17]/C
                         clock pessimism              0.000     8.500    
                         clock uncertainty           -0.035     8.465    
                         FDCE (Setup_fdce_C_D)        0.077     8.542    native_system/digital/serial/serial_data_reg[17]
  -------------------------------------------------------------------
                         required time                          8.542    
                         arrival time                         -16.453    
  -------------------------------------------------------------------
                         slack                                 -7.911    

Slack (VIOLATED) :        -7.911ns  (required time - arrival time)
  Source:                 native_system/digital/burst/accumulator_reg[11]/C
                            (rising edge-triggered cell FDCE clocked by core132  {rise@0.000ns fall@3.788ns period=7.576ns})
  Destination:            native_system/digital/serial/serial_data_reg[18]/D
                            (rising edge-triggered cell FDCE clocked by core132  {rise@0.000ns fall@3.788ns period=7.576ns})
  Path Group:             core132
  Path Type:              Setup (Max at Slow Process Corner)
  Requirement:            7.576ns  (core132 rise@7.576ns - core132 rise@0.000ns)
  Data Path Delay:        15.480ns  (logic 7.368ns (47.597%)  route 8.112ns (52.403%))
  Logic Levels:           24  (CARRY4=13 LUT2=1 LUT3=3 LUT5=3 LUT6=4)
  Clock Path Skew:        -0.049ns (DCD - SCD + CPR)
    Destination Clock Delay (DCD):    0.924ns = ( 8.500 - 7.576 ) 
    Source Clock Delay      (SCD):    0.973ns
    Clock Pessimism Removal (CPR):    0.000ns
  Clock Uncertainty:      0.035ns  ((TSJ^2 + TIJ^2)^1/2 + DJ) / 2 + PE
    Total System Jitter     (TSJ):    0.071ns
    Total Input Jitter      (TIJ):    0.000ns
    Discrete Jitter          (DJ):    0.000ns
    Phase Error              (PE):    0.000ns

    Location             Delay type                Incr(ns)  Path(ns)    Netlist Resource(s)
  -------------------------------------------------------------------    -------------------
                         (clock core132 rise edge)    0.000     0.000 r  
                                                      0.000     0.000 r  clk (IN)
                         net (fo=18006, unset)        0.973     0.973    native_system/digital/burst/clk
                         FDCE                                         r  native_system/digital/burst/accumulator_reg[11]/C
  -------------------------------------------------------------------    -------------------
                         FDCE (Prop_fdce_C_Q)         0.518     1.491 r  native_system/digital/burst/accumulator_reg[11]/Q
                         net (fo=16, unplaced)        0.795     2.286    native_system/digital/burst/scaled[19]
                                                                      r  native_system/digital/burst/commanded_waveform[127]_INST_0_i_329/I0
                         LUT3 (Prop_lut3_I0_O)        0.319     2.605 r  native_system/digital/burst/commanded_waveform[127]_INST_0_i_329/O
                         net (fo=3, unplaced)         0.467     3.072    native_system/digital/burst/commanded_waveform[127]_INST_0_i_329_n_0
                                                                      r  native_system/digital/burst/commanded_waveform[127]_INST_0_i_267/I4
                         LUT5 (Prop_lut5_I4_O)        0.124     3.196 r  native_system/digital/burst/commanded_waveform[127]_INST_0_i_267/O
                         net (fo=2, unplaced)         0.650     3.846    native_system/digital/burst/commanded_waveform[127]_INST_0_i_267_n_0
                                                                      r  native_system/digital/burst/commanded_waveform[127]_INST_0_i_207/DI[1]
                         CARRY4 (Prop_carry4_DI[1]_CO[3])
                                                      0.520     4.366 r  native_system/digital/burst/commanded_waveform[127]_INST_0_i_207/CO[3]
                         net (fo=1, unplaced)         0.000     4.366    native_system/digital/burst/commanded_waveform[127]_INST_0_i_207_n_0
                                                                      r  native_system/digital/burst/commanded_waveform[127]_INST_0_i_153/CI
                         CARRY4 (Prop_carry4_CI_CO[3])
                                                      0.117     4.483 r  native_system/digital/burst/commanded_waveform[127]_INST_0_i_153/CO[3]
                         net (fo=1, unplaced)         0.000     4.483    native_system/digital/burst/commanded_waveform[127]_INST_0_i_153_n_0
                                                                      r  native_system/digital/burst/commanded_waveform[127]_INST_0_i_101/CI
                         CARRY4 (Prop_carry4_CI_CO[3])
                                                      0.117     4.600 r  native_system/digital/burst/commanded_waveform[127]_INST_0_i_101/CO[3]
                         net (fo=1, unplaced)         0.000     4.600    native_system/digital/burst/commanded_waveform[127]_INST_0_i_101_n_0
                                                                      r  native_system/digital/burst/commanded_waveform[127]_INST_0_i_66/CI
                         CARRY4 (Prop_carry4_CI_CO[3])
                                                      0.117     4.717 r  native_system/digital/burst/commanded_waveform[127]_INST_0_i_66/CO[3]
                         net (fo=1, unplaced)         0.000     4.717    native_system/digital/burst/commanded_waveform[127]_INST_0_i_66_n_0
                                                                      r  native_system/digital/burst/commanded_waveform[127]_INST_0_i_42/CI
                         CARRY4 (Prop_carry4_CI_O[2])
                                                      0.256     4.973 r  native_system/digital/burst/commanded_waveform[127]_INST_0_i_42/O[2]
                         net (fo=28, unplaced)        0.973     5.946    native_system/digital/burst/commanded_waveform[127]_INST_0_i_42_n_5
                                                                      r  native_system/digital/burst/commanded_waveform[127]_INST_0_i_300/I0
                         LUT3 (Prop_lut3_I0_O)        0.301     6.247 r  native_system/digital/burst/commanded_waveform[127]_INST_0_i_300/O
                         net (fo=1, unplaced)         0.473     6.720    native_system/digital/burst/commanded_waveform[127]_INST_0_i_300_n_0
                                                                      r  native_system/digital/burst/commanded_waveform[127]_INST_0_i_241/DI[3]
                         CARRY4 (Prop_carry4_DI[3]_CO[3])
                                                      0.396     7.116 r  native_system/digital/burst/commanded_waveform[127]_INST_0_i_241/CO[3]
                         net (fo=1, unplaced)         0.009     7.125    native_system/digital/burst/commanded_waveform[127]_INST_0_i_241_n_0
                                                                      r  native_system/digital/burst/commanded_waveform[127]_INST_0_i_185/CI
                         CARRY4 (Prop_carry4_CI_O[1])
                                                      0.337     7.462 r  native_system/digital/burst/commanded_waveform[127]_INST_0_i_185/O[1]
                         net (fo=3, unplaced)         0.629     8.091    native_system/digital/burst/commanded_waveform[127]_INST_0_i_185_n_6
                                                                      r  native_system/digital/burst/commanded_waveform[127]_INST_0_i_240/I2
                         LUT3 (Prop_lut3_I2_O)        0.306     8.397 r  native_system/digital/burst/commanded_waveform[127]_INST_0_i_240/O
                         net (fo=2, unplaced)         0.913     9.310    native_system/digital/burst/commanded_waveform[127]_INST_0_i_240_n_0
                                                                      r  native_system/digital/burst/commanded_waveform[127]_INST_0_i_182/I1
                         LUT6 (Prop_lut6_I1_O)        0.124     9.434 r  native_system/digital/burst/commanded_waveform[127]_INST_0_i_182/O
                         net (fo=1, unplaced)         0.000     9.434    native_system/digital/burst/commanded_waveform[127]_INST_0_i_182_n_0
                                                                      r  native_system/digital/burst/commanded_waveform[127]_INST_0_i_124/S[1]
                         CARRY4 (Prop_carry4_S[1]_CO[3])
                                                      0.533     9.967 r  native_system/digital/burst/commanded_waveform[127]_INST_0_i_124/CO[3]
                         net (fo=1, unplaced)         0.000     9.967    native_system/digital/burst/commanded_waveform[127]_INST_0_i_124_n_0
                                                                      r  native_system/digital/burst/commanded_waveform[127]_INST_0_i_84/CI
                         CARRY4 (Prop_carry4_CI_O[3])
                                                      0.331    10.298 r  native_system/digital/burst/commanded_waveform[127]_INST_0_i_84/O[3]
                         net (fo=3, unplaced)         0.636    10.934    native_system/digital/burst/commanded_waveform[127]_INST_0_i_84_n_4
                                                                      r  native_system/digital/burst/commanded_waveform[127]_INST_0_i_78/I0
                         LUT2 (Prop_lut2_I0_O)        0.300    11.234 r  native_system/digital/burst/commanded_waveform[127]_INST_0_i_78/O
                         net (fo=1, unplaced)         0.000    11.234    native_system/digital/burst/commanded_waveform[127]_INST_0_i_78_n_0
                                                                      r  native_system/digital/burst/commanded_waveform[127]_INST_0_i_43/DI[1]
                         CARRY4 (Prop_carry4_DI[1]_CO[3])
                                                      0.547    11.781 r  native_system/digital/burst/commanded_waveform[127]_INST_0_i_43/CO[3]
                         net (fo=1, unplaced)         0.000    11.781    native_system/digital/burst/commanded_waveform[127]_INST_0_i_43_n_0
                                                                      r  native_system/digital/burst/commanded_waveform[127]_INST_0_i_37/CI
                         CARRY4 (Prop_carry4_CI_CO[2])
                                                      0.252    12.033 r  native_system/digital/burst/commanded_waveform[127]_INST_0_i_37/CO[2]
                         net (fo=8, unplaced)         0.490    12.523    native_system/digital/burst/commanded_waveform[127]_INST_0_i_37_n_1
                                                                      r  native_system/digital/burst/commanded_waveform[127]_INST_0_i_34/I1
                         LUT6 (Prop_lut6_I1_O)        0.310    12.833 r  native_system/digital/burst/commanded_waveform[127]_INST_0_i_34/O
                         net (fo=1, unplaced)         0.000    12.833    native_system/digital/burst/commanded_waveform[127]_INST_0_i_34_n_0
                                                                      r  native_system/digital/burst/commanded_waveform[127]_INST_0_i_23/S[1]
                         CARRY4 (Prop_carry4_S[1]_CO[3])
                                                      0.533    13.366 r  native_system/digital/burst/commanded_waveform[127]_INST_0_i_23/CO[3]
                         net (fo=1, unplaced)         0.009    13.375    native_system/digital/burst/commanded_waveform[127]_INST_0_i_23_n_0
                                                                      r  native_system/digital/burst/commanded_waveform[127]_INST_0_i_17/CI
                         CARRY4 (Prop_carry4_CI_O[3])
                                                      0.331    13.706 f  native_system/digital/burst/commanded_waveform[127]_INST_0_i_17/O[3]
                         net (fo=1, unplaced)         0.618    14.324    native_system/digital/burst/phase[7]
                                                                      f  native_system/digital/burst/commanded_waveform[127]_INST_0_i_11/I0
                         LUT5 (Prop_lut5_I0_O)        0.307    14.631 r  native_system/digital/burst/commanded_waveform[127]_INST_0_i_11/O
                         net (fo=8, unplaced)         0.487    15.118    native_system/digital/scheduler/commanded_waveform3
                                                                      r  native_system/digital/scheduler/commanded_waveform[95]_INST_0_i_2/I4
                         LUT6 (Prop_lut6_I4_O)        0.124    15.242 r  native_system/digital/scheduler/commanded_waveform[95]_INST_0_i_2/O
                         net (fo=16, unplaced)        0.503    15.745    native_system/digital/bank/captured_reg[65]_0
                                                                      r  native_system/digital/bank/commanded_waveform[75]_INST_0/I3
                         LUT5 (Prop_lut5_I3_O)        0.124    15.869 r  native_system/digital/bank/commanded_waveform[75]_INST_0/O
                         net (fo=2, unplaced)         0.460    16.329    native_system/digital/serial/commanded_waveform[75]
                                                                      r  native_system/digital/serial/serial_data[18]_i_1/I0
                         LUT6 (Prop_lut6_I0_O)        0.124    16.453 r  native_system/digital/serial/serial_data[18]_i_1/O
                         net (fo=1, unplaced)         0.000    16.453    native_system/digital/serial/serial_data[18]_i_1_n_0
                         FDCE                                         r  native_system/digital/serial/serial_data_reg[18]/D
  -------------------------------------------------------------------    -------------------

                         (clock core132 rise edge)    7.576     7.576 r  
                                                      0.000     7.576 r  clk (IN)
                         net (fo=18006, unset)        0.924     8.500    native_system/digital/serial/clk
                         FDCE                                         r  native_system/digital/serial/serial_data_reg[18]/C
                         clock pessimism              0.000     8.500    
                         clock uncertainty           -0.035     8.465    
                         FDCE (Setup_fdce_C_D)        0.077     8.542    native_system/digital/serial/serial_data_reg[18]
  -------------------------------------------------------------------
                         required time                          8.542    
                         arrival time                         -16.453    
  -------------------------------------------------------------------
                         slack                                 -7.911    

Slack (VIOLATED) :        -7.911ns  (required time - arrival time)
  Source:                 native_system/digital/burst/accumulator_reg[11]/C
                            (rising edge-triggered cell FDCE clocked by core132  {rise@0.000ns fall@3.788ns period=7.576ns})
  Destination:            native_system/digital/serial/serial_data_reg[19]/D
                            (rising edge-triggered cell FDCE clocked by core132  {rise@0.000ns fall@3.788ns period=7.576ns})
  Path Group:             core132
  Path Type:              Setup (Max at Slow Process Corner)
  Requirement:            7.576ns  (core132 rise@7.576ns - core132 rise@0.000ns)
  Data Path Delay:        15.480ns  (logic 7.368ns (47.597%)  route 8.112ns (52.403%))
  Logic Levels:           24  (CARRY4=13 LUT2=1 LUT3=3 LUT5=3 LUT6=4)
  Clock Path Skew:        -0.049ns (DCD - SCD + CPR)
    Destination Clock Delay (DCD):    0.924ns = ( 8.500 - 7.576 ) 
    Source Clock Delay      (SCD):    0.973ns
    Clock Pessimism Removal (CPR):    0.000ns
  Clock Uncertainty:      0.035ns  ((TSJ^2 + TIJ^2)^1/2 + DJ) / 2 + PE
    Total System Jitter     (TSJ):    0.071ns
    Total Input Jitter      (TIJ):    0.000ns
    Discrete Jitter          (DJ):    0.000ns
    Phase Error              (PE):    0.000ns

    Location             Delay type                Incr(ns)  Path(ns)    Netlist Resource(s)
  -------------------------------------------------------------------    -------------------
                         (clock core132 rise edge)    0.000     0.000 r  
                                                      0.000     0.000 r  clk (IN)
                         net (fo=18006, unset)        0.973     0.973    native_system/digital/burst/clk
                         FDCE                                         r  native_system/digital/burst/accumulator_reg[11]/C
  -------------------------------------------------------------------    -------------------
                         FDCE (Prop_fdce_C_Q)         0.518     1.491 r  native_system/digital/burst/accumulator_reg[11]/Q
                         net (fo=16, unplaced)        0.795     2.286    native_system/digital/burst/scaled[19]
                                                                      r  native_system/digital/burst/commanded_waveform[127]_INST_0_i_329/I0
                         LUT3 (Prop_lut3_I0_O)        0.319     2.605 r  native_system/digital/burst/commanded_waveform[127]_INST_0_i_329/O
                         net (fo=3, unplaced)         0.467     3.072    native_system/digital/burst/commanded_waveform[127]_INST_0_i_329_n_0
                                                                      r  native_system/digital/burst/commanded_waveform[127]_INST_0_i_267/I4
                         LUT5 (Prop_lut5_I4_O)        0.124     3.196 r  native_system/digital/burst/commanded_waveform[127]_INST_0_i_267/O
                         net (fo=2, unplaced)         0.650     3.846    native_system/digital/burst/commanded_waveform[127]_INST_0_i_267_n_0
                                                                      r  native_system/digital/burst/commanded_waveform[127]_INST_0_i_207/DI[1]
                         CARRY4 (Prop_carry4_DI[1]_CO[3])
                                                      0.520     4.366 r  native_system/digital/burst/commanded_waveform[127]_INST_0_i_207/CO[3]
                         net (fo=1, unplaced)         0.000     4.366    native_system/digital/burst/commanded_waveform[127]_INST_0_i_207_n_0
                                                                      r  native_system/digital/burst/commanded_waveform[127]_INST_0_i_153/CI
                         CARRY4 (Prop_carry4_CI_CO[3])
                                                      0.117     4.483 r  native_system/digital/burst/commanded_waveform[127]_INST_0_i_153/CO[3]
                         net (fo=1, unplaced)         0.000     4.483    native_system/digital/burst/commanded_waveform[127]_INST_0_i_153_n_0
                                                                      r  native_system/digital/burst/commanded_waveform[127]_INST_0_i_101/CI
                         CARRY4 (Prop_carry4_CI_CO[3])
                                                      0.117     4.600 r  native_system/digital/burst/commanded_waveform[127]_INST_0_i_101/CO[3]
                         net (fo=1, unplaced)         0.000     4.600    native_system/digital/burst/commanded_waveform[127]_INST_0_i_101_n_0
                                                                      r  native_system/digital/burst/commanded_waveform[127]_INST_0_i_66/CI
                         CARRY4 (Prop_carry4_CI_CO[3])
                                                      0.117     4.717 r  native_system/digital/burst/commanded_waveform[127]_INST_0_i_66/CO[3]
                         net (fo=1, unplaced)         0.000     4.717    native_system/digital/burst/commanded_waveform[127]_INST_0_i_66_n_0
                                                                      r  native_system/digital/burst/commanded_waveform[127]_INST_0_i_42/CI
                         CARRY4 (Prop_carry4_CI_O[2])
                                                      0.256     4.973 r  native_system/digital/burst/commanded_waveform[127]_INST_0_i_42/O[2]
                         net (fo=28, unplaced)        0.973     5.946    native_system/digital/burst/commanded_waveform[127]_INST_0_i_42_n_5
                                                                      r  native_system/digital/burst/commanded_waveform[127]_INST_0_i_300/I0
                         LUT3 (Prop_lut3_I0_O)        0.301     6.247 r  native_system/digital/burst/commanded_waveform[127]_INST_0_i_300/O
                         net (fo=1, unplaced)         0.473     6.720    native_system/digital/burst/commanded_waveform[127]_INST_0_i_300_n_0
                                                                      r  native_system/digital/burst/commanded_waveform[127]_INST_0_i_241/DI[3]
                         CARRY4 (Prop_carry4_DI[3]_CO[3])
                                                      0.396     7.116 r  native_system/digital/burst/commanded_waveform[127]_INST_0_i_241/CO[3]
                         net (fo=1, unplaced)         0.009     7.125    native_system/digital/burst/commanded_waveform[127]_INST_0_i_241_n_0
                                                                      r  native_system/digital/burst/commanded_waveform[127]_INST_0_i_185/CI
                         CARRY4 (Prop_carry4_CI_O[1])
                                                      0.337     7.462 r  native_system/digital/burst/commanded_waveform[127]_INST_0_i_185/O[1]
                         net (fo=3, unplaced)         0.629     8.091    native_system/digital/burst/commanded_waveform[127]_INST_0_i_185_n_6
                                                                      r  native_system/digital/burst/commanded_waveform[127]_INST_0_i_240/I2
                         LUT3 (Prop_lut3_I2_O)        0.306     8.397 r  native_system/digital/burst/commanded_waveform[127]_INST_0_i_240/O
                         net (fo=2, unplaced)         0.913     9.310    native_system/digital/burst/commanded_waveform[127]_INST_0_i_240_n_0
                                                                      r  native_system/digital/burst/commanded_waveform[127]_INST_0_i_182/I1
                         LUT6 (Prop_lut6_I1_O)        0.124     9.434 r  native_system/digital/burst/commanded_waveform[127]_INST_0_i_182/O
                         net (fo=1, unplaced)         0.000     9.434    native_system/digital/burst/commanded_waveform[127]_INST_0_i_182_n_0
                                                                      r  native_system/digital/burst/commanded_waveform[127]_INST_0_i_124/S[1]
                         CARRY4 (Prop_carry4_S[1]_CO[3])
                                                      0.533     9.967 r  native_system/digital/burst/commanded_waveform[127]_INST_0_i_124/CO[3]
                         net (fo=1, unplaced)         0.000     9.967    native_system/digital/burst/commanded_waveform[127]_INST_0_i_124_n_0
                                                                      r  native_system/digital/burst/commanded_waveform[127]_INST_0_i_84/CI
                         CARRY4 (Prop_carry4_CI_O[3])
                                                      0.331    10.298 r  native_system/digital/burst/commanded_waveform[127]_INST_0_i_84/O[3]
                         net (fo=3, unplaced)         0.636    10.934    native_system/digital/burst/commanded_waveform[127]_INST_0_i_84_n_4
                                                                      r  native_system/digital/burst/commanded_waveform[127]_INST_0_i_78/I0
                         LUT2 (Prop_lut2_I0_O)        0.300    11.234 r  native_system/digital/burst/commanded_waveform[127]_INST_0_i_78/O
                         net (fo=1, unplaced)         0.000    11.234    native_system/digital/burst/commanded_waveform[127]_INST_0_i_78_n_0
                                                                      r  native_system/digital/burst/commanded_waveform[127]_INST_0_i_43/DI[1]
                         CARRY4 (Prop_carry4_DI[1]_CO[3])
                                                      0.547    11.781 r  native_system/digital/burst/commanded_waveform[127]_INST_0_i_43/CO[3]
                         net (fo=1, unplaced)         0.000    11.781    native_system/digital/burst/commanded_waveform[127]_INST_0_i_43_n_0
                                                                      r  native_system/digital/burst/commanded_waveform[127]_INST_0_i_37/CI
                         CARRY4 (Prop_carry4_CI_CO[2])
                                                      0.252    12.033 r  native_system/digital/burst/commanded_waveform[127]_INST_0_i_37/CO[2]
                         net (fo=8, unplaced)         0.490    12.523    native_system/digital/burst/commanded_waveform[127]_INST_0_i_37_n_1
                                                                      r  native_system/digital/burst/commanded_waveform[127]_INST_0_i_34/I1
                         LUT6 (Prop_lut6_I1_O)        0.310    12.833 r  native_system/digital/burst/commanded_waveform[127]_INST_0_i_34/O
                         net (fo=1, unplaced)         0.000    12.833    native_system/digital/burst/commanded_waveform[127]_INST_0_i_34_n_0
                                                                      r  native_system/digital/burst/commanded_waveform[127]_INST_0_i_23/S[1]
                         CARRY4 (Prop_carry4_S[1]_CO[3])
                                                      0.533    13.366 r  native_system/digital/burst/commanded_waveform[127]_INST_0_i_23/CO[3]
                         net (fo=1, unplaced)         0.009    13.375    native_system/digital/burst/commanded_waveform[127]_INST_0_i_23_n_0
                                                                      r  native_system/digital/burst/commanded_waveform[127]_INST_0_i_17/CI
                         CARRY4 (Prop_carry4_CI_O[3])
                                                      0.331    13.706 f  native_system/digital/burst/commanded_waveform[127]_INST_0_i_17/O[3]
                         net (fo=1, unplaced)         0.618    14.324    native_system/digital/burst/phase[7]
                                                                      f  native_system/digital/burst/commanded_waveform[127]_INST_0_i_11/I0
                         LUT5 (Prop_lut5_I0_O)        0.307    14.631 r  native_system/digital/burst/commanded_waveform[127]_INST_0_i_11/O
                         net (fo=8, unplaced)         0.487    15.118    native_system/digital/scheduler/commanded_waveform3
                                                                      r  native_system/digital/scheduler/commanded_waveform[95]_INST_0_i_2/I4
                         LUT6 (Prop_lut6_I4_O)        0.124    15.242 r  native_system/digital/scheduler/commanded_waveform[95]_INST_0_i_2/O
                         net (fo=16, unplaced)        0.503    15.745    native_system/digital/bank/captured_reg[65]_0
                                                                      r  native_system/digital/bank/commanded_waveform[79]_INST_0/I3
                         LUT5 (Prop_lut5_I3_O)        0.124    15.869 r  native_system/digital/bank/commanded_waveform[79]_INST_0/O
                         net (fo=2, unplaced)         0.460    16.329    native_system/digital/serial/commanded_waveform[79]
                                                                      r  native_system/digital/serial/serial_data[19]_i_1/I0
                         LUT6 (Prop_lut6_I0_O)        0.124    16.453 r  native_system/digital/serial/serial_data[19]_i_1/O
                         net (fo=1, unplaced)         0.000    16.453    native_system/digital/serial/serial_data[19]_i_1_n_0
                         FDCE                                         r  native_system/digital/serial/serial_data_reg[19]/D
  -------------------------------------------------------------------    -------------------

                         (clock core132 rise edge)    7.576     7.576 r  
                                                      0.000     7.576 r  clk (IN)
                         net (fo=18006, unset)        0.924     8.500    native_system/digital/serial/clk
                         FDCE                                         r  native_system/digital/serial/serial_data_reg[19]/C
                         clock pessimism              0.000     8.500    
                         clock uncertainty           -0.035     8.465    
                         FDCE (Setup_fdce_C_D)        0.077     8.542    native_system/digital/serial/serial_data_reg[19]
  -------------------------------------------------------------------
                         required time                          8.542    
                         arrival time                         -16.453    
  -------------------------------------------------------------------
                         slack                                 -7.911    

Slack (VIOLATED) :        -7.911ns  (required time - arrival time)
  Source:                 native_system/digital/burst/accumulator_reg[11]/C
                            (rising edge-triggered cell FDCE clocked by core132  {rise@0.000ns fall@3.788ns period=7.576ns})
  Destination:            native_system/digital/serial/serial_data_reg[1]/D
                            (rising edge-triggered cell FDCE clocked by core132  {rise@0.000ns fall@3.788ns period=7.576ns})
  Path Group:             core132
  Path Type:              Setup (Max at Slow Process Corner)
  Requirement:            7.576ns  (core132 rise@7.576ns - core132 rise@0.000ns)
  Data Path Delay:        15.480ns  (logic 7.368ns (47.597%)  route 8.112ns (52.403%))
  Logic Levels:           24  (CARRY4=13 LUT2=1 LUT3=3 LUT5=3 LUT6=4)
  Clock Path Skew:        -0.049ns (DCD - SCD + CPR)
    Destination Clock Delay (DCD):    0.924ns = ( 8.500 - 7.576 ) 
    Source Clock Delay      (SCD):    0.973ns
    Clock Pessimism Removal (CPR):    0.000ns
  Clock Uncertainty:      0.035ns  ((TSJ^2 + TIJ^2)^1/2 + DJ) / 2 + PE
    Total System Jitter     (TSJ):    0.071ns
    Total Input Jitter      (TIJ):    0.000ns
    Discrete Jitter          (DJ):    0.000ns
    Phase Error              (PE):    0.000ns

    Location             Delay type                Incr(ns)  Path(ns)    Netlist Resource(s)
  -------------------------------------------------------------------    -------------------
                         (clock core132 rise edge)    0.000     0.000 r  
                                                      0.000     0.000 r  clk (IN)
                         net (fo=18006, unset)        0.973     0.973    native_system/digital/burst/clk
                         FDCE                                         r  native_system/digital/burst/accumulator_reg[11]/C
  -------------------------------------------------------------------    -------------------
                         FDCE (Prop_fdce_C_Q)         0.518     1.491 r  native_system/digital/burst/accumulator_reg[11]/Q
                         net (fo=16, unplaced)        0.795     2.286    native_system/digital/burst/scaled[19]
                                                                      r  native_system/digital/burst/commanded_waveform[127]_INST_0_i_329/I0
                         LUT3 (Prop_lut3_I0_O)        0.319     2.605 r  native_system/digital/burst/commanded_waveform[127]_INST_0_i_329/O
                         net (fo=3, unplaced)         0.467     3.072    native_system/digital/burst/commanded_waveform[127]_INST_0_i_329_n_0
                                                                      r  native_system/digital/burst/commanded_waveform[127]_INST_0_i_267/I4
                         LUT5 (Prop_lut5_I4_O)        0.124     3.196 r  native_system/digital/burst/commanded_waveform[127]_INST_0_i_267/O
                         net (fo=2, unplaced)         0.650     3.846    native_system/digital/burst/commanded_waveform[127]_INST_0_i_267_n_0
                                                                      r  native_system/digital/burst/commanded_waveform[127]_INST_0_i_207/DI[1]
                         CARRY4 (Prop_carry4_DI[1]_CO[3])
                                                      0.520     4.366 r  native_system/digital/burst/commanded_waveform[127]_INST_0_i_207/CO[3]
                         net (fo=1, unplaced)         0.000     4.366    native_system/digital/burst/commanded_waveform[127]_INST_0_i_207_n_0
                                                                      r  native_system/digital/burst/commanded_waveform[127]_INST_0_i_153/CI
                         CARRY4 (Prop_carry4_CI_CO[3])
                                                      0.117     4.483 r  native_system/digital/burst/commanded_waveform[127]_INST_0_i_153/CO[3]
                         net (fo=1, unplaced)         0.000     4.483    native_system/digital/burst/commanded_waveform[127]_INST_0_i_153_n_0
                                                                      r  native_system/digital/burst/commanded_waveform[127]_INST_0_i_101/CI
                         CARRY4 (Prop_carry4_CI_CO[3])
                                                      0.117     4.600 r  native_system/digital/burst/commanded_waveform[127]_INST_0_i_101/CO[3]
                         net (fo=1, unplaced)         0.000     4.600    native_system/digital/burst/commanded_waveform[127]_INST_0_i_101_n_0
                                                                      r  native_system/digital/burst/commanded_waveform[127]_INST_0_i_66/CI
                         CARRY4 (Prop_carry4_CI_CO[3])
                                                      0.117     4.717 r  native_system/digital/burst/commanded_waveform[127]_INST_0_i_66/CO[3]
                         net (fo=1, unplaced)         0.000     4.717    native_system/digital/burst/commanded_waveform[127]_INST_0_i_66_n_0
                                                                      r  native_system/digital/burst/commanded_waveform[127]_INST_0_i_42/CI
                         CARRY4 (Prop_carry4_CI_O[2])
                                                      0.256     4.973 r  native_system/digital/burst/commanded_waveform[127]_INST_0_i_42/O[2]
                         net (fo=28, unplaced)        0.973     5.946    native_system/digital/burst/commanded_waveform[127]_INST_0_i_42_n_5
                                                                      r  native_system/digital/burst/commanded_waveform[127]_INST_0_i_300/I0
                         LUT3 (Prop_lut3_I0_O)        0.301     6.247 r  native_system/digital/burst/commanded_waveform[127]_INST_0_i_300/O
                         net (fo=1, unplaced)         0.473     6.720    native_system/digital/burst/commanded_waveform[127]_INST_0_i_300_n_0
                                                                      r  native_system/digital/burst/commanded_waveform[127]_INST_0_i_241/DI[3]
                         CARRY4 (Prop_carry4_DI[3]_CO[3])
                                                      0.396     7.116 r  native_system/digital/burst/commanded_waveform[127]_INST_0_i_241/CO[3]
                         net (fo=1, unplaced)         0.009     7.125    native_system/digital/burst/commanded_waveform[127]_INST_0_i_241_n_0
                                                                      r  native_system/digital/burst/commanded_waveform[127]_INST_0_i_185/CI
                         CARRY4 (Prop_carry4_CI_O[1])
                                                      0.337     7.462 r  native_system/digital/burst/commanded_waveform[127]_INST_0_i_185/O[1]
                         net (fo=3, unplaced)         0.629     8.091    native_system/digital/burst/commanded_waveform[127]_INST_0_i_185_n_6
                                                                      r  native_system/digital/burst/commanded_waveform[127]_INST_0_i_240/I2
                         LUT3 (Prop_lut3_I2_O)        0.306     8.397 r  native_system/digital/burst/commanded_waveform[127]_INST_0_i_240/O
                         net (fo=2, unplaced)         0.913     9.310    native_system/digital/burst/commanded_waveform[127]_INST_0_i_240_n_0
                                                                      r  native_system/digital/burst/commanded_waveform[127]_INST_0_i_182/I1
                         LUT6 (Prop_lut6_I1_O)        0.124     9.434 r  native_system/digital/burst/commanded_waveform[127]_INST_0_i_182/O
                         net (fo=1, unplaced)         0.000     9.434    native_system/digital/burst/commanded_waveform[127]_INST_0_i_182_n_0
                                                                      r  native_system/digital/burst/commanded_waveform[127]_INST_0_i_124/S[1]
                         CARRY4 (Prop_carry4_S[1]_CO[3])
                                                      0.533     9.967 r  native_system/digital/burst/commanded_waveform[127]_INST_0_i_124/CO[3]
                         net (fo=1, unplaced)         0.000     9.967    native_system/digital/burst/commanded_waveform[127]_INST_0_i_124_n_0
                                                                      r  native_system/digital/burst/commanded_waveform[127]_INST_0_i_84/CI
                         CARRY4 (Prop_carry4_CI_O[3])
                                                      0.331    10.298 r  native_system/digital/burst/commanded_waveform[127]_INST_0_i_84/O[3]
                         net (fo=3, unplaced)         0.636    10.934    native_system/digital/burst/commanded_waveform[127]_INST_0_i_84_n_4
                                                                      r  native_system/digital/burst/commanded_waveform[127]_INST_0_i_78/I0
                         LUT2 (Prop_lut2_I0_O)        0.300    11.234 r  native_system/digital/burst/commanded_waveform[127]_INST_0_i_78/O
                         net (fo=1, unplaced)         0.000    11.234    native_system/digital/burst/commanded_waveform[127]_INST_0_i_78_n_0
                                                                      r  native_system/digital/burst/commanded_waveform[127]_INST_0_i_43/DI[1]
                         CARRY4 (Prop_carry4_DI[1]_CO[3])
                                                      0.547    11.781 r  native_system/digital/burst/commanded_waveform[127]_INST_0_i_43/CO[3]
                         net (fo=1, unplaced)         0.000    11.781    native_system/digital/burst/commanded_waveform[127]_INST_0_i_43_n_0
                                                                      r  native_system/digital/burst/commanded_waveform[127]_INST_0_i_37/CI
                         CARRY4 (Prop_carry4_CI_CO[2])
                                                      0.252    12.033 r  native_system/digital/burst/commanded_waveform[127]_INST_0_i_37/CO[2]
                         net (fo=8, unplaced)         0.490    12.523    native_system/digital/burst/commanded_waveform[127]_INST_0_i_37_n_1
                                                                      r  native_system/digital/burst/commanded_waveform[127]_INST_0_i_34/I1
                         LUT6 (Prop_lut6_I1_O)        0.310    12.833 r  native_system/digital/burst/commanded_waveform[127]_INST_0_i_34/O
                         net (fo=1, unplaced)         0.000    12.833    native_system/digital/burst/commanded_waveform[127]_INST_0_i_34_n_0
                                                                      r  native_system/digital/burst/commanded_waveform[127]_INST_0_i_23/S[1]
                         CARRY4 (Prop_carry4_S[1]_CO[3])
                                                      0.533    13.366 r  native_system/digital/burst/commanded_waveform[127]_INST_0_i_23/CO[3]
                         net (fo=1, unplaced)         0.009    13.375    native_system/digital/burst/commanded_waveform[127]_INST_0_i_23_n_0
                                                                      r  native_system/digital/burst/commanded_waveform[127]_INST_0_i_17/CI
                         CARRY4 (Prop_carry4_CI_O[3])
                                                      0.331    13.706 f  native_system/digital/burst/commanded_waveform[127]_INST_0_i_17/O[3]
                         net (fo=1, unplaced)         0.618    14.324    native_system/digital/burst/phase[7]
                                                                      f  native_system/digital/burst/commanded_waveform[127]_INST_0_i_11/I0
                         LUT5 (Prop_lut5_I0_O)        0.307    14.631 r  native_system/digital/burst/commanded_waveform[127]_INST_0_i_11/O
                         net (fo=8, unplaced)         0.487    15.118    native_system/digital/scheduler/commanded_waveform3
                                                                      r  native_system/digital/scheduler/commanded_waveform[31]_INST_0_i_2/I4
                         LUT6 (Prop_lut6_I4_O)        0.124    15.242 r  native_system/digital/scheduler/commanded_waveform[31]_INST_0_i_2/O
                         net (fo=16, unplaced)        0.503    15.745    native_system/digital/bank/captured_reg[1]_0
                                                                      r  native_system/digital/bank/commanded_waveform[7]_INST_0/I3
                         LUT5 (Prop_lut5_I3_O)        0.124    15.869 r  native_system/digital/bank/commanded_waveform[7]_INST_0/O
                         net (fo=2, unplaced)         0.460    16.329    native_system/digital/serial/commanded_waveform[7]
                                                                      r  native_system/digital/serial/serial_data[1]_i_1/I0
                         LUT6 (Prop_lut6_I0_O)        0.124    16.453 r  native_system/digital/serial/serial_data[1]_i_1/O
                         net (fo=1, unplaced)         0.000    16.453    native_system/digital/serial/serial_data[1]_i_1_n_0
                         FDCE                                         r  native_system/digital/serial/serial_data_reg[1]/D
  -------------------------------------------------------------------    -------------------

                         (clock core132 rise edge)    7.576     7.576 r  
                                                      0.000     7.576 r  clk (IN)
                         net (fo=18006, unset)        0.924     8.500    native_system/digital/serial/clk
                         FDCE                                         r  native_system/digital/serial/serial_data_reg[1]/C
                         clock pessimism              0.000     8.500    
                         clock uncertainty           -0.035     8.465    
                         FDCE (Setup_fdce_C_D)        0.077     8.542    native_system/digital/serial/serial_data_reg[1]
  -------------------------------------------------------------------
                         required time                          8.542    
                         arrival time                         -16.453    
  -------------------------------------------------------------------
                         slack                                 -7.911    

Slack (VIOLATED) :        -7.911ns  (required time - arrival time)
  Source:                 native_system/digital/burst/accumulator_reg[11]/C
                            (rising edge-triggered cell FDCE clocked by core132  {rise@0.000ns fall@3.788ns period=7.576ns})
  Destination:            native_system/digital/serial/serial_data_reg[20]/D
                            (rising edge-triggered cell FDCE clocked by core132  {rise@0.000ns fall@3.788ns period=7.576ns})
  Path Group:             core132
  Path Type:              Setup (Max at Slow Process Corner)
  Requirement:            7.576ns  (core132 rise@7.576ns - core132 rise@0.000ns)
  Data Path Delay:        15.480ns  (logic 7.368ns (47.597%)  route 8.112ns (52.403%))
  Logic Levels:           24  (CARRY4=13 LUT2=1 LUT3=3 LUT5=3 LUT6=4)
  Clock Path Skew:        -0.049ns (DCD - SCD + CPR)
    Destination Clock Delay (DCD):    0.924ns = ( 8.500 - 7.576 ) 
    Source Clock Delay      (SCD):    0.973ns
    Clock Pessimism Removal (CPR):    0.000ns
  Clock Uncertainty:      0.035ns  ((TSJ^2 + TIJ^2)^1/2 + DJ) / 2 + PE
    Total System Jitter     (TSJ):    0.071ns
    Total Input Jitter      (TIJ):    0.000ns
    Discrete Jitter          (DJ):    0.000ns
    Phase Error              (PE):    0.000ns

    Location             Delay type                Incr(ns)  Path(ns)    Netlist Resource(s)
  -------------------------------------------------------------------    -------------------
                         (clock core132 rise edge)    0.000     0.000 r  
                                                      0.000     0.000 r  clk (IN)
                         net (fo=18006, unset)        0.973     0.973    native_system/digital/burst/clk
                         FDCE                                         r  native_system/digital/burst/accumulator_reg[11]/C
  -------------------------------------------------------------------    -------------------
                         FDCE (Prop_fdce_C_Q)         0.518     1.491 r  native_system/digital/burst/accumulator_reg[11]/Q
                         net (fo=16, unplaced)        0.795     2.286    native_system/digital/burst/scaled[19]
                                                                      r  native_system/digital/burst/commanded_waveform[127]_INST_0_i_329/I0
                         LUT3 (Prop_lut3_I0_O)        0.319     2.605 r  native_system/digital/burst/commanded_waveform[127]_INST_0_i_329/O
                         net (fo=3, unplaced)         0.467     3.072    native_system/digital/burst/commanded_waveform[127]_INST_0_i_329_n_0
                                                                      r  native_system/digital/burst/commanded_waveform[127]_INST_0_i_267/I4
                         LUT5 (Prop_lut5_I4_O)        0.124     3.196 r  native_system/digital/burst/commanded_waveform[127]_INST_0_i_267/O
                         net (fo=2, unplaced)         0.650     3.846    native_system/digital/burst/commanded_waveform[127]_INST_0_i_267_n_0
                                                                      r  native_system/digital/burst/commanded_waveform[127]_INST_0_i_207/DI[1]
                         CARRY4 (Prop_carry4_DI[1]_CO[3])
                                                      0.520     4.366 r  native_system/digital/burst/commanded_waveform[127]_INST_0_i_207/CO[3]
                         net (fo=1, unplaced)         0.000     4.366    native_system/digital/burst/commanded_waveform[127]_INST_0_i_207_n_0
                                                                      r  native_system/digital/burst/commanded_waveform[127]_INST_0_i_153/CI
                         CARRY4 (Prop_carry4_CI_CO[3])
                                                      0.117     4.483 r  native_system/digital/burst/commanded_waveform[127]_INST_0_i_153/CO[3]
                         net (fo=1, unplaced)         0.000     4.483    native_system/digital/burst/commanded_waveform[127]_INST_0_i_153_n_0
                                                                      r  native_system/digital/burst/commanded_waveform[127]_INST_0_i_101/CI
                         CARRY4 (Prop_carry4_CI_CO[3])
                                                      0.117     4.600 r  native_system/digital/burst/commanded_waveform[127]_INST_0_i_101/CO[3]
                         net (fo=1, unplaced)         0.000     4.600    native_system/digital/burst/commanded_waveform[127]_INST_0_i_101_n_0
                                                                      r  native_system/digital/burst/commanded_waveform[127]_INST_0_i_66/CI
                         CARRY4 (Prop_carry4_CI_CO[3])
                                                      0.117     4.717 r  native_system/digital/burst/commanded_waveform[127]_INST_0_i_66/CO[3]
                         net (fo=1, unplaced)         0.000     4.717    native_system/digital/burst/commanded_waveform[127]_INST_0_i_66_n_0
                                                                      r  native_system/digital/burst/commanded_waveform[127]_INST_0_i_42/CI
                         CARRY4 (Prop_carry4_CI_O[2])
                                                      0.256     4.973 r  native_system/digital/burst/commanded_waveform[127]_INST_0_i_42/O[2]
                         net (fo=28, unplaced)        0.973     5.946    native_system/digital/burst/commanded_waveform[127]_INST_0_i_42_n_5
                                                                      r  native_system/digital/burst/commanded_waveform[127]_INST_0_i_300/I0
                         LUT3 (Prop_lut3_I0_O)        0.301     6.247 r  native_system/digital/burst/commanded_waveform[127]_INST_0_i_300/O
                         net (fo=1, unplaced)         0.473     6.720    native_system/digital/burst/commanded_waveform[127]_INST_0_i_300_n_0
                                                                      r  native_system/digital/burst/commanded_waveform[127]_INST_0_i_241/DI[3]
                         CARRY4 (Prop_carry4_DI[3]_CO[3])
                                                      0.396     7.116 r  native_system/digital/burst/commanded_waveform[127]_INST_0_i_241/CO[3]
                         net (fo=1, unplaced)         0.009     7.125    native_system/digital/burst/commanded_waveform[127]_INST_0_i_241_n_0
                                                                      r  native_system/digital/burst/commanded_waveform[127]_INST_0_i_185/CI
                         CARRY4 (Prop_carry4_CI_O[1])
                                                      0.337     7.462 r  native_system/digital/burst/commanded_waveform[127]_INST_0_i_185/O[1]
                         net (fo=3, unplaced)         0.629     8.091    native_system/digital/burst/commanded_waveform[127]_INST_0_i_185_n_6
                                                                      r  native_system/digital/burst/commanded_waveform[127]_INST_0_i_240/I2
                         LUT3 (Prop_lut3_I2_O)        0.306     8.397 r  native_system/digital/burst/commanded_waveform[127]_INST_0_i_240/O
                         net (fo=2, unplaced)         0.913     9.310    native_system/digital/burst/commanded_waveform[127]_INST_0_i_240_n_0
                                                                      r  native_system/digital/burst/commanded_waveform[127]_INST_0_i_182/I1
                         LUT6 (Prop_lut6_I1_O)        0.124     9.434 r  native_system/digital/burst/commanded_waveform[127]_INST_0_i_182/O
                         net (fo=1, unplaced)         0.000     9.434    native_system/digital/burst/commanded_waveform[127]_INST_0_i_182_n_0
                                                                      r  native_system/digital/burst/commanded_waveform[127]_INST_0_i_124/S[1]
                         CARRY4 (Prop_carry4_S[1]_CO[3])
                                                      0.533     9.967 r  native_system/digital/burst/commanded_waveform[127]_INST_0_i_124/CO[3]
                         net (fo=1, unplaced)         0.000     9.967    native_system/digital/burst/commanded_waveform[127]_INST_0_i_124_n_0
                                                                      r  native_system/digital/burst/commanded_waveform[127]_INST_0_i_84/CI
                         CARRY4 (Prop_carry4_CI_O[3])
                                                      0.331    10.298 r  native_system/digital/burst/commanded_waveform[127]_INST_0_i_84/O[3]
                         net (fo=3, unplaced)         0.636    10.934    native_system/digital/burst/commanded_waveform[127]_INST_0_i_84_n_4
                                                                      r  native_system/digital/burst/commanded_waveform[127]_INST_0_i_78/I0
                         LUT2 (Prop_lut2_I0_O)        0.300    11.234 r  native_system/digital/burst/commanded_waveform[127]_INST_0_i_78/O
                         net (fo=1, unplaced)         0.000    11.234    native_system/digital/burst/commanded_waveform[127]_INST_0_i_78_n_0
                                                                      r  native_system/digital/burst/commanded_waveform[127]_INST_0_i_43/DI[1]
                         CARRY4 (Prop_carry4_DI[1]_CO[3])
                                                      0.547    11.781 r  native_system/digital/burst/commanded_waveform[127]_INST_0_i_43/CO[3]
                         net (fo=1, unplaced)         0.000    11.781    native_system/digital/burst/commanded_waveform[127]_INST_0_i_43_n_0
                                                                      r  native_system/digital/burst/commanded_waveform[127]_INST_0_i_37/CI
                         CARRY4 (Prop_carry4_CI_CO[2])
                                                      0.252    12.033 r  native_system/digital/burst/commanded_waveform[127]_INST_0_i_37/CO[2]
                         net (fo=8, unplaced)         0.490    12.523    native_system/digital/burst/commanded_waveform[127]_INST_0_i_37_n_1
                                                                      r  native_system/digital/burst/commanded_waveform[127]_INST_0_i_34/I1
                         LUT6 (Prop_lut6_I1_O)        0.310    12.833 r  native_system/digital/burst/commanded_waveform[127]_INST_0_i_34/O
                         net (fo=1, unplaced)         0.000    12.833    native_system/digital/burst/commanded_waveform[127]_INST_0_i_34_n_0
                                                                      r  native_system/digital/burst/commanded_waveform[127]_INST_0_i_23/S[1]
                         CARRY4 (Prop_carry4_S[1]_CO[3])
                                                      0.533    13.366 r  native_system/digital/burst/commanded_waveform[127]_INST_0_i_23/CO[3]
                         net (fo=1, unplaced)         0.009    13.375    native_system/digital/burst/commanded_waveform[127]_INST_0_i_23_n_0
                                                                      r  native_system/digital/burst/commanded_waveform[127]_INST_0_i_17/CI
                         CARRY4 (Prop_carry4_CI_O[3])
                                                      0.331    13.706 f  native_system/digital/burst/commanded_waveform[127]_INST_0_i_17/O[3]
                         net (fo=1, unplaced)         0.618    14.324    native_system/digital/burst/phase[7]
                                                                      f  native_system/digital/burst/commanded_waveform[127]_INST_0_i_11/I0
                         LUT5 (Prop_lut5_I0_O)        0.307    14.631 r  native_system/digital/burst/commanded_waveform[127]_INST_0_i_11/O
                         net (fo=8, unplaced)         0.487    15.118    native_system/digital/scheduler/commanded_waveform3
                                                                      r  native_system/digital/scheduler/commanded_waveform[95]_INST_0_i_2/I4
                         LUT6 (Prop_lut6_I4_O)        0.124    15.242 r  native_system/digital/scheduler/commanded_waveform[95]_INST_0_i_2/O
                         net (fo=16, unplaced)        0.503    15.745    native_system/digital/bank/captured_reg[65]_0
                                                                      r  native_system/digital/bank/commanded_waveform[83]_INST_0/I3
                         LUT5 (Prop_lut5_I3_O)        0.124    15.869 r  native_system/digital/bank/commanded_waveform[83]_INST_0/O
                         net (fo=2, unplaced)         0.460    16.329    native_system/digital/serial/commanded_waveform[83]
                                                                      r  native_system/digital/serial/serial_data[20]_i_1/I0
                         LUT6 (Prop_lut6_I0_O)        0.124    16.453 r  native_system/digital/serial/serial_data[20]_i_1/O
                         net (fo=1, unplaced)         0.000    16.453    native_system/digital/serial/serial_data[20]_i_1_n_0
                         FDCE                                         r  native_system/digital/serial/serial_data_reg[20]/D
  -------------------------------------------------------------------    -------------------

                         (clock core132 rise edge)    7.576     7.576 r  
                                                      0.000     7.576 r  clk (IN)
                         net (fo=18006, unset)        0.924     8.500    native_system/digital/serial/clk
                         FDCE                                         r  native_system/digital/serial/serial_data_reg[20]/C
                         clock pessimism              0.000     8.500    
                         clock uncertainty           -0.035     8.465    
                         FDCE (Setup_fdce_C_D)        0.077     8.542    native_system/digital/serial/serial_data_reg[20]
  -------------------------------------------------------------------
                         required time                          8.542    
                         arrival time                         -16.453    
  -------------------------------------------------------------------
                         slack                                 -7.911    

Slack (VIOLATED) :        -7.911ns  (required time - arrival time)
  Source:                 native_system/digital/burst/accumulator_reg[11]/C
                            (rising edge-triggered cell FDCE clocked by core132  {rise@0.000ns fall@3.788ns period=7.576ns})
  Destination:            native_system/digital/serial/serial_data_reg[21]/D
                            (rising edge-triggered cell FDCE clocked by core132  {rise@0.000ns fall@3.788ns period=7.576ns})
  Path Group:             core132
  Path Type:              Setup (Max at Slow Process Corner)
  Requirement:            7.576ns  (core132 rise@7.576ns - core132 rise@0.000ns)
  Data Path Delay:        15.480ns  (logic 7.368ns (47.597%)  route 8.112ns (52.403%))
  Logic Levels:           24  (CARRY4=13 LUT2=1 LUT3=3 LUT5=3 LUT6=4)
  Clock Path Skew:        -0.049ns (DCD - SCD + CPR)
    Destination Clock Delay (DCD):    0.924ns = ( 8.500 - 7.576 ) 
    Source Clock Delay      (SCD):    0.973ns
    Clock Pessimism Removal (CPR):    0.000ns
  Clock Uncertainty:      0.035ns  ((TSJ^2 + TIJ^2)^1/2 + DJ) / 2 + PE
    Total System Jitter     (TSJ):    0.071ns
    Total Input Jitter      (TIJ):    0.000ns
    Discrete Jitter          (DJ):    0.000ns
    Phase Error              (PE):    0.000ns

    Location             Delay type                Incr(ns)  Path(ns)    Netlist Resource(s)
  -------------------------------------------------------------------    -------------------
                         (clock core132 rise edge)    0.000     0.000 r  
                                                      0.000     0.000 r  clk (IN)
                         net (fo=18006, unset)        0.973     0.973    native_system/digital/burst/clk
                         FDCE                                         r  native_system/digital/burst/accumulator_reg[11]/C
  -------------------------------------------------------------------    -------------------
                         FDCE (Prop_fdce_C_Q)         0.518     1.491 r  native_system/digital/burst/accumulator_reg[11]/Q
                         net (fo=16, unplaced)        0.795     2.286    native_system/digital/burst/scaled[19]
                                                                      r  native_system/digital/burst/commanded_waveform[127]_INST_0_i_329/I0
                         LUT3 (Prop_lut3_I0_O)        0.319     2.605 r  native_system/digital/burst/commanded_waveform[127]_INST_0_i_329/O
                         net (fo=3, unplaced)         0.467     3.072    native_system/digital/burst/commanded_waveform[127]_INST_0_i_329_n_0
                                                                      r  native_system/digital/burst/commanded_waveform[127]_INST_0_i_267/I4
                         LUT5 (Prop_lut5_I4_O)        0.124     3.196 r  native_system/digital/burst/commanded_waveform[127]_INST_0_i_267/O
                         net (fo=2, unplaced)         0.650     3.846    native_system/digital/burst/commanded_waveform[127]_INST_0_i_267_n_0
                                                                      r  native_system/digital/burst/commanded_waveform[127]_INST_0_i_207/DI[1]
                         CARRY4 (Prop_carry4_DI[1]_CO[3])
                                                      0.520     4.366 r  native_system/digital/burst/commanded_waveform[127]_INST_0_i_207/CO[3]
                         net (fo=1, unplaced)         0.000     4.366    native_system/digital/burst/commanded_waveform[127]_INST_0_i_207_n_0
                                                                      r  native_system/digital/burst/commanded_waveform[127]_INST_0_i_153/CI
                         CARRY4 (Prop_carry4_CI_CO[3])
                                                      0.117     4.483 r  native_system/digital/burst/commanded_waveform[127]_INST_0_i_153/CO[3]
                         net (fo=1, unplaced)         0.000     4.483    native_system/digital/burst/commanded_waveform[127]_INST_0_i_153_n_0
                                                                      r  native_system/digital/burst/commanded_waveform[127]_INST_0_i_101/CI
                         CARRY4 (Prop_carry4_CI_CO[3])
                                                      0.117     4.600 r  native_system/digital/burst/commanded_waveform[127]_INST_0_i_101/CO[3]
                         net (fo=1, unplaced)         0.000     4.600    native_system/digital/burst/commanded_waveform[127]_INST_0_i_101_n_0
                                                                      r  native_system/digital/burst/commanded_waveform[127]_INST_0_i_66/CI
                         CARRY4 (Prop_carry4_CI_CO[3])
                                                      0.117     4.717 r  native_system/digital/burst/commanded_waveform[127]_INST_0_i_66/CO[3]
                         net (fo=1, unplaced)         0.000     4.717    native_system/digital/burst/commanded_waveform[127]_INST_0_i_66_n_0
                                                                      r  native_system/digital/burst/commanded_waveform[127]_INST_0_i_42/CI
                         CARRY4 (Prop_carry4_CI_O[2])
                                                      0.256     4.973 r  native_system/digital/burst/commanded_waveform[127]_INST_0_i_42/O[2]
                         net (fo=28, unplaced)        0.973     5.946    native_system/digital/burst/commanded_waveform[127]_INST_0_i_42_n_5
                                                                      r  native_system/digital/burst/commanded_waveform[127]_INST_0_i_300/I0
                         LUT3 (Prop_lut3_I0_O)        0.301     6.247 r  native_system/digital/burst/commanded_waveform[127]_INST_0_i_300/O
                         net (fo=1, unplaced)         0.473     6.720    native_system/digital/burst/commanded_waveform[127]_INST_0_i_300_n_0
                                                                      r  native_system/digital/burst/commanded_waveform[127]_INST_0_i_241/DI[3]
                         CARRY4 (Prop_carry4_DI[3]_CO[3])
                                                      0.396     7.116 r  native_system/digital/burst/commanded_waveform[127]_INST_0_i_241/CO[3]
                         net (fo=1, unplaced)         0.009     7.125    native_system/digital/burst/commanded_waveform[127]_INST_0_i_241_n_0
                                                                      r  native_system/digital/burst/commanded_waveform[127]_INST_0_i_185/CI
                         CARRY4 (Prop_carry4_CI_O[1])
                                                      0.337     7.462 r  native_system/digital/burst/commanded_waveform[127]_INST_0_i_185/O[1]
                         net (fo=3, unplaced)         0.629     8.091    native_system/digital/burst/commanded_waveform[127]_INST_0_i_185_n_6
                                                                      r  native_system/digital/burst/commanded_waveform[127]_INST_0_i_240/I2
                         LUT3 (Prop_lut3_I2_O)        0.306     8.397 r  native_system/digital/burst/commanded_waveform[127]_INST_0_i_240/O
                         net (fo=2, unplaced)         0.913     9.310    native_system/digital/burst/commanded_waveform[127]_INST_0_i_240_n_0
                                                                      r  native_system/digital/burst/commanded_waveform[127]_INST_0_i_182/I1
                         LUT6 (Prop_lut6_I1_O)        0.124     9.434 r  native_system/digital/burst/commanded_waveform[127]_INST_0_i_182/O
                         net (fo=1, unplaced)         0.000     9.434    native_system/digital/burst/commanded_waveform[127]_INST_0_i_182_n_0
                                                                      r  native_system/digital/burst/commanded_waveform[127]_INST_0_i_124/S[1]
                         CARRY4 (Prop_carry4_S[1]_CO[3])
                                                      0.533     9.967 r  native_system/digital/burst/commanded_waveform[127]_INST_0_i_124/CO[3]
                         net (fo=1, unplaced)         0.000     9.967    native_system/digital/burst/commanded_waveform[127]_INST_0_i_124_n_0
                                                                      r  native_system/digital/burst/commanded_waveform[127]_INST_0_i_84/CI
                         CARRY4 (Prop_carry4_CI_O[3])
                                                      0.331    10.298 r  native_system/digital/burst/commanded_waveform[127]_INST_0_i_84/O[3]
                         net (fo=3, unplaced)         0.636    10.934    native_system/digital/burst/commanded_waveform[127]_INST_0_i_84_n_4
                                                                      r  native_system/digital/burst/commanded_waveform[127]_INST_0_i_78/I0
                         LUT2 (Prop_lut2_I0_O)        0.300    11.234 r  native_system/digital/burst/commanded_waveform[127]_INST_0_i_78/O
                         net (fo=1, unplaced)         0.000    11.234    native_system/digital/burst/commanded_waveform[127]_INST_0_i_78_n_0
                                                                      r  native_system/digital/burst/commanded_waveform[127]_INST_0_i_43/DI[1]
                         CARRY4 (Prop_carry4_DI[1]_CO[3])
                                                      0.547    11.781 r  native_system/digital/burst/commanded_waveform[127]_INST_0_i_43/CO[3]
                         net (fo=1, unplaced)         0.000    11.781    native_system/digital/burst/commanded_waveform[127]_INST_0_i_43_n_0
                                                                      r  native_system/digital/burst/commanded_waveform[127]_INST_0_i_37/CI
                         CARRY4 (Prop_carry4_CI_CO[2])
                                                      0.252    12.033 r  native_system/digital/burst/commanded_waveform[127]_INST_0_i_37/CO[2]
                         net (fo=8, unplaced)         0.490    12.523    native_system/digital/burst/commanded_waveform[127]_INST_0_i_37_n_1
                                                                      r  native_system/digital/burst/commanded_waveform[127]_INST_0_i_34/I1
                         LUT6 (Prop_lut6_I1_O)        0.310    12.833 r  native_system/digital/burst/commanded_waveform[127]_INST_0_i_34/O
                         net (fo=1, unplaced)         0.000    12.833    native_system/digital/burst/commanded_waveform[127]_INST_0_i_34_n_0
                                                                      r  native_system/digital/burst/commanded_waveform[127]_INST_0_i_23/S[1]
                         CARRY4 (Prop_carry4_S[1]_CO[3])
                                                      0.533    13.366 r  native_system/digital/burst/commanded_waveform[127]_INST_0_i_23/CO[3]
                         net (fo=1, unplaced)         0.009    13.375    native_system/digital/burst/commanded_waveform[127]_INST_0_i_23_n_0
                                                                      r  native_system/digital/burst/commanded_waveform[127]_INST_0_i_17/CI
                         CARRY4 (Prop_carry4_CI_O[3])
                                                      0.331    13.706 f  native_system/digital/burst/commanded_waveform[127]_INST_0_i_17/O[3]
                         net (fo=1, unplaced)         0.618    14.324    native_system/digital/burst/phase[7]
                                                                      f  native_system/digital/burst/commanded_waveform[127]_INST_0_i_11/I0
                         LUT5 (Prop_lut5_I0_O)        0.307    14.631 r  native_system/digital/burst/commanded_waveform[127]_INST_0_i_11/O
                         net (fo=8, unplaced)         0.487    15.118    native_system/digital/scheduler/commanded_waveform3
                                                                      r  native_system/digital/scheduler/commanded_waveform[95]_INST_0_i_2/I4
                         LUT6 (Prop_lut6_I4_O)        0.124    15.242 r  native_system/digital/scheduler/commanded_waveform[95]_INST_0_i_2/O
                         net (fo=16, unplaced)        0.503    15.745    native_system/digital/bank/captured_reg[65]_0
                                                                      r  native_system/digital/bank/commanded_waveform[87]_INST_0/I3
                         LUT5 (Prop_lut5_I3_O)        0.124    15.869 r  native_system/digital/bank/commanded_waveform[87]_INST_0/O
                         net (fo=2, unplaced)         0.460    16.329    native_system/digital/serial/commanded_waveform[87]
                                                                      r  native_system/digital/serial/serial_data[21]_i_1/I0
                         LUT6 (Prop_lut6_I0_O)        0.124    16.453 r  native_system/digital/serial/serial_data[21]_i_1/O
                         net (fo=1, unplaced)         0.000    16.453    native_system/digital/serial/serial_data[21]_i_1_n_0
                         FDCE                                         r  native_system/digital/serial/serial_data_reg[21]/D
  -------------------------------------------------------------------    -------------------

                         (clock core132 rise edge)    7.576     7.576 r  
                                                      0.000     7.576 r  clk (IN)
                         net (fo=18006, unset)        0.924     8.500    native_system/digital/serial/clk
                         FDCE                                         r  native_system/digital/serial/serial_data_reg[21]/C
                         clock pessimism              0.000     8.500    
                         clock uncertainty           -0.035     8.465    
                         FDCE (Setup_fdce_C_D)        0.077     8.542    native_system/digital/serial/serial_data_reg[21]
  -------------------------------------------------------------------
                         required time                          8.542    
                         arrival time                         -16.453    
  -------------------------------------------------------------------
                         slack                                 -7.911    

Slack (VIOLATED) :        -7.911ns  (required time - arrival time)
  Source:                 native_system/digital/burst/accumulator_reg[11]/C
                            (rising edge-triggered cell FDCE clocked by core132  {rise@0.000ns fall@3.788ns period=7.576ns})
  Destination:            native_system/digital/serial/serial_data_reg[22]/D
                            (rising edge-triggered cell FDCE clocked by core132  {rise@0.000ns fall@3.788ns period=7.576ns})
  Path Group:             core132
  Path Type:              Setup (Max at Slow Process Corner)
  Requirement:            7.576ns  (core132 rise@7.576ns - core132 rise@0.000ns)
  Data Path Delay:        15.480ns  (logic 7.368ns (47.597%)  route 8.112ns (52.403%))
  Logic Levels:           24  (CARRY4=13 LUT2=1 LUT3=3 LUT5=3 LUT6=4)
  Clock Path Skew:        -0.049ns (DCD - SCD + CPR)
    Destination Clock Delay (DCD):    0.924ns = ( 8.500 - 7.576 ) 
    Source Clock Delay      (SCD):    0.973ns
    Clock Pessimism Removal (CPR):    0.000ns
  Clock Uncertainty:      0.035ns  ((TSJ^2 + TIJ^2)^1/2 + DJ) / 2 + PE
    Total System Jitter     (TSJ):    0.071ns
    Total Input Jitter      (TIJ):    0.000ns
    Discrete Jitter          (DJ):    0.000ns
    Phase Error              (PE):    0.000ns

    Location             Delay type                Incr(ns)  Path(ns)    Netlist Resource(s)
  -------------------------------------------------------------------    -------------------
                         (clock core132 rise edge)    0.000     0.000 r  
                                                      0.000     0.000 r  clk (IN)
                         net (fo=18006, unset)        0.973     0.973    native_system/digital/burst/clk
                         FDCE                                         r  native_system/digital/burst/accumulator_reg[11]/C
  -------------------------------------------------------------------    -------------------
                         FDCE (Prop_fdce_C_Q)         0.518     1.491 r  native_system/digital/burst/accumulator_reg[11]/Q
                         net (fo=16, unplaced)        0.795     2.286    native_system/digital/burst/scaled[19]
                                                                      r  native_system/digital/burst/commanded_waveform[127]_INST_0_i_329/I0
                         LUT3 (Prop_lut3_I0_O)        0.319     2.605 r  native_system/digital/burst/commanded_waveform[127]_INST_0_i_329/O
                         net (fo=3, unplaced)         0.467     3.072    native_system/digital/burst/commanded_waveform[127]_INST_0_i_329_n_0
                                                                      r  native_system/digital/burst/commanded_waveform[127]_INST_0_i_267/I4
                         LUT5 (Prop_lut5_I4_O)        0.124     3.196 r  native_system/digital/burst/commanded_waveform[127]_INST_0_i_267/O
                         net (fo=2, unplaced)         0.650     3.846    native_system/digital/burst/commanded_waveform[127]_INST_0_i_267_n_0
                                                                      r  native_system/digital/burst/commanded_waveform[127]_INST_0_i_207/DI[1]
                         CARRY4 (Prop_carry4_DI[1]_CO[3])
                                                      0.520     4.366 r  native_system/digital/burst/commanded_waveform[127]_INST_0_i_207/CO[3]
                         net (fo=1, unplaced)         0.000     4.366    native_system/digital/burst/commanded_waveform[127]_INST_0_i_207_n_0
                                                                      r  native_system/digital/burst/commanded_waveform[127]_INST_0_i_153/CI
                         CARRY4 (Prop_carry4_CI_CO[3])
                                                      0.117     4.483 r  native_system/digital/burst/commanded_waveform[127]_INST_0_i_153/CO[3]
                         net (fo=1, unplaced)         0.000     4.483    native_system/digital/burst/commanded_waveform[127]_INST_0_i_153_n_0
                                                                      r  native_system/digital/burst/commanded_waveform[127]_INST_0_i_101/CI
                         CARRY4 (Prop_carry4_CI_CO[3])
                                                      0.117     4.600 r  native_system/digital/burst/commanded_waveform[127]_INST_0_i_101/CO[3]
                         net (fo=1, unplaced)         0.000     4.600    native_system/digital/burst/commanded_waveform[127]_INST_0_i_101_n_0
                                                                      r  native_system/digital/burst/commanded_waveform[127]_INST_0_i_66/CI
                         CARRY4 (Prop_carry4_CI_CO[3])
                                                      0.117     4.717 r  native_system/digital/burst/commanded_waveform[127]_INST_0_i_66/CO[3]
                         net (fo=1, unplaced)         0.000     4.717    native_system/digital/burst/commanded_waveform[127]_INST_0_i_66_n_0
                                                                      r  native_system/digital/burst/commanded_waveform[127]_INST_0_i_42/CI
                         CARRY4 (Prop_carry4_CI_O[2])
                                                      0.256     4.973 r  native_system/digital/burst/commanded_waveform[127]_INST_0_i_42/O[2]
                         net (fo=28, unplaced)        0.973     5.946    native_system/digital/burst/commanded_waveform[127]_INST_0_i_42_n_5
                                                                      r  native_system/digital/burst/commanded_waveform[127]_INST_0_i_300/I0
                         LUT3 (Prop_lut3_I0_O)        0.301     6.247 r  native_system/digital/burst/commanded_waveform[127]_INST_0_i_300/O
                         net (fo=1, unplaced)         0.473     6.720    native_system/digital/burst/commanded_waveform[127]_INST_0_i_300_n_0
                                                                      r  native_system/digital/burst/commanded_waveform[127]_INST_0_i_241/DI[3]
                         CARRY4 (Prop_carry4_DI[3]_CO[3])
                                                      0.396     7.116 r  native_system/digital/burst/commanded_waveform[127]_INST_0_i_241/CO[3]
                         net (fo=1, unplaced)         0.009     7.125    native_system/digital/burst/commanded_waveform[127]_INST_0_i_241_n_0
                                                                      r  native_system/digital/burst/commanded_waveform[127]_INST_0_i_185/CI
                         CARRY4 (Prop_carry4_CI_O[1])
                                                      0.337     7.462 r  native_system/digital/burst/commanded_waveform[127]_INST_0_i_185/O[1]
                         net (fo=3, unplaced)         0.629     8.091    native_system/digital/burst/commanded_waveform[127]_INST_0_i_185_n_6
                                                                      r  native_system/digital/burst/commanded_waveform[127]_INST_0_i_240/I2
                         LUT3 (Prop_lut3_I2_O)        0.306     8.397 r  native_system/digital/burst/commanded_waveform[127]_INST_0_i_240/O
                         net (fo=2, unplaced)         0.913     9.310    native_system/digital/burst/commanded_waveform[127]_INST_0_i_240_n_0
                                                                      r  native_system/digital/burst/commanded_waveform[127]_INST_0_i_182/I1
                         LUT6 (Prop_lut6_I1_O)        0.124     9.434 r  native_system/digital/burst/commanded_waveform[127]_INST_0_i_182/O
                         net (fo=1, unplaced)         0.000     9.434    native_system/digital/burst/commanded_waveform[127]_INST_0_i_182_n_0
                                                                      r  native_system/digital/burst/commanded_waveform[127]_INST_0_i_124/S[1]
                         CARRY4 (Prop_carry4_S[1]_CO[3])
                                                      0.533     9.967 r  native_system/digital/burst/commanded_waveform[127]_INST_0_i_124/CO[3]
                         net (fo=1, unplaced)         0.000     9.967    native_system/digital/burst/commanded_waveform[127]_INST_0_i_124_n_0
                                                                      r  native_system/digital/burst/commanded_waveform[127]_INST_0_i_84/CI
                         CARRY4 (Prop_carry4_CI_O[3])
                                                      0.331    10.298 r  native_system/digital/burst/commanded_waveform[127]_INST_0_i_84/O[3]
                         net (fo=3, unplaced)         0.636    10.934    native_system/digital/burst/commanded_waveform[127]_INST_0_i_84_n_4
                                                                      r  native_system/digital/burst/commanded_waveform[127]_INST_0_i_78/I0
                         LUT2 (Prop_lut2_I0_O)        0.300    11.234 r  native_system/digital/burst/commanded_waveform[127]_INST_0_i_78/O
                         net (fo=1, unplaced)         0.000    11.234    native_system/digital/burst/commanded_waveform[127]_INST_0_i_78_n_0
                                                                      r  native_system/digital/burst/commanded_waveform[127]_INST_0_i_43/DI[1]
                         CARRY4 (Prop_carry4_DI[1]_CO[3])
                                                      0.547    11.781 r  native_system/digital/burst/commanded_waveform[127]_INST_0_i_43/CO[3]
                         net (fo=1, unplaced)         0.000    11.781    native_system/digital/burst/commanded_waveform[127]_INST_0_i_43_n_0
                                                                      r  native_system/digital/burst/commanded_waveform[127]_INST_0_i_37/CI
                         CARRY4 (Prop_carry4_CI_CO[2])
                                                      0.252    12.033 r  native_system/digital/burst/commanded_waveform[127]_INST_0_i_37/CO[2]
                         net (fo=8, unplaced)         0.490    12.523    native_system/digital/burst/commanded_waveform[127]_INST_0_i_37_n_1
                                                                      r  native_system/digital/burst/commanded_waveform[127]_INST_0_i_34/I1
                         LUT6 (Prop_lut6_I1_O)        0.310    12.833 r  native_system/digital/burst/commanded_waveform[127]_INST_0_i_34/O
                         net (fo=1, unplaced)         0.000    12.833    native_system/digital/burst/commanded_waveform[127]_INST_0_i_34_n_0
                                                                      r  native_system/digital/burst/commanded_waveform[127]_INST_0_i_23/S[1]
                         CARRY4 (Prop_carry4_S[1]_CO[3])
                                                      0.533    13.366 r  native_system/digital/burst/commanded_waveform[127]_INST_0_i_23/CO[3]
                         net (fo=1, unplaced)         0.009    13.375    native_system/digital/burst/commanded_waveform[127]_INST_0_i_23_n_0
                                                                      r  native_system/digital/burst/commanded_waveform[127]_INST_0_i_17/CI
                         CARRY4 (Prop_carry4_CI_O[3])
                                                      0.331    13.706 f  native_system/digital/burst/commanded_waveform[127]_INST_0_i_17/O[3]
                         net (fo=1, unplaced)         0.618    14.324    native_system/digital/burst/phase[7]
                                                                      f  native_system/digital/burst/commanded_waveform[127]_INST_0_i_11/I0
                         LUT5 (Prop_lut5_I0_O)        0.307    14.631 r  native_system/digital/burst/commanded_waveform[127]_INST_0_i_11/O
                         net (fo=8, unplaced)         0.487    15.118    native_system/digital/scheduler/commanded_waveform3
                                                                      r  native_system/digital/scheduler/commanded_waveform[95]_INST_0_i_2/I4
                         LUT6 (Prop_lut6_I4_O)        0.124    15.242 r  native_system/digital/scheduler/commanded_waveform[95]_INST_0_i_2/O
                         net (fo=16, unplaced)        0.503    15.745    native_system/digital/bank/captured_reg[65]_0
                                                                      r  native_system/digital/bank/commanded_waveform[91]_INST_0/I3
                         LUT5 (Prop_lut5_I3_O)        0.124    15.869 r  native_system/digital/bank/commanded_waveform[91]_INST_0/O
                         net (fo=2, unplaced)         0.460    16.329    native_system/digital/serial/commanded_waveform[91]
                                                                      r  native_system/digital/serial/serial_data[22]_i_1/I0
                         LUT6 (Prop_lut6_I0_O)        0.124    16.453 r  native_system/digital/serial/serial_data[22]_i_1/O
                         net (fo=1, unplaced)         0.000    16.453    native_system/digital/serial/serial_data[22]_i_1_n_0
                         FDCE                                         r  native_system/digital/serial/serial_data_reg[22]/D
  -------------------------------------------------------------------    -------------------

                         (clock core132 rise edge)    7.576     7.576 r  
                                                      0.000     7.576 r  clk (IN)
                         net (fo=18006, unset)        0.924     8.500    native_system/digital/serial/clk
                         FDCE                                         r  native_system/digital/serial/serial_data_reg[22]/C
                         clock pessimism              0.000     8.500    
                         clock uncertainty           -0.035     8.465    
                         FDCE (Setup_fdce_C_D)        0.077     8.542    native_system/digital/serial/serial_data_reg[22]
  -------------------------------------------------------------------
                         required time                          8.542    
                         arrival time                         -16.453    
  -------------------------------------------------------------------
                         slack                                 -7.911    

Slack (VIOLATED) :        -7.911ns  (required time - arrival time)
  Source:                 native_system/digital/burst/accumulator_reg[11]/C
                            (rising edge-triggered cell FDCE clocked by core132  {rise@0.000ns fall@3.788ns period=7.576ns})
  Destination:            native_system/digital/serial/serial_data_reg[23]/D
                            (rising edge-triggered cell FDCE clocked by core132  {rise@0.000ns fall@3.788ns period=7.576ns})
  Path Group:             core132
  Path Type:              Setup (Max at Slow Process Corner)
  Requirement:            7.576ns  (core132 rise@7.576ns - core132 rise@0.000ns)
  Data Path Delay:        15.480ns  (logic 7.368ns (47.597%)  route 8.112ns (52.403%))
  Logic Levels:           24  (CARRY4=13 LUT2=1 LUT3=3 LUT5=3 LUT6=4)
  Clock Path Skew:        -0.049ns (DCD - SCD + CPR)
    Destination Clock Delay (DCD):    0.924ns = ( 8.500 - 7.576 ) 
    Source Clock Delay      (SCD):    0.973ns
    Clock Pessimism Removal (CPR):    0.000ns
  Clock Uncertainty:      0.035ns  ((TSJ^2 + TIJ^2)^1/2 + DJ) / 2 + PE
    Total System Jitter     (TSJ):    0.071ns
    Total Input Jitter      (TIJ):    0.000ns
    Discrete Jitter          (DJ):    0.000ns
    Phase Error              (PE):    0.000ns

    Location             Delay type                Incr(ns)  Path(ns)    Netlist Resource(s)
  -------------------------------------------------------------------    -------------------
                         (clock core132 rise edge)    0.000     0.000 r  
                                                      0.000     0.000 r  clk (IN)
                         net (fo=18006, unset)        0.973     0.973    native_system/digital/burst/clk
                         FDCE                                         r  native_system/digital/burst/accumulator_reg[11]/C
  -------------------------------------------------------------------    -------------------
                         FDCE (Prop_fdce_C_Q)         0.518     1.491 r  native_system/digital/burst/accumulator_reg[11]/Q
                         net (fo=16, unplaced)        0.795     2.286    native_system/digital/burst/scaled[19]
                                                                      r  native_system/digital/burst/commanded_waveform[127]_INST_0_i_329/I0
                         LUT3 (Prop_lut3_I0_O)        0.319     2.605 r  native_system/digital/burst/commanded_waveform[127]_INST_0_i_329/O
                         net (fo=3, unplaced)         0.467     3.072    native_system/digital/burst/commanded_waveform[127]_INST_0_i_329_n_0
                                                                      r  native_system/digital/burst/commanded_waveform[127]_INST_0_i_267/I4
                         LUT5 (Prop_lut5_I4_O)        0.124     3.196 r  native_system/digital/burst/commanded_waveform[127]_INST_0_i_267/O
                         net (fo=2, unplaced)         0.650     3.846    native_system/digital/burst/commanded_waveform[127]_INST_0_i_267_n_0
                                                                      r  native_system/digital/burst/commanded_waveform[127]_INST_0_i_207/DI[1]
                         CARRY4 (Prop_carry4_DI[1]_CO[3])
                                                      0.520     4.366 r  native_system/digital/burst/commanded_waveform[127]_INST_0_i_207/CO[3]
                         net (fo=1, unplaced)         0.000     4.366    native_system/digital/burst/commanded_waveform[127]_INST_0_i_207_n_0
                                                                      r  native_system/digital/burst/commanded_waveform[127]_INST_0_i_153/CI
                         CARRY4 (Prop_carry4_CI_CO[3])
                                                      0.117     4.483 r  native_system/digital/burst/commanded_waveform[127]_INST_0_i_153/CO[3]
                         net (fo=1, unplaced)         0.000     4.483    native_system/digital/burst/commanded_waveform[127]_INST_0_i_153_n_0
                                                                      r  native_system/digital/burst/commanded_waveform[127]_INST_0_i_101/CI
                         CARRY4 (Prop_carry4_CI_CO[3])
                                                      0.117     4.600 r  native_system/digital/burst/commanded_waveform[127]_INST_0_i_101/CO[3]
                         net (fo=1, unplaced)         0.000     4.600    native_system/digital/burst/commanded_waveform[127]_INST_0_i_101_n_0
                                                                      r  native_system/digital/burst/commanded_waveform[127]_INST_0_i_66/CI
                         CARRY4 (Prop_carry4_CI_CO[3])
                                                      0.117     4.717 r  native_system/digital/burst/commanded_waveform[127]_INST_0_i_66/CO[3]
                         net (fo=1, unplaced)         0.000     4.717    native_system/digital/burst/commanded_waveform[127]_INST_0_i_66_n_0
                                                                      r  native_system/digital/burst/commanded_waveform[127]_INST_0_i_42/CI
                         CARRY4 (Prop_carry4_CI_O[2])
                                                      0.256     4.973 r  native_system/digital/burst/commanded_waveform[127]_INST_0_i_42/O[2]
                         net (fo=28, unplaced)        0.973     5.946    native_system/digital/burst/commanded_waveform[127]_INST_0_i_42_n_5
                                                                      r  native_system/digital/burst/commanded_waveform[127]_INST_0_i_300/I0
                         LUT3 (Prop_lut3_I0_O)        0.301     6.247 r  native_system/digital/burst/commanded_waveform[127]_INST_0_i_300/O
                         net (fo=1, unplaced)         0.473     6.720    native_system/digital/burst/commanded_waveform[127]_INST_0_i_300_n_0
                                                                      r  native_system/digital/burst/commanded_waveform[127]_INST_0_i_241/DI[3]
                         CARRY4 (Prop_carry4_DI[3]_CO[3])
                                                      0.396     7.116 r  native_system/digital/burst/commanded_waveform[127]_INST_0_i_241/CO[3]
                         net (fo=1, unplaced)         0.009     7.125    native_system/digital/burst/commanded_waveform[127]_INST_0_i_241_n_0
                                                                      r  native_system/digital/burst/commanded_waveform[127]_INST_0_i_185/CI
                         CARRY4 (Prop_carry4_CI_O[1])
                                                      0.337     7.462 r  native_system/digital/burst/commanded_waveform[127]_INST_0_i_185/O[1]
                         net (fo=3, unplaced)         0.629     8.091    native_system/digital/burst/commanded_waveform[127]_INST_0_i_185_n_6
                                                                      r  native_system/digital/burst/commanded_waveform[127]_INST_0_i_240/I2
                         LUT3 (Prop_lut3_I2_O)        0.306     8.397 r  native_system/digital/burst/commanded_waveform[127]_INST_0_i_240/O
                         net (fo=2, unplaced)         0.913     9.310    native_system/digital/burst/commanded_waveform[127]_INST_0_i_240_n_0
                                                                      r  native_system/digital/burst/commanded_waveform[127]_INST_0_i_182/I1
                         LUT6 (Prop_lut6_I1_O)        0.124     9.434 r  native_system/digital/burst/commanded_waveform[127]_INST_0_i_182/O
                         net (fo=1, unplaced)         0.000     9.434    native_system/digital/burst/commanded_waveform[127]_INST_0_i_182_n_0
                                                                      r  native_system/digital/burst/commanded_waveform[127]_INST_0_i_124/S[1]
                         CARRY4 (Prop_carry4_S[1]_CO[3])
                                                      0.533     9.967 r  native_system/digital/burst/commanded_waveform[127]_INST_0_i_124/CO[3]
                         net (fo=1, unplaced)         0.000     9.967    native_system/digital/burst/commanded_waveform[127]_INST_0_i_124_n_0
                                                                      r  native_system/digital/burst/commanded_waveform[127]_INST_0_i_84/CI
                         CARRY4 (Prop_carry4_CI_O[3])
                                                      0.331    10.298 r  native_system/digital/burst/commanded_waveform[127]_INST_0_i_84/O[3]
                         net (fo=3, unplaced)         0.636    10.934    native_system/digital/burst/commanded_waveform[127]_INST_0_i_84_n_4
                                                                      r  native_system/digital/burst/commanded_waveform[127]_INST_0_i_78/I0
                         LUT2 (Prop_lut2_I0_O)        0.300    11.234 r  native_system/digital/burst/commanded_waveform[127]_INST_0_i_78/O
                         net (fo=1, unplaced)         0.000    11.234    native_system/digital/burst/commanded_waveform[127]_INST_0_i_78_n_0
                                                                      r  native_system/digital/burst/commanded_waveform[127]_INST_0_i_43/DI[1]
                         CARRY4 (Prop_carry4_DI[1]_CO[3])
                                                      0.547    11.781 r  native_system/digital/burst/commanded_waveform[127]_INST_0_i_43/CO[3]
                         net (fo=1, unplaced)         0.000    11.781    native_system/digital/burst/commanded_waveform[127]_INST_0_i_43_n_0
                                                                      r  native_system/digital/burst/commanded_waveform[127]_INST_0_i_37/CI
                         CARRY4 (Prop_carry4_CI_CO[2])
                                                      0.252    12.033 r  native_system/digital/burst/commanded_waveform[127]_INST_0_i_37/CO[2]
                         net (fo=8, unplaced)         0.490    12.523    native_system/digital/burst/commanded_waveform[127]_INST_0_i_37_n_1
                                                                      r  native_system/digital/burst/commanded_waveform[127]_INST_0_i_34/I1
                         LUT6 (Prop_lut6_I1_O)        0.310    12.833 r  native_system/digital/burst/commanded_waveform[127]_INST_0_i_34/O
                         net (fo=1, unplaced)         0.000    12.833    native_system/digital/burst/commanded_waveform[127]_INST_0_i_34_n_0
                                                                      r  native_system/digital/burst/commanded_waveform[127]_INST_0_i_23/S[1]
                         CARRY4 (Prop_carry4_S[1]_CO[3])
                                                      0.533    13.366 r  native_system/digital/burst/commanded_waveform[127]_INST_0_i_23/CO[3]
                         net (fo=1, unplaced)         0.009    13.375    native_system/digital/burst/commanded_waveform[127]_INST_0_i_23_n_0
                                                                      r  native_system/digital/burst/commanded_waveform[127]_INST_0_i_17/CI
                         CARRY4 (Prop_carry4_CI_O[3])
                                                      0.331    13.706 f  native_system/digital/burst/commanded_waveform[127]_INST_0_i_17/O[3]
                         net (fo=1, unplaced)         0.618    14.324    native_system/digital/burst/phase[7]
                                                                      f  native_system/digital/burst/commanded_waveform[127]_INST_0_i_11/I0
                         LUT5 (Prop_lut5_I0_O)        0.307    14.631 r  native_system/digital/burst/commanded_waveform[127]_INST_0_i_11/O
                         net (fo=8, unplaced)         0.487    15.118    native_system/digital/scheduler/commanded_waveform3
                                                                      r  native_system/digital/scheduler/commanded_waveform[95]_INST_0_i_2/I4
                         LUT6 (Prop_lut6_I4_O)        0.124    15.242 r  native_system/digital/scheduler/commanded_waveform[95]_INST_0_i_2/O
                         net (fo=16, unplaced)        0.503    15.745    native_system/digital/bank/captured_reg[65]_0
                                                                      r  native_system/digital/bank/commanded_waveform[95]_INST_0/I3
                         LUT5 (Prop_lut5_I3_O)        0.124    15.869 r  native_system/digital/bank/commanded_waveform[95]_INST_0/O
                         net (fo=2, unplaced)         0.460    16.329    native_system/digital/serial/commanded_waveform[95]
                                                                      r  native_system/digital/serial/serial_data[23]_i_1/I0
                         LUT6 (Prop_lut6_I0_O)        0.124    16.453 r  native_system/digital/serial/serial_data[23]_i_1/O
                         net (fo=1, unplaced)         0.000    16.453    native_system/digital/serial/serial_data[23]_i_1_n_0
                         FDCE                                         r  native_system/digital/serial/serial_data_reg[23]/D
  -------------------------------------------------------------------    -------------------

                         (clock core132 rise edge)    7.576     7.576 r  
                                                      0.000     7.576 r  clk (IN)
                         net (fo=18006, unset)        0.924     8.500    native_system/digital/serial/clk
                         FDCE                                         r  native_system/digital/serial/serial_data_reg[23]/C
                         clock pessimism              0.000     8.500    
                         clock uncertainty           -0.035     8.465    
                         FDCE (Setup_fdce_C_D)        0.077     8.542    native_system/digital/serial/serial_data_reg[23]
  -------------------------------------------------------------------
                         required time                          8.542    
                         arrival time                         -16.453    
  -------------------------------------------------------------------
                         slack                                 -7.911    

Slack (VIOLATED) :        -7.911ns  (required time - arrival time)
  Source:                 native_system/digital/burst/accumulator_reg[11]/C
                            (rising edge-triggered cell FDCE clocked by core132  {rise@0.000ns fall@3.788ns period=7.576ns})
  Destination:            native_system/digital/serial/serial_data_reg[24]/D
                            (rising edge-triggered cell FDCE clocked by core132  {rise@0.000ns fall@3.788ns period=7.576ns})
  Path Group:             core132
  Path Type:              Setup (Max at Slow Process Corner)
  Requirement:            7.576ns  (core132 rise@7.576ns - core132 rise@0.000ns)
  Data Path Delay:        15.480ns  (logic 7.368ns (47.597%)  route 8.112ns (52.403%))
  Logic Levels:           24  (CARRY4=13 LUT2=1 LUT3=3 LUT5=3 LUT6=4)
  Clock Path Skew:        -0.049ns (DCD - SCD + CPR)
    Destination Clock Delay (DCD):    0.924ns = ( 8.500 - 7.576 ) 
    Source Clock Delay      (SCD):    0.973ns
    Clock Pessimism Removal (CPR):    0.000ns
  Clock Uncertainty:      0.035ns  ((TSJ^2 + TIJ^2)^1/2 + DJ) / 2 + PE
    Total System Jitter     (TSJ):    0.071ns
    Total Input Jitter      (TIJ):    0.000ns
    Discrete Jitter          (DJ):    0.000ns
    Phase Error              (PE):    0.000ns

    Location             Delay type                Incr(ns)  Path(ns)    Netlist Resource(s)
  -------------------------------------------------------------------    -------------------
                         (clock core132 rise edge)    0.000     0.000 r  
                                                      0.000     0.000 r  clk (IN)
                         net (fo=18006, unset)        0.973     0.973    native_system/digital/burst/clk
                         FDCE                                         r  native_system/digital/burst/accumulator_reg[11]/C
  -------------------------------------------------------------------    -------------------
                         FDCE (Prop_fdce_C_Q)         0.518     1.491 r  native_system/digital/burst/accumulator_reg[11]/Q
                         net (fo=16, unplaced)        0.795     2.286    native_system/digital/burst/scaled[19]
                                                                      r  native_system/digital/burst/commanded_waveform[127]_INST_0_i_329/I0
                         LUT3 (Prop_lut3_I0_O)        0.319     2.605 r  native_system/digital/burst/commanded_waveform[127]_INST_0_i_329/O
                         net (fo=3, unplaced)         0.467     3.072    native_system/digital/burst/commanded_waveform[127]_INST_0_i_329_n_0
                                                                      r  native_system/digital/burst/commanded_waveform[127]_INST_0_i_267/I4
                         LUT5 (Prop_lut5_I4_O)        0.124     3.196 r  native_system/digital/burst/commanded_waveform[127]_INST_0_i_267/O
                         net (fo=2, unplaced)         0.650     3.846    native_system/digital/burst/commanded_waveform[127]_INST_0_i_267_n_0
                                                                      r  native_system/digital/burst/commanded_waveform[127]_INST_0_i_207/DI[1]
                         CARRY4 (Prop_carry4_DI[1]_CO[3])
                                                      0.520     4.366 r  native_system/digital/burst/commanded_waveform[127]_INST_0_i_207/CO[3]
                         net (fo=1, unplaced)         0.000     4.366    native_system/digital/burst/commanded_waveform[127]_INST_0_i_207_n_0
                                                                      r  native_system/digital/burst/commanded_waveform[127]_INST_0_i_153/CI
                         CARRY4 (Prop_carry4_CI_CO[3])
                                                      0.117     4.483 r  native_system/digital/burst/commanded_waveform[127]_INST_0_i_153/CO[3]
                         net (fo=1, unplaced)         0.000     4.483    native_system/digital/burst/commanded_waveform[127]_INST_0_i_153_n_0
                                                                      r  native_system/digital/burst/commanded_waveform[127]_INST_0_i_101/CI
                         CARRY4 (Prop_carry4_CI_CO[3])
                                                      0.117     4.600 r  native_system/digital/burst/commanded_waveform[127]_INST_0_i_101/CO[3]
                         net (fo=1, unplaced)         0.000     4.600    native_system/digital/burst/commanded_waveform[127]_INST_0_i_101_n_0
                                                                      r  native_system/digital/burst/commanded_waveform[127]_INST_0_i_66/CI
                         CARRY4 (Prop_carry4_CI_CO[3])
                                                      0.117     4.717 r  native_system/digital/burst/commanded_waveform[127]_INST_0_i_66/CO[3]
                         net (fo=1, unplaced)         0.000     4.717    native_system/digital/burst/commanded_waveform[127]_INST_0_i_66_n_0
                                                                      r  native_system/digital/burst/commanded_waveform[127]_INST_0_i_42/CI
                         CARRY4 (Prop_carry4_CI_O[2])
                                                      0.256     4.973 r  native_system/digital/burst/commanded_waveform[127]_INST_0_i_42/O[2]
                         net (fo=28, unplaced)        0.973     5.946    native_system/digital/burst/commanded_waveform[127]_INST_0_i_42_n_5
                                                                      r  native_system/digital/burst/commanded_waveform[127]_INST_0_i_300/I0
                         LUT3 (Prop_lut3_I0_O)        0.301     6.247 r  native_system/digital/burst/commanded_waveform[127]_INST_0_i_300/O
                         net (fo=1, unplaced)         0.473     6.720    native_system/digital/burst/commanded_waveform[127]_INST_0_i_300_n_0
                                                                      r  native_system/digital/burst/commanded_waveform[127]_INST_0_i_241/DI[3]
                         CARRY4 (Prop_carry4_DI[3]_CO[3])
                                                      0.396     7.116 r  native_system/digital/burst/commanded_waveform[127]_INST_0_i_241/CO[3]
                         net (fo=1, unplaced)         0.009     7.125    native_system/digital/burst/commanded_waveform[127]_INST_0_i_241_n_0
                                                                      r  native_system/digital/burst/commanded_waveform[127]_INST_0_i_185/CI
                         CARRY4 (Prop_carry4_CI_O[1])
                                                      0.337     7.462 r  native_system/digital/burst/commanded_waveform[127]_INST_0_i_185/O[1]
                         net (fo=3, unplaced)         0.629     8.091    native_system/digital/burst/commanded_waveform[127]_INST_0_i_185_n_6
                                                                      r  native_system/digital/burst/commanded_waveform[127]_INST_0_i_240/I2
                         LUT3 (Prop_lut3_I2_O)        0.306     8.397 r  native_system/digital/burst/commanded_waveform[127]_INST_0_i_240/O
                         net (fo=2, unplaced)         0.913     9.310    native_system/digital/burst/commanded_waveform[127]_INST_0_i_240_n_0
                                                                      r  native_system/digital/burst/commanded_waveform[127]_INST_0_i_182/I1
                         LUT6 (Prop_lut6_I1_O)        0.124     9.434 r  native_system/digital/burst/commanded_waveform[127]_INST_0_i_182/O
                         net (fo=1, unplaced)         0.000     9.434    native_system/digital/burst/commanded_waveform[127]_INST_0_i_182_n_0
                                                                      r  native_system/digital/burst/commanded_waveform[127]_INST_0_i_124/S[1]
                         CARRY4 (Prop_carry4_S[1]_CO[3])
                                                      0.533     9.967 r  native_system/digital/burst/commanded_waveform[127]_INST_0_i_124/CO[3]
                         net (fo=1, unplaced)         0.000     9.967    native_system/digital/burst/commanded_waveform[127]_INST_0_i_124_n_0
                                                                      r  native_system/digital/burst/commanded_waveform[127]_INST_0_i_84/CI
                         CARRY4 (Prop_carry4_CI_O[3])
                                                      0.331    10.298 r  native_system/digital/burst/commanded_waveform[127]_INST_0_i_84/O[3]
                         net (fo=3, unplaced)         0.636    10.934    native_system/digital/burst/commanded_waveform[127]_INST_0_i_84_n_4
                                                                      r  native_system/digital/burst/commanded_waveform[127]_INST_0_i_78/I0
                         LUT2 (Prop_lut2_I0_O)        0.300    11.234 r  native_system/digital/burst/commanded_waveform[127]_INST_0_i_78/O
                         net (fo=1, unplaced)         0.000    11.234    native_system/digital/burst/commanded_waveform[127]_INST_0_i_78_n_0
                                                                      r  native_system/digital/burst/commanded_waveform[127]_INST_0_i_43/DI[1]
                         CARRY4 (Prop_carry4_DI[1]_CO[3])
                                                      0.547    11.781 r  native_system/digital/burst/commanded_waveform[127]_INST_0_i_43/CO[3]
                         net (fo=1, unplaced)         0.000    11.781    native_system/digital/burst/commanded_waveform[127]_INST_0_i_43_n_0
                                                                      r  native_system/digital/burst/commanded_waveform[127]_INST_0_i_37/CI
                         CARRY4 (Prop_carry4_CI_CO[2])
                                                      0.252    12.033 r  native_system/digital/burst/commanded_waveform[127]_INST_0_i_37/CO[2]
                         net (fo=8, unplaced)         0.490    12.523    native_system/digital/burst/commanded_waveform[127]_INST_0_i_37_n_1
                                                                      r  native_system/digital/burst/commanded_waveform[127]_INST_0_i_34/I1
                         LUT6 (Prop_lut6_I1_O)        0.310    12.833 r  native_system/digital/burst/commanded_waveform[127]_INST_0_i_34/O
                         net (fo=1, unplaced)         0.000    12.833    native_system/digital/burst/commanded_waveform[127]_INST_0_i_34_n_0
                                                                      r  native_system/digital/burst/commanded_waveform[127]_INST_0_i_23/S[1]
                         CARRY4 (Prop_carry4_S[1]_CO[3])
                                                      0.533    13.366 r  native_system/digital/burst/commanded_waveform[127]_INST_0_i_23/CO[3]
                         net (fo=1, unplaced)         0.009    13.375    native_system/digital/burst/commanded_waveform[127]_INST_0_i_23_n_0
                                                                      r  native_system/digital/burst/commanded_waveform[127]_INST_0_i_17/CI
                         CARRY4 (Prop_carry4_CI_O[3])
                                                      0.331    13.706 f  native_system/digital/burst/commanded_waveform[127]_INST_0_i_17/O[3]
                         net (fo=1, unplaced)         0.618    14.324    native_system/digital/burst/phase[7]
                                                                      f  native_system/digital/burst/commanded_waveform[127]_INST_0_i_11/I0
                         LUT5 (Prop_lut5_I0_O)        0.307    14.631 r  native_system/digital/burst/commanded_waveform[127]_INST_0_i_11/O
                         net (fo=8, unplaced)         0.487    15.118    native_system/digital/scheduler/commanded_waveform3
                                                                      r  native_system/digital/scheduler/commanded_waveform[127]_INST_0_i_3/I4
                         LUT6 (Prop_lut6_I4_O)        0.124    15.242 r  native_system/digital/scheduler/commanded_waveform[127]_INST_0_i_3/O
                         net (fo=16, unplaced)        0.503    15.745    native_system/digital/bank/captured_reg[97]_0
                                                                      r  native_system/digital/bank/commanded_waveform[99]_INST_0/I3
                         LUT5 (Prop_lut5_I3_O)        0.124    15.869 r  native_system/digital/bank/commanded_waveform[99]_INST_0/O
                         net (fo=2, unplaced)         0.460    16.329    native_system/digital/serial/commanded_waveform[99]
                                                                      r  native_system/digital/serial/serial_data[24]_i_1/I0
                         LUT6 (Prop_lut6_I0_O)        0.124    16.453 r  native_system/digital/serial/serial_data[24]_i_1/O
                         net (fo=1, unplaced)         0.000    16.453    native_system/digital/serial/serial_data[24]_i_1_n_0
                         FDCE                                         r  native_system/digital/serial/serial_data_reg[24]/D
  -------------------------------------------------------------------    -------------------

                         (clock core132 rise edge)    7.576     7.576 r  
                                                      0.000     7.576 r  clk (IN)
                         net (fo=18006, unset)        0.924     8.500    native_system/digital/serial/clk
                         FDCE                                         r  native_system/digital/serial/serial_data_reg[24]/C
                         clock pessimism              0.000     8.500    
                         clock uncertainty           -0.035     8.465    
                         FDCE (Setup_fdce_C_D)        0.077     8.542    native_system/digital/serial/serial_data_reg[24]
  -------------------------------------------------------------------
                         required time                          8.542    
                         arrival time                         -16.453    
  -------------------------------------------------------------------
                         slack                                 -7.911    

Slack (VIOLATED) :        -7.911ns  (required time - arrival time)
  Source:                 native_system/digital/burst/accumulator_reg[11]/C
                            (rising edge-triggered cell FDCE clocked by core132  {rise@0.000ns fall@3.788ns period=7.576ns})
  Destination:            native_system/digital/serial/serial_data_reg[25]/D
                            (rising edge-triggered cell FDCE clocked by core132  {rise@0.000ns fall@3.788ns period=7.576ns})
  Path Group:             core132
  Path Type:              Setup (Max at Slow Process Corner)
  Requirement:            7.576ns  (core132 rise@7.576ns - core132 rise@0.000ns)
  Data Path Delay:        15.480ns  (logic 7.368ns (47.597%)  route 8.112ns (52.403%))
  Logic Levels:           24  (CARRY4=13 LUT2=1 LUT3=3 LUT5=3 LUT6=4)
  Clock Path Skew:        -0.049ns (DCD - SCD + CPR)
    Destination Clock Delay (DCD):    0.924ns = ( 8.500 - 7.576 ) 
    Source Clock Delay      (SCD):    0.973ns
    Clock Pessimism Removal (CPR):    0.000ns
  Clock Uncertainty:      0.035ns  ((TSJ^2 + TIJ^2)^1/2 + DJ) / 2 + PE
    Total System Jitter     (TSJ):    0.071ns
    Total Input Jitter      (TIJ):    0.000ns
    Discrete Jitter          (DJ):    0.000ns
    Phase Error              (PE):    0.000ns

    Location             Delay type                Incr(ns)  Path(ns)    Netlist Resource(s)
  -------------------------------------------------------------------    -------------------
                         (clock core132 rise edge)    0.000     0.000 r  
                                                      0.000     0.000 r  clk (IN)
                         net (fo=18006, unset)        0.973     0.973    native_system/digital/burst/clk
                         FDCE                                         r  native_system/digital/burst/accumulator_reg[11]/C
  -------------------------------------------------------------------    -------------------
                         FDCE (Prop_fdce_C_Q)         0.518     1.491 r  native_system/digital/burst/accumulator_reg[11]/Q
                         net (fo=16, unplaced)        0.795     2.286    native_system/digital/burst/scaled[19]
                                                                      r  native_system/digital/burst/commanded_waveform[127]_INST_0_i_329/I0
                         LUT3 (Prop_lut3_I0_O)        0.319     2.605 r  native_system/digital/burst/commanded_waveform[127]_INST_0_i_329/O
                         net (fo=3, unplaced)         0.467     3.072    native_system/digital/burst/commanded_waveform[127]_INST_0_i_329_n_0
                                                                      r  native_system/digital/burst/commanded_waveform[127]_INST_0_i_267/I4
                         LUT5 (Prop_lut5_I4_O)        0.124     3.196 r  native_system/digital/burst/commanded_waveform[127]_INST_0_i_267/O
                         net (fo=2, unplaced)         0.650     3.846    native_system/digital/burst/commanded_waveform[127]_INST_0_i_267_n_0
                                                                      r  native_system/digital/burst/commanded_waveform[127]_INST_0_i_207/DI[1]
                         CARRY4 (Prop_carry4_DI[1]_CO[3])
                                                      0.520     4.366 r  native_system/digital/burst/commanded_waveform[127]_INST_0_i_207/CO[3]
                         net (fo=1, unplaced)         0.000     4.366    native_system/digital/burst/commanded_waveform[127]_INST_0_i_207_n_0
                                                                      r  native_system/digital/burst/commanded_waveform[127]_INST_0_i_153/CI
                         CARRY4 (Prop_carry4_CI_CO[3])
                                                      0.117     4.483 r  native_system/digital/burst/commanded_waveform[127]_INST_0_i_153/CO[3]
                         net (fo=1, unplaced)         0.000     4.483    native_system/digital/burst/commanded_waveform[127]_INST_0_i_153_n_0
                                                                      r  native_system/digital/burst/commanded_waveform[127]_INST_0_i_101/CI
                         CARRY4 (Prop_carry4_CI_CO[3])
                                                      0.117     4.600 r  native_system/digital/burst/commanded_waveform[127]_INST_0_i_101/CO[3]
                         net (fo=1, unplaced)         0.000     4.600    native_system/digital/burst/commanded_waveform[127]_INST_0_i_101_n_0
                                                                      r  native_system/digital/burst/commanded_waveform[127]_INST_0_i_66/CI
                         CARRY4 (Prop_carry4_CI_CO[3])
                                                      0.117     4.717 r  native_system/digital/burst/commanded_waveform[127]_INST_0_i_66/CO[3]
                         net (fo=1, unplaced)         0.000     4.717    native_system/digital/burst/commanded_waveform[127]_INST_0_i_66_n_0
                                                                      r  native_system/digital/burst/commanded_waveform[127]_INST_0_i_42/CI
                         CARRY4 (Prop_carry4_CI_O[2])
                                                      0.256     4.973 r  native_system/digital/burst/commanded_waveform[127]_INST_0_i_42/O[2]
                         net (fo=28, unplaced)        0.973     5.946    native_system/digital/burst/commanded_waveform[127]_INST_0_i_42_n_5
                                                                      r  native_system/digital/burst/commanded_waveform[127]_INST_0_i_300/I0
                         LUT3 (Prop_lut3_I0_O)        0.301     6.247 r  native_system/digital/burst/commanded_waveform[127]_INST_0_i_300/O
                         net (fo=1, unplaced)         0.473     6.720    native_system/digital/burst/commanded_waveform[127]_INST_0_i_300_n_0
                                                                      r  native_system/digital/burst/commanded_waveform[127]_INST_0_i_241/DI[3]
                         CARRY4 (Prop_carry4_DI[3]_CO[3])
                                                      0.396     7.116 r  native_system/digital/burst/commanded_waveform[127]_INST_0_i_241/CO[3]
                         net (fo=1, unplaced)         0.009     7.125    native_system/digital/burst/commanded_waveform[127]_INST_0_i_241_n_0
                                                                      r  native_system/digital/burst/commanded_waveform[127]_INST_0_i_185/CI
                         CARRY4 (Prop_carry4_CI_O[1])
                                                      0.337     7.462 r  native_system/digital/burst/commanded_waveform[127]_INST_0_i_185/O[1]
                         net (fo=3, unplaced)         0.629     8.091    native_system/digital/burst/commanded_waveform[127]_INST_0_i_185_n_6
                                                                      r  native_system/digital/burst/commanded_waveform[127]_INST_0_i_240/I2
                         LUT3 (Prop_lut3_I2_O)        0.306     8.397 r  native_system/digital/burst/commanded_waveform[127]_INST_0_i_240/O
                         net (fo=2, unplaced)         0.913     9.310    native_system/digital/burst/commanded_waveform[127]_INST_0_i_240_n_0
                                                                      r  native_system/digital/burst/commanded_waveform[127]_INST_0_i_182/I1
                         LUT6 (Prop_lut6_I1_O)        0.124     9.434 r  native_system/digital/burst/commanded_waveform[127]_INST_0_i_182/O
                         net (fo=1, unplaced)         0.000     9.434    native_system/digital/burst/commanded_waveform[127]_INST_0_i_182_n_0
                                                                      r  native_system/digital/burst/commanded_waveform[127]_INST_0_i_124/S[1]
                         CARRY4 (Prop_carry4_S[1]_CO[3])
                                                      0.533     9.967 r  native_system/digital/burst/commanded_waveform[127]_INST_0_i_124/CO[3]
                         net (fo=1, unplaced)         0.000     9.967    native_system/digital/burst/commanded_waveform[127]_INST_0_i_124_n_0
                                                                      r  native_system/digital/burst/commanded_waveform[127]_INST_0_i_84/CI
                         CARRY4 (Prop_carry4_CI_O[3])
                                                      0.331    10.298 r  native_system/digital/burst/commanded_waveform[127]_INST_0_i_84/O[3]
                         net (fo=3, unplaced)         0.636    10.934    native_system/digital/burst/commanded_waveform[127]_INST_0_i_84_n_4
                                                                      r  native_system/digital/burst/commanded_waveform[127]_INST_0_i_78/I0
                         LUT2 (Prop_lut2_I0_O)        0.300    11.234 r  native_system/digital/burst/commanded_waveform[127]_INST_0_i_78/O
                         net (fo=1, unplaced)         0.000    11.234    native_system/digital/burst/commanded_waveform[127]_INST_0_i_78_n_0
                                                                      r  native_system/digital/burst/commanded_waveform[127]_INST_0_i_43/DI[1]
                         CARRY4 (Prop_carry4_DI[1]_CO[3])
                                                      0.547    11.781 r  native_system/digital/burst/commanded_waveform[127]_INST_0_i_43/CO[3]
                         net (fo=1, unplaced)         0.000    11.781    native_system/digital/burst/commanded_waveform[127]_INST_0_i_43_n_0
                                                                      r  native_system/digital/burst/commanded_waveform[127]_INST_0_i_37/CI
                         CARRY4 (Prop_carry4_CI_CO[2])
                                                      0.252    12.033 r  native_system/digital/burst/commanded_waveform[127]_INST_0_i_37/CO[2]
                         net (fo=8, unplaced)         0.490    12.523    native_system/digital/burst/commanded_waveform[127]_INST_0_i_37_n_1
                                                                      r  native_system/digital/burst/commanded_waveform[127]_INST_0_i_34/I1
                         LUT6 (Prop_lut6_I1_O)        0.310    12.833 r  native_system/digital/burst/commanded_waveform[127]_INST_0_i_34/O
                         net (fo=1, unplaced)         0.000    12.833    native_system/digital/burst/commanded_waveform[127]_INST_0_i_34_n_0
                                                                      r  native_system/digital/burst/commanded_waveform[127]_INST_0_i_23/S[1]
                         CARRY4 (Prop_carry4_S[1]_CO[3])
                                                      0.533    13.366 r  native_system/digital/burst/commanded_waveform[127]_INST_0_i_23/CO[3]
                         net (fo=1, unplaced)         0.009    13.375    native_system/digital/burst/commanded_waveform[127]_INST_0_i_23_n_0
                                                                      r  native_system/digital/burst/commanded_waveform[127]_INST_0_i_17/CI
                         CARRY4 (Prop_carry4_CI_O[3])
                                                      0.331    13.706 f  native_system/digital/burst/commanded_waveform[127]_INST_0_i_17/O[3]
                         net (fo=1, unplaced)         0.618    14.324    native_system/digital/burst/phase[7]
                                                                      f  native_system/digital/burst/commanded_waveform[127]_INST_0_i_11/I0
                         LUT5 (Prop_lut5_I0_O)        0.307    14.631 r  native_system/digital/burst/commanded_waveform[127]_INST_0_i_11/O
                         net (fo=8, unplaced)         0.487    15.118    native_system/digital/scheduler/commanded_waveform3
                                                                      r  native_system/digital/scheduler/commanded_waveform[127]_INST_0_i_3/I4
                         LUT6 (Prop_lut6_I4_O)        0.124    15.242 r  native_system/digital/scheduler/commanded_waveform[127]_INST_0_i_3/O
                         net (fo=16, unplaced)        0.503    15.745    native_system/digital/bank/captured_reg[97]_0
                                                                      r  native_system/digital/bank/commanded_waveform[103]_INST_0/I3
                         LUT5 (Prop_lut5_I3_O)        0.124    15.869 r  native_system/digital/bank/commanded_waveform[103]_INST_0/O
                         net (fo=2, unplaced)         0.460    16.329    native_system/digital/serial/commanded_waveform[103]
                                                                      r  native_system/digital/serial/serial_data[25]_i_1/I0
                         LUT6 (Prop_lut6_I0_O)        0.124    16.453 r  native_system/digital/serial/serial_data[25]_i_1/O
                         net (fo=1, unplaced)         0.000    16.453    native_system/digital/serial/serial_data[25]_i_1_n_0
                         FDCE                                         r  native_system/digital/serial/serial_data_reg[25]/D
  -------------------------------------------------------------------    -------------------

                         (clock core132 rise edge)    7.576     7.576 r  
                                                      0.000     7.576 r  clk (IN)
                         net (fo=18006, unset)        0.924     8.500    native_system/digital/serial/clk
                         FDCE                                         r  native_system/digital/serial/serial_data_reg[25]/C
                         clock pessimism              0.000     8.500    
                         clock uncertainty           -0.035     8.465    
                         FDCE (Setup_fdce_C_D)        0.077     8.542    native_system/digital/serial/serial_data_reg[25]
  -------------------------------------------------------------------
                         required time                          8.542    
                         arrival time                         -16.453    
  -------------------------------------------------------------------
                         slack                                 -7.911    

Slack (VIOLATED) :        -7.911ns  (required time - arrival time)
  Source:                 native_system/digital/burst/accumulator_reg[11]/C
                            (rising edge-triggered cell FDCE clocked by core132  {rise@0.000ns fall@3.788ns period=7.576ns})
  Destination:            native_system/digital/serial/serial_data_reg[26]/D
                            (rising edge-triggered cell FDCE clocked by core132  {rise@0.000ns fall@3.788ns period=7.576ns})
  Path Group:             core132
  Path Type:              Setup (Max at Slow Process Corner)
  Requirement:            7.576ns  (core132 rise@7.576ns - core132 rise@0.000ns)
  Data Path Delay:        15.480ns  (logic 7.368ns (47.597%)  route 8.112ns (52.403%))
  Logic Levels:           24  (CARRY4=13 LUT2=1 LUT3=3 LUT5=3 LUT6=4)
  Clock Path Skew:        -0.049ns (DCD - SCD + CPR)
    Destination Clock Delay (DCD):    0.924ns = ( 8.500 - 7.576 ) 
    Source Clock Delay      (SCD):    0.973ns
    Clock Pessimism Removal (CPR):    0.000ns
  Clock Uncertainty:      0.035ns  ((TSJ^2 + TIJ^2)^1/2 + DJ) / 2 + PE
    Total System Jitter     (TSJ):    0.071ns
    Total Input Jitter      (TIJ):    0.000ns
    Discrete Jitter          (DJ):    0.000ns
    Phase Error              (PE):    0.000ns

    Location             Delay type                Incr(ns)  Path(ns)    Netlist Resource(s)
  -------------------------------------------------------------------    -------------------
                         (clock core132 rise edge)    0.000     0.000 r  
                                                      0.000     0.000 r  clk (IN)
                         net (fo=18006, unset)        0.973     0.973    native_system/digital/burst/clk
                         FDCE                                         r  native_system/digital/burst/accumulator_reg[11]/C
  -------------------------------------------------------------------    -------------------
                         FDCE (Prop_fdce_C_Q)         0.518     1.491 r  native_system/digital/burst/accumulator_reg[11]/Q
                         net (fo=16, unplaced)        0.795     2.286    native_system/digital/burst/scaled[19]
                                                                      r  native_system/digital/burst/commanded_waveform[127]_INST_0_i_329/I0
                         LUT3 (Prop_lut3_I0_O)        0.319     2.605 r  native_system/digital/burst/commanded_waveform[127]_INST_0_i_329/O
                         net (fo=3, unplaced)         0.467     3.072    native_system/digital/burst/commanded_waveform[127]_INST_0_i_329_n_0
                                                                      r  native_system/digital/burst/commanded_waveform[127]_INST_0_i_267/I4
                         LUT5 (Prop_lut5_I4_O)        0.124     3.196 r  native_system/digital/burst/commanded_waveform[127]_INST_0_i_267/O
                         net (fo=2, unplaced)         0.650     3.846    native_system/digital/burst/commanded_waveform[127]_INST_0_i_267_n_0
                                                                      r  native_system/digital/burst/commanded_waveform[127]_INST_0_i_207/DI[1]
                         CARRY4 (Prop_carry4_DI[1]_CO[3])
                                                      0.520     4.366 r  native_system/digital/burst/commanded_waveform[127]_INST_0_i_207/CO[3]
                         net (fo=1, unplaced)         0.000     4.366    native_system/digital/burst/commanded_waveform[127]_INST_0_i_207_n_0
                                                                      r  native_system/digital/burst/commanded_waveform[127]_INST_0_i_153/CI
                         CARRY4 (Prop_carry4_CI_CO[3])
                                                      0.117     4.483 r  native_system/digital/burst/commanded_waveform[127]_INST_0_i_153/CO[3]
                         net (fo=1, unplaced)         0.000     4.483    native_system/digital/burst/commanded_waveform[127]_INST_0_i_153_n_0
                                                                      r  native_system/digital/burst/commanded_waveform[127]_INST_0_i_101/CI
                         CARRY4 (Prop_carry4_CI_CO[3])
                                                      0.117     4.600 r  native_system/digital/burst/commanded_waveform[127]_INST_0_i_101/CO[3]
                         net (fo=1, unplaced)         0.000     4.600    native_system/digital/burst/commanded_waveform[127]_INST_0_i_101_n_0
                                                                      r  native_system/digital/burst/commanded_waveform[127]_INST_0_i_66/CI
                         CARRY4 (Prop_carry4_CI_CO[3])
                                                      0.117     4.717 r  native_system/digital/burst/commanded_waveform[127]_INST_0_i_66/CO[3]
                         net (fo=1, unplaced)         0.000     4.717    native_system/digital/burst/commanded_waveform[127]_INST_0_i_66_n_0
                                                                      r  native_system/digital/burst/commanded_waveform[127]_INST_0_i_42/CI
                         CARRY4 (Prop_carry4_CI_O[2])
                                                      0.256     4.973 r  native_system/digital/burst/commanded_waveform[127]_INST_0_i_42/O[2]
                         net (fo=28, unplaced)        0.973     5.946    native_system/digital/burst/commanded_waveform[127]_INST_0_i_42_n_5
                                                                      r  native_system/digital/burst/commanded_waveform[127]_INST_0_i_300/I0
                         LUT3 (Prop_lut3_I0_O)        0.301     6.247 r  native_system/digital/burst/commanded_waveform[127]_INST_0_i_300/O
                         net (fo=1, unplaced)         0.473     6.720    native_system/digital/burst/commanded_waveform[127]_INST_0_i_300_n_0
                                                                      r  native_system/digital/burst/commanded_waveform[127]_INST_0_i_241/DI[3]
                         CARRY4 (Prop_carry4_DI[3]_CO[3])
                                                      0.396     7.116 r  native_system/digital/burst/commanded_waveform[127]_INST_0_i_241/CO[3]
                         net (fo=1, unplaced)         0.009     7.125    native_system/digital/burst/commanded_waveform[127]_INST_0_i_241_n_0
                                                                      r  native_system/digital/burst/commanded_waveform[127]_INST_0_i_185/CI
                         CARRY4 (Prop_carry4_CI_O[1])
                                                      0.337     7.462 r  native_system/digital/burst/commanded_waveform[127]_INST_0_i_185/O[1]
                         net (fo=3, unplaced)         0.629     8.091    native_system/digital/burst/commanded_waveform[127]_INST_0_i_185_n_6
                                                                      r  native_system/digital/burst/commanded_waveform[127]_INST_0_i_240/I2
                         LUT3 (Prop_lut3_I2_O)        0.306     8.397 r  native_system/digital/burst/commanded_waveform[127]_INST_0_i_240/O
                         net (fo=2, unplaced)         0.913     9.310    native_system/digital/burst/commanded_waveform[127]_INST_0_i_240_n_0
                                                                      r  native_system/digital/burst/commanded_waveform[127]_INST_0_i_182/I1
                         LUT6 (Prop_lut6_I1_O)        0.124     9.434 r  native_system/digital/burst/commanded_waveform[127]_INST_0_i_182/O
                         net (fo=1, unplaced)         0.000     9.434    native_system/digital/burst/commanded_waveform[127]_INST_0_i_182_n_0
                                                                      r  native_system/digital/burst/commanded_waveform[127]_INST_0_i_124/S[1]
                         CARRY4 (Prop_carry4_S[1]_CO[3])
                                                      0.533     9.967 r  native_system/digital/burst/commanded_waveform[127]_INST_0_i_124/CO[3]
                         net (fo=1, unplaced)         0.000     9.967    native_system/digital/burst/commanded_waveform[127]_INST_0_i_124_n_0
                                                                      r  native_system/digital/burst/commanded_waveform[127]_INST_0_i_84/CI
                         CARRY4 (Prop_carry4_CI_O[3])
                                                      0.331    10.298 r  native_system/digital/burst/commanded_waveform[127]_INST_0_i_84/O[3]
                         net (fo=3, unplaced)         0.636    10.934    native_system/digital/burst/commanded_waveform[127]_INST_0_i_84_n_4
                                                                      r  native_system/digital/burst/commanded_waveform[127]_INST_0_i_78/I0
                         LUT2 (Prop_lut2_I0_O)        0.300    11.234 r  native_system/digital/burst/commanded_waveform[127]_INST_0_i_78/O
                         net (fo=1, unplaced)         0.000    11.234    native_system/digital/burst/commanded_waveform[127]_INST_0_i_78_n_0
                                                                      r  native_system/digital/burst/commanded_waveform[127]_INST_0_i_43/DI[1]
                         CARRY4 (Prop_carry4_DI[1]_CO[3])
                                                      0.547    11.781 r  native_system/digital/burst/commanded_waveform[127]_INST_0_i_43/CO[3]
                         net (fo=1, unplaced)         0.000    11.781    native_system/digital/burst/commanded_waveform[127]_INST_0_i_43_n_0
                                                                      r  native_system/digital/burst/commanded_waveform[127]_INST_0_i_37/CI
                         CARRY4 (Prop_carry4_CI_CO[2])
                                                      0.252    12.033 r  native_system/digital/burst/commanded_waveform[127]_INST_0_i_37/CO[2]
                         net (fo=8, unplaced)         0.490    12.523    native_system/digital/burst/commanded_waveform[127]_INST_0_i_37_n_1
                                                                      r  native_system/digital/burst/commanded_waveform[127]_INST_0_i_34/I1
                         LUT6 (Prop_lut6_I1_O)        0.310    12.833 r  native_system/digital/burst/commanded_waveform[127]_INST_0_i_34/O
                         net (fo=1, unplaced)         0.000    12.833    native_system/digital/burst/commanded_waveform[127]_INST_0_i_34_n_0
                                                                      r  native_system/digital/burst/commanded_waveform[127]_INST_0_i_23/S[1]
                         CARRY4 (Prop_carry4_S[1]_CO[3])
                                                      0.533    13.366 r  native_system/digital/burst/commanded_waveform[127]_INST_0_i_23/CO[3]
                         net (fo=1, unplaced)         0.009    13.375    native_system/digital/burst/commanded_waveform[127]_INST_0_i_23_n_0
                                                                      r  native_system/digital/burst/commanded_waveform[127]_INST_0_i_17/CI
                         CARRY4 (Prop_carry4_CI_O[3])
                                                      0.331    13.706 f  native_system/digital/burst/commanded_waveform[127]_INST_0_i_17/O[3]
                         net (fo=1, unplaced)         0.618    14.324    native_system/digital/burst/phase[7]
                                                                      f  native_system/digital/burst/commanded_waveform[127]_INST_0_i_11/I0
                         LUT5 (Prop_lut5_I0_O)        0.307    14.631 r  native_system/digital/burst/commanded_waveform[127]_INST_0_i_11/O
                         net (fo=8, unplaced)         0.487    15.118    native_system/digital/scheduler/commanded_waveform3
                                                                      r  native_system/digital/scheduler/commanded_waveform[127]_INST_0_i_3/I4
                         LUT6 (Prop_lut6_I4_O)        0.124    15.242 r  native_system/digital/scheduler/commanded_waveform[127]_INST_0_i_3/O
                         net (fo=16, unplaced)        0.503    15.745    native_system/digital/bank/captured_reg[97]_0
                                                                      r  native_system/digital/bank/commanded_waveform[107]_INST_0/I3
                         LUT5 (Prop_lut5_I3_O)        0.124    15.869 r  native_system/digital/bank/commanded_waveform[107]_INST_0/O
                         net (fo=2, unplaced)         0.460    16.329    native_system/digital/serial/commanded_waveform[107]
                                                                      r  native_system/digital/serial/serial_data[26]_i_1/I0
                         LUT6 (Prop_lut6_I0_O)        0.124    16.453 r  native_system/digital/serial/serial_data[26]_i_1/O
                         net (fo=1, unplaced)         0.000    16.453    native_system/digital/serial/serial_data[26]_i_1_n_0
                         FDCE                                         r  native_system/digital/serial/serial_data_reg[26]/D
  -------------------------------------------------------------------    -------------------

                         (clock core132 rise edge)    7.576     7.576 r  
                                                      0.000     7.576 r  clk (IN)
                         net (fo=18006, unset)        0.924     8.500    native_system/digital/serial/clk
                         FDCE                                         r  native_system/digital/serial/serial_data_reg[26]/C
                         clock pessimism              0.000     8.500    
                         clock uncertainty           -0.035     8.465    
                         FDCE (Setup_fdce_C_D)        0.077     8.542    native_system/digital/serial/serial_data_reg[26]
  -------------------------------------------------------------------
                         required time                          8.542    
                         arrival time                         -16.453    
  -------------------------------------------------------------------
                         slack                                 -7.911    

Slack (VIOLATED) :        -7.911ns  (required time - arrival time)
  Source:                 native_system/digital/burst/accumulator_reg[11]/C
                            (rising edge-triggered cell FDCE clocked by core132  {rise@0.000ns fall@3.788ns period=7.576ns})
  Destination:            native_system/digital/serial/serial_data_reg[27]/D
                            (rising edge-triggered cell FDCE clocked by core132  {rise@0.000ns fall@3.788ns period=7.576ns})
  Path Group:             core132
  Path Type:              Setup (Max at Slow Process Corner)
  Requirement:            7.576ns  (core132 rise@7.576ns - core132 rise@0.000ns)
  Data Path Delay:        15.480ns  (logic 7.368ns (47.597%)  route 8.112ns (52.403%))
  Logic Levels:           24  (CARRY4=13 LUT2=1 LUT3=3 LUT5=3 LUT6=4)
  Clock Path Skew:        -0.049ns (DCD - SCD + CPR)
    Destination Clock Delay (DCD):    0.924ns = ( 8.500 - 7.576 ) 
    Source Clock Delay      (SCD):    0.973ns
    Clock Pessimism Removal (CPR):    0.000ns
  Clock Uncertainty:      0.035ns  ((TSJ^2 + TIJ^2)^1/2 + DJ) / 2 + PE
    Total System Jitter     (TSJ):    0.071ns
    Total Input Jitter      (TIJ):    0.000ns
    Discrete Jitter          (DJ):    0.000ns
    Phase Error              (PE):    0.000ns

    Location             Delay type                Incr(ns)  Path(ns)    Netlist Resource(s)
  -------------------------------------------------------------------    -------------------
                         (clock core132 rise edge)    0.000     0.000 r  
                                                      0.000     0.000 r  clk (IN)
                         net (fo=18006, unset)        0.973     0.973    native_system/digital/burst/clk
                         FDCE                                         r  native_system/digital/burst/accumulator_reg[11]/C
  -------------------------------------------------------------------    -------------------
                         FDCE (Prop_fdce_C_Q)         0.518     1.491 r  native_system/digital/burst/accumulator_reg[11]/Q
                         net (fo=16, unplaced)        0.795     2.286    native_system/digital/burst/scaled[19]
                                                                      r  native_system/digital/burst/commanded_waveform[127]_INST_0_i_329/I0
                         LUT3 (Prop_lut3_I0_O)        0.319     2.605 r  native_system/digital/burst/commanded_waveform[127]_INST_0_i_329/O
                         net (fo=3, unplaced)         0.467     3.072    native_system/digital/burst/commanded_waveform[127]_INST_0_i_329_n_0
                                                                      r  native_system/digital/burst/commanded_waveform[127]_INST_0_i_267/I4
                         LUT5 (Prop_lut5_I4_O)        0.124     3.196 r  native_system/digital/burst/commanded_waveform[127]_INST_0_i_267/O
                         net (fo=2, unplaced)         0.650     3.846    native_system/digital/burst/commanded_waveform[127]_INST_0_i_267_n_0
                                                                      r  native_system/digital/burst/commanded_waveform[127]_INST_0_i_207/DI[1]
                         CARRY4 (Prop_carry4_DI[1]_CO[3])
                                                      0.520     4.366 r  native_system/digital/burst/commanded_waveform[127]_INST_0_i_207/CO[3]
                         net (fo=1, unplaced)         0.000     4.366    native_system/digital/burst/commanded_waveform[127]_INST_0_i_207_n_0
                                                                      r  native_system/digital/burst/commanded_waveform[127]_INST_0_i_153/CI
                         CARRY4 (Prop_carry4_CI_CO[3])
                                                      0.117     4.483 r  native_system/digital/burst/commanded_waveform[127]_INST_0_i_153/CO[3]
                         net (fo=1, unplaced)         0.000     4.483    native_system/digital/burst/commanded_waveform[127]_INST_0_i_153_n_0
                                                                      r  native_system/digital/burst/commanded_waveform[127]_INST_0_i_101/CI
                         CARRY4 (Prop_carry4_CI_CO[3])
                                                      0.117     4.600 r  native_system/digital/burst/commanded_waveform[127]_INST_0_i_101/CO[3]
                         net (fo=1, unplaced)         0.000     4.600    native_system/digital/burst/commanded_waveform[127]_INST_0_i_101_n_0
                                                                      r  native_system/digital/burst/commanded_waveform[127]_INST_0_i_66/CI
                         CARRY4 (Prop_carry4_CI_CO[3])
                                                      0.117     4.717 r  native_system/digital/burst/commanded_waveform[127]_INST_0_i_66/CO[3]
                         net (fo=1, unplaced)         0.000     4.717    native_system/digital/burst/commanded_waveform[127]_INST_0_i_66_n_0
                                                                      r  native_system/digital/burst/commanded_waveform[127]_INST_0_i_42/CI
                         CARRY4 (Prop_carry4_CI_O[2])
                                                      0.256     4.973 r  native_system/digital/burst/commanded_waveform[127]_INST_0_i_42/O[2]
                         net (fo=28, unplaced)        0.973     5.946    native_system/digital/burst/commanded_waveform[127]_INST_0_i_42_n_5
                                                                      r  native_system/digital/burst/commanded_waveform[127]_INST_0_i_300/I0
                         LUT3 (Prop_lut3_I0_O)        0.301     6.247 r  native_system/digital/burst/commanded_waveform[127]_INST_0_i_300/O
                         net (fo=1, unplaced)         0.473     6.720    native_system/digital/burst/commanded_waveform[127]_INST_0_i_300_n_0
                                                                      r  native_system/digital/burst/commanded_waveform[127]_INST_0_i_241/DI[3]
                         CARRY4 (Prop_carry4_DI[3]_CO[3])
                                                      0.396     7.116 r  native_system/digital/burst/commanded_waveform[127]_INST_0_i_241/CO[3]
                         net (fo=1, unplaced)         0.009     7.125    native_system/digital/burst/commanded_waveform[127]_INST_0_i_241_n_0
                                                                      r  native_system/digital/burst/commanded_waveform[127]_INST_0_i_185/CI
                         CARRY4 (Prop_carry4_CI_O[1])
                                                      0.337     7.462 r  native_system/digital/burst/commanded_waveform[127]_INST_0_i_185/O[1]
                         net (fo=3, unplaced)         0.629     8.091    native_system/digital/burst/commanded_waveform[127]_INST_0_i_185_n_6
                                                                      r  native_system/digital/burst/commanded_waveform[127]_INST_0_i_240/I2
                         LUT3 (Prop_lut3_I2_O)        0.306     8.397 r  native_system/digital/burst/commanded_waveform[127]_INST_0_i_240/O
                         net (fo=2, unplaced)         0.913     9.310    native_system/digital/burst/commanded_waveform[127]_INST_0_i_240_n_0
                                                                      r  native_system/digital/burst/commanded_waveform[127]_INST_0_i_182/I1
                         LUT6 (Prop_lut6_I1_O)        0.124     9.434 r  native_system/digital/burst/commanded_waveform[127]_INST_0_i_182/O
                         net (fo=1, unplaced)         0.000     9.434    native_system/digital/burst/commanded_waveform[127]_INST_0_i_182_n_0
                                                                      r  native_system/digital/burst/commanded_waveform[127]_INST_0_i_124/S[1]
                         CARRY4 (Prop_carry4_S[1]_CO[3])
                                                      0.533     9.967 r  native_system/digital/burst/commanded_waveform[127]_INST_0_i_124/CO[3]
                         net (fo=1, unplaced)         0.000     9.967    native_system/digital/burst/commanded_waveform[127]_INST_0_i_124_n_0
                                                                      r  native_system/digital/burst/commanded_waveform[127]_INST_0_i_84/CI
                         CARRY4 (Prop_carry4_CI_O[3])
                                                      0.331    10.298 r  native_system/digital/burst/commanded_waveform[127]_INST_0_i_84/O[3]
                         net (fo=3, unplaced)         0.636    10.934    native_system/digital/burst/commanded_waveform[127]_INST_0_i_84_n_4
                                                                      r  native_system/digital/burst/commanded_waveform[127]_INST_0_i_78/I0
                         LUT2 (Prop_lut2_I0_O)        0.300    11.234 r  native_system/digital/burst/commanded_waveform[127]_INST_0_i_78/O
                         net (fo=1, unplaced)         0.000    11.234    native_system/digital/burst/commanded_waveform[127]_INST_0_i_78_n_0
                                                                      r  native_system/digital/burst/commanded_waveform[127]_INST_0_i_43/DI[1]
                         CARRY4 (Prop_carry4_DI[1]_CO[3])
                                                      0.547    11.781 r  native_system/digital/burst/commanded_waveform[127]_INST_0_i_43/CO[3]
                         net (fo=1, unplaced)         0.000    11.781    native_system/digital/burst/commanded_waveform[127]_INST_0_i_43_n_0
                                                                      r  native_system/digital/burst/commanded_waveform[127]_INST_0_i_37/CI
                         CARRY4 (Prop_carry4_CI_CO[2])
                                                      0.252    12.033 r  native_system/digital/burst/commanded_waveform[127]_INST_0_i_37/CO[2]
                         net (fo=8, unplaced)         0.490    12.523    native_system/digital/burst/commanded_waveform[127]_INST_0_i_37_n_1
                                                                      r  native_system/digital/burst/commanded_waveform[127]_INST_0_i_34/I1
                         LUT6 (Prop_lut6_I1_O)        0.310    12.833 r  native_system/digital/burst/commanded_waveform[127]_INST_0_i_34/O
                         net (fo=1, unplaced)         0.000    12.833    native_system/digital/burst/commanded_waveform[127]_INST_0_i_34_n_0
                                                                      r  native_system/digital/burst/commanded_waveform[127]_INST_0_i_23/S[1]
                         CARRY4 (Prop_carry4_S[1]_CO[3])
                                                      0.533    13.366 r  native_system/digital/burst/commanded_waveform[127]_INST_0_i_23/CO[3]
                         net (fo=1, unplaced)         0.009    13.375    native_system/digital/burst/commanded_waveform[127]_INST_0_i_23_n_0
                                                                      r  native_system/digital/burst/commanded_waveform[127]_INST_0_i_17/CI
                         CARRY4 (Prop_carry4_CI_O[3])
                                                      0.331    13.706 f  native_system/digital/burst/commanded_waveform[127]_INST_0_i_17/O[3]
                         net (fo=1, unplaced)         0.618    14.324    native_system/digital/burst/phase[7]
                                                                      f  native_system/digital/burst/commanded_waveform[127]_INST_0_i_11/I0
                         LUT5 (Prop_lut5_I0_O)        0.307    14.631 r  native_system/digital/burst/commanded_waveform[127]_INST_0_i_11/O
                         net (fo=8, unplaced)         0.487    15.118    native_system/digital/scheduler/commanded_waveform3
                                                                      r  native_system/digital/scheduler/commanded_waveform[127]_INST_0_i_3/I4
                         LUT6 (Prop_lut6_I4_O)        0.124    15.242 r  native_system/digital/scheduler/commanded_waveform[127]_INST_0_i_3/O
                         net (fo=16, unplaced)        0.503    15.745    native_system/digital/bank/captured_reg[97]_0
                                                                      r  native_system/digital/bank/commanded_waveform[111]_INST_0/I3
                         LUT5 (Prop_lut5_I3_O)        0.124    15.869 r  native_system/digital/bank/commanded_waveform[111]_INST_0/O
                         net (fo=2, unplaced)         0.460    16.329    native_system/digital/serial/commanded_waveform[111]
                                                                      r  native_system/digital/serial/serial_data[27]_i_1/I0
                         LUT6 (Prop_lut6_I0_O)        0.124    16.453 r  native_system/digital/serial/serial_data[27]_i_1/O
                         net (fo=1, unplaced)         0.000    16.453    native_system/digital/serial/serial_data[27]_i_1_n_0
                         FDCE                                         r  native_system/digital/serial/serial_data_reg[27]/D
  -------------------------------------------------------------------    -------------------

                         (clock core132 rise edge)    7.576     7.576 r  
                                                      0.000     7.576 r  clk (IN)
                         net (fo=18006, unset)        0.924     8.500    native_system/digital/serial/clk
                         FDCE                                         r  native_system/digital/serial/serial_data_reg[27]/C
                         clock pessimism              0.000     8.500    
                         clock uncertainty           -0.035     8.465    
                         FDCE (Setup_fdce_C_D)        0.077     8.542    native_system/digital/serial/serial_data_reg[27]
  -------------------------------------------------------------------
                         required time                          8.542    
                         arrival time                         -16.453    
  -------------------------------------------------------------------
                         slack                                 -7.911    




